AmbulanceR,BikeAge,BikeAlcFlg,BikeDir,BikeInjury,BikeSex,City,County,CrashAlcoh,CrashDay,CrashGrp,CrashHour,CrashMonth,CrashType,CrashYear,DrvrAge,DrvrAlcFlg,DrvrInjury,DrvrSex,DrvrVehTyp,HitRun,Latitude,Longitude,RdConditio,SpeedLimit,TraffCntrl,Weather,Workzone,DrvrAgeImputedFlag,BikeAgeImputedFlag,MonthCode
No,18.0,No,With Traffic,O: No Injury,Male,Beaufort,Carteret,No,Monday,Crossing Paths - Other Circumstances,23.0,June,Crossing Paths - Intersection - Other / Unknown,2007,18.0,No,O: No Injury,Female,Sport Utility,No,34.717194,-76.662544,Dry,20 - 25  MPH,No Control Present,Clear,No,0,0,6
Yes,7.0,No,Not Applicable,B: Suspected Minor Injury,Male,Wilmington,New Hanover,No,Saturday,Bicyclist Failed to Yield - Midblock,16.0,March,Bicyclist Ride Out - Residential Driveway,2007,66.0,No,O: No Injury,Male,Pickup,No,34.227226,-77.9357,Dry,20 - 25  MPH,No Control Present,Clear,No,0,0,3
Yes,38.0,No,Unknown,A: Suspected Serious Injury,Male,Charlotte,Mecklenburg,No,Saturday,Non-Roadway,19.0,March,Non-Roadway,2007,42.03850604944766,Missing,Unknown Injury,Unknown,Passenger Car,Yes,35.245174,-80.75186,Dry,5 - 15 MPH,No Control Present,Clear,No,1,0,3
Yes,13.0,No,Facing Traffic,B: Suspected Minor Injury,Female,Fayetteville,Cumberland,No,Sunday,Bicyclist Failed to Yield - Sign-Controlled Intersection,16.0,April,Bicyclist Ride Through - Sign-Controlled Intersection,2007,69.0,No,O: No Injury,Male,Passenger Car,No,35.099197,-78.89891,Dry,30 - 35  MPH,Stop Sign,Clear,No,0,0,4
Yes,51.0,No,With Traffic,C: Possible Injury,Male,Laurinburg,Scotland,No,Sunday,Bicyclist Right Turn / Merge,13.0,April,Bicyclist Right Turn - Same Direction,2007,57.0,No,O: No Injury,Female,Van,No,34.775394,-79.45074,Dry,30 - 35  MPH,No Control Present,Clear,No,0,0,4
No,17.0,No,Facing Traffic,B: Suspected Minor Injury,Male,Clemmons,Forsyth,No,Monday,Crossing Paths - Other Circumstances,18.0,April,Sign-Controlled Intersection - Other / Unknown,2007,39.0,No,O: No Injury,Female,Passenger Car,No,36.03066,-80.38181,Dry,30 - 35  MPH,Stop Sign,Clear,No,0,0,4
Yes,15.0,No,Unknown,B: Suspected Minor Injury,Male,Winston-Salem,Forsyth,No,Monday,Bicyclist Failed to Yield - Sign-Controlled Intersection,17.0,April,Bicyclist Ride Through - Sign-Controlled Intersection,2007,45.0,No,O: No Injury,Female,Sport Utility,No,36.105316,-80.2045,Dry,30 - 35  MPH,No Control Present,Clear,No,0,0,4
No,51.0,Yes,Facing Traffic,C: Possible Injury,Male,Jacksonville,Onslow,Yes,Monday,Motorist Failed to Yield - Sign-Controlled Intersection,14.0,April,Motorist Drive Out - Sign-Controlled Intersection,2007,22.0,No,O: No Injury,Female,Pickup,No,34.780098,-77.42579,Dry,30 - 35  MPH,Stop Sign,Cloudy,No,0,0,4
Yes,51.0,No,With Traffic,B: Suspected Minor Injury,Male,Charlotte,Mecklenburg,No,Monday,Motorist Overtaking Bicyclist,8.0,June,Motorist Overtaking - Misjudged Space,2007,55.0,No,O: No Injury,Male,Pickup,No,35.21595,-80.8223,Dry,30 - 35  MPH,No Control Present,Clear,No,0,0,6
No,6.0,No,Facing Traffic,O: No Injury,Male,Charlotte,Mecklenburg,No,Tuesday,Motorist Failed to Yield - Midblock,15.0,April,Motorist Drive Out - Commercial Driveway / Alley,2007,61.0,No,O: No Injury,Female,Passenger Car,No,35.202824,-80.73739,Dry,5 - 15 MPH,No Control Present,Clear,No,0,0,4
Yes,33.0,No,With Traffic,A: Suspected Serious Injury,Male,None - Rural Crash,Hoke,No,Tuesday,Loss of Control / Turning Error,16.0,April,Motorist Turning Error - Left Turn,2007,31.0,No,O: No Injury,Male,Pickup,No,35.016075,-79.13635,Dry,50 - 55  MPH,Stop Sign,Clear,No,0,0,4
Yes,7.0,No,Unknown,C: Possible Injury,Male,None - Rural Crash,Halifax,No,Wednesday,Backing Vehicle,17.0,April,Backing Vehicle,2007,22.0,No,O: No Injury,Male,Van,No,36.461853,-77.68796,Dry,Unknown,No Control Present,Clear,No,0,0,4
No,7.0,No,Not Applicable,B: Suspected Minor Injury,Female,None - Rural Crash,Randolph,No,Wednesday,Bicyclist Failed to Yield - Midblock,18.0,April,Bicyclist Ride Out - Residential Driveway,2007,17.0,No,O: No Injury,Male,Sport Utility,No,35.803448,-79.89168,Dry,30 - 35  MPH,"Double Yellow Line, No Passing Zone",Clear,No,0,0,4
Yes,16.0,No,Not Applicable,C: Possible Injury,Male,Ellerbe,Richmond,No,Wednesday,Bicyclist Failed to Yield - Midblock,15.0,April,Bicyclist Ride Out - Midblock - Unknown,2007,59.0,No,O: No Injury,Male,Pickup,No,35.06984,-79.76114,Dry,20 - 25  MPH,No Control Present,Clear,No,0,0,4
Yes,11.0,No,With Traffic,A: Suspected Serious Injury,Male,East Spencer,Rowan,No,Wednesday,Bicyclist Failed to Yield - Sign-Controlled Intersection,10.0,April,Bicyclist Ride Out - Sign-Controlled Intersection,2007,24.0,No,O: No Injury,Female,Passenger Car,No,35.68668,-80.42781,Dry,30 - 35  MPH,Stop Sign,Clear,No,0,0,4
No,32.52649525389365,No,Unknown,Unknown Injury,Male,Eden,Rockingham,No,Thursday,Motorist Overtaking Bicyclist,15.0,May,Motorist Overtaking - Bicyclist Swerved,2007,55.0,No,O: No Injury,Female,Passenger Car,No,36.490364,-79.780426,Dry,20 - 25  MPH,No Control Present,Clear,No,0,1,5
Yes,7.0,No,Not Applicable,C: Possible Injury,Male,Winston-Salem,Forsyth,No,Wednesday,Bicyclist Failed to Yield - Midblock,18.0,April,Bicyclist Ride Out - Other Midblock,2007,30.0,No,O: No Injury,Female,Passenger Car,No,36.122974,-80.22263,Dry,20 - 25  MPH,No Control Present,Clear,No,0,0,4
Yes,12.0,No,Not Applicable,B: Suspected Minor Injury,Male,Fayetteville,Cumberland,No,Thursday,Bicyclist Failed to Yield - Midblock,17.0,April,Bicyclist Ride Out - Midblock - Unknown,2007,44.0,No,O: No Injury,Female,Passenger Car,No,35.059727,-78.95915,Dry,40 - 45  MPH,No Control Present,Clear,No,0,0,4
Yes,12.0,No,Unknown,Unknown Injury,Unknown,Morehead City,Carteret,No,Friday,Other / Unknown - Insufficient Details,18.0,April,Unknown Approach Paths,2007,39.0,No,O: No Injury,Female,Passenger Car,No,34.73611,-76.73064,Dry,30 - 35  MPH,No Control Present,Clear,No,0,0,4
Yes,36.0,No,With Traffic,B: Suspected Minor Injury,Male,Wilson,Wilson,No,Friday,Motorist Failed to Yield - Sign-Controlled Intersection,16.0,April,Motorist Drive Out - Sign-Controlled Intersection,2007,52.0,No,O: No Injury,Male,Passenger Car,No,35.72779,-77.922745,Dry,30 - 35  MPH,Stop Sign,Clear,No,0,0,4
Yes,41.0,No,With Traffic,Unknown Injury,Male,Fayetteville,Cumberland,No,Thursday,Motorist Right Turn / Merge,17.0,June,Motorist Right Turn - Same Direction,2007,23.0,No,O: No Injury,Female,Passenger Car,No,35.05358,-78.8876,Dry,30 - 35  MPH,Stop And Go Signal,Clear,No,0,0,6
No,40.0,No,Unknown,O: No Injury,Male,None - Rural Crash,Mecklenburg,No,Saturday,Other / Unknown - Insufficient Details,16.0,April,Unknown Approach Paths,2007,19.0,No,O: No Injury,Female,Passenger Car,No,35.197254,-80.6971,Dry,30 - 35  MPH,No Control Present,Clear,No,0,0,4
Yes,47.0,No,With Traffic,B: Suspected Minor Injury,Female,Charlotte,Mecklenburg,No,Friday,Motorist Right Turn / Merge,17.0,June,Motorist Right Turn - Same Direction,2007,58.0,No,O: No Injury,Female,Passenger Car,No,35.209656,-80.75703,Dry,30 - 35  MPH,Stop And Go Signal,Clear,No,0,0,6
Yes,21.0,No,Unknown,B: Suspected Minor Injury,Female,Charlotte,Mecklenburg,No,Friday,Motorist Failed to Yield - Midblock,13.0,June,Motorist Drive Out - Commercial Driveway / Alley,2007,53.0,No,O: No Injury,Male,Passenger Car,No,35.201366,-80.82501,Dry,5 - 15 MPH,No Control Present,Clear,No,0,0,6
No,30.0,No,Facing Traffic,C: Possible Injury,Male,Durham,Durham,No,Wednesday,Motorist Right Turn / Merge,10.0,June,Motorist Right Turn - Opposite Direction,2007,42.03850604944766,No,Unknown Injury,Unknown,Passenger Car,Yes,35.963886,-78.95944,Dry,30 - 35  MPH,Stop And Go Signal,Clear,No,1,0,6
No,13.0,No,With Traffic,C: Possible Injury,Male,Troutman,Iredell,No,Monday,Motorist Right Turn / Merge,17.0,April,Motorist Right Turn - Same Direction,2007,55.0,No,O: No Injury,Female,Passenger Car,No,35.701164,-80.8876,Dry,30 - 35  MPH,No Control Present,Clear,No,0,0,4
No,43.0,No,With Traffic,Unknown Injury,Male,Reidsville,Rockingham,No,Saturday,Motorist Failed to Yield - Signalized Intersection,12.0,March,Motorist Drive Through - Signalized Intersection,2007,38.0,No,Unknown Injury,Male,Passenger Car,No,36.32494,-79.68673,Dry,40 - 45  MPH,Stop And Go Signal,Clear,No,0,0,3
Yes,15.0,No,With Traffic,A: Suspected Serious Injury,Male,Charlotte,Mecklenburg,No,Monday,Bicyclist Failed to Yield - Signalized Intersection,14.0,April,Bicyclist Ride Out - Signalized  Intersection,2007,53.0,No,O: No Injury,Male,Pickup,No,35.341446,-80.76794,Dry,40 - 45  MPH,Stop And Go Signal,Clear,No,0,0,4
Yes,12.0,No,With Traffic,B: Suspected Minor Injury,Male,Kinston,Lenoir,No,Monday,Bicyclist Right Turn / Merge,20.0,July,Bicyclist Right Turn - Same Direction,2007,40.0,No,O: No Injury,Female,Passenger Car,No,35.26691,-77.6304,Dry,40 - 45  MPH,No Control Present,Clear,No,0,0,7
Yes,8.0,No,With Traffic,B: Suspected Minor Injury,Male,Raleigh,Wake,No,Tuesday,Bicyclist Left Turn / Merge,17.0,April,Bicyclist Left Turn - Opposite Direction,2007,41.0,No,O: No Injury,Female,Passenger Car,No,35.846447,-78.571465,Dry,30 - 35  MPH,Stop Sign,Clear,No,0,0,4
Yes,16.0,No,Facing Traffic,B: Suspected Minor Injury,Male,Charlotte,Mecklenburg,No,Tuesday,Motorist Failed to Yield - Sign-Controlled Intersection,13.0,July,Motorist Drive Out - Sign-Controlled Intersection,2007,29.0,No,O: No Injury,Female,Passenger Car,No,35.22908,-80.74451,Dry,30 - 35  MPH,Stop Sign,Clear,No,0,0,7
Yes,18.0,No,Not Applicable,B: Suspected Minor Injury,Female,Durham,Durham,No,Tuesday,Motorist Left Turn / Merge,22.0,July,Motorist Left Turn - Opposite Direction,2007,42.03850604944766,Missing,Unknown Injury,Unknown,Passenger Car,Yes,36.00735,-78.885544,Dry,30 - 35  MPH,Stop And Go Signal,Clear,No,1,0,7
No,39.0,No,Unknown,C: Possible Injury,Female,Burlington,Alamance,No,Thursday,Bicyclist Failed to Yield - Sign-Controlled Intersection,21.0,April,Bicyclist Ride Through - Sign-Controlled Intersection,2007,34.0,No,O: No Injury,Male,Pickup,No,36.090668,-79.425865,Dry,30 - 35  MPH,Stop Sign,Clear,No,0,0,4
Yes,35.0,No,Facing Traffic,C: Possible Injury,Female,Burlington,Alamance,No,Thursday,Motorist Failed to Yield - Sign-Controlled Intersection,13.0,April,Motorist Drive Out - Sign-Controlled Intersection,2007,32.0,No,O: No Injury,Female,Sport Utility,No,36.074574,-79.42785,Dry,40 - 45  MPH,Stop Sign,Clear,No,0,0,4
Yes,25.0,No,With Traffic,B: Suspected Minor Injury,Male,Benson,Johnston,No,Sunday,Bicyclist Failed to Yield - Sign-Controlled Intersection,9.0,July,Bicyclist Ride Through - Sign-Controlled Intersection,2007,52.0,No,O: No Injury,Female,Passenger Car,No,35.38292,-78.5506,Dry,30 - 35  MPH,Stop Sign,Clear,No,0,0,7
No,20.0,No,Not Applicable,C: Possible Injury,Female,Wilson,Wilson,No,Wednesday,Bicyclist Failed to Yield - Midblock,10.0,April,Bicyclist Ride Out - Midblock - Unknown,2007,60.0,No,O: No Injury,Male,Passenger Car,No,35.719685,-77.89336,Wet,40 - 45  MPH,No Control Present,Cloudy,No,0,0,4
Yes,46.0,No,With Traffic,K: Killed,Male,None - Rural Crash,Caldwell,No,Thursday,Motorist Overtaking Bicyclist,5.0,April,Motorist Overtaking - Undetected Bicyclist,2007,19.0,No,O: No Injury,Male,Sport Utility,No,35.810543,-81.43168,Wet,50 - 55  MPH,No Control Present,"Fog, Smog, Smoke",No,0,0,4
No,16.0,No,Facing Traffic,C: Possible Injury,Male,Durham,Durham,No,Thursday,Motorist Failed to Yield - Sign-Controlled Intersection,19.0,April,Motorist Drive Out - Sign-Controlled Intersection,2007,59.0,No,O: No Injury,Male,Passenger Car,No,36.022438,-78.91769,Dry,30 - 35  MPH,Stop Sign,Clear,No,0,0,4
No,11.0,No,Unknown,B: Suspected Minor Injury,Female,Emerald Isle,Carteret,No,Friday,Bicyclist Failed to Yield - Sign-Controlled Intersection,14.0,April,Bicyclist Ride Through - Sign-Controlled Intersection,2007,33.0,No,O: No Injury,Male,Van,No,34.672802,-76.977646,Dry,20 - 25  MPH,Stop Sign,Clear,No,0,0,4
Yes,16.0,No,Facing Traffic,C: Possible Injury,Male,Jacksonville,Onslow,No,Friday,Motorist Failed to Yield - Midblock,17.0,April,Motorist Drive Out - Commercial Driveway / Alley,2007,53.0,No,O: No Injury,Male,Van,No,34.77783,-77.414406,Dry,40 - 45  MPH,No Control Present,Clear,No,0,0,4
No,5.0,No,Unknown,B: Suspected Minor Injury,Male,Red Springs,Robeson,No,Friday,Non-Roadway,17.0,April,Non-Roadway,2007,23.0,No,O: No Injury,Female,Passenger Car,No,34.818573,-79.19088,Dry,5 - 15 MPH,No Control Present,Clear,No,0,0,4
Yes,14.0,No,With Traffic,B: Suspected Minor Injury,Male,Salisbury,Rowan,No,Friday,Bicyclist Failed to Yield - Sign-Controlled Intersection,17.0,July,Bicyclist Ride Through - Sign-Controlled Intersection,2007,58.0,No,O: No Injury,Female,Passenger Car,No,35.66668,-80.475426,Dry,20 - 25  MPH,Stop Sign,Clear,No,0,0,7
No,29.0,No,With Traffic,O: No Injury,Male,Carrboro,Orange,No,Tuesday,Motorist Right Turn / Merge,15.0,April,Motorist Right Turn - Same Direction,2007,22.0,No,O: No Injury,Male,Unknown,Yes,35.910706,-79.06949,Dry,20 - 25  MPH,No Control Present,Clear,No,0,0,4
No,34.0,Yes,Unknown,C: Possible Injury,Male,North Wilkesboro,Wilkes,Yes,Saturday,Bicyclist Failed to Yield - Midblock,21.0,April,Bicyclist Ride Out - Midblock - Unknown,2007,40.0,No,O: No Injury,Female,Passenger Car,No,36.159138,-81.154594,Wet,30 - 35  MPH,No Control Present,Rain,No,0,0,4
Yes,20.0,No,With Traffic,A: Suspected Serious Injury,Male,None - Rural Crash,Buncombe,Yes,Monday,Motorist Overtaking Bicyclist,22.0,April,Motorist Overtaking - Other / Unknown,2007,40.0,Yes,O: No Injury,Female,Passenger Car,No,35.59247,-82.43785,Dry,50 - 55  MPH,No Control Present,Clear,No,0,0,4
Yes,5.0,No,With Traffic,B: Suspected Minor Injury,Male,None - Rural Crash,Richmond,No,Monday,Backing Vehicle,15.0,April,Backing Vehicle,2007,41.0,No,O: No Injury,Male,Pickup,No,34.921207,-79.76829,Dry,30 - 35  MPH,No Control Present,Clear,No,0,0,4
No,8.0,No,Not Applicable,O: No Injury,Male,Raleigh,Wake,No,Tuesday,Bicyclist Failed to Yield - Midblock,18.0,April,Bicyclist Ride Out - Commercial Driveway / Alley,2007,29.0,No,O: No Injury,Female,Passenger Car,No,35.766575,-78.64119,Dry,20 - 25  MPH,No Control Present,Clear,No,0,0,4
Yes,10.0,No,Not Applicable,B: Suspected Minor Injury,Male,None - Rural Crash,Chatham,No,Tuesday,Bicyclist Failed to Yield - Midblock,17.0,April,Bicyclist Ride Out - Residential Driveway,2007,26.0,No,O: No Injury,Male,Passenger Car,No,35.856655,-79.08671,Dry,30 - 35  MPH,No Control Present,Clear,No,0,0,4
Yes,39.0,No,With Traffic,A: Suspected Serious Injury,Male,None - Rural Crash,Gaston,No,Tuesday,Motorist Overtaking Bicyclist,17.0,April,Motorist Overtaking - Undetected Bicyclist,2007,27.0,No,O: No Injury,Male,Pickup,No,35.292557,-81.23695,Dry,40 - 45  MPH,No Control Present,Clear,No,0,0,4
Yes,39.0,No,Facing Traffic,C: Possible Injury,Male,None - Rural Crash,New Hanover,No,Tuesday,Motorist Failed to Yield - Sign-Controlled Intersection,9.0,April,Motorist Drive Out - Sign-Controlled Intersection,2007,24.0,No,O: No Injury,Male,Passenger Car,No,34.162994,-77.89183,Dry,40 - 45  MPH,Stop Sign,Clear,No,0,0,4
No,37.0,No,With Traffic,C: Possible Injury,Female,None - Rural Crash,Pitt,No,Tuesday,Motorist Overtaking Bicyclist,7.0,April,Motorist Overtaking - Undetected Bicyclist,2007,29.0,No,O: No Injury,Female,Passenger Car,No,35.610477,-77.44189,Dry,50 - 55  MPH,No Control Present,Clear,No,0,0,4
Yes,9.0,No,Not Applicable,C: Possible Injury,Female,Raleigh,Wake,No,Tuesday,Bicyclist Failed to Yield - Midblock,16.0,April,Bicyclist Ride Out - Other Midblock,2007,52.0,No,O: No Injury,Male,Passenger Car,No,35.792843,-78.6126,Dry,30 - 35  MPH,No Control Present,Clear,No,0,0,4
Yes,41.0,No,With Traffic,B: Suspected Minor Injury,Male,Charlotte,Mecklenburg,No,Tuesday,Bicyclist Overtaking Motorist,17.0,April,Bicyclist Overtaking - Other / Unknown,2007,34.0,No,O: No Injury,Male,Passenger Car,No,35.188705,-80.830986,Dry,30 - 35  MPH,No Control Present,Clear,No,0,0,4
Yes,21.0,No,With Traffic,B: Suspected Minor Injury,Male,Charlotte,Mecklenburg,No,Wednesday,Motorist Right Turn / Merge,21.0,April,Motorist Right Turn - Same Direction,2007,40.0,No,O: No Injury,Female,Sport Utility,No,35.159485,-80.92077,Dry,40 - 45  MPH,Stop And Go Signal,Other,No,0,0,4
Yes,40.0,No,With Traffic,B: Suspected Minor Injury,Male,Durham,Durham,No,Thursday,Motorist Overtaking Bicyclist,15.0,July,Motorist Overtaking - Undetected Bicyclist,2007,53.0,No,O: No Injury,Female,Van,No,36.031948,-78.890785,Dry,30 - 35  MPH,No Control Present,Clear,No,0,0,7
Yes,11.0,No,Unknown,C: Possible Injury,Male,Spring Lake,Cumberland,No,Saturday,Non-Roadway,17.0,July,Non-Roadway,2007,41.0,No,O: No Injury,Male,Sport Utility,No,35.17296,-78.97104,Dry,20 - 25  MPH,No Control Present,Clear,No,0,0,7
Yes,20.0,No,With Traffic,C: Possible Injury,Male,Rocky Mount,Nash,No,Thursday,Crossing Paths - Other Circumstances,17.0,April,Crossing Paths - Intersection - Other / Unknown,2007,42.03850604944766,Missing,Unknown Injury,Unknown,Unknown,Yes,35.944916,-77.80094,Dry,30 - 35  MPH,No Control Present,Clear,No,1,0,4
Yes,35.0,No,With Traffic,B: Suspected Minor Injury,Male,Winston-Salem,Forsyth,No,Saturday,Motorist Right Turn / Merge,16.0,April,Motorist Right Turn - Same Direction,2007,37.0,No,O: No Injury,Female,Passenger Car,No,36.09359,-80.279144,Dry,40 - 45  MPH,No Control Present,Clear,No,0,0,4
Yes,21.0,No,With Traffic,B: Suspected Minor Injury,Male,Raleigh,Wake,No,Thursday,Motorist Left Turn / Merge,21.0,April,Motorist Left Turn - Opposite Direction,2007,20.0,No,O: No Injury,Male,Passenger Car,No,35.78869,-78.68437,Wet,20 - 25  MPH,No Control Present,Rain,No,0,0,4
Yes,7.0,No,Not Applicable,C: Possible Injury,Male,Charlotte,Mecklenburg,No,Friday,Loss of Control / Turning Error,19.0,April,Bicyclist Lost Control - Mechanical Problems,2007,41.0,No,O: No Injury,Female,Sport Utility,No,35.10358,-80.809204,Dry,30 - 35  MPH,No Control Present,Clear,No,0,0,4
No,32.52649525389365,Missing,Facing Traffic,Unknown Injury,Unknown,None - Rural Crash,Sampson,No,Saturday,Bicyclist Right Turn / Merge,17.0,April,Bicyclist Right Turn - Same Direction,2007,35.0,No,O: No Injury,Female,Passenger Car,No,35.030262,-78.483154,Dry,50 - 55  MPH,"Double Yellow Line, No Passing Zone",Clear,No,0,1,4
Yes,26.0,No,With Traffic,C: Possible Injury,Female,Charlotte,Mecklenburg,No,Wednesday,Motorist Overtaking Bicyclist,19.0,July,Motorist Overtaking - Other / Unknown,2007,42.03850604944766,Missing,Unknown Injury,Unknown,Unknown,Yes,35.123512,-80.78844,Dry,Unknown,No Control Present,Clear,No,1,0,7
Yes,6.0,No,With Traffic,B: Suspected Minor Injury,Male,Belmont,Gaston,No,Saturday,Bicyclist Failed to Yield - Sign-Controlled Intersection,13.0,April,Bicyclist Ride Through - Sign-Controlled Intersection,2007,35.0,No,O: No Injury,Male,Passenger Car,No,35.217793,-81.047104,Dry,30 - 35  MPH,Stop Sign,Clear,No,0,0,4
Yes,13.0,No,Facing Traffic,B: Suspected Minor Injury,Male,Granite Falls,Caldwell,No,Sunday,Bicyclist Failed to Yield - Sign-Controlled Intersection,17.0,April,Bicyclist Ride Through - Sign-Controlled Intersection,2007,27.0,No,O: No Injury,Male,Passenger Car,No,35.794437,-81.4334,Dry,30 - 35  MPH,Stop Sign,Clear,No,0,0,4
Yes,18.0,No,Unknown,B: Suspected Minor Injury,Male,Durham,Durham,No,Monday,Non-Roadway,12.0,July,Non-Roadway,2007,32.0,No,O: No Injury,Female,Passenger Car,No,36.019897,-78.91253,Dry,5 - 15 MPH,No Control Present,Clear,No,0,0,7
No,59.0,No,Facing Traffic,O: No Injury,Male,None - Rural Crash,Robeson,No,Wednesday,Bicyclist Failed to Yield - Sign-Controlled Intersection,19.0,April,Bicyclist Ride Through - Sign-Controlled Intersection,2007,44.0,No,O: No Injury,Female,Van,No,34.702442,-79.01924,Dry,50 - 55  MPH,"Double Yellow Line, No Passing Zone",Clear,No,0,0,4
Yes,9.0,No,Unknown,B: Suspected Minor Injury,Male,Garner,Wake,No,Monday,Bicyclist Failed to Yield - Midblock,17.0,April,Bicyclist Ride Out - Commercial Driveway / Alley,2007,36.0,No,O: No Injury,Female,Passenger Car,No,35.689217,-78.61696,Dry,30 - 35  MPH,No Control Present,Clear,No,0,0,4
No,9.0,No,Facing Traffic,C: Possible Injury,Female,Charlotte,Mecklenburg,No,Monday,Backing Vehicle,19.0,April,Backing Vehicle,2007,45.0,No,O: No Injury,Male,Pickup,No,35.210136,-80.9211,Dry,Unknown,No Control Present,Clear,No,0,0,4
Yes,48.0,Yes,Facing Traffic,B: Suspected Minor Injury,Male,None - Rural Crash,Duplin,Yes,Tuesday,Parallel Paths - Other Circumstances,21.0,April,Motorist Turn / Merge - Other / Unknown,2007,21.0,No,O: No Injury,Male,Pickup,No,35.00986,-78.04757,Dry,50 - 55  MPH,No Control Present,Clear,No,0,0,4
No,24.0,No,Not Applicable,O: No Injury,Male,Hendersonville,Henderson,No,Tuesday,Bicyclist Failed to Yield - Midblock,17.0,April,Bicyclist Ride Out - Commercial Driveway / Alley,2007,54.0,No,O: No Injury,Male,Pickup,No,35.30697,-82.46469,Dry,30 - 35  MPH,No Control Present,Clear,No,0,0,4
Yes,15.0,No,With Traffic,B: Suspected Minor Injury,Male,None - Rural Crash,Pitt,No,Tuesday,Motorist Overtaking Bicyclist,17.0,April,Motorist Overtaking - Other / Unknown,2007,41.0,No,O: No Injury,Male,Van,No,35.45008,-77.410835,Dry,50 - 55  MPH,No Control Present,Clear,No,0,0,4
Yes,46.0,No,Facing Traffic,O: No Injury,Male,Durham,Durham,No,Monday,Motorist Failed to Yield - Midblock,12.0,July,Motorist Drive Out - Commercial Driveway / Alley,2007,57.0,No,O: No Injury,Female,Passenger Car,No,36.037426,-78.89301,Dry,5 - 15 MPH,Stop Sign,Clear,No,0,0,7
No,36.0,No,With Traffic,O: No Injury,Male,Charlotte,Mecklenburg,No,Monday,Motorist Overtaking Bicyclist,17.0,July,Motorist Overtaking - Bicyclist Swerved,2007,45.0,No,O: No Injury,Female,Passenger Car,No,35.233204,-80.882576,Dry,30 - 35  MPH,No Control Present,Clear,No,0,0,7
Yes,11.0,No,Not Applicable,C: Possible Injury,Male,None - Rural Crash,Granville,No,Wednesday,Bicyclist Failed to Yield - Midblock,20.0,April,Bicyclist Ride Out - Residential Driveway,2007,42.03850604944766,Missing,Unknown Injury,Unknown,Unknown,Yes,36.20691,-78.68547,Dry,40 - 45  MPH,No Control Present,Clear,No,1,0,4
No,45.0,No,Facing Traffic,B: Suspected Minor Injury,Male,Wilson,Wilson,No,Wednesday,Motorist Failed to Yield - Sign-Controlled Intersection,8.0,April,Motorist Drive Out - Sign-Controlled Intersection,2007,22.0,No,O: No Injury,Female,Passenger Car,No,35.710075,-77.94293,Dry,40 - 45  MPH,Stop Sign,Clear,No,0,0,4
Yes,10.0,No,Unknown,C: Possible Injury,Male,Morganton,Burke,No,Wednesday,Non-Roadway,16.0,April,Non-Roadway,2007,67.0,No,O: No Injury,Female,Passenger Car,No,35.733955,-81.695404,Dry,5 - 15 MPH,No Control Present,Clear,No,0,0,4
Yes,18.0,No,Facing Traffic,C: Possible Injury,Female,Charlotte,Mecklenburg,No,Wednesday,Motorist Failed to Yield - Midblock,15.0,April,Motorist Drive Out - Commercial Driveway / Alley,2007,46.0,No,O: No Injury,Male,Van,No,35.13064,-80.94518,Dry,40 - 45  MPH,No Control Present,Clear,No,0,0,4
No,6.0,No,With Traffic,C: Possible Injury,Female,Raleigh,Wake,No,Wednesday,Backing Vehicle,18.0,April,Backing Vehicle,2007,41.0,No,O: No Injury,Female,Passenger Car,No,35.844627,-78.63595,Dry,20 - 25  MPH,No Control Present,Clear,No,0,0,4
No,12.0,No,With Traffic,B: Suspected Minor Injury,Male,Mooresville,Iredell,No,Thursday,Motorist Right Turn / Merge,18.0,April,Motorist Right Turn - Same Direction,2007,45.0,No,O: No Injury,Male,Pickup,No,35.573746,-80.822266,Dry,30 - 35  MPH,No Control Present,Clear,No,0,0,4
No,7.0,No,Facing Traffic,C: Possible Injury,Female,Charlotte,Mecklenburg,No,Thursday,Head-On,17.0,April,Head-On - Bicyclist,2007,41.0,No,O: No Injury,Male,Pickup,No,35.22301,-80.709564,Dry,30 - 35  MPH,No Control Present,Clear,No,0,0,4
No,24.0,No,With Traffic,B: Suspected Minor Injury,Male,Mint Hill,Mecklenburg,No,Friday,Motorist Failed to Yield - Midblock,20.0,April,Motorist Drive Out - Commercial Driveway / Alley,2007,34.0,No,O: No Injury,Male,Passenger Car,No,35.188053,-80.69164,Dry,40 - 45  MPH,Stop Sign,Clear,No,0,0,4
Yes,37.0,No,With Traffic,B: Suspected Minor Injury,Male,Charlotte,Mecklenburg,No,Thursday,Motorist Right Turn / Merge,16.0,July,Motorist Right Turn - Same Direction,2007,45.0,No,O: No Injury,Male,Van,No,35.21934,-80.7988,Dry,30 - 35  MPH,No Control Present,Clear,No,0,0,7
Yes,26.0,No,With Traffic,C: Possible Injury,Male,Charlotte,Mecklenburg,No,Thursday,Motorist Left Turn / Merge,21.0,July,Motorist Left Turn - Opposite Direction,2007,57.0,No,O: No Injury,Male,Passenger Car,No,35.215626,-80.81495,Dry,20 - 25  MPH,Stop Sign,Clear,No,0,0,7
No,23.0,No,With Traffic,B: Suspected Minor Injury,Male,Charlotte,Mecklenburg,No,Friday,Motorist Left Turn / Merge,17.0,April,Motorist Left Turn - Opposite Direction,2007,27.0,No,O: No Injury,Male,Unknown,Yes,35.221226,-80.81856,Dry,Unknown,Stop And Go Signal,Clear,No,0,0,4
Yes,30.0,No,Unknown,C: Possible Injury,Male,Burlington,Alamance,No,Sunday,Loss of Control / Turning Error,9.0,April,Bicyclist Lost Control - Other / Unknown,2007,42.03850604944766,Missing,Unknown Injury,Unknown,Passenger Car,No,36.106133,-79.411385,Dry,30 - 35  MPH,No Control Present,Clear,No,1,0,4