AmbulanceR,BikeAge,BikeAlcFlg,BikeDir,BikeInjury,BikeSex,City,County,CrashAlcoh,CrashDay,CrashGrp,CrashHour,CrashMonth,CrashType,CrashYear,DrvrAge,DrvrAlcFlg,DrvrInjury,DrvrSex,DrvrVehTyp,HitRun,Latitude,Longitude,RdConditio,SpeedLimit,TraffCntrl,Weather,Workzone,DrvrAgeImputedFlag,BikeAgeImputedFlag,MonthCode
Yes,9.0,No,Facing Traffic,A: Suspected Serious Injury,Male,Monroe,Union,No,Sunday,Bicyclist Failed to Yield - Sign-Controlled Intersection,18.0,April,Bicyclist Ride Through - Sign-Controlled Intersection,2007,17.0,No,O: No Injury,Female,Passenger Car,No,34.9877,-80.52082,Dry,30 - 35  MPH,Stop Sign,Clear,No,0,0,4
Yes,14.0,No,With Traffic,C: Possible Injury,Male,Charlotte,Mecklenburg,No,Sunday,Motorist Overtaking Bicyclist,14.0,April,Motorist Overtaking - Misjudged Space,2007,42.03850604944766,Missing,Unknown Injury,Unknown,Unknown,Yes,35.097996,-80.77862,Dry,5 - 15 MPH,No Control Present,Clear,No,1,0,4
No,46.0,No,Unknown,B: Suspected Minor Injury,Male,Jacksonville,Onslow,No,Monday,Non-Roadway,13.0,April,Non-Roadway,2007,36.0,No,O: No Injury,Female,Passenger Car,Yes,34.765553,-77.409225,Dry,40 - 45  MPH,No Control Present,Clear,No,0,0,4
Yes,13.0,No,With Traffic,C: Possible Injury,Male,Asheboro,Randolph,No,Monday,Bicyclist Failed to Yield - Sign-Controlled Intersection,16.0,April,Bicyclist Ride Through - Sign-Controlled Intersection,2007,43.0,No,O: No Injury,Female,Passenger Car,No,35.702316,-79.8219,Dry,30 - 35  MPH,Stop Sign,Clear,No,0,0,4
Yes,44.0,No,With Traffic,C: Possible Injury,Male,Monroe,Union,No,Monday,Motorist Right Turn / Merge,8.0,July,Motorist Right Turn - Same Direction,2007,36.0,No,O: No Injury,Male,Pickup,No,34.981567,-80.543274,Dry,5 - 15 MPH,No Control Present,Cloudy,No,0,0,7
Yes,18.0,No,With Traffic,O: No Injury,Male,Wilmington,New Hanover,No,Monday,Backing Vehicle,17.0,April,Backing Vehicle,2007,54.0,No,O: No Injury,Female,Passenger Car,No,34.236477,-77.94325,Dry,5 - 15 MPH,No Control Present,Clear,No,0,0,4
No,13.0,No,Facing Traffic,O: No Injury,Male,Charlotte,Mecklenburg,No,Monday,Bicyclist Failed to Yield - Signalized Intersection,16.0,April,Bicyclist Ride Out - Signalized  Intersection,2007,57.0,No,O: No Injury,Male,Pickup,No,35.030426,-80.82064,Dry,30 - 35  MPH,Stop And Go Signal,Clear,No,0,0,4
No,11.0,No,Unknown,C: Possible Injury,Male,None - Rural Crash,Union,No,Tuesday,Backing Vehicle,17.0,May,Backing Vehicle,2007,42.03850604944766,Missing,Unknown Injury,Unknown,Unknown,Yes,34.97867,-80.60186,Dry,30 - 35  MPH,No Control Present,Clear,No,1,0,5
No,17.0,No,With Traffic,O: No Injury,Male,Kenly,Johnston,No,Monday,Bicyclist Failed to Yield - Sign-Controlled Intersection,7.0,July,Bicyclist Ride Through - Sign-Controlled Intersection,2007,53.0,No,O: No Injury,Male,Passenger Car,No,35.59347,-78.124344,Dry,20 - 25  MPH,Stop Sign,Clear,No,0,0,7
Yes,45.0,No,Facing Traffic,C: Possible Injury,Male,Raleigh,Wake,No,Tuesday,Motorist Failed to Yield - Signalized Intersection,16.0,May,Motorist Drive Out - Right Turn on Red,2007,32.0,No,O: No Injury,Male,Passenger Car,No,35.76768,-78.57764,Dry,30 - 35  MPH,Stop And Go Signal,Clear,No,0,0,5
No,28.0,No,With Traffic,C: Possible Injury,Male,Charlotte,Mecklenburg,No,Wednesday,Motorist Left Turn / Merge,9.0,May,Motorist Left Turn - Opposite Direction,2007,36.0,No,O: No Injury,Male,"Single Unit Truck (2-Axle, 6-Tire)",No,35.213024,-80.82566,Dry,30 - 35  MPH,Stop And Go Signal,Clear,No,0,0,5
No,47.0,No,Facing Traffic,O: No Injury,Male,Charlotte,Mecklenburg,No,Friday,Motorist Failed to Yield - Midblock,15.0,April,Motorist Drive Out - Commercial Driveway / Alley,2007,66.0,No,O: No Injury,Female,Passenger Car,No,35.16513,-80.881874,Dry,40 - 45  MPH,Stop Sign,Clear,No,0,0,4
Yes,15.0,No,With Traffic,B: Suspected Minor Injury,Male,None - Rural Crash,Brunswick,No,Saturday,Motorist Overtaking Bicyclist,22.0,May,Motorist Overtaking - Undetected Bicyclist,2007,51.0,No,O: No Injury,Female,Passenger Car,No,34.312202,-78.088356,Wet,40 - 45  MPH,No Control Present,Cloudy,No,0,0,5
Yes,61.0,No,Facing Traffic,B: Suspected Minor Injury,Male,None - Rural Crash,Cumberland,No,Thursday,Head-On,20.0,May,Head-On - Bicyclist,2007,35.0,No,O: No Injury,Male,Pickup,No,35.013695,-78.93796,Dry,40 - 45  MPH,No Control Present,Clear,No,0,0,5
Yes,54.0,No,With Traffic,B: Suspected Minor Injury,Male,None - Rural Crash,Brunswick,No,Friday,Motorist Overtaking Bicyclist,22.0,May,Motorist Overtaking - Undetected Bicyclist,2007,16.0,No,O: No Injury,Female,Pickup,No,34.246723,-78.05682,Dry,40 - 45  MPH,No Control Present,Clear,No,0,0,5
Yes,20.0,No,With Traffic,A: Suspected Serious Injury,Male,None - Rural Crash,Buncombe,No,Friday,Bicyclist Left Turn / Merge,17.0,May,Bicyclist Left Turn - Same Direction,2007,40.0,No,O: No Injury,Male,Pickup,No,35.48742,-82.47751,Dry,40 - 45  MPH,"Double Yellow Line, No Passing Zone",Cloudy,No,0,0,5
No,20.0,No,With Traffic,C: Possible Injury,Male,Raleigh,Wake,No,Friday,Other / Unusual Circumstances,5.0,May,Motorist Intentionally Caused,2007,42.03850604944766,Missing,Unknown Injury,Unknown,Unknown,Yes,35.899822,-78.68073,Dry,40 - 45  MPH,No Control Present,Clear,No,1,0,5
Yes,39.0,No,With Traffic,B: Suspected Minor Injury,Male,Charlotte,Mecklenburg,No,Tuesday,Motorist Left Turn / Merge,6.0,July,Motorist Left Turn - Opposite Direction,2007,51.0,No,O: No Injury,Female,Passenger Car,No,35.135437,-80.83899,Dry,30 - 35  MPH,No Control Present,Cloudy,No,0,0,7
Yes,20.0,No,With Traffic,B: Suspected Minor Injury,Male,Durham,Durham,No,Wednesday,Motorist Failed to Yield - Sign-Controlled Intersection,10.0,August,Motorist Drive Out - Sign-Controlled Intersection,2007,26.0,No,O: No Injury,Female,Passenger Car,No,36.009567,-78.94863,Dry,30 - 35  MPH,Stop Sign,Clear,No,0,0,8
Yes,12.0,No,Unknown,B: Suspected Minor Injury,Male,Chapel Hill,Orange,No,Saturday,Bicyclist Failed to Yield - Sign-Controlled Intersection,16.0,May,Bicyclist Ride Through - Sign-Controlled Intersection,2007,22.0,No,O: No Injury,Male,Passenger Car,No,35.918255,-79.058975,Dry,20 - 25  MPH,Stop Sign,Cloudy,No,0,0,5
Yes,8.0,No,With Traffic,B: Suspected Minor Injury,Female,Charlotte,Mecklenburg,No,Monday,Bicyclist Failed to Yield - Sign-Controlled Intersection,20.0,August,Bicyclist Ride Through - Sign-Controlled Intersection,2007,67.0,No,O: No Injury,Male,Passenger Car,No,35.242996,-80.87635,Dry,20 - 25  MPH,Stop Sign,Clear,No,0,0,8
No,32.0,No,Facing Traffic,O: No Injury,Male,Rocky Mount,Nash,No,Monday,Bicyclist Right Turn / Merge,15.0,May,Bicyclist Right Turn - Same Direction,2007,35.0,No,O: No Injury,Female,Passenger Car,No,35.91735,-77.807556,Dry,30 - 35  MPH,No Control Present,Clear,No,0,0,5
No,56.0,No,Facing Traffic,C: Possible Injury,Male,Charlotte,Mecklenburg,No,Saturday,Motorist Failed to Yield - Midblock,17.0,July,Motorist Drive Out - Commercial Driveway / Alley,2007,21.0,No,O: No Injury,Male,Passenger Car,No,35.2545,-80.82469,Dry,30 - 35  MPH,No Control Present,Clear,No,0,0,7
Yes,49.0,No,With Traffic,B: Suspected Minor Injury,Male,Elizabeth City,Pasquotank,No,Tuesday,Motorist Left Turn / Merge,20.0,May,Motorist Left Turn - Opposite Direction,2007,20.0,No,O: No Injury,Male,Passenger Car,No,36.281555,-76.223434,Wet,50 - 55  MPH,Stop And Go Signal,Cloudy,No,0,0,5
Yes,35.0,Yes,With Traffic,A: Suspected Serious Injury,Male,None - Rural Crash,Vance,Yes,Tuesday,Motorist Overtaking Bicyclist,22.0,May,Motorist Overtaking - Undetected Bicyclist,2007,42.03850604944766,Missing,Unknown Injury,Unknown,Unknown,Yes,36.488026,-78.427,Dry,50 - 55  MPH,"Double Yellow Line, No Passing Zone",Clear,No,1,0,5
Yes,6.0,No,Unknown,A: Suspected Serious Injury,Male,Winston-Salem,Forsyth,No,Tuesday,Other / Unknown - Insufficient Details,17.0,May,Unknown Approach Paths,2007,18.0,No,O: No Injury,Female,Passenger Car,Yes,36.061554,-80.32381,Dry,30 - 35  MPH,No Control Present,Clear,No,0,0,5
Yes,23.0,No,With Traffic,B: Suspected Minor Injury,Male,Wilmington,New Hanover,No,Wednesday,Motorist Overtaking Bicyclist,1.0,May,Motorist Overtaking - Undetected Bicyclist,2007,42.03850604944766,Missing,Unknown Injury,Unknown,Unknown,Yes,34.224724,-77.850746,Dry,30 - 35  MPH,No Control Present,Cloudy,No,1,0,5
Yes,26.0,No,Facing Traffic,C: Possible Injury,Male,Charlotte,Mecklenburg,No,Wednesday,Motorist Failed to Yield - Signalized Intersection,19.0,May,Motorist Drive Out - Right Turn on Red,2007,50.0,No,O: No Injury,Female,Sport Utility,No,35.228535,-80.838715,Dry,20 - 25  MPH,Stop And Go Signal,Clear,No,0,0,5
Yes,8.0,No,With Traffic,B: Suspected Minor Injury,Male,None - Rural Crash,Moore,No,Thursday,Motorist Overtaking Bicyclist,20.0,May,Motorist Overtaking - Bicyclist Swerved,2007,29.0,No,O: No Injury,Male,Passenger Car,No,35.292057,-79.3359,Dry,50 - 55  MPH,"Double Yellow Line, No Passing Zone",Clear,No,0,0,5
Yes,9.0,No,Not Applicable,B: Suspected Minor Injury,Male,None - Rural Crash,Robeson,No,Thursday,Bicyclist Failed to Yield - Midblock,18.0,May,Bicyclist Ride Out - Residential Driveway,2007,31.0,No,O: No Injury,Female,Passenger Car,No,34.59208,-79.038925,Dry,40 - 45  MPH,No Control Present,Clear,No,0,0,5
No,22.0,No,Unknown,O: No Injury,Male,Raleigh,Wake,No,Thursday,Non-Roadway,15.0,May,Non-Roadway,2007,22.0,No,O: No Injury,Female,Pickup,No,35.774277,-78.686226,Dry,30 - 35  MPH,No Control Present,Clear,No,0,0,5
No,18.0,No,With Traffic,C: Possible Injury,Male,Salisbury,Rowan,No,Friday,Motorist Right Turn / Merge,17.0,August,Motorist Right Turn - Same Direction,2007,21.0,No,O: No Injury,Male,Pickup,No,35.665035,-80.45466,Dry,20 - 25  MPH,No Control Present,Clear,No,0,0,8
No,29.0,No,With Traffic,O: No Injury,Male,Charlotte,Mecklenburg,No,Saturday,Motorist Right Turn / Merge,12.0,August,Motorist Right Turn - Same Direction,2007,23.0,No,O: No Injury,Female,Passenger Car,No,35.213333,-80.855774,Dry,30 - 35  MPH,No Control Present,Clear,No,0,0,8
Yes,24.0,No,With Traffic,B: Suspected Minor Injury,Male,Monroe,Union,No,Thursday,Motorist Left Turn / Merge,23.0,August,Motorist Left Turn - Opposite Direction,2007,43.0,No,O: No Injury,Female,Passenger Car,No,35.003513,-80.57293,Dry,40 - 45  MPH,No Control Present,Clear,No,0,0,8
Yes,13.0,No,With Traffic,C: Possible Injury,Male,None - Rural Crash,Pender,No,Friday,Bicyclist Left Turn / Merge,16.0,May,Bicyclist Left Turn - Opposite Direction,2007,20.0,No,O: No Injury,Male,Passenger Car,No,34.396053,-77.6546,Dry,40 - 45  MPH,No Control Present,Clear,No,0,0,5
No,32.0,No,With Traffic,C: Possible Injury,Male,Raleigh,Wake,No,Friday,Motorist Overtaking Bicyclist,9.0,May,Motorist Overtaking - Other / Unknown,2007,27.0,No,O: No Injury,Male,Pickup,No,35.776566,-78.636665,Dry,30 - 35  MPH,Stop And Go Signal,Clear,No,0,0,5
Yes,47.0,Yes,With Traffic,C: Possible Injury,Male,Kinston,Lenoir,Yes,Thursday,Bicyclist Left Turn / Merge,17.0,July,Bicyclist Left Turn - Opposite Direction,2007,24.0,No,O: No Injury,Male,Sport Utility,No,35.26491,-77.55592,Dry,30 - 35  MPH,No Control Present,Clear,No,0,0,7
Yes,21.0,No,Facing Traffic,A: Suspected Serious Injury,Male,High Point,Guilford,No,Friday,Crossing Paths - Other Circumstances,22.0,May,Crossing Paths - Intersection - Other / Unknown,2007,22.0,No,O: No Injury,Female,Sport Utility,No,35.935772,-79.992195,Dry,30 - 35  MPH,No Control Present,Clear,No,0,0,5
Yes,42.0,No,With Traffic,C: Possible Injury,Male,Kinston,Lenoir,No,Saturday,Motorist Overtaking Bicyclist,2.0,May,Motorist Overtaking - Undetected Bicyclist,2007,42.0,No,O: No Injury,Male,Passenger Car,No,35.26213,-77.57594,Dry,30 - 35  MPH,No Control Present,Clear,No,0,0,5
Yes,44.0,No,With Traffic,B: Suspected Minor Injury,Male,Raleigh,Wake,No,Saturday,Motorist Overtaking Bicyclist,5.0,May,Motorist Overtaking - Other / Unknown,2007,42.03850604944766,Missing,Unknown Injury,Unknown,Unknown,Yes,35.747086,-78.644646,Dry,40 - 45  MPH,No Control Present,Clear,No,1,0,5
Yes,48.0,No,With Traffic,A: Suspected Serious Injury,Male,Charlotte,Mecklenburg,No,Sunday,Motorist Right Turn / Merge,16.0,May,Motorist Right Turn - Same Direction,2007,42.03850604944766,Missing,Unknown Injury,Unknown,Unknown,Yes,35.16407,-80.87362,Dry,30 - 35  MPH,No Control Present,Clear,No,1,0,5
Yes,8.0,No,With Traffic,C: Possible Injury,Female,Durham,Durham,No,Monday,Bicyclist Failed to Yield - Signalized Intersection,17.0,August,Bicyclist Failed to Clear - Multiple Threat,2007,58.0,No,O: No Injury,Male,Passenger Car,No,35.939487,-78.906654,Dry,40 - 45  MPH,Stop And Go Signal,Clear,No,0,0,8
Yes,42.0,No,Facing Traffic,C: Possible Injury,Male,Raleigh,Wake,No,Sunday,Motorist Failed to Yield - Midblock,20.0,May,Motorist Drive Out - Commercial Driveway / Alley,2007,26.0,No,O: No Injury,Male,Sport Utility,No,35.74961,-78.649124,Dry,40 - 45  MPH,No Control Present,Clear,No,0,0,5
No,54.0,No,Unknown,C: Possible Injury,Male,Greensboro,Guilford,No,Monday,Other / Unknown - Insufficient Details,12.0,May,Unknown Approach Paths,2007,27.0,No,O: No Injury,Male,Passenger Car,No,36.052532,-79.81239,Dry,30 - 35  MPH,Stop Sign,Clear,No,0,0,5
No,32.52649525389365,Yes,Facing Traffic,C: Possible Injury,Female,Raleigh,Wake,Yes,Sunday,Parallel Paths - Other Circumstances,17.0,May,Bicyclist Ride Out - Parallel Path,2007,25.0,No,O: No Injury,Male,Sport Utility,No,35.780373,-78.622314,Wet,20 - 25  MPH,No Control Present,Clear,No,0,1,5
Yes,28.0,No,With Traffic,B: Suspected Minor Injury,Male,Asheville,Buncombe,No,Thursday,Motorist Overtaking Bicyclist,18.0,May,Motorist Overtaking - Other / Unknown,2007,16.0,No,O: No Injury,Female,Unknown,Yes,35.567356,-82.50817,Dry,30 - 35  MPH,"Double Yellow Line, No Passing Zone",Clear,No,0,0,5
Yes,10.0,No,Not Applicable,B: Suspected Minor Injury,Male,Morehead City,Carteret,No,Tuesday,Bicyclist Failed to Yield - Midblock,17.0,May,Bicyclist Ride Out - Commercial Driveway / Alley,2007,28.0,No,O: No Injury,Male,Pickup,No,34.722034,-76.70975,Dry,20 - 25  MPH,No Control Present,Clear,No,0,0,5
No,47.0,No,Facing Traffic,B: Suspected Minor Injury,Male,None - Rural Crash,Craven,No,Wednesday,Head-On,21.0,May,Head-On - Bicyclist,2007,42.03850604944766,Missing,Unknown Injury,Unknown,Unknown,Yes,35.14582,-77.03163,Dry,50 - 55  MPH,No Control Present,Clear,No,1,0,5
Yes,5.0,No,Unknown,C: Possible Injury,Male,None - Rural Crash,Henderson,No,Wednesday,Non-Roadway,18.0,May,Non-Roadway,2007,48.0,No,O: No Injury,Female,Passenger Car,No,35.2911,-82.41271,Dry,Unknown,No Control Present,Clear,No,0,0,5
No,36.0,No,With Traffic,B: Suspected Minor Injury,Male,None - Rural Crash,Iredell,No,Wednesday,Motorist Right Turn / Merge,19.0,May,Motorist Right Turn - Same Direction,2007,65.0,No,O: No Injury,Female,Passenger Car,No,35.526302,-80.79749,Dry,50 - 55  MPH,"Double Yellow Line, No Passing Zone",Clear,No,0,0,5
No,34.0,No,With Traffic,B: Suspected Minor Injury,Male,Charlotte,Mecklenburg,Yes,Tuesday,Motorist Left Turn / Merge,23.0,May,Motorist Left Turn - Opposite Direction,2007,34.0,Yes,O: No Injury,Male,Van,Yes,35.231133,-80.80805,Dry,20 - 25  MPH,No Control Present,Clear,No,0,0,5
Yes,47.0,Yes,Facing Traffic,B: Suspected Minor Injury,Male,Charlotte,Mecklenburg,Yes,Wednesday,Crossing Paths - Other Circumstances,22.0,May,Signalized Intersection - Other / Unknown,2007,32.0,No,O: No Injury,Male,Passenger Car,No,35.19742,-80.88172,Dry,30 - 35  MPH,Stop And Go Signal,Clear,No,0,0,5
Yes,45.0,No,With Traffic,B: Suspected Minor Injury,Male,Kernersville,Forsyth,No,Thursday,Motorist Left Turn / Merge,16.0,May,Motorist Left Turn - Opposite Direction,2007,31.0,No,O: No Injury,Female,Passenger Car,No,36.126545,-80.067566,Dry,30 - 35  MPH,No Control Present,Clear,No,0,0,5
Yes,5.0,No,Not Applicable,A: Suspected Serious Injury,Male,Charlotte,Mecklenburg,No,Thursday,Bicyclist Failed to Yield - Midblock,18.0,May,Bicyclist Ride Out - Midblock - Unknown,2007,32.0,No,O: No Injury,Female,Van,No,35.188263,-80.88326,Dry,40 - 45  MPH,No Control Present,Clear,No,0,0,5
Yes,25.0,No,Facing Traffic,B: Suspected Minor Injury,Female,Charlotte,Mecklenburg,No,Friday,Bicyclist Failed to Yield - Signalized Intersection,14.0,August,Bicyclist Ride Through - Signalized Intersection,2007,42.03850604944766,Missing,Unknown Injury,Unknown,Unknown,Yes,35.220387,-80.83502,Dry,Unknown,Stop And Go Signal,Clear,No,1,0,8
Yes,55.0,No,Facing Traffic,C: Possible Injury,Male,Durham,Durham,No,Friday,Bicyclist Failed to Yield - Signalized Intersection,19.0,August,Bicyclist Ride Through - Signalized Intersection,2007,42.03850604944766,Missing,Unknown Injury,Unknown,Sport Utility,Yes,35.99196,-78.86576,Dry,30 - 35  MPH,Stop And Go Signal,Clear,No,1,0,8
Yes,30.0,No,Facing Traffic,B: Suspected Minor Injury,Female,Charlotte,Mecklenburg,No,Saturday,Motorist Failed to Yield - Midblock,11.0,August,Motorist Drive Out - Residential Driveway,2007,28.0,No,O: No Injury,Female,Passenger Car,No,35.250603,-80.77507,Dry,40 - 45  MPH,No Control Present,Clear,No,0,0,8
Yes,13.0,No,Facing Traffic,C: Possible Injury,Female,Kill Devil Hills,Dare,No,Saturday,Motorist Failed to Yield - Sign-Controlled Intersection,16.0,May,Motorist Drive Out - Sign-Controlled Intersection,2007,24.0,No,O: No Injury,Male,Pickup,No,36.01028,-75.658806,Dry,20 - 25  MPH,Stop Sign,Clear,No,0,0,5
Yes,18.0,No,Not Applicable,C: Possible Injury,Female,High Point,Guilford,No,Saturday,Bicyclist Failed to Yield - Midblock,19.0,May,Bicyclist Ride Out - Other Midblock,2007,16.0,No,O: No Injury,Female,Passenger Car,No,35.94435,-79.99211,Dry,20 - 25  MPH,No Control Present,Clear,No,0,0,5
Yes,9.0,No,With Traffic,O: No Injury,Male,Rocky Mount,Edgecombe,No,Sunday,Crossing Paths - Other Circumstances,14.0,May,Crossing Paths - Intersection - Other / Unknown,2007,29.0,No,O: No Injury,Female,Passenger Car,No,35.938892,-77.79233,Dry,30 - 35  MPH,No Control Present,Clear,No,0,0,5
Yes,51.0,No,With Traffic,B: Suspected Minor Injury,Male,None - Rural Crash,Iredell,No,Monday,Motorist Overtaking Bicyclist,7.0,May,Motorist Overtaking - Undetected Bicyclist,2007,32.0,No,O: No Injury,Male,Pickup,No,35.774525,-81.024216,Dry,50 - 55  MPH,No Control Present,Clear,No,0,0,5
Yes,40.0,No,With Traffic,B: Suspected Minor Injury,Male,Cary,Wake,No,Tuesday,Bicyclist Left Turn / Merge,18.0,August,Bicyclist Left Turn - Same Direction,2007,44.0,No,O: No Injury,Female,Passenger Car,No,35.78178,-78.76757,Wet,20 - 25  MPH,No Control Present,Cloudy,No,0,0,8
Yes,45.0,No,With Traffic,O: No Injury,Male,Duck,Dare,No,Friday,Motorist Left Turn / Merge,16.0,April,Motorist Left Turn - Opposite Direction,2007,49.0,No,O: No Injury,Male,Van,No,36.16543,-75.75305,Dry,20 - 25  MPH,No Control Present,Clear,No,0,0,4
No,11.0,No,With Traffic,O: No Injury,Male,Waxhaw,Union,No,Sunday,Motorist Left Turn / Merge,19.0,May,Motorist Left Turn - Opposite Direction,2007,36.0,No,O: No Injury,Female,Passenger Car,No,34.924225,-80.74722,Dry,Unknown,No Control Present,Clear,No,0,0,5
Yes,18.0,No,Facing Traffic,B: Suspected Minor Injury,Male,None - Rural Crash,Carteret,No,Monday,Motorist Overtaking Bicyclist,22.0,May,Motorist Overtaking - Other / Unknown,2007,42.03850604944766,Missing,Unknown Injury,Unknown,Van,Yes,34.721848,-76.93759,Dry,30 - 35  MPH,"Double Yellow Line, No Passing Zone",Clear,No,1,0,5
Yes,37.0,No,Unknown,C: Possible Injury,Male,Durham,Durham,No,Monday,Bicyclist Failed to Yield - Signalized Intersection,9.0,August,Bicyclist Ride Through - Signalized Intersection,2007,37.0,No,O: No Injury,Male,Pickup,No,35.99372,-78.87011,Dry,30 - 35  MPH,Stop And Go Signal,Clear,No,0,0,8
Yes,68.0,No,With Traffic,B: Suspected Minor Injury,Male,Tarboro,Edgecombe,No,Tuesday,Motorist Right Turn / Merge,12.0,May,Motorist Right Turn - Same Direction,2007,57.0,No,Unknown Injury,Female,Pickup,No,35.896935,-77.54278,Dry,30 - 35  MPH,No Control Present,Clear,No,0,0,5
No,7.0,No,Unknown,C: Possible Injury,Female,None - Rural Crash,Johnston,No,Tuesday,Motorist Failed to Yield - Midblock,16.0,May,Motorist Drive Out - Residential Driveway,2007,22.0,No,O: No Injury,Female,Passenger Car,No,35.266884,-78.45271,Dry,5 - 15 MPH,No Control Present,Clear,No,0,0,5
Yes,54.0,No,With Traffic,C: Possible Injury,Male,None - Rural Crash,New Hanover,No,Tuesday,Motorist Overtaking Bicyclist,19.0,May,Motorist Overtaking - Misjudged Space,2007,51.0,No,O: No Injury,Female,Passenger Car,No,34.08746,-77.89625,Dry,50 - 55  MPH,No Control Present,Clear,No,0,0,5
No,16.0,No,With Traffic,O: No Injury,Male,Raleigh,Wake,No,Saturday,Bicyclist Overtaking Motorist,12.0,May,Bicyclist Overtaking - Other / Unknown,2007,53.0,No,O: No Injury,Female,Passenger Car,No,35.925312,-78.57058,Dry,20 - 25  MPH,No Control Present,Clear,No,0,0,5
Yes,28.0,No,Facing Traffic,C: Possible Injury,Female,Wilmington,New Hanover,No,Tuesday,Motorist Failed to Yield - Midblock,11.0,May,Motorist Drive Out - Commercial Driveway / Alley,2007,52.0,No,O: No Injury,Male,Pickup,No,34.24383,-77.882996,Dry,40 - 45  MPH,No Control Present,Clear,No,0,0,5
Yes,15.0,No,With Traffic,C: Possible Injury,Male,None - Rural Crash,Guilford,No,Wednesday,Motorist Overtaking Bicyclist,19.0,May,Motorist Overtaking - Bicyclist Swerved,2007,20.0,No,O: No Injury,Female,Passenger Car,No,35.92175,-79.931404,Dry,40 - 45  MPH,"Double Yellow Line, No Passing Zone",Clear,No,0,0,5
No,16.0,No,With Traffic,B: Suspected Minor Injury,Male,Raleigh,Wake,No,Wednesday,Bicyclist Failed to Yield - Signalized Intersection,15.0,May,Bicyclist Ride Out - Signalized  Intersection,2007,28.0,No,O: No Injury,Male,Passenger Car,No,35.873188,-78.69161,Dry,40 - 45  MPH,Stop And Go Signal,Clear,No,0,0,5
Yes,25.0,No,Facing Traffic,O: No Injury,Male,Cary,Wake,No,Wednesday,Crossing Paths - Other Circumstances,16.0,August,Crossing Paths - Intersection - Other / Unknown,2007,49.0,No,O: No Injury,Female,"Light Truck (Mini-Van, Panel)",No,35.786594,-78.781265,Dry,5 - 15 MPH,No Control Present,Clear,No,0,0,8
Yes,48.0,No,Unknown,B: Suspected Minor Injury,Male,Durham,Durham,No,Saturday,Non-Roadway,14.0,August,Non-Roadway,2007,42.03850604944766,Missing,Unknown Injury,Unknown,Sport Utility,No,35.98682,-78.89774,Dry,30 - 35  MPH,No Control Present,Clear,No,1,0,8
Yes,51.0,Yes,Facing Traffic,B: Suspected Minor Injury,Male,Kinston,Lenoir,Yes,Saturday,Bicyclist Right Turn / Merge,16.0,August,Bicyclist Right Turn - Same Direction,2007,17.0,No,O: No Injury,Female,Pickup,No,35.26905,-77.58668,Dry,30 - 35  MPH,No Control Present,Clear,No,0,0,8
No,56.0,No,With Traffic,C: Possible Injury,Male,Lewisville,Forsyth,No,Thursday,Motorist Overtaking Bicyclist,16.0,May,Motorist Overtaking - Other / Unknown,2007,26.0,No,O: No Injury,Male,Passenger Car,No,36.145,-80.41267,Dry,40 - 45  MPH,"Double Yellow Line, No Passing Zone",Clear,No,0,0,5
Yes,17.0,No,Unknown,C: Possible Injury,Male,Jacksonville,Onslow,No,Thursday,Non-Roadway,14.0,May,Non-Roadway,2007,38.0,No,O: No Injury,Male,Pickup,No,34.782463,-77.38596,Dry,Unknown,No Control Present,Clear,No,0,0,5
Yes,52.0,No,With Traffic,B: Suspected Minor Injury,Male,None - Rural Crash,Wayne,No,Thursday,Motorist Overtaking Bicyclist,18.0,May,Motorist Overtaking - Other / Unknown,2007,28.0,No,O: No Injury,Male,Pickup,No,35.32669,-77.93412,Dry,30 - 35  MPH,No Control Present,Clear,No,0,0,5
Yes,7.0,No,With Traffic,B: Suspected Minor Injury,Male,None - Rural Crash,Clay,No,Friday,Bicyclist Left Turn / Merge,19.0,May,Bicyclist Left Turn - Same Direction,2007,24.0,No,O: No Injury,Female,Sport Utility,No,35.038822,-83.755104,Dry,20 - 25  MPH,"Double Yellow Line, No Passing Zone",Clear,No,0,0,5
No,12.0,No,Facing Traffic,O: No Injury,Male,Charlotte,Mecklenburg,No,Sunday,Motorist Failed to Yield - Midblock,18.0,August,Motorist Drive Out - Commercial Driveway / Alley,2007,39.0,No,O: No Injury,Male,Passenger Car,No,35.2047,-80.72006,Wet,5 - 15 MPH,No Control Present,Rain,No,0,0,8
Yes,12.0,No,Facing Traffic,B: Suspected Minor Injury,Male,Asheville,Buncombe,No,Thursday,Motorist Left Turn / Merge,15.0,May,Motorist Left Turn - Same Direction,2007,16.0,No,O: No Injury,Female,Passenger Car,No,35.580025,-82.55979,Dry,30 - 35  MPH,Stop Sign,Clear,No,0,0,5
Yes,57.0,No,With Traffic,C: Possible Injury,Male,Elizabeth City,Pasquotank,No,Friday,Motorist Failed to Yield - Signalized Intersection,21.0,May,Motorist Drive Through - Signalized Intersection,2007,42.03850604944766,No,Unknown Injury,Unknown,Unknown,Yes,36.300236,-76.22381,Dry,40 - 45  MPH,Stop And Go Signal,Clear,No,1,0,5
Yes,29.0,No,Facing Traffic,A: Suspected Serious Injury,Male,Charlotte,Mecklenburg,No,Saturday,Head-On,1.0,May,Head-On - Bicyclist,2007,42.03850604944766,Missing,Unknown Injury,Unknown,Unknown,Yes,35.230537,-80.844795,Dry,30 - 35  MPH,No Control Present,Clear,No,1,0,5