AmbulanceR,BikeAge,BikeAlcFlg,BikeDir,BikeInjury,BikeSex,City,County,CrashAlcoh,CrashDay,CrashGrp,CrashHour,CrashMonth,CrashType,CrashYear,DrvrAge,DrvrAlcFlg,DrvrInjury,DrvrSex,DrvrVehTyp,HitRun,Latitude,Longitude,RdConditio,SpeedLimit,TraffCntrl,Weather,Workzone,DrvrAgeImputedFlag,BikeAgeImputedFlag,MonthCode
Yes,18.0,No,With Traffic,A: Suspected Serious Injury,Male,Sanford,Lee,No,Saturday,Bicyclist Left Turn / Merge,15.0,May,Bicyclist Left Turn - Same Direction,2007,54.0,No,O: No Injury,Male,Passenger Car,No,35.479645,-79.20367,Dry,40 - 45  MPH,Stop Sign,Clear,No,0,0,5
Yes,7.0,No,Not Applicable,C: Possible Injury,Male,None - Rural Crash,New Hanover,No,Saturday,Bicyclist Failed to Yield - Midblock,20.0,May,Bicyclist Ride Out - Residential Driveway,2007,28.0,No,O: No Injury,Female,Sport Utility,No,34.277496,-77.83893,Dry,30 - 35  MPH,No Control Present,Clear,No,0,0,5
Yes,8.0,No,Unknown,B: Suspected Minor Injury,Male,High Point,Guilford,No,Sunday,Bicyclist Failed to Yield - Sign-Controlled Intersection,19.0,April,Bicyclist Ride Through - Sign-Controlled Intersection,2007,55.0,No,O: No Injury,Female,Passenger Car,No,35.958134,-79.99489,Dry,20 - 25  MPH,Stop Sign,Clear,No,0,0,4
Yes,42.0,Yes,Facing Traffic,A: Suspected Serious Injury,Male,None - Rural Crash,Pasquotank,Yes,Saturday,Bicyclist Right Turn / Merge,6.0,May,Bicyclist Right Turn - Same Direction,2007,19.0,No,O: No Injury,Male,Passenger Car,No,36.306812,-76.241585,Dry,40 - 45  MPH,"Double Yellow Line, No Passing Zone",Clear,No,0,0,5
Yes,40.0,Yes,With Traffic,B: Suspected Minor Injury,Male,None - Rural Crash,Caldwell,Yes,Sunday,Motorist Overtaking Bicyclist,11.0,May,Motorist Overtaking - Other / Unknown,2007,19.0,No,O: No Injury,Male,Passenger Car,No,35.83085,-81.554695,Dry,40 - 45  MPH,"Double Yellow Line, No Passing Zone",Clear,No,0,0,5
No,14.0,No,Facing Traffic,B: Suspected Minor Injury,Male,Emerald Isle,Carteret,No,Sunday,Crossing Paths - Other Circumstances,21.0,May,Crossing Paths - Intersection - Other / Unknown,2007,47.0,No,O: No Injury,Male,Pickup,No,34.663315,-77.04197,Dry,40 - 45  MPH,No Control Present,Clear,No,0,0,5
Yes,47.0,No,Not Applicable,A: Suspected Serious Injury,Male,New Bern,Craven,No,Sunday,Bicyclist Failed to Yield - Midblock,18.0,May,Bicyclist Ride Out - Midblock - Unknown,2007,43.0,No,O: No Injury,Male,Pickup,No,35.10043,-77.056885,Dry,50 - 55  MPH,No Control Present,Clear,No,0,0,5
No,27.0,No,Facing Traffic,C: Possible Injury,Male,Asheville,Buncombe,No,Wednesday,Crossing Paths - Other Circumstances,17.0,May,Signalized Intersection - Other / Unknown,2007,42.03850604944766,Missing,Unknown Injury,Unknown,Unknown,Yes,35.59406,-82.55698,Dry,Unknown,Stop And Go Signal,Clear,No,1,0,5
No,59.0,No,Unknown,B: Suspected Minor Injury,Male,Charlotte,Mecklenburg,No,Monday,Crossing Paths - Other Circumstances,9.0,May,Sign-Controlled Intersection - Other / Unknown,2007,39.0,No,O: No Injury,Female,Sport Utility,No,35.228233,-80.80513,Dry,20 - 25  MPH,Stop Sign,Clear,No,0,0,5
Yes,16.0,No,With Traffic,O: No Injury,Male,Charlotte,Mecklenburg,No,Monday,Head-On,21.0,May,Head-On - Motorist,2007,65.0,No,O: No Injury,Male,Passenger Car,No,35.192406,-80.84484,Dry,20 - 25  MPH,No Control Present,Clear,No,0,0,5
Yes,36.0,No,With Traffic,B: Suspected Minor Injury,Male,Durham,Durham,No,Wednesday,Motorist Right Turn / Merge,13.0,August,Motorist Right Turn - Same Direction,2007,27.0,No,O: No Injury,Male,"Single Unit Truck (2-Axle, 6-Tire)",No,35.927017,-78.82637,Dry,30 - 35  MPH,No Control Present,Clear,No,0,0,8
No,23.0,No,Facing Traffic,C: Possible Injury,Female,Wilmington,New Hanover,No,Tuesday,Bicyclist Failed to Yield - Signalized Intersection,14.0,May,Bicyclist Ride Through - Signalized Intersection,2007,67.0,No,O: No Injury,Female,Passenger Car,No,34.23159,-77.87963,Dry,30 - 35  MPH,Stop And Go Signal,Clear,No,0,0,5
No,32.52649525389365,Missing,Unknown,Unknown Injury,Unknown,Raleigh,Wake,No,Wednesday,Non-Roadway,21.0,May,Non-Roadway,2007,42.03850604944766,Missing,Unknown Injury,Unknown,Passenger Car,No,35.882755,-78.56039,Dry,5 - 15 MPH,No Control Present,Clear,No,1,1,5
Yes,26.0,Yes,With Traffic,O: No Injury,Male,Atlantic Beach,Carteret,Yes,Wednesday,Motorist Overtaking Bicyclist,22.0,May,Motorist Overtaking - Misjudged Space,2007,44.0,No,O: No Injury,Male,Passenger Car,No,34.704025,-76.737946,Dry,30 - 35  MPH,No Control Present,Clear,No,0,0,5
Yes,17.0,No,With Traffic,C: Possible Injury,Male,Wilmington,New Hanover,No,Wednesday,Backing Vehicle,14.0,May,Backing Vehicle,2007,23.0,No,C: Possible Injury,Female,Passenger Car,Yes,34.238834,-77.93573,Dry,Unknown,Stop Sign,Clear,No,0,0,5
Yes,11.0,No,With Traffic,B: Suspected Minor Injury,Male,Durham,Durham,No,Friday,Bicyclist Failed to Yield - Signalized Intersection,21.0,July,Bicyclist Ride Out - Signalized  Intersection,2007,26.0,No,O: No Injury,Male,Pickup,No,35.99027,-78.857925,Wet,30 - 35  MPH,Stop And Go Signal,Rain,No,0,0,7
Yes,33.0,No,Unknown,B: Suspected Minor Injury,Male,Smithfield,Johnston,No,Tuesday,Other / Unknown - Insufficient Details,17.0,May,Unknown Location,2007,56.0,No,O: No Injury,Male,Pickup,Yes,35.5119,-78.3478,Dry,20 - 25  MPH,Stop And Go Signal,Clear,No,0,0,5
No,22.0,Yes,With Traffic,C: Possible Injury,Male,Chapel Hill,Orange,Yes,Thursday,Motorist Failed to Yield - Sign-Controlled Intersection,23.0,May,Motorist Drive Out - Sign-Controlled Intersection,2007,48.0,No,O: No Injury,Male,Sport Utility,No,35.91605,-79.048004,Dry,20 - 25  MPH,Stop Sign,Clear,No,0,0,5
No,31.0,No,With Traffic,B: Suspected Minor Injury,Female,Asheville,Buncombe,No,Thursday,Motorist Right Turn / Merge,21.0,May,Motorist Right Turn - Same Direction,2007,16.0,No,O: No Injury,Male,Van,No,35.603363,-82.55748,Dry,30 - 35  MPH,Stop And Go Signal,Clear,No,0,0,5
No,16.0,No,With Traffic,C: Possible Injury,Female,Charlotte,Mecklenburg,No,Sunday,Motorist Overtaking Bicyclist,20.0,September,Motorist Overtaking - Misjudged Space,2007,42.03850604944766,Missing,Unknown Injury,Unknown,Unknown,Yes,35.25503,-80.89756,Dry,Unknown,No Control Present,Clear,No,1,0,9
No,10.0,No,With Traffic,O: No Injury,Female,Charlotte,Mecklenburg,No,Monday,Backing Vehicle,17.0,September,Backing Vehicle,2007,34.0,No,O: No Injury,Female,Passenger Car,No,35.295414,-80.694275,Dry,20 - 25  MPH,No Control Present,Clear,No,0,0,9
Yes,15.0,No,Not Applicable,B: Suspected Minor Injury,Female,Charlotte,Mecklenburg,No,Thursday,Bicyclist Failed to Yield - Midblock,17.0,May,Bicyclist Ride Out - Residential Driveway,2007,41.0,No,O: No Injury,Female,Passenger Car,No,35.25054,-80.82937,Dry,30 - 35  MPH,No Control Present,Clear,No,0,0,5
No,12.0,No,With Traffic,B: Suspected Minor Injury,Male,Burlington,Alamance,No,Friday,Bicyclist Failed to Yield - Sign-Controlled Intersection,17.0,June,Bicyclist Ride Through - Sign-Controlled Intersection,2007,22.0,No,O: No Injury,Female,Passenger Car,No,36.075718,-79.42544,Dry,30 - 35  MPH,Stop Sign,Clear,No,0,0,6
Yes,48.0,No,With Traffic,B: Suspected Minor Injury,Male,Lewisville,Forsyth,No,Friday,Motorist Failed to Yield - Sign-Controlled Intersection,16.0,June,Motorist Drive Out - Sign-Controlled Intersection,2007,17.0,No,O: No Injury,Male,Passenger Car,No,36.112484,-80.403244,Dry,40 - 45  MPH,Stop Sign,Clear,No,0,0,6
Yes,22.0,No,Facing Traffic,C: Possible Injury,Male,Charlotte,Mecklenburg,No,Wednesday,Motorist Failed to Yield - Midblock,7.0,May,Motorist Drive Out - Commercial Driveway / Alley,2007,28.0,No,O: No Injury,Female,Passenger Car,No,35.24888,-80.78098,Dry,30 - 35  MPH,Stop Sign,Clear,No,0,0,5
Yes,25.0,No,With Traffic,C: Possible Injury,Male,Fayetteville,Cumberland,No,Monday,Loss of Control / Turning Error,8.0,August,Bicyclist Turning Error - Left Turn,2007,52.0,No,O: No Injury,Female,Sport Utility,No,35.087185,-78.98632,Dry,20 - 25  MPH,Stop Sign,Cloudy,No,0,0,8
No,8.0,No,With Traffic,C: Possible Injury,Male,High Point,Guilford,No,Saturday,Bicyclist Failed to Yield - Sign-Controlled Intersection,11.0,June,Bicyclist Ride Through - Sign-Controlled Intersection,2007,30.0,No,O: No Injury,Female,Sport Utility,No,36.005993,-79.97991,Dry,30 - 35  MPH,Stop Sign,Clear,No,0,0,6
Yes,52.0,No,With Traffic,B: Suspected Minor Injury,Male,Charlotte,Mecklenburg,No,Sunday,Motorist Failed to Yield - Sign-Controlled Intersection,16.0,September,Motorist Drive Out - Sign-Controlled Intersection,2007,55.0,No,O: No Injury,Male,Passenger Car,No,35.183517,-80.83978,Dry,30 - 35  MPH,Stop Sign,Clear,No,0,0,9
No,10.0,No,With Traffic,O: No Injury,Male,Durham,Durham,No,Saturday,Bicyclist Left Turn / Merge,19.0,September,Bicyclist Left Turn - Same Direction,2007,35.0,No,O: No Injury,Female,Passenger Car,No,35.987988,-78.826965,Dry,5 - 15 MPH,No Control Present,Clear,No,0,0,9
Yes,44.0,No,With Traffic,B: Suspected Minor Injury,Male,None - Rural Crash,Guilford,No,Monday,Motorist Failed to Yield - Sign-Controlled Intersection,6.0,June,Motorist Drive Out - Sign-Controlled Intersection,2007,50.0,No,O: No Injury,Male,Passenger Car,No,36.15143,-79.932045,Dry,30 - 35  MPH,Stop Sign,Clear,No,0,0,6
No,14.0,No,With Traffic,C: Possible Injury,Male,None - Rural Crash,Scotland,No,Monday,Bicyclist Left Turn / Merge,18.0,June,Bicyclist Left Turn - Same Direction,2007,26.0,No,O: No Injury,Female,Passenger Car,No,34.848648,-79.52091,Dry,50 - 55  MPH,No Control Present,Clear,No,0,0,6
Yes,66.0,No,Not Applicable,C: Possible Injury,Male,Fayetteville,Cumberland,No,Tuesday,Bicyclist Failed to Yield - Midblock,20.0,June,Bicyclist Ride Out - Midblock - Unknown,2007,39.0,No,O: No Injury,Female,Passenger Car,No,35.029808,-78.933716,Dry,40 - 45  MPH,No Control Present,Clear,No,0,0,6
No,26.0,No,Facing Traffic,C: Possible Injury,Male,Raleigh,Wake,No,Tuesday,Motorist Failed to Yield - Sign-Controlled Intersection,13.0,June,Motorist Drive Out - Sign-Controlled Intersection,2007,41.0,No,O: No Injury,Female,Passenger Car,No,35.800056,-78.56247,Dry,5 - 15 MPH,Stop Sign,Clear,No,0,0,6
Yes,14.0,No,Facing Traffic,C: Possible Injury,Male,Fayetteville,Cumberland,No,Wednesday,Motorist Failed to Yield - Sign-Controlled Intersection,12.0,June,Motorist Drive Out - Sign-Controlled Intersection,2007,20.0,No,O: No Injury,Male,Passenger Car,No,35.059887,-79.01058,Dry,5 - 15 MPH,Stop Sign,Clear,No,0,0,6
Yes,19.0,No,With Traffic,C: Possible Injury,Male,Charlotte,Mecklenburg,No,Wednesday,Motorist Overtaking Bicyclist,19.0,August,Motorist Overtaking - Other / Unknown,2007,42.03850604944766,Missing,Unknown Injury,Unknown,Unknown,Yes,35.242146,-80.88327,Dry,Unknown,No Control Present,Clear,No,1,0,8
Yes,45.0,No,With Traffic,C: Possible Injury,Male,Wilmington,New Hanover,No,Wednesday,Motorist Left Turn / Merge,17.0,June,Motorist Left Turn - Opposite Direction,2007,35.0,No,O: No Injury,Male,Sport Utility,No,34.202225,-77.92314,Dry,30 - 35  MPH,Stop And Go Signal,Clear,No,0,0,6
Yes,13.0,No,Facing Traffic,B: Suspected Minor Injury,Male,None - Rural Crash,Surry,No,Wednesday,Bicyclist Failed to Yield - Sign-Controlled Intersection,16.0,June,Bicyclist Ride Through - Sign-Controlled Intersection,2007,20.0,No,O: No Injury,Male,Pickup,No,36.45296,-80.54122,Dry,50 - 55  MPH,Stop Sign,Clear,No,0,0,6
Yes,13.0,No,Not Applicable,A: Suspected Serious Injury,Male,None - Rural Crash,Harnett,No,Thursday,Bicyclist Failed to Yield - Signalized Intersection,17.0,June,Bicyclist Ride Out - Signalized  Intersection,2007,42.0,No,O: No Injury,Male,Pickup,No,35.22448,-78.93824,Dry,40 - 45  MPH,Stop And Go Signal,Clear,No,0,0,6
Yes,36.0,No,With Traffic,B: Suspected Minor Injury,Male,Rockingham,Richmond,No,Thursday,Motorist Overtaking Bicyclist,20.0,June,Motorist Overtaking - Other / Unknown,2007,42.03850604944766,Missing,Unknown Injury,Unknown,Passenger Car,Yes,34.922966,-79.755196,Dry,30 - 35  MPH,No Control Present,Clear,No,1,0,6
Yes,32.0,Yes,With Traffic,B: Suspected Minor Injury,Female,Asheville,Buncombe,Yes,Thursday,Motorist Left Turn / Merge,1.0,June,Motorist Left Turn - Opposite Direction,2007,26.0,No,O: No Injury,Male,Passenger Car,No,35.59895,-82.553505,Dry,30 - 35  MPH,Stop And Go Signal,Clear,No,0,0,6
Yes,26.0,No,With Traffic,B: Suspected Minor Injury,Male,Asheville,Buncombe,No,Friday,Bicyclist Overtaking Motorist,13.0,June,Bicyclist Overtaking - Passing on Left,2007,60.0,No,O: No Injury,Female,Passenger Car,No,35.584328,-82.56653,Dry,20 - 25  MPH,"Double Yellow Line, No Passing Zone",Clear,No,0,0,6
Yes,28.0,No,Facing Traffic,C: Possible Injury,Male,Charlotte,Mecklenburg,No,Thursday,Motorist Failed to Yield - Midblock,16.0,September,Motorist Drive Out - Commercial Driveway / Alley,2007,43.0,No,O: No Injury,Male,Sport Utility,No,35.12533,-80.9435,Dry,5 - 15 MPH,Stop Sign,Clear,No,0,0,9
No,44.0,No,With Traffic,O: No Injury,Male,Charlotte,Mecklenburg,No,Thursday,Motorist Failed to Yield - Sign-Controlled Intersection,18.0,September,Motorist Drive Out - Sign-Controlled Intersection,2007,32.0,No,O: No Injury,Female,Passenger Car,No,35.196415,-80.83864,Dry,30 - 35  MPH,Stop Sign,Cloudy,No,0,0,9
No,4.0,No,Unknown,C: Possible Injury,Male,Charlotte,Mecklenburg,No,Monday,Non-Roadway,16.0,May,Non-Roadway,2007,30.0,No,O: No Injury,Female,Passenger Car,No,35.20945,-80.74475,Dry,5 - 15 MPH,No Control Present,Clear,No,0,0,5
Yes,15.0,No,With Traffic,B: Suspected Minor Injury,Male,Mint Hill,Mecklenburg,No,Friday,Bicyclist Failed to Yield - Sign-Controlled Intersection,18.0,June,Bicyclist Ride Through - Sign-Controlled Intersection,2007,51.0,No,O: No Injury,Female,Passenger Car,No,35.164536,-80.691505,Wet,30 - 35  MPH,Stop Sign,Rain,No,0,0,6
No,51.0,No,Unknown,C: Possible Injury,Male,Raleigh,Wake,No,Saturday,Non-Roadway,22.0,June,Non-Roadway,2007,42.03850604944766,Missing,Unknown Injury,Unknown,Pickup,Yes,35.797234,-78.57758,Dry,5 - 15 MPH,No Control Present,Cloudy,No,1,0,6
Yes,47.0,No,With Traffic,C: Possible Injury,Male,Rocky Mount,Nash,No,Saturday,Bicyclist Overtaking Motorist,15.0,June,Bicyclist Overtaking - Parked Vehicle,2007,42.03850604944766,Missing,Unknown Injury,Unknown,Van,No,35.93954,-77.80198,Dry,20 - 25  MPH,No Control Present,Clear,No,1,0,6
Yes,11.0,No,Not Applicable,B: Suspected Minor Injury,Male,None - Rural Crash,Buncombe,No,Sunday,Bicyclist Failed to Yield - Midblock,22.0,June,Bicyclist Ride Out - Residential Driveway,2007,32.0,No,O: No Injury,Male,Pickup,No,35.511692,-82.281456,Dry,50 - 55  MPH,"Double Yellow Line, No Passing Zone",Clear,No,0,0,6
Yes,29.0,No,Facing Traffic,B: Suspected Minor Injury,Male,Charlotte,Mecklenburg,No,Friday,Loss of Control / Turning Error,15.0,September,Motorist Turning Error - Right Turn,2007,42.0,No,O: No Injury,Male,Passenger Car,No,35.340282,-80.766045,Dry,40 - 45  MPH,No Control Present,Cloudy,No,0,0,9
Yes,28.0,No,With Traffic,B: Suspected Minor Injury,Male,Charlotte,Mecklenburg,No,Sunday,Bicyclist Left Turn / Merge,10.0,September,Bicyclist Left Turn - Same Direction,2007,35.0,No,O: No Injury,Male,Sport Utility,No,35.139812,-80.84296,Dry,20 - 25  MPH,Stop Sign,Clear,No,0,0,9
Yes,9.0,No,Facing Traffic,A: Suspected Serious Injury,Male,Winston-Salem,Forsyth,No,Saturday,Bicyclist Failed to Yield - Sign-Controlled Intersection,19.0,June,Bicyclist Ride Through - Sign-Controlled Intersection,2007,37.0,No,A: Suspected Serious Injury,Female,Passenger Car,No,36.120785,-80.226974,Dry,30 - 35  MPH,Stop Sign,Clear,No,0,0,6
Yes,29.0,No,Unknown,B: Suspected Minor Injury,Male,High Point,Guilford,No,Sunday,Bicyclist Failed to Yield - Sign-Controlled Intersection,15.0,June,Bicyclist Ride Through - Sign-Controlled Intersection,2007,53.0,No,Unknown Injury,Female,Pickup,No,35.95269,-79.98966,Dry,30 - 35  MPH,Stop Sign,Clear,No,0,0,6
Yes,51.0,No,With Traffic,C: Possible Injury,Male,Salisbury,Rowan,No,Monday,Motorist Left Turn / Merge,10.0,September,Motorist Left Turn - Opposite Direction,2007,64.0,No,O: No Injury,Female,Passenger Car,No,35.672695,-80.46983,Dry,30 - 35  MPH,Stop And Go Signal,Clear,No,0,0,9
Yes,18.0,No,Facing Traffic,C: Possible Injury,Male,Jacksonville,Onslow,No,Monday,Motorist Failed to Yield - Midblock,16.0,June,Motorist Drive Out - Commercial Driveway / Alley,2007,23.0,No,O: No Injury,Male,Passenger Car,No,34.785446,-77.42511,Dry,40 - 45  MPH,Stop Sign,Clear,No,0,0,6
Yes,55.0,No,With Traffic,C: Possible Injury,Male,Southern Pines,Moore,No,Saturday,Motorist Failed to Yield - Sign-Controlled Intersection,10.0,June,Motorist Drive Out - Sign-Controlled Intersection,2007,43.0,No,O: No Injury,Female,Pickup,No,35.170544,-79.39698,Dry,30 - 35  MPH,Stop Sign,Clear,No,0,0,6
Yes,11.0,No,Unknown,B: Suspected Minor Injury,Male,Cary,Wake,No,Sunday,Crossing Paths - Other Circumstances,18.0,September,Crossing Paths - Intersection - Other / Unknown,2007,51.0,No,O: No Injury,Female,Passenger Car,No,35.76429,-78.76794,Dry,20 - 25  MPH,No Control Present,Clear,No,0,0,9
No,20.0,No,Facing Traffic,O: No Injury,Male,Charlotte,Mecklenburg,No,Monday,Crossing Paths - Other Circumstances,16.0,September,Crossing Paths - Midblock - Other / Unknown,2007,55.0,No,O: No Injury,Female,Passenger Car,No,35.198784,-80.74199,Dry,5 - 15 MPH,No Control Present,Clear,No,0,0,9
Yes,13.0,No,With Traffic,B: Suspected Minor Injury,Male,Elon College,Alamance,No,Monday,Bicyclist Left Turn / Merge,14.0,June,Bicyclist Left Turn - Same Direction,2007,16.0,No,O: No Injury,Female,Passenger Car,No,36.08698,-79.512054,Unknown,30 - 35  MPH,Stop Sign,Clear,No,0,0,6
No,32.0,No,With Traffic,C: Possible Injury,Male,None - Rural Crash,Rockingham,No,Tuesday,Motorist Overtaking Bicyclist,21.0,June,Motorist Overtaking - Misjudged Space,2007,42.03850604944766,Missing,Unknown Injury,Unknown,Unknown,Yes,36.41708,-79.68694,Dry,50 - 55  MPH,No Control Present,Clear,No,1,0,6
No,29.0,No,With Traffic,C: Possible Injury,Female,Durham,Durham,No,Monday,Motorist Left Turn / Merge,19.0,September,Motorist Left Turn - Opposite Direction,2007,23.0,No,O: No Injury,Female,Passenger Car,No,35.996624,-78.921196,Dry,30 - 35  MPH,Stop Sign,Clear,No,0,0,9
No,4.0,No,Not Applicable,B: Suspected Minor Injury,Male,Clemmons,Forsyth,No,Wednesday,Bicyclist Failed to Yield - Midblock,14.0,June,Bicyclist Ride Out - Residential Driveway,2007,62.0,No,O: No Injury,Male,Pickup,No,36.02645,-80.38132,Dry,30 - 35  MPH,No Control Present,Clear,No,0,0,6
Yes,9.0,No,Unknown,C: Possible Injury,Male,Greensboro,Guilford,No,Tuesday,Non-Roadway,17.0,June,Non-Roadway,2007,24.0,No,O: No Injury,Female,Passenger Car,No,36.08717,-79.75323,Dry,Unknown,No Control Present,Clear,No,0,0,6
Yes,56.0,No,With Traffic,B: Suspected Minor Injury,Male,Charlotte,Mecklenburg,No,Monday,Motorist Left Turn / Merge,6.0,September,Motorist Left Turn - Opposite Direction,2007,62.0,No,O: No Injury,Male,Passenger Car,No,35.284187,-80.83558,Dry,40 - 45  MPH,No Control Present,Clear,Yes,0,0,9
Yes,48.0,Yes,With Traffic,A: Suspected Serious Injury,Male,None - Rural Crash,Buncombe,Yes,Thursday,Motorist Overtaking Bicyclist,21.0,June,Motorist Overtaking - Undetected Bicyclist,2007,37.0,No,O: No Injury,Female,Passenger Car,No,35.454765,-82.52196,Wet,40 - 45  MPH,No Control Present,Cloudy,No,0,0,6
Yes,22.0,No,With Traffic,B: Suspected Minor Injury,Male,Charlotte,Mecklenburg,No,Tuesday,Motorist Right Turn / Merge,13.0,September,Motorist Right Turn - Same Direction,2007,22.0,No,O: No Injury,Female,Passenger Car,No,35.20065,-80.843025,Dry,30 - 35  MPH,No Control Present,Clear,No,0,0,9
Yes,8.0,No,With Traffic,B: Suspected Minor Injury,Female,Dunn,Harnett,No,Thursday,Bicyclist Failed to Yield - Sign-Controlled Intersection,19.0,June,Bicyclist Ride Through - Sign-Controlled Intersection,2007,22.0,No,O: No Injury,Male,Van,No,35.301502,-78.60502,Dry,30 - 35  MPH,Stop Sign,Cloudy,No,0,0,6
No,6.0,No,Not Applicable,C: Possible Injury,Male,Cleveland,Rowan,No,Tuesday,Bicyclist Failed to Yield - Midblock,8.0,September,Bicyclist Ride Out - Commercial Driveway / Alley,2007,65.0,No,O: No Injury,Male,Tractor/Semi-Trailer,No,35.730625,-80.69578,Dry,50 - 55  MPH,No Control Present,Clear,No,0,0,9
Yes,14.0,No,Unknown,B: Suspected Minor Injury,Male,Charlotte,Mecklenburg,No,Tuesday,Motorist Failed to Yield - Sign-Controlled Intersection,17.0,September,Motorist Drive Through - Sign-Controlled Intersection,2007,57.0,No,O: No Injury,Female,Passenger Car,No,35.277252,-80.778206,Dry,30 - 35  MPH,No Control Present,Clear,No,0,0,9
Yes,19.0,No,Not Applicable,B: Suspected Minor Injury,Male,None - Rural Crash,Montgomery,No,Friday,Bicyclist Failed to Yield - Midblock,17.0,June,Bicyclist Ride Out - Other Midblock,2007,20.0,No,O: No Injury,Female,Sport Utility,No,35.21646,-80.02519,Dry,50 - 55  MPH,"Double Yellow Line, No Passing Zone",Clear,No,0,0,6
Yes,16.0,No,Facing Traffic,C: Possible Injury,Male,Wilson,Wilson,No,Friday,Bicyclist Failed to Yield - Signalized Intersection,14.0,June,Bicyclist Ride Through - Signalized Intersection,2007,18.0,No,O: No Injury,Male,Passenger Car,No,35.72504,-77.91017,Dry,30 - 35  MPH,Stop And Go Signal,Clear,No,0,0,6
No,20.0,No,Facing Traffic,O: No Injury,Female,Atlantic Beach,Carteret,No,Saturday,Motorist Failed to Yield - Midblock,8.0,June,Motorist Drive Out - Commercial Driveway / Alley,2007,41.0,No,O: No Injury,Female,Passenger Car,No,34.701176,-76.742256,Dry,30 - 35  MPH,No Control Present,Clear,No,0,0,6
Yes,41.0,No,With Traffic,O: No Injury,Male,Charlotte,Mecklenburg,No,Friday,Motorist Right Turn / Merge,14.0,September,Motorist Right Turn - Same Direction,2007,45.0,No,O: No Injury,Female,Sport Utility,No,35.189297,-80.8304,Wet,30 - 35  MPH,Stop And Go Signal,Rain,No,0,0,9
Yes,31.0,No,With Traffic,A: Suspected Serious Injury,Female,Charlotte,Mecklenburg,Yes,Friday,Motorist Overtaking Bicyclist,23.0,May,Motorist Overtaking - Other / Unknown,2007,35.0,Yes,O: No Injury,Male,Sport Utility,No,35.374477,-80.80304,Dry,40 - 45  MPH,"Double Yellow Line, No Passing Zone",Cloudy,No,0,0,5
No,15.0,No,Facing Traffic,Unknown Injury,Unknown,Raleigh,Wake,No,Sunday,Motorist Failed to Yield - Signalized Intersection,16.0,June,Motorist Drive Out - Right Turn on Red,2007,54.0,No,O: No Injury,Female,"Light Truck (Mini-Van, Panel)",No,35.75647,-78.61254,Dry,40 - 45  MPH,Stop And Go Signal,Clear,No,0,0,6
Yes,13.0,No,With Traffic,B: Suspected Minor Injury,Male,Durham,Durham,No,Thursday,Bicyclist Failed to Yield - Sign-Controlled Intersection,12.0,September,Bicyclist Ride Through - Sign-Controlled Intersection,2007,21.0,No,O: No Injury,Female,Van,No,36.082405,-78.891525,Dry,40 - 45  MPH,Stop Sign,Clear,No,0,0,9
Yes,42.0,No,Facing Traffic,C: Possible Injury,Male,Rocky Mount,Nash,No,Monday,Bicyclist Failed to Yield - Signalized Intersection,9.0,June,Bicyclist Ride Through - Signalized Intersection,2007,54.0,No,O: No Injury,Female,Passenger Car,No,35.955982,-77.82265,Dry,30 - 35  MPH,Stop And Go Signal,Clear,No,0,0,6
Yes,15.0,No,With Traffic,K: Killed,Female,None - Rural Crash,Wake,No,Tuesday,Bicyclist Failed to Yield - Signalized Intersection,19.0,June,Bicyclist Ride Through - Signalized Intersection,2007,60.0,No,O: No Injury,Female,Sport Utility,No,35.88315,-78.51006,Dry,40 - 45  MPH,Stop And Go Signal,Clear,No,0,0,6
No,22.0,No,With Traffic,B: Suspected Minor Injury,Female,Jamestown,Guilford,No,Thursday,Bicyclist Left Turn / Merge,18.0,June,Bicyclist Left Turn - Same Direction,2007,39.0,No,O: No Injury,Female,Passenger Car,No,36.012764,-79.94786,Dry,40 - 45  MPH,"Double Yellow Line, No Passing Zone",Clear,No,0,0,6
Yes,7.0,No,Not Applicable,B: Suspected Minor Injury,Female,Roanoke Rapids,Halifax,No,Thursday,Bicyclist Failed to Yield - Midblock,19.0,June,Bicyclist Ride Out - Commercial Driveway / Alley,2007,28.0,No,O: No Injury,Male,Passenger Car,No,36.46802,-77.65189,Dry,20 - 25  MPH,No Control Present,Clear,No,0,0,6
Yes,11.0,No,Unknown,B: Suspected Minor Injury,Female,None - Rural Crash,Buncombe,No,Friday,Non-Roadway,19.0,June,Non-Roadway,2007,17.0,No,Unknown Injury,Unknown,Unknown,Yes,35.71872,-82.60283,Dry,5 - 15 MPH,No Control Present,Clear,No,0,0,6
No,27.0,No,Facing Traffic,C: Possible Injury,Female,Fayetteville,Cumberland,No,Tuesday,Motorist Failed to Yield - Sign-Controlled Intersection,14.0,September,Motorist Drive Out - Sign-Controlled Intersection,2007,59.0,No,O: No Injury,Male,Passenger Car,No,35.07221,-78.8836,Dry,Unknown,Stop Sign,Clear,No,0,0,9
No,13.0,No,Unknown,B: Suspected Minor Injury,Female,Charlotte,Mecklenburg,No,Tuesday,Motorist Right Turn / Merge,18.0,September,Motorist Right Turn - Opposite Direction,2007,48.0,No,O: No Injury,Female,Pickup,No,35.09571,-80.788635,Dry,40 - 45  MPH,Stop And Go Signal,Clear,No,0,0,9
Yes,45.0,No,With Traffic,K: Killed,Male,None - Rural Crash,Granville,No,Sunday,Motorist Overtaking Bicyclist,22.0,April,Motorist Overtaking - Undetected Bicyclist,2007,42.03850604944766,Missing,Unknown Injury,Unknown,Unknown,Yes,36.294113,-78.54672,Wet,20 - 25  MPH,No Control Present,Rain,No,1,0,4