AmbulanceR,BikeAge,BikeAlcFlg,BikeDir,BikeInjury,BikeSex,City,County,CrashAlcoh,CrashDay,CrashGrp,CrashHour,CrashMonth,CrashType,CrashYear,DrvrAge,DrvrAlcFlg,DrvrInjury,DrvrSex,DrvrVehTyp,HitRun,Latitude,Longitude,RdConditio,SpeedLimit,TraffCntrl,Weather,Workzone,DrvrAgeImputedFlag,BikeAgeImputedFlag,MonthCode
Yes,14.0,No,Not Applicable,B: Suspected Minor Injury,Male,None - Rural Crash,Burke,No,Thursday,Bicyclist Failed to Yield - Midblock,16.0,June,Bicyclist Ride Out - Residential Driveway,2007,21.0,No,O: No Injury,Male,Pickup,No,35.6758,-81.79727,Dry,40 - 45  MPH,"Double Yellow Line, No Passing Zone",Clear,No,0,0,6
Yes,17.0,No,Not Applicable,C: Possible Injury,Male,Farmville,Pitt,No,Thursday,Crossing Paths - Other Circumstances,15.0,June,Crossing Paths - Intersection - Other / Unknown,2007,63.0,No,O: No Injury,Male,Passenger Car,No,35.58893,-77.59163,Dry,30 - 35  MPH,No Control Present,Clear,No,0,0,6
Yes,17.0,No,With Traffic,A: Suspected Serious Injury,Male,None - Rural Crash,Wilson,No,Friday,Bicyclist Left Turn / Merge,12.0,June,Bicyclist Left Turn - Same Direction,2007,34.0,No,O: No Injury,Male,Passenger Car,No,35.825718,-77.856865,Dry,50 - 55  MPH,No Control Present,Clear,No,0,0,6
No,22.0,No,With Traffic,O: No Injury,Male,None - Rural Crash,Iredell,No,Saturday,Motorist Overtaking Bicyclist,21.0,June,Motorist Overtaking - Undetected Bicyclist,2007,50.0,No,O: No Injury,Female,Van,No,35.659843,-80.80211,Dry,50 - 55  MPH,"Double Yellow Line, No Passing Zone",Clear,No,0,0,6
Yes,37.0,Yes,With Traffic,C: Possible Injury,Male,Durham,Durham,Yes,Wednesday,Motorist Failed to Yield - Midblock,16.0,September,Motorist Drive Out - Commercial Driveway / Alley,2007,55.0,No,O: No Injury,Female,Passenger Car,No,36.02818,-78.91515,Dry,30 - 35  MPH,Stop Sign,Clear,No,0,0,9
Yes,46.0,No,With Traffic,B: Suspected Minor Injury,Male,Charlotte,Mecklenburg,No,Wednesday,Motorist Failed to Yield - Sign-Controlled Intersection,19.0,September,Motorist Drive Out - Sign-Controlled Intersection,2007,56.0,No,O: No Injury,Male,Passenger Car,No,35.209763,-80.874054,Dry,20 - 25  MPH,No Control Present,Clear,No,0,0,9
Yes,11.0,No,Not Applicable,B: Suspected Minor Injury,Male,None - Rural Crash,Currituck,No,Saturday,Bicyclist Failed to Yield - Midblock,14.0,June,Bicyclist Ride Out - Other Midblock,2007,46.0,No,O: No Injury,Female,Sport Utility,No,36.25345,-75.78425,Dry,20 - 25  MPH,No Control Present,Clear,No,0,0,6
No,30.0,Yes,Facing Traffic,B: Suspected Minor Injury,Male,None - Rural Crash,Hyde,Yes,Sunday,Loss of Control / Turning Error,0.0,June,Motorist Lost Control - Other / Unknown,2007,48.0,Yes,O: No Injury,Male,Passenger Car,No,35.407093,-76.33018,Dry,30 - 35  MPH,"Double Yellow Line, No Passing Zone",Clear,No,0,0,6
No,20.0,No,Facing Traffic,O: No Injury,Male,Morehead City,Carteret,No,Sunday,Motorist Failed to Yield - Midblock,15.0,June,Motorist Drive Out - Commercial Driveway / Alley,2007,27.0,No,O: No Injury,Male,Sport Utility,No,34.727337,-76.769615,Dry,30 - 35  MPH,No Control Present,Clear,No,0,0,6
Yes,14.0,No,With Traffic,B: Suspected Minor Injury,Male,Southern Shores,Dare,No,Sunday,Motorist Left Turn / Merge,21.0,June,Motorist Left Turn - Opposite Direction,2007,42.03850604944766,Missing,Unknown Injury,Unknown,Unknown,Yes,36.12929,-75.74027,Dry,20 - 25  MPH,Stop Sign,Clear,No,1,0,6
No,23.0,No,With Traffic,B: Suspected Minor Injury,Male,Wilson,Wilson,No,Sunday,Motorist Failed to Yield - Signalized Intersection,12.0,June,Motorist Drive Out - Signalized Intersection,2007,42.03850604944766,Missing,Unknown Injury,Unknown,Unknown,Yes,35.721245,-77.91585,Dry,40 - 45  MPH,Stop And Go Signal,Clear,No,1,0,6
Yes,53.0,No,Facing Traffic,A: Suspected Serious Injury,Female,None - Rural Crash,Dare,No,Monday,Motorist Left Turn / Merge,16.0,June,Motorist Left Turn - Same Direction,2007,23.0,No,O: No Injury,Female,"Light Truck (Mini-Van, Panel)",No,35.351765,-75.503296,Dry,30 - 35  MPH,"Double Yellow Line, No Passing Zone",Clear,No,0,0,6
No,12.0,No,With Traffic,B: Suspected Minor Injury,Female,Raleigh,Wake,No,Monday,Bicyclist Failed to Yield - Sign-Controlled Intersection,15.0,June,Bicyclist Ride Out - Sign-Controlled Intersection,2007,21.0,No,O: No Injury,Female,Passenger Car,No,35.78253,-78.62061,Dry,30 - 35  MPH,Stop Sign,Clear,No,0,0,6
Yes,24.0,No,Facing Traffic,O: No Injury,Male,Hickory,Catawba,No,Monday,Motorist Failed to Yield - Sign-Controlled Intersection,19.0,June,Motorist Drive Out - Sign-Controlled Intersection,2007,43.0,No,O: No Injury,Female,Passenger Car,No,35.7105,-81.29479,Dry,40 - 45  MPH,Stop Sign,Cloudy,No,0,0,6
Yes,16.0,No,With Traffic,B: Suspected Minor Injury,Male,None - Rural Crash,Onslow,No,Tuesday,Bicyclist Left Turn / Merge,17.0,June,Bicyclist Left Turn - Opposite Direction,2007,23.0,No,O: No Injury,Male,Pickup,No,34.698425,-77.23439,Dry,50 - 55  MPH,No Control Present,Clear,No,0,0,6
Yes,16.0,No,Facing Traffic,B: Suspected Minor Injury,Male,Randleman,Randolph,No,Friday,Bicyclist Failed to Yield - Signalized Intersection,19.0,September,Bicyclist Ride Through - Signalized Intersection,2007,67.0,No,O: No Injury,Male,Pickup,No,35.8231,-79.8212,Dry,30 - 35  MPH,Stop And Go Signal,Clear,No,0,0,9
Yes,25.0,No,With Traffic,B: Suspected Minor Injury,Male,None - Rural Crash,Orange,No,Saturday,Motorist Left Turn / Merge,19.0,June,Motorist Left Turn - Opposite Direction,2007,42.03850604944766,No,Unknown Injury,Unknown,Pickup,Yes,36.03295,-79.05684,Dry,40 - 45  MPH,"Double Yellow Line, No Passing Zone",Clear,No,1,0,6
No,32.52649525389365,Missing,Unknown,Unknown Injury,Unknown,Fayetteville,Cumberland,No,Saturday,Bicyclist Failed to Yield - Midblock,19.0,June,Bicyclist Ride Out - Midblock - Unknown,2007,36.0,No,O: No Injury,Female,Sport Utility,No,35.044807,-78.95712,Dry,20 - 25  MPH,Stop And Go Signal,Clear,No,0,1,6
Yes,49.0,No,With Traffic,K: Killed,Female,Raleigh,Wake,No,Monday,Motorist Failed to Yield - Sign-Controlled Intersection,16.0,June,Motorist Drive Out - Sign-Controlled Intersection,2007,65.0,No,O: No Injury,Female,Passenger Car,No,35.773453,-78.73626,Dry,30 - 35  MPH,Stop Sign,Clear,No,0,0,6
Yes,38.0,No,With Traffic,B: Suspected Minor Injury,Male,None - Rural Crash,Currituck,No,Monday,Motorist Overtaking Bicyclist,11.0,June,Motorist Overtaking - Bicyclist Swerved,2007,68.0,No,O: No Injury,Male,Sport Utility,No,36.323803,-75.8167,Dry,40 - 45  MPH,No Control Present,Clear,No,0,0,6
Yes,22.0,No,Unknown,B: Suspected Minor Injury,Male,Hickory,Catawba,No,Tuesday,Bicyclist Failed to Yield - Sign-Controlled Intersection,21.0,June,Bicyclist Ride Through - Sign-Controlled Intersection,2007,21.0,No,O: No Injury,Female,Passenger Car,No,35.745693,-81.29968,Dry,30 - 35  MPH,Stop Sign,Clear,No,0,0,6
Yes,22.0,No,Facing Traffic,B: Suspected Minor Injury,Male,Southern Pines,Moore,No,Wednesday,Motorist Right Turn / Merge,17.0,June,Motorist Right Turn - Opposite Direction,2007,25.0,No,O: No Injury,Female,Passenger Car,No,35.160316,-79.4112,Dry,40 - 45  MPH,Stop Sign,Clear,No,0,0,6
Yes,32.52649525389365,No,Facing Traffic,Unknown Injury,Unknown,Charlotte,Mecklenburg,No,Tuesday,Motorist Failed to Yield - Sign-Controlled Intersection,18.0,October,Motorist Drive Out - Sign-Controlled Intersection,2007,49.0,No,O: No Injury,Female,Sport Utility,No,35.341797,-80.75442,Dry,30 - 35  MPH,Stop Sign,Clear,No,0,1,10
Yes,13.0,No,Not Applicable,B: Suspected Minor Injury,Male,Wilmington,New Hanover,No,Wednesday,Bicyclist Failed to Yield - Midblock,12.0,June,Bicyclist Ride Out - Commercial Driveway / Alley,2007,20.0,No,O: No Injury,Female,Passenger Car,No,34.26139,-77.830086,Dry,40 - 45  MPH,No Control Present,Clear,No,0,0,6
No,16.0,No,Unknown,C: Possible Injury,Male,None - Rural Crash,Guilford,No,Thursday,Non-Roadway,17.0,June,Non-Roadway,2007,32.0,No,O: No Injury,Male,Passenger Car,No,36.130672,-79.93471,Dry,5 - 15 MPH,No Control Present,Cloudy,No,0,0,6
No,35.0,No,With Traffic,O: No Injury,Male,Stallings,Union,No,Wednesday,Motorist Overtaking Bicyclist,8.0,October,Motorist Overtaking - Other / Unknown,2007,42.03850604944766,Missing,Unknown Injury,Unknown,Pickup,Yes,35.085304,-80.69663,Dry,30 - 35  MPH,No Control Present,Clear,No,1,0,10
Yes,16.0,No,Not Applicable,B: Suspected Minor Injury,Male,Durham,Durham,No,Tuesday,Bicyclist Failed to Yield - Midblock,15.0,October,Bicyclist Ride Out - Commercial Driveway / Alley,2007,24.0,No,O: No Injury,Female,Van,No,36.011574,-78.88596,Dry,20 - 25  MPH,No Control Present,Clear,No,0,0,10
No,14.0,No,Unknown,B: Suspected Minor Injury,Male,Burlington,Alamance,No,Friday,Non-Roadway,14.0,June,Non-Roadway,2007,35.0,No,O: No Injury,Female,Passenger Car,No,36.091724,-79.390274,Dry,Unknown,No Control Present,Clear,No,0,0,6
Yes,14.0,No,Not Applicable,B: Suspected Minor Injury,Male,None - Rural Crash,Brunswick,No,Friday,Bicyclist Failed to Yield - Midblock,12.0,June,Bicyclist Ride Out - Commercial Driveway / Alley,2007,51.0,No,O: No Injury,Male,Van,No,33.899136,-78.55212,Dry,40 - 45  MPH,Stop And Go Signal,Clear,No,0,0,6
No,14.0,No,Unknown,C: Possible Injury,Male,Durham,Durham,No,Wednesday,Non-Roadway,16.0,October,Non-Roadway,2007,38.0,No,O: No Injury,Male,Passenger Car,No,36.049355,-78.905075,Dry,5 - 15 MPH,No Control Present,Clear,No,0,0,10
Yes,51.0,No,Facing Traffic,C: Possible Injury,Male,Wilson,Wilson,No,Friday,Crossing Paths - Other Circumstances,14.0,June,Crossing Paths - Intersection - Other / Unknown,2007,44.0,No,O: No Injury,Female,Passenger Car,No,35.71947,-77.94845,Dry,40 - 45  MPH,No Control Present,Cloudy,No,0,0,6
Yes,37.0,No,With Traffic,B: Suspected Minor Injury,Male,Huntersville,Mecklenburg,No,Wednesday,Loss of Control / Turning Error,7.0,August,Bicyclist Lost Control - Mechanical Problems,2007,58.0,No,O: No Injury,Male,Single Unit Truck (3 Or More Axles),No,35.410664,-80.842896,Dry,20 - 25  MPH,Stop And Go Signal,Clear,No,0,0,8
Yes,12.0,No,Unknown,B: Suspected Minor Injury,Male,Rocky Mount,Nash,No,Saturday,Loss of Control / Turning Error,21.0,June,Bicyclist Lost Control - Mechanical Problems,2007,39.0,No,O: No Injury,Male,Sport Utility,No,35.94466,-77.804115,Dry,30 - 35  MPH,Stop Sign,Cloudy,No,0,0,6
Yes,13.0,No,Facing Traffic,B: Suspected Minor Injury,Female,Fayetteville,Cumberland,No,Saturday,Motorist Failed to Yield - Midblock,17.0,June,Motorist Drive Out - Commercial Driveway / Alley,2007,26.0,No,O: No Injury,Female,Passenger Car,No,35.04646,-78.92196,Wet,30 - 35  MPH,Stop Sign,Cloudy,No,0,0,6
No,48.0,No,With Traffic,B: Suspected Minor Injury,Male,Salisbury,Rowan,No,Thursday,Bicyclist Failed to Yield - Sign-Controlled Intersection,17.0,October,Bicyclist Ride Through - Sign-Controlled Intersection,2007,32.0,No,O: No Injury,Female,Passenger Car,No,35.66177,-80.47948,Dry,30 - 35  MPH,Stop Sign,Cloudy,No,0,0,10
No,63.0,No,With Traffic,B: Suspected Minor Injury,Male,Eden,Rockingham,No,Tuesday,Other / Unusual Circumstances,14.0,August,Unusual Circumstances,2007,67.0,No,O: No Injury,Male,"Single Unit Truck (2-Axle, 6-Tire)",No,36.516785,-79.74948,Dry,40 - 45  MPH,No Control Present,Cloudy,No,0,0,8
Yes,13.0,No,With Traffic,C: Possible Injury,Male,Durham,Durham,No,Thursday,Motorist Overtaking Bicyclist,7.0,October,Motorist Overtaking - Other / Unknown,2007,64.0,No,O: No Injury,Male,"Light Truck (Mini-Van, Panel)",No,35.95124,-78.88977,Dry,40 - 45  MPH,No Control Present,Clear,No,0,0,10
Yes,42.0,Yes,With Traffic,B: Suspected Minor Injury,Male,Charlotte,Mecklenburg,Yes,Saturday,Bicyclist Failed to Yield - Signalized Intersection,2.0,October,Bicyclist Ride Through - Signalized Intersection,2007,42.03850604944766,Missing,Unknown Injury,Unknown,Passenger Car,Yes,35.22564,-80.845406,Dry,Unknown,Stop And Go Signal,Clear,No,1,0,10
Yes,50.0,No,With Traffic,C: Possible Injury,Male,None - Rural Crash,New Hanover,No,Friday,Motorist Overtaking Bicyclist,9.0,September,Motorist Overtaking - Misjudged Space,2007,45.0,No,O: No Injury,Male,"Single Unit Truck (2-Axle, 6-Tire)",No,34.30819,-77.921936,Dry,50 - 55  MPH,No Control Present,Clear,No,0,0,9
No,6.0,No,Unknown,C: Possible Injury,Female,None - Rural Crash,Rowan,No,Sunday,Parallel Paths - Other Circumstances,13.0,July,Parallel Paths - Other / Unknown,2007,18.0,No,O: No Injury,Male,Passenger Car,No,35.68537,-80.53172,Dry,Unknown,No Control Present,Clear,No,0,0,7
Yes,41.0,No,Facing Traffic,C: Possible Injury,Female,Oak Island,Brunswick,Yes,Sunday,Motorist Failed to Yield - Sign-Controlled Intersection,18.0,July,Motorist Drive Out - Sign-Controlled Intersection,2007,51.0,Yes,O: No Injury,Male,Pickup,No,33.908768,-78.08996,Dry,30 - 35  MPH,Stop Sign,Clear,No,0,0,7
Yes,14.0,No,Unknown,B: Suspected Minor Injury,Female,High Point,Guilford,No,Sunday,Bicyclist Failed to Yield - Sign-Controlled Intersection,15.0,July,Bicyclist Ride Through - Sign-Controlled Intersection,2007,26.0,No,O: No Injury,Male,Passenger Car,No,35.93042,-80.029465,Dry,30 - 35  MPH,Stop Sign,Clear,No,0,0,7
No,44.0,No,With Traffic,B: Suspected Minor Injury,Male,Rocky Mount,Nash,No,Sunday,Motorist Failed to Yield - Midblock,4.0,July,Motorist Drive Out - Commercial Driveway / Alley,2007,42.03850604944766,No,Unknown Injury,Unknown,Unknown,Yes,35.953472,-77.79304,Dry,30 - 35  MPH,No Control Present,Cloudy,No,1,0,7
Yes,50.0,No,With Traffic,B: Suspected Minor Injury,Male,Charlotte,Mecklenburg,No,Saturday,Crossing Paths - Other Circumstances,19.0,October,Crossing Paths - Intersection - Other / Unknown,2007,35.0,No,O: No Injury,Male,Passenger Car,No,35.24764,-80.84343,Dry,30 - 35  MPH,No Control Present,Clear,No,0,0,10
Yes,7.0,No,With Traffic,C: Possible Injury,Male,Gastonia,Gaston,No,Monday,Bicyclist Left Turn / Merge,19.0,July,Bicyclist Left Turn - Same Direction,2007,20.0,No,O: No Injury,Female,Passenger Car,No,35.269833,-81.21446,Dry,30 - 35  MPH,No Control Present,Clear,No,0,0,7
Yes,20.0,No,Facing Traffic,B: Suspected Minor Injury,Female,Kill Devil Hills,Dare,No,Monday,Motorist Failed to Yield - Midblock,11.0,July,Motorist Drive Out - Commercial Driveway / Alley,2007,49.0,No,O: No Injury,Male,Passenger Car,No,35.99272,-75.6485,Dry,Unknown,No Control Present,Clear,No,0,0,7
Yes,15.0,No,Facing Traffic,C: Possible Injury,Male,Concord,Cabarrus,No,Tuesday,Motorist Right Turn / Merge,17.0,July,Motorist Right Turn - Opposite Direction,2007,42.03850604944766,Missing,Unknown Injury,Unknown,Unknown,Yes,35.421352,-80.59071,Dry,30 - 35  MPH,Stop Sign,Clear,No,1,0,7
No,17.0,No,With Traffic,C: Possible Injury,Male,Jacksonville,Onslow,No,Tuesday,Bicyclist Failed to Yield - Signalized Intersection,14.0,July,Bicyclist Failed to Clear - Trapped,2007,50.0,No,O: No Injury,Female,Passenger Car,No,34.777287,-77.42695,Dry,30 - 35  MPH,Stop And Go Signal,Cloudy,No,0,0,7
Yes,58.0,No,With Traffic,B: Suspected Minor Injury,Male,Emerald Isle,Carteret,No,Wednesday,Motorist Right Turn / Merge,12.0,July,Motorist Right Turn - Same Direction,2007,16.0,No,O: No Injury,Male,Pickup,No,34.675964,-76.96725,Dry,40 - 45  MPH,No Control Present,Clear,No,0,0,7
Yes,17.0,No,Facing Traffic,B: Suspected Minor Injury,Male,Durham,Durham,No,Monday,Loss of Control / Turning Error,11.0,October,Bicyclist Lost Control - Other / Unknown,2007,47.0,No,O: No Injury,Male,Sport Utility,No,35.993084,-78.89903,Dry,30 - 35  MPH,No Control Present,Clear,No,0,0,10
No,46.0,No,Facing Traffic,O: No Injury,Male,Raleigh,Wake,No,Wednesday,Motorist Failed to Yield - Sign-Controlled Intersection,12.0,July,Motorist Drive Out - Sign-Controlled Intersection,2007,45.0,No,O: No Injury,Female,Sport Utility,No,35.780296,-78.687256,Dry,30 - 35  MPH,Stop Sign,Clear,No,0,0,7
Yes,19.0,No,With Traffic,C: Possible Injury,Male,None - Rural Crash,Currituck,No,Thursday,Motorist Failed to Yield - Sign-Controlled Intersection,12.0,July,Motorist Drive Out - Sign-Controlled Intersection,2007,53.0,No,O: No Injury,Male,Sport Utility,No,36.301872,-75.80454,Dry,5 - 15 MPH,Stop Sign,Clear,No,0,0,7
No,8.0,No,Facing Traffic,B: Suspected Minor Injury,Female,Emerald Isle,Carteret,No,Wednesday,Parallel Paths - Other Circumstances,16.0,July,Parallel Paths - Other / Unknown,2007,59.0,No,O: No Injury,Female,Passenger Car,No,34.670452,-76.99141,Dry,20 - 25  MPH,No Control Present,Clear,No,0,0,7
Yes,5.0,No,Unknown,B: Suspected Minor Injury,Male,None - Rural Crash,Dare,No,Friday,Non-Roadway,13.0,July,Non-Roadway,2007,61.0,No,O: No Injury,Male,Sport Utility,No,35.575123,-75.466324,Dry,Unknown,No Control Present,Clear,No,0,0,7
Yes,19.0,No,Not Applicable,K: Killed,Male,None - Rural Crash,Harnett,No,Friday,Bicyclist Failed to Yield - Midblock,3.0,July,Bicyclist Ride Out - Other Midblock,2007,43.0,No,O: No Injury,Male,Sport Utility,No,35.234917,-79.01972,Dry,50 - 55  MPH,No Control Present,Clear,No,0,0,7
No,16.0,No,Facing Traffic,C: Possible Injury,Male,Oak Island,Brunswick,No,Friday,Motorist Failed to Yield - Sign-Controlled Intersection,18.0,July,Motorist Drive Out - Sign-Controlled Intersection,2007,63.0,No,O: No Injury,Male,Sport Utility,No,33.909832,-78.095474,Dry,20 - 25  MPH,Stop Sign,Clear,No,0,0,7
Yes,32.0,No,Facing Traffic,C: Possible Injury,Female,Fayetteville,Cumberland,No,Wednesday,Motorist Failed to Yield - Midblock,15.0,May,Motorist Drive Out - Commercial Driveway / Alley,2007,22.0,No,O: No Injury,Female,Sport Utility,No,35.031147,-78.894226,Dry,20 - 25  MPH,No Control Present,Clear,No,0,0,5
No,35.0,No,With Traffic,B: Suspected Minor Injury,Male,Zebulon,Wake,No,Wednesday,Motorist Overtaking Bicyclist,8.0,May,Motorist Overtaking - Other / Unknown,2007,25.0,No,Unknown Injury,Male,Passenger Car,No,35.820137,-78.26784,Dry,30 - 35  MPH,No Control Present,Clear,No,0,0,5
Yes,5.0,No,Not Applicable,B: Suspected Minor Injury,Female,None - Rural Crash,Wake,Yes,Saturday,Loss of Control / Turning Error,15.0,July,Motorist Lost Control - Alcohol / Drug Impairment,2007,49.0,Yes,O: No Injury,Male,Passenger Car,No,35.848537,-78.39352,Dry,30 - 35  MPH,No Control Present,Clear,No,0,0,7
Yes,36.0,No,With Traffic,B: Suspected Minor Injury,Male,Randleman,Randolph,No,Monday,Motorist Failed to Yield - Midblock,13.0,October,Motorist Drive Out - Commercial Driveway / Alley,2007,19.0,No,O: No Injury,Female,Passenger Car,No,35.812477,-79.80349,Dry,30 - 35  MPH,No Control Present,Clear,No,0,0,10
No,49.0,No,With Traffic,O: No Injury,Male,None - Rural Crash,Brunswick,No,Monday,Motorist Right Turn / Merge,12.0,July,Motorist Right Turn - Same Direction,2007,69.0,No,O: No Injury,Female,Passenger Car,No,33.91651,-78.49203,Dry,50 - 55  MPH,Stop And Go Signal,Cloudy,No,0,0,7
No,60.0,No,Facing Traffic,B: Suspected Minor Injury,Male,Raleigh,Wake,No,Monday,Motorist Failed to Yield - Sign-Controlled Intersection,18.0,July,Motorist Drive Out - Sign-Controlled Intersection,2007,30.0,No,O: No Injury,Female,Passenger Car,No,35.893578,-78.62411,Dry,30 - 35  MPH,Stop Sign,Clear,No,0,0,7
Yes,34.0,No,Facing Traffic,C: Possible Injury,Male,Chapel Hill,Orange,No,Tuesday,Loss of Control / Turning Error,17.0,July,Bicyclist Turning Error - Left Turn,2007,39.0,No,O: No Injury,Male,Passenger Car,No,35.905197,-79.05511,Wet,20 - 25  MPH,Stop Sign,Rain,No,0,0,7
Yes,15.0,No,With Traffic,C: Possible Injury,Male,Maxton,Robeson,No,Tuesday,Motorist Overtaking Bicyclist,21.0,July,Motorist Overtaking - Other / Unknown,2007,24.0,No,O: No Injury,Female,Passenger Car,No,34.75918,-79.33976,Dry,40 - 45  MPH,Stop Sign,Clear,No,0,0,7
Yes,20.0,No,Facing Traffic,C: Possible Injury,Female,Kill Devil Hills,Dare,No,Wednesday,Motorist Failed to Yield - Sign-Controlled Intersection,12.0,July,Motorist Drive Out - Sign-Controlled Intersection,2007,54.0,No,O: No Injury,Male,Passenger Car,No,36.029617,-75.6667,Dry,30 - 35  MPH,Stop Sign,Clear,No,0,0,7
No,10.0,No,With Traffic,B: Suspected Minor Injury,Male,High Point,Guilford,No,Wednesday,Loss of Control / Turning Error,17.0,July,Bicyclist Lost Control - Mechanical Problems,2007,44.0,No,O: No Injury,Male,Passenger Car,No,35.96425,-79.99407,Dry,30 - 35  MPH,Stop Sign,Clear,No,0,0,7
Yes,20.0,No,With Traffic,C: Possible Injury,Male,Huntersville,Mecklenburg,No,Wednesday,Loss of Control / Turning Error,12.0,July,Bicyclist Lost Control - Mechanical Problems,2007,55.0,No,O: No Injury,Female,Passenger Car,No,35.40713,-80.862816,Dry,30 - 35  MPH,Stop And Go Signal,Clear,No,0,0,7
No,45.0,Yes,With Traffic,B: Suspected Minor Injury,Male,Wilmington,New Hanover,Yes,Wednesday,Motorist Overtaking Bicyclist,22.0,July,Motorist Overtaking - Undetected Bicyclist,2007,42.03850604944766,Missing,Unknown Injury,Unknown,Unknown,Yes,34.24956,-77.88272,Wet,30 - 35  MPH,No Control Present,Rain,No,1,0,7
Yes,7.0,No,With Traffic,B: Suspected Minor Injury,Male,Holly Springs,Wake,No,Thursday,Bicyclist Failed to Yield - Sign-Controlled Intersection,13.0,July,Bicyclist Ride Through - Sign-Controlled Intersection,2007,18.0,No,O: No Injury,Male,Passenger Car,No,35.66205,-78.84054,Dry,20 - 25  MPH,Stop Sign,Clear,No,0,0,7
Yes,12.0,No,Unknown,C: Possible Injury,Male,Raleigh,Wake,No,Thursday,Non-Roadway,17.0,July,Non-Roadway,2007,55.0,No,O: No Injury,Male,Passenger Car,No,35.754364,-78.61443,Dry,5 - 15 MPH,No Control Present,Clear,No,0,0,7
No,35.0,No,With Traffic,C: Possible Injury,Female,Statesville,Iredell,No,Thursday,Motorist Overtaking Bicyclist,20.0,July,Motorist Overtaking - Other / Unknown,2007,41.0,No,Unknown Injury,Male,Unknown,Yes,35.764915,-80.896095,Dry,30 - 35  MPH,No Control Present,Clear,No,0,0,7
No,18.0,No,Facing Traffic,O: No Injury,Male,Kinston,Lenoir,No,Wednesday,Other / Unusual Circumstances,13.0,October,Unusual Circumstances,2007,35.0,No,O: No Injury,Male,Police,No,35.269585,-77.58086,Dry,30 - 35  MPH,No Control Present,Clear,No,0,0,10
No,13.0,No,With Traffic,O: No Injury,Male,Raleigh,Wake,No,Friday,Bicyclist Failed to Yield - Sign-Controlled Intersection,19.0,July,Bicyclist Ride Through - Sign-Controlled Intersection,2007,66.0,No,O: No Injury,Male,Passenger Car,No,35.77861,-78.6146,Dry,30 - 35  MPH,Stop Sign,Clear,No,0,0,7
Yes,32.52649525389365,No,With Traffic,B: Suspected Minor Injury,Male,None - Rural Crash,Wake,No,Friday,Bicyclist Overtaking Motorist,17.0,July,Bicyclist Overtaking - Other / Unknown,2007,42.0,No,O: No Injury,Female,Passenger Car,No,35.91785,-78.63391,Dry,40 - 45  MPH,"Double Yellow Line, No Passing Zone",Clear,No,0,1,7
Yes,49.0,No,With Traffic,C: Possible Injury,Female,Fayetteville,Cumberland,No,Saturday,Motorist Overtaking Bicyclist,21.0,July,Motorist Overtaking - Other / Unknown,2007,51.0,No,Unknown Injury,Female,Passenger Car,Yes,35.022194,-78.90106,Dry,30 - 35  MPH,No Control Present,Clear,No,0,0,7
No,31.0,No,With Traffic,C: Possible Injury,Male,Charlotte,Mecklenburg,No,Wednesday,Motorist Right Turn / Merge,18.0,October,Motorist Right Turn - Same Direction,2007,51.0,No,O: No Injury,Male,Sport Utility,No,35.196117,-80.827866,Dry,30 - 35  MPH,Stop Sign,Clear,No,0,0,10
Yes,15.0,No,Facing Traffic,B: Suspected Minor Injury,Male,None - Rural Crash,Onslow,No,Thursday,Motorist Overtaking Bicyclist,6.0,September,Motorist Overtaking - Other / Unknown,2007,57.0,No,O: No Injury,Male,Pickup,No,34.784546,-77.63761,Dry,50 - 55  MPH,No Control Present,Clear,No,0,0,9
Yes,41.0,No,With Traffic,C: Possible Injury,Male,Rocky Mount,Nash,No,Wednesday,Motorist Right Turn / Merge,13.0,July,Motorist Right Turn - Same Direction,2007,36.0,No,O: No Injury,Male,Passenger Car,No,35.931328,-77.81247,Dry,30 - 35  MPH,No Control Present,Clear,No,0,0,7
Yes,24.0,No,Not Applicable,C: Possible Injury,Male,None - Rural Crash,Dare,Yes,Sunday,Bicyclist Failed to Yield - Midblock,20.0,July,Bicyclist Ride Out - Commercial Driveway / Alley,2007,24.0,Yes,O: No Injury,Male,Passenger Car,No,35.574,-75.463524,Dry,5 - 15 MPH,No Control Present,Clear,No,0,0,7
Yes,10.0,No,Not Applicable,B: Suspected Minor Injury,Male,Ahoskie,Hertford,No,Monday,Bicyclist Failed to Yield - Midblock,17.0,July,Bicyclist Ride Out - Other Midblock,2007,46.0,No,O: No Injury,Female,Passenger Car,No,36.287983,-76.986786,Dry,20 - 25  MPH,No Control Present,Clear,No,0,0,7
Yes,36.0,No,With Traffic,B: Suspected Minor Injury,Male,None - Rural Crash,Brunswick,No,Tuesday,Motorist Overtaking Bicyclist,23.0,July,Motorist Overtaking - Undetected Bicyclist,2007,42.03850604944766,Missing,Unknown Injury,Unknown,Unknown,Yes,34.304356,-78.07717,Dry,50 - 55  MPH,"Double Yellow Line, No Passing Zone",Clear,No,1,0,7
Yes,34.0,No,With Traffic,B: Suspected Minor Injury,Female,None - Rural Crash,Dare,No,Wednesday,Motorist Overtaking Bicyclist,20.0,July,Motorist Overtaking - Bicyclist Swerved,2007,66.0,No,O: No Injury,Female,Passenger Car,No,35.575314,-75.46711,Dry,30 - 35  MPH,"Double Yellow Line, No Passing Zone",Clear,No,0,0,7
Yes,35.0,No,Unknown,B: Suspected Minor Injury,Male,Charlotte,Mecklenburg,No,Friday,Other / Unknown - Insufficient Details,17.0,October,Unknown Approach Paths,2007,42.03850604944766,Missing,Unknown Injury,Unknown,Unknown,Yes,35.143032,-80.85039,Dry,30 - 35  MPH,No Control Present,Cloudy,No,1,0,10