AmbulanceR,BikeAge,BikeAlcFlg,BikeDir,BikeInjury,BikeSex,City,County,CrashAlcoh,CrashDay,CrashGrp,CrashHour,CrashMonth,CrashType,CrashYear,DrvrAge,DrvrAlcFlg,DrvrInjury,DrvrSex,DrvrVehTyp,HitRun,Latitude,Longitude,RdConditio,SpeedLimit,TraffCntrl,Weather,Workzone,DrvrAgeImputedFlag,BikeAgeImputedFlag,MonthCode
No,20.0,No,With Traffic,O: No Injury,Male,Charlotte,Mecklenburg,No,Friday,Motorist Left Turn / Merge,9.0,October,Motorist Left Turn - Opposite Direction,2007,42.0,No,O: No Injury,Female,Passenger Car,No,35.220985,-80.81724,Wet,30 - 35  MPH,No Control Present,Rain,No,0,0,10
Yes,17.0,No,Facing Traffic,C: Possible Injury,Male,Charlotte,Mecklenburg,No,Saturday,Motorist Failed to Yield - Midblock,14.0,October,Motorist Drive Out - Commercial Driveway / Alley,2007,59.0,No,O: No Injury,Male,Passenger Car,No,35.210686,-80.90489,Dry,20 - 25  MPH,No Control Present,Clear,No,0,0,10
Yes,34.0,No,With Traffic,B: Suspected Minor Injury,Male,Charlotte,Mecklenburg,No,Sunday,Motorist Right Turn / Merge,16.0,October,Motorist Right Turn - Same Direction,2007,45.0,No,O: No Injury,Female,Sport Utility,No,35.199734,-80.84173,Dry,30 - 35  MPH,No Control Present,Clear,No,0,0,10
Yes,19.0,No,With Traffic,B: Suspected Minor Injury,Male,None - Rural Crash,Guilford,No,Sunday,Motorist Overtaking Bicyclist,21.0,July,Motorist Overtaking - Other / Unknown,2007,42.03850604944766,No,Unknown Injury,Unknown,Unknown,Yes,36.065704,-79.67138,Dry,40 - 45  MPH,"Double Yellow Line, No Passing Zone",Clear,No,1,0,7
Yes,20.0,No,With Traffic,B: Suspected Minor Injury,Female,None - Rural Crash,Mcdowell,No,Sunday,Head-On,9.0,July,Head-On - Bicyclist,2007,52.0,No,O: No Injury,Male,Motorcycle,No,35.763233,-82.15805,Dry,50 - 55  MPH,"Double Yellow Line, No Passing Zone",Clear,No,0,0,7
Yes,39.0,No,With Traffic,C: Possible Injury,Male,Beaufort,Carteret,No,Friday,Motorist Overtaking Bicyclist,12.0,October,Motorist Overtaking - Other / Unknown,2007,31.0,No,O: No Injury,Female,Sport Utility,No,34.731667,-76.63813,Dry,30 - 35  MPH,No Control Present,Clear,No,0,0,10
Yes,7.0,Yes,Not Applicable,B: Suspected Minor Injury,Male,Raleigh,Wake,Yes,Monday,Bicyclist Failed to Yield - Midblock,18.0,July,Bicyclist Ride Out - Residential Driveway,2007,54.0,No,O: No Injury,Male,Van,No,35.769558,-78.62348,Dry,30 - 35  MPH,No Control Present,Clear,No,0,0,7
No,56.0,No,With Traffic,B: Suspected Minor Injury,Male,Greensboro,Guilford,No,Tuesday,Bicyclist Left Turn / Merge,23.0,July,Bicyclist Left Turn - Opposite Direction,2007,41.0,No,O: No Injury,Male,Passenger Car,No,36.073086,-79.80264,Wet,30 - 35  MPH,Stop And Go Signal,Rain,No,0,0,7
Yes,12.0,No,Not Applicable,C: Possible Injury,Male,Rocky Mount,Nash,No,Tuesday,Bicyclist Failed to Yield - Midblock,17.0,July,Bicyclist Ride Out - Midblock - Unknown,2007,42.03850604944766,Missing,Unknown Injury,Unknown,Unknown,Yes,35.927002,-77.80487,Dry,30 - 35  MPH,No Control Present,Cloudy,No,1,0,7
Yes,50.0,No,With Traffic,B: Suspected Minor Injury,Male,Columbus,Polk,No,Tuesday,Motorist Left Turn / Merge,7.0,July,Motorist Left Turn - Opposite Direction,2007,67.0,No,O: No Injury,Male,Passenger Car,No,35.248924,-82.202995,Dry,30 - 35  MPH,No Control Present,Clear,No,0,0,7
Yes,46.0,No,Facing Traffic,B: Suspected Minor Injury,Male,Charlotte,Mecklenburg,No,Wednesday,Motorist Left Turn / Merge,7.0,October,Motorist Left Turn - Same Direction,2007,43.0,No,O: No Injury,Female,Van,No,35.18753,-80.852806,Wet,30 - 35  MPH,No Control Present,Cloudy,No,0,0,10
Yes,8.0,No,Not Applicable,C: Possible Injury,Male,None - Rural Crash,Craven,No,Thursday,Bicyclist Failed to Yield - Midblock,13.0,July,Bicyclist Ride Out - Residential Driveway,2007,32.0,No,O: No Injury,Female,Van,No,35.16324,-77.05858,Dry,40 - 45  MPH,No Control Present,Clear,No,0,0,7
Yes,30.0,No,With Traffic,B: Suspected Minor Injury,Male,Jacksonville,Onslow,Yes,Thursday,Motorist Overtaking Bicyclist,8.0,July,Motorist Overtaking - Other / Unknown,2007,36.0,Yes,Unknown Injury,Unknown,Passenger Car,Yes,34.751995,-77.43861,Dry,40 - 45  MPH,No Control Present,Clear,No,0,0,7
Yes,9.0,No,Not Applicable,C: Possible Injury,Female,Fayetteville,Cumberland,No,Friday,Bicyclist Failed to Yield - Midblock,16.0,July,Bicyclist Ride Out - Commercial Driveway / Alley,2007,40.0,No,O: No Injury,Female,Sport Utility,No,35.065426,-79.01362,Dry,40 - 45  MPH,No Control Present,Cloudy,No,0,0,7
No,14.0,No,Facing Traffic,B: Suspected Minor Injury,Male,None - Rural Crash,Guilford,No,Friday,Motorist Failed to Yield - Sign-Controlled Intersection,15.0,July,Motorist Drive Out - Sign-Controlled Intersection,2007,53.0,No,O: No Injury,Male,Pickup,No,36.152008,-79.722145,Dry,50 - 55  MPH,Stop Sign,Clear,No,0,0,7
No,20.0,No,Unknown,C: Possible Injury,Female,None - Rural Crash,Guilford,No,Friday,Bicyclist Right Turn / Merge,12.0,July,Bicyclist Right Turn - Same Direction,2007,36.0,No,O: No Injury,Male,Passenger Car,No,36.017494,-79.89318,Dry,40 - 45  MPH,No Control Present,Clear,No,0,0,7
No,41.0,No,Facing Traffic,O: No Injury,Male,Charlotte,Mecklenburg,No,Thursday,Motorist Failed to Yield - Sign-Controlled Intersection,19.0,October,Motorist Drive Out - Sign-Controlled Intersection,2007,37.0,No,O: No Injury,Female,Passenger Car,No,35.1305,-80.83773,Wet,30 - 35  MPH,Stop Sign,Rain,No,0,0,10
No,12.0,No,With Traffic,C: Possible Injury,Male,Asheville,Buncombe,No,Friday,Parallel Paths - Other Circumstances,16.0,July,Parallel Paths - Other / Unknown,2007,53.0,No,O: No Injury,Male,Passenger Car,Yes,35.55034,-82.52444,Dry,20 - 25  MPH,No Control Present,Clear,No,0,0,7
Yes,5.0,No,With Traffic,C: Possible Injury,Male,Norwood,Stanly,No,Saturday,Bicyclist Failed to Yield - Sign-Controlled Intersection,13.0,July,Bicyclist Ride Through - Sign-Controlled Intersection,2007,48.0,No,O: No Injury,Female,Passenger Car,No,35.230114,-80.128654,Dry,20 - 25  MPH,Stop Sign,Clear,No,0,0,7
Yes,51.0,No,Facing Traffic,C: Possible Injury,Male,Raleigh,Wake,No,Saturday,Bicyclist Failed to Yield - Signalized Intersection,8.0,July,Bicyclist Ride Out - Signalized  Intersection,2007,59.0,No,O: No Injury,Male,Passenger Car,No,35.76986,-78.61454,Dry,40 - 45  MPH,Stop And Go Signal,Clear,No,0,0,7
Yes,11.0,No,Facing Traffic,O: No Injury,Male,Cary,Wake,No,Friday,Motorist Failed to Yield - Sign-Controlled Intersection,17.0,October,Motorist Drive Out - Sign-Controlled Intersection,2007,37.0,No,O: No Injury,Male,Sport Utility,No,35.734734,-78.778725,Wet,30 - 35  MPH,Stop Sign,Rain,No,0,0,10
Yes,16.0,Yes,Not Applicable,B: Suspected Minor Injury,Male,Cary,Wake,Yes,Saturday,Bicyclist Failed to Yield - Midblock,12.0,October,Multiple Threat - Midblock,2007,26.0,No,O: No Injury,Male,Passenger Car,No,35.77129,-78.78236,Dry,30 - 35  MPH,Stop And Go Signal,Clear,No,0,0,10
Yes,10.0,No,Unknown,B: Suspected Minor Injury,Male,Wrightsville Beach,New Hanover,No,Friday,Bicyclist Failed to Yield - Sign-Controlled Intersection,11.0,July,Bicyclist Ride Through - Sign-Controlled Intersection,2007,53.0,No,O: No Injury,Male,Van,No,34.206436,-77.79705,Dry,30 - 35  MPH,Stop Sign,Clear,No,0,0,7
Yes,32.0,No,With Traffic,C: Possible Injury,Male,None - Rural Crash,Graham,No,Sunday,Motorist Failed to Yield - Sign-Controlled Intersection,8.0,July,Motorist Drive Out - Sign-Controlled Intersection,2007,24.0,No,O: No Injury,Female,Passenger Car,No,35.289703,-83.7723,Dry,50 - 55  MPH,Stop Sign,Clear,No,0,0,7
No,37.0,No,With Traffic,B: Suspected Minor Injury,Male,Asheville,Buncombe,No,Sunday,Motorist Failed to Yield - Sign-Controlled Intersection,12.0,July,Motorist Drive Out - Sign-Controlled Intersection,2007,23.0,No,O: No Injury,Male,Passenger Car,No,35.600548,-82.540726,Dry,30 - 35  MPH,Stop Sign,Clear,No,0,0,7
Yes,12.0,No,Not Applicable,B: Suspected Minor Injury,Male,None - Rural Crash,Alamance,No,Monday,Bicyclist Failed to Yield - Midblock,17.0,July,Bicyclist Ride Out - Residential Driveway,2007,58.0,No,O: No Injury,Male,Van,No,36.024956,-79.340546,Dry,50 - 55  MPH,"Double Yellow Line, No Passing Zone",Clear,No,0,0,7
Yes,25.0,No,With Traffic,B: Suspected Minor Injury,Male,None - Rural Crash,Pender,Yes,Monday,Motorist Overtaking Bicyclist,20.0,July,Motorist Overtaking - Other / Unknown,2007,24.0,Yes,O: No Injury,Male,Passenger Car,No,34.3922,-77.920784,Dry,Unknown,No Control Present,Clear,No,0,0,7
Yes,24.0,No,With Traffic,K: Killed,Male,None - Rural Crash,Person,No,Monday,Motorist Overtaking Bicyclist,17.0,July,Motorist Overtaking - Other / Unknown,2007,21.0,No,C: Possible Injury,Male,Pickup,No,36.37689,-78.982834,Dry,50 - 55  MPH,No Control Present,Clear,No,0,0,7
Yes,44.0,Yes,Unknown,B: Suspected Minor Injury,Male,Plymouth,Washington,Yes,Monday,Bicyclist Failed to Yield - Sign-Controlled Intersection,19.0,July,Bicyclist Ride Through - Sign-Controlled Intersection,2007,29.0,No,O: No Injury,Male,Sport Utility,No,35.85925,-76.74961,Wet,Unknown,No Control Present,Clear,No,0,0,7
Yes,16.0,No,Facing Traffic,B: Suspected Minor Injury,Male,None - Rural Crash,New Hanover,No,Tuesday,Motorist Failed to Yield - Midblock,13.0,July,Motorist Drive Out - Commercial Driveway / Alley,2007,34.0,No,O: No Injury,Female,Passenger Car,No,34.11347,-77.900345,Dry,50 - 55  MPH,No Control Present,Clear,No,0,0,7
No,13.0,No,Unknown,O: No Injury,Male,Charlotte,Mecklenburg,No,Tuesday,Bicyclist Left Turn / Merge,18.0,October,Bicyclist Left Turn - Same Direction,2007,46.0,No,O: No Injury,Female,Passenger Car,No,35.258778,-80.69059,Dry,40 - 45  MPH,No Control Present,Clear,No,0,0,10
Yes,9.0,No,With Traffic,B: Suspected Minor Injury,Female,None - Rural Crash,Vance,No,Tuesday,Loss of Control / Turning Error,18.0,July,Bicyclist Lost Control - Other / Unknown,2007,16.0,No,O: No Injury,Male,Passenger Car,No,36.37946,-78.48818,Dry,30 - 35  MPH,"Double Yellow Line, No Passing Zone",Clear,No,0,0,7
Yes,8.0,No,With Traffic,B: Suspected Minor Injury,Male,Davidson,Mecklenburg,No,Tuesday,Bicyclist Failed to Yield - Sign-Controlled Intersection,13.0,July,Bicyclist Ride Out - Sign-Controlled Intersection,2007,33.0,No,O: No Injury,Male,Pickup,No,35.49115,-80.83135,Dry,30 - 35  MPH,Stop Sign,Clear,No,0,0,7
Yes,43.0,No,With Traffic,B: Suspected Minor Injury,Male,Charlotte,Mecklenburg,No,Friday,Motorist Overtaking Bicyclist,23.0,October,Motorist Overtaking - Bicyclist Swerved,2007,56.0,No,O: No Injury,Male,Commercial Bus,No,35.316345,-80.73917,Dry,40 - 45  MPH,No Control Present,Clear,No,0,0,10
No,30.0,Yes,With Traffic,B: Suspected Minor Injury,Male,Elon College,Alamance,Yes,Wednesday,Motorist Left Turn / Merge,23.0,July,Motorist Left Turn - Opposite Direction,2007,69.0,No,O: No Injury,Female,Van,No,36.102875,-79.519485,Dry,30 - 35  MPH,Stop And Go Signal,Clear,No,0,0,7
Yes,24.0,No,Unknown,C: Possible Injury,Male,Durham,Durham,No,Wednesday,Motorist Failed to Yield - Signalized Intersection,19.0,October,Motorist Drive Out - Right Turn on Red,2007,44.0,No,O: No Injury,Male,Sport Utility,No,35.959927,-78.910614,Dry,30 - 35  MPH,Stop And Go Signal,Clear,No,0,0,10
No,32.52649525389365,No,Facing Traffic,Unknown Injury,Male,Smithfield,Johnston,No,Wednesday,Motorist Failed to Yield - Midblock,8.0,July,Motorist Drive Out - Commercial Driveway / Alley,2007,31.0,No,O: No Injury,Female,Van,No,35.518574,-78.3168,Dry,5 - 15 MPH,No Control Present,Clear,No,0,1,7
Yes,16.0,No,Facing Traffic,C: Possible Injury,Male,Havelock,Craven,No,Thursday,Motorist Failed to Yield - Midblock,20.0,July,Motorist Drive Out - Commercial Driveway / Alley,2007,22.0,No,O: No Injury,Male,Pickup,No,34.882717,-76.9107,Dry,Unknown,No Control Present,Clear,No,0,0,7
Yes,7.0,No,Unknown,B: Suspected Minor Injury,Female,Mount Holly,Gaston,No,Friday,Motorist Overtaking Bicyclist,17.0,July,Motorist Overtaking - Bicyclist Swerved,2007,18.0,No,O: No Injury,Female,Sport Utility,No,35.268303,-81.0173,Dry,5 - 15 MPH,No Control Present,Clear,No,0,0,7
No,29.0,No,Unknown,O: No Injury,Male,Raleigh,Wake,No,Thursday,Non-Roadway,16.0,July,Non-Roadway,2007,23.0,No,O: No Injury,Male,Passenger Car,No,35.768803,-78.64643,Dry,5 - 15 MPH,No Control Present,Clear,No,0,0,7
Yes,59.0,No,With Traffic,B: Suspected Minor Injury,Male,None - Rural Crash,Mecklenburg,No,Sunday,Bicyclist Left Turn / Merge,13.0,October,Bicyclist Left Turn - Same Direction,2007,17.0,No,O: No Injury,Male,Pickup,No,35.234993,-80.63316,Dry,40 - 45  MPH,No Control Present,Clear,No,0,0,10
No,13.0,No,Unknown,O: No Injury,Male,Wilson,Wilson,No,Thursday,Bicyclist Overtaking Motorist,10.0,July,Bicyclist Overtaking - Parked Vehicle,2007,42.03850604944766,Missing,Unknown Injury,Unknown,Passenger Car,No,35.724617,-77.929214,Dry,30 - 35  MPH,No Control Present,Clear,No,1,0,7
Yes,20.0,No,With Traffic,B: Suspected Minor Injury,Male,None - Rural Crash,Caswell,No,Thursday,Head-On,20.0,July,Head-On - Motorist,2007,42.03850604944766,Missing,Unknown Injury,Unknown,Unknown,Yes,36.39728,-79.502975,Dry,50 - 55  MPH,"Double Yellow Line, No Passing Zone",Clear,No,1,0,7
Yes,52.0,No,Not Applicable,C: Possible Injury,Male,Rocky Mount,Edgecombe,No,Thursday,Motorist Right Turn / Merge,18.0,July,Motorist Right Turn - Opposite Direction,2007,22.0,No,O: No Injury,Female,Passenger Car,No,35.94465,-77.77644,Dry,30 - 35  MPH,Stop And Go Signal,Clear,No,0,0,7
Yes,28.0,No,Facing Traffic,C: Possible Injury,Female,Matthews,Mecklenburg,No,Friday,Motorist Failed to Yield - Midblock,16.0,August,Motorist Drive Out - Commercial Driveway / Alley,2007,36.0,No,O: No Injury,Male,"Light Truck (Mini-Van, Panel)",No,35.142757,-80.72024,Dry,20 - 25  MPH,Stop Sign,Clear,No,0,0,8
Yes,18.0,No,Facing Traffic,B: Suspected Minor Injury,Male,Greenville,Pitt,No,Thursday,Bicyclist Failed to Yield - Signalized Intersection,17.0,July,Bicyclist Ride Through - Signalized Intersection,2007,22.0,No,O: No Injury,Male,Pickup,No,35.6018,-77.37542,Dry,40 - 45  MPH,Stop And Go Signal,Clear,No,0,0,7
No,65.0,Yes,Facing Traffic,C: Possible Injury,Male,Sims,Wilson,Yes,Friday,Bicyclist Failed to Yield - Sign-Controlled Intersection,18.0,July,Bicyclist Ride Through - Sign-Controlled Intersection,2007,58.0,No,O: No Injury,Male,Pickup,No,35.75878,-78.06007,Dry,30 - 35  MPH,Stop Sign,Clear,No,0,0,7
Yes,17.0,No,Unknown,A: Suspected Serious Injury,Male,Charlotte,Mecklenburg,No,Wednesday,Bicyclist Failed to Yield - Sign-Controlled Intersection,12.0,October,Bicyclist Ride Through - Sign-Controlled Intersection,2007,35.0,No,O: No Injury,Male,Van,No,35.15387,-80.972984,Dry,20 - 25  MPH,Stop Sign,Clear,No,0,0,10
No,14.0,No,Facing Traffic,O: No Injury,Male,Cary,Wake,No,Sunday,Motorist Failed to Yield - Sign-Controlled Intersection,17.0,November,Motorist Drive Out - Sign-Controlled Intersection,2007,47.0,No,O: No Injury,Male,"Light Truck (Mini-Van, Panel)",No,35.783962,-78.81596,Dry,30 - 35  MPH,Stop Sign,Clear,No,0,0,11
Yes,58.0,No,With Traffic,C: Possible Injury,Male,Hickory,Catawba,No,Friday,Bicyclist Left Turn / Merge,16.0,July,Bicyclist Left Turn - Opposite Direction,2007,22.0,No,O: No Injury,Male,Pickup,No,35.701805,-81.28878,Dry,30 - 35  MPH,Stop Sign,Clear,No,0,0,7
No,51.0,Yes,With Traffic,B: Suspected Minor Injury,Male,Grantsboro,Pamlico,Yes,Saturday,Motorist Overtaking Bicyclist,21.0,July,Motorist Overtaking - Undetected Bicyclist,2007,45.0,No,O: No Injury,Male,Sport Utility,No,35.140144,-76.84469,Dry,40 - 45  MPH,No Control Present,Clear,No,0,0,7
Yes,57.0,No,With Traffic,B: Suspected Minor Injury,Male,Kannapolis,Cabarrus,No,Saturday,Other / Unusual Circumstances,19.0,July,Motorist Intentionally Caused,2007,42.03850604944766,Missing,Unknown Injury,Unknown,Unknown,Yes,35.50333,-80.61188,Dry,40 - 45  MPH,No Control Present,Clear,No,1,0,7
Yes,15.0,Yes,Facing Traffic,B: Suspected Minor Injury,Male,Wilmington,New Hanover,Yes,Saturday,Bicyclist Failed to Yield - Signalized Intersection,1.0,July,Bicyclist Ride Out - Signalized  Intersection,2007,21.0,No,O: No Injury,Male,Passenger Car,No,34.236786,-77.92893,Dry,30 - 35  MPH,Stop And Go Signal,Clear,No,0,0,7
Yes,41.0,No,Facing Traffic,C: Possible Injury,Female,Charlotte,Mecklenburg,No,Friday,Crossing Paths - Other Circumstances,17.0,November,Signalized Intersection - Other / Unknown,2007,21.0,No,O: No Injury,Male,Passenger Car,No,35.244587,-80.85758,Dry,20 - 25  MPH,Stop And Go Signal,Clear,No,0,0,11
Yes,43.0,No,With Traffic,C: Possible Injury,Male,Wilmington,New Hanover,No,Saturday,Loss of Control / Turning Error,18.0,July,Bicyclist Lost Control - Mechanical Problems,2007,19.0,No,O: No Injury,Male,Passenger Car,No,34.209835,-77.83915,Wet,40 - 45  MPH,Stop Sign,Cloudy,No,0,0,7
Yes,19.0,No,With Traffic,B: Suspected Minor Injury,Male,Cary,Wake,No,Saturday,Motorist Failed to Yield - Sign-Controlled Intersection,10.0,October,Motorist Drive Out - Sign-Controlled Intersection,2007,47.0,No,O: No Injury,Male,Passenger Car,No,35.81396,-78.906944,Dry,20 - 25  MPH,Stop Sign,Clear,Yes,0,0,10
Yes,13.0,No,With Traffic,B: Suspected Minor Injury,Male,None - Rural Crash,Wayne,No,Sunday,Bicyclist Left Turn / Merge,15.0,July,Bicyclist Left Turn - Same Direction,2007,53.0,No,O: No Injury,Female,Passenger Car,No,35.237625,-78.17703,Dry,50 - 55  MPH,No Control Present,Clear,No,0,0,7
No,17.0,No,With Traffic,O: No Injury,Male,Oak Island,Brunswick,No,Sunday,Bicyclist Left Turn / Merge,19.0,July,Bicyclist Left Turn - Same Direction,2007,65.0,No,O: No Injury,Male,Passenger Car,No,33.91119,-78.08497,Dry,20 - 25  MPH,No Control Present,Clear,No,0,0,7
Yes,42.0,No,Facing Traffic,B: Suspected Minor Injury,Male,Belmont,Gaston,No,Sunday,Motorist Failed to Yield - Sign-Controlled Intersection,9.0,July,Motorist Drive Out - Sign-Controlled Intersection,2007,40.0,No,O: No Injury,Female,Passenger Car,No,35.251408,-81.042725,Dry,5 - 15 MPH,Stop Sign,Clear,No,0,0,7
Yes,19.0,No,Unknown,B: Suspected Minor Injury,Male,None - Rural Crash,Northampton,No,Monday,Bicyclist Failed to Yield - Midblock,16.0,July,Bicyclist Ride Out - Midblock - Unknown,2007,24.0,No,O: No Injury,Male,Passenger Car,No,36.51958,-77.67929,Dry,40 - 45  MPH,No Control Present,Cloudy,No,0,0,7
Yes,10.0,No,With Traffic,C: Possible Injury,Female,None - Rural Crash,Onslow,No,Monday,Head-On,22.0,July,Head-On - Motorist,2007,42.03850604944766,Missing,Unknown Injury,Unknown,Unknown,Yes,34.718723,-77.30999,Dry,30 - 35  MPH,No Control Present,Clear,No,1,0,7
No,47.0,No,Unknown,C: Possible Injury,Female,Raleigh,Wake,No,Monday,Non-Roadway,20.0,July,Non-Roadway,2007,42.03850604944766,Missing,Unknown Injury,Unknown,Unknown,Yes,35.965134,-78.55903,Dry,20 - 25  MPH,No Control Present,Clear,No,1,0,7
Yes,22.0,No,Facing Traffic,B: Suspected Minor Injury,Female,Kill Devil Hills,Dare,No,Sunday,Motorist Failed to Yield - Midblock,20.0,July,Motorist Drive Out - Commercial Driveway / Alley,2007,36.0,No,O: No Injury,Female,Sport Utility,No,36.034977,-75.67375,Dry,5 - 15 MPH,No Control Present,Clear,No,0,0,7
Yes,53.0,No,With Traffic,B: Suspected Minor Injury,Male,Greensboro,Guilford,No,Monday,Motorist Overtaking Bicyclist,17.0,July,Motorist Overtaking - Misjudged Space,2007,42.03850604944766,No,Unknown Injury,Unknown,Passenger Car,Yes,36.064785,-79.78114,Dry,30 - 35  MPH,No Control Present,Clear,No,1,0,7
No,44.0,Yes,With Traffic,C: Possible Injury,Male,None - Rural Crash,Jones,Yes,Tuesday,Motorist Failed to Yield - Sign-Controlled Intersection,21.0,July,Motorist Drive Out - Sign-Controlled Intersection,2007,65.0,No,O: No Injury,Male,Passenger Car,No,35.0665,-77.35055,Dry,50 - 55  MPH,Stop Sign,Clear,No,0,0,7
No,32.52649525389365,No,With Traffic,C: Possible Injury,Male,None - Rural Crash,Martin,No,Tuesday,Bicyclist Left Turn / Merge,21.0,July,Bicyclist Left Turn - Opposite Direction,2007,25.0,No,O: No Injury,Male,Police,No,35.8508,-77.044266,Dry,30 - 35  MPH,No Control Present,Clear,No,0,1,7
Yes,16.0,No,With Traffic,C: Possible Injury,Male,None - Rural Crash,Union,No,Tuesday,Motorist Overtaking Bicyclist,9.0,July,Motorist Overtaking - Bicyclist Swerved,2007,45.0,No,O: No Injury,Female,Passenger Car,No,34.86828,-80.66659,Dry,50 - 55  MPH,No Control Present,Cloudy,No,0,0,7
Yes,58.0,No,With Traffic,B: Suspected Minor Injury,Male,Hickory,Catawba,No,Tuesday,Motorist Overtaking Bicyclist,21.0,July,Motorist Overtaking - Bicyclist Swerved,2007,56.0,No,O: No Injury,Male,Van,No,35.726692,-81.323204,Dry,40 - 45  MPH,No Control Present,Clear,No,0,0,7
Yes,33.0,No,With Traffic,C: Possible Injury,Male,Greensboro,Guilford,No,Tuesday,Bicyclist Failed to Yield - Signalized Intersection,23.0,July,Bicyclist Failed to Clear - Trapped,2007,54.0,No,O: No Injury,Male,Sport Utility,No,36.05173,-79.79774,Dry,30 - 35  MPH,Stop And Go Signal,Clear,No,0,0,7
No,14.0,No,Facing Traffic,B: Suspected Minor Injury,Male,None - Rural Crash,Buncombe,No,Wednesday,Bicyclist Failed to Yield - Sign-Controlled Intersection,19.0,August,Bicyclist Ride Through - Sign-Controlled Intersection,2007,19.0,No,O: No Injury,Male,Passenger Car,No,35.59038,-82.36452,Dry,Unknown,Stop Sign,Clear,No,0,0,8
Yes,19.0,No,Facing Traffic,C: Possible Injury,Male,Monroe,Union,No,Wednesday,Loss of Control / Turning Error,15.0,August,Bicyclist Lost Control - Mechanical Problems,2007,16.0,No,O: No Injury,Female,Passenger Car,No,34.981438,-80.54387,Dry,30 - 35  MPH,Stop And Go Signal,Clear,No,0,0,8
Yes,7.0,No,Not Applicable,A: Suspected Serious Injury,Male,High Point,Guilford,No,Wednesday,Bicyclist Failed to Yield - Midblock,13.0,August,Bicyclist Ride Out - Residential Driveway,2007,33.0,No,O: No Injury,Female,Passenger Car,No,35.94954,-80.02042,Dry,30 - 35  MPH,No Control Present,Clear,No,0,0,8
No,12.0,No,With Traffic,B: Suspected Minor Injury,Male,Black Mountain,Buncombe,No,Thursday,Loss of Control / Turning Error,13.0,August,Bicyclist Lost Control - Other / Unknown,2007,42.03850604944766,Missing,Unknown Injury,Unknown,Passenger Car,No,35.629917,-82.318344,Dry,20 - 25  MPH,No Control Present,Clear,No,1,0,8
Yes,30.0,No,Facing Traffic,A: Suspected Serious Injury,Male,Lexington,Davidson,No,Monday,Motorist Failed to Yield - Midblock,0.0,July,Motorist Drive Out - Commercial Driveway / Alley,2007,53.0,No,O: No Injury,Female,Sport Utility,No,35.81719,-80.24265,Dry,5 - 15 MPH,No Control Present,Clear,No,0,0,7
No,13.0,No,Unknown,C: Possible Injury,Female,Elizabeth City,Pasquotank,No,Thursday,Bicyclist Failed to Yield - Sign-Controlled Intersection,17.0,August,Bicyclist Ride Out - Sign-Controlled Intersection,2007,34.0,No,O: No Injury,Female,Pickup,No,36.290222,-76.22429,Dry,20 - 25  MPH,Stop Sign,Clear,No,0,0,8
No,18.0,No,With Traffic,C: Possible Injury,Male,Rocky Mount,Nash,No,Friday,Bicyclist Failed to Yield - Signalized Intersection,14.0,August,Bicyclist Ride Out - Signalized  Intersection,2007,30.0,No,O: No Injury,Male,Passenger Car,No,35.94514,-77.79773,Dry,20 - 25  MPH,Stop And Go Signal,Clear,No,0,0,8
Yes,41.0,No,With Traffic,A: Suspected Serious Injury,Male,Morrisville,Wake,No,Friday,Bicyclist Failed to Yield - Signalized Intersection,6.0,August,Bicyclist Ride Through - Signalized Intersection,2007,48.0,No,A: Suspected Serious Injury,Male,Passenger Car,No,35.800976,-78.817696,Dry,30 - 35  MPH,Stop And Go Signal,Clear,No,0,0,8
Yes,55.0,No,With Traffic,B: Suspected Minor Injury,Male,None - Rural Crash,Durham,No,Saturday,Motorist Overtaking Bicyclist,11.0,August,Motorist Overtaking - Bicyclist Swerved,2007,46.0,No,O: No Injury,Female,Passenger Car,No,35.887764,-78.95754,Dry,40 - 45  MPH,"Double Yellow Line, No Passing Zone",Clear,No,0,0,8
Yes,16.0,No,Facing Traffic,C: Possible Injury,Male,High Point,Guilford,No,Saturday,Motorist Failed to Yield - Signalized Intersection,19.0,August,Motorist Drive Out - Right Turn on Red,2007,30.0,No,O: No Injury,Female,Van,No,35.96999,-80.01552,Dry,30 - 35  MPH,Stop And Go Signal,Clear,No,0,0,8
Yes,45.0,No,Not Applicable,B: Suspected Minor Injury,Male,Spring Lake,Cumberland,No,Friday,Bicyclist Failed to Yield - Midblock,20.0,November,Bicyclist Ride Out - Commercial Driveway / Alley,2007,42.0,No,O: No Injury,Male,Passenger Car,No,35.165222,-78.97323,Dry,20 - 25  MPH,No Control Present,Clear,No,0,0,11
Yes,7.0,No,With Traffic,B: Suspected Minor Injury,Female,None - Rural Crash,Lincoln,No,Sunday,Motorist Overtaking Bicyclist,20.0,August,Motorist Overtaking - Bicyclist Swerved,2007,19.0,No,O: No Injury,Male,Passenger Car,No,35.514378,-80.97555,Dry,40 - 45  MPH,No Control Present,Clear,No,0,0,8
Yes,19.0,No,Facing Traffic,B: Suspected Minor Injury,Male,Gibsonville,Guilford,No,Sunday,Head-On,21.0,August,Head-On - Bicyclist,2007,42.03850604944766,Missing,Unknown Injury,Unknown,Truck/Trailer,Yes,36.08767,-79.73312,Dry,Unknown,No Control Present,Clear,No,1,0,8
No,27.0,No,With Traffic,C: Possible Injury,Male,None - Rural Crash,Chatham,No,Monday,Motorist Overtaking Bicyclist,13.0,August,Motorist Overtaking - Misjudged Space,2007,42.03850604944766,Missing,Unknown Injury,Unknown,Unknown,Yes,35.74225,-79.00249,Dry,50 - 55  MPH,"Double Yellow Line, No Passing Zone",Clear,No,1,0,8