AmbulanceR,BikeAge,BikeAlcFlg,BikeDir,BikeInjury,BikeSex,City,County,CrashAlcoh,CrashDay,CrashGrp,CrashHour,CrashMonth,CrashType,CrashYear,DrvrAge,DrvrAlcFlg,DrvrInjury,DrvrSex,DrvrVehTyp,HitRun,Latitude,Longitude,RdConditio,SpeedLimit,TraffCntrl,Weather,Workzone,DrvrAgeImputedFlag,BikeAgeImputedFlag,MonthCode
Yes,11.0,No,With Traffic,C: Possible Injury,Male,Raleigh,Wake,No,Monday,Bicyclist Overtaking Motorist,20.0,August,Bicyclist Overtaking - Passing on Right,2007,25.0,No,O: No Injury,Female,Passenger Car,No,35.76735,-78.64041,Dry,20 - 25  MPH,No Control Present,Clear,No,0,0,8
No,31.0,No,With Traffic,Unknown Injury,Male,Fayetteville,Cumberland,No,Tuesday,Crossing Paths - Other Circumstances,20.0,August,Signalized Intersection - Other / Unknown,2007,39.0,No,O: No Injury,Male,Passenger Car,No,35.07914,-78.95672,Dry,40 - 45  MPH,Stop And Go Signal,Clear,No,0,0,8
Yes,6.0,No,Not Applicable,B: Suspected Minor Injury,Male,None - Rural Crash,Franklin,No,Tuesday,Bicyclist Failed to Yield - Midblock,17.0,August,Bicyclist Ride Out - Midblock - Unknown,2007,49.0,No,O: No Injury,Male,Pickup,No,36.04485,-78.523994,Dry,20 - 25  MPH,No Control Present,Clear,No,0,0,8
Yes,12.0,No,With Traffic,A: Suspected Serious Injury,Male,None - Rural Crash,Gaston,No,Tuesday,Bicyclist Failed to Yield - Sign-Controlled Intersection,16.0,August,Bicyclist Ride Through - Sign-Controlled Intersection,2007,40.0,No,O: No Injury,Male,Pickup,No,35.29139,-81.23851,Dry,40 - 45  MPH,Stop Sign,Clear,No,0,0,8
Yes,20.0,No,With Traffic,A: Suspected Serious Injury,Male,None - Rural Crash,Jackson,No,Tuesday,Head-On,19.0,August,Head-On - Bicyclist,2007,38.0,No,O: No Injury,Male,Pickup,No,35.404434,-83.145546,Dry,40 - 45  MPH,"Double Yellow Line, No Passing Zone",Cloudy,No,0,0,8
No,14.0,No,With Traffic,Unknown Injury,Male,Belmont,Gaston,No,Tuesday,Motorist Failed to Yield - Sign-Controlled Intersection,18.0,August,Motorist Drive Out - Sign-Controlled Intersection,2007,42.0,No,O: No Injury,Male,Sport Utility,No,35.238476,-81.043724,Dry,30 - 35  MPH,Stop Sign,Clear,No,0,0,8
No,32.52649525389365,No,Unknown,Unknown Injury,Unknown,Fayetteville,Cumberland,No,Sunday,Other / Unknown - Insufficient Details,17.0,July,Unknown Approach Paths,2007,64.0,No,O: No Injury,Female,Sport Utility,No,35.062016,-78.890205,Dry,40 - 45  MPH,Stop And Go Signal,Clear,No,0,1,7
Yes,14.0,No,With Traffic,A: Suspected Serious Injury,Male,Asheville,Buncombe,No,Wednesday,Head-On,15.0,August,Head-On - Bicyclist,2007,26.0,No,O: No Injury,Male,Passenger Car,No,35.632977,-82.56248,Dry,30 - 35  MPH,No Control Present,Clear,No,0,0,8
No,16.0,No,With Traffic,C: Possible Injury,Male,Greensboro,Guilford,No,Wednesday,Crossing Paths - Other Circumstances,22.0,August,Crossing Paths - Intersection - Other / Unknown,2007,42.03850604944766,Missing,Unknown Injury,Unknown,Unknown,Yes,36.055035,-79.796104,Dry,30 - 35  MPH,No Control Present,Clear,No,1,0,8
No,22.0,Yes,With Traffic,B: Suspected Minor Injury,Male,None - Rural Crash,Onslow,Yes,Thursday,Motorist Overtaking Bicyclist,1.0,August,Motorist Overtaking - Other / Unknown,2007,42.03850604944766,Missing,Unknown Injury,Unknown,Unknown,Yes,34.542675,-77.432724,Dry,50 - 55  MPH,No Control Present,Clear,No,1,0,8
No,32.52649525389365,No,With Traffic,C: Possible Injury,Male,Elizabeth City,Pasquotank,No,Thursday,Parallel Paths - Other Circumstances,0.0,August,Bicyclist Ride Out - Parallel Path,2007,34.0,No,O: No Injury,Male,Passenger Car,No,36.296814,-76.22131,Dry,30 - 35  MPH,No Control Present,Cloudy,No,0,1,8
Yes,57.0,No,With Traffic,B: Suspected Minor Injury,Male,None - Rural Crash,Wake,No,Thursday,Motorist Left Turn / Merge,6.0,August,Motorist Left Turn - Opposite Direction,2007,47.0,No,O: No Injury,Male,Pickup,No,35.84146,-78.89291,Dry,40 - 45  MPH,"Double Yellow Line, No Passing Zone",Clear,Yes,0,0,8
No,13.0,No,With Traffic,C: Possible Injury,Male,Rocky Mount,Edgecombe,No,Thursday,Motorist Right Turn / Merge,12.0,August,Motorist Right Turn - Same Direction,2007,36.0,No,O: No Injury,Female,Passenger Car,No,35.936275,-77.79555,Dry,30 - 35  MPH,Yield Sign,Clear,No,0,0,8
Yes,41.0,No,Facing Traffic,C: Possible Injury,Male,None - Rural Crash,Duplin,No,Thursday,Bicyclist Right Turn / Merge,8.0,August,Bicyclist Right Turn - Same Direction,2007,24.0,No,O: No Injury,Male,Passenger Car,No,34.964424,-78.05053,Dry,50 - 55  MPH,No Control Present,Clear,No,0,0,8
Yes,10.0,No,Unknown,Unknown Injury,Female,Elizabeth City,Pasquotank,No,Thursday,Parallel Paths - Other Circumstances,18.0,August,Bicyclist Ride Out - Parallel Path,2007,47.0,No,Unknown Injury,Female,Passenger Car,No,36.30163,-76.226425,Wet,20 - 25  MPH,Stop Sign,Cloudy,No,0,0,8
Yes,50.0,No,With Traffic,B: Suspected Minor Injury,Male,Fayetteville,Cumberland,No,Friday,Motorist Overtaking Bicyclist,5.0,August,Motorist Overtaking - Other / Unknown,2007,45.0,No,O: No Injury,Male,Pickup,No,35.05947,-78.85149,Dry,40 - 45  MPH,No Control Present,Clear,No,0,0,8
Yes,47.0,Yes,Facing Traffic,C: Possible Injury,Male,None - Rural Crash,Moore,Yes,Friday,Loss of Control / Turning Error,17.0,August,Bicyclist Turning Error - Left Turn,2007,53.0,No,O: No Injury,Female,Passenger Car,No,35.244522,-79.56921,Dry,30 - 35  MPH,Stop Sign,Cloudy,No,0,0,8
No,55.0,No,With Traffic,B: Suspected Minor Injury,Male,Washington,Beaufort,No,Friday,Bicyclist Failed to Yield - Sign-Controlled Intersection,14.0,August,Bicyclist Ride Through - Sign-Controlled Intersection,2007,42.03850604944766,Missing,Unknown Injury,Unknown,Unknown,Yes,35.547203,-77.051544,Dry,30 - 35  MPH,Stop Sign,Clear,No,1,0,8
No,38.0,No,With Traffic,B: Suspected Minor Injury,Male,Asheville,Buncombe,No,Saturday,Motorist Overtaking Bicyclist,4.0,August,Motorist Overtaking - Undetected Bicyclist,2007,56.0,No,O: No Injury,Male,Van,No,35.549644,-82.64862,Dry,50 - 55  MPH,No Control Present,Clear,No,0,0,8
Yes,31.0,No,With Traffic,C: Possible Injury,Male,Raleigh,Wake,No,Sunday,Motorist Overtaking Bicyclist,18.0,August,Motorist Overtaking - Other / Unknown,2007,42.03850604944766,Missing,Unknown Injury,Unknown,Unknown,Yes,35.855648,-78.57522,Dry,40 - 45  MPH,No Control Present,Clear,No,1,0,8
No,47.0,No,Not Applicable,O: No Injury,Male,Kannapolis,Cabarrus,No,Monday,Bicyclist Failed to Yield - Midblock,12.0,August,Bicyclist Ride Out - Commercial Driveway / Alley,2007,32.0,No,O: No Injury,Male,Van,No,35.481136,-80.613174,Dry,30 - 35  MPH,No Control Present,Clear,No,0,0,8
No,33.0,No,With Traffic,C: Possible Injury,Female,None - Rural Crash,Cleveland,No,Monday,Motorist Overtaking Bicyclist,7.0,August,Motorist Overtaking - Misjudged Space,2007,22.0,No,O: No Injury,Male,Pickup,No,35.296677,-81.43833,Dry,40 - 45  MPH,"Double Yellow Line, No Passing Zone",Clear,No,0,0,8
Yes,48.0,No,Facing Traffic,C: Possible Injury,Male,Halifax,Halifax,No,Monday,Head-On,15.0,August,Head-On - Bicyclist,2007,23.0,No,O: No Injury,Male,Sport Utility,No,36.320766,-77.59357,Dry,40 - 45  MPH,"Double Yellow Line, No Passing Zone",Clear,No,0,0,8
Yes,44.0,No,With Traffic,C: Possible Injury,Male,Benson,Johnston,No,Thursday,Motorist Overtaking Bicyclist,6.0,October,Motorist Overtaking - Undetected Bicyclist,2007,55.0,No,O: No Injury,Female,Pickup,No,35.377014,-78.553185,Wet,30 - 35  MPH,No Control Present,Rain,No,0,0,10
No,32.52649525389365,Missing,Unknown,Unknown Injury,Unknown,Asheville,Buncombe,No,Monday,Non-Roadway,13.0,November,Non-Roadway,2007,55.0,No,O: No Injury,Female,Other Bus,No,35.59511,-82.55426,Dry,20 - 25  MPH,Stop And Go Signal,Clear,No,0,1,11
No,20.0,No,Unknown,B: Suspected Minor Injury,Female,Greenville,Pitt,No,Monday,Non-Roadway,15.0,August,Non-Roadway,2007,42.03850604944766,Missing,Unknown Injury,Unknown,Unknown,Yes,35.606796,-77.36946,Dry,5 - 15 MPH,No Control Present,Clear,No,1,0,8
Yes,12.0,No,Not Applicable,O: No Injury,Male,None - Rural Crash,Rockingham,No,Monday,Bicyclist Failed to Yield - Midblock,9.0,August,Bicyclist Ride Out - Other Midblock,2007,42.0,No,O: No Injury,Male,Pickup,No,36.38196,-79.577095,Dry,50 - 55  MPH,"Double Yellow Line, No Passing Zone",Clear,No,0,0,8
Yes,20.0,No,With Traffic,B: Suspected Minor Injury,Male,High Point,Guilford,No,Monday,Bicyclist Failed to Yield - Sign-Controlled Intersection,14.0,August,Bicyclist Ride Through - Sign-Controlled Intersection,2007,61.0,No,O: No Injury,Female,Sport Utility,No,35.941494,-80.00289,Dry,30 - 35  MPH,Stop Sign,Clear,No,0,0,8
Yes,24.0,No,With Traffic,B: Suspected Minor Injury,Male,Greensboro,Guilford,No,Monday,Backing Vehicle,18.0,August,Backing Vehicle,2007,37.0,No,O: No Injury,Female,Passenger Car,No,36.05686,-79.78484,Dry,20 - 25  MPH,No Control Present,Clear,No,0,0,8
Yes,17.0,No,Facing Traffic,B: Suspected Minor Injury,Female,Columbia,Tyrrell,No,Monday,Bicyclist Failed to Yield - Signalized Intersection,20.0,August,Bicyclist Failed to Clear - Trapped,2007,56.0,No,O: No Injury,Male,Pickup,No,35.91809,-76.249214,Dry,30 - 35  MPH,Stop And Go Signal,Clear,No,0,0,8
No,16.0,No,Unknown,O: No Injury,Male,Charlotte,Mecklenburg,No,Tuesday,Bicyclist Failed to Yield - Sign-Controlled Intersection,17.0,November,Bicyclist Ride Out - Sign-Controlled Intersection,2007,25.0,No,O: No Injury,Male,Passenger Car,No,35.08762,-80.863655,Dry,40 - 45  MPH,No Control Present,Clear,No,0,0,11
Yes,9.0,No,With Traffic,A: Suspected Serious Injury,Male,None - Rural Crash,Henderson,No,Tuesday,Head-On,17.0,August,Head-On - Bicyclist,2007,46.0,No,O: No Injury,Male,Sport Utility,No,35.41767,-82.490845,Dry,5 - 15 MPH,No Control Present,Clear,No,0,0,8
Yes,39.0,No,Facing Traffic,B: Suspected Minor Injury,Male,Charlotte,Mecklenburg,No,Tuesday,Head-On,10.0,November,Head-On - Bicyclist,2007,25.0,No,O: No Injury,Male,Passenger Car,No,35.26333,-80.86328,Dry,20 - 25  MPH,No Control Present,Clear,No,0,0,11
Yes,26.0,No,Facing Traffic,B: Suspected Minor Injury,Male,Wilson,Wilson,No,Tuesday,Crossing Paths - Other Circumstances,16.0,August,Signalized Intersection - Other / Unknown,2007,42.03850604944766,Missing,Unknown Injury,Unknown,Unknown,Yes,35.723057,-77.90439,Dry,30 - 35  MPH,Stop And Go Signal,Clear,No,1,0,8
Yes,13.0,No,Facing Traffic,B: Suspected Minor Injury,Male,East Spencer,Rowan,No,Tuesday,Bicyclist Failed to Yield - Sign-Controlled Intersection,13.0,August,Bicyclist Ride Through - Sign-Controlled Intersection,2007,35.0,No,O: No Injury,Female,Sport Utility,No,35.68603,-80.428986,Dry,30 - 35  MPH,Stop Sign,Clear,No,0,0,8
No,56.0,No,Facing Traffic,B: Suspected Minor Injury,Male,None - Rural Crash,Pitt,No,Tuesday,Motorist Right Turn / Merge,9.0,August,Motorist Right Turn - Opposite Direction,2007,43.0,No,O: No Injury,Male,Passenger Car,No,35.635437,-77.469826,Dry,Unknown,No Control Present,Clear,No,0,0,8
Yes,47.0,No,Unknown,C: Possible Injury,Male,None - Rural Crash,Johnston,No,Wednesday,Parallel Paths - Other Circumstances,23.0,August,Parallel Paths - Other / Unknown,2007,17.0,No,O: No Injury,Male,Pickup,No,35.32743,-78.48861,Dry,50 - 55  MPH,"Double Yellow Line, No Passing Zone",Clear,No,0,0,8
Yes,11.0,No,With Traffic,C: Possible Injury,Male,Asheville,Buncombe,No,Wednesday,Bicyclist Failed to Yield - Sign-Controlled Intersection,11.0,August,Bicyclist Ride Through - Sign-Controlled Intersection,2007,63.0,No,O: No Injury,Male,Sport Utility,No,35.60228,-82.50215,Dry,30 - 35  MPH,Stop Sign,Clear,No,0,0,8
Yes,32.0,No,Facing Traffic,C: Possible Injury,Male,High Point,Guilford,No,Wednesday,Crossing Paths - Other Circumstances,12.0,August,Crossing Paths - Intersection - Other / Unknown,2007,48.0,No,O: No Injury,Female,Passenger Car,No,35.956223,-79.9999,Dry,30 - 35  MPH,Stop And Go Signal,Clear,No,0,0,8
Yes,61.0,No,Not Applicable,B: Suspected Minor Injury,Male,Durham,Durham,No,Thursday,Bicyclist Failed to Yield - Midblock,11.0,August,Bicyclist Ride Out - Other Midblock,2007,44.0,No,O: No Injury,Female,Passenger Car,No,35.992626,-78.89526,Dry,30 - 35  MPH,No Control Present,Clear,No,0,0,8
Yes,15.0,No,With Traffic,A: Suspected Serious Injury,Male,Gastonia,Gaston,No,Thursday,Bicyclist Failed to Yield - Sign-Controlled Intersection,11.0,August,Bicyclist Ride Out - Sign-Controlled Intersection,2007,26.0,No,O: No Injury,Male,"Light Truck (Mini-Van, Panel)",No,35.28463,-81.14933,Dry,40 - 45  MPH,Stop Sign,Clear,No,0,0,8
No,16.0,No,Not Applicable,O: No Injury,Male,Jacksonville,Onslow,No,Thursday,Bicyclist Failed to Yield - Midblock,17.0,August,Bicyclist Ride Out - Commercial Driveway / Alley,2007,67.0,No,O: No Injury,Female,Passenger Car,No,34.775734,-77.36592,Dry,40 - 45  MPH,No Control Present,Clear,No,0,0,8
Yes,17.0,No,Facing Traffic,C: Possible Injury,Male,Goldsboro,Wayne,No,Thursday,Bicyclist Failed to Yield - Signalized Intersection,9.0,August,Bicyclist Ride Through - Signalized Intersection,2007,66.0,No,O: No Injury,Male,Pickup,No,35.38988,-77.99034,Dry,30 - 35  MPH,Stop And Go Signal,Clear,No,0,0,8
No,15.0,No,With Traffic,C: Possible Injury,Male,Matthews,Mecklenburg,No,Thursday,Crossing Paths - Other Circumstances,16.0,August,Crossing Paths - Intersection - Other / Unknown,2007,43.0,No,O: No Injury,Male,Sport Utility,No,35.116894,-80.72149,Dry,20 - 25  MPH,Other,Clear,No,0,0,8
Yes,16.0,No,With Traffic,B: Suspected Minor Injury,Male,Rocky Mount,Nash,No,Friday,Motorist Overtaking Bicyclist,18.0,August,Motorist Overtaking - Bicyclist Swerved,2007,28.0,No,O: No Injury,Male,Sport Utility,No,35.92731,-77.814865,Dry,30 - 35  MPH,No Control Present,Clear,No,0,0,8
Yes,56.0,No,With Traffic,C: Possible Injury,Male,None - Rural Crash,Transylvania,No,Saturday,Motorist Overtaking Bicyclist,16.0,August,Motorist Overtaking - Bicyclist Swerved,2007,25.0,No,O: No Injury,Male,Passenger Car,No,35.1841,-82.79507,Dry,40 - 45  MPH,"Double Yellow Line, No Passing Zone",Clear,No,0,0,8
No,42.0,No,Facing Traffic,C: Possible Injury,Male,Asheville,Buncombe,No,Saturday,Motorist Failed to Yield - Midblock,13.0,August,Motorist Drive Out - Commercial Driveway / Alley,2007,39.0,No,O: No Injury,Male,Passenger Car,No,35.622143,-82.554474,Dry,30 - 35  MPH,No Control Present,Clear,No,0,0,8
Yes,32.52649525389365,Missing,Not Applicable,Unknown Injury,Unknown,Wrightsville Beach,New Hanover,No,Saturday,Bicyclist Failed to Yield - Signalized Intersection,17.0,August,Bicyclist Ride Out - Signalized  Intersection,2007,24.0,No,O: No Injury,Male,Passenger Car,No,34.208042,-77.796326,Dry,30 - 35  MPH,Stop And Go Signal,Clear,No,0,1,8
Yes,14.0,No,Not Applicable,B: Suspected Minor Injury,Female,Asheboro,Randolph,No,Sunday,Bicyclist Failed to Yield - Midblock,17.0,August,Bicyclist Ride Out - Commercial Driveway / Alley,2007,68.0,No,O: No Injury,Male,Passenger Car,No,35.65803,-79.82143,Dry,40 - 45  MPH,"Double Yellow Line, No Passing Zone",Clear,No,0,0,8
Yes,36.0,No,With Traffic,B: Suspected Minor Injury,Female,Asheville,Buncombe,No,Sunday,Crossing Paths - Other Circumstances,11.0,August,Signalized Intersection - Other / Unknown,2007,29.0,No,O: No Injury,Female,Sport Utility,No,35.59538,-82.55277,Dry,20 - 25  MPH,Stop And Go Signal,Clear,No,0,0,8
No,14.0,No,Facing Traffic,O: No Injury,Female,Sanford,Lee,No,Monday,Motorist Left Turn / Merge,15.0,August,Motorist Left Turn - Same Direction,2007,18.0,No,C: Possible Injury,Male,Passenger Car,No,35.464962,-79.15325,Dry,30 - 35  MPH,No Control Present,Clear,No,0,0,8
No,16.0,No,Facing Traffic,O: No Injury,Male,Lumberton,Robeson,No,Monday,Motorist Failed to Yield - Sign-Controlled Intersection,21.0,August,Motorist Drive Out - Sign-Controlled Intersection,2007,62.0,No,O: No Injury,Female,Passenger Car,No,34.62976,-79.00574,Dry,30 - 35  MPH,Stop Sign,Clear,No,0,0,8
No,22.0,No,With Traffic,Unknown Injury,Male,Greensboro,Guilford,No,Tuesday,Motorist Right Turn / Merge,11.0,August,Motorist Right Turn - Same Direction,2007,24.0,No,O: No Injury,Male,Passenger Car,No,36.065582,-79.81151,Dry,20 - 25  MPH,No Control Present,Clear,No,0,0,8
No,25.0,No,Facing Traffic,C: Possible Injury,Male,Kitty Hawk,Dare,No,Tuesday,Bicyclist Failed to Yield - Signalized Intersection,11.0,August,Bicyclist Ride Through - Signalized Intersection,2007,37.0,No,O: No Injury,Female,Sport Utility,No,36.100487,-75.71423,Dry,30 - 35  MPH,Stop And Go Signal,Clear,No,0,0,8
Yes,39.0,No,With Traffic,C: Possible Injury,Male,Morven,Anson,No,Wednesday,Bicyclist Failed to Yield - Sign-Controlled Intersection,7.0,August,Bicyclist Ride Out - Sign-Controlled Intersection,2007,26.0,No,O: No Injury,Female,Passenger Car,No,34.861115,-79.999435,Dry,30 - 35  MPH,"Double Yellow Line, No Passing Zone",Clear,No,0,0,8
No,17.0,No,With Traffic,C: Possible Injury,Male,None - Rural Crash,Caldwell,No,Wednesday,Head-On,22.0,August,Head-On - Motorist,2007,42.03850604944766,Missing,Unknown Injury,Unknown,Unknown,Yes,35.810963,-81.51026,Dry,40 - 45  MPH,"Double Yellow Line, No Passing Zone",Clear,No,1,0,8
No,31.0,No,Facing Traffic,B: Suspected Minor Injury,Male,Fayetteville,Cumberland,No,Wednesday,Motorist Failed to Yield - Signalized Intersection,9.0,August,Motorist Drive Out - Right Turn on Red,2007,42.03850604944766,No,O: No Injury,Male,Sport Utility,No,35.045372,-78.89208,Dry,30 - 35  MPH,Stop And Go Signal,Clear,No,1,0,8
Yes,32.0,No,Unknown,C: Possible Injury,Male,Wilson,Wilson,No,Wednesday,Motorist Failed to Yield - Sign-Controlled Intersection,8.0,August,Motorist Drive Out - Sign-Controlled Intersection,2007,45.0,No,O: No Injury,Female,Sport Utility,No,35.720673,-77.9058,Dry,5 - 15 MPH,Stop Sign,Clear,No,0,0,8
Yes,10.0,No,Facing Traffic,B: Suspected Minor Injury,Female,Greensboro,Guilford,No,Wednesday,Crossing Paths - Other Circumstances,12.0,August,Crossing Paths - Intersection - Other / Unknown,2007,23.0,No,O: No Injury,Female,Passenger Car,No,36.146336,-79.78515,Dry,30 - 35  MPH,No Control Present,Cloudy,No,0,0,8
Yes,12.0,No,With Traffic,C: Possible Injury,Male,None - Rural Crash,Cumberland,No,Thursday,Bicyclist Left Turn / Merge,15.0,August,Bicyclist Left Turn - Same Direction,2007,68.0,No,O: No Injury,Male,Passenger Car,No,35.010292,-78.95238,Dry,40 - 45  MPH,No Control Present,Clear,No,0,0,8
Yes,17.0,No,With Traffic,C: Possible Injury,Male,Cary,Wake,No,Thursday,Bicyclist Failed to Yield - Signalized Intersection,18.0,November,Bicyclist Ride Through - Signalized Intersection,2007,27.0,No,O: No Injury,Female,Sport Utility,No,35.80254,-78.782936,Dry,40 - 45  MPH,Stop And Go Signal,Clear,No,0,0,11
Yes,24.0,No,Unknown,B: Suspected Minor Injury,Male,Charlotte,Mecklenburg,No,Monday,Motorist Left Turn / Merge,7.0,September,Motorist Left Turn - Same Direction,2007,48.0,No,O: No Injury,Male,School Bus,No,35.22998,-80.71985,Dry,30 - 35  MPH,Stop Sign,Clear,No,0,0,9
Yes,20.0,No,With Traffic,B: Suspected Minor Injury,Male,Boone,Watauga,No,Friday,Bicyclist Overtaking Motorist,16.0,August,Bicyclist Overtaking - Other / Unknown,2007,29.0,No,O: No Injury,Male,Sport Utility,No,36.205532,-81.66969,Wet,30 - 35  MPH,Stop And Go Signal,Cloudy,No,0,0,8
No,10.0,No,With Traffic,C: Possible Injury,Male,Pembroke,Robeson,No,Friday,Bicyclist Failed to Yield - Signalized Intersection,16.0,August,Bicyclist Ride Through - Signalized Intersection,2007,33.0,No,O: No Injury,Male,Passenger Car,No,34.678207,-79.191414,Dry,30 - 35  MPH,Stop And Go Signal,Cloudy,No,0,0,8
Yes,65.0,No,With Traffic,A: Suspected Serious Injury,Male,Raleigh,Wake,No,Saturday,Motorist Overtaking Bicyclist,1.0,August,Motorist Overtaking - Undetected Bicyclist,2007,42.03850604944766,Missing,Unknown Injury,Unknown,Unknown,Yes,35.81217,-78.60924,Dry,40 - 45  MPH,No Control Present,Clear,No,1,0,8
No,16.0,No,With Traffic,O: No Injury,Female,Sharpsburg,Wilson,No,Saturday,Bicyclist Failed to Yield - Sign-Controlled Intersection,15.0,August,Bicyclist Ride Through - Sign-Controlled Intersection,2007,55.0,No,O: No Injury,Female,Passenger Car,No,35.865047,-77.82563,Dry,40 - 45  MPH,Stop Sign,Clear,No,0,0,8
Yes,10.0,No,With Traffic,B: Suspected Minor Injury,Male,Wilson,Wilson,No,Tuesday,Bicyclist Left Turn / Merge,17.0,August,Bicyclist Left Turn - Same Direction,2007,20.0,No,O: No Injury,Male,Passenger Car,No,35.734795,-77.92817,Dry,30 - 35  MPH,No Control Present,Clear,No,0,0,8
No,22.0,No,With Traffic,C: Possible Injury,Female,Raleigh,Wake,No,Thursday,Motorist Failed to Yield - Sign-Controlled Intersection,20.0,August,Motorist Drive Out - Sign-Controlled Intersection,2007,37.0,No,O: No Injury,Female,Passenger Car,No,35.793137,-78.67304,Dry,30 - 35  MPH,Stop Sign,Clear,No,0,0,8
Yes,9.0,No,Unknown,C: Possible Injury,Female,Charlotte,Mecklenburg,No,Saturday,Non-Roadway,15.0,December,Non-Roadway,2007,24.0,No,O: No Injury,Male,Sport Utility,No,35.304985,-80.84734,Dry,20 - 25  MPH,No Control Present,Clear,No,0,0,12
Yes,30.0,No,With Traffic,B: Suspected Minor Injury,Female,None - Rural Crash,Orange,No,Saturday,Motorist Overtaking Bicyclist,9.0,August,Motorist Overtaking - Other / Unknown,2007,25.0,No,O: No Injury,Female,Passenger Car,No,36.08032,-79.05877,Dry,50 - 55  MPH,"Double Yellow Line, No Passing Zone",Clear,No,0,0,8
No,26.0,No,Unknown,C: Possible Injury,Male,Gastonia,Gaston,No,Sunday,Crossing Paths - Other Circumstances,10.0,August,Crossing Paths - Intersection - Other / Unknown,2007,61.0,No,O: No Injury,Male,Pickup,No,35.240578,-81.150444,Dry,30 - 35  MPH,Stop Sign,Clear,No,0,0,8
Yes,37.0,No,With Traffic,C: Possible Injury,Male,None - Rural Crash,Hoke,No,Sunday,Motorist Overtaking Bicyclist,21.0,August,Motorist Overtaking - Other / Unknown,2007,42.03850604944766,Missing,Unknown Injury,Unknown,Unknown,Yes,34.968872,-79.338585,Wet,50 - 55  MPH,No Control Present,Rain,No,1,0,8
Yes,22.0,No,With Traffic,B: Suspected Minor Injury,Male,None - Rural Crash,Chatham,No,Sunday,Loss of Control / Turning Error,15.0,August,Motorist Lost Control - Mechanical Problems,2007,44.0,No,O: No Injury,Male,Passenger Car,No,35.760014,-79.00928,Dry,50 - 55  MPH,"Double Yellow Line, No Passing Zone",Cloudy,No,0,0,8
No,18.0,No,Unknown,O: No Injury,Female,Wilmington,New Hanover,No,Tuesday,Non-Roadway,13.0,August,Non-Roadway,2007,42.03850604944766,Missing,Unknown Injury,Unknown,Unknown,Yes,34.22141,-77.869354,Dry,20 - 25  MPH,"Double Yellow Line, No Passing Zone",Clear,No,1,0,8
Yes,15.0,No,With Traffic,B: Suspected Minor Injury,Male,None - Rural Crash,New Hanover,No,Wednesday,Bicyclist Left Turn / Merge,16.0,August,Bicyclist Left Turn - Same Direction,2007,29.0,No,O: No Injury,Male,Sport Utility,No,34.05103,-77.89979,Dry,50 - 55  MPH,No Control Present,Clear,No,0,0,8
Yes,19.0,No,Facing Traffic,B: Suspected Minor Injury,Male,Boone,Watauga,No,Wednesday,Motorist Failed to Yield - Midblock,16.0,August,Motorist Drive Out - Commercial Driveway / Alley,2007,35.0,No,O: No Injury,Male,Van,No,36.217346,-81.6649,Dry,30 - 35  MPH,No Control Present,Clear,No,0,0,8
Yes,17.0,No,Not Applicable,A: Suspected Serious Injury,Male,None - Rural Crash,Macon,No,Thursday,Bicyclist Failed to Yield - Midblock,12.0,August,Bicyclist Ride Out - Residential Driveway,2007,48.0,No,O: No Injury,Male,Pickup,No,35.21386,-83.35928,Dry,30 - 35  MPH,"Double Yellow Line, No Passing Zone",Clear,No,0,0,8
No,61.0,No,Facing Traffic,C: Possible Injury,Male,Apex,Wake,No,Thursday,Motorist Failed to Yield - Midblock,16.0,August,Motorist Drive Out - Commercial Driveway / Alley,2007,31.0,No,O: No Injury,Male,Pickup,No,35.71128,-78.83875,Dry,Unknown,No Control Present,Clear,No,0,0,8
Yes,60.0,No,With Traffic,A: Suspected Serious Injury,Male,Wilmington,New Hanover,No,Thursday,Motorist Overtaking Bicyclist,22.0,August,Motorist Overtaking - Other / Unknown,2007,29.0,No,O: No Injury,Male,Passenger Car,No,34.209602,-77.839935,Dry,40 - 45  MPH,No Control Present,Clear,No,0,0,8
Yes,18.0,No,With Traffic,O: No Injury,Female,Raleigh,Wake,No,Friday,Motorist Right Turn / Merge,14.0,August,Motorist Right Turn on Red - Same Direction,2007,42.03850604944766,Missing,Unknown Injury,Unknown,Unknown,Yes,35.76785,-78.62483,Dry,40 - 45  MPH,No Control Present,Clear,No,1,0,8
No,35.0,No,Facing Traffic,C: Possible Injury,Male,Raleigh,Wake,No,Friday,Motorist Failed to Yield - Signalized Intersection,17.0,August,Motorist Drive Out - Right Turn on Red,2007,30.0,No,O: No Injury,Female,Sport Utility,No,35.77515,-78.6567,Dry,30 - 35  MPH,Stop And Go Signal,Clear,No,0,0,8
No,16.0,No,With Traffic,B: Suspected Minor Injury,Male,None - Rural Crash,Cumberland,No,Saturday,Motorist Overtaking Bicyclist,4.0,September,Motorist Overtaking - Other / Unknown,2007,42.03850604944766,Missing,Unknown Injury,Unknown,Unknown,Yes,34.979027,-78.99883,Dry,40 - 45  MPH,"Double Yellow Line, No Passing Zone",Clear,No,1,0,9