AmbulanceR,BikeAge,BikeAlcFlg,BikeDir,BikeInjury,BikeSex,City,County,CrashAlcoh,CrashDay,CrashGrp,CrashHour,CrashMonth,CrashType,CrashYear,DrvrAge,DrvrAlcFlg,DrvrInjury,DrvrSex,DrvrVehTyp,HitRun,Latitude,Longitude,RdConditio,SpeedLimit,TraffCntrl,Weather,Workzone,DrvrAgeImputedFlag,BikeAgeImputedFlag,MonthCode
Yes,9.0,No,With Traffic,C: Possible Injury,Male,Conetoe,Edgecombe,No,Saturday,Bicyclist Failed to Yield - Sign-Controlled Intersection,19.0,September,Bicyclist Ride Through - Sign-Controlled Intersection,2007,26.0,No,O: No Injury,Male,Sport Utility,No,35.81982,-77.461555,Dry,30 - 35  MPH,Stop Sign,Clear,No,0,0,9
Yes,21.0,No,With Traffic,K: Killed,Male,None - Rural Crash,Hertford,No,Saturday,Head-On,22.0,September,Head-On - Motorist,2007,19.0,No,B: Suspected Minor Injury,Male,Passenger Car,No,36.43726,-77.1185,Dry,40 - 45  MPH,"Double Yellow Line, No Passing Zone",Clear,No,0,0,9
Yes,53.0,No,With Traffic,B: Suspected Minor Injury,Female,None - Rural Crash,Chatham,No,Friday,Other / Unusual Circumstances,8.0,August,Unusual Circumstances,2007,23.0,No,B: Suspected Minor Injury,Male,Sport Utility,No,35.738876,-79.057434,Dry,50 - 55  MPH,Stop Sign,Clear,No,0,0,8
Yes,23.0,No,With Traffic,B: Suspected Minor Injury,Female,Asheville,Buncombe,No,Sunday,Motorist Failed to Yield - Sign-Controlled Intersection,10.0,September,Motorist Drive Out - Sign-Controlled Intersection,2007,38.0,No,O: No Injury,Female,Passenger Car,No,35.55902,-82.514755,Dry,30 - 35  MPH,Stop Sign,Clear,No,0,0,9
No,51.0,No,With Traffic,B: Suspected Minor Injury,Male,Emerald Isle,Carteret,No,Monday,Motorist Left Turn / Merge,15.0,September,Motorist Left Turn - Opposite Direction,2007,56.0,No,O: No Injury,Male,Sport Utility,No,34.665943,-77.03039,Dry,30 - 35  MPH,No Control Present,Clear,No,0,0,9
No,20.0,No,With Traffic,O: No Injury,Male,Fayetteville,Cumberland,No,Tuesday,Motorist Failed to Yield - Sign-Controlled Intersection,8.0,August,Motorist Drive Out - Sign-Controlled Intersection,2007,42.03850604944766,Missing,Unknown Injury,Unknown,Unknown,Yes,35.062088,-78.918625,Dry,Unknown,Stop Sign,Clear,No,1,0,8
Yes,14.0,No,Unknown,B: Suspected Minor Injury,Male,Charlotte,Mecklenburg,No,Friday,Other / Unknown - Insufficient Details,21.0,December,Unknown Approach Paths,2007,23.0,No,O: No Injury,Female,Passenger Car,No,35.268238,-80.85388,Dry,30 - 35  MPH,Stop And Go Signal,Clear,No,0,0,12
Yes,14.0,No,Facing Traffic,B: Suspected Minor Injury,Male,None - Rural Crash,Hertford,No,Monday,Bicyclist Right Turn / Merge,12.0,September,Bicyclist Right Turn - Same Direction,2007,49.0,No,C: Possible Injury,Female,Passenger Car,No,36.28813,-76.986404,Dry,30 - 35  MPH,"Double Yellow Line, No Passing Zone",Clear,No,0,0,9
Yes,27.0,No,Facing Traffic,B: Suspected Minor Injury,Male,Washington,Beaufort,No,Monday,Motorist Failed to Yield - Midblock,14.0,September,Motorist Drive Out - Commercial Driveway / Alley,2007,24.0,No,O: No Injury,Female,Sport Utility,No,35.563583,-77.06233,Dry,30 - 35  MPH,No Control Present,Clear,Yes,0,0,9
Yes,17.0,No,Facing Traffic,B: Suspected Minor Injury,Male,Statesville,Iredell,No,Monday,Motorist Failed to Yield - Sign-Controlled Intersection,17.0,September,Motorist Drive Out - Sign-Controlled Intersection,2007,51.0,No,O: No Injury,Female,Passenger Car,No,35.79936,-80.89075,Dry,30 - 35  MPH,Flashing Signal With Stop Sign,Clear,No,0,0,9
No,7.0,No,Unknown,B: Suspected Minor Injury,Male,None - Rural Crash,Craven,No,Tuesday,Bicyclist Failed to Yield - Sign-Controlled Intersection,15.0,September,Bicyclist Ride Through - Sign-Controlled Intersection,2007,25.0,No,O: No Injury,Female,Van,No,35.121357,-77.05657,Dry,20 - 25  MPH,Stop Sign,Clear,No,0,0,9
Yes,65.0,No,Facing Traffic,B: Suspected Minor Injury,Male,None - Rural Crash,Robeson,No,Tuesday,Head-On,20.0,September,Head-On - Bicyclist,2007,66.0,No,O: No Injury,Male,Pickup,No,34.80332,-79.150375,Dry,50 - 55  MPH,"Double Yellow Line, No Passing Zone",Clear,No,0,0,9
Yes,52.0,Yes,Facing Traffic,B: Suspected Minor Injury,Male,Winston-Salem,Forsyth,Yes,Wednesday,Bicyclist Failed to Yield - Sign-Controlled Intersection,20.0,September,Bicyclist Ride Through - Sign-Controlled Intersection,2007,42.0,No,O: No Injury,Male,Sport Utility,No,36.15769,-80.205086,Dry,40 - 45  MPH,No Control Present,Clear,No,0,0,9
Yes,43.0,No,With Traffic,C: Possible Injury,Male,None - Rural Crash,Pasquotank,No,Wednesday,Head-On,11.0,September,Head-On - Unknown,2007,17.0,No,O: No Injury,Female,Sport Utility,No,36.219486,-76.27497,Dry,50 - 55  MPH,No Control Present,Clear,No,0,0,9
No,21.0,No,With Traffic,C: Possible Injury,Male,Raleigh,Wake,No,Wednesday,Motorist Right Turn / Merge,16.0,September,Motorist Right Turn - Same Direction,2007,25.0,No,O: No Injury,Female,Pickup,No,35.794384,-78.60743,Dry,30 - 35  MPH,Stop Sign,Clear,No,0,0,9
No,39.0,Yes,Not Applicable,O: No Injury,Male,Goldsboro,Wayne,Yes,Wednesday,Bicyclist Failed to Yield - Midblock,18.0,September,Bicyclist Ride Out - Commercial Driveway / Alley,2007,34.0,No,O: No Injury,Male,Passenger Car,No,35.37738,-77.99751,Dry,30 - 35  MPH,Stop And Go Signal,Clear,No,0,0,9
No,12.0,Yes,Unknown,C: Possible Injury,Male,None - Rural Crash,Craven,Yes,Thursday,Bicyclist Failed to Yield - Signalized Intersection,18.0,September,Bicyclist Ride Out - Signalized  Intersection,2007,31.0,No,O: No Injury,Male,Pickup,No,35.081615,-77.0311,Dry,50 - 55  MPH,Stop And Go Signal,Clear,No,0,0,9
Yes,52.0,No,Unknown,B: Suspected Minor Injury,Male,None - Rural Crash,Gaston,No,Thursday,Non-Roadway,17.0,September,Non-Roadway,2007,40.0,No,O: No Injury,Female,Passenger Car,No,35.25855,-81.11884,Dry,Unknown,No Control Present,Clear,No,0,0,9
No,52.0,No,With Traffic,B: Suspected Minor Injury,Male,None - Rural Crash,Gaston,No,Thursday,Bicyclist Overtaking Motorist,12.0,September,Bicyclist Overtaking - Other / Unknown,2007,40.0,No,O: No Injury,Female,Passenger Car,No,35.291916,-81.036674,Dry,30 - 35  MPH,Stop And Go Signal,Clear,No,0,0,9
Yes,34.0,Yes,Unknown,B: Suspected Minor Injury,Male,Wilmington,New Hanover,Yes,Sunday,Other / Unknown - Insufficient Details,4.0,August,Unknown Approach Paths,2007,29.0,Yes,O: No Injury,Male,Passenger Car,No,34.236115,-77.90235,Dry,20 - 25  MPH,No Control Present,Clear,No,0,0,8
No,45.0,No,With Traffic,O: No Injury,Male,Raleigh,Wake,No,Monday,Bicyclist Overtaking Motorist,13.0,October,Bicyclist Overtaking - Passing on Right,2007,54.0,No,O: No Injury,Male,Passenger Car,No,35.950146,-78.55923,Dry,20 - 25  MPH,Stop Sign,Clear,No,0,0,10
No,14.0,No,With Traffic,C: Possible Injury,Male,None - Rural Crash,Halifax,No,Saturday,Motorist Overtaking Bicyclist,12.0,September,Motorist Overtaking - Misjudged Space,2007,42.03850604944766,Missing,Unknown Injury,Unknown,Unknown,Yes,36.40958,-77.687706,Dry,40 - 45  MPH,"Double Yellow Line, No Passing Zone",Clear,No,1,0,9
No,39.0,No,With Traffic,B: Suspected Minor Injury,Male,Morganton,Burke,No,Friday,Motorist Right Turn / Merge,16.0,August,Motorist Right Turn - Same Direction,2007,52.0,No,O: No Injury,Female,Sport Utility,No,35.735294,-81.67533,Dry,40 - 45  MPH,Stop And Go Signal,Clear,No,0,0,8
Yes,34.0,No,With Traffic,B: Suspected Minor Injury,Male,None - Rural Crash,Orange,No,Friday,Motorist Left Turn / Merge,17.0,October,Motorist Left Turn - Opposite Direction,2007,18.0,No,O: No Injury,Female,Passenger Car,No,35.990383,-79.07298,Dry,30 - 35  MPH,No Control Present,Clear,No,0,0,10
No,14.0,No,Not Applicable,B: Suspected Minor Injury,Male,Erwin,Harnett,No,Wednesday,Bicyclist Failed to Yield - Signalized Intersection,14.0,September,Bicyclist Ride Out - Signalized  Intersection,2007,16.0,No,O: No Injury,Male,Passenger Car,No,35.3353,-78.67266,Dry,30 - 35  MPH,No Control Present,Clear,No,0,0,9
No,10.0,No,With Traffic,C: Possible Injury,Female,Rocky Mount,Edgecombe,No,Wednesday,Loss of Control / Turning Error,16.0,August,Bicyclist Turning Error - Right Turn,2007,62.0,No,O: No Injury,Male,Van,No,35.935425,-77.782715,Dry,30 - 35  MPH,Stop Sign,Clear,No,0,0,8
Yes,36.0,No,With Traffic,B: Suspected Minor Injury,Male,None - Rural Crash,Pitt,No,Saturday,Motorist Left Turn / Merge,10.0,October,Motorist Left Turn - Opposite Direction,2007,38.0,No,O: No Injury,Female,Passenger Car,No,35.522152,-77.301926,Dry,50 - 55  MPH,No Control Present,Clear,No,0,0,10
No,20.0,No,With Traffic,K: Killed,Male,None - Rural Crash,Onslow,No,Thursday,Motorist Overtaking Bicyclist,6.0,September,Motorist Overtaking - Undetected Bicyclist,2007,19.0,No,O: No Injury,Male,Passenger Car,No,34.73466,-77.572945,Dry,40 - 45  MPH,"Double Yellow Line, No Passing Zone",Clear,No,0,0,9
Yes,50.0,No,With Traffic,B: Suspected Minor Injury,Male,Roxboro,Person,No,Thursday,Backing Vehicle,12.0,September,Backing Vehicle,2007,21.0,No,O: No Injury,Male,Pickup,No,36.3539,-79.05267,Dry,50 - 55  MPH,"Double Yellow Line, No Passing Zone",Clear,No,0,0,9
No,51.0,No,Facing Traffic,C: Possible Injury,Male,Charlotte,Mecklenburg,No,Wednesday,Motorist Left Turn / Merge,10.0,December,Motorist Left Turn - Same Direction,2007,38.0,No,O: No Injury,Male,Passenger Car,No,35.222946,-80.83791,Dry,30 - 35  MPH,Stop And Go Signal,Clear,Yes,0,0,12
Yes,20.0,No,Unknown,C: Possible Injury,Male,Conover,Catawba,No,Wednesday,Bicyclist Failed to Yield - Signalized Intersection,19.0,December,Bicyclist Ride Through - Signalized Intersection,2007,32.0,No,O: No Injury,Female,Passenger Car,No,35.703068,-81.21111,Dry,40 - 45  MPH,Stop And Go Signal,Clear,No,0,0,12
No,11.0,No,With Traffic,C: Possible Injury,Male,None - Rural Crash,Wayne,No,Thursday,Motorist Overtaking Bicyclist,8.0,September,Motorist Overtaking - Bicyclist Swerved,2007,30.0,No,O: No Injury,Male,Pickup,No,35.4118,-78.071205,Dry,40 - 45  MPH,"Double Yellow Line, No Passing Zone",Clear,No,0,0,9
Yes,42.0,No,Facing Traffic,C: Possible Injury,Male,New Bern,Craven,No,Friday,Motorist Failed to Yield - Signalized Intersection,15.0,September,Motorist Drive Out - Right Turn on Red,2007,31.0,No,O: No Injury,Female,Sport Utility,No,35.11338,-77.09635,Dry,40 - 45  MPH,Stop And Go Signal,Clear,No,0,0,9
No,47.0,No,Facing Traffic,C: Possible Injury,Male,Matthews,Mecklenburg,No,Friday,Motorist Failed to Yield - Sign-Controlled Intersection,10.0,September,Motorist Drive Out - Sign-Controlled Intersection,2007,50.0,No,O: No Injury,Male,Passenger Car,No,35.117462,-80.72494,Dry,20 - 25  MPH,Stop Sign,Clear,No,0,0,9
Yes,15.0,No,With Traffic,C: Possible Injury,Male,Raleigh,Wake,No,Friday,Motorist Overtaking Bicyclist,16.0,September,Motorist Overtaking - Bicyclist Swerved,2007,47.0,No,O: No Injury,Female,Sport Utility,No,35.77205,-78.61814,Dry,30 - 35  MPH,No Control Present,Clear,No,0,0,9
Yes,37.0,No,Facing Traffic,C: Possible Injury,Male,None - Rural Crash,New Hanover,No,Friday,Motorist Failed to Yield - Signalized Intersection,13.0,September,Motorist Drive Out - Right Turn on Red,2007,52.0,No,O: No Injury,Male,Passenger Car,No,34.23586,-77.943184,Dry,30 - 35  MPH,Stop And Go Signal,Clear,No,0,0,9
Yes,9.0,No,Not Applicable,C: Possible Injury,Male,High Point,Guilford,No,Saturday,Bicyclist Failed to Yield - Midblock,19.0,September,Bicyclist Ride Out - Other Midblock,2007,42.0,No,O: No Injury,Male,Passenger Car,No,35.96031,-79.97986,Dry,30 - 35  MPH,No Control Present,Clear,No,0,0,9
Yes,9.0,No,With Traffic,B: Suspected Minor Injury,Male,Greensboro,Guilford,No,Saturday,Loss of Control / Turning Error,14.0,September,Bicyclist Lost Control - Mechanical Problems,2007,20.0,No,O: No Injury,Male,Passenger Car,No,36.05889,-79.80635,Dry,30 - 35  MPH,Stop Sign,Clear,No,0,0,9
Yes,20.0,Yes,With Traffic,A: Suspected Serious Injury,Male,None - Rural Crash,Pitt,Yes,Sunday,Bicyclist Failed to Yield - Sign-Controlled Intersection,0.0,September,Bicyclist Ride Through - Sign-Controlled Intersection,2007,68.0,No,O: No Injury,Male,Passenger Car,No,35.66709,-77.419106,Dry,50 - 55  MPH,Stop Sign,Clear,No,0,0,9
No,16.0,No,Facing Traffic,C: Possible Injury,Male,None - Rural Crash,Rockingham,No,Monday,Motorist Failed to Yield - Sign-Controlled Intersection,21.0,September,Motorist Drive Out - Sign-Controlled Intersection,2007,31.0,No,O: No Injury,Female,Sport Utility,No,36.50499,-79.82949,Dry,40 - 45  MPH,"Double Yellow Line, No Passing Zone",Clear,No,0,0,9
Yes,6.0,No,Not Applicable,B: Suspected Minor Injury,Male,None - Rural Crash,Johnston,No,Sunday,Bicyclist Failed to Yield - Midblock,17.0,September,Bicyclist Ride Out - Residential Driveway,2007,18.0,No,O: No Injury,Male,Passenger Car,No,35.66394,-78.379845,Dry,50 - 55  MPH,No Control Present,Clear,No,0,0,9
Yes,6.0,No,Not Applicable,C: Possible Injury,Male,None - Rural Crash,Gaston,No,Wednesday,Bicyclist Failed to Yield - Midblock,17.0,September,Bicyclist Ride Out - Midblock - Unknown,2007,35.0,No,O: No Injury,Male,Passenger Car,No,35.18944,-81.15794,Dry,30 - 35  MPH,No Control Present,Clear,No,0,0,9
Yes,12.0,No,Not Applicable,B: Suspected Minor Injury,Male,Indian Trail,Union,No,Wednesday,Bicyclist Failed to Yield - Midblock,16.0,September,Bicyclist Ride Out - Midblock - Unknown,2007,27.0,No,O: No Injury,Female,Passenger Car,No,35.047066,-80.64617,Dry,40 - 45  MPH,"Double Yellow Line, No Passing Zone",Clear,No,0,0,9
No,53.0,No,With Traffic,C: Possible Injury,Male,Chapel Hill,Orange,No,Wednesday,Motorist Left Turn / Merge,8.0,September,Motorist Left Turn - Opposite Direction,2007,34.0,No,O: No Injury,Male,Passenger Car,No,35.909916,-79.05621,Dry,20 - 25  MPH,No Control Present,Clear,No,0,0,9
Yes,41.0,No,With Traffic,B: Suspected Minor Injury,Male,None - Rural Crash,Wake,No,Wednesday,Motorist Overtaking Bicyclist,7.0,September,Motorist Overtaking - Bicyclist Swerved,2007,47.0,No,O: No Injury,Male,Sport Utility,No,35.608223,-78.84006,Dry,50 - 55  MPH,"Double Yellow Line, No Passing Zone",Clear,No,0,0,9
Yes,44.0,No,With Traffic,B: Suspected Minor Injury,Male,Greensboro,Guilford,No,Wednesday,Parallel Paths - Other Circumstances,5.0,September,Parallel Paths - Other / Unknown,2007,35.0,No,O: No Injury,Female,Unknown,Yes,36.103188,-79.76295,Dry,50 - 55  MPH,No Control Present,Clear,No,0,0,9
Yes,45.0,No,Facing Traffic,B: Suspected Minor Injury,Male,Rocky Mount,Nash,No,Wednesday,Head-On,21.0,September,Head-On - Bicyclist,2007,32.0,No,O: No Injury,Male,Police,No,35.946724,-77.80379,Dry,30 - 35  MPH,No Control Present,Clear,No,0,0,9
Yes,30.0,No,Facing Traffic,C: Possible Injury,Male,Kinston,Lenoir,No,Wednesday,Motorist Left Turn / Merge,19.0,December,Motorist Left Turn - Same Direction,2007,48.0,No,O: No Injury,Female,Passenger Car,No,35.271072,-77.60522,Dry,30 - 35  MPH,No Control Present,Clear,No,0,0,12
Yes,14.0,No,With Traffic,C: Possible Injury,Male,Sunset Beach,Brunswick,No,Monday,Bicyclist Failed to Yield - Sign-Controlled Intersection,17.0,September,Bicyclist Ride Through - Sign-Controlled Intersection,2007,19.0,No,O: No Injury,Female,Sport Utility,No,33.894444,-78.49135,Dry,30 - 35  MPH,Stop Sign,Clear,No,0,0,9
Yes,54.0,No,Facing Traffic,C: Possible Injury,Male,Wilmington,New Hanover,No,Thursday,Motorist Failed to Yield - Signalized Intersection,15.0,September,Motorist Drive Out - Right Turn on Red,2007,56.0,No,O: No Injury,Male,Sport Utility,No,34.20242,-77.922935,Dry,30 - 35  MPH,Stop And Go Signal,Clear,No,0,0,9
Yes,17.0,No,With Traffic,A: Suspected Serious Injury,Female,None - Rural Crash,Lenoir,No,Friday,Head-On,19.0,September,Head-On - Bicyclist,2007,35.0,No,O: No Injury,Male,Passenger Car,No,35.135532,-77.71193,Dry,50 - 55  MPH,No Control Present,Cloudy,No,0,0,9
No,36.0,No,With Traffic,B: Suspected Minor Injury,Male,Charlotte,Mecklenburg,No,Thursday,Motorist Overtaking Bicyclist,12.0,December,Motorist Overtaking - Other / Unknown,2007,42.03850604944766,Missing,Unknown Injury,Unknown,Passenger Car,Yes,35.13792,-80.87934,Dry,Unknown,Stop And Go Signal,Clear,No,1,0,12
Yes,51.0,No,Facing Traffic,A: Suspected Serious Injury,Male,None - Rural Crash,Lenoir,No,Wednesday,Bicyclist Right Turn / Merge,0.0,September,Bicyclist Right Turn - Opposite Direction,2007,36.0,No,O: No Injury,Female,Passenger Car,No,35.255356,-77.60323,Dry,40 - 45  MPH,No Control Present,Clear,No,0,0,9
Yes,24.0,No,With Traffic,B: Suspected Minor Injury,Male,None - Rural Crash,Wake,Yes,Monday,Motorist Overtaking Bicyclist,9.0,December,Motorist Overtaking - Bicyclist Swerved,2007,58.0,Yes,O: No Injury,Female,Passenger Car,No,35.58743,-78.71219,Dry,50 - 55  MPH,"Double Yellow Line, No Passing Zone",Clear,No,0,0,12
No,52.0,Yes,With Traffic,C: Possible Injury,Male,Kinston,Lenoir,Yes,Wednesday,Motorist Failed to Yield - Sign-Controlled Intersection,13.0,December,Motorist Drive Out - Sign-Controlled Intersection,2007,30.0,No,O: No Injury,Female,Sport Utility,No,35.26013,-77.57105,Wet,20 - 25  MPH,Stop Sign,Clear,No,0,0,12
Yes,45.0,No,Facing Traffic,B: Suspected Minor Injury,Female,Southern Shores,Dare,No,Thursday,Motorist Right Turn / Merge,9.0,October,Motorist Right Turn - Opposite Direction,2007,44.0,No,O: No Injury,Male,Unknown Heavy Truck,No,36.098057,-75.724464,Dry,50 - 55  MPH,No Control Present,Clear,No,0,0,10
Yes,46.0,No,With Traffic,B: Suspected Minor Injury,Male,Raleigh,Wake,No,Wednesday,Motorist Failed to Yield - Sign-Controlled Intersection,19.0,September,Motorist Drive Out - Sign-Controlled Intersection,2007,27.0,No,O: No Injury,Female,Passenger Car,No,35.795383,-78.70305,Dry,20 - 25  MPH,Stop Sign,Clear,No,0,0,9
Yes,9.0,No,Unknown,B: Suspected Minor Injury,Female,Rocky Mount,Edgecombe,No,Friday,Non-Roadway,19.0,September,Non-Roadway,2007,57.0,No,O: No Injury,Female,Passenger Car,No,35.931873,-77.79832,Wet,5 - 15 MPH,No Control Present,Rain,No,0,0,9
Yes,43.0,No,With Traffic,A: Suspected Serious Injury,Male,None - Rural Crash,Hoke,No,Saturday,Motorist Overtaking Bicyclist,17.0,September,Motorist Overtaking - Bicyclist Swerved,2007,59.0,No,O: No Injury,Male,Pickup,No,34.90628,-79.11907,Dry,50 - 55  MPH,No Control Present,Clear,No,0,0,9
Yes,10.0,No,Unknown,C: Possible Injury,Male,Charlotte,Mecklenburg,No,Sunday,Non-Roadway,11.0,December,Non-Roadway,2007,12.0,No,O: No Injury,Male,Passenger Car,No,35.247334,-80.840996,Dry,5 - 15 MPH,No Control Present,Clear,No,0,0,12
Yes,43.0,No,With Traffic,B: Suspected Minor Injury,Male,Greensboro,Guilford,No,Saturday,Bicyclist Left Turn / Merge,15.0,September,Bicyclist Left Turn - Opposite Direction,2007,41.0,No,O: No Injury,Female,Passenger Car,No,36.070274,-79.79041,Dry,20 - 25  MPH,Stop And Go Signal,Clear,No,0,0,9
Yes,47.0,No,With Traffic,C: Possible Injury,Male,Charlotte,Mecklenburg,No,Wednesday,Motorist Left Turn / Merge,14.0,October,Motorist Left Turn - Opposite Direction,2007,20.0,No,O: No Injury,Female,School Bus,No,35.163567,-80.89545,Dry,30 - 35  MPH,Stop And Go Signal,Clear,No,0,0,10
Yes,31.0,No,With Traffic,B: Suspected Minor Injury,Female,Raleigh,Wake,No,Sunday,Motorist Left Turn / Merge,20.0,September,Motorist Left Turn - Opposite Direction,2007,20.0,No,O: No Injury,Male,Passenger Car,No,35.810463,-78.62568,Dry,30 - 35  MPH,Stop And Go Signal,Clear,No,0,0,9
No,7.0,No,Unknown,B: Suspected Minor Injury,Male,None - Rural Crash,Buncombe,No,Monday,Loss of Control / Turning Error,17.0,September,Bicyclist Turning Error - Left Turn,2007,46.0,No,O: No Injury,Female,Passenger Car,No,35.62123,-82.29145,Dry,Unknown,No Control Present,Clear,No,0,0,9
Yes,36.0,No,With Traffic,B: Suspected Minor Injury,Male,Charlotte,Mecklenburg,No,Friday,Motorist Right Turn / Merge,20.0,December,Motorist Right Turn - Same Direction,2007,50.0,No,O: No Injury,Male,Sport Utility,No,35.14041,-80.93289,Wet,40 - 45  MPH,Stop And Go Signal,Rain,No,0,0,12
Yes,51.0,No,With Traffic,B: Suspected Minor Injury,Male,Charlotte,Mecklenburg,No,Saturday,Motorist Left Turn / Merge,16.0,December,Motorist Left Turn - Opposite Direction,2007,42.03850604944766,Missing,Unknown Injury,Unknown,Passenger Car,Yes,35.21553,-80.851135,Wet,Unknown,No Control Present,Cloudy,No,1,0,12
No,26.0,Yes,With Traffic,O: No Injury,Male,Charlotte,Mecklenburg,Yes,Saturday,Motorist Failed to Yield - Sign-Controlled Intersection,21.0,December,Motorist Drive Out - Sign-Controlled Intersection,2007,27.0,No,O: No Injury,Male,Passenger Car,No,35.208168,-80.79628,Dry,20 - 25  MPH,Yield Sign,Clear,No,0,0,12
Yes,54.0,No,With Traffic,C: Possible Injury,Male,None - Rural Crash,Lincoln,No,Monday,Motorist Overtaking Bicyclist,5.0,September,Motorist Overtaking - Undetected Bicyclist,2007,48.0,No,O: No Injury,Female,Passenger Car,No,35.42642,-81.30907,Dry,40 - 45  MPH,No Control Present,Clear,No,0,0,9
No,21.0,No,Not Applicable,O: No Injury,Male,Charlotte,Mecklenburg,No,Thursday,Motorist Left Turn / Merge,19.0,December,Motorist Left Turn - Opposite Direction,2007,55.0,No,O: No Injury,Female,Passenger Car,No,35.26875,-80.854004,Dry,30 - 35  MPH,No Control Present,Clear,No,0,0,12
No,6.0,No,Not Applicable,O: No Injury,Male,High Point,Guilford,No,Monday,Bicyclist Failed to Yield - Midblock,17.0,September,Bicyclist Ride Out - Midblock - Unknown,2007,21.0,No,O: No Injury,Male,Passenger Car,No,35.949776,-79.986305,Dry,30 - 35  MPH,No Control Present,Clear,No,0,0,9
Yes,27.0,No,Not Applicable,B: Suspected Minor Injury,Male,Greenville,Pitt,No,Monday,Other / Unusual Circumstances,11.0,September,Unusual Circumstances,2007,22.0,No,O: No Injury,Male,Sport Utility,No,35.61084,-77.370804,Dry,30 - 35  MPH,Stop And Go Signal,Clear,No,0,0,9
Yes,11.0,No,Not Applicable,B: Suspected Minor Injury,Female,None - Rural Crash,Buncombe,No,Tuesday,Bicyclist Failed to Yield - Midblock,17.0,September,Bicyclist Ride Out - Residential Driveway,2007,48.0,No,O: No Injury,Male,Pickup,No,35.618645,-82.29222,Dry,30 - 35  MPH,"Double Yellow Line, No Passing Zone",Clear,No,0,0,9
Yes,16.0,No,Facing Traffic,B: Suspected Minor Injury,Male,Kings Mountain,Cleveland,No,Tuesday,Bicyclist Failed to Yield - Sign-Controlled Intersection,16.0,September,Bicyclist Ride Through - Sign-Controlled Intersection,2007,66.0,No,B: Suspected Minor Injury,Female,Sport Utility,No,35.237648,-81.34233,Dry,20 - 25  MPH,Stop Sign,Clear,No,0,0,9
No,16.0,No,Facing Traffic,B: Suspected Minor Injury,Female,Fayetteville,Cumberland,No,Tuesday,Crossing Paths - Other Circumstances,19.0,September,Signalized Intersection - Other / Unknown,2007,42.03850604944766,Missing,Unknown Injury,Unknown,Unknown,Yes,35.093327,-78.95498,Dry,40 - 45  MPH,Stop And Go Signal,Clear,No,1,0,9
Yes,33.0,No,Not Applicable,B: Suspected Minor Injury,Female,Raleigh,Wake,No,Tuesday,Bicyclist Failed to Yield - Signalized Intersection,10.0,September,Bicyclist Ride Out - Signalized  Intersection,2007,32.0,No,O: No Injury,Male,Van,No,35.76979,-78.614586,Dry,30 - 35  MPH,Stop And Go Signal,Clear,No,0,0,9
No,36.0,No,With Traffic,B: Suspected Minor Injury,Male,Asheville,Buncombe,No,Tuesday,Motorist Failed to Yield - Midblock,16.0,September,Motorist Drive Out - Commercial Driveway / Alley,2007,41.0,No,O: No Injury,Female,Sport Utility,No,35.522083,-82.529335,Dry,40 - 45  MPH,No Control Present,Clear,No,0,0,9
Yes,13.0,No,With Traffic,B: Suspected Minor Injury,Male,Newton,Catawba,No,Wednesday,Motorist Overtaking Bicyclist,19.0,September,Motorist Overtaking - Other / Unknown,2007,59.0,No,O: No Injury,Male,Police,No,35.64704,-81.26084,Dry,40 - 45  MPH,"Double Yellow Line, No Passing Zone",Clear,No,0,0,9
Yes,25.0,No,With Traffic,C: Possible Injury,Male,Raleigh,Wake,No,Wednesday,Motorist Left Turn / Merge,23.0,September,Motorist Left Turn - Opposite Direction,2007,54.0,No,O: No Injury,Male,Passenger Car,No,35.779865,-78.649155,Dry,30 - 35  MPH,Stop And Go Signal,Clear,No,0,0,9
No,39.0,No,Facing Traffic,C: Possible Injury,Male,None - Rural Crash,Iredell,No,Thursday,Bicyclist Right Turn / Merge,10.0,September,Bicyclist Right Turn - Same Direction,2007,27.0,No,O: No Injury,Male,Sport Utility,No,35.53586,-80.801414,Dry,40 - 45  MPH,"Double Yellow Line, No Passing Zone",Clear,No,0,0,9
No,15.0,No,With Traffic,B: Suspected Minor Injury,Male,None - Rural Crash,Johnston,No,Thursday,Motorist Overtaking Bicyclist,16.0,September,Motorist Overtaking - Bicyclist Swerved,2007,45.0,No,B: Suspected Minor Injury,Female,Passenger Car,No,35.456196,-78.44903,Wet,50 - 55  MPH,No Control Present,Rain,No,0,0,9
No,25.0,No,With Traffic,B: Suspected Minor Injury,Male,Greensboro,Guilford,No,Wednesday,Bicyclist Overtaking Motorist,16.0,September,Bicyclist Overtaking - Extended Door,2007,51.0,No,O: No Injury,Male,Passenger Car,Yes,36.07047,-79.79049,Dry,20 - 25  MPH,No Control Present,Clear,No,0,0,9
No,41.0,No,With Traffic,C: Possible Injury,Male,Raleigh,Wake,No,Thursday,Motorist Failed to Yield - Sign-Controlled Intersection,20.0,September,Motorist Drive Out - Sign-Controlled Intersection,2007,41.0,No,O: No Injury,Male,Passenger Car,No,35.81891,-78.5849,Wet,30 - 35  MPH,Stop Sign,Cloudy,No,0,0,9