AmbulanceR,BikeAge,BikeAlcFlg,BikeDir,BikeInjury,BikeSex,City,County,CrashAlcoh,CrashDay,CrashGrp,CrashHour,CrashMonth,CrashType,CrashYear,DrvrAge,DrvrAlcFlg,DrvrInjury,DrvrSex,DrvrVehTyp,HitRun,Latitude,Longitude,RdConditio,SpeedLimit,TraffCntrl,Weather,Workzone,DrvrAgeImputedFlag,BikeAgeImputedFlag,MonthCode
Yes,42.0,No,Facing Traffic,B: Suspected Minor Injury,Male,Greensboro,Guilford,No,Thursday,Bicyclist Failed to Yield - Signalized Intersection,13.0,September,Bicyclist Ride Through - Signalized Intersection,2007,42.03850604944766,Missing,Unknown Injury,Unknown,Unknown,Yes,36.021015,-79.79169,Dry,30 - 35  MPH,Stop And Go Signal,Clear,No,1,0,9
Yes,47.0,No,Not Applicable,B: Suspected Minor Injury,Male,None - Rural Crash,Davie,No,Friday,Bicyclist Failed to Yield - Midblock,5.0,September,Bicyclist Ride Out - Midblock - Unknown,2007,39.0,No,O: No Injury,Male,Passenger Car,No,35.862648,-80.54944,Dry,40 - 45  MPH,"Double Yellow Line, No Passing Zone",Cloudy,No,0,0,9
Yes,50.0,Yes,With Traffic,C: Possible Injury,Male,Laurinburg,Scotland,Yes,Friday,Motorist Overtaking Bicyclist,16.0,September,Motorist Overtaking - Bicyclist Swerved,2007,35.0,No,O: No Injury,Male,Sport Utility,No,34.774395,-79.45359,Dry,30 - 35  MPH,No Control Present,Clear,No,0,0,9
No,45.0,No,With Traffic,O: No Injury,Male,Hickory,Catawba,No,Friday,Backing Vehicle,18.0,September,Backing Vehicle,2007,23.0,No,O: No Injury,Male,Passenger Car,No,35.718876,-81.3398,Dry,5 - 15 MPH,No Control Present,Cloudy,No,0,0,9
Yes,12.0,No,Not Applicable,B: Suspected Minor Injury,Male,None - Rural Crash,Vance,No,Saturday,Bicyclist Failed to Yield - Midblock,16.0,September,Bicyclist Ride Out - Residential Driveway,2007,52.0,No,O: No Injury,Female,Passenger Car,No,36.431152,-78.43014,Dry,40 - 45  MPH,"Double Yellow Line, No Passing Zone",Clear,No,0,0,9
Yes,30.0,No,Not Applicable,K: Killed,Male,Raleigh,Wake,No,Saturday,Bicyclist Failed to Yield - Midblock,12.0,September,Bicyclist Ride Out - Commercial Driveway / Alley,2007,19.0,No,O: No Injury,Male,Passenger Car,No,35.786198,-78.717606,Dry,40 - 45  MPH,No Control Present,Clear,No,0,0,9
Yes,51.0,No,With Traffic,A: Suspected Serious Injury,Male,None - Rural Crash,Stanly,No,Sunday,Motorist Overtaking Bicyclist,14.0,September,Motorist Overtaking - Other / Unknown,2007,42.03850604944766,Missing,Unknown Injury,Unknown,Unknown,Yes,35.1866,-80.466354,Dry,50 - 55  MPH,No Control Present,Clear,No,1,0,9
Yes,41.0,No,Facing Traffic,C: Possible Injury,Male,Gastonia,Gaston,No,Monday,Head-On,4.0,September,Head-On - Bicyclist,2007,42.03850604944766,Missing,Unknown Injury,Unknown,Unknown,Yes,35.26388,-81.20801,Dry,30 - 35  MPH,No Control Present,Clear,No,1,0,9
Yes,14.0,No,Unknown,A: Suspected Serious Injury,Male,None - Rural Crash,Cumberland,No,Tuesday,Bicyclist Failed to Yield - Sign-Controlled Intersection,16.0,September,Bicyclist Ride Through - Sign-Controlled Intersection,2007,19.0,No,O: No Injury,Male,Pickup,No,34.98689,-78.90447,Dry,40 - 45  MPH,Stop Sign,Clear,No,0,0,9
Yes,12.0,No,Not Applicable,B: Suspected Minor Injury,Male,Wilson,Wilson,No,Monday,Bicyclist Failed to Yield - Midblock,15.0,September,Bicyclist Ride Out - Commercial Driveway / Alley,2007,24.0,No,O: No Injury,Female,Passenger Car,No,35.737988,-77.911674,Dry,30 - 35  MPH,No Control Present,Clear,No,0,0,9
No,6.0,No,Not Applicable,C: Possible Injury,Male,Raleigh,Wake,No,Tuesday,Bicyclist Failed to Yield - Midblock,19.0,September,Bicyclist Ride Out - Commercial Driveway / Alley,2007,53.0,No,O: No Injury,Male,Passenger Car,No,35.76835,-78.6416,Dry,30 - 35  MPH,No Control Present,Clear,No,0,0,9
No,53.0,No,With Traffic,O: No Injury,Male,Jacksonville,Onslow,No,Wednesday,Motorist Failed to Yield - Midblock,0.0,September,Motorist Drive Out - Commercial Driveway / Alley,2007,60.0,No,O: No Injury,Female,Passenger Car,No,34.74436,-77.37926,Dry,30 - 35  MPH,No Control Present,Clear,No,0,0,9
Yes,10.0,No,Not Applicable,B: Suspected Minor Injury,Male,None - Rural Crash,Robeson,Yes,Wednesday,Bicyclist Failed to Yield - Midblock,17.0,September,Bicyclist Ride Out - Midblock - Unknown,2007,21.0,Yes,O: No Injury,Male,Passenger Car,No,34.741985,-79.252884,Dry,50 - 55  MPH,"Double Yellow Line, No Passing Zone",Clear,No,0,0,9
Yes,45.0,No,Facing Traffic,B: Suspected Minor Injury,Male,Jacksonville,Onslow,No,Thursday,Motorist Failed to Yield - Midblock,15.0,September,Motorist Drive Out - Commercial Driveway / Alley,2007,21.0,No,O: No Injury,Male,Passenger Car,No,34.754417,-77.381195,Dry,Unknown,No Control Present,Cloudy,No,0,0,9
Yes,69.0,No,With Traffic,B: Suspected Minor Injury,Male,None - Rural Crash,Watauga,No,Friday,Loss of Control / Turning Error,14.0,September,Bicyclist Lost Control - Other / Unknown,2007,46.0,No,O: No Injury,Male,Pickup,No,36.172714,-81.717026,Dry,50 - 55  MPH,"Double Yellow Line, No Passing Zone",Clear,No,0,0,9
Yes,24.0,No,With Traffic,C: Possible Injury,Female,High Point,Guilford,No,Friday,Bicyclist Failed to Yield - Signalized Intersection,15.0,September,Bicyclist Ride Through - Signalized Intersection,2007,38.0,No,O: No Injury,Male,Passenger Car,No,35.955048,-80.01426,Dry,30 - 35  MPH,Stop And Go Signal,Clear,No,0,0,9
Yes,53.0,No,With Traffic,B: Suspected Minor Injury,Male,Fayetteville,Cumberland,No,Saturday,Bicyclist Left Turn / Merge,1.0,September,Bicyclist Left Turn - Same Direction,2007,17.0,No,O: No Injury,Male,Passenger Car,No,35.079247,-78.88179,Wet,40 - 45  MPH,No Control Present,Clear,No,0,0,9
Yes,65.0,No,Facing Traffic,C: Possible Injury,Male,Matthews,Mecklenburg,No,Thursday,Motorist Failed to Yield - Sign-Controlled Intersection,1.0,September,Motorist Drive Out - Sign-Controlled Intersection,2007,59.0,No,O: No Injury,Female,Passenger Car,No,35.11237,-80.758064,Dry,20 - 25  MPH,Stop Sign,Clear,No,0,0,9
Yes,18.0,No,With Traffic,B: Suspected Minor Injury,Male,Chapel Hill,Orange,No,Saturday,Bicyclist Failed to Yield - Signalized Intersection,14.0,September,Bicyclist Ride Out - Signalized  Intersection,2007,68.0,No,O: No Injury,Female,Passenger Car,No,35.92925,-79.03417,Dry,30 - 35  MPH,Stop And Go Signal,Clear,No,0,0,9
Yes,57.0,No,With Traffic,C: Possible Injury,Male,Elizabeth City,Pasquotank,No,Sunday,Motorist Overtaking Bicyclist,0.0,September,Motorist Overtaking - Misjudged Space,2007,42.03850604944766,Missing,Unknown Injury,Unknown,Unknown,Yes,36.305794,-76.232574,Dry,40 - 45  MPH,No Control Present,Clear,No,1,0,9
Yes,42.0,No,With Traffic,B: Suspected Minor Injury,Male,Oak Ridge,Guilford,No,Monday,Bicyclist Failed to Yield - Signalized Intersection,13.0,October,Bicyclist Ride Through - Signalized Intersection,2007,29.0,No,O: No Injury,Male,Passenger Car,No,36.170074,-79.993805,Dry,30 - 35  MPH,Stop And Go Signal,Clear,No,0,0,10
Yes,36.0,No,With Traffic,B: Suspected Minor Injury,Male,None - Rural Crash,Nash,No,Monday,Motorist Overtaking Bicyclist,21.0,October,Motorist Overtaking - Other / Unknown,2007,42.03850604944766,Missing,Unknown Injury,Unknown,Unknown,Yes,35.88521,-77.82094,Dry,50 - 55  MPH,No Control Present,Cloudy,No,1,0,10
Yes,51.0,No,With Traffic,C: Possible Injury,Male,Apex,Wake,No,Monday,Motorist Left Turn / Merge,18.0,October,Motorist Left Turn - Opposite Direction,2007,20.0,No,O: No Injury,Female,Passenger Car,No,35.76093,-78.87574,Dry,40 - 45  MPH,Stop And Go Signal,Clear,No,0,0,10
No,28.0,No,With Traffic,C: Possible Injury,Female,Durham,Durham,No,Tuesday,Crossing Paths - Other Circumstances,15.0,October,Sign-Controlled Intersection - Other / Unknown,2007,42.03850604944766,Missing,Unknown Injury,Unknown,Unknown,Yes,35.99999,-78.92343,Dry,20 - 25  MPH,Stop Sign,Clear,No,1,0,10
No,14.0,No,With Traffic,C: Possible Injury,Male,Wilmington,New Hanover,No,Saturday,Head-On,22.0,June,Head-On - Motorist,2007,42.03850604944766,Missing,Unknown Injury,Unknown,Unknown,Yes,34.223938,-77.932495,"Water (Standing, Moving)",30 - 35  MPH,Stop Sign,Cloudy,No,1,0,6
Yes,54.0,No,With Traffic,C: Possible Injury,Male,None - Rural Crash,Haywood,No,Wednesday,Motorist Failed to Yield - Sign-Controlled Intersection,18.0,October,Motorist Drive Out - Sign-Controlled Intersection,2007,68.0,No,O: No Injury,Male,Pickup,No,35.443985,-82.9129,Dry,40 - 45  MPH,Stop Sign,Clear,No,0,0,10
No,52.0,No,With Traffic,C: Possible Injury,Male,Elizabeth City,Pasquotank,No,Thursday,Motorist Failed to Yield - Sign-Controlled Intersection,15.0,September,Motorist Drive Out - Sign-Controlled Intersection,2007,63.0,No,O: No Injury,Male,Pickup,No,36.305267,-76.22546,Wet,30 - 35  MPH,Stop Sign,Cloudy,No,0,0,9
Yes,10.0,No,Facing Traffic,B: Suspected Minor Injury,Male,Apex,Wake,No,Wednesday,Bicyclist Failed to Yield - Sign-Controlled Intersection,14.0,October,Bicyclist Ride Out - Sign-Controlled Intersection,2007,16.0,No,O: No Injury,Male,Passenger Car,No,35.74634,-78.86415,Dry,20 - 25  MPH,No Control Present,Clear,No,0,0,10
Yes,26.0,No,Facing Traffic,C: Possible Injury,Female,Raleigh,Wake,No,Wednesday,Motorist Failed to Yield - Sign-Controlled Intersection,15.0,October,Motorist Drive Through - Sign-Controlled Intersection,2007,50.0,No,Unknown Injury,Female,Passenger Car,No,35.79339,-78.693565,Dry,20 - 25  MPH,Stop Sign,Clear,No,0,0,10
Yes,14.0,No,Not Applicable,B: Suspected Minor Injury,Male,Winston-Salem,Forsyth,No,Wednesday,Bicyclist Failed to Yield - Signalized Intersection,17.0,October,Bicyclist Ride Out - Signalized  Intersection,2007,36.0,No,O: No Injury,Male,Pickup,No,36.131588,-80.23167,Dry,30 - 35  MPH,Stop And Go Signal,Clear,No,0,0,10
No,36.0,No,With Traffic,C: Possible Injury,Male,Gastonia,Gaston,No,Friday,Bicyclist Overtaking Motorist,16.0,October,Bicyclist Overtaking - Passing on Left,2007,21.0,No,O: No Injury,Female,Passenger Car,No,35.250744,-81.16425,Dry,30 - 35  MPH,No Control Present,Clear,No,0,0,10
No,16.0,No,Facing Traffic,C: Possible Injury,Male,None - Rural Crash,New Hanover,No,Friday,Bicyclist Right Turn / Merge,16.0,October,Bicyclist Right Turn - Opposite Direction,2007,61.0,No,O: No Injury,Male,Passenger Car,No,34.221912,-77.940346,Dry,20 - 25  MPH,No Control Present,Cloudy,No,0,0,10
Yes,52.0,No,With Traffic,B: Suspected Minor Injury,Female,None - Rural Crash,Camden,No,Saturday,Motorist Overtaking Bicyclist,13.0,October,Motorist Overtaking - Misjudged Space,2007,46.0,No,O: No Injury,Male,Passenger Car,No,36.383953,-76.24486,Dry,50 - 55  MPH,"Double Yellow Line, No Passing Zone",Cloudy,No,0,0,10
Yes,44.0,No,With Traffic,A: Suspected Serious Injury,Male,Charlotte,Mecklenburg,No,Wednesday,Motorist Left Turn / Merge,6.0,September,Motorist Left Turn - Opposite Direction,2007,42.03850604944766,Missing,Unknown Injury,Unknown,Passenger Car,Yes,35.331818,-80.742516,Dry,40 - 45  MPH,No Control Present,Clear,No,1,0,9
No,65.0,No,With Traffic,B: Suspected Minor Injury,Male,Enfield,Halifax,No,Sunday,Loss of Control / Turning Error,18.0,October,Motorist Turning Error - Left Turn,2007,20.0,No,O: No Injury,Female,Passenger Car,No,36.17444,-77.6617,Dry,20 - 25  MPH,No Control Present,Clear,No,0,0,10
Yes,18.0,No,Not Applicable,B: Suspected Minor Injury,Female,Graham,Alamance,No,Tuesday,Bicyclist Failed to Yield - Midblock,17.0,October,Bicyclist Ride Out - Commercial Driveway / Alley,2007,43.0,No,O: No Injury,Female,Passenger Car,No,36.06934,-79.39775,Dry,20 - 25  MPH,No Control Present,Clear,No,0,0,10
Yes,3.0,No,Unknown,B: Suspected Minor Injury,Male,Rocky Mount,Nash,No,Monday,Other / Unknown - Insufficient Details,19.0,October,Unknown Approach Paths,2007,42.03850604944766,No,Unknown Injury,Unknown,Passenger Car,Yes,35.92471,-77.82177,Dry,30 - 35  MPH,No Control Present,Clear,No,1,0,10
No,38.0,No,Not Applicable,C: Possible Injury,Male,None - Rural Crash,Robeson,No,Monday,Bicyclist Failed to Yield - Midblock,21.0,October,Bicyclist Ride Out - Residential Driveway,2007,30.0,No,O: No Injury,Female,Sport Utility,No,34.603954,-78.96507,Dry,50 - 55  MPH,"Double Yellow Line, No Passing Zone",Clear,No,0,0,10
Yes,16.0,No,Unknown,C: Possible Injury,Male,Gastonia,Gaston,No,Tuesday,Motorist Left Turn / Merge,20.0,October,Motorist Left Turn - Same Direction,2007,26.0,No,O: No Injury,Male,Passenger Car,No,35.241547,-81.18739,Wet,30 - 35  MPH,No Control Present,Cloudy,No,0,0,10
Yes,41.0,No,Unknown,B: Suspected Minor Injury,Male,Cary,Wake,No,Tuesday,Other / Unknown - Insufficient Details,7.0,October,Unknown Location,2007,42.03850604944766,Missing,Unknown Injury,Unknown,Passenger Car,Yes,35.780975,-78.764305,Dry,40 - 45  MPH,No Control Present,Clear,No,1,0,10
Yes,30.0,No,Facing Traffic,C: Possible Injury,Male,Raleigh,Wake,No,Wednesday,Bicyclist Failed to Yield - Signalized Intersection,12.0,October,Bicyclist Ride Through - Signalized Intersection,2007,27.0,No,O: No Injury,Male,Passenger Car,No,35.854454,-78.700424,Dry,20 - 25  MPH,Stop And Go Signal,Clear,No,0,0,10
Yes,19.0,No,Facing Traffic,C: Possible Injury,Female,Raleigh,Wake,No,Wednesday,Motorist Left Turn / Merge,15.0,October,Motorist Left Turn - Same Direction,2007,42.03850604944766,Missing,Unknown Injury,Unknown,Unknown,Yes,35.772003,-78.71441,Dry,30 - 35  MPH,Stop Sign,Clear,No,1,0,10
Yes,44.0,No,With Traffic,C: Possible Injury,Female,Wilmington,New Hanover,No,Thursday,Motorist Left Turn / Merge,8.0,October,Motorist Left Turn - Opposite Direction,2007,26.0,No,O: No Injury,Male,Passenger Car,No,34.22798,-77.945,Dry,20 - 25  MPH,Stop And Go Signal,Clear,No,0,0,10
Yes,50.0,No,With Traffic,B: Suspected Minor Injury,Male,Pinehurst,Moore,No,Thursday,Motorist Overtaking Bicyclist,19.0,October,Motorist Overtaking - Undetected Bicyclist,2007,52.0,No,O: No Injury,Female,Sport Utility,No,35.19383,-79.48591,Dry,30 - 35  MPH,"Double Yellow Line, No Passing Zone",Clear,No,0,0,10
No,32.52649525389365,Missing,With Traffic,Unknown Injury,Unknown,None - Rural Crash,Cumberland,No,Thursday,Motorist Overtaking Bicyclist,20.0,October,Motorist Overtaking - Other / Unknown,2007,42.03850604944766,Missing,Unknown Injury,Unknown,Unknown,Yes,34.94872,-79.010826,Dry,50 - 55  MPH,"Double Yellow Line, No Passing Zone",Clear,No,1,1,10
Yes,47.0,No,Facing Traffic,B: Suspected Minor Injury,Female,Fayetteville,Cumberland,No,Thursday,Motorist Failed to Yield - Midblock,9.0,October,Motorist Drive Out - Commercial Driveway / Alley,2007,59.0,No,O: No Injury,Female,Passenger Car,No,35.010384,-78.96637,Dry,5 - 15 MPH,No Control Present,Clear,No,0,0,10
Yes,44.0,No,With Traffic,B: Suspected Minor Injury,Male,None - Rural Crash,Granville,No,Thursday,Motorist Overtaking Bicyclist,7.0,October,Motorist Overtaking - Misjudged Space,2007,64.0,No,O: No Injury,Female,"Light Truck (Mini-Van, Panel)",No,36.16387,-78.67529,Dry,50 - 55  MPH,"Double Yellow Line, No Passing Zone",Clear,No,0,0,10
No,43.0,No,With Traffic,O: No Injury,Male,Charlotte,Mecklenburg,No,Friday,Bicyclist Failed to Yield - Signalized Intersection,9.0,January,Bicyclist Failed to Clear - Trapped,2008,54.0,No,O: No Injury,Female,"Light Truck (Mini-Van, Panel)",No,35.21278,-80.825615,Dry,20 - 25  MPH,Stop And Go Signal,Clear,No,0,0,1
Yes,48.0,No,With Traffic,C: Possible Injury,Female,Nags Head,Dare,No,Saturday,Motorist Failed to Yield - Midblock,9.0,August,Motorist Drive Out - Commercial Driveway / Alley,2007,29.0,No,O: No Injury,Male,Passenger Car,No,35.868713,-75.575516,Dry,5 - 15 MPH,No Control Present,Clear,No,0,0,8
Yes,30.0,No,With Traffic,A: Suspected Serious Injury,Male,Graham,Alamance,No,Monday,Head-On,20.0,June,Head-On - Motorist,2007,20.0,No,O: No Injury,Male,Passenger Car,No,36.074158,-79.40905,Dry,30 - 35  MPH,No Control Present,Cloudy,No,0,0,6
Yes,49.0,No,With Traffic,O: No Injury,Female,Charlotte,Mecklenburg,No,Sunday,Parallel Paths - Other Circumstances,8.0,January,Bicyclist Ride Out - Parallel Path,2008,16.0,No,C: Possible Injury,Male,Pedestrian,No,35.26125,-80.80198,Dry,Unknown,No Control Present,Clear,No,0,0,1
Yes,42.0,No,With Traffic,C: Possible Injury,Male,None - Rural Crash,Guilford,No,Wednesday,Motorist Right Turn / Merge,7.0,October,Motorist Right Turn - Same Direction,2007,30.0,No,O: No Injury,Female,Passenger Car,No,36.075737,-79.91272,Dry,30 - 35  MPH,Stop And Go Signal,Clear,No,0,0,10
No,50.0,No,With Traffic,B: Suspected Minor Injury,Male,None - Rural Crash,Johnston,No,Sunday,Bicyclist Left Turn / Merge,12.0,October,Bicyclist Left Turn - Same Direction,2007,34.0,No,O: No Injury,Male,Sport Utility,No,35.26058,-78.38963,Dry,50 - 55  MPH,"Double Yellow Line, No Passing Zone",Clear,No,0,0,10
Yes,40.0,No,With Traffic,B: Suspected Minor Injury,Male,Morganton,Burke,No,Sunday,Crossing Paths - Other Circumstances,10.0,October,Crossing Paths - Intersection - Other / Unknown,2007,29.0,No,O: No Injury,Male,Sport Utility,No,35.74847,-81.68839,Dry,30 - 35  MPH,No Control Present,Clear,No,0,0,10
Yes,38.0,No,With Traffic,B: Suspected Minor Injury,Male,Winston-Salem,Forsyth,No,Monday,Motorist Left Turn / Merge,16.0,October,Motorist Left Turn - Opposite Direction,2007,59.0,No,O: No Injury,Female,Sport Utility,No,36.118473,-80.31896,Dry,30 - 35  MPH,No Control Present,Clear,No,0,0,10
Yes,20.0,No,With Traffic,C: Possible Injury,Male,Emerald Isle,Carteret,No,Tuesday,Crossing Paths - Other Circumstances,11.0,October,Crossing Paths - Intersection - Other / Unknown,2007,42.0,No,O: No Injury,Male,Pickup,No,34.665737,-77.03112,Dry,20 - 25  MPH,Stop Sign,Clear,No,0,0,10
No,32.0,No,Unknown,B: Suspected Minor Injury,Male,Hendersonville,Henderson,No,Sunday,Head-On,18.0,September,Head-On - Bicyclist,2007,42.03850604944766,Missing,Unknown Injury,Unknown,Passenger Car,Yes,35.294586,-82.43405,Dry,30 - 35  MPH,No Control Present,Other,No,1,0,9
Yes,17.0,No,Facing Traffic,C: Possible Injury,Male,Hickory,Catawba,No,Tuesday,Motorist Failed to Yield - Midblock,18.0,October,Motorist Drive Out - Commercial Driveway / Alley,2007,42.03850604944766,Missing,Unknown Injury,Unknown,Unknown,Yes,35.742897,-81.30163,"Water (Standing, Moving)",40 - 45  MPH,No Control Present,Clear,No,1,0,10
No,14.0,No,With Traffic,O: No Injury,Male,Kannapolis,Cabarrus,No,Wednesday,Bicyclist Failed to Yield - Sign-Controlled Intersection,18.0,October,Bicyclist Ride Through - Sign-Controlled Intersection,2007,42.0,No,O: No Injury,Male,Sport Utility,No,35.486828,-80.616745,Dry,30 - 35  MPH,Stop Sign,Clear,No,0,0,10
Yes,41.0,Yes,With Traffic,C: Possible Injury,Male,None - Rural Crash,Harnett,Yes,Thursday,Motorist Overtaking Bicyclist,20.0,October,Motorist Overtaking - Bicyclist Swerved,2007,39.0,No,O: No Injury,Male,Passenger Car,No,35.34532,-78.9368,Dry,50 - 55  MPH,"Double Yellow Line, No Passing Zone",Clear,No,0,0,10
No,32.52649525389365,Missing,With Traffic,Unknown Injury,Unknown,None - Rural Crash,Pitt,No,Friday,Motorist Overtaking Bicyclist,19.0,October,Motorist Overtaking - Other / Unknown,2007,16.0,No,O: No Injury,Female,Passenger Car,No,35.67268,-77.5185,Dry,20 - 25  MPH,No Control Present,Clear,No,0,1,10
No,19.0,No,Not Applicable,B: Suspected Minor Injury,Male,Dudley,Wayne,No,Friday,Bicyclist Failed to Yield - Midblock,13.0,October,Bicyclist Ride Out - Commercial Driveway / Alley,2007,54.0,No,O: No Injury,Female,Passenger Car,No,35.26771,-78.04223,Dry,40 - 45  MPH,"Double Yellow Line, No Passing Zone",Cloudy,No,0,0,10
Yes,16.0,No,Not Applicable,B: Suspected Minor Injury,Male,Greensboro,Guilford,No,Friday,Bicyclist Failed to Yield - Midblock,19.0,October,Bicyclist Ride Out - Midblock - Unknown,2007,31.0,No,O: No Injury,Female,Passenger Car,No,36.0644,-79.76222,Dry,30 - 35  MPH,No Control Present,Clear,No,0,0,10
No,32.52649525389365,Missing,With Traffic,Unknown Injury,Unknown,Angier,Harnett,No,Friday,Bicyclist Failed to Yield - Sign-Controlled Intersection,16.0,October,Bicyclist Ride Through - Sign-Controlled Intersection,2007,16.0,No,O: No Injury,Female,Passenger Car,No,35.511524,-78.72971,Dry,30 - 35  MPH,Stop Sign,Clear,No,0,1,10
Yes,36.0,Yes,With Traffic,B: Suspected Minor Injury,Male,Wilson,Wilson,Yes,Saturday,Motorist Failed to Yield - Sign-Controlled Intersection,18.0,October,Motorist Drive Out - Sign-Controlled Intersection,2007,37.0,No,O: No Injury,Male,Pickup,No,35.73124,-77.91561,Dry,30 - 35  MPH,Stop Sign,Clear,No,0,0,10
Yes,20.0,No,Facing Traffic,C: Possible Injury,Male,Durham,Durham,No,Tuesday,Motorist Failed to Yield - Signalized Intersection,14.0,October,Motorist Drive Out - Right Turn on Red,2007,22.0,No,O: No Injury,Male,Passenger Car,No,35.997066,-78.91034,Dry,30 - 35  MPH,Stop And Go Signal,Clear,No,0,0,10
Yes,6.0,No,Facing Traffic,O: No Injury,Male,Charlotte,Mecklenburg,No,Monday,Bicyclist Right Turn / Merge,15.0,January,Bicyclist Right Turn - Same Direction,2008,41.0,No,O: No Injury,Female,Passenger Car,No,35.21431,-80.90468,Dry,20 - 25  MPH,No Control Present,Clear,No,0,0,1
Yes,43.0,No,With Traffic,O: No Injury,Male,Charlotte,Mecklenburg,No,Sunday,Bicyclist Failed to Yield - Signalized Intersection,23.0,February,Bicyclist Ride Through - Signalized Intersection,2008,25.0,No,O: No Injury,Female,Passenger Car,No,35.228714,-80.84076,Dry,20 - 25  MPH,Stop And Go Signal,Clear,No,0,0,2
Yes,12.0,No,Facing Traffic,C: Possible Injury,Male,None - Rural Crash,Rutherford,No,Monday,Bicyclist Right Turn / Merge,14.0,October,Bicyclist Right Turn - Opposite Direction,2007,19.0,No,O: No Injury,Female,Passenger Car,No,35.243828,-81.84646,Wet,30 - 35  MPH,"Double Yellow Line, No Passing Zone",Cloudy,No,0,0,10
Yes,20.0,No,Not Applicable,B: Suspected Minor Injury,Male,Raleigh,Wake,No,Monday,Bicyclist Failed to Yield - Midblock,13.0,October,Multiple Threat - Midblock,2007,22.0,No,O: No Injury,Male,Passenger Car,No,35.77998,-78.67614,Dry,40 - 45  MPH,No Control Present,Cloudy,No,0,0,10
Yes,5.0,No,Unknown,C: Possible Injury,Male,Rocky Mount,Edgecombe,No,Tuesday,Bicyclist Failed to Yield - Sign-Controlled Intersection,16.0,October,Bicyclist Ride Through - Sign-Controlled Intersection,2007,22.0,No,O: No Injury,Male,Passenger Car,No,35.92618,-77.79376,Dry,30 - 35  MPH,Stop Sign,Clear,No,0,0,10
No,49.0,No,Facing Traffic,B: Suspected Minor Injury,Male,Havelock,Craven,No,Tuesday,Motorist Failed to Yield - Midblock,13.0,October,Motorist Drive Out - Commercial Driveway / Alley,2007,19.0,No,O: No Injury,Female,Sport Utility,No,34.860252,-76.89709,Dry,Unknown,No Control Present,Clear,No,0,0,10
No,15.0,No,Not Applicable,B: Suspected Minor Injury,Male,Winterville,Pitt,No,Tuesday,Parallel Paths - Other Circumstances,12.0,October,Motorist Turn / Merge - Other / Unknown,2007,42.03850604944766,No,Unknown Injury,Unknown,Passenger Car,Yes,35.52881,-77.40321,Dry,30 - 35  MPH,No Control Present,Clear,No,1,0,10
No,57.0,No,Facing Traffic,C: Possible Injury,Male,Charlotte,Mecklenburg,No,Monday,Motorist Failed to Yield - Midblock,8.0,February,Motorist Drive Out - Commercial Driveway / Alley,2008,39.0,No,O: No Injury,Female,Passenger Car,No,35.249428,-80.78172,Dry,20 - 25  MPH,No Control Present,Cloudy,No,0,0,2
Yes,28.0,No,With Traffic,C: Possible Injury,Female,Asheville,Buncombe,No,Wednesday,Parallel Paths - Other Circumstances,8.0,October,Parallel Paths - Other / Unknown,2007,42.03850604944766,Missing,Unknown Injury,Unknown,Unknown,Yes,35.609737,-82.565254,Wet,30 - 35  MPH,No Control Present,Rain,No,1,0,10
Yes,32.52649525389365,No,With Traffic,B: Suspected Minor Injury,Male,Hope Mills,Cumberland,No,Thursday,Motorist Overtaking Bicyclist,18.0,October,Motorist Overtaking - Undetected Bicyclist,2007,50.0,No,O: No Injury,Male,Pickup,No,35.00778,-78.96699,Wet,40 - 45  MPH,No Control Present,Cloudy,No,0,1,10
No,17.0,No,With Traffic,C: Possible Injury,Male,Durham,Durham,No,Tuesday,Motorist Failed to Yield - Sign-Controlled Intersection,18.0,February,Motorist Drive Out - Sign-Controlled Intersection,2008,60.0,No,O: No Injury,Female,Sport Utility,No,36.0513,-78.90812,Dry,30 - 35  MPH,Stop Sign,Clear,No,0,0,2
No,22.0,No,With Traffic,C: Possible Injury,Male,None - Rural Crash,Onslow,No,Friday,Motorist Failed to Yield - Midblock,6.0,October,Motorist Drive Out - Commercial Driveway / Alley,2007,24.0,No,O: No Injury,Male,Pickup,No,34.74692,-77.482895,Wet,40 - 45  MPH,No Control Present,Cloudy,No,0,0,10
Yes,32.52649525389365,No,Not Applicable,C: Possible Injury,Male,Roanoke Rapids,Halifax,No,Friday,Bicyclist Failed to Yield - Midblock,12.0,October,Bicyclist Ride Out - Residential Driveway,2007,23.0,No,O: No Injury,Female,Passenger Car,No,36.450268,-77.65871,Wet,20 - 25  MPH,No Control Present,Cloudy,No,0,1,10
Yes,25.0,No,Unknown,B: Suspected Minor Injury,Male,Fayetteville,Cumberland,No,Friday,Other / Unknown - Insufficient Details,23.0,October,Unknown Approach Paths,2007,42.03850604944766,Missing,Unknown Injury,Unknown,Unknown,Yes,35.093025,-78.95551,Wet,20 - 25  MPH,No Control Present,Rain,No,1,0,10
Yes,53.0,Yes,With Traffic,A: Suspected Serious Injury,Male,None - Rural Crash,Davidson,Yes,Saturday,Motorist Overtaking Bicyclist,11.0,October,Motorist Overtaking - Other / Unknown,2007,44.0,No,O: No Injury,Female,Sport Utility,No,35.9807,-80.15956,Dry,50 - 55  MPH,"Double Yellow Line, No Passing Zone",Clear,No,0,0,10