AmbulanceR,BikeAge,BikeAlcFlg,BikeDir,BikeInjury,BikeSex,City,County,CrashAlcoh,CrashDay,CrashGrp,CrashHour,CrashMonth,CrashType,CrashYear,DrvrAge,DrvrAlcFlg,DrvrInjury,DrvrSex,DrvrVehTyp,HitRun,Latitude,Longitude,RdConditio,SpeedLimit,TraffCntrl,Weather,Workzone,DrvrAgeImputedFlag,BikeAgeImputedFlag,MonthCode
Yes,18.0,No,Facing Traffic,A: Suspected Serious Injury,Male,None - Rural Crash,Wilson,No,Friday,Head-On,20.0,October,Head-On - Bicyclist,2007,29.0,No,O: No Injury,Female,Passenger Car,Yes,35.600616,-78.11563,Dry,50 - 55  MPH,No Control Present,Clear,No,0,0,10
Yes,10.0,No,Facing Traffic,C: Possible Injury,Male,Wilson,Wilson,No,Thursday,Motorist Failed to Yield - Sign-Controlled Intersection,18.0,October,Motorist Drive Out - Sign-Controlled Intersection,2007,42.03850604944766,Missing,Unknown Injury,Unknown,Unknown,Yes,35.707584,-77.8927,Dry,30 - 35  MPH,Stop Sign,Clear,No,1,0,10
Yes,17.0,No,With Traffic,K: Killed,Male,Asheville,Buncombe,No,Saturday,Bicyclist Failed to Yield - Sign-Controlled Intersection,1.0,October,Bicyclist Ride Through - Sign-Controlled Intersection,2007,42.03850604944766,Missing,Unknown Injury,Unknown,Unknown,Yes,35.599453,-82.62372,Dry,30 - 35  MPH,Stop Sign,Clear,No,1,0,10
No,12.0,No,Not Applicable,B: Suspected Minor Injury,Male,Burlington,Alamance,No,Monday,Bicyclist Failed to Yield - Midblock,15.0,October,Bicyclist Ride Out - Midblock - Unknown,2007,17.0,No,O: No Injury,Male,Passenger Car,No,36.093678,-79.398575,Dry,40 - 45  MPH,No Control Present,Clear,No,0,0,10
Yes,16.0,No,Not Applicable,B: Suspected Minor Injury,Male,Gastonia,Gaston,No,Monday,Bicyclist Failed to Yield - Midblock,15.0,October,Bicyclist Ride Out - Commercial Driveway / Alley,2007,17.0,No,O: No Injury,Female,Passenger Car,No,35.242836,-81.13459,Dry,40 - 45  MPH,No Control Present,Cloudy,No,0,0,10
No,18.0,No,Unknown,C: Possible Injury,Male,Goldsboro,Wayne,No,Monday,Non-Roadway,19.0,October,Non-Roadway,2007,27.0,No,O: No Injury,Female,Passenger Car,No,35.374462,-77.99035,Dry,5 - 15 MPH,No Control Present,Clear,No,0,0,10
No,14.0,No,Facing Traffic,C: Possible Injury,Male,Greensboro,Guilford,No,Monday,Motorist Failed to Yield - Signalized Intersection,18.0,October,Motorist Drive Out - Signalized Intersection,2007,42.03850604944766,Missing,Unknown Injury,Unknown,Unknown,Yes,36.07818,-79.778145,Dry,30 - 35  MPH,Stop And Go Signal,Clear,No,1,0,10
Yes,32.52649525389365,No,With Traffic,Unknown Injury,Unknown,Kenansville,Duplin,No,Monday,Motorist Right Turn / Merge,16.0,October,Motorist Right Turn - Same Direction,2007,18.0,No,O: No Injury,Male,Passenger Car,No,34.956394,-77.971924,Dry,30 - 35  MPH,No Control Present,Clear,No,0,1,10
Yes,41.0,No,With Traffic,B: Suspected Minor Injury,Male,Smithfield,Johnston,No,Monday,Motorist Right Turn / Merge,16.0,October,Motorist Right Turn - Same Direction,2007,40.0,No,O: No Injury,Female,Taxicab,No,35.514217,-78.33063,Dry,30 - 35  MPH,Stop And Go Signal,Clear,No,0,0,10
Yes,21.0,No,Facing Traffic,B: Suspected Minor Injury,Male,Wilmington,New Hanover,No,Tuesday,Motorist Failed to Yield - Sign-Controlled Intersection,10.0,October,Motorist Drive Out - Sign-Controlled Intersection,2007,23.0,No,O: No Injury,Female,Passenger Car,No,34.22993,-77.87096,Dry,30 - 35  MPH,Stop Sign,Clear,No,0,0,10
Yes,60.0,No,With Traffic,B: Suspected Minor Injury,Male,Huntersville,Mecklenburg,No,Wednesday,Bicyclist Overtaking Motorist,10.0,October,Bicyclist Overtaking - Other / Unknown,2007,24.0,No,O: No Injury,Female,Passenger Car,No,35.399548,-80.86413,Dry,30 - 35  MPH,No Control Present,Clear,No,0,0,10
No,22.0,No,Facing Traffic,C: Possible Injury,Male,Charlotte,Mecklenburg,No,Monday,Motorist Failed to Yield - Sign-Controlled Intersection,17.0,February,Motorist Drive Out - Sign-Controlled Intersection,2008,44.0,No,O: No Injury,Male,Passenger Car,No,35.278397,-80.85599,Dry,20 - 25  MPH,Stop Sign,Clear,No,0,0,2
Yes,37.0,Yes,With Traffic,B: Suspected Minor Injury,Male,None - Rural Crash,Bertie,Yes,Thursday,Bicyclist Left Turn / Merge,14.0,November,Bicyclist Left Turn - Same Direction,2007,53.0,No,O: No Injury,Female,Van,No,35.984623,-76.95754,Dry,40 - 45  MPH,"Double Yellow Line, No Passing Zone",Clear,No,0,0,11
Yes,46.0,No,With Traffic,C: Possible Injury,Male,Fayetteville,Cumberland,No,Thursday,Crossing Paths - Other Circumstances,8.0,November,Crossing Paths - Intersection - Other / Unknown,2007,35.0,No,O: No Injury,Male,Passenger Car,No,35.058796,-79.00654,Dry,40 - 45  MPH,No Control Present,Clear,No,0,0,11
No,43.0,Yes,Facing Traffic,B: Suspected Minor Injury,Male,Washington,Beaufort,Yes,Friday,Bicyclist Right Turn / Merge,17.0,November,Bicyclist Right Turn - Opposite Direction,2007,22.0,No,O: No Injury,Female,Passenger Car,No,35.542995,-77.04291,Dry,30 - 35  MPH,No Control Present,Cloudy,No,0,0,11
Yes,10.0,No,Facing Traffic,B: Suspected Minor Injury,Male,None - Rural Crash,Catawba,No,Sunday,Bicyclist Right Turn / Merge,18.0,November,Bicyclist Right Turn - Same Direction,2007,22.0,No,O: No Injury,Female,Passenger Car,No,35.679188,-81.36237,Dry,30 - 35  MPH,No Control Present,Clear,No,0,0,11
Yes,54.0,No,With Traffic,B: Suspected Minor Injury,Male,Rockingham,Richmond,No,Sunday,Motorist Overtaking Bicyclist,11.0,November,Motorist Overtaking - Other / Unknown,2007,39.0,No,O: No Injury,Female,Passenger Car,No,34.926655,-79.77634,Dry,30 - 35  MPH,No Control Present,Clear,No,0,0,11
Yes,32.0,No,Not Applicable,C: Possible Injury,Male,Gastonia,Gaston,No,Monday,Bicyclist Failed to Yield - Midblock,8.0,November,Bicyclist Ride Out - Midblock - Unknown,2007,27.0,No,O: No Injury,Female,Passenger Car,No,35.2492,-81.17493,Dry,30 - 35  MPH,No Control Present,Clear,No,0,0,11
No,8.0,No,Facing Traffic,B: Suspected Minor Injury,Female,Charlotte,Mecklenburg,No,Saturday,Motorist Failed to Yield - Sign-Controlled Intersection,18.0,February,Motorist Drive Out - Sign-Controlled Intersection,2008,18.0,No,O: No Injury,Male,Passenger Car,No,35.311214,-80.942696,Dry,30 - 35  MPH,Stop Sign,Clear,No,0,0,2
Yes,58.0,No,With Traffic,K: Killed,Male,Charlotte,Mecklenburg,No,Friday,Motorist Left Turn / Merge,15.0,February,Motorist Left Turn - Opposite Direction,2008,50.0,No,O: No Injury,Female,Passenger Car,No,35.20343,-80.80057,Dry,30 - 35  MPH,Stop And Go Signal,Clear,No,0,0,2
Yes,58.0,No,With Traffic,Unknown Injury,Unknown,None - Rural Crash,Cabarrus,No,Tuesday,Motorist Overtaking Bicyclist,22.0,November,Motorist Overtaking - Undetected Bicyclist,2007,42.03850604944766,Missing,Unknown Injury,Unknown,Unknown,Yes,35.33829,-80.64274,Dry,40 - 45  MPH,"Double Yellow Line, No Passing Zone",Clear,No,1,0,11
Yes,54.0,No,Facing Traffic,C: Possible Injury,Male,Fayetteville,Cumberland,No,Tuesday,Motorist Failed to Yield - Midblock,20.0,November,Motorist Drive Out - Commercial Driveway / Alley,2007,65.0,No,O: No Injury,Female,Passenger Car,No,35.010395,-78.96637,Dry,40 - 45  MPH,No Control Present,Clear,No,0,0,11
Yes,41.0,No,With Traffic,B: Suspected Minor Injury,Male,Jacksonville,Onslow,No,Wednesday,Motorist Left Turn / Merge,16.0,November,Motorist Left Turn - Opposite Direction,2007,64.0,No,O: No Injury,Male,Passenger Car,No,34.760044,-77.401855,Dry,30 - 35  MPH,No Control Present,Clear,No,0,0,11
Yes,46.0,No,With Traffic,B: Suspected Minor Injury,Male,None - Rural Crash,Stokes,No,Wednesday,Motorist Overtaking Bicyclist,18.0,November,Motorist Overtaking - Undetected Bicyclist,2007,64.0,No,O: No Injury,Male,Van,No,36.27426,-80.33686,Dry,50 - 55  MPH,"Double Yellow Line, No Passing Zone",Clear,No,0,0,11
Yes,17.0,No,With Traffic,B: Suspected Minor Injury,Male,None - Rural Crash,Onslow,No,Thursday,Motorist Overtaking Bicyclist,16.0,November,Motorist Overtaking - Misjudged Space,2007,21.0,No,O: No Injury,Male,Passenger Car,No,34.89808,-77.52761,Dry,40 - 45  MPH,No Control Present,Clear,No,0,0,11
No,25.0,No,With Traffic,O: No Injury,Female,Raleigh,Wake,No,Tuesday,Bicyclist Overtaking Motorist,12.0,November,Bicyclist Overtaking - Parked Vehicle,2007,42.03850604944766,Missing,Unknown Injury,Unknown,Sport Utility,No,35.794895,-78.70041,Dry,30 - 35  MPH,No Control Present,Clear,No,1,0,11
Yes,39.0,Yes,With Traffic,C: Possible Injury,Male,Garner,Wake,Yes,Thursday,Motorist Failed to Yield - Midblock,16.0,November,Motorist Drive Out - Commercial Driveway / Alley,2007,48.0,No,O: No Injury,Male,Passenger Car,No,35.68509,-78.61796,Dry,Unknown,Stop Sign,Clear,No,0,0,11
No,9.0,No,With Traffic,C: Possible Injury,Female,Charlotte,Mecklenburg,No,Monday,Bicyclist Failed to Yield - Sign-Controlled Intersection,11.0,February,Bicyclist Ride Through - Sign-Controlled Intersection,2008,20.0,No,O: No Injury,Female,Passenger Car,No,35.159252,-80.89813,Dry,20 - 25  MPH,Stop Sign,Clear,No,0,0,2
No,47.0,No,Facing Traffic,C: Possible Injury,Male,Greensboro,Guilford,No,Thursday,Motorist Failed to Yield - Signalized Intersection,12.0,November,Motorist Drive Out - Signalized Intersection,2007,26.0,No,O: No Injury,Male,Sport Utility,No,36.055668,-79.83071,Dry,30 - 35  MPH,Stop And Go Signal,Clear,No,0,0,11
Yes,53.0,No,Facing Traffic,C: Possible Injury,Male,High Point,Guilford,No,Thursday,Motorist Failed to Yield - Midblock,11.0,November,Motorist Drive Out - Commercial Driveway / Alley,2007,35.0,No,O: No Injury,Male,Passenger Car,No,35.943962,-80.00275,Dry,30 - 35  MPH,No Control Present,Clear,No,0,0,11
No,38.0,No,Facing Traffic,C: Possible Injury,Male,High Point,Guilford,No,Friday,Motorist Failed to Yield - Signalized Intersection,8.0,November,Motorist Drive Out - Right Turn on Red,2007,65.0,No,O: No Injury,Female,Passenger Car,No,35.93804,-79.995056,Dry,30 - 35  MPH,Stop And Go Signal,Clear,No,0,0,11
Yes,12.0,No,With Traffic,C: Possible Injury,Male,Albemarle,Stanly,No,Friday,Bicyclist Failed to Yield - Sign-Controlled Intersection,16.0,November,Bicyclist Ride Through - Sign-Controlled Intersection,2007,18.0,No,O: No Injury,Male,Pickup,No,35.36504,-80.20365,Dry,30 - 35  MPH,Stop Sign,Clear,No,0,0,11
No,32.52649525389365,Missing,With Traffic,Unknown Injury,Unknown,None - Rural Crash,Carteret,No,Saturday,Bicyclist Left Turn / Merge,21.0,November,Bicyclist Left Turn - Same Direction,2007,18.0,No,O: No Injury,Female,Passenger Car,No,34.818966,-76.87324,Dry,50 - 55  MPH,No Control Present,Clear,No,0,1,11
Yes,22.0,No,With Traffic,B: Suspected Minor Injury,Male,None - Rural Crash,New Hanover,No,Saturday,Motorist Overtaking Bicyclist,21.0,November,Motorist Overtaking - Misjudged Space,2007,42.03850604944766,Missing,Unknown Injury,Unknown,Unknown,Yes,34.12596,-77.87861,Dry,40 - 45  MPH,"Double Yellow Line, No Passing Zone",Clear,No,1,0,11
Yes,53.0,No,With Traffic,B: Suspected Minor Injury,Male,Raleigh,Wake,No,Saturday,Motorist Failed to Yield - Sign-Controlled Intersection,18.0,November,Motorist Drive Out - Sign-Controlled Intersection,2007,37.0,No,O: No Injury,Female,Pickup,No,35.86306,-78.65383,Dry,30 - 35  MPH,Stop Sign,Clear,No,0,0,11
No,55.0,No,With Traffic,C: Possible Injury,Male,Raleigh,Wake,No,Saturday,Motorist Left Turn / Merge,0.0,November,Motorist Left Turn - Opposite Direction,2007,42.03850604944766,Missing,Unknown Injury,Unknown,Passenger Car,Yes,35.872894,-78.62239,Dry,40 - 45  MPH,Stop And Go Signal,Clear,No,1,0,11
Yes,34.0,No,Facing Traffic,O: No Injury,Male,Raleigh,Wake,No,Tuesday,Head-On,18.0,November,Head-On - Bicyclist,2007,47.0,No,O: No Injury,Male,Passenger Car,No,35.786217,-78.662285,Dry,20 - 25  MPH,No Control Present,Clear,No,0,0,11
Yes,18.0,No,Facing Traffic,C: Possible Injury,Male,Wilmington,New Hanover,No,Tuesday,Head-On,13.0,November,Head-On - Bicyclist,2007,62.0,No,O: No Injury,Female,Passenger Car,No,34.21319,-77.89795,Dry,40 - 45  MPH,No Control Present,Clear,No,0,0,11
No,33.0,No,With Traffic,B: Suspected Minor Injury,Male,Charlotte,Mecklenburg,No,Friday,Motorist Left Turn / Merge,8.0,December,Motorist Left Turn - Opposite Direction,2007,26.0,No,O: No Injury,Male,Passenger Car,No,35.21477,-80.82793,Dry,30 - 35  MPH,Stop Sign,Clear,No,0,0,12
No,54.0,Yes,With Traffic,O: No Injury,Male,Charlotte,Mecklenburg,Yes,Sunday,Parallel Paths - Other Circumstances,20.0,February,Motorist Turn / Merge - Other / Unknown,2008,25.0,No,O: No Injury,Male,Truck/Trailer,No,35.22713,-80.82037,Dry,20 - 25  MPH,No Control Present,Clear,No,0,0,2
No,36.0,No,With Traffic,C: Possible Injury,Male,Asheville,Buncombe,No,Wednesday,Motorist Left Turn / Merge,20.0,November,Motorist Left Turn - Opposite Direction,2007,44.0,No,O: No Injury,Male,Passenger Car,No,35.603233,-82.55251,Dry,20 - 25  MPH,No Control Present,Clear,No,0,0,11
Yes,38.0,No,With Traffic,B: Suspected Minor Injury,Male,High Point,Guilford,No,Thursday,Bicyclist Failed to Yield - Signalized Intersection,16.0,November,Bicyclist Ride Out - Signalized  Intersection,2007,48.0,No,O: No Injury,Male,Pickup,No,35.931164,-80.03464,Dry,30 - 35  MPH,Stop And Go Signal,Clear,No,0,0,11
No,14.0,No,Facing Traffic,C: Possible Injury,Female,Whiteville,Columbus,No,Friday,Motorist Failed to Yield - Sign-Controlled Intersection,17.0,November,Motorist Drive Out - Sign-Controlled Intersection,2007,42.03850604944766,Missing,Unknown Injury,Unknown,Unknown,Yes,34.348667,-78.7097,Dry,Unknown,Stop Sign,Clear,No,1,0,11
No,40.0,No,Facing Traffic,O: No Injury,Male,Charlotte,Mecklenburg,No,Tuesday,Crossing Paths - Other Circumstances,16.0,January,Crossing Paths - Intersection - Other / Unknown,2008,29.0,No,O: No Injury,Female,Passenger Car,No,35.183502,-80.75635,Wet,40 - 45  MPH,No Control Present,Rain,No,0,0,1
Yes,61.0,No,With Traffic,C: Possible Injury,Male,Charlotte,Mecklenburg,No,Monday,Bicyclist Left Turn / Merge,7.0,February,Bicyclist Left Turn - Same Direction,2008,35.0,No,O: No Injury,Female,Sport Utility,No,35.259884,-80.802055,Dry,30 - 35  MPH,No Control Present,"Fog, Smog, Smoke",No,0,0,2
Yes,12.0,No,Facing Traffic,C: Possible Injury,Female,None - Rural Crash,Carteret,No,Monday,Motorist Left Turn / Merge,16.0,November,Motorist Left Turn - Same Direction,2007,42.03850604944766,Missing,Unknown Injury,Unknown,Unknown,Yes,34.796757,-76.84858,Dry,30 - 35  MPH,"Double Yellow Line, No Passing Zone",Clear,No,1,0,11
Yes,48.0,No,With Traffic,C: Possible Injury,Male,None - Rural Crash,Iredell,No,Monday,Motorist Overtaking Bicyclist,8.0,November,Motorist Overtaking - Misjudged Space,2007,33.0,No,O: No Injury,Male,Pickup,No,35.855713,-81.02874,Dry,50 - 55  MPH,"Double Yellow Line, No Passing Zone",Clear,No,0,0,11
No,23.0,No,With Traffic,C: Possible Injury,Female,Troy,Montgomery,Yes,Monday,Motorist Failed to Yield - Sign-Controlled Intersection,18.0,November,Motorist Drive Out - Sign-Controlled Intersection,2007,43.0,Yes,O: No Injury,Female,Van,No,35.35579,-79.9001,Dry,30 - 35  MPH,Stop Sign,Clear,No,0,0,11
Yes,8.0,No,Not Applicable,B: Suspected Minor Injury,Male,None - Rural Crash,Forsyth,No,Tuesday,Bicyclist Failed to Yield - Midblock,9.0,November,Bicyclist Ride Out - Other Midblock,2007,58.0,No,O: No Injury,Female,Passenger Car,No,36.211643,-80.2253,Dry,50 - 55  MPH,No Control Present,Clear,No,0,0,11
Yes,17.0,No,With Traffic,B: Suspected Minor Injury,Male,Apex,Wake,No,Tuesday,Bicyclist Left Turn / Merge,18.0,November,Bicyclist Left Turn - Opposite Direction,2007,28.0,No,O: No Injury,Female,Sport Utility,No,35.738556,-78.86537,Dry,40 - 45  MPH,Stop And Go Signal,Clear,No,0,0,11
Yes,46.0,Yes,With Traffic,C: Possible Injury,Male,None - Rural Crash,Duplin,Yes,Wednesday,Motorist Failed to Yield - Sign-Controlled Intersection,22.0,November,Motorist Drive Out - Sign-Controlled Intersection,2007,25.0,No,O: No Injury,Male,Pickup,No,34.80681,-77.942726,Dry,50 - 55  MPH,Stop Sign,Clear,No,0,0,11
No,15.0,No,With Traffic,Unknown Injury,Male,Erwin,Harnett,No,Thursday,Motorist Overtaking Bicyclist,1.0,November,Motorist Overtaking - Undetected Bicyclist,2007,42.03850604944766,Missing,Unknown Injury,Unknown,Unknown,Yes,35.32502,-78.65053,Dry,50 - 55  MPH,No Control Present,Clear,No,1,0,11
No,44.0,No,With Traffic,O: No Injury,Unknown,None - Rural Crash,New Hanover,No,Friday,Motorist Overtaking Bicyclist,6.0,November,Motorist Overtaking - Misjudged Space,2007,42.03850604944766,Missing,Unknown Injury,Unknown,Unknown,Yes,34.112797,-77.90031,Dry,50 - 55  MPH,No Control Present,Cloudy,No,1,0,11
No,26.0,Yes,Unknown,O: No Injury,Male,Jacksonville,Onslow,Yes,Sunday,Head-On,11.0,November,Head-On - Bicyclist,2007,28.0,No,O: No Injury,Male,Police,No,34.748215,-77.42227,Dry,20 - 25  MPH,No Control Present,Cloudy,No,0,0,11
No,52.0,No,Facing Traffic,Unknown Injury,Unknown,Manteo,Dare,No,Tuesday,Motorist Failed to Yield - Signalized Intersection,12.0,November,Motorist Drive Out - Right Turn on Red,2007,40.0,No,Unknown Injury,Male,Passenger Car,No,35.90869,-75.676056,Dry,20 - 25  MPH,Stop And Go Signal,Clear,No,0,0,11
No,11.0,No,With Traffic,C: Possible Injury,Male,Lexington,Davidson,No,Tuesday,Bicyclist Left Turn / Merge,17.0,November,Bicyclist Left Turn - Opposite Direction,2007,54.0,No,O: No Injury,Female,Passenger Car,No,35.814728,-80.26379,Dry,30 - 35  MPH,No Control Present,Clear,No,0,0,11
No,13.0,No,With Traffic,B: Suspected Minor Injury,Male,High Point,Guilford,No,Saturday,Backing Vehicle,13.0,December,Backing Vehicle,2007,17.0,No,O: No Injury,Male,Passenger Car,No,35.929546,-79.964134,Dry,20 - 25  MPH,No Control Present,Clear,No,0,0,12
No,45.0,No,Facing Traffic,O: No Injury,Male,Grantsboro,Pamlico,No,Wednesday,Bicyclist Right Turn / Merge,17.0,November,Bicyclist Right Turn - Same Direction,2007,63.0,No,O: No Injury,Female,Sport Utility,No,35.129337,-76.840805,Dry,50 - 55  MPH,"Double Yellow Line, No Passing Zone",Clear,No,0,0,11
Yes,8.0,No,With Traffic,B: Suspected Minor Injury,Male,None - Rural Crash,Rockingham,No,Wednesday,Bicyclist Left Turn / Merge,19.0,November,Bicyclist Left Turn - Same Direction,2007,60.0,No,O: No Injury,Female,Passenger Car,No,36.44683,-79.64449,Dry,50 - 55  MPH,"Double Yellow Line, No Passing Zone",Clear,No,0,0,11
No,58.0,No,With Traffic,B: Suspected Minor Injury,Female,Charlotte,Mecklenburg,No,Monday,Bicyclist Left Turn / Merge,11.0,March,Bicyclist Left Turn - Same Direction,2008,65.0,No,O: No Injury,Female,Sport Utility,No,35.199398,-80.812355,Dry,30 - 35  MPH,No Control Present,Clear,No,0,0,3
No,44.0,No,Facing Traffic,C: Possible Injury,Male,Raleigh,Wake,No,Tuesday,Bicyclist Failed to Yield - Signalized Intersection,9.0,November,Bicyclist Ride Through - Signalized Intersection,2007,34.0,No,O: No Injury,Male,Passenger Car,No,35.835308,-78.63908,Dry,30 - 35  MPH,Stop And Go Signal,Clear,No,0,0,11
Yes,51.0,No,With Traffic,C: Possible Injury,Male,Greensboro,Guilford,No,Wednesday,Motorist Failed to Yield - Midblock,6.0,November,Motorist Drive Out - Commercial Driveway / Alley,2007,50.0,No,O: No Injury,Male,Pickup,No,36.038292,-79.799995,Dry,30 - 35  MPH,No Control Present,Clear,No,0,0,11
No,32.52649525389365,Missing,With Traffic,Unknown Injury,Unknown,None - Rural Crash,Pitt,No,Thursday,Motorist Overtaking Bicyclist,18.0,November,Motorist Overtaking - Other / Unknown,2007,41.0,No,O: No Injury,Female,Passenger Car,No,35.492966,-77.35381,Dry,50 - 55  MPH,"Double Yellow Line, No Passing Zone",Clear,No,0,1,11
No,13.0,No,With Traffic,C: Possible Injury,Male,Kannapolis,Rowan,No,Friday,Loss of Control / Turning Error,20.0,November,Motorist Turning Error - Right Turn,2007,42.03850604944766,Missing,Unknown Injury,Unknown,Unknown,Yes,35.50779,-80.59057,Dry,30 - 35  MPH,No Control Present,Clear,No,1,0,11
Yes,7.0,No,With Traffic,B: Suspected Minor Injury,Male,Fayetteville,Cumberland,No,Saturday,Parallel Paths - Other Circumstances,13.0,December,Bicyclist Ride Out - Parallel Path,2007,48.0,No,O: No Injury,Male,Passenger Car,No,35.053635,-78.96158,Dry,30 - 35  MPH,No Control Present,Clear,No,0,0,12
No,13.0,No,With Traffic,C: Possible Injury,Male,Statesville,Iredell,No,Saturday,Bicyclist Failed to Yield - Sign-Controlled Intersection,14.0,December,Bicyclist Ride Out - Sign-Controlled Intersection,2007,42.03850604944766,No,Unknown Injury,Unknown,Unknown,Yes,35.793907,-80.87912,Dry,30 - 35  MPH,Stop Sign,Clear,No,1,0,12
Yes,51.0,No,With Traffic,B: Suspected Minor Injury,Male,Raleigh,Wake,No,Saturday,Bicyclist Left Turn / Merge,9.0,December,Bicyclist Left Turn - Same Direction,2007,54.0,No,O: No Injury,Female,Passenger Car,No,35.833164,-78.68018,Dry,30 - 35  MPH,No Control Present,Clear,No,0,0,12
Yes,45.0,No,Unknown,B: Suspected Minor Injury,Male,None - Rural Crash,Brunswick,No,Saturday,Non-Roadway,19.0,December,Non-Roadway,2007,39.0,No,O: No Injury,Male,Sport Utility,No,33.9515,-78.0494,Dry,5 - 15 MPH,No Control Present,Clear,No,0,0,12
No,6.0,No,With Traffic,O: No Injury,Male,High Point,Guilford,No,Sunday,Bicyclist Failed to Yield - Sign-Controlled Intersection,16.0,December,Bicyclist Ride Through - Sign-Controlled Intersection,2007,59.0,No,O: No Injury,Male,Passenger Car,No,35.97927,-80.03022,Dry,30 - 35  MPH,Stop Sign,Clear,No,0,0,12
No,48.0,No,Facing Traffic,C: Possible Injury,Male,Charlotte,Mecklenburg,No,Sunday,Crossing Paths - Other Circumstances,12.0,March,Signalized Intersection - Other / Unknown,2008,39.0,No,O: No Injury,Male,Sport Utility,No,35.210064,-80.757256,Dry,40 - 45  MPH,Stop And Go Signal,Clear,No,0,0,3
Yes,41.0,No,With Traffic,C: Possible Injury,Male,Tarboro,Edgecombe,No,Monday,Motorist Overtaking Bicyclist,22.0,December,Motorist Overtaking - Undetected Bicyclist,2007,21.0,No,O: No Injury,Male,Passenger Car,No,35.89645,-77.55689,Dry,40 - 45  MPH,Stop Sign,Clear,No,0,0,12
Yes,15.0,No,Unknown,B: Suspected Minor Injury,Male,Greenville,Pitt,No,Monday,Bicyclist Failed to Yield - Midblock,16.0,December,Bicyclist Ride Out - Midblock - Unknown,2007,64.0,No,O: No Injury,Unknown,"Light Truck (Mini-Van, Panel)",No,35.607388,-77.38498,Dry,30 - 35  MPH,No Control Present,Clear,No,0,0,12
Yes,44.0,No,With Traffic,B: Suspected Minor Injury,Male,Wilmington,New Hanover,No,Monday,Motorist Overtaking Bicyclist,17.0,December,Motorist Overtaking - Other / Unknown,2007,52.0,No,O: No Injury,Female,Sport Utility,No,34.224167,-77.92188,Dry,30 - 35  MPH,No Control Present,Clear,No,0,0,12
Yes,8.0,No,Unknown,B: Suspected Minor Injury,Female,Rocky Mount,Nash,No,Tuesday,Bicyclist Failed to Yield - Midblock,16.0,December,Bicyclist Ride Out - Midblock - Unknown,2007,56.0,No,O: No Injury,Female,Passenger Car,No,35.967342,-77.87576,Dry,40 - 45  MPH,No Control Present,Clear,No,0,0,12
Yes,21.0,No,Unknown,B: Suspected Minor Injury,Male,Chapel Hill,Orange,No,Tuesday,Non-Roadway,18.0,December,Non-Roadway,2007,38.0,No,O: No Injury,Male,Passenger Car,No,35.90505,-79.048004,Dry,5 - 15 MPH,No Control Present,Clear,No,0,0,12
No,32.52649525389365,Missing,Facing Traffic,Unknown Injury,Unknown,Raleigh,Wake,No,Wednesday,Motorist Failed to Yield - Sign-Controlled Intersection,18.0,December,Motorist Drive Out - Sign-Controlled Intersection,2007,38.0,No,O: No Injury,Female,Passenger Car,No,35.779778,-78.61804,Dry,40 - 45  MPH,Stop Sign,Clear,No,0,1,12
Yes,16.0,No,With Traffic,C: Possible Injury,Male,Wilmington,New Hanover,No,Wednesday,Motorist Right Turn / Merge,7.0,December,Motorist Right Turn - Same Direction,2007,42.0,No,O: No Injury,Female,Pickup,No,34.235474,-77.94591,Dry,30 - 35  MPH,Stop And Go Signal,Cloudy,No,0,0,12
No,23.0,No,With Traffic,C: Possible Injury,Male,Charlotte,Mecklenburg,No,Wednesday,Motorist Right Turn / Merge,11.0,September,Motorist Right Turn - Same Direction,2007,58.0,No,O: No Injury,Male,Van,No,35.228992,-80.84718,Dry,30 - 35  MPH,No Control Present,Clear,No,0,0,9
Yes,19.0,No,Unknown,C: Possible Injury,Male,Concord,Cabarrus,No,Saturday,Bicyclist Failed to Yield - Midblock,0.0,June,Bicyclist Ride Out - Midblock - Unknown,2007,27.0,No,O: No Injury,Male,Van,No,35.410606,-80.568214,Dry,40 - 45  MPH,No Control Present,Clear,No,0,0,6
Yes,22.0,No,With Traffic,B: Suspected Minor Injury,Male,None - Rural Crash,Wake,No,Sunday,Motorist Overtaking Bicyclist,17.0,December,Motorist Overtaking - Misjudged Space,2007,33.0,No,Unknown Injury,Male,Unknown,Yes,35.585297,-78.66256,Dry,50 - 55  MPH,"Double Yellow Line, No Passing Zone",Clear,No,0,0,12
Yes,32.52649525389365,No,Facing Traffic,B: Suspected Minor Injury,Female,Manteo,Dare,No,Sunday,Crossing Paths - Other Circumstances,10.0,December,Signalized Intersection - Other / Unknown,2007,48.0,No,O: No Injury,Female,Passenger Car,No,35.902058,-75.67151,Dry,20 - 25  MPH,Stop And Go Signal,Clear,No,0,1,12
No,14.0,No,With Traffic,C: Possible Injury,Male,Roanoke Rapids,Halifax,No,Thursday,Bicyclist Left Turn / Merge,15.0,December,Bicyclist Left Turn - Same Direction,2007,67.0,No,O: No Injury,Male,Passenger Car,No,36.46478,-77.65413,Dry,20 - 25  MPH,Stop And Go Signal,Clear,No,0,0,12