AmbulanceR,BikeAge,BikeAlcFlg,BikeDir,BikeInjury,BikeSex,City,County,CrashAlcoh,CrashDay,CrashGrp,CrashHour,CrashMonth,CrashType,CrashYear,DrvrAge,DrvrAlcFlg,DrvrInjury,DrvrSex,DrvrVehTyp,HitRun,Latitude,Longitude,RdConditio,SpeedLimit,TraffCntrl,Weather,Workzone,DrvrAgeImputedFlag,BikeAgeImputedFlag,MonthCode
No,31.0,No,With Traffic,C: Possible Injury,Male,Raleigh,Wake,No,Monday,Motorist Failed to Yield - Sign-Controlled Intersection,20.0,December,Motorist Drive Out - Sign-Controlled Intersection,2007,21.0,No,O: No Injury,Male,Passenger Car,No,35.784557,-78.664345,Dry,20 - 25  MPH,Yield Sign,Clear,No,0,0,12
Yes,53.0,No,Unknown,O: No Injury,Male,Tarboro,Edgecombe,No,Tuesday,Bicyclist Failed to Yield - Midblock,12.0,December,Bicyclist Ride Out - Midblock - Unknown,2007,54.0,No,O: No Injury,Female,Passenger Car,No,35.90138,-77.535736,Dry,Unknown,No Control Present,Clear,No,0,0,12
No,8.0,No,Unknown,C: Possible Injury,Male,Raleigh,Wake,No,Tuesday,Non-Roadway,9.0,December,Non-Roadway,2007,22.0,No,O: No Injury,Female,Passenger Car,No,35.84403,-78.57353,Dry,5 - 15 MPH,No Control Present,Clear,No,0,0,12
Yes,11.0,No,Not Applicable,B: Suspected Minor Injury,Male,Cary,Wake,No,Friday,Bicyclist Failed to Yield - Sign-Controlled Intersection,13.0,March,Bicyclist Ride Through - Sign-Controlled Intersection,2008,29.0,No,O: No Injury,Female,Passenger Car,No,35.817295,-78.90569,Dry,30 - 35  MPH,Stop Sign,Clear,No,0,0,3
No,32.0,No,Facing Traffic,O: No Injury,Male,Charlotte,Mecklenburg,No,Wednesday,Motorist Failed to Yield - Sign-Controlled Intersection,14.0,March,Motorist Drive Out - Sign-Controlled Intersection,2008,46.0,No,O: No Injury,Female,Commercial Bus,No,35.287937,-80.858444,Dry,30 - 35  MPH,Stop Sign,Clear,No,0,0,3
Yes,9.0,No,Not Applicable,B: Suspected Minor Injury,Male,Charlotte,Mecklenburg,No,Sunday,Bicyclist Failed to Yield - Sign-Controlled Intersection,16.0,March,Bicyclist Ride Through - Sign-Controlled Intersection,2008,20.0,No,O: No Injury,Male,Passenger Car,No,35.261543,-80.91356,Dry,30 - 35  MPH,Stop Sign,Clear,No,0,0,3
Yes,12.0,No,Facing Traffic,C: Possible Injury,Male,Rocky Mount,Nash,No,Thursday,Bicyclist Failed to Yield - Sign-Controlled Intersection,19.0,December,Bicyclist Ride Out - Sign-Controlled Intersection,2007,52.0,No,O: No Injury,Female,Passenger Car,No,35.943115,-77.808495,Wet,30 - 35  MPH,Stop Sign,Rain,No,0,0,12
Yes,41.0,No,With Traffic,C: Possible Injury,Male,Goldsboro,Wayne,No,Thursday,Bicyclist Left Turn / Merge,14.0,December,Bicyclist Left Turn - Same Direction,2007,44.0,No,O: No Injury,Male,Pickup,No,35.375713,-77.96075,Dry,30 - 35  MPH,No Control Present,Cloudy,No,0,0,12
Yes,23.0,No,With Traffic,C: Possible Injury,Male,Raleigh,Wake,No,Friday,Motorist Failed to Yield - Sign-Controlled Intersection,17.0,December,Motorist Drive Out - Sign-Controlled Intersection,2007,27.0,No,O: No Injury,Female,Pickup,No,35.782845,-78.64904,Dry,30 - 35  MPH,Stop Sign,Clear,No,0,0,12
No,65.0,No,Not Applicable,B: Suspected Minor Injury,Male,Wilson,Wilson,No,Friday,Bicyclist Failed to Yield - Midblock,18.0,December,Bicyclist Ride Out - Commercial Driveway / Alley,2007,51.0,No,B: Suspected Minor Injury,Male,Passenger Car,No,35.713203,-77.898224,Dry,30 - 35  MPH,No Control Present,Clear,No,0,0,12
Yes,51.0,No,With Traffic,B: Suspected Minor Injury,Male,Greensboro,Guilford,No,Friday,Loss of Control / Turning Error,18.0,December,Motorist Turning Error - Right Turn,2007,49.0,No,O: No Injury,Male,Passenger Car,No,36.075527,-79.794014,Dry,30 - 35  MPH,Stop And Go Signal,Clear,No,0,0,12
Yes,50.0,No,Facing Traffic,C: Possible Injury,Male,Fayetteville,Cumberland,No,Monday,Motorist Failed to Yield - Sign-Controlled Intersection,17.0,December,Motorist Drive Out - Sign-Controlled Intersection,2007,33.0,No,O: No Injury,Female,Sport Utility,No,35.0525,-78.87798,Dry,5 - 15 MPH,Stop Sign,Clear,No,0,0,12
No,63.0,No,With Traffic,C: Possible Injury,Male,None - Rural Crash,Robeson,No,Monday,Motorist Overtaking Bicyclist,18.0,December,Motorist Overtaking - Other / Unknown,2007,42.03850604944766,No,Unknown Injury,Unknown,Unknown,Yes,34.73131,-79.211426,Dry,50 - 55  MPH,No Control Present,Clear,No,1,0,12
Yes,53.0,No,With Traffic,C: Possible Injury,Male,Hamlet,Richmond,No,Monday,Motorist Overtaking Bicyclist,1.0,December,Motorist Overtaking - Undetected Bicyclist,2007,65.0,No,O: No Injury,Female,Passenger Car,No,34.895954,-79.703545,Dry,30 - 35  MPH,No Control Present,Clear,No,0,0,12
No,14.0,No,With Traffic,C: Possible Injury,Male,None - Rural Crash,Iredell,No,Tuesday,Loss of Control / Turning Error,15.0,December,Bicyclist Lost Control - Other / Unknown,2007,44.0,No,O: No Injury,Female,Passenger Car,No,35.80956,-80.76864,Dry,50 - 55  MPH,No Control Present,Clear,No,0,0,12
Yes,38.0,No,With Traffic,B: Suspected Minor Injury,Male,Durham,Durham,No,Tuesday,Motorist Right Turn / Merge,7.0,March,Motorist Right Turn - Same Direction,2008,21.0,No,O: No Injury,Female,Passenger Car,No,35.94424,-78.90074,Dry,40 - 45  MPH,No Control Present,Clear,No,0,0,3
No,42.0,No,With Traffic,C: Possible Injury,Female,Carrboro,Orange,No,Thursday,Motorist Overtaking Bicyclist,7.0,December,Motorist Overtaking - Bicyclist Swerved,2007,58.0,No,O: No Injury,Male,Passenger Car,No,35.909725,-79.09043,Dry,40 - 45  MPH,No Control Present,Clear,No,0,0,12
No,46.0,No,With Traffic,O: No Injury,Female,Cary,Wake,No,Tuesday,Motorist Overtaking Bicyclist,18.0,March,Motorist Overtaking - Misjudged Space,2008,42.03850604944766,Missing,Unknown Injury,Unknown,Pickup,Yes,35.829388,-78.900246,Dry,40 - 45  MPH,No Control Present,Clear,No,1,0,3
No,14.0,No,Unknown,C: Possible Injury,Male,Wilson,Wilson,No,Tuesday,Other / Unknown - Insufficient Details,16.0,December,Unknown Approach Paths,2007,37.0,No,O: No Injury,Female,Passenger Car,No,35.722855,-77.93541,Wet,30 - 35  MPH,Stop And Go Signal,Rain,No,0,0,12
Yes,18.0,No,Unknown,C: Possible Injury,Male,Smithfield,Johnston,No,Sunday,Non-Roadway,16.0,December,Non-Roadway,2007,18.0,No,O: No Injury,Male,Pickup,No,35.51652,-78.32163,Wet,5 - 15 MPH,No Control Present,Rain,No,0,0,12
Yes,17.0,No,Facing Traffic,C: Possible Injury,Male,Fayetteville,Cumberland,No,Wednesday,Crossing Paths - Other Circumstances,11.0,December,Signalized Intersection - Other / Unknown,2007,52.0,No,C: Possible Injury,Male,Passenger Car,No,35.027775,-78.960884,Wet,20 - 25  MPH,Stop And Go Signal,Rain,No,0,0,12
No,24.0,No,Facing Traffic,O: No Injury,Male,None - Rural Crash,New Hanover,No,Thursday,Motorist Failed to Yield - Midblock,9.0,December,Motorist Drive Out - Commercial Driveway / Alley,2007,58.0,No,O: No Injury,Male,Passenger Car,No,34.1338,-77.89522,Dry,40 - 45  MPH,No Control Present,Cloudy,No,0,0,12
Yes,44.0,No,With Traffic,B: Suspected Minor Injury,Male,Fayetteville,Cumberland,No,Friday,Motorist Overtaking Bicyclist,16.0,December,Motorist Overtaking - Other / Unknown,2007,42.03850604944766,Missing,Unknown Injury,Unknown,Unknown,Yes,35.0093,-78.968735,Dry,20 - 25  MPH,No Control Present,Clear,No,1,0,12
No,33.0,No,Unknown,B: Suspected Minor Injury,Male,Winston-Salem,Forsyth,No,Saturday,Non-Roadway,13.0,December,Non-Roadway,2007,45.0,No,O: No Injury,Male,Passenger Car,No,36.069984,-80.26951,Wet,40 - 45  MPH,No Control Present,Rain,No,0,0,12
Yes,27.0,No,Facing Traffic,B: Suspected Minor Injury,Female,None - Rural Crash,Columbus,No,Saturday,Head-On,9.0,December,Head-On - Bicyclist,2007,41.0,No,O: No Injury,Male,Pickup,No,34.1193,-78.84471,Dry,50 - 55  MPH,"Double Yellow Line, No Passing Zone",Clear,No,0,0,12
No,14.0,No,Facing Traffic,O: No Injury,Male,Cary,Wake,No,Friday,Motorist Failed to Yield - Sign-Controlled Intersection,14.0,March,Motorist Drive Out - Sign-Controlled Intersection,2008,40.0,No,O: No Injury,Female,Van,No,35.80779,-78.77099,Dry,20 - 25  MPH,Stop Sign,Clear,No,0,0,3
No,19.0,No,With Traffic,C: Possible Injury,Male,None - Rural Crash,Nash,No,Saturday,Other / Unusual Circumstances,16.0,January,Unusual Circumstances,2008,41.0,No,O: No Injury,Female,Passenger Car,No,35.969704,-77.88737,Dry,Unknown,Missing,Clear,No,0,0,1
No,5.0,No,Not Applicable,C: Possible Injury,Male,None - Rural Crash,Wake,No,Sunday,Bicyclist Failed to Yield - Midblock,13.0,January,Bicyclist Ride Out - Residential Driveway,2008,42.03850604944766,No,Unknown Injury,Unknown,Unknown,Yes,35.846706,-78.410355,Dry,40 - 45  MPH,No Control Present,Clear,No,1,0,1
Yes,8.0,No,Not Applicable,C: Possible Injury,Female,None - Rural Crash,Harnett,No,Sunday,Non-Roadway,17.0,January,Non-Roadway,2008,42.03850604944766,Missing,Unknown Injury,Unknown,Unknown,Yes,35.25032,-78.97001,Dry,20 - 25  MPH,No Control Present,Clear,No,1,0,1
Yes,48.0,No,With Traffic,B: Suspected Minor Injury,Male,Charlotte,Mecklenburg,No,Wednesday,Motorist Left Turn / Merge,19.0,April,Motorist Left Turn - Opposite Direction,2008,34.0,No,O: No Injury,Male,Passenger Car,No,35.198868,-80.84034,Unknown,30 - 35  MPH,Stop Sign,Clear,No,0,0,4
No,14.0,No,With Traffic,C: Possible Injury,Male,Charlotte,Mecklenburg,No,Wednesday,Motorist Left Turn / Merge,15.0,April,Motorist Left Turn - Opposite Direction,2008,24.0,No,O: No Injury,Female,Passenger Car,No,35.038513,-80.80564,Dry,30 - 35  MPH,Stop And Go Signal,Clear,No,0,0,4
Yes,13.0,No,With Traffic,B: Suspected Minor Injury,Female,None - Rural Crash,Halifax,No,Tuesday,Parallel Paths - Other Circumstances,15.0,January,Bicyclist Ride Out - Parallel Path,2008,26.0,No,O: No Injury,Male,Passenger Car,No,36.46248,-77.6865,Dry,40 - 45  MPH,"Double Yellow Line, No Passing Zone",Cloudy,No,0,0,1
No,28.0,No,With Traffic,O: No Injury,Male,Garner,Wake,No,Tuesday,Crossing Paths - Other Circumstances,11.0,January,Sign-Controlled Intersection - Other / Unknown,2008,17.0,No,O: No Injury,Male,Sport Utility,Yes,35.711983,-78.634315,Dry,20 - 25  MPH,No Control Present,Clear,No,0,0,1
Yes,14.0,No,With Traffic,B: Suspected Minor Injury,Male,None - Rural Crash,Pasquotank,No,Wednesday,Head-On,16.0,April,Head-On - Bicyclist,2008,18.0,No,O: No Injury,Female,Passenger Car,No,36.31284,-76.24569,Dry,20 - 25  MPH,No Control Present,Clear,No,0,0,4
Yes,29.0,No,With Traffic,B: Suspected Minor Injury,Male,Charlotte,Mecklenburg,No,Wednesday,Loss of Control / Turning Error,10.0,April,Motorist Lost Control - Other / Unknown,2008,19.0,No,O: No Injury,Male,Passenger Car,No,35.365513,-80.78762,Dry,40 - 45  MPH,Stop Sign,Clear,No,0,0,4
Yes,51.0,No,With Traffic,C: Possible Injury,Male,Statesville,Iredell,No,Wednesday,Motorist Failed to Yield - Sign-Controlled Intersection,15.0,January,Motorist Drive Through - Sign-Controlled Intersection,2008,59.0,No,O: No Injury,Female,Passenger Car,No,35.787086,-80.91866,Dry,30 - 35  MPH,Stop Sign,Clear,No,0,0,1
No,10.0,No,With Traffic,C: Possible Injury,Male,Gastonia,Gaston,No,Wednesday,Bicyclist Failed to Yield - Sign-Controlled Intersection,16.0,January,Bicyclist Ride Through - Sign-Controlled Intersection,2008,33.0,No,O: No Injury,Male,Pickup,No,35.256413,-81.211975,Dry,20 - 25  MPH,Stop Sign,Clear,No,0,0,1
Yes,67.0,No,With Traffic,C: Possible Injury,Male,None - Rural Crash,Randolph,No,Wednesday,Motorist Overtaking Bicyclist,18.0,January,Motorist Overtaking - Misjudged Space,2008,20.0,No,O: No Injury,Male,Pickup,No,35.645576,-79.82491,Dry,50 - 55  MPH,"Double Yellow Line, No Passing Zone",Clear,No,0,0,1
Yes,42.0,No,With Traffic,C: Possible Injury,Male,None - Rural Crash,Granville,No,Thursday,Motorist Overtaking Bicyclist,22.0,January,Motorist Overtaking - Undetected Bicyclist,2008,43.0,No,O: No Injury,Male,Pickup,No,36.362507,-78.59094,Dry,50 - 55  MPH,"Double Yellow Line, No Passing Zone",Cloudy,No,0,0,1
No,31.0,No,Not Applicable,O: No Injury,Male,Raleigh,Wake,No,Thursday,Non-Roadway,22.0,January,Non-Roadway,2008,40.0,No,O: No Injury,Male,"Light Truck (Mini-Van, Panel)",No,35.78854,-78.649574,Dry,30 - 35  MPH,No Control Present,Clear,No,0,0,1
Yes,27.0,Yes,With Traffic,C: Possible Injury,Male,Greensboro,Guilford,Yes,Thursday,Parallel Paths - Other Circumstances,23.0,January,Motorist Turn / Merge - Other / Unknown,2008,42.03850604944766,Missing,Unknown Injury,Unknown,Unknown,Yes,36.0852,-79.7517,Wet,30 - 35  MPH,Missing,Cloudy,No,1,0,1
Yes,12.0,No,With Traffic,A: Suspected Serious Injury,Male,High Point,Guilford,No,Monday,Bicyclist Failed to Yield - Sign-Controlled Intersection,15.0,September,Bicyclist Ride Through - Sign-Controlled Intersection,2007,53.0,No,O: No Injury,Female,Passenger Car,No,35.9379,-80.005936,Dry,30 - 35  MPH,Stop Sign,Clear,No,0,0,9
Yes,21.0,Yes,With Traffic,A: Suspected Serious Injury,Male,None - Rural Crash,Rockingham,Yes,Friday,Bicyclist Left Turn / Merge,20.0,April,Bicyclist Left Turn - Same Direction,2008,38.0,No,O: No Injury,Female,Passenger Car,No,36.413185,-80.01294,Wet,50 - 55  MPH,"Double Yellow Line, No Passing Zone",Rain,No,0,0,4
Yes,44.0,Yes,With Traffic,Unknown Injury,Female,Raleigh,Wake,Yes,Friday,Parallel Paths - Other Circumstances,20.0,January,Parallel Paths - Other / Unknown,2008,38.0,No,O: No Injury,Male,Passenger Car,No,35.776814,-78.61149,Dry,30 - 35  MPH,No Control Present,Clear,No,0,0,1
No,41.0,No,Not Applicable,O: No Injury,Male,Raleigh,Wake,No,Monday,Non-Roadway,17.0,January,Non-Roadway,2008,22.0,No,O: No Injury,Female,Passenger Car,No,35.83759,-78.678986,Dry,5 - 15 MPH,Flashing Signal With Stop Sign,Clear,No,0,0,1
No,26.0,No,Not Applicable,O: No Injury,Male,Raleigh,Wake,No,Monday,Non-Roadway,18.0,January,Non-Roadway,2008,56.0,No,O: No Injury,Female,Passenger Car,No,35.856937,-78.59354,Dry,5 - 15 MPH,Missing,Clear,No,0,0,1
Yes,40.0,No,With Traffic,B: Suspected Minor Injury,Male,Wilmington,New Hanover,No,Monday,Motorist Left Turn / Merge,7.0,January,Motorist Left Turn - Opposite Direction,2008,59.0,No,O: No Injury,Female,Passenger Car,No,34.194805,-77.93616,Dry,40 - 45  MPH,Stop And Go Signal,Clear,No,0,0,1
Yes,44.0,No,With Traffic,C: Possible Injury,Male,Wilmington,New Hanover,No,Tuesday,Bicyclist Overtaking Motorist,23.0,January,Bicyclist Overtaking - Parked Vehicle,2008,42.03850604944766,Missing,Unknown Injury,Unknown,Passenger Car,No,34.234974,-77.94871,Dry,20 - 25  MPH,Missing,Clear,No,1,0,1
Yes,18.0,No,With Traffic,O: No Injury,Male,Pembroke,Robeson,No,Thursday,Crossing Paths - Other Circumstances,16.0,April,Crossing Paths - Uncontrolled Intersection,2008,43.0,No,O: No Injury,Female,Passenger Car,No,34.678253,-79.1915,Wet,30 - 35  MPH,No Control Present,Clear,No,0,0,4
Yes,46.0,No,With Traffic,A: Suspected Serious Injury,Female,Fayetteville,Cumberland,No,Tuesday,Motorist Overtaking Bicyclist,6.0,March,Motorist Overtaking - Bicyclist Swerved,2008,47.0,No,O: No Injury,Male,"Single Unit Truck (2-Axle, 6-Tire)",No,35.064915,-79.03392,Dry,50 - 55  MPH,No Control Present,Clear,No,0,0,3
No,32.52649525389365,No,With Traffic,Unknown Injury,Unknown,Eden,Rockingham,No,Tuesday,Bicyclist Failed to Yield - Sign-Controlled Intersection,15.0,August,Bicyclist Ride Through - Sign-Controlled Intersection,2007,65.0,No,O: No Injury,Male,Passenger Car,No,36.498432,-79.76799,Dry,30 - 35  MPH,Stop Sign,Clear,No,0,1,8
Yes,16.0,No,With Traffic,C: Possible Injury,Male,Greensboro,Guilford,No,Sunday,Bicyclist Failed to Yield - Signalized Intersection,12.0,January,Bicyclist Failed to Clear - Trapped,2008,42.03850604944766,Missing,Unknown Injury,Unknown,Unknown,Yes,36.07167,-79.77804,Dry,Unknown,Stop And Go Signal,Clear,No,1,0,1
Yes,40.0,No,With Traffic,B: Suspected Minor Injury,Male,Fayetteville,Cumberland,No,Monday,Motorist Overtaking Bicyclist,14.0,January,Motorist Overtaking - Other / Unknown,2008,64.0,No,O: No Injury,Male,Sport Utility,No,35.034157,-79.02213,Dry,50 - 55  MPH,No Control Present,Clear,No,0,0,1
Yes,28.0,No,Facing Traffic,C: Possible Injury,Male,Goldsboro,Wayne,No,Monday,Crossing Paths - Other Circumstances,17.0,January,Signalized Intersection - Other / Unknown,2008,34.0,No,O: No Injury,Female,Sport Utility,No,35.401684,-77.98521,Dry,30 - 35  MPH,Stop And Go Signal,Clear,No,0,0,1
Yes,52.0,Yes,With Traffic,B: Suspected Minor Injury,Male,None - Rural Crash,Cumberland,Yes,Sunday,Loss of Control / Turning Error,19.0,January,Bicylist Lost Control - Alcohol / Drug Impairment,2008,56.0,No,O: No Injury,Male,Passenger Car,No,35.10798,-78.94066,Dry,30 - 35  MPH,"Double Yellow Line, No Passing Zone",Clear,No,0,0,1
No,9.0,No,Unknown,B: Suspected Minor Injury,Male,Charlotte,Mecklenburg,No,Wednesday,Loss of Control / Turning Error,17.0,April,Bicyclist Lost Control - Mechanical Problems,2008,43.0,No,O: No Injury,Female,Passenger Car,No,35.25367,-80.879,Dry,20 - 25  MPH,No Control Present,Clear,No,0,0,4
No,67.0,No,With Traffic,B: Suspected Minor Injury,Male,Pleasant Garden,Guilford,No,Tuesday,Motorist Overtaking Bicyclist,18.0,January,Motorist Overtaking - Undetected Bicyclist,2008,51.0,No,O: No Injury,Male,Passenger Car,No,35.96861,-79.76448,Wet,30 - 35  MPH,"Double Yellow Line, No Passing Zone",Rain,No,0,0,1
Yes,9.0,No,With Traffic,B: Suspected Minor Injury,Male,Eden,Rockingham,No,Monday,Motorist Overtaking Bicyclist,18.0,May,Motorist Overtaking - Bicyclist Swerved,2007,59.0,No,O: No Injury,Female,Sport Utility,No,36.50214,-79.77933,Dry,30 - 35  MPH,No Control Present,Clear,No,0,0,5
Yes,9.0,No,With Traffic,A: Suspected Serious Injury,Male,Charlotte,Mecklenburg,No,Saturday,Crossing Paths - Other Circumstances,18.0,March,Sign-Controlled Intersection - Other / Unknown,2008,24.0,No,O: No Injury,Female,Sport Utility,No,35.200592,-80.89023,Dry,30 - 35  MPH,No Control Present,Clear,No,0,0,3
Yes,18.0,No,With Traffic,C: Possible Injury,Male,Charlotte,Mecklenburg,No,Friday,Bicyclist Right Turn / Merge,15.0,April,Bicyclist Right Turn - Same Direction,2008,43.0,No,O: No Injury,Female,Passenger Car,No,35.26682,-80.85403,Dry,40 - 45  MPH,No Control Present,Cloudy,No,0,0,4
Yes,53.0,No,With Traffic,B: Suspected Minor Injury,Male,None - Rural Crash,Cleveland,No,Saturday,Motorist Overtaking Bicyclist,10.0,April,Motorist Overtaking - Misjudged Space,2008,50.0,No,O: No Injury,Male,Pickup,No,35.30456,-81.361244,Wet,50 - 55  MPH,No Control Present,Rain,No,0,0,4
Yes,13.0,No,With Traffic,B: Suspected Minor Injury,Male,Durham,Durham,No,Friday,Loss of Control / Turning Error,15.0,April,"Bicyclist Lost Control - Oversteering, Improper Braking, Speed",2008,16.0,No,O: No Injury,Female,Sport Utility,No,36.032753,-78.98155,Dry,30 - 35  MPH,Stop And Go Signal,Clear,No,0,0,4
Yes,41.0,No,With Traffic,C: Possible Injury,Male,None - Rural Crash,Cumberland,No,Friday,Motorist Overtaking Bicyclist,10.0,January,Motorist Overtaking - Misjudged Space,2008,33.0,No,O: No Injury,Female,Sport Utility,No,35.004036,-78.92364,Dry,40 - 45  MPH,"Double Yellow Line, No Passing Zone",Clear,No,0,0,1
No,41.0,No,With Traffic,C: Possible Injury,Male,None - Rural Crash,Davie,No,Saturday,Parallel Paths - Other Circumstances,11.0,January,Parallel Paths - Other / Unknown,2008,61.0,No,O: No Injury,Male,Police,No,35.98371,-80.5336,Dry,50 - 55  MPH,Missing,Clear,No,0,0,1
Yes,42.0,No,With Traffic,B: Suspected Minor Injury,Male,None - Rural Crash,Wilkes,No,Saturday,Motorist Overtaking Bicyclist,19.0,January,Motorist Overtaking - Misjudged Space,2008,27.0,No,O: No Injury,Female,Van,No,36.244934,-81.054855,Dry,50 - 55  MPH,"Double Yellow Line, No Passing Zone",Clear,No,0,0,1
No,33.0,No,With Traffic,C: Possible Injury,Male,Asheville,Buncombe,No,Saturday,Motorist Right Turn / Merge,13.0,January,Motorist Right Turn - Same Direction,2008,39.0,No,O: No Injury,Female,Passenger Car,No,35.50566,-82.52477,Dry,40 - 45  MPH,Stop And Go Signal,Clear,No,0,0,1
Yes,46.0,No,With Traffic,K: Killed,Male,Wesley Chapel,Union,No,Sunday,Head-On,15.0,January,Head-On - Motorist,2008,46.0,No,B: Suspected Minor Injury,Female,Van,No,34.977795,-80.72889,Dry,30 - 35  MPH,"Double Yellow Line, No Passing Zone",Clear,No,0,0,1
Yes,35.0,No,Facing Traffic,C: Possible Injury,Male,Greensboro,Guilford,No,Monday,Motorist Failed to Yield - Signalized Intersection,12.0,January,Motorist Drive Out - Right Turn on Red,2008,32.0,No,O: No Injury,Female,Passenger Car,No,36.091038,-79.81218,Dry,30 - 35  MPH,Stop And Go Signal,Clear,No,0,0,1
Yes,18.0,No,With Traffic,B: Suspected Minor Injury,Male,None - Rural Crash,New Hanover,No,Monday,Motorist Overtaking Bicyclist,0.0,January,Motorist Overtaking - Undetected Bicyclist,2008,21.0,No,O: No Injury,Male,Passenger Car,No,34.064217,-77.89822,Dry,40 - 45  MPH,Missing,Clear,No,0,0,1
No,69.0,No,With Traffic,C: Possible Injury,Male,Weaverville,Buncombe,No,Tuesday,Motorist Overtaking Bicyclist,16.0,January,Motorist Overtaking - Misjudged Space,2008,24.0,No,O: No Injury,Female,Passenger Car,No,35.688816,-82.56064,Dry,40 - 45  MPH,Missing,Cloudy,No,0,0,1
Yes,39.0,No,With Traffic,A: Suspected Serious Injury,Male,Wilmington,New Hanover,No,Tuesday,Motorist Overtaking Bicyclist,13.0,January,Motorist Overtaking - Misjudged Space,2008,46.0,No,O: No Injury,Male,"Single Unit Truck (2-Axle, 6-Tire)",No,34.258404,-77.83608,Dry,40 - 45  MPH,Missing,Clear,No,0,0,1
Yes,35.0,No,With Traffic,B: Suspected Minor Injury,Male,Hickory,Catawba,No,Tuesday,Motorist Right Turn / Merge,11.0,January,Motorist Right Turn - Same Direction,2008,27.0,No,O: No Injury,Female,Passenger Car,No,35.73643,-81.34433,Dry,5 - 15 MPH,No Control Present,Cloudy,No,0,0,1
Yes,29.0,No,With Traffic,B: Suspected Minor Injury,Male,Carrboro,Orange,No,Wednesday,Bicyclist Failed to Yield - Signalized Intersection,11.0,January,Bicyclist Failed to Clear - Multiple Threat,2008,52.0,No,O: No Injury,Female,Passenger Car,No,35.917637,-79.09426,Dry,40 - 45  MPH,Stop And Go Signal,Clear,No,0,0,1
Yes,42.0,No,With Traffic,B: Suspected Minor Injury,Female,Raleigh,Wake,No,Sunday,Motorist Right Turn / Merge,14.0,January,Motorist Right Turn - Same Direction,2008,22.0,No,O: No Injury,Female,Passenger Car,No,35.79033,-78.67915,Dry,30 - 35  MPH,Stop And Go Signal,Clear,No,0,0,1
Yes,29.0,No,With Traffic,C: Possible Injury,Male,Morganton,Burke,No,Thursday,Motorist Failed to Yield - Midblock,20.0,January,Motorist Drive Out - Midblock - Unknown,2008,37.0,No,O: No Injury,Male,Passenger Car,No,35.738064,-81.692245,Wet,30 - 35  MPH,No Control Present,Rain,No,0,0,1
Yes,50.0,Yes,With Traffic,C: Possible Injury,Male,None - Rural Crash,Vance,Yes,Friday,Motorist Overtaking Bicyclist,18.0,February,Motorist Overtaking - Bicyclist Swerved,2008,62.0,No,O: No Injury,Male,Pickup,No,36.36821,-78.372734,Dry,50 - 55  MPH,Missing,Clear,No,0,0,2
No,33.0,No,With Traffic,O: No Injury,Male,Charlotte,Mecklenburg,No,Wednesday,Motorist Overtaking Bicyclist,16.0,April,Motorist Overtaking - Other / Unknown,2008,42.03850604944766,Missing,Unknown Injury,Unknown,Passenger Car,Yes,35.23,-80.79608,Dry,20 - 25  MPH,No Control Present,Clear,No,1,0,4
Yes,40.0,No,With Traffic,C: Possible Injury,Male,Greensboro,Guilford,No,Sunday,Motorist Overtaking Bicyclist,0.0,November,Motorist Overtaking - Bicyclist Swerved,2007,42.03850604944766,Missing,Unknown Injury,Unknown,Unknown,Yes,36.06206,-79.8157,Dry,Unknown,No Control Present,Cloudy,No,1,0,11
No,38.0,No,With Traffic,C: Possible Injury,Male,Greensboro,Guilford,No,Tuesday,Loss of Control / Turning Error,16.0,September,Bicyclist Turning Error - Left Turn,2007,16.0,No,O: No Injury,Female,Passenger Car,No,36.068115,-79.79774,Dry,30 - 35  MPH,Stop Sign,Clear,No,0,0,9
No,13.0,No,Facing Traffic,C: Possible Injury,Male,Raleigh,Wake,No,Friday,Motorist Failed to Yield - Sign-Controlled Intersection,20.0,February,Motorist Drive Out - Sign-Controlled Intersection,2008,39.0,No,O: No Injury,Male,Sport Utility,No,35.81035,-78.54977,Dry,20 - 25  MPH,Stop Sign,Clear,No,0,0,2
No,12.0,No,Not Applicable,B: Suspected Minor Injury,Male,Wilson,Wilson,No,Friday,Non-Roadway,17.0,February,Non-Roadway,2008,36.0,No,O: No Injury,Female,Passenger Car,No,35.738056,-77.95425,Wet,30 - 35  MPH,Stop And Go Signal,Clear,No,0,0,2
No,51.0,Yes,With Traffic,C: Possible Injury,Male,Spencer,Rowan,Yes,Saturday,Motorist Failed to Yield - Midblock,12.0,February,Motorist Drive Out - Commercial Driveway / Alley,2008,69.0,No,O: No Injury,Female,Passenger Car,No,35.6965,-80.42041,Dry,Unknown,Missing,Clear,No,0,0,2
Yes,30.0,Yes,With Traffic,B: Suspected Minor Injury,Male,Carrboro,Orange,Yes,Friday,Motorist Left Turn / Merge,22.0,February,Motorist Left Turn - Opposite Direction,2008,43.0,No,O: No Injury,Male,Passenger Car,No,35.912315,-79.07794,Dry,20 - 25  MPH,Stop Sign,Clear,No,0,0,2
Yes,41.0,No,With Traffic,C: Possible Injury,Male,Wrightsville Beach,New Hanover,No,Saturday,Crossing Paths - Other Circumstances,10.0,February,Sign-Controlled Intersection - Other / Unknown,2008,18.0,No,O: No Injury,Male,Passenger Car,No,34.210087,-77.79435,Dry,20 - 25  MPH,No Control Present,Clear,No,0,0,2
No,8.0,No,Not Applicable,O: No Injury,Male,Chadbourn,Columbus,No,Saturday,Bicyclist Failed to Yield - Midblock,14.0,February,Bicyclist Ride Out - Other Midblock,2008,19.0,No,O: No Injury,Male,Pickup,No,34.32574,-78.821304,Dry,20 - 25  MPH,No Control Present,Clear,No,0,0,2