AmbulanceR,BikeAge,BikeAlcFlg,BikeDir,BikeInjury,BikeSex,City,County,CrashAlcoh,CrashDay,CrashGrp,CrashHour,CrashMonth,CrashType,CrashYear,DrvrAge,DrvrAlcFlg,DrvrInjury,DrvrSex,DrvrVehTyp,HitRun,Latitude,Longitude,RdConditio,SpeedLimit,TraffCntrl,Weather,Workzone,DrvrAgeImputedFlag,BikeAgeImputedFlag,MonthCode
Yes,56.0,Yes,With Traffic,C: Possible Injury,Male,Morehead City,Carteret,Yes,Sunday,Bicyclist Left Turn / Merge,18.0,February,Bicyclist Left Turn - Same Direction,2008,67.0,No,O: No Injury,Male,Pickup,No,34.736965,-76.80184,Dry,40 - 45  MPH,No Control Present,Clear,No,0,0,2
No,13.0,No,With Traffic,O: No Injury,Male,None - Rural Crash,New Hanover,No,Monday,Bicyclist Failed to Yield - Sign-Controlled Intersection,10.0,February,Bicyclist Ride Through - Sign-Controlled Intersection,2008,56.0,No,O: No Injury,Female,Sport Utility,No,34.27408,-77.88417,Unknown,30 - 35  MPH,Stop Sign,Other,No,0,0,2
No,43.0,No,With Traffic,B: Suspected Minor Injury,Male,Chapel Hill,Orange,No,Monday,Motorist Right Turn / Merge,13.0,February,Motorist Right Turn - Same Direction,2008,19.0,No,O: No Injury,Male,Passenger Car,No,35.89159,-79.06444,Dry,30 - 35  MPH,Stop Sign,Clear,No,0,0,2
Yes,17.0,No,With Traffic,B: Suspected Minor Injury,Male,None - Rural Crash,Richmond,No,Monday,Motorist Overtaking Bicyclist,14.0,February,Motorist Overtaking - Other / Unknown,2008,42.03850604944766,Missing,Unknown Injury,Unknown,Unknown,Yes,34.907845,-79.76467,Wet,40 - 45  MPH,"Double Yellow Line, No Passing Zone",Cloudy,No,1,0,2
Yes,46.0,No,With Traffic,Unknown Injury,Female,Kenly,Johnston,No,Tuesday,Bicyclist Left Turn / Merge,16.0,April,Bicyclist Left Turn - Same Direction,2008,31.0,No,O: No Injury,Female,Passenger Car,No,35.594433,-78.12233,Dry,30 - 35  MPH,No Control Present,Clear,No,0,0,4
No,38.0,Yes,With Traffic,C: Possible Injury,Male,Bayboro,Pamlico,Yes,Wednesday,Bicyclist Left Turn / Merge,20.0,April,Bicyclist Left Turn - Opposite Direction,2008,64.0,No,O: No Injury,Male,Van,No,35.143955,-76.78649,Dry,30 - 35  MPH,No Control Present,Clear,No,0,0,4
Yes,45.0,No,Facing Traffic,B: Suspected Minor Injury,Male,Cary,Wake,No,Saturday,Motorist Failed to Yield - Sign-Controlled Intersection,9.0,April,Motorist Drive Out - Sign-Controlled Intersection,2008,25.0,No,O: No Injury,Female,Passenger Car,No,35.722847,-78.77982,Dry,20 - 25  MPH,Stop Sign,Clear,Yes,0,0,4
No,33.0,No,Unknown,C: Possible Injury,Male,Greensboro,Guilford,No,Thursday,Other / Unknown - Insufficient Details,17.0,February,Unknown Approach Paths,2008,22.0,No,O: No Injury,Female,Passenger Car,No,36.070076,-79.78707,Dry,20 - 25  MPH,Stop Sign,Clear,No,0,0,2
No,19.0,No,With Traffic,C: Possible Injury,Male,Fayetteville,Cumberland,No,Wednesday,Bicyclist Left Turn / Merge,7.0,February,Bicyclist Left Turn - Same Direction,2008,27.0,No,O: No Injury,Female,Passenger Car,No,35.06003,-79.0162,Dry,40 - 45  MPH,Missing,Clear,No,0,0,2
No,16.0,No,Facing Traffic,A: Suspected Serious Injury,Male,Winston-Salem,Forsyth,No,Wednesday,Bicyclist Failed to Yield - Sign-Controlled Intersection,19.0,February,Bicyclist Ride Out - Sign-Controlled Intersection,2008,43.0,No,O: No Injury,Female,Passenger Car,No,36.123325,-80.24497,"Water (Standing, Moving)",30 - 35  MPH,Stop Sign,Rain,No,0,0,2
No,18.0,No,Facing Traffic,C: Possible Injury,Male,Fayetteville,Cumberland,No,Thursday,Bicyclist Failed to Yield - Signalized Intersection,21.0,February,Bicyclist Failed to Clear - Trapped,2008,57.0,No,Unknown Injury,Female,Passenger Car,No,35.09328,-78.95522,Dry,40 - 45  MPH,Stop And Go Signal,Clear,No,0,0,2
No,26.0,No,With Traffic,C: Possible Injury,Male,Boone,Watauga,No,Tuesday,Bicyclist Failed to Yield - Signalized Intersection,16.0,February,Bicyclist Ride Through - Signalized Intersection,2008,43.0,No,O: No Injury,Female,Sport Utility,No,36.203808,-81.6669,Dry,30 - 35  MPH,Stop And Go Signal,Clear,No,0,0,2
Yes,24.0,No,With Traffic,B: Suspected Minor Injury,Male,None - Rural Crash,Caldwell,No,Thursday,Motorist Overtaking Bicyclist,15.0,February,Motorist Overtaking - Other / Unknown,2008,42.03850604944766,Missing,Unknown Injury,Unknown,Unknown,Yes,35.8529,-81.46995,Dry,30 - 35  MPH,"Double Yellow Line, No Passing Zone",Clear,No,1,0,2
Yes,67.0,No,Facing Traffic,B: Suspected Minor Injury,Male,Hickory,Catawba,No,Thursday,Motorist Failed to Yield - Sign-Controlled Intersection,7.0,February,Motorist Drive Out - Sign-Controlled Intersection,2008,64.0,No,O: No Injury,Male,Passenger Car,No,35.759403,-81.334816,Dry,30 - 35  MPH,Stop Sign,Clear,No,0,0,2
Yes,51.0,Yes,Facing Traffic,C: Possible Injury,Male,Gastonia,Gaston,Yes,Friday,Motorist Right Turn / Merge,16.0,February,Motorist Right Turn - Opposite Direction,2008,42.03850604944766,Missing,Unknown Injury,Unknown,Passenger Car,Yes,35.23391,-81.194,Dry,30 - 35  MPH,Stop And Go Signal,Clear,No,1,0,2
No,52.0,No,Facing Traffic,B: Suspected Minor Injury,Male,High Point,Guilford,No,Saturday,Motorist Failed to Yield - Midblock,13.0,February,Motorist Drive Out - Commercial Driveway / Alley,2008,38.0,No,O: No Injury,Male,Passenger Car,No,35.979897,-80.021484,Dry,5 - 15 MPH,No Control Present,Clear,No,0,0,2
No,31.0,No,Facing Traffic,O: No Injury,Male,Charlotte,Mecklenburg,No,Tuesday,Motorist Failed to Yield - Sign-Controlled Intersection,20.0,April,Motorist Drive Out - Sign-Controlled Intersection,2008,41.0,No,O: No Injury,Male,Passenger Car,No,35.22685,-80.83473,Dry,20 - 25  MPH,Stop Sign,Clear,No,0,0,4
Yes,40.0,No,Facing Traffic,C: Possible Injury,Male,Charlotte,Mecklenburg,No,Tuesday,Crossing Paths - Other Circumstances,20.0,April,Signalized Intersection - Other / Unknown,2008,40.0,No,Unknown Injury,Unknown,Sport Utility,Yes,35.21146,-80.69149,Dry,40 - 45  MPH,Stop And Go Signal,Cloudy,No,0,0,4
Yes,30.0,Yes,With Traffic,C: Possible Injury,Male,None - Rural Crash,Pitt,Yes,Tuesday,Motorist Overtaking Bicyclist,21.0,April,Motorist Overtaking - Other / Unknown,2008,42.03850604944766,Missing,Unknown Injury,Unknown,Unknown,Yes,35.5798,-77.31629,Dry,40 - 45  MPH,"Double Yellow Line, No Passing Zone",Cloudy,No,1,0,4
Yes,16.0,No,Facing Traffic,C: Possible Injury,Male,High Point,Guilford,No,Sunday,Motorist Failed to Yield - Sign-Controlled Intersection,17.0,February,Motorist Drive Out - Sign-Controlled Intersection,2008,24.0,No,O: No Injury,Male,Sport Utility,No,35.9539,-79.99296,Dry,30 - 35  MPH,Stop Sign,Clear,No,0,0,2
No,19.0,No,Facing Traffic,C: Possible Injury,Male,Kings Mountain,Cleveland,No,Friday,Motorist Left Turn / Merge,17.0,February,Motorist Left Turn - Same Direction,2008,49.0,No,O: No Injury,Male,Sport Utility,No,35.239635,-81.344345,Dry,30 - 35  MPH,No Control Present,Clear,No,0,0,2
Yes,29.0,No,With Traffic,A: Suspected Serious Injury,Male,None - Rural Crash,Brunswick,No,Thursday,Motorist Overtaking Bicyclist,16.0,April,Motorist Overtaking - Misjudged Space,2008,48.0,No,O: No Injury,Male,Pickup,No,33.98,-78.0318,Dry,50 - 55  MPH,"Double Yellow Line, No Passing Zone",Clear,No,0,0,4
No,47.0,No,With Traffic,O: No Injury,Female,None - Rural Crash,Orange,No,Friday,Motorist Overtaking Bicyclist,13.0,February,Motorist Overtaking - Misjudged Space,2008,42.03850604944766,Missing,Unknown Injury,Unknown,Unknown,Yes,36.057796,-79.00305,Dry,40 - 45  MPH,Missing,Clear,No,1,0,2
Yes,49.0,No,With Traffic,C: Possible Injury,Male,Elizabeth City,Pasquotank,No,Friday,Bicyclist Left Turn / Merge,14.0,February,Bicyclist Left Turn - Opposite Direction,2008,31.0,No,O: No Injury,Female,Passenger Car,No,36.27974,-76.21739,Wet,50 - 55  MPH,Stop And Go Signal,Cloudy,No,0,0,2
Yes,52.0,No,With Traffic,B: Suspected Minor Injury,Male,None - Rural Crash,Wilson,No,Friday,Motorist Overtaking Bicyclist,6.0,February,Motorist Overtaking - Undetected Bicyclist,2008,41.0,No,O: No Injury,Male,Pickup,No,35.677822,-77.95361,Dry,40 - 45  MPH,No Control Present,Clear,No,0,0,2
No,48.0,No,Facing Traffic,C: Possible Injury,Male,Fayetteville,Cumberland,No,Saturday,Head-On,10.0,February,Head-On - Bicyclist,2008,35.0,No,O: No Injury,Female,Sport Utility,No,35.090126,-78.98282,Dry,40 - 45  MPH,Stop And Go Signal,Clear,No,0,0,2
No,37.0,No,With Traffic,O: No Injury,Male,Charlotte,Mecklenburg,No,Wednesday,Motorist Right Turn / Merge,19.0,April,Motorist Right Turn - Same Direction,2008,42.03850604944766,No,Unknown Injury,Male,Passenger Car,Yes,35.272247,-80.8545,Dry,Unknown,Stop And Go Signal,Clear,No,1,0,4
No,32.0,No,Facing Traffic,B: Suspected Minor Injury,Male,Wilmington,New Hanover,No,Saturday,Bicyclist Failed to Yield - Signalized Intersection,8.0,February,Bicyclist Ride Through - Signalized Intersection,2008,46.0,No,O: No Injury,Female,Passenger Car,No,34.23839,-77.91517,Dry,30 - 35  MPH,Stop And Go Signal,Clear,No,0,0,2
No,29.0,No,Facing Traffic,C: Possible Injury,Male,Raleigh,Wake,No,Wednesday,Bicyclist Failed to Yield - Signalized Intersection,21.0,February,Bicyclist Ride Through - Signalized Intersection,2008,19.0,No,O: No Injury,Female,Sport Utility,No,35.769035,-78.69122,Wet,30 - 35  MPH,Stop And Go Signal,Rain,No,0,0,2
Yes,43.0,No,With Traffic,B: Suspected Minor Injury,Male,Wilmington,New Hanover,No,Monday,Motorist Overtaking Bicyclist,6.0,February,Motorist Overtaking - Undetected Bicyclist,2008,47.0,No,O: No Injury,Female,Passenger Car,No,34.260082,-77.8264,Wet,40 - 45  MPH,No Control Present,Rain,No,0,0,2
Yes,26.0,No,With Traffic,B: Suspected Minor Injury,Male,Durham,Durham,No,Tuesday,Motorist Overtaking Bicyclist,19.0,February,Motorist Overtaking - Other / Unknown,2008,42.03850604944766,Missing,Unknown Injury,Unknown,Unknown,Yes,35.988956,-78.98878,Dry,40 - 45  MPH,"Double Yellow Line, No Passing Zone",Clear,No,1,0,2
No,10.0,No,With Traffic,O: No Injury,Male,None - Rural Crash,Brunswick,No,Tuesday,Bicyclist Left Turn / Merge,18.0,February,Bicyclist Left Turn - Same Direction,2008,62.0,No,O: No Injury,Female,Passenger Car,No,34.01132,-78.1338,Dry,Unknown,Missing,Clear,No,0,0,2
No,47.0,No,Unknown,B: Suspected Minor Injury,Male,Fayetteville,Cumberland,No,Friday,Other / Unknown - Insufficient Details,15.0,February,Unknown Approach Paths,2008,39.0,No,O: No Injury,Male,Unknown Heavy Truck,No,35.0969,-78.91583,Dry,Unknown,Missing,Cloudy,No,0,0,2
No,55.0,No,Facing Traffic,B: Suspected Minor Injury,Male,Greensboro,Guilford,No,Friday,Bicyclist Failed to Yield - Signalized Intersection,1.0,February,Bicyclist Ride Through - Signalized Intersection,2008,25.0,No,O: No Injury,Male,Passenger Car,No,36.0335,-79.801056,Wet,30 - 35  MPH,Stop And Go Signal,Rain,No,0,0,2
No,42.0,No,With Traffic,C: Possible Injury,Female,Fayetteville,Cumberland,No,Wednesday,Motorist Failed to Yield - Sign-Controlled Intersection,16.0,April,Motorist Drive Out - Sign-Controlled Intersection,2008,18.0,No,O: No Injury,Male,Sport Utility,No,35.063988,-78.912,Dry,30 - 35  MPH,Stop Sign,Clear,No,0,0,4
Yes,22.0,Yes,With Traffic,B: Suspected Minor Injury,Female,Kinston,Lenoir,Yes,Tuesday,Bicyclist Failed to Yield - Sign-Controlled Intersection,23.0,April,Bicyclist Ride Through - Sign-Controlled Intersection,2008,57.0,No,O: No Injury,Female,Van,No,35.270927,-77.57572,Dry,30 - 35  MPH,Stop Sign,Clear,No,0,0,4
Yes,15.0,No,With Traffic,B: Suspected Minor Injury,Male,None - Rural Crash,Wayne,No,Sunday,Motorist Overtaking Bicyclist,14.0,February,Motorist Overtaking - Bicyclist Swerved,2008,36.0,No,O: No Injury,Male,Passenger Car,No,35.302376,-77.89081,Dry,50 - 55  MPH,No Control Present,Clear,No,0,0,2
Yes,38.0,No,With Traffic,C: Possible Injury,Male,Charlotte,Mecklenburg,No,Wednesday,Motorist Right Turn / Merge,17.0,April,Motorist Right Turn - Same Direction,2008,43.0,No,O: No Injury,Male,Van,No,35.116547,-80.85624,Dry,30 - 35  MPH,No Control Present,Clear,No,0,0,4
No,28.0,No,Facing Traffic,C: Possible Injury,Male,Gastonia,Gaston,No,Monday,Motorist Failed to Yield - Midblock,14.0,February,Motorist Drive Out - Commercial Driveway / Alley,2008,52.0,No,O: No Injury,Female,Passenger Car,No,35.288593,-81.15445,Dry,Unknown,Missing,Clear,No,0,0,2
Yes,23.0,No,Not Applicable,C: Possible Injury,Male,Jacksonville,Onslow,No,Wednesday,Bicyclist Failed to Yield - Midblock,16.0,February,Bicyclist Ride Out - Other Midblock,2008,47.0,No,O: No Injury,Female,Sport Utility,No,34.76247,-77.40098,Dry,30 - 35  MPH,No Control Present,Clear,No,0,0,2
Yes,30.0,No,Facing Traffic,B: Suspected Minor Injury,Female,Charlotte,Mecklenburg,No,Thursday,Head-On,15.0,May,Head-On - Bicyclist,2008,36.0,No,O: No Injury,Female,Passenger Car,No,35.098454,-80.957054,Dry,40 - 45  MPH,No Control Present,Clear,No,0,0,5
No,13.0,No,With Traffic,B: Suspected Minor Injury,Male,None - Rural Crash,Johnston,No,Wednesday,Bicyclist Left Turn / Merge,17.0,February,Bicyclist Left Turn - Same Direction,2008,62.0,No,O: No Injury,Male,Passenger Car,No,35.49984,-78.16622,Dry,50 - 55  MPH,"Double Yellow Line, No Passing Zone",Clear,No,0,0,2
No,13.0,No,Facing Traffic,C: Possible Injury,Male,None - Rural Crash,Robeson,No,Friday,Bicyclist Right Turn / Merge,15.0,February,Bicyclist Right Turn - Same Direction,2008,21.0,No,O: No Injury,Male,Passenger Car,No,34.750916,-79.31184,Dry,50 - 55  MPH,No Control Present,Clear,No,0,0,2
Yes,21.0,No,With Traffic,C: Possible Injury,Female,Charlotte,Mecklenburg,No,Friday,Bicyclist Overtaking Motorist,18.0,May,Bicyclist Overtaking - Other / Unknown,2008,44.0,No,O: No Injury,Female,Van,No,35.194763,-80.83652,Dry,20 - 25  MPH,Stop And Go Signal,Clear,No,0,0,5
Yes,13.0,No,Unknown,C: Possible Injury,Male,None - Rural Crash,Moore,No,Sunday,Other / Unknown - Insufficient Details,15.0,May,Unknown Approach Paths,2008,23.0,No,O: No Injury,Female,Sport Utility,No,35.126823,-79.46554,Dry,20 - 25  MPH,No Control Present,Clear,No,0,0,5
No,19.0,No,With Traffic,C: Possible Injury,Male,Goldsboro,Wayne,No,Saturday,Bicyclist Overtaking Motorist,15.0,March,Bicyclist Overtaking - Passing on Right,2008,61.0,No,O: No Injury,Female,Passenger Car,No,35.377644,-77.93744,Dry,30 - 35  MPH,Stop And Go Signal,Clear,No,0,0,3
Yes,25.0,No,Facing Traffic,C: Possible Injury,Male,Greensboro,Guilford,No,Sunday,Bicyclist Failed to Yield - Signalized Intersection,13.0,March,Bicyclist Ride Through - Signalized Intersection,2008,21.0,No,O: No Injury,Female,Passenger Car,No,36.072678,-79.770386,Dry,30 - 35  MPH,Stop And Go Signal,Clear,No,0,0,3
No,9.0,No,Not Applicable,B: Suspected Minor Injury,Male,Burlington,Alamance,No,Monday,Non-Roadway,16.0,March,Non-Roadway,2008,43.0,No,O: No Injury,Male,Passenger Car,No,36.11172,-79.418724,Dry,5 - 15 MPH,No Control Present,Clear,No,0,0,3
No,9.0,No,Not Applicable,C: Possible Injury,Male,Cary,Wake,No,Saturday,Non-Roadway,17.0,May,Non-Roadway,2008,42.03850604944766,Missing,Unknown Injury,Unknown,Passenger Car,No,35.788254,-78.85388,Dry,5 - 15 MPH,No Control Present,Clear,No,1,0,5
No,15.0,No,Unknown,O: No Injury,Male,Grantsboro,Pamlico,No,Sunday,Other / Unknown - Insufficient Details,15.0,March,Unknown Approach Paths,2008,49.0,No,O: No Injury,Female,Passenger Car,No,35.1404,-76.84333,Dry,40 - 45  MPH,"Double Yellow Line, No Passing Zone",Clear,No,0,0,3
Yes,18.0,No,With Traffic,C: Possible Injury,Female,None - Rural Crash,Forsyth,No,Monday,Bicyclist Left Turn / Merge,14.0,March,Bicyclist Left Turn - Same Direction,2008,35.0,No,O: No Injury,Male,Passenger Car,No,36.04333,-80.115974,Dry,40 - 45  MPH,"Double Yellow Line, No Passing Zone",Clear,No,0,0,3
Yes,17.0,No,With Traffic,C: Possible Injury,Male,None - Rural Crash,Halifax,No,Monday,Bicyclist Left Turn / Merge,17.0,March,Bicyclist Left Turn - Same Direction,2008,46.0,No,O: No Injury,Female,Passenger Car,No,36.203197,-77.41752,Dry,50 - 55  MPH,Missing,Clear,No,0,0,3
Yes,8.0,No,Not Applicable,C: Possible Injury,Female,Greensboro,Guilford,No,Monday,Non-Roadway,18.0,March,Non-Roadway,2008,42.03850604944766,No,Unknown Injury,Unknown,Unknown,Yes,36.120296,-79.81931,Dry,Unknown,Missing,Clear,No,1,0,3
No,51.0,No,Facing Traffic,C: Possible Injury,Male,Wilmington,New Hanover,No,Tuesday,Motorist Failed to Yield - Sign-Controlled Intersection,16.0,March,Motorist Drive Out - Sign-Controlled Intersection,2008,47.0,No,O: No Injury,Male,Van,No,34.237755,-77.91925,Dry,30 - 35  MPH,Stop Sign,Cloudy,No,0,0,3
Yes,32.52649525389365,No,With Traffic,C: Possible Injury,Male,Asheville,Buncombe,No,Wednesday,Head-On,14.0,March,Head-On - Unknown,2008,53.0,No,O: No Injury,Female,Passenger Car,No,35.613346,-82.537964,Dry,20 - 25  MPH,No Control Present,Clear,No,0,1,3
No,28.0,No,Facing Traffic,B: Suspected Minor Injury,Male,Greensboro,Guilford,No,Wednesday,Motorist Failed to Yield - Sign-Controlled Intersection,17.0,March,Motorist Drive Out - Sign-Controlled Intersection,2008,42.03850604944766,Missing,Unknown Injury,Unknown,Unknown,Yes,36.13158,-79.796486,Dry,Unknown,Stop Sign,Clear,No,1,0,3
No,18.0,No,Unknown,B: Suspected Minor Injury,Male,Wilmington,New Hanover,No,Tuesday,Non-Roadway,12.0,June,Non-Roadway,2007,66.0,No,O: No Injury,Female,Sport Utility,No,34.243984,-77.87429,Dry,5 - 15 MPH,No Control Present,Clear,No,0,0,6
Yes,65.0,No,With Traffic,A: Suspected Serious Injury,Male,Chapel Hill,Orange,No,Thursday,Bicyclist Left Turn / Merge,17.0,March,Bicyclist Left Turn - Same Direction,2008,65.0,No,O: No Injury,Female,Passenger Car,No,35.9376,-79.05658,Dry,30 - 35  MPH,No Control Present,Clear,No,0,0,3
Yes,65.0,No,Not Applicable,B: Suspected Minor Injury,Male,High Point,Guilford,No,Thursday,Non-Roadway,13.0,March,Non-Roadway,2008,45.0,No,O: No Injury,Male,Van,No,35.955776,-79.99684,Dry,Unknown,Missing,Clear,No,0,0,3
Yes,43.0,Yes,With Traffic,A: Suspected Serious Injury,Male,Rocky Mount,Nash,Yes,Friday,Motorist Overtaking Bicyclist,20.0,March,Motorist Overtaking - Other / Unknown,2008,42.03850604944766,Missing,Unknown Injury,Unknown,Unknown,Yes,35.931232,-77.81281,Wet,40 - 45  MPH,Stop Sign,Rain,No,1,0,3
Yes,13.0,No,With Traffic,B: Suspected Minor Injury,Female,Kitty Hawk,Dare,No,Saturday,Bicyclist Failed to Yield - Signalized Intersection,11.0,March,Bicyclist Ride Through - Signalized Intersection,2008,31.0,No,O: No Injury,Male,Pickup,No,36.098377,-75.723,Wet,50 - 55  MPH,Stop And Go Signal,Rain,No,0,0,3
No,18.0,No,With Traffic,B: Suspected Minor Injury,Male,None - Rural Crash,Halifax,No,Sunday,Bicyclist Left Turn / Merge,12.0,March,Bicyclist Left Turn - Same Direction,2008,28.0,No,O: No Injury,Male,Sport Utility,No,36.454468,-77.735855,Dry,Unknown,"Double Yellow Line, No Passing Zone",Clear,No,0,0,3
Yes,14.0,No,With Traffic,B: Suspected Minor Injury,Male,None - Rural Crash,Wilson,No,Sunday,Loss of Control / Turning Error,18.0,March,Bicyclist Turning Error - Left Turn,2008,20.0,No,O: No Injury,Male,Passenger Car,No,35.726196,-77.84117,Dry,20 - 25  MPH,Stop Sign,Cloudy,No,0,0,3
Yes,40.0,Yes,Facing Traffic,B: Suspected Minor Injury,Male,Greensboro,Guilford,Yes,Sunday,Bicyclist Right Turn / Merge,0.0,March,Bicyclist Right Turn - Same Direction,2008,42.0,No,O: No Injury,Female,Passenger Car,No,36.087418,-79.763596,Dry,40 - 45  MPH,Missing,Clear,No,0,0,3
Yes,69.0,No,Facing Traffic,B: Suspected Minor Injury,Male,Gastonia,Gaston,No,Tuesday,Loss of Control / Turning Error,16.0,March,"Motorist Lost Control - Oversteering, Improper Braking, Speed",2008,16.0,No,O: No Injury,Male,Passenger Car,No,35.278526,-81.20866,Dry,30 - 35  MPH,Missing,Cloudy,No,0,0,3
Yes,12.0,No,Facing Traffic,B: Suspected Minor Injury,Male,Chapel Hill,Orange,No,Tuesday,Motorist Failed to Yield - Sign-Controlled Intersection,15.0,March,Motorist Drive Out - Sign-Controlled Intersection,2008,49.0,No,O: No Injury,Male,Passenger Car,No,35.93613,-79.03554,Dry,20 - 25  MPH,Stop Sign,Clear,No,0,0,3
No,15.0,No,With Traffic,C: Possible Injury,Male,None - Rural Crash,Transylvania,No,Tuesday,Bicyclist Left Turn / Merge,17.0,March,Bicyclist Left Turn - Opposite Direction,2008,52.0,No,O: No Injury,Female,Sport Utility,No,35.2726,-82.70041,Dry,40 - 45  MPH,"Double Yellow Line, No Passing Zone",Clear,No,0,0,3
Yes,48.0,No,Facing Traffic,B: Suspected Minor Injury,Male,Huntersville,Mecklenburg,No,Tuesday,Motorist Failed to Yield - Sign-Controlled Intersection,15.0,March,Motorist Drive Out - Sign-Controlled Intersection,2008,55.0,No,O: No Injury,Male,Passenger Car,No,35.441795,-80.857376,Dry,40 - 45  MPH,"Double Yellow Line, No Passing Zone",Clear,No,0,0,3
Yes,60.0,No,With Traffic,O: No Injury,Male,Asheville,Buncombe,No,Wednesday,Loss of Control / Turning Error,8.0,March,Motorist Lost Control - Other / Unknown,2008,45.0,No,B: Suspected Minor Injury,Male,Pickup,No,35.532116,-82.518555,Dry,40 - 45  MPH,"Double Yellow Line, No Passing Zone",Cloudy,No,0,0,3
No,49.0,No,Facing Traffic,B: Suspected Minor Injury,Male,Winston-Salem,Forsyth,No,Thursday,Motorist Failed to Yield - Sign-Controlled Intersection,7.0,March,Motorist Drive Out - Sign-Controlled Intersection,2008,45.0,No,O: No Injury,Female,Sport Utility,No,36.146656,-80.25875,Dry,30 - 35  MPH,Stop Sign,Clear,No,0,0,3
Yes,17.0,No,With Traffic,B: Suspected Minor Injury,Male,Raleigh,Wake,No,Saturday,Bicyclist Failed to Yield - Sign-Controlled Intersection,23.0,January,Bicyclist Ride Through - Sign-Controlled Intersection,2008,50.0,No,O: No Injury,Female,Passenger Car,No,35.752598,-78.62045,Dry,30 - 35  MPH,Stop Sign,Clear,No,0,0,1
Yes,13.0,No,Not Applicable,B: Suspected Minor Injury,Male,Charlotte,Mecklenburg,No,Wednesday,Bicyclist Failed to Yield - Midblock,17.0,May,Bicyclist Ride Out - Other Midblock,2008,21.0,No,O: No Injury,Female,Passenger Car,No,35.252983,-80.75008,Dry,20 - 25  MPH,No Control Present,Clear,No,0,0,5
No,10.0,No,Facing Traffic,B: Suspected Minor Injury,Female,Charlotte,Mecklenburg,No,Friday,Motorist Failed to Yield - Signalized Intersection,15.0,May,Motorist Drive Out - Right Turn on Red,2008,28.0,No,O: No Injury,Male,Passenger Car,No,35.117237,-80.95737,Dry,30 - 35  MPH,Stop And Go Signal,Clear,No,0,0,5
Yes,30.0,No,Facing Traffic,C: Possible Injury,Male,Charlotte,Mecklenburg,No,Saturday,Motorist Failed to Yield - Sign-Controlled Intersection,11.0,May,Motorist Drive Out - Sign-Controlled Intersection,2008,42.0,No,O: No Injury,Female,Van,No,35.260372,-80.85527,Dry,20 - 25  MPH,Stop Sign,Clear,No,0,0,5
Yes,42.0,No,Facing Traffic,A: Suspected Serious Injury,Male,Raleigh,Wake,No,Tuesday,Parallel Paths - Other Circumstances,7.0,March,Bicyclist Ride Out - Parallel Path,2008,41.0,No,C: Possible Injury,Female,Passenger Car,No,35.77937,-78.666435,Dry,30 - 35  MPH,No Control Present,Clear,No,0,0,3
Yes,5.0,No,With Traffic,C: Possible Injury,Male,Salisbury,Rowan,No,Friday,Bicyclist Failed to Yield - Sign-Controlled Intersection,18.0,May,Bicyclist Ride Through - Sign-Controlled Intersection,2008,52.0,No,O: No Injury,Female,Passenger Car,No,35.6769,-80.47437,Dry,20 - 25  MPH,Stop Sign,Clear,No,0,0,5
Yes,24.0,No,Facing Traffic,B: Suspected Minor Injury,Male,Raleigh,Wake,No,Friday,Crossing Paths - Other Circumstances,18.0,March,Signalized Intersection - Other / Unknown,2008,48.0,No,B: Suspected Minor Injury,Male,Passenger Car,No,35.819843,-78.62385,Dry,40 - 45  MPH,Stop And Go Signal,Clear,No,0,0,3
Yes,64.0,No,Facing Traffic,O: No Injury,Male,None - Rural Crash,Richmond,Yes,Wednesday,Bicyclist Right Turn / Merge,20.0,March,Bicyclist Right Turn - Same Direction,2008,49.0,Yes,A: Suspected Serious Injury,Female,Pedalcycle,No,34.897293,-79.78017,Dry,Unknown,"Double Yellow Line, No Passing Zone",Clear,No,0,0,3
Yes,49.0,No,With Traffic,K: Killed,Male,Wilmington,New Hanover,No,Thursday,Bicyclist Left Turn / Merge,13.0,January,Bicyclist Left Turn - Opposite Direction,2007,26.0,No,O: No Injury,Female,Sport Utility,No,34.21607,-77.904274,Dry,40 - 45  MPH,Stop And Go Signal,Clear,No,0,0,1
Yes,25.0,No,With Traffic,C: Possible Injury,Male,Huntersville,Mecklenburg,No,Sunday,Motorist Overtaking Bicyclist,6.0,March,Motorist Overtaking - Undetected Bicyclist,2008,42.03850604944766,Missing,Unknown Injury,Unknown,Unknown,Yes,35.37321,-80.90423,Wet,40 - 45  MPH,"Double Yellow Line, No Passing Zone",Cloudy,No,1,0,3
Yes,28.0,No,Facing Traffic,C: Possible Injury,Male,Raleigh,Wake,No,Monday,Motorist Failed to Yield - Midblock,18.0,March,Motorist Drive Out - Commercial Driveway / Alley,2008,24.0,No,O: No Injury,Male,Pickup,No,35.83478,-78.60528,Dry,Unknown,No Control Present,Cloudy,No,0,0,3
Yes,43.0,No,With Traffic,C: Possible Injury,Male,None - Rural Crash,Henderson,No,Tuesday,Motorist Overtaking Bicyclist,7.0,March,Motorist Overtaking - Misjudged Space,2008,42.03850604944766,No,Unknown Injury,Unknown,Unknown,Yes,35.32354,-82.501335,Dry,40 - 45  MPH,"Double Yellow Line, No Passing Zone",Clear,No,1,0,3
No,12.0,No,With Traffic,C: Possible Injury,Male,Indian Trail,Union,No,Tuesday,Bicyclist Failed to Yield - Sign-Controlled Intersection,17.0,March,Bicyclist Ride Through - Sign-Controlled Intersection,2008,38.0,No,O: No Injury,Female,Sport Utility,No,35.075157,-80.68573,Dry,40 - 45  MPH,Stop Sign,Cloudy,No,0,0,3