AmbulanceR,BikeAge,BikeAlcFlg,BikeDir,BikeInjury,BikeSex,City,County,CrashAlcoh,CrashDay,CrashGrp,CrashHour,CrashMonth,CrashType,CrashYear,DrvrAge,DrvrAlcFlg,DrvrInjury,DrvrSex,DrvrVehTyp,HitRun,Latitude,Longitude,RdConditio,SpeedLimit,TraffCntrl,Weather,Workzone,DrvrAgeImputedFlag,BikeAgeImputedFlag,MonthCode
Yes,7.0,No,Not Applicable,C: Possible Injury,Female,None - Rural Crash,New Hanover,No,Wednesday,Bicyclist Failed to Yield - Midblock,7.0,March,Bicyclist Ride Out - Other Midblock,2008,29.0,No,O: No Injury,Female,Sport Utility,No,34.098957,-77.91141,Dry,30 - 35  MPH,No Control Present,Clear,No,0,0,3
Yes,5.0,No,Not Applicable,B: Suspected Minor Injury,Male,None - Rural Crash,Dare,No,Thursday,Bicyclist Failed to Yield - Midblock,18.0,March,Bicyclist Ride Out - Commercial Driveway / Alley,2008,22.0,No,O: No Injury,Female,Passenger Car,No,35.8419,-75.650986,Dry,30 - 35  MPH,"Double Yellow Line, No Passing Zone",Cloudy,No,0,0,3
Yes,13.0,No,Unknown,B: Suspected Minor Injury,Male,Charlotte,Mecklenburg,No,Friday,Other / Unknown - Insufficient Details,18.0,May,Unknown Approach Paths,2008,36.0,No,O: No Injury,Female,Passenger Car,No,35.20212,-80.72352,Dry,30 - 35  MPH,No Control Present,Clear,No,0,0,5
No,26.0,No,With Traffic,C: Possible Injury,Male,Chapel Hill,Orange,No,Sunday,Motorist Overtaking Bicyclist,3.0,April,Motorist Overtaking - Undetected Bicyclist,2008,34.0,No,O: No Injury,Male,Passenger Car,No,35.94644,-79.0089,Wet,40 - 45  MPH,No Control Present,Rain,No,0,0,4
Yes,8.0,No,Not Applicable,A: Suspected Serious Injury,Male,None - Rural Crash,Person,No,Thursday,Bicyclist Failed to Yield - Midblock,18.0,March,Bicyclist Ride Out - Residential Driveway,2008,42.0,No,O: No Injury,Female,Sport Utility,No,36.40775,-78.99642,Dry,30 - 35  MPH,"Double Yellow Line, No Passing Zone",Clear,No,0,0,3
No,55.0,No,With Traffic,C: Possible Injury,Male,Pine Knoll Shores,Carteret,No,Friday,Motorist Failed to Yield - Midblock,19.0,March,Motorist Drive Out - Commercial Driveway / Alley,2008,30.0,No,O: No Injury,Female,Passenger Car,No,34.69431,-76.825165,Dry,Unknown,Yield Sign,Clear,No,0,0,3
Yes,14.0,No,Not Applicable,B: Suspected Minor Injury,Male,Elizabeth City,Pasquotank,No,Saturday,Bicyclist Failed to Yield - Midblock,14.0,March,Bicyclist Ride Out - Other Midblock,2008,18.0,No,O: No Injury,Male,Passenger Car,No,36.2963,-76.22631,Dry,30 - 35  MPH,No Control Present,Clear,No,0,0,3
Yes,45.0,Yes,With Traffic,B: Suspected Minor Injury,Male,None - Rural Crash,Duplin,Yes,Sunday,Motorist Overtaking Bicyclist,20.0,March,Motorist Overtaking - Other / Unknown,2008,48.0,No,O: No Injury,Male,Passenger Car,No,35.09662,-78.16686,Dry,50 - 55  MPH,No Control Present,Clear,No,0,0,3
Yes,18.0,No,With Traffic,C: Possible Injury,Male,Durham,Durham,No,Wednesday,Parallel Paths - Other Circumstances,8.0,May,Bicyclist Ride Out - Parallel Path,2008,38.0,No,O: No Injury,Male,Passenger Car,No,36.02581,-78.944016,Dry,60 - 75 MPH,No Control Present,Clear,No,0,0,5
Yes,47.0,No,Unknown,B: Suspected Minor Injury,Male,Fayetteville,Cumberland,No,Tuesday,Other / Unknown - Insufficient Details,7.0,March,Unknown Approach Paths,2008,58.0,No,C: Possible Injury,Female,Sport Utility,No,35.04427,-78.97665,Dry,40 - 45  MPH,Stop And Go Signal,Clear,No,0,0,3
No,46.0,No,Facing Traffic,C: Possible Injury,Male,Gastonia,Gaston,No,Wednesday,Motorist Failed to Yield - Midblock,14.0,March,Motorist Drive Out - Commercial Driveway / Alley,2008,62.0,No,O: No Injury,Female,Passenger Car,No,35.26633,-81.16788,Dry,Unknown,Missing,Clear,No,0,0,3
Yes,29.0,Yes,With Traffic,B: Suspected Minor Injury,Male,Oxford,Granville,Yes,Monday,Motorist Overtaking Bicyclist,16.0,February,Motorist Overtaking - Misjudged Space,2008,42.03850604944766,Missing,Unknown Injury,Unknown,Unknown,Yes,36.303635,-78.59736,Dry,Unknown,Missing,Clear,No,1,0,2
Yes,20.0,No,With Traffic,B: Suspected Minor Injury,Female,Kill Devil Hills,Dare,No,Sunday,Parallel Paths - Other Circumstances,2.0,June,Parallel Paths - Other / Unknown,2007,16.0,No,O: No Injury,Male,Sport Utility,Yes,36.005005,-75.65568,Dry,50 - 55  MPH,No Control Present,Clear,No,0,0,6
Yes,29.0,No,With Traffic,K: Killed,Male,Greenville,Pitt,No,Saturday,Bicyclist Failed to Yield - Sign-Controlled Intersection,12.0,March,Bicyclist Ride Out - Sign-Controlled Intersection,2008,19.0,No,O: No Injury,Male,Passenger Car,No,35.584557,-77.3623,Dry,40 - 45  MPH,No Control Present,Clear,No,0,0,3
Yes,53.0,No,With Traffic,B: Suspected Minor Injury,Male,Greensboro,Guilford,No,Wednesday,Motorist Overtaking Bicyclist,22.0,March,Motorist Overtaking - Other / Unknown,2008,23.0,No,O: No Injury,Female,Sport Utility,No,36.066406,-79.81534,Dry,30 - 35  MPH,No Control Present,Clear,No,0,0,3
Yes,44.0,Yes,With Traffic,C: Possible Injury,Male,None - Rural Crash,Wake,Yes,Sunday,Motorist Overtaking Bicyclist,23.0,May,Motorist Overtaking - Other / Unknown,2008,42.03850604944766,Missing,Unknown Injury,Unknown,Unknown,Yes,35.98635,-78.697624,Wet,40 - 45  MPH,No Control Present,Cloudy,No,1,0,5
Yes,13.0,No,Facing Traffic,C: Possible Injury,Male,Wilmington,New Hanover,No,Wednesday,Motorist Failed to Yield - Midblock,17.0,March,Motorist Drive Out - Commercial Driveway / Alley,2008,40.0,No,O: No Injury,Male,Pickup,No,34.225155,-77.90418,Dry,40 - 45  MPH,Missing,Clear,No,0,0,3
Yes,13.0,No,Not Applicable,C: Possible Injury,Male,Whiteville,Columbus,No,Thursday,Bicyclist Failed to Yield - Midblock,18.0,March,Bicyclist Ride Out - Commercial Driveway / Alley,2008,35.0,No,O: No Injury,Female,Passenger Car,No,34.3306,-78.7071,Dry,30 - 35  MPH,No Control Present,Clear,No,0,0,3
Yes,61.0,No,With Traffic,B: Suspected Minor Injury,Female,Lewisville,Forsyth,No,Thursday,Motorist Failed to Yield - Sign-Controlled Intersection,16.0,March,Motorist Drive Through - Sign-Controlled Intersection,2008,65.0,No,O: No Injury,Female,Passenger Car,No,36.09141,-80.42964,Dry,40 - 45  MPH,Yield Sign,Clear,No,0,0,3
Yes,28.0,No,With Traffic,B: Suspected Minor Injury,Male,None - Rural Crash,Rowan,No,Thursday,Loss of Control / Turning Error,15.0,March,Motorist Turning Error - Left Turn,2008,61.0,No,O: No Injury,Male,"Single Unit Truck (2-Axle, 6-Tire)",No,35.6551,-80.36571,Dry,40 - 45  MPH,Stop Sign,Clear,No,0,0,3
No,14.0,No,Facing Traffic,C: Possible Injury,Male,Raleigh,Wake,No,Thursday,Motorist Failed to Yield - Midblock,18.0,March,Motorist Drive Out - Commercial Driveway / Alley,2008,42.03850604944766,Missing,Unknown Injury,Unknown,Unknown,Yes,35.855976,-78.573555,Dry,30 - 35  MPH,Missing,Clear,No,1,0,3
Yes,14.0,No,With Traffic,C: Possible Injury,Male,Greensboro,Guilford,No,Thursday,Bicyclist Left Turn / Merge,16.0,March,Bicyclist Left Turn - Same Direction,2008,29.0,No,O: No Injury,Male,Passenger Car,No,36.138676,-79.79026,Dry,30 - 35  MPH,No Control Present,Clear,No,0,0,3
Yes,14.0,No,Facing Traffic,C: Possible Injury,Male,Gastonia,Gaston,No,Friday,Motorist Failed to Yield - Sign-Controlled Intersection,15.0,March,Motorist Drive Out - Sign-Controlled Intersection,2008,42.0,No,O: No Injury,Male,Sport Utility,No,35.254147,-81.19726,Dry,30 - 35  MPH,Stop Sign,Clear,No,0,0,3
Yes,22.0,No,Facing Traffic,B: Suspected Minor Injury,Male,Raleigh,Wake,No,Friday,Motorist Failed to Yield - Midblock,16.0,March,Motorist Drive Out - Commercial Driveway / Alley,2008,26.0,No,O: No Injury,Male,Pickup,No,35.778202,-78.67746,Dry,30 - 35  MPH,No Control Present,Clear,No,0,0,3
Yes,69.0,No,With Traffic,B: Suspected Minor Injury,Male,Wilmington,New Hanover,No,Friday,Motorist Failed to Yield - Sign-Controlled Intersection,16.0,March,Motorist Drive Out - Sign-Controlled Intersection,2008,18.0,No,O: No Injury,Male,Passenger Car,No,34.244057,-77.83769,Dry,20 - 25  MPH,Stop Sign,Clear,No,0,0,3
Yes,13.0,No,Facing Traffic,B: Suspected Minor Injury,Female,Raleigh,Wake,No,Saturday,Bicyclist Failed to Yield - Sign-Controlled Intersection,19.0,March,Bicyclist Ride Through - Sign-Controlled Intersection,2008,35.0,No,O: No Injury,Male,Van,No,35.778625,-78.61457,Wet,20 - 25  MPH,Stop Sign,Cloudy,No,0,0,3
Yes,61.0,No,With Traffic,B: Suspected Minor Injury,Male,Wrightsville Beach,New Hanover,No,Saturday,Bicyclist Overtaking Motorist,13.0,March,Bicyclist Overtaking - Parked Vehicle,2008,42.03850604944766,Missing,Unknown Injury,Unknown,Passenger Car,No,34.213703,-77.805565,Dry,5 - 15 MPH,No Control Present,Cloudy,No,1,0,3
Yes,48.0,No,With Traffic,C: Possible Injury,Male,Jacksonville,Onslow,No,Sunday,Motorist Overtaking Bicyclist,4.0,March,Motorist Overtaking - Other / Unknown,2008,35.0,No,O: No Injury,Male,Pickup,No,34.75197,-77.44778,Wet,40 - 45  MPH,Missing,Cloudy,No,0,0,3
No,38.0,No,With Traffic,B: Suspected Minor Injury,Male,Charlotte,Mecklenburg,No,Tuesday,Motorist Failed to Yield - Sign-Controlled Intersection,18.0,May,Motorist Drive Out - Sign-Controlled Intersection,2008,48.0,No,O: No Injury,Male,Passenger Car,No,35.176277,-80.75649,Dry,40 - 45  MPH,Stop Sign,Cloudy,No,0,0,5
Yes,49.0,Yes,With Traffic,Unknown Injury,Male,Laurinburg,Scotland,Yes,Tuesday,Bicyclist Failed to Yield - Signalized Intersection,22.0,April,Bicyclist Ride Through - Signalized Intersection,2008,35.0,No,O: No Injury,Female,Passenger Car,No,34.769936,-79.46491,Dry,30 - 35  MPH,Flashing Signal With Stop Sign,Clear,No,0,0,4
Yes,27.0,No,With Traffic,B: Suspected Minor Injury,Male,Raleigh,Wake,No,Wednesday,Bicyclist Failed to Yield - Sign-Controlled Intersection,19.0,April,Bicyclist Ride Through - Sign-Controlled Intersection,2008,28.0,No,O: No Injury,Female,Passenger Car,No,35.785763,-78.68973,Dry,20 - 25  MPH,Stop Sign,Clear,No,0,0,4
No,13.0,No,With Traffic,C: Possible Injury,Female,Kill Devil Hills,Dare,No,Wednesday,Motorist Right Turn / Merge,7.0,April,Motorist Right Turn - Same Direction,2008,18.0,No,O: No Injury,Male,Sport Utility,No,36.007854,-75.665276,Dry,20 - 25  MPH,Missing,Cloudy,No,0,0,4
Yes,26.0,No,With Traffic,B: Suspected Minor Injury,Male,High Point,Guilford,No,Thursday,Bicyclist Failed to Yield - Sign-Controlled Intersection,9.0,April,Bicyclist Ride Through - Sign-Controlled Intersection,2008,57.0,No,O: No Injury,Female,Passenger Car,No,35.956566,-79.99725,Dry,30 - 35  MPH,Stop Sign,Clear,No,0,0,4
No,29.0,No,With Traffic,C: Possible Injury,Male,Raleigh,Wake,No,Thursday,Motorist Failed to Yield - Sign-Controlled Intersection,8.0,April,Motorist Drive Out - Sign-Controlled Intersection,2008,27.0,No,O: No Injury,Female,Passenger Car,No,35.781948,-78.67157,Dry,5 - 15 MPH,Stop Sign,Clear,No,0,0,4
Yes,7.0,No,With Traffic,C: Possible Injury,Male,Forest City,Rutherford,No,Thursday,Bicyclist Failed to Yield - Sign-Controlled Intersection,19.0,April,Bicyclist Ride Out - Sign-Controlled Intersection,2008,42.03850604944766,No,Unknown Injury,Unknown,Passenger Car,Yes,35.324543,-81.862785,Dry,30 - 35  MPH,Stop Sign,Clear,No,1,0,4
Yes,9.0,Yes,With Traffic,C: Possible Injury,Male,Oak Island,Brunswick,Yes,Wednesday,Bicyclist Failed to Yield - Sign-Controlled Intersection,18.0,April,Bicyclist Ride Out - Sign-Controlled Intersection,2008,55.0,No,O: No Injury,Male,Pickup,No,33.92478,-78.14172,Dry,30 - 35  MPH,Stop Sign,Clear,No,0,0,4
Yes,7.0,No,With Traffic,C: Possible Injury,Male,Charlotte,Mecklenburg,No,Thursday,Bicyclist Failed to Yield - Sign-Controlled Intersection,19.0,May,Bicyclist Ride Out - Sign-Controlled Intersection,2008,59.0,No,O: No Injury,Male,Van,No,35.256348,-80.86139,Dry,30 - 35  MPH,No Control Present,Clear,No,0,0,5
No,10.0,No,With Traffic,Unknown Injury,Unknown,Rocky Mount,Nash,No,Wednesday,Loss of Control / Turning Error,16.0,April,Bicyclist Lost Control - Mechanical Problems,2008,25.0,No,O: No Injury,Female,Passenger Car,No,35.927948,-77.8234,Dry,30 - 35  MPH,No Control Present,Clear,No,0,0,4
No,15.0,No,With Traffic,B: Suspected Minor Injury,Male,Rocky Mount,Edgecombe,No,Friday,Loss of Control / Turning Error,21.0,April,Bicyclist Lost Control - Mechanical Problems,2008,34.0,No,O: No Injury,Female,Passenger Car,No,35.924088,-77.78825,Dry,30 - 35  MPH,Stop Sign,Clear,No,0,0,4
No,13.0,No,With Traffic,C: Possible Injury,Female,Concord,Cabarrus,No,Friday,Loss of Control / Turning Error,17.0,April,Bicyclist Lost Control - Other / Unknown,2008,47.0,No,O: No Injury,Female,Passenger Car,No,35.4308,-80.7399,Dry,30 - 35  MPH,Stop Sign,Clear,No,0,0,4
Yes,16.0,No,Unknown,B: Suspected Minor Injury,Male,Charlotte,Mecklenburg,No,Friday,Bicyclist Failed to Yield - Midblock,15.0,May,Multiple Threat - Midblock,2008,25.0,No,O: No Injury,Female,Passenger Car,No,35.202694,-80.76059,Dry,30 - 35  MPH,Stop And Go Signal,Clear,No,0,0,5
Yes,34.0,Yes,Not Applicable,A: Suspected Serious Injury,Male,Sharpsburg,Nash,Yes,Saturday,Bicyclist Failed to Yield - Midblock,18.0,April,Bicyclist Ride Out - Other Midblock,2008,39.0,No,O: No Injury,Male,Passenger Car,No,35.863216,-77.832146,Wet,40 - 45  MPH,No Control Present,Cloudy,No,0,0,4
No,30.0,No,With Traffic,B: Suspected Minor Injury,Male,None - Rural Crash,Pitt,No,Tuesday,Motorist Overtaking Bicyclist,21.0,April,Motorist Overtaking - Misjudged Space,2008,42.03850604944766,Missing,Unknown Injury,Unknown,Unknown,Yes,35.557747,-77.30921,Dry,40 - 45  MPH,Missing,Clear,No,1,0,4
No,17.0,No,With Traffic,C: Possible Injury,Male,Charlotte,Mecklenburg,No,Monday,Motorist Failed to Yield - Sign-Controlled Intersection,21.0,May,Motorist Drive Out - Sign-Controlled Intersection,2008,46.0,No,O: No Injury,Female,Passenger Car,No,35.359066,-80.79907,Dry,Unknown,Stop Sign,Clear,No,0,0,5
No,36.0,No,With Traffic,B: Suspected Minor Injury,Male,Carrboro,Orange,No,Tuesday,Motorist Overtaking Bicyclist,17.0,April,Motorist Overtaking - Bicyclist Swerved,2008,50.0,No,O: No Injury,Female,Passenger Car,No,35.90909,-79.077866,Dry,30 - 35  MPH,No Control Present,Clear,No,0,0,4
No,7.0,No,Not Applicable,C: Possible Injury,Female,Gastonia,Gaston,No,Monday,Bicyclist Failed to Yield - Midblock,13.0,April,Bicyclist Ride Out - Residential Driveway,2008,23.0,No,O: No Injury,Female,Passenger Car,No,35.255768,-81.12974,Dry,30 - 35  MPH,Missing,Clear,No,0,0,4
No,33.0,No,With Traffic,B: Suspected Minor Injury,Male,Asheville,Buncombe,No,Wednesday,Motorist Left Turn / Merge,7.0,April,Motorist Left Turn - Opposite Direction,2008,55.0,No,O: No Injury,Male,Sport Utility,No,35.48936,-82.52406,Dry,40 - 45  MPH,Stop And Go Signal,Clear,No,0,0,4
Yes,20.0,No,With Traffic,B: Suspected Minor Injury,Male,Raleigh,Wake,No,Thursday,Bicyclist Left Turn / Merge,10.0,April,Bicyclist Left Turn - Same Direction,2008,23.0,No,O: No Injury,Male,Motorcycle,No,35.77218,-78.685234,Dry,40 - 45  MPH,Missing,Clear,No,0,0,4
Yes,52.0,No,With Traffic,C: Possible Injury,Male,None - Rural Crash,Robeson,No,Friday,Motorist Overtaking Bicyclist,15.0,April,Motorist Overtaking - Bicyclist Swerved,2008,24.0,No,O: No Injury,Male,Pickup,No,34.58798,-79.06642,Dry,40 - 45  MPH,No Control Present,Clear,No,0,0,4
Yes,13.0,No,Unknown,K: Killed,Female,Charlotte,Mecklenburg,No,Friday,Other / Unknown - Insufficient Details,15.0,May,Unknown Approach Paths,2008,33.0,No,O: No Injury,Female,School Bus,No,35.2056,-80.869385,Dry,30 - 35  MPH,Stop And Go Signal,Clear,No,0,0,5
Yes,5.0,No,Unknown,A: Suspected Serious Injury,Female,Charlotte,Mecklenburg,No,Monday,Other / Unknown - Insufficient Details,16.0,May,Unknown Approach Paths,2008,37.0,No,O: No Injury,Female,School Bus,No,35.234394,-80.657135,Dry,20 - 25  MPH,Stop Sign,Clear,No,0,0,5
No,10.0,No,With Traffic,B: Suspected Minor Injury,Male,Landis,Rowan,No,Friday,Bicyclist Left Turn / Merge,16.0,April,Bicyclist Left Turn - Same Direction,2008,45.0,No,O: No Injury,Male,Motorcycle,No,35.55818,-80.60149,Dry,40 - 45  MPH,Missing,Clear,No,0,0,4
No,3.0,No,Not Applicable,C: Possible Injury,Male,Mooresville,Iredell,No,Saturday,Non-Roadway,19.0,April,Non-Roadway,2008,37.0,No,O: No Injury,Female,Passenger Car,No,35.59451,-80.84434,Dry,Unknown,Missing,Clear,No,0,0,4
Yes,51.0,No,Not Applicable,B: Suspected Minor Injury,Male,Lumber Bridge,Robeson,No,Saturday,Non-Roadway,11.0,April,Non-Roadway,2008,36.0,No,O: No Injury,Male,Police,No,34.61782,-79.01608,Dry,20 - 25  MPH,Missing,Clear,No,0,0,4
Yes,53.0,Yes,With Traffic,A: Suspected Serious Injury,Male,Charlotte,Mecklenburg,Yes,Saturday,Bicyclist Failed to Yield - Sign-Controlled Intersection,19.0,May,Bicyclist Ride Through - Sign-Controlled Intersection,2008,26.0,No,O: No Injury,Female,Passenger Car,No,35.247574,-80.90505,Dry,30 - 35  MPH,Stop Sign,Clear,No,0,0,5
Yes,53.0,No,With Traffic,B: Suspected Minor Injury,Female,Huntersville,Mecklenburg,No,Saturday,Loss of Control / Turning Error,10.0,May,Bicyclist Lost Control - Other / Unknown,2008,40.0,No,O: No Injury,Male,"Single Unit Truck (2-Axle, 6-Tire)",No,35.358875,-80.89546,Dry,40 - 45  MPH,No Control Present,Clear,No,0,0,5
Yes,42.0,No,With Traffic,C: Possible Injury,Male,Durham,Durham,No,Friday,Parallel Paths - Other Circumstances,23.0,May,Parallel Paths - Other / Unknown,2008,42.03850604944766,No,Unknown Injury,Unknown,Passenger Car,Yes,35.98652,-78.90283,Dry,30 - 35  MPH,Stop Sign,Clear,No,1,0,5
Yes,35.0,No,With Traffic,B: Suspected Minor Injury,Male,None - Rural Crash,Catawba,No,Wednesday,Bicyclist Left Turn / Merge,13.0,May,Bicyclist Left Turn - Same Direction,2008,53.0,No,O: No Injury,Male,Pickup,No,35.72082,-81.09677,"Water (Standing, Moving)",50 - 55  MPH,No Control Present,Rain,No,0,0,5
No,52.0,No,With Traffic,B: Suspected Minor Injury,Male,Fayetteville,Cumberland,No,Monday,Bicyclist Failed to Yield - Sign-Controlled Intersection,15.0,April,Bicyclist Ride Through - Sign-Controlled Intersection,2008,62.0,No,O: No Injury,Female,Passenger Car,No,35.047802,-78.86384,Dry,30 - 35  MPH,Stop Sign,Clear,No,0,0,4
Yes,60.0,No,With Traffic,O: No Injury,Male,Goldsboro,Wayne,No,Wednesday,Parallel Paths - Other Circumstances,10.0,April,Bicyclist Ride Out - Parallel Path,2008,62.0,No,B: Suspected Minor Injury,Male,Pedestrian,No,35.373642,-77.98461,Dry,Unknown,No Control Present,Clear,No,0,0,4
Yes,13.0,No,Unknown,C: Possible Injury,Male,Charlotte,Mecklenburg,No,Monday,Bicyclist Failed to Yield - Midblock,18.0,June,Multiple Threat - Midblock,2008,29.0,No,O: No Injury,Female,Passenger Car,No,35.165607,-80.741844,Dry,40 - 45  MPH,No Control Present,Clear,No,0,0,6
No,21.0,No,With Traffic,C: Possible Injury,Male,Chapel Hill,Orange,No,Wednesday,Motorist Left Turn / Merge,17.0,April,Motorist Left Turn - Opposite Direction,2008,24.0,No,O: No Injury,Female,Passenger Car,No,35.90869,-79.04993,Dry,Unknown,Missing,Clear,No,0,0,4
Yes,42.0,No,With Traffic,B: Suspected Minor Injury,Male,None - Rural Crash,Lenoir,No,Thursday,Head-On,20.0,April,Head-On - Unknown,2008,16.0,No,O: No Injury,Male,Passenger Car,No,35.284733,-77.64623,Dry,40 - 45  MPH,Missing,Clear,No,0,0,4
Yes,29.0,No,With Traffic,C: Possible Injury,Male,Wilmington,New Hanover,No,Thursday,Motorist Failed to Yield - Signalized Intersection,13.0,April,Motorist Drive Through - Signalized Intersection,2008,26.0,No,O: No Injury,Male,Passenger Car,No,34.223392,-77.88221,Dry,40 - 45  MPH,Stop And Go Signal,Clear,No,0,0,4
Yes,15.0,No,With Traffic,B: Suspected Minor Injury,Male,Lumberton,Robeson,No,Thursday,Bicyclist Left Turn / Merge,16.0,April,Bicyclist Left Turn - Same Direction,2008,42.0,No,O: No Injury,Female,Sport Utility,No,34.608818,-79.02266,Dry,30 - 35  MPH,No Control Present,Clear,No,0,0,4
Yes,28.0,No,With Traffic,B: Suspected Minor Injury,Male,Raleigh,Wake,No,Thursday,Motorist Left Turn / Merge,8.0,April,Motorist Left Turn - Opposite Direction,2008,20.0,No,O: No Injury,Female,Passenger Car,No,35.794434,-78.68872,Dry,30 - 35  MPH,Stop And Go Signal,Clear,No,0,0,4
Yes,35.0,No,With Traffic,B: Suspected Minor Injury,Male,Raleigh,Wake,No,Thursday,Motorist Left Turn / Merge,18.0,April,Motorist Left Turn - Opposite Direction,2008,29.0,No,O: No Injury,Female,Van,No,35.788578,-78.645355,Dry,30 - 35  MPH,Stop And Go Signal,Clear,No,0,0,4
No,16.0,No,Unknown,C: Possible Injury,Male,Havelock,Craven,No,Thursday,Other / Unknown - Insufficient Details,14.0,April,Unknown Location,2008,42.03850604944766,Missing,Unknown Injury,Unknown,Unknown,Yes,34.881588,-76.89295,Dry,20 - 25  MPH,Missing,Clear,No,1,0,4
No,20.0,No,With Traffic,B: Suspected Minor Injury,Female,None - Rural Crash,Robeson,No,Friday,Motorist Overtaking Bicyclist,4.0,May,Motorist Overtaking - Undetected Bicyclist,2008,63.0,No,O: No Injury,Male,Tractor/Semi-Trailer,No,34.809998,-79.20556,Dry,50 - 55  MPH,No Control Present,Clear,No,0,0,5
No,15.0,No,Facing Traffic,O: No Injury,Male,Raleigh,Wake,No,Saturday,Motorist Failed to Yield - Sign-Controlled Intersection,11.0,May,Motorist Drive Out - Sign-Controlled Intersection,2008,29.0,No,O: No Injury,Female,Sport Utility,No,35.878242,-78.679054,Dry,20 - 25  MPH,Stop Sign,Clear,No,0,0,5
Yes,7.0,No,Facing Traffic,B: Suspected Minor Injury,Male,Siler City,Chatham,No,Thursday,Loss of Control / Turning Error,18.0,April,Bicyclist Lost Control - Mechanical Problems,2008,24.0,No,O: No Injury,Male,Passenger Car,No,35.724277,-79.46875,Dry,30 - 35  MPH,Stop Sign,Clear,No,0,0,4
No,7.0,No,With Traffic,O: No Injury,Female,Rocky Mount,Edgecombe,No,Saturday,Bicyclist Failed to Yield - Sign-Controlled Intersection,16.0,April,Bicyclist Ride Through - Sign-Controlled Intersection,2008,45.0,No,O: No Injury,Male,"Light Truck (Mini-Van, Panel)",No,35.939224,-77.76141,Dry,30 - 35  MPH,Stop Sign,Clear,No,0,0,4
No,22.0,No,With Traffic,C: Possible Injury,Female,Raleigh,Wake,No,Sunday,Motorist Failed to Yield - Signalized Intersection,20.0,April,Motorist Drive Out - Right Turn on Red,2008,36.0,No,O: No Injury,Female,Passenger Car,No,35.785774,-78.66141,Wet,20 - 25  MPH,Stop And Go Signal,Cloudy,No,0,0,4
No,14.0,No,With Traffic,O: No Injury,Male,Rocky Mount,Nash,No,Sunday,Bicyclist Failed to Yield - Sign-Controlled Intersection,17.0,April,Bicyclist Ride Through - Sign-Controlled Intersection,2008,46.0,No,O: No Injury,Female,Passenger Car,No,35.943363,-77.80482,Dry,30 - 35  MPH,Stop Sign,Cloudy,No,0,0,4
Yes,0.0,No,Unknown,C: Possible Injury,Male,Wilmington,New Hanover,No,Friday,Bicyclist Failed to Yield - Midblock,8.0,October,Bicyclist Ride Out - Midblock - Unknown,2007,47.0,No,O: No Injury,Male,Sport Utility,No,34.19839,-77.89428,Dry,30 - 35  MPH,Stop And Go Signal,Clear,No,0,0,10
No,51.0,No,With Traffic,B: Suspected Minor Injury,Male,None - Rural Crash,Orange,No,Thursday,Motorist Overtaking Bicyclist,20.0,April,Motorist Overtaking - Undetected Bicyclist,2008,49.0,No,O: No Injury,Male,Sport Utility,No,35.92786,-79.17474,Dry,40 - 45  MPH,"Double Yellow Line, No Passing Zone",Clear,No,0,0,4
Yes,18.0,No,Facing Traffic,B: Suspected Minor Injury,Male,Cary,Wake,No,Tuesday,Motorist Failed to Yield - Sign-Controlled Intersection,13.0,June,Motorist Drive Out - Sign-Controlled Intersection,2008,47.0,No,O: No Injury,Female,Passenger Car,No,35.815266,-78.847664,Dry,20 - 25  MPH,Stop Sign,Clear,No,0,0,6
Yes,54.0,No,With Traffic,B: Suspected Minor Injury,Male,Raleigh,Wake,No,Wednesday,Bicyclist Failed to Yield - Sign-Controlled Intersection,17.0,April,Bicyclist Ride Out - Sign-Controlled Intersection,2008,49.0,No,O: No Injury,Female,Passenger Car,No,35.84896,-78.61486,Dry,40 - 45  MPH,No Control Present,Clear,No,0,0,4
Yes,6.0,No,With Traffic,B: Suspected Minor Injury,Male,Enfield,Halifax,No,Saturday,Bicyclist Failed to Yield - Sign-Controlled Intersection,16.0,April,Bicyclist Ride Through - Sign-Controlled Intersection,2008,24.0,No,O: No Injury,Male,Passenger Car,No,36.176807,-77.67329,Dry,20 - 25  MPH,Stop Sign,Clear,No,0,0,4
No,35.0,No,With Traffic,B: Suspected Minor Injury,Female,Wrightsville Beach,New Hanover,No,Sunday,Motorist Failed to Yield - Signalized Intersection,10.0,April,Motorist Drive Out - Right Turn on Red,2008,29.0,No,B: Suspected Minor Injury,Male,Passenger Car,No,34.21482,-77.790794,Wet,20 - 25  MPH,Stop And Go Signal,Clear,No,0,0,4
No,24.0,No,With Traffic,O: No Injury,Male,Charlotte,Mecklenburg,No,Thursday,Motorist Right Turn / Merge,7.0,June,Motorist Right Turn - Same Direction,2008,31.0,No,O: No Injury,Male,"Light Truck (Mini-Van, Panel)",No,35.176163,-80.7978,Dry,40 - 45  MPH,No Control Present,Clear,No,0,0,6
Yes,14.0,No,Not Applicable,C: Possible Injury,Male,None - Rural Crash,Burke,No,Wednesday,Non-Roadway,19.0,April,Non-Roadway,2008,42.03850604944766,Missing,Unknown Injury,Unknown,Passenger Car,No,35.670906,-81.84783,Dry,Unknown,No Control Present,Clear,No,1,0,4
No,64.0,No,Not Applicable,B: Suspected Minor Injury,Male,Cary,Wake,No,Tuesday,Non-Roadway,16.0,May,Non-Roadway,2008,38.0,No,O: No Injury,Female,Van,No,35.7921,-78.77482,Dry,5 - 15 MPH,No Control Present,Clear,No,0,0,5