AmbulanceR,BikeAge,BikeAlcFlg,BikeDir,BikeInjury,BikeSex,City,County,CrashAlcoh,CrashDay,CrashGrp,CrashHour,CrashMonth,CrashType,CrashYear,DrvrAge,DrvrAlcFlg,DrvrInjury,DrvrSex,DrvrVehTyp,HitRun,Latitude,Longitude,RdConditio,SpeedLimit,TraffCntrl,Weather,Workzone,DrvrAgeImputedFlag,BikeAgeImputedFlag,MonthCode
No,48.0,Yes,Facing Traffic,B: Suspected Minor Injury,Male,Raleigh,Wake,Yes,Saturday,Bicyclist Failed to Yield - Signalized Intersection,15.0,April,Bicyclist Ride Out - Signalized  Intersection,2008,45.0,No,O: No Injury,Male,Passenger Car,No,35.862736,-78.71212,Dry,40 - 45  MPH,Stop And Go Signal,Clear,No,0,0,4
No,18.0,No,Unknown,C: Possible Injury,Female,Raleigh,Wake,No,Tuesday,Crossing Paths - Other Circumstances,16.0,April,Crossing Paths - Midblock - Other / Unknown,2008,34.0,No,O: No Injury,Female,Passenger Car,No,35.77805,-78.66326,Wet,40 - 45  MPH,Missing,Cloudy,No,0,0,4
Yes,60.0,No,With Traffic,K: Killed,Female,Raleigh,Wake,Yes,Wednesday,Motorist Overtaking Bicyclist,10.0,April,Motorist Overtaking - Other / Unknown,2008,21.0,Yes,O: No Injury,Male,Pickup,No,35.77858,-78.67297,Dry,20 - 25  MPH,No Control Present,Cloudy,No,0,0,4
No,49.0,No,With Traffic,B: Suspected Minor Injury,Male,None - Rural Crash,Durham,No,Thursday,Motorist Failed to Yield - Sign-Controlled Intersection,17.0,April,Motorist Drive Out - Sign-Controlled Intersection,2008,40.0,No,O: No Injury,Female,Passenger Car,No,36.010082,-78.98995,Dry,Unknown,Stop Sign,Clear,No,0,0,4
Yes,30.0,No,With Traffic,B: Suspected Minor Injury,Male,Jacksonville,Onslow,No,Thursday,Motorist Failed to Yield - Midblock,16.0,April,Motorist Drive Out - Commercial Driveway / Alley,2008,26.0,No,O: No Injury,Female,Passenger Car,No,34.760204,-77.38189,Dry,5 - 15 MPH,Yield Sign,Clear,No,0,0,4
Yes,20.0,No,With Traffic,A: Suspected Serious Injury,Male,Asheville,Buncombe,No,Thursday,Bicyclist Left Turn / Merge,13.0,April,Bicyclist Left Turn - Opposite Direction,2008,52.0,No,O: No Injury,Male,Pickup,No,35.620327,-82.55443,Dry,30 - 35  MPH,Stop And Go Signal,Clear,No,0,0,4
Yes,25.0,No,With Traffic,B: Suspected Minor Injury,Male,Gastonia,Gaston,No,Friday,Motorist Left Turn / Merge,15.0,April,Motorist Left Turn - Same Direction,2008,42.03850604944766,Missing,Unknown Injury,Unknown,Unknown,Yes,35.262123,-81.18009,Dry,30 - 35  MPH,Stop And Go Signal,Clear,No,1,0,4
No,10.0,No,Not Applicable,O: No Injury,Male,Reidsville,Rockingham,No,Sunday,Bicyclist Failed to Yield - Midblock,10.0,April,Bicyclist Ride Out - Residential Driveway,2008,31.0,No,O: No Injury,Male,Passenger Car,No,36.375168,-79.66674,Dry,30 - 35  MPH,No Control Present,Clear,No,0,0,4
Yes,17.0,No,Unknown,C: Possible Injury,Male,Stanley,Gaston,No,Tuesday,Other / Unknown - Insufficient Details,19.0,April,Unknown Location,2008,42.03850604944766,No,Unknown Injury,Unknown,Unknown,Yes,35.37116,-81.09906,Dry,40 - 45  MPH,No Control Present,Clear,No,1,0,4
No,34.0,No,With Traffic,O: No Injury,Male,Charlotte,Mecklenburg,No,Saturday,Motorist Failed to Yield - Midblock,19.0,June,Motorist Drive Out - Commercial Driveway / Alley,2008,22.0,No,O: No Injury,Male,Passenger Car,No,35.18415,-80.87371,Dry,20 - 25  MPH,No Control Present,Clear,No,0,0,6
Yes,12.0,No,Not Applicable,C: Possible Injury,Male,Rocky Mount,Nash,No,Tuesday,Bicyclist Failed to Yield - Midblock,17.0,May,Multiple Threat - Midblock,2008,24.0,No,O: No Injury,Male,Passenger Car,No,35.9507,-77.79329,Dry,30 - 35  MPH,"Double Yellow Line, No Passing Zone",Clear,No,0,0,5
Yes,61.0,No,Facing Traffic,C: Possible Injury,Male,Sanford,Lee,No,Thursday,Crossing Paths - Other Circumstances,11.0,April,Signalized Intersection - Other / Unknown,2008,44.0,No,O: No Injury,Male,Police,No,35.488132,-79.18002,Dry,30 - 35  MPH,Stop And Go Signal,Clear,No,0,0,4
No,63.0,No,Facing Traffic,B: Suspected Minor Injury,Male,None - Rural Crash,Rowan,No,Friday,Head-On,17.0,April,Head-On - Bicyclist,2008,9.0,No,O: No Injury,Female,Pedalcycle,No,35.534775,-80.70486,Dry,Unknown,"Double Yellow Line, No Passing Zone",Clear,No,0,0,4
Yes,12.0,No,Facing Traffic,B: Suspected Minor Injury,Male,Hendersonville,Henderson,No,Sunday,Motorist Failed to Yield - Signalized Intersection,14.0,April,Motorist Drive Out - Right Turn on Red,2008,48.0,No,O: No Injury,Male,Passenger Car,No,35.322918,-82.46265,Wet,30 - 35  MPH,Stop And Go Signal,Cloudy,No,0,0,4
Yes,10.0,No,Not Applicable,A: Suspected Serious Injury,Male,Cary,Wake,No,Sunday,Bicyclist Failed to Yield - Midblock,14.0,June,Bicyclist Ride Out - Residential Driveway,2008,54.0,No,O: No Injury,Male,Passenger Car,No,35.72502,-78.76059,Dry,20 - 25  MPH,No Control Present,Clear,No,0,0,6
Yes,12.0,No,Facing Traffic,C: Possible Injury,Female,Kannapolis,Rowan,No,Sunday,Bicyclist Failed to Yield - Sign-Controlled Intersection,16.0,April,Bicyclist Ride Through - Sign-Controlled Intersection,2008,61.0,No,O: No Injury,Male,"Light Truck (Mini-Van, Panel)",No,35.523666,-80.614174,Dry,40 - 45  MPH,Stop Sign,Cloudy,No,0,0,4
Yes,29.0,No,With Traffic,C: Possible Injury,Male,Aberdeen,Moore,No,Sunday,Motorist Failed to Yield - Sign-Controlled Intersection,13.0,April,Motorist Drive Out - Sign-Controlled Intersection,2008,34.0,No,C: Possible Injury,Male,Passenger Car,No,35.133305,-79.42386,Wet,30 - 35  MPH,Missing,Rain,No,0,0,4
No,45.0,No,With Traffic,C: Possible Injury,Male,Wilmington,New Hanover,No,Sunday,Motorist Overtaking Bicyclist,22.0,April,Motorist Overtaking - Other / Unknown,2008,42.03850604944766,Missing,Unknown Injury,Unknown,Unknown,Yes,34.158386,-77.911514,Dry,Unknown,Missing,Clear,No,1,0,4
Yes,36.0,No,Facing Traffic,B: Suspected Minor Injury,Female,Mount Olive,Wayne,No,Monday,Motorist Failed to Yield - Sign-Controlled Intersection,15.0,April,Motorist Drive Out - Sign-Controlled Intersection,2008,18.0,No,O: No Injury,Female,Passenger Car,No,35.202393,-78.07836,Dry,50 - 55  MPH,Stop Sign,Clear,No,0,0,4
Yes,13.0,No,Facing Traffic,C: Possible Injury,Male,Asheville,Buncombe,No,Monday,Parallel Paths - Other Circumstances,18.0,April,Bicyclist Ride Out - Parallel Path,2008,50.0,No,O: No Injury,Male,Sport Utility,No,35.482563,-82.5529,Dry,30 - 35  MPH,No Control Present,Clear,No,0,0,4
Yes,17.0,No,With Traffic,B: Suspected Minor Injury,Male,None - Rural Crash,Swain,No,Friday,Head-On,15.0,June,Head-On - Bicyclist,2008,48.0,No,O: No Injury,Female,School Bus,No,35.43797,-83.43859,Dry,30 - 35  MPH,No Control Present,Clear,No,0,0,6
Yes,31.0,No,Facing Traffic,C: Possible Injury,Female,Wilmington,New Hanover,No,Wednesday,Parallel Paths - Other Circumstances,15.0,April,Bicyclist Ride Out - Parallel Path,2008,25.0,No,O: No Injury,Male,Passenger Car,No,34.217693,-77.93344,Dry,20 - 25  MPH,No Control Present,Clear,No,0,0,4
No,15.0,No,Facing Traffic,O: No Injury,Male,Kannapolis,Cabarrus,No,Thursday,Motorist Failed to Yield - Midblock,20.0,May,Motorist Drive Out - Midblock - Unknown,2008,28.0,No,O: No Injury,Male,Passenger Car,No,35.49736,-80.62512,Dry,5 - 15 MPH,No Control Present,Clear,No,0,0,5
Yes,46.0,No,With Traffic,C: Possible Injury,Male,Charlotte,Mecklenburg,No,Wednesday,Motorist Right Turn / Merge,9.0,June,Motorist Right Turn - Same Direction,2008,48.0,No,O: No Injury,Male,Pickup,No,35.193916,-80.79447,Dry,30 - 35  MPH,Stop And Go Signal,Clear,No,0,0,6
Yes,18.0,No,With Traffic,B: Suspected Minor Injury,Male,Fayetteville,Cumberland,No,Friday,Motorist Failed to Yield - Midblock,13.0,May,Motorist Drive Out - Commercial Driveway / Alley,2008,20.0,No,O: No Injury,Male,Passenger Car,No,35.04027,-78.90558,Dry,Unknown,No Control Present,Cloudy,No,0,0,5
Yes,24.0,No,With Traffic,B: Suspected Minor Injury,Male,Raleigh,Wake,No,Friday,Motorist Left Turn / Merge,22.0,May,Motorist Left Turn - Opposite Direction,2008,21.0,No,Unknown Injury,Female,Passenger Car,No,35.783115,-78.656,Dry,30 - 35  MPH,Stop And Go Signal,Clear,No,0,0,5
Yes,62.0,No,With Traffic,B: Suspected Minor Injury,Male,None - Rural Crash,Duplin,No,Saturday,Motorist Right Turn / Merge,13.0,May,Motorist Right Turn - Same Direction,2008,42.03850604944766,Missing,Unknown Injury,Unknown,Unknown,Yes,35.110954,-77.81859,Dry,50 - 55  MPH,No Control Present,Clear,No,1,0,5
Yes,17.0,No,Facing Traffic,C: Possible Injury,Female,Eden,Rockingham,No,Thursday,Motorist Failed to Yield - Sign-Controlled Intersection,16.0,June,Motorist Drive Out - Sign-Controlled Intersection,2008,58.0,No,O: No Injury,Female,Passenger Car,No,36.492805,-79.74198,Dry,40 - 45  MPH,Stop Sign,Cloudy,No,0,0,6
No,45.0,No,With Traffic,B: Suspected Minor Injury,Male,Charlotte,Mecklenburg,No,Thursday,Motorist Failed to Yield - Sign-Controlled Intersection,7.0,June,Motorist Drive Through - Sign-Controlled Intersection,2008,39.0,No,O: No Injury,Male,Passenger Car,No,35.115585,-80.85846,Dry,20 - 25  MPH,Stop Sign,Clear,No,0,0,6
Yes,12.0,No,With Traffic,B: Suspected Minor Injury,Male,Durham,Durham,No,Wednesday,Motorist Failed to Yield - Signalized Intersection,21.0,June,Motorist Drive Through - Signalized Intersection,2008,42.03850604944766,Missing,Unknown Injury,Unknown,Passenger Car,Yes,36.02745,-78.914085,Dry,30 - 35  MPH,Stop And Go Signal,Clear,No,1,0,6
No,32.0,No,With Traffic,B: Suspected Minor Injury,Male,Durham,Durham,No,Wednesday,Bicyclist Failed to Yield - Sign-Controlled Intersection,18.0,June,Bicyclist Ride Out - Sign-Controlled Intersection,2008,50.0,No,O: No Injury,Male,Passenger Car,No,36.00163,-78.890495,Dry,30 - 35  MPH,No Control Present,Clear,No,0,0,6
No,11.0,No,With Traffic,O: No Injury,Female,Raleigh,Wake,No,Monday,Bicyclist Failed to Yield - Sign-Controlled Intersection,18.0,May,Bicyclist Ride Through - Sign-Controlled Intersection,2008,28.0,No,O: No Injury,Male,Pickup,No,35.893303,-78.57388,Dry,20 - 25  MPH,Stop Sign,Clear,No,0,0,5
No,27.0,No,With Traffic,B: Suspected Minor Injury,Female,Chapel Hill,Orange,No,Tuesday,Motorist Right Turn / Merge,20.0,May,Motorist Right Turn - Same Direction,2008,21.0,No,O: No Injury,Female,Sport Utility,No,35.911686,-79.06225,Dry,5 - 15 MPH,Missing,Clear,No,0,0,5
Yes,24.0,No,With Traffic,B: Suspected Minor Injury,Male,Raleigh,Wake,No,Tuesday,Bicyclist Left Turn / Merge,7.0,May,Bicyclist Left Turn - Same Direction,2008,40.0,No,O: No Injury,Female,Sport Utility,No,35.852436,-78.64294,Dry,20 - 25  MPH,School Zone Signs,Clear,No,0,0,5
Yes,14.0,No,With Traffic,B: Suspected Minor Injury,Male,Kinston,Lenoir,No,Tuesday,Bicyclist Left Turn / Merge,17.0,June,Bicyclist Left Turn - Same Direction,2008,28.0,No,O: No Injury,Female,Passenger Car,No,35.263256,-77.572525,Dry,30 - 35  MPH,No Control Present,Clear,No,0,0,6
Yes,7.0,No,With Traffic,C: Possible Injury,Male,Kinston,Lenoir,No,Saturday,Bicyclist Failed to Yield - Sign-Controlled Intersection,19.0,June,Bicyclist Ride Through - Sign-Controlled Intersection,2008,48.0,No,O: No Injury,Male,Pickup,No,35.263607,-77.5724,Dry,30 - 35  MPH,Stop Sign,Clear,No,0,0,6
Yes,15.0,No,Unknown,B: Suspected Minor Injury,Male,Cary,Wake,No,Saturday,Crossing Paths - Other Circumstances,14.0,June,Signalized Intersection - Other / Unknown,2008,25.0,No,O: No Injury,Female,Passenger Car,No,35.769375,-78.7819,Dry,30 - 35  MPH,Stop And Go Signal,Clear,No,0,0,6
No,14.0,No,With Traffic,B: Suspected Minor Injury,Male,None - Rural Crash,Durham,No,Wednesday,Motorist Overtaking Bicyclist,15.0,May,Motorist Overtaking - Bicyclist Swerved,2008,50.0,No,O: No Injury,Female,Passenger Car,No,36.076805,-78.86022,Dry,40 - 45  MPH,"Double Yellow Line, No Passing Zone",Clear,No,0,0,5
Yes,27.0,Yes,Not Applicable,B: Suspected Minor Injury,Male,Mount Holly,Gaston,Yes,Wednesday,Non-Roadway,21.0,May,Non-Roadway,2008,21.0,No,O: No Injury,Male,Sport Utility,No,35.28531,-81.02073,Dry,Unknown,No Control Present,Clear,No,0,0,5
Yes,3.0,No,With Traffic,B: Suspected Minor Injury,Male,None - Rural Crash,Rowan,No,Wednesday,Backing Vehicle,16.0,May,Backing Vehicle,2008,43.0,No,O: No Injury,Male,Passenger Car,No,35.647625,-80.557755,Dry,30 - 35  MPH,No Control Present,Clear,No,0,0,5
Yes,16.0,No,With Traffic,Unknown Injury,Unknown,Belmont,Gaston,No,Wednesday,Motorist Left Turn / Merge,16.0,May,Motorist Left Turn - Opposite Direction,2008,24.0,No,O: No Injury,Male,Passenger Car,No,35.25149,-81.0285,Dry,40 - 45  MPH,Stop And Go Signal,Clear,No,0,0,5
No,23.0,No,Facing Traffic,C: Possible Injury,Female,Wilmington,New Hanover,No,Wednesday,Motorist Failed to Yield - Sign-Controlled Intersection,12.0,May,Motorist Drive Out - Sign-Controlled Intersection,2008,49.0,No,O: No Injury,Male,Van,No,34.237507,-77.92166,Dry,30 - 35  MPH,Stop Sign,Clear,No,0,0,5
Yes,33.0,No,Facing Traffic,C: Possible Injury,Male,Raleigh,Wake,No,Friday,Parallel Paths - Other Circumstances,1.0,March,Bicyclist Ride Out - Parallel Path,2008,45.0,No,O: No Injury,Male,Tractor/Semi-Trailer,No,35.745735,-78.649,Dry,40 - 45  MPH,Missing,Clear,No,0,0,3
Yes,4.0,No,Not Applicable,C: Possible Injury,Male,Burlington,Alamance,No,Thursday,Non-Roadway,15.0,May,Non-Roadway,2008,27.0,No,O: No Injury,Female,Passenger Car,No,36.066093,-79.4205,Dry,Unknown,No Control Present,Clear,No,0,0,5
Yes,51.0,No,With Traffic,Unknown Injury,Male,Roxboro,Person,No,Thursday,Bicyclist Failed to Yield - Sign-Controlled Intersection,20.0,May,Bicyclist Ride Through - Sign-Controlled Intersection,2008,24.0,No,C: Possible Injury,Female,Passenger Car,No,36.398987,-78.98653,Dry,30 - 35  MPH,Stop Sign,Clear,No,0,0,5
Yes,23.0,No,With Traffic,O: No Injury,Female,Winston-Salem,Forsyth,No,Friday,Backing Vehicle,15.0,May,Backing Vehicle,2008,33.0,No,C: Possible Injury,Female,Pedestrian,No,36.065544,-80.206314,Dry,Unknown,Missing,Clear,No,0,0,5
No,18.0,No,With Traffic,C: Possible Injury,Female,Enfield,Halifax,No,Saturday,Loss of Control / Turning Error,18.0,May,Bicyclist Turning Error - Right Turn,2008,28.0,No,O: No Injury,Female,Passenger Car,No,36.18282,-77.671234,Dry,20 - 25  MPH,Stop And Go Signal,Clear,No,0,0,5
Yes,51.0,No,With Traffic,C: Possible Injury,Male,Sanford,Lee,No,Saturday,Motorist Failed to Yield - Sign-Controlled Intersection,20.0,May,Motorist Drive Out - Sign-Controlled Intersection,2008,64.0,No,O: No Injury,Male,Passenger Car,No,35.522446,-79.183136,Dry,30 - 35  MPH,Stop Sign,Clear,No,0,0,5
No,26.0,Yes,With Traffic,C: Possible Injury,Male,None - Rural Crash,New Hanover,Yes,Saturday,Bicyclist Left Turn / Merge,12.0,May,Bicyclist Left Turn - Same Direction,2008,24.0,No,O: No Injury,Female,Passenger Car,No,34.34857,-77.901184,Dry,40 - 45  MPH,No Control Present,Clear,No,0,0,5
Yes,38.0,Yes,With Traffic,C: Possible Injury,Male,Salisbury,Rowan,Yes,Monday,Crossing Paths - Other Circumstances,15.0,June,Signalized Intersection - Other / Unknown,2008,42.03850604944766,Missing,Unknown Injury,Unknown,Passenger Car,Yes,35.67338,-80.46227,Dry,20 - 25  MPH,Stop And Go Signal,Clear,No,1,0,6
Yes,60.0,Yes,With Traffic,K: Killed,Male,Lumberton,Robeson,Yes,Saturday,Motorist Overtaking Bicyclist,3.0,May,Motorist Overtaking - Other / Unknown,2008,42.03850604944766,Missing,Unknown Injury,Unknown,Unknown,Yes,34.687393,-79.01597,Dry,40 - 45  MPH,No Control Present,Clear,No,1,0,5
No,37.0,No,With Traffic,O: No Injury,Male,Raleigh,Wake,No,Tuesday,Bicyclist Failed to Yield - Sign-Controlled Intersection,18.0,May,Bicyclist Ride Through - Sign-Controlled Intersection,2008,65.0,No,O: No Injury,Male,"Light Truck (Mini-Van, Panel)",No,35.782265,-78.63219,Dry,20 - 25  MPH,Stop Sign,Clear,No,0,0,5
Yes,43.0,No,With Traffic,B: Suspected Minor Injury,Male,Raleigh,Wake,No,Tuesday,Motorist Overtaking Bicyclist,20.0,May,Motorist Overtaking - Misjudged Space,2008,66.0,No,O: No Injury,Male,Passenger Car,No,35.795326,-78.7034,Dry,40 - 45  MPH,No Control Present,Clear,No,0,0,5
Yes,46.0,No,With Traffic,B: Suspected Minor Injury,Male,Raleigh,Wake,No,Thursday,Motorist Failed to Yield - Sign-Controlled Intersection,7.0,May,Motorist Drive Out - Sign-Controlled Intersection,2008,50.0,No,O: No Injury,Male,Passenger Car,No,35.815582,-78.69593,Dry,30 - 35  MPH,Stop Sign,Clear,No,0,0,5
No,18.0,No,With Traffic,O: No Injury,Male,Raleigh,Wake,No,Thursday,Motorist Right Turn / Merge,19.0,May,Motorist Right Turn - Same Direction,2008,42.03850604944766,Missing,Unknown Injury,Unknown,Unknown,Yes,35.839546,-78.64247,Dry,Unknown,Missing,Clear,No,1,0,5
Yes,29.0,No,Facing Traffic,B: Suspected Minor Injury,Female,Raleigh,Wake,No,Wednesday,Motorist Failed to Yield - Signalized Intersection,14.0,May,Motorist Drive Out - Right Turn on Red,2008,18.0,No,O: No Injury,Female,Passenger Car,No,35.81555,-78.705055,Dry,40 - 45  MPH,Stop And Go Signal,Clear,No,0,0,5
No,48.0,Yes,Unknown,C: Possible Injury,Male,Raleigh,Wake,Yes,Wednesday,Bicyclist Failed to Yield - Midblock,22.0,April,Bicyclist Ride Out - Midblock - Unknown,2008,38.0,No,O: No Injury,Female,Passenger Car,No,35.78001,-78.614525,Dry,40 - 45  MPH,Missing,Clear,No,0,0,4
Yes,44.0,Yes,Facing Traffic,C: Possible Injury,Male,Raleigh,Wake,Yes,Saturday,Motorist Failed to Yield - Midblock,15.0,May,Motorist Drive Out - Commercial Driveway / Alley,2008,45.0,No,O: No Injury,Female,Passenger Car,No,35.75069,-78.642876,Dry,40 - 45  MPH,No Control Present,Clear,No,0,0,5
No,42.0,No,With Traffic,B: Suspected Minor Injury,Male,Burlington,Alamance,No,Monday,Motorist Right Turn / Merge,11.0,May,Motorist Right Turn - Same Direction,2008,64.0,No,O: No Injury,Female,Passenger Car,No,36.06782,-79.42353,Dry,30 - 35  MPH,Stop And Go Signal,Clear,No,0,0,5
No,1.0,No,Facing Traffic,B: Suspected Minor Injury,Female,Greensboro,Guilford,No,Monday,Crossing Paths - Other Circumstances,16.0,May,Signalized Intersection - Other / Unknown,2008,61.0,No,O: No Injury,Male,Passenger Car,No,36.074223,-79.80262,Dry,30 - 35  MPH,Stop And Go Signal,Cloudy,No,0,0,5
Yes,23.0,No,With Traffic,C: Possible Injury,Male,Raleigh,Wake,Yes,Saturday,Motorist Left Turn / Merge,2.0,April,Motorist Left Turn - Opposite Direction,2008,23.0,Yes,O: No Injury,Female,Passenger Car,No,35.788605,-78.64365,Dry,30 - 35  MPH,Stop And Go Signal,Clear,No,0,0,4
No,31.0,No,With Traffic,C: Possible Injury,Male,Concord,Cabarrus,No,Tuesday,Motorist Failed to Yield - Sign-Controlled Intersection,22.0,May,Motorist Drive Through - Sign-Controlled Intersection,2008,20.0,No,O: No Injury,Male,Pickup,No,35.39026,-80.56274,Dry,30 - 35  MPH,Missing,Clear,No,0,0,5
Yes,66.0,Yes,Facing Traffic,C: Possible Injury,Male,Wrightsville Beach,New Hanover,Yes,Tuesday,Motorist Failed to Yield - Sign-Controlled Intersection,14.0,May,Motorist Drive Out - Sign-Controlled Intersection,2008,17.0,No,O: No Injury,Female,Sport Utility,No,34.2073,-77.79663,Dry,5 - 15 MPH,Stop Sign,Clear,No,0,0,5
Yes,16.0,No,Facing Traffic,C: Possible Injury,Male,Wilmington,New Hanover,No,Tuesday,Motorist Failed to Yield - Midblock,16.0,May,Motorist Drive Out - Other Midblock,2008,27.0,No,O: No Injury,Female,Sport Utility,No,34.208218,-77.8872,Dry,Unknown,No Control Present,Clear,No,0,0,5
Yes,69.0,No,With Traffic,A: Suspected Serious Injury,Male,None - Rural Crash,Davidson,No,Wednesday,Motorist Failed to Yield - Sign-Controlled Intersection,17.0,May,Motorist Drive Out - Sign-Controlled Intersection,2008,40.0,No,O: No Injury,Female,Passenger Car,No,35.933884,-80.13701,Dry,40 - 45  MPH,Stop Sign,Cloudy,No,0,0,5
No,13.0,No,Unknown,O: No Injury,Male,Fuquay-Varina,Wake,No,Saturday,Bicyclist Failed to Yield - Midblock,11.0,May,Bicyclist Ride Out - Midblock - Unknown,2008,39.0,No,O: No Injury,Male,Pickup,No,35.591526,-78.79267,Dry,30 - 35  MPH,No Control Present,Clear,No,0,0,5
No,49.0,No,Unknown,C: Possible Injury,Male,Raleigh,Wake,No,Friday,Crossing Paths - Other Circumstances,12.0,May,Crossing Paths - Midblock - Other / Unknown,2008,42.03850604944766,Missing,Unknown Injury,Unknown,Unknown,Yes,35.77028,-78.62339,Dry,30 - 35  MPH,Missing,Clear,No,1,0,5
Yes,32.52649525389365,Missing,With Traffic,Unknown Injury,Unknown,Wilmington,New Hanover,No,Thursday,Motorist Overtaking Bicyclist,23.0,May,Motorist Overtaking - Misjudged Space,2008,42.03850604944766,Missing,Unknown Injury,Unknown,Unknown,Yes,34.233963,-77.84134,Dry,Unknown,Missing,Cloudy,No,1,1,5
Yes,14.0,No,Facing Traffic,B: Suspected Minor Injury,Male,Raleigh,Wake,No,Friday,Motorist Failed to Yield - Signalized Intersection,16.0,May,Motorist Drive Out - Right Turn on Red,2008,40.0,No,O: No Injury,Female,Passenger Car,No,35.841766,-78.68319,Wet,20 - 25  MPH,Stop And Go Signal,Cloudy,No,0,0,5
Yes,7.0,No,Not Applicable,C: Possible Injury,Male,Asheboro,Randolph,No,Saturday,Bicyclist Failed to Yield - Midblock,11.0,May,Bicyclist Ride Out - Other Midblock,2008,36.0,No,O: No Injury,Male,Sport Utility,No,35.69041,-79.79634,Dry,30 - 35  MPH,Missing,Clear,No,0,0,5
Yes,13.0,No,With Traffic,C: Possible Injury,Male,Salisbury,Rowan,No,Thursday,Bicyclist Right Turn / Merge,14.0,June,Bicyclist Right Turn - Same Direction,2008,58.0,No,O: No Injury,Female,Passenger Car,No,35.62853,-80.523865,Dry,50 - 55  MPH,Stop Sign,Clear,No,0,0,6
No,39.0,No,With Traffic,O: No Injury,Male,Charlotte,Mecklenburg,No,Friday,Bicyclist Failed to Yield - Signalized Intersection,7.0,June,Bicyclist Failed to Clear - Trapped,2008,28.0,No,O: No Injury,Female,Passenger Car,No,35.229076,-80.86702,Dry,30 - 35  MPH,Stop And Go Signal,Clear,No,0,0,6
Yes,51.0,No,With Traffic,C: Possible Injury,Male,None - Rural Crash,New Hanover,No,Sunday,Motorist Overtaking Bicyclist,15.0,May,Motorist Overtaking - Other / Unknown,2008,42.03850604944766,Missing,Unknown Injury,Unknown,Unknown,Yes,34.07567,-77.89495,Dry,Unknown,Missing,Clear,No,1,0,5
Yes,11.0,No,With Traffic,B: Suspected Minor Injury,Male,Whiteville,Columbus,No,Monday,Bicyclist Failed to Yield - Sign-Controlled Intersection,15.0,May,Bicyclist Ride Through - Sign-Controlled Intersection,2008,30.0,No,O: No Injury,Female,Sport Utility,No,34.328293,-78.69874,Dry,30 - 35  MPH,Stop Sign,Clear,No,0,0,5
Yes,63.0,No,Facing Traffic,C: Possible Injury,Male,Fayetteville,Cumberland,No,Monday,Head-On,10.0,May,Head-On - Bicyclist,2008,30.0,No,O: No Injury,Male,Passenger Car,No,35.091545,-79.01064,Dry,40 - 45  MPH,No Control Present,Clear,No,0,0,5
Yes,5.0,No,With Traffic,B: Suspected Minor Injury,Male,Greensboro,Guilford,No,Monday,Bicyclist Failed to Yield - Sign-Controlled Intersection,18.0,May,Bicyclist Ride Through - Sign-Controlled Intersection,2008,29.0,No,O: No Injury,Male,Passenger Car,No,36.07392,-79.866196,Dry,20 - 25  MPH,Stop Sign,Clear,No,0,0,5
Yes,43.0,No,Facing Traffic,C: Possible Injury,Male,Raleigh,Wake,No,Sunday,Bicyclist Overtaking Motorist,15.0,January,Bicyclist Overtaking - Other / Unknown,2008,51.0,No,O: No Injury,Male,Van,No,35.804806,-78.5922,Dry,30 - 35  MPH,Missing,Cloudy,No,0,0,1
No,15.0,No,Facing Traffic,C: Possible Injury,Male,Raleigh,Wake,No,Monday,Motorist Failed to Yield - Sign-Controlled Intersection,14.0,May,Motorist Drive Out - Sign-Controlled Intersection,2008,16.0,No,O: No Injury,Male,Sport Utility,No,35.892185,-78.71805,Dry,30 - 35  MPH,Stop Sign,Clear,No,0,0,5
No,57.0,No,With Traffic,C: Possible Injury,Male,None - Rural Crash,Sampson,No,Wednesday,Motorist Right Turn / Merge,5.0,May,Motorist Right Turn - Same Direction,2008,42.03850604944766,Missing,Unknown Injury,Unknown,Unknown,Yes,35.011982,-78.29511,Dry,50 - 55  MPH,"Double Yellow Line, No Passing Zone",Clear,No,1,0,5
No,54.0,No,With Traffic,O: No Injury,Male,Wesley Chapel,Union,No,Wednesday,Motorist Failed to Yield - Sign-Controlled Intersection,10.0,May,Motorist Drive Out - Sign-Controlled Intersection,2008,69.0,No,C: Possible Injury,Male,Sport Utility,No,35.019417,-80.69429,Dry,40 - 45  MPH,Stop Sign,Clear,No,0,0,5
Yes,53.0,No,With Traffic,B: Suspected Minor Injury,Male,Durham,Durham,No,Wednesday,Motorist Overtaking Bicyclist,18.0,June,Motorist Overtaking - Other / Unknown,2008,33.0,No,B: Suspected Minor Injury,Male,Motorcycle,No,35.987484,-78.96465,Dry,30 - 35  MPH,No Control Present,Clear,No,0,0,6
Yes,15.0,Yes,Facing Traffic,B: Suspected Minor Injury,Male,Kitty Hawk,Dare,Yes,Wednesday,Bicyclist Failed to Yield - Signalized Intersection,12.0,May,Bicyclist Ride Through - Signalized Intersection,2008,64.0,No,O: No Injury,Female,Passenger Car,No,36.098415,-75.723145,Dry,30 - 35  MPH,Stop And Go Signal,Clear,No,0,0,5
Yes,47.0,No,Not Applicable,C: Possible Injury,Male,Rocky Mount,Nash,No,Wednesday,Non-Roadway,17.0,May,Non-Roadway,2008,15.0,No,O: No Injury,Male,Sport Utility,No,35.970947,-77.81006,Dry,30 - 35  MPH,No Control Present,Cloudy,No,0,0,5
Yes,60.0,No,Facing Traffic,B: Suspected Minor Injury,Female,High Point,Guilford,No,Thursday,Head-On,7.0,May,Head-On - Bicyclist,2008,16.0,No,O: No Injury,Female,Passenger Car,No,36.037025,-79.933395,Dry,20 - 25  MPH,Missing,Clear,No,0,0,5
Yes,4.0,No,Not Applicable,C: Possible Injury,Male,Mount Olive,Wayne,No,Thursday,Bicyclist Failed to Yield - Midblock,18.0,May,Bicyclist Ride Out - Other Midblock,2008,40.0,No,O: No Injury,Male,Pickup,No,35.18987,-78.05798,Dry,30 - 35  MPH,Missing,Clear,No,0,0,5