AmbulanceR,BikeAge,BikeAlcFlg,BikeDir,BikeInjury,BikeSex,City,County,CrashAlcoh,CrashDay,CrashGrp,CrashHour,CrashMonth,CrashType,CrashYear,DrvrAge,DrvrAlcFlg,DrvrInjury,DrvrSex,DrvrVehTyp,HitRun,Latitude,Longitude,RdConditio,SpeedLimit,TraffCntrl,Weather,Workzone,DrvrAgeImputedFlag,BikeAgeImputedFlag,MonthCode
No,41.0,No,With Traffic,C: Possible Injury,Male,Cary,Wake,No,Monday,Motorist Right Turn / Merge,14.0,June,Motorist Right Turn - Same Direction,2008,24.0,No,O: No Injury,Female,Passenger Car,No,35.793232,-78.80526,Dry,40 - 45  MPH,No Control Present,Clear,No,0,0,6
No,30.0,No,With Traffic,C: Possible Injury,Male,Charlotte,Mecklenburg,No,Tuesday,Motorist Right Turn / Merge,19.0,June,Motorist Right Turn - Same Direction,2008,32.0,No,O: No Injury,Male,Passenger Car,No,35.183537,-80.83975,Dry,30 - 35  MPH,No Control Present,Clear,No,0,0,6
No,54.0,No,With Traffic,B: Suspected Minor Injury,Male,Charlotte,Mecklenburg,No,Tuesday,Motorist Right Turn / Merge,16.0,June,Motorist Right Turn - Same Direction,2008,30.0,No,O: No Injury,Male,Passenger Car,No,35.19547,-80.82752,Dry,30 - 35  MPH,No Control Present,Clear,No,0,0,6
No,50.0,No,Facing Traffic,C: Possible Injury,Male,Wilmington,New Hanover,No,Thursday,Motorist Failed to Yield - Midblock,12.0,May,Motorist Drive Out - Other Midblock,2008,24.0,No,O: No Injury,Female,Passenger Car,No,34.197,-77.92112,Dry,Unknown,Missing,"Fog, Smog, Smoke",No,0,0,5
No,20.0,No,With Traffic,Unknown Injury,Male,Chapel Hill,Orange,No,Saturday,Motorist Failed to Yield - Midblock,9.0,May,Motorist Drive Out - Residential Driveway,2008,22.0,No,O: No Injury,Male,Passenger Car,No,35.920486,-79.05174,Dry,20 - 25  MPH,Missing,Cloudy,No,0,0,5
Yes,9.0,No,With Traffic,B: Suspected Minor Injury,Male,Durham,Durham,No,Tuesday,Motorist Failed to Yield - Sign-Controlled Intersection,16.0,June,Motorist Drive Out - Sign-Controlled Intersection,2008,42.03850604944766,No,Unknown Injury,Unknown,Passenger Car,Yes,35.9904,-78.88058,Dry,Unknown,Stop Sign,Clear,No,1,0,6
No,40.0,No,With Traffic,C: Possible Injury,Male,Charlotte,Mecklenburg,No,Wednesday,Motorist Failed to Yield - Sign-Controlled Intersection,17.0,June,Motorist Drive Out - Sign-Controlled Intersection,2008,50.0,No,O: No Injury,Male,Sport Utility,No,35.16523,-80.82934,Dry,20 - 25  MPH,Stop Sign,Clear,No,0,0,6
Yes,24.0,No,Not Applicable,C: Possible Injury,Male,Wilmington,New Hanover,No,Sunday,Non-Roadway,20.0,June,Non-Roadway,2008,33.0,No,O: No Injury,Male,Passenger Car,No,34.238846,-77.90987,Wet,5 - 15 MPH,No Control Present,Rain,No,0,0,6
Yes,8.0,No,With Traffic,C: Possible Injury,Male,High Point,Guilford,No,Sunday,Bicyclist Failed to Yield - Sign-Controlled Intersection,19.0,May,Bicyclist Ride Through - Sign-Controlled Intersection,2008,24.0,No,O: No Injury,Female,Passenger Car,No,35.952705,-79.98966,Dry,20 - 25  MPH,Stop Sign,Clear,No,0,0,5
No,18.0,No,With Traffic,C: Possible Injury,Female,Indian Trail,Union,No,Monday,Motorist Left Turn / Merge,19.0,May,Motorist Left Turn - Opposite Direction,2008,32.0,No,O: No Injury,Male,Pickup,No,35.08552,-80.632675,Dry,30 - 35  MPH,"Double Yellow Line, No Passing Zone",Clear,No,0,0,5
Yes,48.0,No,With Traffic,B: Suspected Minor Injury,Male,Charlotte,Mecklenburg,No,Saturday,Motorist Failed to Yield - Sign-Controlled Intersection,12.0,June,Motorist Drive Out - Sign-Controlled Intersection,2008,49.0,No,O: No Injury,Female,Passenger Car,No,35.062042,-80.819725,Dry,30 - 35  MPH,Stop Sign,Clear,No,0,0,6
Yes,6.0,No,Not Applicable,C: Possible Injury,Male,Rocky Mount,Nash,No,Sunday,Bicyclist Failed to Yield - Midblock,21.0,May,Bicyclist Ride Out - Residential Driveway,2008,33.0,No,O: No Injury,Female,Passenger Car,No,35.952896,-77.79676,Dry,30 - 35  MPH,No Control Present,Clear,No,0,0,5
Yes,13.0,No,Unknown,C: Possible Injury,Male,Charlotte,Mecklenburg,No,Thursday,Bicyclist Failed to Yield - Midblock,21.0,June,Bicyclist Ride Out - Midblock - Unknown,2008,18.0,No,O: No Injury,Female,Passenger Car,No,35.25685,-80.85564,Dry,30 - 35  MPH,No Control Present,Cloudy,No,0,0,6
Yes,56.0,No,With Traffic,B: Suspected Minor Injury,Male,Chapel Hill,Orange,No,Wednesday,Head-On,9.0,May,Head-On - Motorist,2008,42.03850604944766,Missing,Unknown Injury,Unknown,Unknown,Yes,35.91102,-79.06128,Wet,20 - 25  MPH,"Double Yellow Line, No Passing Zone",Rain,No,1,0,5
Yes,27.0,No,Facing Traffic,O: No Injury,Male,Wilmington,New Hanover,No,Wednesday,Motorist Failed to Yield - Sign-Controlled Intersection,16.0,May,Motorist Drive Out - Sign-Controlled Intersection,2008,42.0,No,C: Possible Injury,Female,Passenger Car,No,34.224625,-77.94066,Dry,30 - 35  MPH,Stop Sign,Cloudy,No,0,0,5
Yes,20.0,No,Facing Traffic,B: Suspected Minor Injury,Male,None - Rural Crash,Rowan,No,Thursday,Motorist Failed to Yield - Sign-Controlled Intersection,15.0,May,Motorist Drive Out - Sign-Controlled Intersection,2008,22.0,No,O: No Injury,Female,Passenger Car,No,35.53421,-80.665764,Dry,40 - 45  MPH,Stop Sign,Clear,No,0,0,5
No,16.0,No,With Traffic,A: Suspected Serious Injury,Male,Fuquay-Varina,Wake,No,Thursday,Bicyclist Failed to Yield - Sign-Controlled Intersection,20.0,May,Bicyclist Ride Through - Sign-Controlled Intersection,2008,50.0,No,O: No Injury,Male,Passenger Car,No,35.610947,-78.81494,Dry,40 - 45  MPH,Stop Sign,Clear,No,0,0,5
No,51.0,Yes,With Traffic,C: Possible Injury,Male,Greensboro,Guilford,Yes,Thursday,Bicyclist Left Turn / Merge,15.0,May,Bicyclist Left Turn - Opposite Direction,2008,37.0,No,O: No Injury,Female,Pickup,No,36.06323,-79.8154,Dry,30 - 35  MPH,Missing,Clear,No,0,0,5
No,16.0,No,With Traffic,B: Suspected Minor Injury,Female,Rocky Mount,Edgecombe,No,Friday,Bicyclist Failed to Yield - Sign-Controlled Intersection,15.0,May,Bicyclist Ride Through - Sign-Controlled Intersection,2008,36.0,No,O: No Injury,Male,Passenger Car,No,35.948402,-77.784836,Dry,30 - 35  MPH,Stop Sign,Clear,No,0,0,5
Yes,29.0,No,Facing Traffic,C: Possible Injury,Female,Kinston,Lenoir,No,Friday,Crossing Paths - Other Circumstances,14.0,June,Signalized Intersection - Other / Unknown,2008,22.0,No,O: No Injury,Female,Sport Utility,No,35.263767,-77.582695,Dry,30 - 35  MPH,Stop And Go Signal,Clear,No,0,0,6
Yes,16.0,No,Facing Traffic,B: Suspected Minor Injury,Male,Winston-Salem,Forsyth,No,Thursday,Motorist Failed to Yield - Midblock,18.0,May,Motorist Drive Out - Other Midblock,2008,35.0,No,O: No Injury,Male,Pickup,No,36.069992,-80.270195,Dry,30 - 35  MPH,Missing,Clear,No,0,0,5
No,19.0,No,With Traffic,B: Suspected Minor Injury,Male,New Bern,Craven,Yes,Friday,Bicyclist Right Turn / Merge,17.0,May,Bicyclist Right Turn - Same Direction,2008,36.0,Yes,B: Suspected Minor Injury,Male,Pedalcycle,No,35.12312,-77.08765,Dry,Unknown,Missing,Clear,No,0,0,5
Yes,24.0,No,Facing Traffic,C: Possible Injury,Male,Raleigh,Wake,No,Friday,Motorist Failed to Yield - Sign-Controlled Intersection,15.0,May,Motorist Drive Out - Sign-Controlled Intersection,2008,39.0,No,O: No Injury,Male,Sport Utility,No,35.76662,-78.70022,Dry,30 - 35  MPH,Stop Sign,Clear,No,0,0,5
Yes,30.0,No,Facing Traffic,C: Possible Injury,Male,Wilmington,New Hanover,No,Friday,Motorist Failed to Yield - Midblock,7.0,May,Motorist Drive Out - Commercial Driveway / Alley,2008,29.0,No,O: No Injury,Female,Passenger Car,No,34.239353,-77.90949,Dry,30 - 35  MPH,No Control Present,Clear,No,0,0,5
No,45.0,No,With Traffic,B: Suspected Minor Injury,Male,Smithfield,Johnston,No,Saturday,Motorist Overtaking Bicyclist,14.0,May,Motorist Overtaking - Other / Unknown,2008,42.03850604944766,Missing,Unknown Injury,Unknown,Pickup,Yes,35.518208,-78.3724,Dry,40 - 45  MPH,Missing,Clear,No,1,0,5
Yes,43.0,No,With Traffic,C: Possible Injury,Female,High Point,Guilford,No,Friday,Loss of Control / Turning Error,18.0,June,Bicyclist Lost Control - Other / Unknown,2008,44.0,No,O: No Injury,Male,Passenger Car,No,35.9747,-80.00581,Dry,30 - 35  MPH,Yield Sign,Clear,No,0,0,6
Yes,48.0,No,Not Applicable,C: Possible Injury,Male,Salisbury,Rowan,No,Monday,Non-Roadway,9.0,June,Non-Roadway,2008,62.0,No,O: No Injury,Male,Pickup,No,35.69908,-80.53168,Dry,5 - 15 MPH,No Control Present,Clear,No,0,0,6
Yes,28.0,No,Not Applicable,B: Suspected Minor Injury,Male,Greensboro,Guilford,No,Saturday,Bicyclist Failed to Yield - Midblock,15.0,June,Bicyclist Ride Out - Commercial Driveway / Alley,2008,30.0,No,O: No Injury,Female,Sport Utility,No,36.086765,-79.72056,Dry,30 - 35  MPH,Missing,Clear,No,0,0,6
Yes,50.0,No,With Traffic,B: Suspected Minor Injury,Male,None - Rural Crash,Chatham,No,Sunday,Motorist Left Turn / Merge,10.0,June,Motorist Left Turn - Opposite Direction,2008,56.0,No,O: No Injury,Male,Passenger Car,No,35.815178,-79.24839,Dry,50 - 55  MPH,"Double Yellow Line, No Passing Zone",Clear,No,0,0,6
Yes,12.0,No,With Traffic,B: Suspected Minor Injury,Male,None - Rural Crash,Johnston,No,Saturday,Bicyclist Left Turn / Merge,15.0,June,Bicyclist Left Turn - Same Direction,2008,20.0,No,O: No Injury,Female,Passenger Car,No,35.550182,-78.48825,Dry,50 - 55  MPH,No Control Present,Clear,No,0,0,6
Yes,9.0,No,With Traffic,C: Possible Injury,Male,Greensboro,Guilford,No,Sunday,Loss of Control / Turning Error,18.0,June,Bicyclist Lost Control - Mechanical Problems,2008,59.0,No,O: No Injury,Male,Passenger Car,No,36.056427,-79.78743,Dry,30 - 35  MPH,Missing,Clear,No,0,0,6
Yes,20.0,No,With Traffic,B: Suspected Minor Injury,Male,Greensboro,Guilford,No,Thursday,Motorist Overtaking Bicyclist,23.0,June,Motorist Overtaking - Other / Unknown,2008,42.03850604944766,Missing,Unknown Injury,Unknown,Unknown,Yes,36.040337,-79.842,Dry,30 - 35  MPH,Stop And Go Signal,Clear,No,1,0,6
No,19.0,No,Facing Traffic,B: Suspected Minor Injury,Male,Chapel Hill,Orange,No,Thursday,Crossing Paths - Other Circumstances,12.0,June,Sign-Controlled Intersection - Other / Unknown,2008,42.03850604944766,Missing,Unknown Injury,Unknown,Unknown,Yes,35.961514,-79.055115,Dry,Unknown,Stop Sign,Clear,No,1,0,6
Yes,59.0,No,With Traffic,K: Killed,Male,None - Rural Crash,Orange,No,Tuesday,Loss of Control / Turning Error,8.0,June,Motorist Lost Control - Other / Unknown,2008,26.0,No,C: Possible Injury,Male,Sport Utility,No,36.104633,-78.99193,Dry,50 - 55  MPH,"Double Yellow Line, No Passing Zone",Clear,No,0,0,6
Yes,42.0,No,With Traffic,B: Suspected Minor Injury,Male,Durham,Durham,No,Sunday,Motorist Left Turn / Merge,20.0,June,Motorist Left Turn - Opposite Direction,2008,36.0,No,O: No Injury,Male,Passenger Car,No,36.013245,-78.91214,Wet,20 - 25  MPH,Stop Sign,Rain,No,0,0,6
No,17.0,No,Facing Traffic,B: Suspected Minor Injury,Male,None - Rural Crash,Mcdowell,No,Tuesday,Loss of Control / Turning Error,11.0,July,Motorist Lost Control - Other / Unknown,2008,42.03850604944766,Missing,Unknown Injury,Unknown,Sport Utility,Yes,35.642353,-82.25692,"Sand, Mud, Dirt, Gravel",50 - 55  MPH,No Control Present,Clear,No,1,0,7
Yes,45.0,No,Not Applicable,C: Possible Injury,Female,Sharpsburg,Nash,No,Sunday,Bicyclist Failed to Yield - Midblock,18.0,February,Bicyclist Ride Out - Commercial Driveway / Alley,2008,21.0,No,O: No Injury,Female,Passenger Car,No,35.861263,-77.833145,Dry,40 - 45  MPH,Missing,Clear,No,0,0,2
Yes,12.0,No,With Traffic,B: Suspected Minor Injury,Female,None - Rural Crash,Johnston,No,Monday,Bicyclist Failed to Yield - Sign-Controlled Intersection,17.0,May,Bicyclist Ride Through - Sign-Controlled Intersection,2008,44.0,No,O: No Injury,Female,Passenger Car,No,35.65964,-78.39025,Dry,20 - 25  MPH,Stop Sign,Cloudy,No,0,0,5
Yes,42.0,No,With Traffic,B: Suspected Minor Injury,Male,Cary,Wake,No,Wednesday,Motorist Left Turn / Merge,6.0,July,Motorist Left Turn - Opposite Direction,2008,54.0,No,O: No Injury,Male,Passenger Car,No,35.79643,-78.80274,Dry,30 - 35  MPH,No Control Present,Clear,No,0,0,7
No,67.0,No,With Traffic,B: Suspected Minor Injury,Male,None - Rural Crash,Wake,No,Thursday,Motorist Left Turn / Merge,10.0,June,Motorist Left Turn - Same Direction,2008,46.0,No,O: No Injury,Male,Truck/Trailer,No,35.914074,-78.68185,Dry,40 - 45  MPH,Stop And Go Signal,Clear,No,0,0,6
No,16.0,No,Unknown,B: Suspected Minor Injury,Male,Belmont,Gaston,No,Wednesday,Bicyclist Failed to Yield - Midblock,7.0,June,Bicyclist Ride Out - Midblock - Unknown,2008,42.0,No,O: No Injury,Male,Pickup,No,35.224236,-81.03848,Dry,20 - 25  MPH,No Control Present,Clear,No,0,0,6
Yes,55.0,No,With Traffic,B: Suspected Minor Injury,Male,Durham,Durham,No,Wednesday,Motorist Right Turn / Merge,12.0,July,Motorist Right Turn - Same Direction,2008,47.0,No,O: No Injury,Male,Commercial Bus,No,36.00001,-78.90937,Dry,20 - 25  MPH,Stop And Go Signal,Clear,No,0,0,7
Yes,60.0,No,Unknown,O: No Injury,Male,Jacksonville,Onslow,No,Friday,Crossing Paths - Other Circumstances,17.0,June,Signalized Intersection - Other / Unknown,2008,44.0,No,C: Possible Injury,Male,Pedalcycle,No,34.744915,-77.37928,Dry,Unknown,Stop And Go Signal,Clear,No,0,0,6
No,59.0,No,With Traffic,B: Suspected Minor Injury,Male,Kannapolis,Cabarrus,No,Thursday,Motorist Failed to Yield - Sign-Controlled Intersection,16.0,May,Motorist Drive Out - Sign-Controlled Intersection,2008,58.0,No,O: No Injury,Female,Sport Utility,No,35.47311,-80.60955,Dry,30 - 35  MPH,Stop Sign,Clear,No,0,0,5
No,9.0,No,Unknown,B: Suspected Minor Injury,Male,None - Rural Crash,Nash,No,Wednesday,Bicyclist Failed to Yield - Midblock,14.0,June,Bicyclist Ride Out - Midblock - Unknown,2008,60.0,No,O: No Injury,Male,Passenger Car,No,35.790688,-78.14152,Dry,50 - 55  MPH,Missing,Clear,No,0,0,6
Yes,13.0,No,With Traffic,B: Suspected Minor Injury,Male,None - Rural Crash,Cumberland,No,Wednesday,Bicyclist Left Turn / Merge,20.0,June,Bicyclist Left Turn - Same Direction,2008,36.0,No,O: No Injury,Female,Passenger Car,No,35.016933,-78.940125,Dry,30 - 35  MPH,"Double Yellow Line, No Passing Zone",Clear,No,0,0,6
No,4.0,No,Not Applicable,C: Possible Injury,Male,Washington,Beaufort,No,Wednesday,Bicyclist Failed to Yield - Midblock,19.0,June,Bicyclist Ride Out - Midblock - Unknown,2008,67.0,No,O: No Injury,Male,Sport Utility,No,35.561565,-77.05946,Dry,30 - 35  MPH,No Control Present,Clear,No,0,0,6
No,36.0,No,With Traffic,C: Possible Injury,Male,Matthews,Mecklenburg,No,Tuesday,Motorist Left Turn / Merge,20.0,June,Motorist Left Turn - Opposite Direction,2008,46.0,No,O: No Injury,Female,Sport Utility,No,35.108196,-80.72909,Dry,30 - 35  MPH,Stop And Go Signal,Clear,No,0,0,6
Yes,47.0,No,Facing Traffic,O: No Injury,Female,Rocky Mount,Nash,No,Tuesday,Motorist Failed to Yield - Midblock,8.0,June,Motorist Drive Out - Commercial Driveway / Alley,2008,35.0,No,O: No Injury,Female,"Light Truck (Mini-Van, Panel)",No,35.944237,-77.79645,Dry,20 - 25  MPH,No Control Present,Clear,No,0,0,6
No,32.0,No,Facing Traffic,B: Suspected Minor Injury,Male,Chapel Hill,Orange,No,Tuesday,Motorist Failed to Yield - Sign-Controlled Intersection,15.0,June,Motorist Drive Out - Sign-Controlled Intersection,2008,21.0,No,O: No Injury,Male,Passenger Car,No,35.909306,-79.05818,Dry,20 - 25  MPH,Stop Sign,Clear,No,0,0,6
No,16.0,No,Not Applicable,B: Suspected Minor Injury,Male,None - Rural Crash,Vance,No,Wednesday,Bicyclist Failed to Yield - Midblock,19.0,June,Bicyclist Ride Out - Residential Driveway,2008,42.0,No,O: No Injury,Female,"Light Truck (Mini-Van, Panel)",No,36.30854,-78.2812,Dry,40 - 45  MPH,"Double Yellow Line, No Passing Zone",Clear,No,0,0,6
Yes,49.0,Yes,With Traffic,A: Suspected Serious Injury,Male,Kinston,Lenoir,Yes,Thursday,Bicyclist Failed to Yield - Sign-Controlled Intersection,20.0,July,Bicyclist Ride Out - Sign-Controlled Intersection,2008,21.0,No,O: No Injury,Male,Passenger Car,No,35.263607,-77.5725,Dry,30 - 35  MPH,No Control Present,Cloudy,No,0,0,7
No,17.0,No,Not Applicable,O: No Injury,Male,Fuquay-Varina,Wake,No,Wednesday,Non-Roadway,20.0,June,Non-Roadway,2008,25.0,No,O: No Injury,Female,Passenger Car,No,35.593967,-78.78105,Dry,20 - 25  MPH,No Control Present,Clear,No,0,0,6
Yes,8.0,No,With Traffic,C: Possible Injury,Male,Mount Olive,Wayne,No,Saturday,Motorist Overtaking Bicyclist,17.0,May,Motorist Overtaking - Other / Unknown,2008,42.03850604944766,Missing,Unknown Injury,Unknown,Sport Utility,Yes,35.19148,-78.06532,Dry,20 - 25  MPH,No Control Present,Clear,No,1,0,5
Yes,13.0,No,Unknown,C: Possible Injury,Female,Black Mountain,Buncombe,No,Wednesday,Bicyclist Failed to Yield - Midblock,16.0,June,Multiple Threat - Midblock,2008,35.0,No,O: No Injury,Male,Sport Utility,No,35.618202,-82.32121,Dry,20 - 25  MPH,Missing,Clear,No,0,0,6
No,30.0,No,Facing Traffic,Unknown Injury,Male,Charlotte,Mecklenburg,No,Friday,Motorist Failed to Yield - Sign-Controlled Intersection,9.0,July,Motorist Drive Out - Sign-Controlled Intersection,2008,41.0,No,O: No Injury,Male,Passenger Car,No,35.216145,-80.78719,Dry,30 - 35  MPH,No Control Present,Cloudy,No,0,0,7
Yes,13.0,No,Not Applicable,A: Suspected Serious Injury,Male,Greensboro,Guilford,No,Monday,Bicyclist Failed to Yield - Sign-Controlled Intersection,9.0,June,Bicyclist Ride Through - Sign-Controlled Intersection,2008,61.0,No,O: No Injury,Male,Passenger Car,No,36.05916,-79.79984,Dry,20 - 25  MPH,Stop Sign,Clear,No,0,0,6
Yes,55.0,No,Not Applicable,B: Suspected Minor Injury,Male,Charlotte,Mecklenburg,No,Saturday,Non-Roadway,16.0,July,Non-Roadway,2008,50.0,No,Unknown Injury,Male,"Single Unit Truck (2-Axle, 6-Tire)",No,35.24916,-80.81554,Dry,5 - 15 MPH,No Control Present,Clear,No,0,0,7
Yes,62.0,No,Facing Traffic,B: Suspected Minor Injury,Male,Salisbury,Rowan,No,Saturday,Head-On,13.0,July,Head-On - Bicyclist,2008,38.0,No,O: No Injury,Female,Passenger Car,No,35.67207,-80.483986,Dry,20 - 25  MPH,No Control Present,Clear,No,0,0,7
Yes,14.0,No,Facing Traffic,B: Suspected Minor Injury,Male,None - Rural Crash,Pender,No,Friday,Bicyclist Failed to Yield - Sign-Controlled Intersection,15.0,June,Bicyclist Ride Out - Sign-Controlled Intersection,2008,41.0,No,O: No Injury,Female,Passenger Car,No,34.40286,-77.63013,Dry,30 - 35  MPH,Stop Sign,Clear,No,0,0,6
No,20.0,No,With Traffic,C: Possible Injury,Male,Raleigh,Wake,No,Wednesday,Motorist Right Turn / Merge,16.0,June,Motorist Right Turn - Same Direction,2008,42.03850604944766,Missing,Unknown Injury,Unknown,Unknown,Yes,35.77832,-78.64352,Dry,30 - 35  MPH,Stop And Go Signal,Clear,No,1,0,6
Yes,16.0,No,With Traffic,B: Suspected Minor Injury,Male,Raleigh,Wake,No,Thursday,Bicyclist Failed to Yield - Sign-Controlled Intersection,7.0,May,Bicyclist Ride Through - Sign-Controlled Intersection,2008,61.0,No,O: No Injury,Female,Van,No,35.790977,-78.65692,Dry,20 - 25  MPH,Stop Sign,Clear,No,0,0,5
Yes,7.0,No,With Traffic,B: Suspected Minor Injury,Male,Raleigh,Wake,No,Saturday,Bicyclist Failed to Yield - Sign-Controlled Intersection,17.0,May,Bicyclist Ride Through - Sign-Controlled Intersection,2008,43.0,No,O: No Injury,Female,Passenger Car,No,35.72741,-78.56337,Dry,30 - 35  MPH,Stop Sign,Clear,No,0,0,5
Yes,24.0,No,Unknown,B: Suspected Minor Injury,Male,Charlotte,Mecklenburg,No,Tuesday,Bicyclist Failed to Yield - Midblock,15.0,July,Bicyclist Ride Out - Midblock - Unknown,2008,25.0,No,O: No Injury,Male,Passenger Car,No,35.21991,-80.80578,Dry,30 - 35  MPH,No Control Present,Clear,No,0,0,7
No,22.0,No,Not Applicable,C: Possible Injury,Male,Charlotte,Mecklenburg,No,Tuesday,Non-Roadway,21.0,July,Non-Roadway,2008,47.0,No,O: No Injury,Male,Passenger Car,No,35.255974,-80.89093,Dry,5 - 15 MPH,No Control Present,Clear,No,0,0,7
No,21.0,No,Facing Traffic,B: Suspected Minor Injury,Male,Kitty Hawk,Dare,No,Saturday,Motorist Failed to Yield - Sign-Controlled Intersection,8.0,June,Motorist Drive Out - Sign-Controlled Intersection,2008,21.0,No,O: No Injury,Male,Sport Utility,No,36.0943,-75.71072,Dry,20 - 25  MPH,Stop Sign,"Fog, Smog, Smoke",No,0,0,6
Yes,23.0,No,Not Applicable,B: Suspected Minor Injury,Male,Dunn,Harnett,No,Thursday,Non-Roadway,21.0,June,Non-Roadway,2008,54.0,No,O: No Injury,Female,Passenger Car,No,35.315926,-78.628914,Dry,30 - 35  MPH,No Control Present,Clear,No,0,0,6
Yes,19.0,No,With Traffic,C: Possible Injury,Male,Raleigh,Wake,No,Wednesday,Motorist Left Turn / Merge,19.0,June,Motorist Left Turn - Opposite Direction,2008,35.0,No,O: No Injury,Male,Pickup,No,35.79248,-78.6828,Dry,30 - 35  MPH,No Control Present,Clear,No,0,0,6
No,59.0,No,With Traffic,C: Possible Injury,Female,Raleigh,Wake,No,Sunday,Motorist Overtaking Bicyclist,11.0,June,Motorist Overtaking - Misjudged Space,2008,27.0,No,O: No Injury,Female,Passenger Car,No,35.78379,-78.699745,Dry,40 - 45  MPH,No Control Present,Clear,No,0,0,6
Yes,33.0,No,With Traffic,B: Suspected Minor Injury,Male,Durham,Durham,No,Tuesday,Bicyclist Left Turn / Merge,15.0,July,Bicyclist Left Turn - Same Direction,2008,58.0,No,O: No Injury,Male,Pickup,No,36.033424,-78.9733,Dry,30 - 35  MPH,No Control Present,Clear,No,0,0,7
Yes,46.0,No,With Traffic,B: Suspected Minor Injury,Male,Charlotte,Mecklenburg,No,Tuesday,Motorist Right Turn / Merge,17.0,July,Motorist Right Turn - Same Direction,2008,23.0,No,O: No Injury,Female,Passenger Car,No,35.238174,-80.87542,Dry,5 - 15 MPH,No Control Present,Clear,No,0,0,7
Yes,25.0,No,With Traffic,C: Possible Injury,Male,Sylva,Jackson,No,Monday,Bicyclist Failed to Yield - Signalized Intersection,18.0,June,Bicyclist Ride Through - Signalized Intersection,2008,31.0,No,O: No Injury,Male,Pickup,No,35.37444,-83.21311,Dry,20 - 25  MPH,Stop And Go Signal,Clear,No,0,0,6
Yes,30.0,Yes,With Traffic,B: Suspected Minor Injury,Male,None - Rural Crash,Vance,Yes,Sunday,Motorist Overtaking Bicyclist,14.0,June,Motorist Overtaking - Bicyclist Swerved,2008,69.0,No,O: No Injury,Male,Passenger Car,No,36.503418,-78.41159,Dry,50 - 55  MPH,No Control Present,Clear,No,0,0,6
Yes,20.0,No,With Traffic,B: Suspected Minor Injury,Male,Asheville,Buncombe,No,Sunday,Motorist Right Turn / Merge,21.0,June,Motorist Right Turn - Same Direction,2008,21.0,No,O: No Injury,Male,Passenger Car,No,35.620354,-82.5574,Dry,30 - 35  MPH,No Control Present,Clear,No,0,0,6
No,58.0,No,Not Applicable,B: Suspected Minor Injury,Male,None - Rural Crash,Union,No,Monday,Bicyclist Failed to Yield - Midblock,8.0,June,Bicyclist Ride Out - Residential Driveway,2008,44.0,No,O: No Injury,Female,Passenger Car,No,35.13089,-80.50273,Dry,50 - 55  MPH,No Control Present,Clear,No,0,0,6
Yes,19.0,No,With Traffic,C: Possible Injury,Male,Wilmington,New Hanover,No,Monday,Motorist Failed to Yield - Midblock,21.0,June,Motorist Drive Out - Commercial Driveway / Alley,2008,42.03850604944766,Missing,Unknown Injury,Unknown,Passenger Car,Yes,34.239124,-77.910675,Dry,40 - 45  MPH,No Control Present,Clear,No,1,0,6
Yes,55.0,No,Facing Traffic,C: Possible Injury,Female,Wilmington,New Hanover,No,Saturday,Motorist Failed to Yield - Signalized Intersection,15.0,June,Motorist Drive Out - Right Turn on Red,2008,23.0,No,O: No Injury,Female,Sport Utility,No,34.24367,-77.88386,Dry,40 - 45  MPH,Stop And Go Signal,Clear,No,0,0,6
Yes,56.0,No,Unknown,C: Possible Injury,Male,Charlotte,Mecklenburg,No,Friday,Bicyclist Failed to Yield - Midblock,14.0,July,Bicyclist Ride Out - Midblock - Unknown,2008,38.0,No,O: No Injury,Female,Passenger Car,No,35.263206,-80.77167,Dry,40 - 45  MPH,No Control Present,Clear,No,0,0,7
No,17.0,No,Facing Traffic,C: Possible Injury,Male,Oak Island,Brunswick,No,Monday,Bicyclist Failed to Yield - Signalized Intersection,16.0,June,Bicyclist Ride Through - Signalized Intersection,2008,52.0,No,O: No Injury,Male,Sport Utility,No,33.91208,-78.10599,Dry,30 - 35  MPH,Stop And Go Signal,Clear,No,0,0,6
No,51.0,No,With Traffic,B: Suspected Minor Injury,Male,Lumberton,Robeson,No,Thursday,Bicyclist Left Turn / Merge,18.0,June,Bicyclist Left Turn - Same Direction,2008,36.0,No,O: No Injury,Female,Passenger Car,No,34.620483,-78.98112,Dry,40 - 45  MPH,No Control Present,Clear,No,0,0,6
Yes,8.0,No,Not Applicable,B: Suspected Minor Injury,Male,New Bern,Craven,No,Friday,Non-Roadway,15.0,June,Non-Roadway,2008,26.0,No,O: No Injury,Male,Passenger Car,No,35.121933,-77.05094,Dry,Unknown,No Control Present,Clear,No,0,0,6
No,54.0,No,With Traffic,C: Possible Injury,Male,None - Rural Crash,Guilford,No,Monday,Motorist Failed to Yield - Sign-Controlled Intersection,20.0,June,Motorist Drive Out - Sign-Controlled Intersection,2008,40.0,No,O: No Injury,Male,Passenger Car,No,35.98577,-79.82786,Dry,30 - 35  MPH,Stop Sign,Clear,No,0,0,6
No,18.0,No,Not Applicable,O: No Injury,Male,None - Rural Crash,Chatham,No,Thursday,Non-Roadway,17.0,July,Non-Roadway,2008,36.0,No,O: No Injury,Female,Van,No,35.845215,-79.09031,Dry,5 - 15 MPH,No Control Present,Clear,No,0,0,7
Yes,10.0,No,With Traffic,O: No Injury,Female,Kinston,Lenoir,No,Tuesday,Bicyclist Failed to Yield - Sign-Controlled Intersection,7.0,July,Bicyclist Ride Out - Sign-Controlled Intersection,2008,57.0,No,O: No Injury,Female,Pickup,No,35.258755,-77.574585,Dry,30 - 35  MPH,Stop Sign,Clear,No,0,0,7