AmbulanceR,BikeAge,BikeAlcFlg,BikeDir,BikeInjury,BikeSex,City,County,CrashAlcoh,CrashDay,CrashGrp,CrashHour,CrashMonth,CrashType,CrashYear,DrvrAge,DrvrAlcFlg,DrvrInjury,DrvrSex,DrvrVehTyp,HitRun,Latitude,Longitude,RdConditio,SpeedLimit,TraffCntrl,Weather,Workzone,DrvrAgeImputedFlag,BikeAgeImputedFlag,MonthCode
No,47.0,No,Facing Traffic,O: No Injury,Male,Raleigh,Wake,No,Monday,Motorist Failed to Yield - Sign-Controlled Intersection,11.0,June,Motorist Drive Out - Sign-Controlled Intersection,2008,20.0,No,O: No Injury,Female,Sport Utility,No,35.788147,-78.63429,Dry,30 - 35  MPH,Stop Sign,Clear,No,0,0,6
Yes,8.0,No,With Traffic,A: Suspected Serious Injury,Male,Selma,Johnston,No,Tuesday,Bicyclist Failed to Yield - Sign-Controlled Intersection,13.0,June,Bicyclist Ride Out - Sign-Controlled Intersection,2008,60.0,No,O: No Injury,Male,Van,No,35.533504,-78.28684,Dry,30 - 35  MPH,Stop Sign,Clear,No,0,0,6
Yes,21.0,No,Facing Traffic,C: Possible Injury,Male,Chadbourn,Columbus,No,Friday,Motorist Failed to Yield - Midblock,12.0,June,Motorist Drive Out - Commercial Driveway / Alley,2008,52.0,No,O: No Injury,Male,Pickup,No,34.329674,-78.826515,Dry,30 - 35  MPH,Missing,Clear,No,0,0,6
Yes,23.0,No,Facing Traffic,B: Suspected Minor Injury,Female,Greensboro,Guilford,No,Monday,Motorist Failed to Yield - Sign-Controlled Intersection,13.0,May,Motorist Drive Out - Sign-Controlled Intersection,2008,47.0,No,O: No Injury,Female,Passenger Car,No,36.064526,-79.805244,Dry,20 - 25  MPH,Stop Sign,Clear,No,0,0,5
Yes,15.0,No,With Traffic,C: Possible Injury,Male,Greensboro,Guilford,No,Sunday,Crossing Paths - Other Circumstances,16.0,June,Sign-Controlled Intersection - Other / Unknown,2008,42.03850604944766,Missing,Unknown Injury,Unknown,Passenger Car,Yes,36.05287,-79.83858,Dry,30 - 35  MPH,Stop Sign,Clear,No,1,0,6
Yes,9.0,No,With Traffic,Unknown Injury,Female,Charlotte,Mecklenburg,No,Tuesday,Loss of Control / Turning Error,20.0,July,Bicyclist Lost Control - Mechanical Problems,2008,36.0,No,O: No Injury,Female,Passenger Car,No,35.275047,-80.77439,Dry,30 - 35  MPH,Stop Sign,Cloudy,No,0,0,7
No,32.52649525389365,No,Facing Traffic,C: Possible Injury,Male,Chapel Hill,Orange,No,Saturday,Motorist Failed to Yield - Sign-Controlled Intersection,13.0,June,Motorist Drive Out - Sign-Controlled Intersection,2008,51.0,No,O: No Injury,Female,Passenger Car,No,35.911037,-79.06613,Dry,20 - 25  MPH,Stop Sign,Clear,No,0,1,6
Yes,55.0,No,Facing Traffic,C: Possible Injury,Male,Fayetteville,Cumberland,No,Monday,Motorist Failed to Yield - Sign-Controlled Intersection,14.0,June,Motorist Drive Out - Sign-Controlled Intersection,2008,41.0,No,O: No Injury,Male,Pickup,No,35.045437,-78.92428,Dry,30 - 35  MPH,Stop And Go Signal,Clear,No,0,0,6
Yes,18.0,No,With Traffic,K: Killed,Male,Jacksonville,Onslow,Yes,Saturday,Motorist Overtaking Bicyclist,23.0,June,Motorist Overtaking - Undetected Bicyclist,2008,23.0,Yes,O: No Injury,Male,Passenger Car,Yes,34.731853,-77.34956,Dry,50 - 55  MPH,No Control Present,Clear,No,0,0,6
No,18.0,No,With Traffic,O: No Injury,Male,Salisbury,Rowan,No,Tuesday,Bicyclist Left Turn / Merge,19.0,June,Bicyclist Left Turn - Same Direction,2008,52.0,No,O: No Injury,Male,Passenger Car,No,35.690636,-80.470795,Dry,40 - 45  MPH,No Control Present,Clear,No,0,0,6
No,46.0,No,With Traffic,B: Suspected Minor Injury,Female,Asheville,Buncombe,No,Tuesday,Loss of Control / Turning Error,16.0,June,Bicyclist Turning Error - Right Turn,2008,47.0,No,O: No Injury,Male,Passenger Car,No,35.578396,-82.59454,Dry,30 - 35  MPH,Stop And Go Signal,Clear,No,0,0,6
Yes,50.0,Yes,Facing Traffic,B: Suspected Minor Injury,Male,Fayetteville,Cumberland,Yes,Sunday,Bicyclist Failed to Yield - Signalized Intersection,22.0,July,Bicyclist Failed to Clear - Trapped,2008,29.0,No,O: No Injury,Female,Sport Utility,No,35.09333,-78.95497,Wet,40 - 45  MPH,Stop And Go Signal,Rain,No,0,0,7
Yes,7.0,No,Not Applicable,C: Possible Injury,Female,None - Rural Crash,Gaston,No,Thursday,Bicyclist Failed to Yield - Midblock,17.0,June,Bicyclist Ride Out - Commercial Driveway / Alley,2008,16.0,No,O: No Injury,Male,Pickup,No,35.2701,-81.18493,Dry,20 - 25  MPH,No Control Present,Cloudy,No,0,0,6
No,51.0,No,With Traffic,C: Possible Injury,Male,Morganton,Burke,No,Friday,Motorist Overtaking Bicyclist,7.0,June,Motorist Overtaking - Misjudged Space,2008,50.0,No,O: No Injury,Female,Passenger Car,No,35.729275,-81.694145,Dry,30 - 35  MPH,Stop And Go Signal,Clear,No,0,0,6
Yes,32.0,No,With Traffic,B: Suspected Minor Injury,Female,None - Rural Crash,Chatham,No,Saturday,Other / Unusual Circumstances,16.0,June,Motorist Intentionally Caused,2008,32.0,No,Unknown Injury,Unknown,Unknown,Yes,35.615547,-79.039185,Dry,50 - 55  MPH,"Double Yellow Line, No Passing Zone",Clear,No,0,0,6
Yes,12.0,No,Facing Traffic,C: Possible Injury,Female,High Point,Guilford,No,Saturday,Motorist Left Turn / Merge,16.0,June,Motorist Left Turn - Same Direction,2008,21.0,No,O: No Injury,Female,Pickup,No,35.971474,-79.9556,Dry,30 - 35  MPH,No Control Present,Clear,No,0,0,6
No,28.0,No,With Traffic,B: Suspected Minor Injury,Male,Charlotte,Mecklenburg,No,Monday,Motorist Right Turn / Merge,7.0,July,Motorist Right Turn - Same Direction,2008,46.0,No,O: No Injury,Male,Passenger Car,No,35.251648,-80.870995,Dry,30 - 35  MPH,No Control Present,Cloudy,No,0,0,7
Yes,23.0,No,With Traffic,B: Suspected Minor Injury,Male,Bogue,Carteret,No,Sunday,Motorist Failed to Yield - Midblock,14.0,June,Motorist Drive Out - Commercial Driveway / Alley,2008,61.0,No,O: No Injury,Female,Sport Utility,No,34.698208,-77.04089,Dry,Unknown,Missing,Cloudy,No,0,0,6
No,66.0,No,With Traffic,C: Possible Injury,Male,None - Rural Crash,Davidson,No,Monday,Motorist Failed to Yield - Signalized Intersection,10.0,June,Motorist Drive Through - Signalized Intersection,2008,32.0,No,O: No Injury,Female,Passenger Car,No,35.94856,-80.12185,Dry,50 - 55  MPH,Stop And Go Signal,Clear,No,0,0,6
Yes,13.0,No,With Traffic,B: Suspected Minor Injury,Male,Forest City,Rutherford,No,Monday,Motorist Failed to Yield - Sign-Controlled Intersection,14.0,June,Motorist Drive Out - Sign-Controlled Intersection,2008,40.0,No,O: No Injury,Female,Passenger Car,No,35.321865,-81.863304,Dry,30 - 35  MPH,Missing,Clear,No,0,0,6
No,45.0,No,With Traffic,C: Possible Injury,Female,None - Rural Crash,Guilford,No,Monday,Motorist Failed to Yield - Sign-Controlled Intersection,11.0,June,Motorist Drive Out - Sign-Controlled Intersection,2008,39.0,No,O: No Injury,Male,Passenger Car,No,36.078373,-79.97107,Dry,30 - 35  MPH,Stop Sign,Clear,No,0,0,6
Yes,41.0,No,With Traffic,B: Suspected Minor Injury,Male,Matthews,Mecklenburg,No,Monday,Motorist Left Turn / Merge,18.0,June,Motorist Left Turn - Opposite Direction,2008,19.0,No,O: No Injury,Male,Passenger Car,No,35.11411,-80.684875,Dry,30 - 35  MPH,No Control Present,Clear,No,0,0,6
No,10.0,No,With Traffic,C: Possible Injury,Male,None - Rural Crash,Caldwell,No,Tuesday,Bicyclist Failed to Yield - Sign-Controlled Intersection,18.0,July,Bicyclist Ride Through - Sign-Controlled Intersection,2008,23.0,No,O: No Injury,Female,Passenger Car,No,35.779556,-81.36601,Dry,20 - 25  MPH,Stop Sign,Clear,No,0,0,7
Yes,42.0,No,Not Applicable,Unknown Injury,Male,Enfield,Halifax,No,Wednesday,Non-Roadway,2.0,July,Non-Roadway,2008,31.0,No,O: No Injury,Male,Passenger Car,No,36.174496,-77.66825,Wet,Unknown,Missing,Clear,No,0,0,7
Yes,59.0,No,Facing Traffic,C: Possible Injury,Female,None - Rural Crash,Cumberland,No,Monday,Head-On,21.0,May,Head-On - Bicyclist,2008,25.0,No,O: No Injury,Female,Passenger Car,No,35.002033,-78.92637,Dry,40 - 45  MPH,"Double Yellow Line, No Passing Zone",Clear,No,0,0,5
Yes,50.0,No,With Traffic,B: Suspected Minor Injury,Male,None - Rural Crash,Wake,No,Tuesday,Bicyclist Overtaking Motorist,12.0,June,Bicyclist Overtaking - Other / Unknown,2008,37.0,No,O: No Injury,Male,"Light Truck (Mini-Van, Panel)",No,35.85431,-78.72562,Dry,40 - 45  MPH,"Double Yellow Line, No Passing Zone",Clear,No,0,0,6
No,18.0,No,With Traffic,B: Suspected Minor Injury,Male,Weaverville,Buncombe,No,Saturday,Motorist Overtaking Bicyclist,14.0,May,Motorist Overtaking - Bicyclist Swerved,2008,35.0,No,O: No Injury,Female,Passenger Car,No,35.676983,-82.57612,Dry,40 - 45  MPH,No Control Present,Clear,No,0,0,5
Yes,46.0,No,Facing Traffic,C: Possible Injury,Male,Gastonia,Gaston,No,Friday,Motorist Failed to Yield - Signalized Intersection,8.0,June,Motorist Drive Out - Signalized Intersection,2008,30.0,No,O: No Injury,Female,Passenger Car,No,35.26524,-81.19767,Dry,30 - 35  MPH,Stop And Go Signal,Clear,No,0,0,6
Yes,55.0,No,With Traffic,B: Suspected Minor Injury,Male,Wilmington,New Hanover,No,Wednesday,Motorist Failed to Yield - Midblock,15.0,May,Motorist Drive Out - Other Midblock,2008,50.0,No,O: No Injury,Male,"Single Unit Truck (2-Axle, 6-Tire)",No,34.23721,-77.92708,Dry,30 - 35  MPH,No Control Present,Clear,No,0,0,5
Yes,16.0,No,Not Applicable,C: Possible Injury,Male,Jacksonville,Onslow,No,Thursday,Motorist Failed to Yield - Sign-Controlled Intersection,17.0,July,Motorist Drive Through - Sign-Controlled Intersection,2008,52.0,No,O: No Injury,Male,Pickup,No,34.783054,-77.42494,Dry,30 - 35  MPH,Other,Cloudy,No,0,0,7
Yes,53.0,Yes,With Traffic,B: Suspected Minor Injury,Male,Asheboro,Randolph,Yes,Thursday,Crossing Paths - Other Circumstances,20.0,July,Signalized Intersection - Other / Unknown,2008,43.0,No,O: No Injury,Female,Sport Utility,No,35.73708,-79.808174,Dry,30 - 35  MPH,Stop And Go Signal,Clear,No,0,0,7
Yes,45.0,No,With Traffic,C: Possible Injury,Male,Huntersville,Mecklenburg,No,Thursday,Motorist Left Turn / Merge,15.0,July,Motorist Left Turn - Opposite Direction,2008,37.0,No,O: No Injury,Female,Passenger Car,No,35.44578,-80.86641,Dry,40 - 45  MPH,Stop Sign,Clear,No,0,0,7
Yes,56.0,No,With Traffic,B: Suspected Minor Injury,Male,Durham,Durham,No,Friday,Motorist Left Turn / Merge,6.0,August,Motorist Left Turn - Opposite Direction,2008,26.0,No,O: No Injury,Male,Pickup,No,36.08323,-78.93262,Dry,30 - 35  MPH,No Control Present,Clear,No,0,0,8
No,22.0,No,Facing Traffic,B: Suspected Minor Injury,Male,Fayetteville,Cumberland,No,Saturday,Motorist Failed to Yield - Sign-Controlled Intersection,12.0,June,Motorist Drive Out - Sign-Controlled Intersection,2008,26.0,No,O: No Injury,Male,"Single Unit Truck (2-Axle, 6-Tire)",No,35.021713,-78.96188,Dry,20 - 25  MPH,Stop Sign,Cloudy,No,0,0,6
Yes,23.0,No,Facing Traffic,C: Possible Injury,Male,Charlotte,Mecklenburg,No,Saturday,Motorist Failed to Yield - Midblock,15.0,August,Motorist Drive Out - Commercial Driveway / Alley,2008,48.0,No,O: No Injury,Male,Passenger Car,No,35.17623,-80.79761,Dry,5 - 15 MPH,No Control Present,Clear,No,0,0,8
Yes,17.0,No,With Traffic,C: Possible Injury,Male,None - Rural Crash,Cleveland,No,Saturday,Motorist Overtaking Bicyclist,15.0,August,Motorist Overtaking - Other / Unknown,2008,53.0,No,O: No Injury,Female,Passenger Car,No,35.28306,-81.36092,Dry,40 - 45  MPH,"Double Yellow Line, No Passing Zone",Clear,No,0,0,8
No,47.0,Yes,With Traffic,C: Possible Injury,Male,None - Rural Crash,Cumberland,Yes,Friday,Motorist Overtaking Bicyclist,13.0,July,Motorist Overtaking - Other / Unknown,2008,45.0,No,O: No Injury,Male,Passenger Car,No,34.934715,-78.92013,Dry,40 - 45  MPH,"Double Yellow Line, No Passing Zone",Clear,No,0,0,7
Yes,35.0,No,Facing Traffic,C: Possible Injury,Male,Elizabeth City,Pasquotank,No,Friday,Head-On,12.0,July,Head-On - Bicyclist,2008,66.0,No,O: No Injury,Male,Passenger Car,No,36.295673,-76.21452,Dry,20 - 25  MPH,"Double Yellow Line, No Passing Zone",Clear,No,0,0,7
Yes,53.0,No,Not Applicable,C: Possible Injury,Male,Goldsboro,Wayne,No,Saturday,Non-Roadway,20.0,July,Non-Roadway,2008,42.03850604944766,Missing,Unknown Injury,Unknown,Unknown,Yes,35.374554,-77.99026,Wet,Unknown,Missing,Rain,No,1,0,7
Yes,7.0,No,Facing Traffic,Unknown Injury,Male,Charlotte,Mecklenburg,No,Saturday,Crossing Paths - Other Circumstances,19.0,August,Sign-Controlled Intersection - Other / Unknown,2008,54.0,No,O: No Injury,Male,Passenger Car,No,35.30968,-80.8675,Dry,30 - 35  MPH,No Control Present,Clear,No,0,0,8
No,49.0,No,With Traffic,C: Possible Injury,Male,None - Rural Crash,Rowan,No,Monday,Motorist Overtaking Bicyclist,9.0,July,Motorist Overtaking - Undetected Bicyclist,2008,41.0,No,O: No Injury,Male,Pickup,No,35.560066,-80.47568,Dry,50 - 55  MPH,"Double Yellow Line, No Passing Zone",Cloudy,No,0,0,7
Yes,25.0,No,With Traffic,B: Suspected Minor Injury,Male,Indian Trail,Union,No,Monday,Motorist Right Turn / Merge,0.0,July,Motorist Right Turn - Same Direction,2008,27.0,No,O: No Injury,Female,Passenger Car,No,35.06479,-80.671364,Dry,40 - 45  MPH,"Double Yellow Line, No Passing Zone",Clear,No,0,0,7
Yes,13.0,No,Not Applicable,B: Suspected Minor Injury,Male,Boone,Watauga,Yes,Monday,Non-Roadway,21.0,July,Non-Roadway,2008,48.0,Yes,O: No Injury,Male,Passenger Car,No,36.20754,-81.67233,Dry,Unknown,No Control Present,Clear,No,0,0,7
Yes,17.0,No,Not Applicable,C: Possible Injury,Female,None - Rural Crash,Wayne,No,Monday,Non-Roadway,18.0,July,Non-Roadway,2008,33.0,No,O: No Injury,Male,Pickup,No,35.293125,-78.016136,Dry,Unknown,No Control Present,Clear,No,0,0,7
Yes,34.0,No,With Traffic,C: Possible Injury,Male,None - Rural Crash,Cumberland,No,Tuesday,Motorist Overtaking Bicyclist,23.0,July,Motorist Overtaking - Other / Unknown,2008,42.03850604944766,Missing,Unknown Injury,Unknown,Unknown,Yes,35.01393,-78.93631,Wet,40 - 45  MPH,Missing,Cloudy,No,1,0,7
Yes,27.0,No,Facing Traffic,B: Suspected Minor Injury,Male,Greensboro,Guilford,No,Monday,Motorist Failed to Yield - Sign-Controlled Intersection,22.0,June,Motorist Drive Out - Sign-Controlled Intersection,2008,29.0,No,O: No Injury,Male,Passenger Car,No,36.115932,-79.8921,Dry,30 - 35  MPH,Stop Sign,Clear,No,0,0,6
No,32.0,No,Facing Traffic,C: Possible Injury,Male,Greensboro,Guilford,No,Tuesday,Motorist Failed to Yield - Sign-Controlled Intersection,21.0,July,Motorist Drive Out - Sign-Controlled Intersection,2008,35.0,No,O: No Injury,Male,Pickup,No,36.059258,-79.78492,Dry,30 - 35  MPH,Stop Sign,Clear,No,0,0,7
Yes,15.0,No,With Traffic,C: Possible Injury,Male,None - Rural Crash,Cumberland,No,Wednesday,Motorist Overtaking Bicyclist,22.0,July,Motorist Overtaking - Undetected Bicyclist,2008,42.03850604944766,Missing,Unknown Injury,Unknown,Unknown,Yes,34.977806,-78.746635,Dry,50 - 55  MPH,"Double Yellow Line, No Passing Zone",Clear,No,1,0,7
Yes,15.0,No,With Traffic,A: Suspected Serious Injury,Male,None - Rural Crash,Pasquotank,No,Sunday,Bicyclist Left Turn / Merge,20.0,August,Bicyclist Left Turn - Same Direction,2008,21.0,No,O: No Injury,Male,Passenger Car,No,36.254017,-76.27165,Dry,40 - 45  MPH,No Control Present,Clear,No,0,0,8
No,49.0,No,With Traffic,C: Possible Injury,Male,Raleigh,Wake,No,Monday,Motorist Failed to Yield - Sign-Controlled Intersection,16.0,July,Motorist Drive Out - Sign-Controlled Intersection,2008,66.0,No,O: No Injury,Male,Pickup,No,35.944706,-78.54482,Dry,30 - 35  MPH,Stop Sign,Clear,No,0,0,7
Yes,23.0,No,With Traffic,B: Suspected Minor Injury,Male,Raleigh,Wake,No,Tuesday,Motorist Failed to Yield - Midblock,10.0,June,Motorist Drive Out - Residential Driveway,2008,61.0,No,O: No Injury,Female,Passenger Car,No,35.872013,-78.65837,Dry,20 - 25  MPH,No Control Present,Clear,No,0,0,6
Yes,17.0,No,Facing Traffic,C: Possible Injury,Male,Charlotte,Mecklenburg,No,Friday,Motorist Right Turn / Merge,15.0,August,Motorist Right Turn - Opposite Direction,2008,47.0,No,O: No Injury,Female,Passenger Car,No,35.224506,-80.892555,Dry,5 - 15 MPH,No Control Present,Clear,No,0,0,8
No,15.0,No,Facing Traffic,O: No Injury,Male,Raleigh,Wake,No,Thursday,Motorist Failed to Yield - Midblock,13.0,July,Motorist Drive Out - Commercial Driveway / Alley,2008,36.0,No,O: No Injury,Male,Passenger Car,No,35.85637,-78.646545,Dry,30 - 35  MPH,Missing,Clear,No,0,0,7
Yes,15.0,No,With Traffic,B: Suspected Minor Injury,Male,Wilmington,New Hanover,No,Sunday,Bicyclist Failed to Yield - Signalized Intersection,16.0,July,Bicyclist Ride Through - Signalized Intersection,2008,39.0,No,O: No Injury,Female,Van,No,34.229424,-77.92801,Dry,30 - 35  MPH,Stop And Go Signal,Clear,No,0,0,7
No,53.0,No,With Traffic,B: Suspected Minor Injury,Male,Wrightsville Beach,New Hanover,No,Thursday,Bicyclist Failed to Yield - Sign-Controlled Intersection,11.0,July,Bicyclist Ride Through - Sign-Controlled Intersection,2008,27.0,No,O: No Injury,Male,Police,No,34.215057,-77.806206,Dry,20 - 25  MPH,Stop Sign,Cloudy,No,0,0,7
No,23.0,No,With Traffic,B: Suspected Minor Injury,Male,Charlotte,Mecklenburg,No,Saturday,Motorist Failed to Yield - Sign-Controlled Intersection,16.0,August,Motorist Drive Out - Sign-Controlled Intersection,2008,18.0,No,O: No Injury,Female,Passenger Car,No,35.08383,-81.00445,Dry,40 - 45  MPH,Stop Sign,Clear,No,0,0,8
Yes,13.0,No,With Traffic,A: Suspected Serious Injury,Male,Smithfield,Johnston,No,Friday,Bicyclist Failed to Yield - Sign-Controlled Intersection,14.0,July,Bicyclist Ride Through - Sign-Controlled Intersection,2008,42.03850604944766,Missing,Unknown Injury,Unknown,Passenger Car,Yes,35.53835,-78.35243,Wet,20 - 25  MPH,Stop Sign,Clear,No,1,0,7
No,15.0,No,Facing Traffic,B: Suspected Minor Injury,Male,New Bern,Craven,No,Thursday,Motorist Failed to Yield - Sign-Controlled Intersection,13.0,June,Motorist Drive Out - Sign-Controlled Intersection,2008,42.03850604944766,Missing,Unknown Injury,Unknown,Unknown,Yes,35.110786,-77.06393,Dry,20 - 25  MPH,Stop Sign,Clear,No,1,0,6
Yes,25.0,No,Facing Traffic,B: Suspected Minor Injury,Male,Charlotte,Mecklenburg,No,Friday,Bicyclist Failed to Yield - Signalized Intersection,12.0,August,Bicyclist Ride Through - Signalized Intersection,2008,23.0,No,O: No Injury,Male,Sport Utility,No,35.167076,-80.742386,Dry,40 - 45  MPH,Missing,Clear,No,0,0,8
Yes,50.0,No,With Traffic,C: Possible Injury,Male,Kinston,Lenoir,No,Tuesday,Motorist Overtaking Bicyclist,6.0,August,Motorist Overtaking - Undetected Bicyclist,2008,21.0,No,O: No Injury,Male,Passenger Car,No,35.242184,-77.58858,Dry,40 - 45  MPH,No Control Present,Clear,No,0,0,8
Yes,53.0,No,With Traffic,C: Possible Injury,Male,None - Rural Crash,Robeson,Yes,Sunday,Motorist Overtaking Bicyclist,21.0,July,Motorist Overtaking - Misjudged Space,2008,22.0,Yes,O: No Injury,Male,Passenger Car,No,34.644405,-79.14084,Dry,50 - 55  MPH,No Control Present,Clear,No,0,0,7
Yes,14.0,No,With Traffic,A: Suspected Serious Injury,Female,None - Rural Crash,Pender,No,Sunday,Bicyclist Left Turn / Merge,0.0,August,Bicyclist Left Turn - Same Direction,2008,24.0,No,O: No Injury,Female,Passenger Car,No,34.39259,-77.917274,Dry,50 - 55  MPH,No Control Present,Clear,No,0,0,8
Yes,20.0,No,With Traffic,C: Possible Injury,Male,Charlotte,Mecklenburg,No,Tuesday,Bicyclist Failed to Yield - Signalized Intersection,14.0,August,Bicyclist Failed to Clear - Trapped,2008,20.0,No,O: No Injury,Male,Pickup,No,35.302578,-80.7291,Dry,40 - 45  MPH,Stop And Go Signal,Clear,No,0,0,8
No,12.0,No,Unknown,C: Possible Injury,Male,Stanley,Gaston,No,Wednesday,Other / Unknown - Insufficient Details,18.0,July,Unknown Approach Paths,2008,38.0,No,O: No Injury,Female,Sport Utility,No,35.3492,-81.09425,Dry,30 - 35  MPH,Stop And Go Signal,Clear,No,0,0,7
Yes,16.0,No,With Traffic,C: Possible Injury,Male,Kannapolis,Cabarrus,No,Tuesday,Crossing Paths - Other Circumstances,19.0,July,Signalized Intersection - Other / Unknown,2008,19.0,No,O: No Injury,Female,Sport Utility,No,35.48901,-80.62782,Dry,30 - 35  MPH,Stop And Go Signal,Clear,No,0,0,7
Yes,23.0,No,With Traffic,A: Suspected Serious Injury,Male,Cary,Wake,No,Wednesday,Motorist Overtaking Bicyclist,19.0,August,Motorist Overtaking - Other / Unknown,2008,42.03850604944766,Missing,Unknown Injury,Unknown,Passenger Car,Yes,35.782394,-78.78043,Wet,30 - 35  MPH,Stop And Go Signal,Cloudy,No,1,0,8
Yes,46.0,No,With Traffic,O: No Injury,Male,Durham,Durham,No,Monday,Bicyclist Left Turn / Merge,19.0,August,Bicyclist Left Turn - Same Direction,2008,64.0,No,O: No Injury,Female,Passenger Car,No,35.96203,-78.90884,Dry,30 - 35  MPH,No Control Present,Clear,No,0,0,8
Yes,19.0,No,Facing Traffic,C: Possible Injury,Female,Kill Devil Hills,Dare,No,Monday,Bicyclist Failed to Yield - Signalized Intersection,7.0,July,Bicyclist Ride Out - Signalized  Intersection,2008,50.0,No,O: No Injury,Female,Passenger Car,No,36.013344,-75.66092,Dry,30 - 35  MPH,Stop And Go Signal,Clear,No,0,0,7
Yes,13.0,No,Not Applicable,A: Suspected Serious Injury,Male,None - Rural Crash,Madison,No,Wednesday,Bicyclist Failed to Yield - Midblock,19.0,July,Bicyclist Ride Out - Residential Driveway,2008,35.0,No,O: No Injury,Female,Passenger Car,No,35.795677,-82.859695,Dry,40 - 45  MPH,"Double Yellow Line, No Passing Zone",Clear,No,0,0,7
Yes,45.0,No,With Traffic,A: Suspected Serious Injury,Male,None - Rural Crash,Guilford,No,Thursday,Bicyclist Left Turn / Merge,10.0,July,Bicyclist Left Turn - Same Direction,2008,23.0,No,O: No Injury,Male,Passenger Car,No,36.199123,-79.95364,Dry,40 - 45  MPH,"Double Yellow Line, No Passing Zone",Clear,No,0,0,7
Yes,14.0,No,Not Applicable,B: Suspected Minor Injury,Male,Atlantic Beach,Carteret,No,Thursday,Bicyclist Failed to Yield - Midblock,20.0,July,Bicyclist Ride Out - Midblock - Unknown,2008,48.0,No,O: No Injury,Male,Passenger Car,No,34.70116,-76.738716,Dry,30 - 35  MPH,No Control Present,Clear,No,0,0,7
Yes,17.0,No,With Traffic,B: Suspected Minor Injury,Male,Garland,Sampson,No,Saturday,Bicyclist Left Turn / Merge,21.0,July,Bicyclist Left Turn - Same Direction,2008,57.0,No,O: No Injury,Female,Passenger Car,No,34.79218,-78.39989,Dry,30 - 35  MPH,"Double Yellow Line, No Passing Zone",Clear,No,0,0,7
No,12.0,No,With Traffic,O: No Injury,Male,Fayetteville,Cumberland,No,Friday,Motorist Overtaking Bicyclist,16.0,August,Motorist Overtaking - Bicyclist Swerved,2008,25.0,No,O: No Injury,Female,Passenger Car,No,35.078556,-78.988945,Dry,20 - 25  MPH,No Control Present,Clear,No,0,0,8
Yes,44.0,Yes,With Traffic,K: Killed,Male,Charlotte,Mecklenburg,Yes,Friday,Bicyclist Failed to Yield - Sign-Controlled Intersection,23.0,August,Bicyclist Ride Out - Sign-Controlled Intersection,2008,24.0,Yes,O: No Injury,Male,Passenger Car,No,35.210926,-80.75905,Dry,30 - 35  MPH,No Control Present,Clear,No,0,0,8
Yes,44.0,No,With Traffic,A: Suspected Serious Injury,Male,Charlotte,Mecklenburg,No,Friday,Crossing Paths - Other Circumstances,19.0,August,Signalized Intersection - Other / Unknown,2008,19.0,No,O: No Injury,Female,Passenger Car,No,35.21954,-80.83612,Wet,30 - 35  MPH,Stop And Go Signal,Cloudy,No,0,0,8
Yes,54.0,No,With Traffic,B: Suspected Minor Injury,Male,Charlotte,Mecklenburg,No,Friday,Motorist Overtaking Bicyclist,19.0,August,Motorist Overtaking - Undetected Bicyclist,2008,38.0,No,O: No Injury,Male,Passenger Car,No,35.4133,-80.82001,Dry,40 - 45  MPH,No Control Present,Cloudy,No,0,0,8
Yes,38.0,No,With Traffic,C: Possible Injury,Male,Charlotte,Mecklenburg,No,Friday,Motorist Failed to Yield - Sign-Controlled Intersection,21.0,August,Motorist Drive Out - Sign-Controlled Intersection,2008,24.0,No,O: No Injury,Female,Passenger Car,No,35.253983,-80.85607,Dry,20 - 25  MPH,Stop Sign,Cloudy,No,0,0,8
Yes,27.0,No,With Traffic,B: Suspected Minor Injury,Male,None - Rural Crash,Catawba,No,Saturday,Motorist Overtaking Bicyclist,10.0,August,Motorist Overtaking - Misjudged Space,2008,56.0,No,O: No Injury,Male,Passenger Car,No,35.5703,-81.26084,Dry,50 - 55  MPH,"Double Yellow Line, No Passing Zone",Clear,No,0,0,8
Yes,44.0,Yes,With Traffic,A: Suspected Serious Injury,Male,None - Rural Crash,Robeson,Yes,Tuesday,Bicyclist Left Turn / Merge,15.0,August,Bicyclist Left Turn - Same Direction,2008,56.0,No,O: No Injury,Female,Van,No,34.69965,-79.12625,Dry,50 - 55  MPH,No Control Present,Cloudy,No,0,0,8
No,44.0,No,With Traffic,C: Possible Injury,Male,Spring Lake,Cumberland,No,Tuesday,Motorist Failed to Yield - Sign-Controlled Intersection,11.0,August,Motorist Drive Out - Sign-Controlled Intersection,2008,46.0,No,O: No Injury,Male,Passenger Car,No,35.169724,-78.97773,Dry,20 - 25  MPH,Stop Sign,Clear,No,0,0,8
Yes,20.0,No,With Traffic,C: Possible Injury,Male,None - Rural Crash,Pasquotank,No,Wednesday,Motorist Overtaking Bicyclist,0.0,August,Motorist Overtaking - Other / Unknown,2008,42.03850604944766,Missing,Unknown Injury,Unknown,Pickup,Yes,36.251125,-76.253235,Dry,Unknown,"Double Yellow Line, No Passing Zone",Clear,No,1,0,8
No,59.0,No,With Traffic,B: Suspected Minor Injury,Male,Wilmington,New Hanover,No,Thursday,Motorist Left Turn / Merge,20.0,July,Motorist Left Turn - Opposite Direction,2008,18.0,No,O: No Injury,Male,Pickup,No,34.213295,-77.886246,Dry,40 - 45  MPH,Stop Sign,Clear,No,0,0,7