AmbulanceR,BikeAge,BikeAlcFlg,BikeDir,BikeInjury,BikeSex,City,County,CrashAlcoh,CrashDay,CrashGrp,CrashHour,CrashMonth,CrashType,CrashYear,DrvrAge,DrvrAlcFlg,DrvrInjury,DrvrSex,DrvrVehTyp,HitRun,Latitude,Longitude,RdConditio,SpeedLimit,TraffCntrl,Weather,Workzone,DrvrAgeImputedFlag,BikeAgeImputedFlag,MonthCode
No,32.52649525389365,Missing,With Traffic,Unknown Injury,Unknown,None - Rural Crash,Durham,No,Friday,Motorist Failed to Yield - Sign-Controlled Intersection,15.0,July,Motorist Drive Out - Sign-Controlled Intersection,2008,43.0,No,Unknown Injury,Unknown,Pedalcycle,Yes,35.90534,-78.86064,Dry,Unknown,Stop Sign,Cloudy,No,0,1,7
No,55.0,No,With Traffic,B: Suspected Minor Injury,Female,Kill Devil Hills,Dare,No,Friday,Motorist Left Turn / Merge,5.0,July,Motorist Left Turn - Opposite Direction,2008,22.0,No,O: No Injury,Male,Pickup,No,36.04426,-75.67556,Dry,30 - 35  MPH,Stop Sign,Cloudy,No,0,0,7
Yes,15.0,No,Facing Traffic,C: Possible Injury,Male,Charlotte,Mecklenburg,No,Thursday,Motorist Failed to Yield - Signalized Intersection,17.0,June,Motorist Drive Out - Right Turn on Red,2008,20.0,No,O: No Injury,Male,Passenger Car,Yes,35.214172,-80.771255,Dry,30 - 35  MPH,Stop And Go Signal,Cloudy,No,0,0,6
No,43.0,No,With Traffic,O: No Injury,Female,Emerald Isle,Carteret,No,Saturday,Motorist Right Turn / Merge,10.0,July,Motorist Right Turn - Same Direction,2008,40.0,No,O: No Injury,Male,"Light Truck (Mini-Van, Panel)",No,34.66549,-77.03229,Dry,30 - 35  MPH,No Control Present,Clear,No,0,0,7
Yes,13.0,No,With Traffic,B: Suspected Minor Injury,Male,None - Rural Crash,Franklin,No,Sunday,Bicyclist Left Turn / Merge,19.0,July,Bicyclist Left Turn - Same Direction,2008,18.0,No,O: No Injury,Male,Pickup,No,35.966187,-78.4048,Dry,50 - 55  MPH,"Double Yellow Line, No Passing Zone",Clear,No,0,0,7
Yes,69.0,No,With Traffic,B: Suspected Minor Injury,Male,Winston-Salem,Forsyth,No,Monday,Motorist Failed to Yield - Sign-Controlled Intersection,10.0,July,Motorist Drive Out - Sign-Controlled Intersection,2008,28.0,No,O: No Injury,Female,Passenger Car,No,36.097767,-80.279305,Dry,30 - 35  MPH,Stop Sign,Clear,No,0,0,7
Yes,63.0,No,Facing Traffic,C: Possible Injury,Male,Chapel Hill,Orange,No,Monday,Motorist Failed to Yield - Signalized Intersection,13.0,July,Motorist Drive Out - Right Turn on Red,2008,62.0,No,O: No Injury,Male,Passenger Car,No,35.935272,-79.056015,Dry,30 - 35  MPH,Stop And Go Signal,Clear,No,0,0,7
Yes,16.0,No,Not Applicable,B: Suspected Minor Injury,Male,None - Rural Crash,Catawba,No,Tuesday,Bicyclist Failed to Yield - Midblock,15.0,July,Bicyclist Ride Out - Residential Driveway,2008,30.0,No,O: No Injury,Female,Passenger Car,No,35.754204,-81.2828,Dry,20 - 25  MPH,Missing,Clear,No,0,0,7
Yes,57.0,Yes,Facing Traffic,B: Suspected Minor Injury,Male,Charlotte,Mecklenburg,Yes,Monday,Crossing Paths - Other Circumstances,23.0,August,Signalized Intersection - Other / Unknown,2008,24.0,No,O: No Injury,Male,Passenger Car,No,35.12967,-80.94197,Dry,40 - 45  MPH,Stop And Go Signal,Clear,No,0,0,8
Yes,67.0,No,With Traffic,B: Suspected Minor Injury,Male,Winston-Salem,Forsyth,No,Sunday,Motorist Failed to Yield - Sign-Controlled Intersection,15.0,July,Motorist Drive Out - Sign-Controlled Intersection,2008,42.03850604944766,Missing,Unknown Injury,Unknown,Sport Utility,Yes,36.10496,-80.27945,Dry,30 - 35  MPH,Stop Sign,Clear,No,1,0,7
No,36.0,No,Not Applicable,B: Suspected Minor Injury,Male,Whitsett,Guilford,No,Friday,Non-Roadway,16.0,July,Non-Roadway,2008,39.0,No,O: No Injury,Female,Sport Utility,No,36.073055,-79.586586,Dry,5 - 15 MPH,Yield Sign,Clear,No,0,0,7
No,8.0,No,Not Applicable,C: Possible Injury,Male,Dunn,Harnett,No,Friday,Bicyclist Failed to Yield - Midblock,14.0,July,Bicyclist Ride Out - Other Midblock,2008,45.0,No,O: No Injury,Female,Sport Utility,No,35.326668,-78.607834,Wet,40 - 45  MPH,Missing,Rain,No,0,0,7
Yes,27.0,No,Facing Traffic,B: Suspected Minor Injury,Male,Lumberton,Robeson,No,Saturday,Motorist Failed to Yield - Midblock,12.0,July,Motorist Drive Out - Commercial Driveway / Alley,2008,42.03850604944766,Missing,Unknown Injury,Unknown,Unknown,Yes,34.63186,-78.99183,Wet,40 - 45  MPH,Missing,Cloudy,No,1,0,7
No,34.0,No,With Traffic,O: No Injury,Male,Fayetteville,Cumberland,No,Friday,Motorist Failed to Yield - Sign-Controlled Intersection,15.0,June,Motorist Drive Out - Sign-Controlled Intersection,2008,16.0,No,O: No Injury,Female,Sport Utility,No,35.033077,-78.92226,Dry,20 - 25  MPH,Stop Sign,Clear,No,0,0,6
Yes,64.0,No,With Traffic,B: Suspected Minor Injury,Female,Sunset Beach,Brunswick,No,Thursday,Motorist Left Turn / Merge,8.0,July,Motorist Left Turn - Opposite Direction,2008,57.0,No,O: No Injury,Female,Van,No,33.871372,-78.4944,Wet,30 - 35  MPH,Missing,Cloudy,No,0,0,7
No,24.0,No,Facing Traffic,C: Possible Injury,Female,Greensboro,Guilford,No,Tuesday,Motorist Failed to Yield - Signalized Intersection,7.0,July,Motorist Drive Out - Right Turn on Red,2008,56.0,No,O: No Injury,Male,Passenger Car,No,36.076824,-79.79371,Dry,20 - 25  MPH,Stop And Go Signal,Clear,No,0,0,7
No,32.52649525389365,No,With Traffic,O: No Injury,Male,Fayetteville,Cumberland,No,Tuesday,Motorist Left Turn / Merge,17.0,July,Motorist Left Turn - Opposite Direction,2008,19.0,No,O: No Injury,Male,Passenger Car,No,35.10562,-78.99515,Dry,40 - 45  MPH,Stop And Go Signal,Cloudy,No,0,1,7
No,17.0,No,With Traffic,B: Suspected Minor Injury,Male,Charlotte,Mecklenburg,No,Monday,Motorist Failed to Yield - Midblock,15.0,August,Motorist Drive Out - Commercial Driveway / Alley,2008,28.0,No,O: No Injury,Male,Van,No,35.2199,-80.835915,Dry,5 - 15 MPH,Missing,Clear,No,0,0,8
Yes,19.0,No,With Traffic,O: No Injury,Male,Raleigh,Wake,No,Tuesday,Crossing Paths - Other Circumstances,5.0,July,Signalized Intersection - Other / Unknown,2008,35.0,No,B: Suspected Minor Injury,Male,Pedalcycle,No,35.777718,-78.61408,Dry,Unknown,Stop And Go Signal,Cloudy,No,0,0,7
Yes,22.0,No,With Traffic,C: Possible Injury,Male,Gastonia,Gaston,No,Tuesday,Parallel Paths - Other Circumstances,11.0,July,Parallel Paths - Other / Unknown,2008,42.03850604944766,Missing,Unknown Injury,Unknown,Unknown,Yes,35.26518,-81.16983,Dry,40 - 45  MPH,No Control Present,Clear,No,1,0,7
Yes,52.0,Yes,Facing Traffic,C: Possible Injury,Male,None - Rural Crash,New Hanover,Yes,Wednesday,Motorist Failed to Yield - Midblock,17.0,July,Motorist Drive Out - Residential Driveway,2008,40.0,Yes,O: No Injury,Male,Sport Utility,No,34.11319,-77.90065,Dry,50 - 55  MPH,Missing,Cloudy,No,0,0,7
Yes,22.0,No,With Traffic,B: Suspected Minor Injury,Female,Asheville,Buncombe,No,Thursday,Motorist Overtaking Bicyclist,6.0,July,Motorist Overtaking - Undetected Bicyclist,2008,25.0,No,O: No Injury,Male,Passenger Car,No,35.584393,-82.46161,Dry,40 - 45  MPH,No Control Present,Clear,No,0,0,7
No,27.0,No,With Traffic,C: Possible Injury,Male,Raleigh,Wake,No,Wednesday,Motorist Right Turn / Merge,10.0,July,Motorist Right Turn - Same Direction,2008,26.0,No,O: No Injury,Female,Sport Utility,No,35.798965,-78.66034,Dry,30 - 35  MPH,No Control Present,Clear,No,0,0,7
Yes,62.0,No,With Traffic,C: Possible Injury,Male,None - Rural Crash,Rutherford,No,Friday,Bicyclist Left Turn / Merge,8.0,July,Bicyclist Left Turn - Same Direction,2008,68.0,No,O: No Injury,Female,Van,No,35.43488,-81.9823,Dry,40 - 45  MPH,Missing,Clear,No,0,0,7
Yes,37.0,Yes,With Traffic,A: Suspected Serious Injury,Male,Winston-Salem,Forsyth,Yes,Monday,Motorist Failed to Yield - Signalized Intersection,11.0,July,Motorist Drive Through - Signalized Intersection,2008,42.0,No,O: No Injury,Female,Sport Utility,No,36.069332,-80.22071,Dry,30 - 35  MPH,Stop And Go Signal,Clear,No,0,0,7
No,11.0,No,With Traffic,C: Possible Injury,Male,New Bern,Craven,No,Friday,Bicyclist Overtaking Motorist,19.0,July,Bicyclist Overtaking - Other / Unknown,2008,33.0,No,O: No Injury,Female,Passenger Car,No,35.15824,-77.117004,Dry,5 - 15 MPH,Missing,Clear,No,0,0,7
Yes,32.0,Yes,With Traffic,B: Suspected Minor Injury,Male,None - Rural Crash,Brunswick,Yes,Saturday,Head-On,1.0,July,Head-On - Unknown,2008,42.03850604944766,Missing,Unknown Injury,Unknown,Unknown,Yes,33.94595,-78.05425,Dry,40 - 45  MPH,"Double Yellow Line, No Passing Zone",Cloudy,No,1,0,7
Yes,8.0,No,Not Applicable,C: Possible Injury,Female,High Point,Guilford,No,Saturday,Crossing Paths - Other Circumstances,11.0,July,Crossing Paths - Uncontrolled Intersection,2008,55.0,No,O: No Injury,Male,"Single Unit Truck (2-Axle, 6-Tire)",No,35.966278,-79.989914,Dry,40 - 45  MPH,No Control Present,Clear,No,0,0,7
No,14.0,No,Facing Traffic,O: No Injury,Male,Charlotte,Mecklenburg,No,Friday,Bicyclist Failed to Yield - Signalized Intersection,17.0,August,Bicyclist Ride Out - Signalized  Intersection,2008,38.0,No,O: No Injury,Male,Sport Utility,No,35.058006,-80.81268,Dry,40 - 45  MPH,Stop And Go Signal,Clear,No,0,0,8
No,42.0,No,With Traffic,C: Possible Injury,Male,Charlotte,Mecklenburg,No,Friday,Crossing Paths - Other Circumstances,10.0,August,Sign-Controlled Intersection - Other / Unknown,2008,45.0,No,O: No Injury,Female,Sport Utility,No,35.222435,-80.82358,Dry,30 - 35  MPH,Stop Sign,Cloudy,No,0,0,8
No,15.0,No,Facing Traffic,O: No Injury,Male,Charlotte,Mecklenburg,No,Saturday,Motorist Failed to Yield - Sign-Controlled Intersection,17.0,August,Motorist Drive Out - Sign-Controlled Intersection,2008,18.0,No,O: No Injury,Male,Sport Utility,No,35.07742,-80.735985,Dry,20 - 25  MPH,Stop Sign,Clear,No,0,0,8
Yes,34.0,No,With Traffic,B: Suspected Minor Injury,Male,None - Rural Crash,Moore,No,Saturday,Motorist Overtaking Bicyclist,19.0,August,Motorist Overtaking - Other / Unknown,2008,36.0,No,O: No Injury,Male,Pickup,No,35.496002,-79.70914,Dry,50 - 55  MPH,"Double Yellow Line, No Passing Zone",Cloudy,No,0,0,8
Yes,22.0,No,With Traffic,B: Suspected Minor Injury,Male,Hudson,Caldwell,No,Sunday,Motorist Overtaking Bicyclist,21.0,July,Motorist Overtaking - Other / Unknown,2008,42.03850604944766,Missing,Unknown Injury,Unknown,Unknown,Yes,35.859554,-81.487144,Dry,50 - 55  MPH,Missing,Clear,No,1,0,7
Yes,33.0,No,Facing Traffic,B: Suspected Minor Injury,Male,Morehead City,Carteret,No,Monday,Motorist Failed to Yield - Sign-Controlled Intersection,8.0,July,Motorist Drive Out - Sign-Controlled Intersection,2008,52.0,No,O: No Injury,Female,Passenger Car,No,34.727222,-76.75157,Dry,30 - 35  MPH,Stop Sign,Clear,No,0,0,7
Yes,20.0,No,Facing Traffic,B: Suspected Minor Injury,Male,Smithfield,Johnston,No,Monday,Crossing Paths - Other Circumstances,14.0,July,Signalized Intersection - Other / Unknown,2008,46.0,No,O: No Injury,Male,Passenger Car,No,35.510098,-78.34306,Dry,20 - 25  MPH,Stop And Go Signal,Clear,No,0,0,7
No,14.0,No,With Traffic,Unknown Injury,Male,Carolina Beach,New Hanover,No,Tuesday,Motorist Failed to Yield - Sign-Controlled Intersection,2.0,July,Motorist Drive Out - Sign-Controlled Intersection,2008,42.03850604944766,Missing,Unknown Injury,Unknown,Unknown,Yes,34.023197,-77.90219,Dry,20 - 25  MPH,Stop Sign,Clear,No,1,0,7
Yes,37.0,No,With Traffic,B: Suspected Minor Injury,Male,None - Rural Crash,Wake,Yes,Monday,Motorist Overtaking Bicyclist,6.0,August,Motorist Overtaking - Other / Unknown,2008,50.0,Yes,O: No Injury,Male,Pickup,No,35.83254,-78.44314,Dry,40 - 45  MPH,"Double Yellow Line, No Passing Zone",Clear,No,0,0,8
Yes,22.0,Yes,With Traffic,B: Suspected Minor Injury,Male,None - Rural Crash,Robeson,Yes,Wednesday,Motorist Overtaking Bicyclist,18.0,July,Motorist Overtaking - Other / Unknown,2008,59.0,No,O: No Injury,Female,Passenger Car,No,34.8148,-79.08423,Wet,50 - 55  MPH,"Double Yellow Line, No Passing Zone",Cloudy,No,0,0,7
Yes,53.0,Yes,With Traffic,A: Suspected Serious Injury,Male,Wilmington,New Hanover,Yes,Wednesday,Motorist Failed to Yield - Sign-Controlled Intersection,17.0,July,Motorist Drive Out - Sign-Controlled Intersection,2008,44.0,No,O: No Injury,Male,Sport Utility,No,34.22516,-77.93413,Dry,30 - 35  MPH,Stop Sign,Clear,No,0,0,7
Yes,12.0,No,Facing Traffic,B: Suspected Minor Injury,Male,Gastonia,Gaston,No,Thursday,Motorist Failed to Yield - Midblock,17.0,July,Motorist Drive Out - Commercial Driveway / Alley,2008,28.0,No,O: No Injury,Female,Passenger Car,No,35.265053,-81.17482,Dry,Unknown,Missing,Clear,No,0,0,7
Yes,9.0,No,With Traffic,C: Possible Injury,Female,Troutman,Iredell,No,Thursday,Loss of Control / Turning Error,17.0,July,Bicyclist Lost Control - Mechanical Problems,2008,49.0,No,O: No Injury,Male,Pickup,No,35.71657,-80.906105,Wet,40 - 45  MPH,No Control Present,Cloudy,No,0,0,7
Yes,10.0,No,With Traffic,B: Suspected Minor Injury,Male,Greensboro,Guilford,No,Saturday,Loss of Control / Turning Error,17.0,July,"Bicyclist Lost Control - Oversteering, Improper Braking, Speed",2008,24.0,No,O: No Injury,Female,Passenger Car,No,36.058907,-79.80634,Dry,30 - 35  MPH,Stop Sign,Cloudy,No,0,0,7
Yes,7.0,No,With Traffic,C: Possible Injury,Male,Southern Pines,Moore,No,Friday,Bicyclist Failed to Yield - Sign-Controlled Intersection,15.0,July,Bicyclist Ride Through - Sign-Controlled Intersection,2008,68.0,No,O: No Injury,Male,Passenger Car,No,35.177414,-79.40532,Dry,30 - 35  MPH,Stop Sign,Clear,No,0,0,7
Yes,33.0,No,With Traffic,C: Possible Injury,Male,Goldsboro,Wayne,No,Friday,Motorist Failed to Yield - Midblock,17.0,August,Motorist Drive Out - Commercial Driveway / Alley,2008,53.0,No,O: No Injury,Male,Passenger Car,No,35.350353,-77.92188,Dry,40 - 45  MPH,Missing,Clear,No,0,0,8
Yes,47.0,No,Facing Traffic,B: Suspected Minor Injury,Female,High Point,Guilford,No,Friday,Crossing Paths - Other Circumstances,6.0,August,Signalized Intersection - Other / Unknown,2008,28.0,No,O: No Injury,Female,Passenger Car,No,35.95832,-80.008736,Dry,30 - 35  MPH,Stop And Go Signal,Clear,No,0,0,8
Yes,14.0,No,Facing Traffic,B: Suspected Minor Injury,Male,Southern Pines,Moore,No,Friday,Motorist Failed to Yield - Sign-Controlled Intersection,15.0,August,Motorist Drive Out - Sign-Controlled Intersection,2008,42.03850604944766,Missing,Unknown Injury,Unknown,Unknown,Yes,35.188927,-79.43074,Dry,30 - 35  MPH,Yield Sign,Clear,No,1,0,8
Yes,49.0,Yes,With Traffic,C: Possible Injury,Male,None - Rural Crash,Pitt,Yes,Saturday,Motorist Overtaking Bicyclist,20.0,July,Motorist Overtaking - Bicyclist Swerved,2008,48.0,No,O: No Injury,Female,Sport Utility,No,35.440186,-77.3959,Dry,50 - 55  MPH,No Control Present,Clear,No,0,0,7
No,15.0,No,Not Applicable,C: Possible Injury,Female,Cary,Wake,No,Friday,Non-Roadway,8.0,August,Non-Roadway,2008,45.0,No,O: No Injury,Male,Passenger Car,No,35.788296,-78.82839,Dry,5 - 15 MPH,No Control Present,Clear,No,0,0,8
No,25.0,Yes,With Traffic,C: Possible Injury,Male,Beaufort,Carteret,Yes,Monday,Motorist Overtaking Bicyclist,18.0,August,Motorist Overtaking - Misjudged Space,2008,42.03850604944766,Missing,Unknown Injury,Unknown,Pickup,Yes,34.727684,-76.64813,Dry,30 - 35  MPH,No Control Present,Clear,No,1,0,8
No,57.0,No,With Traffic,O: No Injury,Male,Durham,Durham,No,Sunday,Loss of Control / Turning Error,17.0,August,"Bicyclist Lost Control - Oversteering, Improper Braking, Speed",2008,58.0,No,O: No Injury,Male,Passenger Car,No,36.00116,-78.89216,Dry,30 - 35  MPH,No Control Present,Clear,No,0,0,8
Yes,53.0,No,Unknown,B: Suspected Minor Injury,Male,Rocky Mount,Nash,No,Wednesday,Motorist Failed to Yield - Midblock,22.0,June,Motorist Drive Out - Commercial Driveway / Alley,2008,49.0,No,O: No Injury,Female,Passenger Car,No,35.931087,-77.81277,Dry,30 - 35  MPH,No Control Present,Clear,No,0,0,6
Yes,36.0,No,Facing Traffic,O: No Injury,Female,Havelock,Craven,No,Wednesday,Motorist Failed to Yield - Sign-Controlled Intersection,10.0,July,Motorist Drive Out - Sign-Controlled Intersection,2008,16.0,No,B: Suspected Minor Injury,Female,Pedalcycle,No,34.879665,-76.90595,Dry,Unknown,Stop Sign,Clear,No,0,0,7
Yes,15.0,No,Unknown,C: Possible Injury,Male,Greensboro,Guilford,No,Wednesday,Crossing Paths - Other Circumstances,17.0,July,Crossing Paths - Uncontrolled Intersection,2008,42.03850604944766,Missing,Unknown Injury,Unknown,Unknown,Yes,36.06774,-79.75716,Dry,Unknown,No Control Present,Clear,No,1,0,7
Yes,8.0,No,With Traffic,B: Suspected Minor Injury,Female,Greensboro,Guilford,No,Friday,Motorist Failed to Yield - Sign-Controlled Intersection,20.0,July,Motorist Drive Out - Sign-Controlled Intersection,2008,51.0,No,O: No Injury,Male,Unknown,Yes,36.091766,-79.74166,Dry,20 - 25  MPH,Stop Sign,Clear,No,0,0,7
Yes,43.0,No,With Traffic,C: Possible Injury,Male,Greensboro,Guilford,No,Saturday,Loss of Control / Turning Error,9.0,August,Bicyclist Lost Control - Mechanical Problems,2008,16.0,No,O: No Injury,Female,Passenger Car,No,36.118336,-79.752815,Dry,30 - 35  MPH,Stop Sign,Clear,No,0,0,8
No,49.0,No,With Traffic,B: Suspected Minor Injury,Male,None - Rural Crash,Cumberland,No,Sunday,Motorist Overtaking Bicyclist,18.0,August,Motorist Overtaking - Bicyclist Swerved,2008,31.0,No,O: No Injury,Female,Sport Utility,No,35.03272,-78.79663,Dry,40 - 45  MPH,Missing,Clear,No,0,0,8
Yes,15.0,No,With Traffic,B: Suspected Minor Injury,Male,None - Rural Crash,Iredell,No,Monday,Bicyclist Left Turn / Merge,14.0,August,Bicyclist Left Turn - Opposite Direction,2008,25.0,No,O: No Injury,Male,Pickup,No,35.97294,-80.99558,Dry,50 - 55  MPH,"Double Yellow Line, No Passing Zone",Clear,No,0,0,8
Yes,12.0,No,With Traffic,B: Suspected Minor Injury,Male,None - Rural Crash,Richmond,No,Monday,Motorist Overtaking Bicyclist,16.0,August,Motorist Overtaking - Other / Unknown,2008,56.0,No,O: No Injury,Male,Passenger Car,No,34.859776,-79.69504,Dry,50 - 55  MPH,"Double Yellow Line, No Passing Zone",Clear,No,0,0,8
Yes,61.0,No,Not Applicable,B: Suspected Minor Injury,Male,Monroe,Union,No,Monday,Crossing Paths - Other Circumstances,20.0,August,Crossing Paths - Uncontrolled Intersection,2008,63.0,No,O: No Injury,Male,Pickup,No,34.972603,-80.54897,Dry,30 - 35  MPH,Stop And Go Signal,Clear,No,0,0,8
Yes,15.0,No,Facing Traffic,C: Possible Injury,Male,None - Rural Crash,Mecklenburg,No,Monday,Motorist Failed to Yield - Sign-Controlled Intersection,11.0,August,Motorist Drive Out - Sign-Controlled Intersection,2008,20.0,No,O: No Injury,Male,Passenger Car,No,35.19529,-80.68361,Dry,40 - 45  MPH,Stop Sign,Clear,No,0,0,8
No,31.0,No,Unknown,O: No Injury,Male,Fayetteville,Cumberland,No,Tuesday,Other / Unknown - Insufficient Details,17.0,August,Unknown Approach Paths,2008,42.0,No,O: No Injury,Male,Police,No,35.086273,-78.90419,Dry,5 - 15 MPH,Missing,Clear,No,0,0,8
Yes,10.0,No,Facing Traffic,B: Suspected Minor Injury,Male,Charlotte,Mecklenburg,No,Saturday,Motorist Failed to Yield - Midblock,16.0,August,Motorist Drive Out - Residential Driveway,2008,30.0,No,O: No Injury,Female,Passenger Car,No,35.250065,-80.77355,Dry,Unknown,No Control Present,Clear,No,0,0,8
Yes,55.0,No,With Traffic,B: Suspected Minor Injury,Male,None - Rural Crash,Columbus,No,Thursday,Motorist Overtaking Bicyclist,21.0,August,Motorist Overtaking - Bicyclist Swerved,2008,63.0,No,O: No Injury,Male,Pickup,No,34.324257,-78.720345,Wet,50 - 55  MPH,No Control Present,Rain,No,0,0,8
Yes,46.0,No,With Traffic,A: Suspected Serious Injury,Male,Raleigh,Wake,No,Saturday,Motorist Overtaking Bicyclist,4.0,August,Motorist Overtaking - Bicyclist Swerved,2008,24.0,No,O: No Injury,Male,Passenger Car,No,35.798443,-78.57279,Dry,40 - 45  MPH,No Control Present,Clear,No,0,0,8
Yes,30.0,No,With Traffic,B: Suspected Minor Injury,Female,Raleigh,Wake,No,Monday,Motorist Failed to Yield - Sign-Controlled Intersection,18.0,August,Motorist Drive Out - Sign-Controlled Intersection,2008,17.0,No,O: No Injury,Female,Passenger Car,No,35.83801,-78.64398,Dry,5 - 15 MPH,Stop Sign,Clear,No,0,0,8
Yes,66.0,No,With Traffic,B: Suspected Minor Injury,Male,Charlotte,Mecklenburg,No,Monday,Motorist Right Turn / Merge,9.0,September,Motorist Right Turn - Same Direction,2008,24.0,No,O: No Injury,Female,Passenger Car,No,35.056984,-80.76989,Dry,40 - 45  MPH,No Control Present,Clear,No,0,0,9
Yes,63.0,No,Facing Traffic,C: Possible Injury,Male,Smithfield,Johnston,No,Saturday,Motorist Failed to Yield - Signalized Intersection,12.0,August,Motorist Drive Out - Right Turn on Red,2008,58.0,No,O: No Injury,Male,Passenger Car,No,35.50838,-78.33949,Dry,30 - 35  MPH,Stop And Go Signal,Clear,No,0,0,8
No,42.0,No,With Traffic,B: Suspected Minor Injury,Male,Cary,Wake,No,Wednesday,Motorist Left Turn / Merge,18.0,September,Motorist Left Turn - Opposite Direction,2008,42.03850604944766,No,Unknown Injury,Unknown,Passenger Car,Yes,35.73874,-78.80991,Dry,40 - 45  MPH,Stop Sign,Clear,No,1,0,9
Yes,20.0,No,With Traffic,B: Suspected Minor Injury,Female,Asheville,Buncombe,No,Friday,Motorist Right Turn / Merge,13.0,August,Motorist Right Turn - Same Direction,2008,42.03850604944766,No,Unknown Injury,Unknown,Pickup,Yes,35.58697,-82.56651,Dry,30 - 35  MPH,No Control Present,Clear,No,1,0,8
Yes,24.0,No,With Traffic,B: Suspected Minor Injury,Female,Wilmington,New Hanover,Yes,Saturday,Bicyclist Left Turn / Merge,1.0,August,Bicyclist Left Turn - Same Direction,2008,38.0,Yes,O: No Injury,Male,Unknown,Yes,34.21824,-77.88529,Dry,40 - 45  MPH,No Control Present,Clear,No,0,0,8
Yes,45.0,No,Not Applicable,B: Suspected Minor Injury,Male,None - Rural Crash,Currituck,No,Sunday,Non-Roadway,13.0,August,Non-Roadway,2008,22.0,No,O: No Injury,Male,Passenger Car,No,36.30078,-75.8082,Wet,Unknown,Missing,Rain,No,0,0,8
Yes,13.0,No,With Traffic,B: Suspected Minor Injury,Male,None - Rural Crash,Lenoir,No,Sunday,Bicyclist Failed to Yield - Sign-Controlled Intersection,18.0,August,Bicyclist Ride Through - Sign-Controlled Intersection,2008,18.0,No,O: No Injury,Female,Passenger Car,No,35.225033,-77.632164,Dry,30 - 35  MPH,Stop Sign,Clear,No,0,0,8
No,25.0,No,With Traffic,C: Possible Injury,Male,Asheville,Buncombe,No,Sunday,Motorist Left Turn / Merge,0.0,August,Motorist Left Turn - Opposite Direction,2008,26.0,No,O: No Injury,Male,Sport Utility,No,35.593666,-82.55871,Dry,30 - 35  MPH,Stop And Go Signal,Clear,No,0,0,8
No,54.0,No,With Traffic,B: Suspected Minor Injury,Male,None - Rural Crash,Davie,No,Sunday,Motorist Overtaking Bicyclist,11.0,August,Motorist Overtaking - Misjudged Space,2008,59.0,No,O: No Injury,Female,Passenger Car,No,35.923737,-80.59127,Dry,40 - 45  MPH,"Double Yellow Line, No Passing Zone",Clear,No,0,0,8
Yes,64.0,No,With Traffic,B: Suspected Minor Injury,Male,None - Rural Crash,Polk,No,Monday,Bicyclist Left Turn / Merge,16.0,August,Bicyclist Left Turn - Same Direction,2008,27.0,No,O: No Injury,Female,Passenger Car,No,35.201633,-82.052086,Dry,50 - 55  MPH,"Double Yellow Line, No Passing Zone",Clear,No,0,0,8
Yes,47.0,No,Facing Traffic,B: Suspected Minor Injury,Female,Charlotte,Mecklenburg,No,Monday,Motorist Failed to Yield - Sign-Controlled Intersection,17.0,September,Motorist Drive Out - Sign-Controlled Intersection,2008,24.0,Missing,O: No Injury,Female,Passenger Car,No,35.19991,-80.84171,Dry,30 - 35  MPH,Stop Sign,Clear,No,0,0,9
Yes,18.0,No,With Traffic,A: Suspected Serious Injury,Male,None - Rural Crash,Burke,No,Thursday,Motorist Overtaking Bicyclist,21.0,July,Motorist Overtaking - Other / Unknown,2008,42.03850604944766,Missing,Unknown Injury,Unknown,Unknown,Yes,35.70331,-81.685135,Wet,40 - 45  MPH,"Double Yellow Line, No Passing Zone",Cloudy,No,1,0,7
Yes,11.0,No,With Traffic,C: Possible Injury,Male,Shelby,Cleveland,No,Tuesday,Motorist Overtaking Bicyclist,14.0,August,Motorist Overtaking - Bicyclist Swerved,2008,60.0,No,O: No Injury,Female,Passenger Car,No,35.28145,-81.54608,Dry,30 - 35  MPH,No Control Present,Clear,No,0,0,8
No,43.0,No,With Traffic,B: Suspected Minor Injury,Female,Wilmington,New Hanover,No,Tuesday,Bicyclist Failed to Yield - Signalized Intersection,18.0,August,Bicyclist Failed to Clear - Multiple Threat,2008,23.0,No,O: No Injury,Male,Pickup,No,34.238747,-77.82828,Dry,40 - 45  MPH,Stop And Go Signal,Clear,No,0,0,8
Yes,45.0,No,With Traffic,B: Suspected Minor Injury,Male,None - Rural Crash,Wayne,No,Wednesday,Motorist Overtaking Bicyclist,21.0,August,Motorist Overtaking - Other / Unknown,2008,18.0,No,O: No Injury,Female,Passenger Car,No,35.386116,-78.014015,Wet,50 - 55  MPH,No Control Present,Cloudy,No,0,0,8
Yes,12.0,No,Facing Traffic,C: Possible Injury,Male,Charlotte,Mecklenburg,No,Friday,Motorist Failed to Yield - Midblock,19.0,September,Motorist Drive Out - Commercial Driveway / Alley,2008,28.0,No,O: No Injury,Male,Passenger Car,No,35.22182,-80.72413,Dry,40 - 45  MPH,No Control Present,Clear,No,0,0,9
No,40.0,No,With Traffic,O: No Injury,Male,Charlotte,Mecklenburg,No,Saturday,Motorist Failed to Yield - Midblock,21.0,September,Motorist Drive Out - Commercial Driveway / Alley,2008,33.0,No,O: No Injury,Female,Passenger Car,No,35.22455,-80.89411,Dry,40 - 45  MPH,Stop Sign,Clear,No,0,0,9
Yes,10.0,No,With Traffic,B: Suspected Minor Injury,Male,None - Rural Crash,Columbus,No,Thursday,Bicyclist Left Turn / Merge,20.0,August,Bicyclist Left Turn - Same Direction,2008,40.0,No,O: No Injury,Female,Passenger Car,No,34.32099,-78.74268,Dry,50 - 55  MPH,"Double Yellow Line, No Passing Zone",Clear,No,0,0,8