AmbulanceR,BikeAge,BikeAlcFlg,BikeDir,BikeInjury,BikeSex,City,County,CrashAlcoh,CrashDay,CrashGrp,CrashHour,CrashMonth,CrashType,CrashYear,DrvrAge,DrvrAlcFlg,DrvrInjury,DrvrSex,DrvrVehTyp,HitRun,Latitude,Longitude,RdConditio,SpeedLimit,TraffCntrl,Weather,Workzone,DrvrAgeImputedFlag,BikeAgeImputedFlag,MonthCode
Yes,45.0,Yes,Facing Traffic,B: Suspected Minor Injury,Male,None - Rural Crash,Dare,Yes,Thursday,Head-On,14.0,August,Head-On - Bicyclist,2008,62.0,No,O: No Injury,Male,Passenger Car,No,35.556202,-75.46896,Dry,30 - 35  MPH,"Double Yellow Line, No Passing Zone",Clear,No,0,0,8
Yes,18.0,No,Facing Traffic,Unknown Injury,Male,Sanford,Lee,No,Thursday,Crossing Paths - Other Circumstances,23.0,August,Sign-Controlled Intersection - Other / Unknown,2008,18.0,No,O: No Injury,Male,Pedalcycle,No,35.452568,-79.147675,Dry,Unknown,Stop Sign,Clear,No,0,0,8
Yes,19.0,No,Facing Traffic,C: Possible Injury,Male,Durham,Durham,No,Thursday,Motorist Failed to Yield - Sign-Controlled Intersection,20.0,September,Motorist Drive Out - Sign-Controlled Intersection,2008,49.0,No,O: No Injury,Male,Passenger Car,No,36.050076,-78.92947,Dry,5 - 15 MPH,Stop Sign,Clear,No,0,0,9
Yes,9.0,No,Not Applicable,C: Possible Injury,Male,None - Rural Crash,Cleveland,No,Thursday,Bicyclist Failed to Yield - Midblock,17.0,August,Bicyclist Ride Out - Other Midblock,2008,41.0,No,O: No Injury,Female,Passenger Car,No,35.331635,-81.421585,Dry,40 - 45  MPH,"Double Yellow Line, No Passing Zone",Cloudy,No,0,0,8
Yes,33.0,No,Facing Traffic,C: Possible Injury,Male,Fayetteville,Cumberland,No,Wednesday,Motorist Failed to Yield - Midblock,9.0,September,Motorist Drive Out - Commercial Driveway / Alley,2008,38.0,No,O: No Injury,Female,"Light Truck (Mini-Van, Panel)",No,35.048027,-78.937386,Dry,5 - 15 MPH,No Control Present,Clear,No,0,0,9
No,26.0,No,Facing Traffic,B: Suspected Minor Injury,Male,Raleigh,Wake,No,Monday,Motorist Failed to Yield - Midblock,20.0,July,Motorist Drive Out - Commercial Driveway / Alley,2008,42.03850604944766,Missing,Unknown Injury,Unknown,Unknown,Yes,35.784016,-78.657776,Dry,30 - 35  MPH,Missing,Clear,No,1,0,7
No,22.0,No,With Traffic,O: No Injury,Male,Raleigh,Wake,No,Thursday,Backing Vehicle,21.0,July,Backing Vehicle,2008,42.03850604944766,Missing,Unknown Injury,Unknown,Sport Utility,No,35.778362,-78.64325,Dry,5 - 15 MPH,No Control Present,Clear,No,1,0,7
No,13.0,No,With Traffic,B: Suspected Minor Injury,Male,Rocky Mount,Nash,No,Saturday,Bicyclist Failed to Yield - Sign-Controlled Intersection,14.0,August,Bicyclist Ride Out - Sign-Controlled Intersection,2008,38.0,No,O: No Injury,Female,Passenger Car,No,35.925484,-77.80714,Dry,30 - 35  MPH,Stop Sign,Clear,No,0,0,8
No,18.0,No,With Traffic,B: Suspected Minor Injury,Male,None - Rural Crash,Washington,No,Friday,Motorist Overtaking Bicyclist,19.0,August,Motorist Overtaking - Other / Unknown,2008,27.0,No,O: No Injury,Female,Passenger Car,No,35.85598,-76.72041,Dry,50 - 55  MPH,"Double Yellow Line, No Passing Zone",Clear,No,0,0,8
Yes,23.0,No,Not Applicable,C: Possible Injury,Female,Carrboro,Orange,No,Thursday,Bicyclist Failed to Yield - Sign-Controlled Intersection,8.0,August,Bicyclist Ride Through - Sign-Controlled Intersection,2008,48.0,No,O: No Injury,Male,Van,No,35.909004,-79.06695,Dry,20 - 25  MPH,Stop Sign,Clear,No,0,0,8
Yes,15.0,No,With Traffic,A: Suspected Serious Injury,Male,None - Rural Crash,Pender,No,Monday,Bicyclist Failed to Yield - Sign-Controlled Intersection,12.0,August,Bicyclist Ride Out - Sign-Controlled Intersection,2008,62.0,No,O: No Injury,Female,Van,No,34.434624,-77.631386,Dry,50 - 55  MPH,Stop Sign,Clear,No,0,0,8
Yes,37.0,No,Facing Traffic,C: Possible Injury,Male,Duck,Dare,No,Saturday,Motorist Failed to Yield - Midblock,17.0,August,Motorist Drive Out - Commercial Driveway / Alley,2008,25.0,No,O: No Injury,Male,Sport Utility,No,36.164597,-75.752754,Dry,20 - 25  MPH,Missing,Clear,No,0,0,8
No,30.0,No,Facing Traffic,O: No Injury,Male,Rocky Mount,Nash,No,Friday,Motorist Failed to Yield - Sign-Controlled Intersection,14.0,August,Motorist Drive Out - Sign-Controlled Intersection,2008,51.0,No,O: No Injury,Female,Sport Utility,No,35.94041,-77.799164,Dry,30 - 35  MPH,Stop Sign,Clear,No,0,0,8
Yes,45.0,No,With Traffic,C: Possible Injury,Male,Durham,Durham,No,Saturday,Bicyclist Left Turn / Merge,9.0,August,Bicyclist Left Turn - Same Direction,2008,25.0,No,O: No Injury,Female,Sport Utility,No,35.9467,-78.941864,Dry,30 - 35  MPH,No Control Present,Clear,No,0,0,8
Yes,11.0,No,Not Applicable,B: Suspected Minor Injury,Male,Hickory,Catawba,No,Tuesday,Non-Roadway,19.0,August,Non-Roadway,2008,42.03850604944766,Missing,Unknown Injury,Unknown,Unknown,Yes,35.696648,-81.3014,Dry,Unknown,Missing,Clear,No,1,0,8
No,13.0,No,With Traffic,O: No Injury,Unknown,Fayetteville,Cumberland,No,Sunday,Crossing Paths - Other Circumstances,17.0,August,Sign-Controlled Intersection - Other / Unknown,2008,21.0,No,O: No Injury,Female,Passenger Car,No,35.070248,-79.00558,Dry,20 - 25  MPH,Stop Sign,Clear,No,0,0,8
No,34.0,No,With Traffic,C: Possible Injury,Male,Asheville,Buncombe,No,Sunday,Bicyclist Failed to Yield - Signalized Intersection,19.0,August,Bicyclist Ride Through - Signalized Intersection,2008,24.0,No,O: No Injury,Female,Passenger Car,No,35.578133,-82.58315,Dry,30 - 35  MPH,Stop And Go Signal,Clear,No,0,0,8
No,45.0,No,With Traffic,O: No Injury,Male,None - Rural Crash,Davidson,No,Monday,Motorist Overtaking Bicyclist,13.0,August,Motorist Overtaking - Bicyclist Swerved,2008,20.0,No,B: Suspected Minor Injury,Male,Pedalcycle,No,35.940315,-80.360596,Dry,Unknown,"Double Yellow Line, No Passing Zone",Clear,No,0,0,8
No,50.0,No,With Traffic,B: Suspected Minor Injury,Male,None - Rural Crash,Onslow,No,Wednesday,Motorist Overtaking Bicyclist,15.0,August,Motorist Overtaking - Other / Unknown,2008,46.0,No,O: No Injury,Female,Van,No,34.72489,-77.48447,Dry,40 - 45  MPH,Missing,Clear,No,0,0,8
Yes,22.0,No,With Traffic,C: Possible Injury,Female,Asheville,Buncombe,No,Wednesday,Bicyclist Failed to Yield - Signalized Intersection,17.0,August,Bicyclist Ride Through - Signalized Intersection,2008,48.0,No,O: No Injury,Female,Sport Utility,No,35.6233,-82.55463,Dry,30 - 35  MPH,Stop And Go Signal,Clear,No,0,0,8
No,57.0,No,Facing Traffic,C: Possible Injury,Male,Charlotte,Mecklenburg,No,Thursday,Motorist Failed to Yield - Sign-Controlled Intersection,12.0,September,Motorist Drive Out - Sign-Controlled Intersection,2008,29.0,No,O: No Injury,Female,Pickup,No,35.14043,-80.8941,Dry,5 - 15 MPH,Stop Sign,Cloudy,No,0,0,9
Yes,30.0,No,Facing Traffic,C: Possible Injury,Male,Charlotte,Mecklenburg,No,Wednesday,Motorist Failed to Yield - Midblock,15.0,September,Motorist Drive Out - Commercial Driveway / Alley,2008,42.03850604944766,Missing,Unknown Injury,Unknown,Passenger Car,Yes,35.218575,-80.8328,Wet,30 - 35  MPH,No Control Present,Cloudy,No,1,0,9
No,21.0,No,With Traffic,B: Suspected Minor Injury,Female,Chapel Hill,Orange,No,Monday,Bicyclist Overtaking Motorist,14.0,August,Bicyclist Overtaking - Passing on Right,2008,54.0,No,O: No Injury,Male,Sport Utility,No,35.91325,-79.055725,Dry,20 - 25  MPH,Stop And Go Signal,Clear,No,0,0,8
Yes,19.0,No,With Traffic,B: Suspected Minor Injury,Male,Hudson,Caldwell,No,Thursday,Bicyclist Left Turn / Merge,11.0,August,Bicyclist Left Turn - Same Direction,2008,62.0,No,O: No Injury,Female,Sport Utility,No,35.843044,-81.47683,Dry,40 - 45  MPH,No Control Present,Clear,No,0,0,8
No,48.0,No,With Traffic,C: Possible Injury,Female,Charlotte,Mecklenburg,No,Thursday,Motorist Left Turn / Merge,17.0,September,Motorist Left Turn - Opposite Direction,2008,42.03850604944766,Missing,Unknown Injury,Unknown,Passenger Car,Yes,35.195923,-80.87707,Dry,Unknown,Stop And Go Signal,Clear,No,1,0,9
Yes,48.0,No,With Traffic,B: Suspected Minor Injury,Male,Concord,Cabarrus,No,Friday,Loss of Control / Turning Error,23.0,August,Motorist Turning Error - Right Turn,2008,42.03850604944766,No,Unknown Injury,Unknown,Pickup,Yes,35.401478,-80.583275,Dry,30 - 35  MPH,Stop Sign,Clear,No,1,0,8
No,43.0,No,Not Applicable,O: No Injury,Female,Fayetteville,Cumberland,No,Friday,Other / Unknown - Insufficient Details,16.0,August,Unknown Approach Paths,2008,45.0,No,O: No Injury,Male,Passenger Car,No,35.05348,-78.86592,Dry,30 - 35  MPH,No Control Present,Clear,No,0,0,8
No,35.0,No,Unknown,B: Suspected Minor Injury,Female,Fayetteville,Cumberland,No,Friday,Loss of Control / Turning Error,18.0,August,Bicyclist Lost Control - Mechanical Problems,2008,57.0,No,O: No Injury,Female,Sport Utility,No,35.118034,-78.89352,Dry,30 - 35  MPH,Stop Sign,Cloudy,No,0,0,8
Yes,23.0,No,With Traffic,O: No Injury,Female,Carrboro,Orange,No,Friday,Motorist Failed to Yield - Midblock,20.0,August,Motorist Drive Out - Commercial Driveway / Alley,2008,57.0,No,O: No Injury,Male,Passenger Car,No,35.92196,-79.07185,Dry,30 - 35  MPH,Missing,Clear,No,0,0,8
Yes,6.0,No,With Traffic,B: Suspected Minor Injury,Male,Charlotte,Mecklenburg,No,Saturday,Loss of Control / Turning Error,18.0,September,Bicyclist Lost Control - Other / Unknown,2008,38.0,No,O: No Injury,Male,Van,No,35.2555,-80.80686,Dry,5 - 15 MPH,No Control Present,Clear,No,0,0,9
Yes,13.0,No,With Traffic,O: No Injury,Female,Pink Hill,Lenoir,No,Sunday,Bicyclist Failed to Yield - Sign-Controlled Intersection,11.0,September,Bicyclist Ride Through - Sign-Controlled Intersection,2008,19.0,No,O: No Injury,Female,Passenger Car,No,35.056824,-77.745026,Dry,30 - 35  MPH,Stop Sign,Clear,No,0,0,9
Yes,40.0,Yes,With Traffic,B: Suspected Minor Injury,Male,Charlotte,Mecklenburg,Yes,Sunday,Crossing Paths - Other Circumstances,13.0,September,Signalized Intersection - Other / Unknown,2008,24.0,No,O: No Injury,Female,Passenger Car,No,35.346783,-80.84156,Dry,50 - 55  MPH,Stop And Go Signal,Clear,No,0,0,9
No,11.0,No,Not Applicable,C: Possible Injury,Male,Dunn,Harnett,No,Saturday,Crossing Paths - Other Circumstances,19.0,August,Crossing Paths - Midblock - Other / Unknown,2008,27.0,No,O: No Injury,Male,Passenger Car,No,35.307568,-78.61968,Dry,30 - 35  MPH,No Control Present,Clear,No,0,0,8
Yes,19.0,Yes,Facing Traffic,B: Suspected Minor Injury,Male,Boone,Watauga,Yes,Tuesday,Crossing Paths - Other Circumstances,17.0,August,Signalized Intersection - Other / Unknown,2008,42.03850604944766,Missing,Unknown Injury,Unknown,Unknown,Yes,36.205765,-81.66971,Wet,30 - 35  MPH,Stop And Go Signal,Rain,No,1,0,8
Yes,19.0,No,Not Applicable,C: Possible Injury,Female,Hendersonville,Henderson,No,Friday,Loss of Control / Turning Error,20.0,August,Bicyclist Lost Control - Mechanical Problems,2008,29.0,No,O: No Injury,Male,Passenger Car,No,35.3111,-82.46975,Dry,30 - 35  MPH,Missing,Clear,No,0,0,8
No,21.0,No,Not Applicable,C: Possible Injury,Male,Charlotte,Mecklenburg,No,Monday,Non-Roadway,12.0,September,Non-Roadway,2008,54.0,No,O: No Injury,Female,"Light Truck (Mini-Van, Panel)",No,35.31273,-80.74569,Dry,Unknown,No Control Present,Cloudy,No,0,0,9
No,43.0,No,With Traffic,C: Possible Injury,Male,Fuquay-Varina,Wake,No,Tuesday,Motorist Failed to Yield - Sign-Controlled Intersection,14.0,August,Motorist Drive Out - Sign-Controlled Intersection,2008,53.0,No,O: No Injury,Female,School Bus,No,35.60119,-78.78899,Dry,40 - 45  MPH,Stop Sign,Clear,No,0,0,8
Yes,15.0,No,Not Applicable,B: Suspected Minor Injury,Male,Mooresville,Iredell,No,Sunday,Non-Roadway,16.0,August,Non-Roadway,2008,34.0,No,O: No Injury,Female,Passenger Car,No,35.587914,-80.797775,Dry,30 - 35  MPH,No Control Present,Clear,No,0,0,8
Yes,31.0,No,With Traffic,K: Killed,Male,Tobaccoville,Forsyth,No,Wednesday,Motorist Overtaking Bicyclist,12.0,August,Motorist Overtaking - Other / Unknown,2008,39.0,No,O: No Injury,Male,Sport Utility,No,36.23212,-80.36309,Dry,40 - 45  MPH,"Double Yellow Line, No Passing Zone",Clear,No,0,0,8
Yes,53.0,Yes,Facing Traffic,C: Possible Injury,Female,Asheboro,Randolph,Yes,Monday,Motorist Failed to Yield - Midblock,13.0,August,Motorist Drive Out - Commercial Driveway / Alley,2008,55.0,No,O: No Injury,Male,Pickup,No,35.690414,-79.80447,Dry,Unknown,No Control Present,Cloudy,No,0,0,8
Yes,37.0,No,Facing Traffic,A: Suspected Serious Injury,Male,Goldsboro,Wayne,No,Wednesday,Motorist Failed to Yield - Sign-Controlled Intersection,23.0,August,Motorist Drive Through - Sign-Controlled Intersection,2008,19.0,No,Unknown Injury,Unknown,Passenger Car,Yes,35.404404,-77.98331,Dry,30 - 35  MPH,Stop Sign,Clear,No,0,0,8
Yes,10.0,No,Facing Traffic,B: Suspected Minor Injury,Male,None - Rural Crash,Hyde,No,Sunday,Bicyclist Failed to Yield - Sign-Controlled Intersection,17.0,July,Bicyclist Ride Out - Sign-Controlled Intersection,2008,16.0,No,O: No Injury,Male,Sport Utility,No,35.109985,-75.97567,Dry,20 - 25  MPH,Stop Sign,Clear,No,0,0,7
Yes,38.0,No,Facing Traffic,B: Suspected Minor Injury,Male,Sylva,Jackson,No,Wednesday,Head-On,14.0,August,Head-On - Bicyclist,2008,23.0,No,O: No Injury,Female,Pickup,No,35.376472,-83.22892,Dry,20 - 25  MPH,No Control Present,Cloudy,No,0,0,8
Yes,21.0,No,With Traffic,B: Suspected Minor Injury,Male,Blowing Rock,Watauga,No,Saturday,Motorist Left Turn / Merge,18.0,August,Motorist Left Turn - Opposite Direction,2008,25.0,No,O: No Injury,Male,Sport Utility,No,36.132584,-81.682014,Dry,20 - 25  MPH,No Control Present,Cloudy,No,0,0,8
Yes,15.0,No,Facing Traffic,C: Possible Injury,Male,Charlotte,Mecklenburg,No,Tuesday,Motorist Failed to Yield - Midblock,10.0,September,Motorist Drive Out - Commercial Driveway / Alley,2008,60.0,No,O: No Injury,Male,Van,No,35.140255,-80.7397,Wet,5 - 15 MPH,No Control Present,Rain,No,0,0,9
Yes,22.0,No,With Traffic,C: Possible Injury,Female,Goldsboro,Wayne,No,Monday,Motorist Left Turn / Merge,21.0,August,Motorist Left Turn - Opposite Direction,2008,19.0,No,O: No Injury,Female,Passenger Car,No,35.370667,-77.98503,Wet,20 - 25  MPH,No Control Present,Rain,No,0,0,8
Yes,52.0,No,With Traffic,B: Suspected Minor Injury,Male,None - Rural Crash,Cleveland,No,Wednesday,Motorist Overtaking Bicyclist,11.0,August,Motorist Overtaking - Misjudged Space,2008,62.0,No,O: No Injury,Female,Sport Utility,No,35.270885,-81.669044,Wet,50 - 55  MPH,Missing,Rain,No,0,0,8
Yes,18.0,No,Not Applicable,B: Suspected Minor Injury,Male,Charlotte,Mecklenburg,No,Wednesday,Bicyclist Failed to Yield - Midblock,16.0,September,Bicyclist Ride Out - Commercial Driveway / Alley,2008,21.0,No,O: No Injury,Male,Passenger Car,No,35.238686,-80.80033,Dry,30 - 35  MPH,No Control Present,Cloudy,No,0,0,9
No,35.0,No,With Traffic,O: No Injury,Male,Rocky Mount,Nash,No,Sunday,Loss of Control / Turning Error,12.0,July,Motorist Turning Error - Left Turn,2008,42.03850604944766,Missing,Unknown Injury,Unknown,Unknown,Yes,35.966522,-77.89062,Dry,30 - 35  MPH,Stop Sign,Clear,No,1,0,7
Yes,16.0,No,Facing Traffic,C: Possible Injury,Male,Raleigh,Wake,No,Tuesday,Motorist Failed to Yield - Sign-Controlled Intersection,21.0,June,Motorist Drive Out - Sign-Controlled Intersection,2008,21.0,No,O: No Injury,Male,Sport Utility,No,35.77842,-78.735985,Dry,30 - 35  MPH,Stop Sign,Clear,No,0,0,6
No,31.0,No,Facing Traffic,C: Possible Injury,Male,Rocky Mount,Nash,No,Friday,Motorist Failed to Yield - Midblock,19.0,June,Motorist Drive Out - Commercial Driveway / Alley,2008,26.0,No,O: No Injury,Male,Passenger Car,No,35.93003,-77.81411,Dry,30 - 35  MPH,Missing,Clear,No,0,0,6
Yes,32.52649525389365,No,With Traffic,B: Suspected Minor Injury,Male,None - Rural Crash,Gaston,No,Monday,Parallel Paths - Other Circumstances,14.0,August,Bicyclist Ride Out - Parallel Path,2008,33.0,No,O: No Injury,Male,Sport Utility,No,35.31605,-81.08243,Dry,40 - 45  MPH,No Control Present,Cloudy,No,0,1,8
Yes,15.0,No,With Traffic,C: Possible Injury,Male,None - Rural Crash,Franklin,No,Saturday,Bicyclist Left Turn / Merge,16.0,September,Bicyclist Left Turn - Same Direction,2008,43.0,No,O: No Injury,Male,Pickup,No,36.02203,-78.22974,Dry,50 - 55  MPH,"Double Yellow Line, No Passing Zone",Clear,No,0,0,9
Yes,18.0,No,Facing Traffic,C: Possible Injury,Female,Boone,Watauga,No,Thursday,Motorist Failed to Yield - Sign-Controlled Intersection,19.0,August,Motorist Drive Out - Sign-Controlled Intersection,2008,21.0,No,O: No Injury,Male,Passenger Car,No,36.20252,-81.66426,Dry,20 - 25  MPH,Stop Sign,Clear,No,0,0,8
Yes,57.0,No,With Traffic,C: Possible Injury,Male,None - Rural Crash,Randolph,No,Saturday,Motorist Overtaking Bicyclist,10.0,August,Motorist Overtaking - Other / Unknown,2008,41.0,No,C: Possible Injury,Male,Motorcycle,No,35.853634,-79.74718,Dry,50 - 55  MPH,"Double Yellow Line, No Passing Zone",Clear,No,0,0,8
Yes,31.0,No,With Traffic,B: Suspected Minor Injury,Male,None - Rural Crash,Craven,No,Sunday,Motorist Overtaking Bicyclist,8.0,August,Motorist Overtaking - Misjudged Space,2008,26.0,No,O: No Injury,Male,Pickup,No,35.13316,-77.155205,Dry,60 - 75 MPH,Missing,Clear,No,0,0,8
No,21.0,No,Not Applicable,C: Possible Injury,Male,Wilmington,New Hanover,No,Friday,Bicyclist Failed to Yield - Midblock,15.0,August,Multiple Threat - Midblock,2008,54.0,No,O: No Injury,Female,Passenger Car,No,34.23962,-77.90449,Dry,30 - 35  MPH,Missing,Clear,No,0,0,8
Yes,15.0,No,With Traffic,B: Suspected Minor Injury,Male,None - Rural Crash,Wilson,No,Sunday,Motorist Overtaking Bicyclist,11.0,August,Motorist Overtaking - Other / Unknown,2008,39.0,No,O: No Injury,Male,Passenger Car,No,35.606056,-77.817184,Dry,40 - 45  MPH,"Double Yellow Line, No Passing Zone",Clear,No,0,0,8
Yes,32.52649525389365,Missing,Facing Traffic,Unknown Injury,Unknown,Gastonia,Gaston,No,Tuesday,Motorist Failed to Yield - Midblock,14.0,September,Motorist Drive Out - Commercial Driveway / Alley,2008,32.0,No,C: Possible Injury,Male,Pedalcycle,Yes,35.268204,-81.13394,Dry,Unknown,Missing,Clear,No,0,1,9
No,13.0,No,Not Applicable,B: Suspected Minor Injury,Male,None - Rural Crash,Pasquotank,No,Tuesday,Bicyclist Failed to Yield - Midblock,17.0,September,Bicyclist Ride Out - Other Midblock,2008,17.0,No,O: No Injury,Male,Passenger Car,No,36.35009,-76.267204,Dry,50 - 55  MPH,No Control Present,Clear,No,0,0,9
No,16.0,No,Facing Traffic,C: Possible Injury,Male,Greensboro,Guilford,No,Tuesday,Motorist Failed to Yield - Signalized Intersection,18.0,September,Motorist Drive Out - Right Turn on Red,2008,53.0,No,O: No Injury,Female,Van,No,36.08762,-79.84557,Dry,30 - 35  MPH,Stop And Go Signal,Clear,No,0,0,9
Yes,37.0,No,With Traffic,C: Possible Injury,Male,Kinston,Lenoir,No,Monday,Motorist Overtaking Bicyclist,5.0,September,Motorist Overtaking - Undetected Bicyclist,2008,42.03850604944766,Missing,Unknown Injury,Unknown,Tractor/Semi-Trailer,Yes,35.264107,-77.63967,Dry,40 - 45  MPH,No Control Present,Clear,No,1,0,9
Yes,45.0,No,With Traffic,A: Suspected Serious Injury,Male,None - Rural Crash,Lincoln,No,Monday,Motorist Overtaking Bicyclist,17.0,September,Motorist Overtaking - Other / Unknown,2008,37.0,No,O: No Injury,Male,Passenger Car,No,35.512222,-81.341034,Dry,50 - 55  MPH,"Double Yellow Line, No Passing Zone",Clear,No,0,0,9
Yes,37.0,No,With Traffic,B: Suspected Minor Injury,Female,None - Rural Crash,Duplin,Yes,Thursday,Head-On,22.0,August,Head-On - Bicyclist,2008,57.0,Yes,K: Killed,Male,Pedalcycle,No,34.88114,-77.97444,Dry,Unknown,No Control Present,Clear,No,0,0,8
Yes,38.0,No,With Traffic,K: Killed,Male,Raleigh,Wake,No,Saturday,Motorist Overtaking Bicyclist,6.0,August,Motorist Overtaking - Undetected Bicyclist,2008,36.0,No,O: No Injury,Male,Passenger Car,No,35.876366,-78.57567,Dry,50 - 55  MPH,No Control Present,Cloudy,No,0,0,8
No,28.0,No,With Traffic,B: Suspected Minor Injury,Male,Charlotte,Mecklenburg,No,Tuesday,Motorist Left Turn / Merge,18.0,September,Motorist Left Turn - Opposite Direction,2008,40.0,No,O: No Injury,Male,Passenger Car,No,35.200653,-80.842995,Dry,30 - 35  MPH,No Control Present,Clear,No,0,0,9
Yes,65.0,No,With Traffic,B: Suspected Minor Injury,Male,Charlotte,Mecklenburg,No,Tuesday,Motorist Failed to Yield - Sign-Controlled Intersection,17.0,September,Motorist Drive Out - Sign-Controlled Intersection,2008,32.0,No,O: No Injury,Male,Passenger Car,No,35.212814,-80.76596,Dry,20 - 25  MPH,Stop Sign,Clear,No,0,0,9
Yes,14.0,No,Facing Traffic,B: Suspected Minor Injury,Male,Fayetteville,Cumberland,No,Thursday,Loss of Control / Turning Error,17.0,May,Bicyclist Lost Control - Mechanical Problems,2008,49.0,No,O: No Injury,Male,Pickup,No,35.04968,-78.95701,Dry,30 - 35  MPH,Stop Sign,Clear,No,0,0,5
No,44.0,No,Facing Traffic,C: Possible Injury,Male,Asheville,Buncombe,No,Sunday,Motorist Failed to Yield - Midblock,13.0,August,Motorist Drive Out - Commercial Driveway / Alley,2008,61.0,No,O: No Injury,Female,Passenger Car,No,35.602222,-82.553345,Dry,5 - 15 MPH,No Control Present,Clear,No,0,0,8
Yes,12.0,No,Not Applicable,B: Suspected Minor Injury,Male,High Point,Guilford,No,Monday,Bicyclist Failed to Yield - Midblock,20.0,September,Bicyclist Ride Out - Midblock - Unknown,2008,42.0,No,O: No Injury,Male,Sport Utility,No,36.031025,-79.96299,Dry,40 - 45  MPH,Missing,Clear,No,0,0,9
No,8.0,No,With Traffic,B: Suspected Minor Injury,Female,Fayetteville,Cumberland,No,Wednesday,Bicyclist Failed to Yield - Sign-Controlled Intersection,19.0,September,Bicyclist Ride Through - Sign-Controlled Intersection,2008,39.0,No,O: No Injury,Male,Sport Utility,No,35.031578,-79.08096,Dry,20 - 25  MPH,Stop Sign,Clear,No,0,0,9
Yes,12.0,No,With Traffic,C: Possible Injury,Male,Chapel Hill,Orange,No,Wednesday,Bicyclist Failed to Yield - Signalized Intersection,17.0,September,Bicyclist Failed to Clear - Trapped,2008,22.0,No,O: No Injury,Female,Passenger Car,No,35.93509,-79.02941,Dry,30 - 35  MPH,Stop And Go Signal,Clear,No,0,0,9
Yes,15.0,No,Facing Traffic,B: Suspected Minor Injury,Male,Fayetteville,Cumberland,No,Thursday,Bicyclist Failed to Yield - Sign-Controlled Intersection,7.0,July,Bicyclist Ride Out - Sign-Controlled Intersection,2008,27.0,No,O: No Injury,Female,Passenger Car,No,35.13267,-78.89429,Dry,30 - 35  MPH,No Control Present,Cloudy,No,0,0,7
No,16.0,No,Facing Traffic,C: Possible Injury,Male,Wilmington,New Hanover,No,Monday,Motorist Failed to Yield - Sign-Controlled Intersection,11.0,August,Motorist Drive Out - Sign-Controlled Intersection,2008,25.0,No,Unknown Injury,Female,Van,No,34.237743,-77.91925,Dry,20 - 25  MPH,Missing,Cloudy,No,0,0,8
Yes,47.0,No,With Traffic,B: Suspected Minor Injury,Male,Durham,Durham,No,Monday,Motorist Right Turn / Merge,8.0,September,Motorist Right Turn - Same Direction,2008,32.0,No,O: No Injury,Female,Sport Utility,No,35.933613,-78.88824,Dry,40 - 45  MPH,Stop And Go Signal,Clear,No,0,0,9
No,25.0,No,With Traffic,B: Suspected Minor Injury,Female,Charlotte,Mecklenburg,No,Sunday,Motorist Failed to Yield - Midblock,14.0,August,Motorist Drive Out - Commercial Driveway / Alley,2008,22.0,No,O: No Injury,Female,Passenger Car,No,35.228497,-80.84351,Dry,20 - 25  MPH,Stop Sign,Clear,No,0,0,8
Yes,25.0,No,Facing Traffic,B: Suspected Minor Injury,Male,Chapel Hill,Orange,No,Friday,Crossing Paths - Other Circumstances,21.0,August,Crossing Paths - Uncontrolled Intersection,2008,20.0,No,O: No Injury,Male,Passenger Car,No,35.915672,-79.05738,Dry,20 - 25  MPH,No Control Present,Cloudy,No,0,0,8
Yes,33.0,No,With Traffic,C: Possible Injury,Female,None - Rural Crash,Orange,No,Thursday,Motorist Overtaking Bicyclist,13.0,September,Motorist Overtaking - Other / Unknown,2008,53.0,No,O: No Injury,Male,Pickup,No,35.898495,-79.10792,Dry,40 - 45  MPH,"Double Yellow Line, No Passing Zone",Clear,No,0,0,9
No,8.0,No,Not Applicable,C: Possible Injury,Female,None - Rural Crash,Henderson,No,Friday,Bicyclist Failed to Yield - Midblock,18.0,September,Bicyclist Ride Out - Residential Driveway,2008,50.0,No,O: No Injury,Female,Passenger Car,No,35.379745,-82.47212,Dry,40 - 45  MPH,Missing,Clear,No,0,0,9
Yes,40.0,Yes,With Traffic,B: Suspected Minor Injury,Male,Wilmington,New Hanover,Yes,Saturday,Loss of Control / Turning Error,21.0,September,Motorist Turning Error - Left Turn,2008,26.0,Yes,O: No Injury,Female,Passenger Car,No,34.239178,-77.92908,Dry,30 - 35  MPH,Flashing Stop And Go Signal,Clear,No,0,0,9
No,26.0,No,Facing Traffic,B: Suspected Minor Injury,Male,Durham,Durham,No,Wednesday,Motorist Left Turn / Merge,20.0,September,Motorist Left Turn - Same Direction,2008,47.0,No,O: No Injury,Male,Sport Utility,No,36.00416,-78.92057,Dry,30 - 35  MPH,Stop And Go Signal,Clear,No,0,0,9
Yes,55.0,No,Facing Traffic,C: Possible Injury,Male,None - Rural Crash,Robeson,No,Sunday,Head-On,22.0,September,Head-On - Bicyclist,2008,42.03850604944766,Missing,Unknown Injury,Unknown,Unknown,Yes,34.711456,-79.216194,Dry,50 - 55  MPH,No Control Present,Clear,No,1,0,9
No,20.0,No,Not Applicable,O: No Injury,Male,Fayetteville,Cumberland,No,Monday,Non-Roadway,21.0,September,Non-Roadway,2008,25.0,No,O: No Injury,Male,Passenger Car,No,35.03068,-78.92405,Dry,30 - 35  MPH,No Control Present,Clear,No,0,0,9