AmbulanceR,BikeAge,BikeAlcFlg,BikeDir,BikeInjury,BikeSex,City,County,CrashAlcoh,CrashDay,CrashGrp,CrashHour,CrashMonth,CrashType,CrashYear,DrvrAge,DrvrAlcFlg,DrvrInjury,DrvrSex,DrvrVehTyp,HitRun,Latitude,Longitude,RdConditio,SpeedLimit,TraffCntrl,Weather,Workzone,DrvrAgeImputedFlag,BikeAgeImputedFlag,MonthCode
Yes,45.0,No,With Traffic,K: Killed,Male,None - Rural Crash,New Hanover,No,Tuesday,Motorist Right Turn / Merge,18.0,September,Motorist Right Turn - Same Direction,2008,19.0,No,O: No Injury,Male,Passenger Car,No,34.10793,-77.92198,Dry,50 - 55  MPH,Other,Clear,No,0,0,9
Yes,13.0,No,Facing Traffic,C: Possible Injury,Male,Charlotte,Mecklenburg,No,Sunday,Loss of Control / Turning Error,13.0,September,Bicyclist Turning Error - Left Turn,2008,45.0,No,O: No Injury,Female,Passenger Car,No,35.297398,-80.94423,Dry,30 - 35  MPH,Stop Sign,Clear,No,0,0,9
Yes,21.0,No,With Traffic,B: Suspected Minor Injury,Male,Charlotte,Mecklenburg,Yes,Sunday,Motorist Overtaking Bicyclist,2.0,September,Motorist Overtaking - Undetected Bicyclist,2008,24.0,Yes,O: No Injury,Male,Passenger Car,No,35.222595,-80.81022,Dry,30 - 35  MPH,No Control Present,Cloudy,No,0,0,9
Yes,42.0,No,With Traffic,B: Suspected Minor Injury,Male,None - Rural Crash,Johnston,No,Tuesday,Motorist Left Turn / Merge,6.0,September,Motorist Left Turn - Opposite Direction,2008,35.0,No,O: No Injury,Male,Pickup,No,35.687325,-78.38872,Dry,50 - 55  MPH,"Double Yellow Line, No Passing Zone",Cloudy,No,0,0,9
No,23.0,No,With Traffic,B: Suspected Minor Injury,Male,Boone,Watauga,No,Tuesday,Bicyclist Overtaking Motorist,13.0,September,Bicyclist Overtaking - Other / Unknown,2008,30.0,No,O: No Injury,Female,Sport Utility,No,36.2154,-81.682915,Wet,20 - 25  MPH,Stop And Go Signal,Cloudy,No,0,0,9
Yes,33.0,No,With Traffic,B: Suspected Minor Injury,Male,Boone,Watauga,No,Tuesday,Motorist Left Turn / Merge,9.0,September,Motorist Left Turn - Opposite Direction,2008,21.0,No,O: No Injury,Male,Pickup,No,36.212902,-81.68367,Dry,20 - 25  MPH,Missing,Cloudy,No,0,0,9
Yes,22.0,No,With Traffic,B: Suspected Minor Injury,Male,Clinton,Sampson,No,Wednesday,Bicyclist Left Turn / Merge,6.0,September,Bicyclist Left Turn - Opposite Direction,2008,20.0,No,O: No Injury,Male,Passenger Car,No,34.99436,-78.31277,Dry,30 - 35  MPH,No Control Present,Cloudy,No,0,0,9
Yes,13.0,No,Not Applicable,B: Suspected Minor Injury,Male,Raleigh,Wake,No,Thursday,Bicyclist Failed to Yield - Midblock,18.0,June,Bicyclist Ride Out - Other Midblock,2008,60.0,No,O: No Injury,Female,Sport Utility,No,35.772724,-78.59934,Dry,30 - 35  MPH,Missing,Clear,No,0,0,6
No,16.0,No,Facing Traffic,C: Possible Injury,Male,Fayetteville,Cumberland,No,Friday,Motorist Failed to Yield - Midblock,13.0,September,Motorist Drive Out - Commercial Driveway / Alley,2008,42.03850604944766,Missing,Unknown Injury,Unknown,Passenger Car,Yes,35.037586,-78.96086,Dry,30 - 35  MPH,No Control Present,Cloudy,No,1,0,9
No,60.0,No,With Traffic,B: Suspected Minor Injury,Female,Durham,Durham,No,Monday,Bicyclist Overtaking Motorist,14.0,July,Bicyclist Overtaking - Extended Door,2008,42.03850604944766,Missing,Unknown Injury,Unknown,Unknown,Yes,35.996437,-78.903114,Dry,20 - 25  MPH,No Control Present,Clear,No,1,0,7
No,43.0,No,Facing Traffic,C: Possible Injury,Male,Wilmington,New Hanover,No,Friday,Motorist Failed to Yield - Signalized Intersection,11.0,August,Motorist Drive Out - Right Turn on Red,2008,42.03850604944766,Missing,Unknown Injury,Unknown,Unknown,Yes,34.23661,-77.94631,Wet,Unknown,Stop And Go Signal,Rain,No,1,0,8
No,17.0,No,Not Applicable,O: No Injury,Male,Raleigh,Wake,No,Wednesday,Bicyclist Failed to Yield - Midblock,10.0,July,Bicyclist Ride Out - Other Midblock,2008,52.0,No,O: No Injury,Female,Sport Utility,No,35.77945,-78.61346,Dry,30 - 35  MPH,No Control Present,Clear,No,0,0,7
Yes,14.0,No,Not Applicable,B: Suspected Minor Injury,Male,Greensboro,Guilford,No,Thursday,Non-Roadway,16.0,September,Non-Roadway,2008,18.0,No,O: No Injury,Male,Sport Utility,No,36.02117,-79.90726,Wet,Unknown,Missing,Cloudy,No,0,0,9
Yes,49.0,No,Facing Traffic,C: Possible Injury,Male,Raleigh,Wake,No,Friday,Motorist Failed to Yield - Signalized Intersection,14.0,August,Motorist Drive Out - Right Turn on Red,2008,49.0,No,O: No Injury,Female,Sport Utility,No,35.825893,-78.62094,Dry,40 - 45  MPH,Stop And Go Signal,Clear,No,0,0,8
Yes,31.0,No,With Traffic,C: Possible Injury,Male,None - Rural Crash,Robeson,No,Thursday,Motorist Overtaking Bicyclist,23.0,September,Motorist Overtaking - Other / Unknown,2008,42.03850604944766,Missing,Unknown Injury,Unknown,Unknown,Yes,34.694557,-79.24994,Dry,50 - 55  MPH,No Control Present,Clear,No,1,0,9
Yes,13.0,No,With Traffic,B: Suspected Minor Injury,Male,Burlington,Alamance,No,Friday,Motorist Overtaking Bicyclist,20.0,September,Motorist Overtaking - Undetected Bicyclist,2008,62.0,No,O: No Injury,Female,Van,No,36.093124,-79.3962,Dry,40 - 45  MPH,No Control Present,Clear,No,0,0,9
Yes,51.0,No,With Traffic,B: Suspected Minor Injury,Male,None - Rural Crash,Cumberland,No,Friday,Parallel Paths - Other Circumstances,23.0,September,Bicyclist Ride Out - Parallel Path,2008,51.0,No,B: Suspected Minor Injury,Male,Motorcycle,No,35.036266,-78.77103,Dry,30 - 35  MPH,"Double Yellow Line, No Passing Zone",Clear,No,0,0,9
Yes,33.0,No,Facing Traffic,B: Suspected Minor Injury,Male,Chapel Hill,Orange,No,Friday,Crossing Paths - Other Circumstances,20.0,September,Signalized Intersection - Other / Unknown,2008,31.0,No,O: No Injury,Female,Passenger Car,No,35.935272,-79.056015,"Water (Standing, Moving)",30 - 35  MPH,Stop And Go Signal,Rain,No,0,0,9
Yes,46.0,No,With Traffic,B: Suspected Minor Injury,Male,Wrightsville Beach,New Hanover,No,Friday,Motorist Left Turn / Merge,18.0,September,Motorist Left Turn - Opposite Direction,2008,16.0,No,O: No Injury,Female,Passenger Car,No,34.207745,-77.796425,Dry,30 - 35  MPH,Missing,Clear,No,0,0,9
Yes,51.0,No,With Traffic,B: Suspected Minor Injury,Male,Lexington,Davidson,No,Saturday,Motorist Overtaking Bicyclist,19.0,September,Motorist Overtaking - Undetected Bicyclist,2008,23.0,No,O: No Injury,Female,Passenger Car,No,35.777336,-80.28237,Dry,30 - 35  MPH,No Control Present,Clear,No,0,0,9
Yes,55.0,No,Facing Traffic,C: Possible Injury,Male,Lumberton,Robeson,No,Tuesday,Motorist Failed to Yield - Sign-Controlled Intersection,14.0,September,Motorist Drive Out - Sign-Controlled Intersection,2008,24.0,No,O: No Injury,Male,Passenger Car,No,34.625305,-79.01119,Dry,30 - 35  MPH,Stop Sign,Cloudy,No,0,0,9
Yes,12.0,No,Not Applicable,B: Suspected Minor Injury,Male,Raleigh,Wake,No,Thursday,Bicyclist Failed to Yield - Midblock,7.0,May,Bicyclist Ride Out - Other Midblock,2008,37.0,No,O: No Injury,Female,Sport Utility,No,35.844078,-78.6438,Dry,30 - 35  MPH,Stop And Go Signal,Cloudy,No,0,0,5
Yes,17.0,No,Facing Traffic,B: Suspected Minor Injury,Male,Garner,Wake,No,Tuesday,Crossing Paths - Other Circumstances,19.0,September,Sign-Controlled Intersection - Other / Unknown,2008,42.03850604944766,Missing,Unknown Injury,Unknown,Unknown,Yes,35.717422,-78.613106,Wet,20 - 25  MPH,Stop Sign,Rain,No,1,0,9
Yes,43.0,Yes,Facing Traffic,B: Suspected Minor Injury,Male,Statesville,Iredell,Yes,Sunday,Crossing Paths - Other Circumstances,14.0,September,Signalized Intersection - Other / Unknown,2008,39.0,No,O: No Injury,Male,Passenger Car,No,35.785206,-80.880196,Dry,30 - 35  MPH,Stop And Go Signal,Clear,No,0,0,9
Yes,62.0,No,With Traffic,B: Suspected Minor Injury,Male,Goldsboro,Wayne,No,Wednesday,Motorist Overtaking Bicyclist,20.0,September,Motorist Overtaking - Other / Unknown,2008,42.03850604944766,No,Unknown Injury,Unknown,Passenger Car,Yes,35.396393,-77.96841,Dry,30 - 35  MPH,No Control Present,Clear,No,1,0,9
No,20.0,No,Not Applicable,C: Possible Injury,Male,Raleigh,Wake,No,Tuesday,Non-Roadway,8.0,September,Non-Roadway,2008,20.0,No,O: No Injury,Male,Passenger Car,No,35.785088,-78.67957,Dry,5 - 15 MPH,No Control Present,Cloudy,No,0,0,9
No,16.0,No,Facing Traffic,C: Possible Injury,Male,Charlotte,Mecklenburg,No,Friday,Motorist Failed to Yield - Midblock,15.0,October,Motorist Drive Out - Commercial Driveway / Alley,2008,42.03850604944766,Missing,Unknown Injury,Unknown,Sport Utility,Yes,35.218445,-80.7227,Dry,40 - 45  MPH,No Control Present,Clear,No,1,0,10
No,25.0,No,Unknown,B: Suspected Minor Injury,Female,Charlotte,Mecklenburg,No,Sunday,Motorist Failed to Yield - Midblock,13.0,August,Motorist Drive Out - Commercial Driveway / Alley,2008,22.0,No,O: No Injury,Female,Passenger Car,No,35.22935,-80.8423,Dry,30 - 35  MPH,No Control Present,Clear,No,0,0,8
Yes,17.0,No,Not Applicable,B: Suspected Minor Injury,Male,Vanceboro,Craven,No,Tuesday,Bicyclist Failed to Yield - Midblock,20.0,September,Bicyclist Ride Out - Other Midblock,2008,27.0,No,O: No Injury,Male,Pickup,No,35.30652,-77.156525,Dry,30 - 35  MPH,"Double Yellow Line, No Passing Zone",Clear,No,0,0,9
Yes,55.0,No,Facing Traffic,K: Killed,Male,None - Rural Crash,Caswell,No,Saturday,Head-On,6.0,September,Head-On - Bicyclist,2008,31.0,No,O: No Injury,Female,Pickup,No,36.29652,-79.48626,Dry,50 - 55  MPH,"Double Yellow Line, No Passing Zone",Clear,No,0,0,9
Yes,48.0,No,With Traffic,O: No Injury,Female,Statesville,Iredell,No,Saturday,Bicyclist Failed to Yield - Sign-Controlled Intersection,16.0,September,Bicyclist Ride Through - Sign-Controlled Intersection,2008,20.0,No,B: Suspected Minor Injury,Male,Pedalcycle,No,35.76908,-80.88175,Dry,Unknown,Stop Sign,Clear,No,0,0,9
Yes,26.0,No,With Traffic,B: Suspected Minor Injury,Male,Statesville,Iredell,No,Saturday,Loss of Control / Turning Error,11.0,September,Bicyclist Lost Control - Mechanical Problems,2008,27.0,No,O: No Injury,Female,Sport Utility,No,35.79093,-80.85908,Dry,30 - 35  MPH,Stop And Go Signal,Clear,No,0,0,9
Yes,62.0,No,With Traffic,C: Possible Injury,Male,Edenton,Chowan,No,Sunday,Motorist Left Turn / Merge,7.0,September,Motorist Left Turn - Opposite Direction,2008,63.0,No,O: No Injury,Female,Passenger Car,No,36.069916,-76.6057,Dry,30 - 35  MPH,Stop Sign,Clear,No,0,0,9
Yes,45.0,No,With Traffic,B: Suspected Minor Injury,Male,Reidsville,Rockingham,No,Thursday,Backing Vehicle,18.0,September,Backing Vehicle,2008,31.0,No,O: No Injury,Male,Passenger Car,No,36.365143,-79.672646,Dry,5 - 15 MPH,Stop Sign,Clear,No,0,0,9
Yes,19.0,No,With Traffic,O: No Injury,Male,None - Rural Crash,Rowan,No,Friday,Motorist Overtaking Bicyclist,23.0,September,Motorist Overtaking - Other / Unknown,2008,24.0,No,C: Possible Injury,Male,Pedalcycle,No,35.72472,-80.500175,Wet,Unknown,"Double Yellow Line, No Passing Zone",Rain,No,0,0,9
No,12.0,No,Not Applicable,C: Possible Injury,Female,Jacksonville,Onslow,No,Saturday,Bicyclist Failed to Yield - Midblock,13.0,September,Bicyclist Ride Out - Other Midblock,2008,42.03850604944766,Missing,Unknown Injury,Unknown,Unknown,Yes,34.77535,-77.39011,Dry,40 - 45  MPH,No Control Present,Clear,No,1,0,9
No,30.0,No,Facing Traffic,C: Possible Injury,Male,Jacksonville,Onslow,No,Wednesday,Motorist Failed to Yield - Midblock,12.0,September,Motorist Drive Out - Commercial Driveway / Alley,2008,50.0,No,O: No Injury,Female,Pedalcycle,No,34.748318,-77.414246,Dry,Unknown,Missing,Cloudy,No,0,0,9
No,34.0,No,With Traffic,B: Suspected Minor Injury,Male,Goldsboro,Wayne,No,Saturday,Other / Unusual Circumstances,14.0,September,Motorist Intentionally Caused,2008,35.0,No,C: Possible Injury,Female,Sport Utility,No,35.39939,-77.994316,Dry,30 - 35  MPH,No Control Present,Clear,No,0,0,9
Yes,40.0,No,Facing Traffic,C: Possible Injury,Male,Asheville,Buncombe,No,Friday,Motorist Failed to Yield - Signalized Intersection,14.0,September,Motorist Drive Out - Right Turn on Red,2008,69.0,No,O: No Injury,Male,Passenger Car,No,35.57774,-82.59275,Dry,20 - 25  MPH,Stop And Go Signal,Clear,No,0,0,9
Yes,18.0,No,Facing Traffic,B: Suspected Minor Injury,Male,Jacksonville,Onslow,No,Tuesday,Motorist Failed to Yield - Midblock,15.0,September,Motorist Drive Out - Residential Driveway,2008,49.0,No,O: No Injury,Male,Passenger Car,No,34.762836,-77.39932,Dry,30 - 35  MPH,Missing,Clear,No,0,0,9
No,59.0,No,With Traffic,C: Possible Injury,Male,Roxboro,Person,No,Wednesday,Bicyclist Failed to Yield - Sign-Controlled Intersection,10.0,September,Bicyclist Ride Through - Sign-Controlled Intersection,2008,46.0,No,O: No Injury,Female,Pickup,No,36.399876,-78.98153,Dry,30 - 35  MPH,Stop Sign,Clear,No,0,0,9
Yes,18.0,No,With Traffic,B: Suspected Minor Injury,Male,Roanoke Rapids,Halifax,No,Thursday,Motorist Failed to Yield - Sign-Controlled Intersection,17.0,September,Motorist Drive Out - Sign-Controlled Intersection,2008,30.0,No,O: No Injury,Female,Passenger Car,Yes,36.459587,-77.66203,Dry,20 - 25  MPH,Stop Sign,Clear,No,0,0,9
Yes,21.0,No,With Traffic,Unknown Injury,Male,Belmont,Gaston,No,Saturday,Bicyclist Failed to Yield - Sign-Controlled Intersection,16.0,September,Bicyclist Ride Through - Sign-Controlled Intersection,2008,32.0,No,O: No Injury,Female,Passenger Car,No,35.23226,-81.0394,Dry,30 - 35  MPH,Stop Sign,Clear,No,0,0,9
Yes,46.0,No,With Traffic,C: Possible Injury,Male,None - Rural Crash,Lee,No,Wednesday,Motorist Overtaking Bicyclist,17.0,September,Motorist Overtaking - Undetected Bicyclist,2008,53.0,No,O: No Injury,Female,Sport Utility,No,35.46234,-79.09965,Dry,50 - 55  MPH,Missing,Cloudy,No,0,0,9
Yes,39.0,No,With Traffic,K: Killed,Female,None - Rural Crash,Halifax,No,Tuesday,Motorist Overtaking Bicyclist,19.0,September,Motorist Overtaking - Other / Unknown,2008,16.0,No,O: No Injury,Male,Passenger Car,No,36.26335,-77.95331,Dry,40 - 45  MPH,"Double Yellow Line, No Passing Zone","Fog, Smog, Smoke",No,0,0,9
Yes,32.52649525389365,No,With Traffic,B: Suspected Minor Injury,Male,Greensboro,Guilford,No,Monday,Motorist Overtaking Bicyclist,21.0,September,Motorist Overtaking - Undetected Bicyclist,2008,25.0,No,O: No Injury,Female,Passenger Car,No,36.064953,-79.783394,Dry,30 - 35  MPH,Stop Sign,Clear,No,0,1,9
Yes,23.0,No,With Traffic,B: Suspected Minor Injury,Female,Greensboro,Guilford,No,Saturday,Bicyclist Failed to Yield - Signalized Intersection,13.0,September,Bicyclist Ride Through - Signalized Intersection,2008,60.0,No,O: No Injury,Male,Passenger Car,No,36.074436,-79.827896,Dry,30 - 35  MPH,Stop And Go Signal,Clear,No,0,0,9
Yes,67.0,No,With Traffic,C: Possible Injury,Male,Sunset Beach,Brunswick,No,Sunday,Motorist Failed to Yield - Sign-Controlled Intersection,11.0,September,Motorist Drive Out - Sign-Controlled Intersection,2008,58.0,No,O: No Injury,Male,Pickup,No,33.887608,-78.51076,Dry,30 - 35  MPH,Stop Sign,Clear,No,0,0,9
Yes,17.0,No,With Traffic,A: Suspected Serious Injury,Male,None - Rural Crash,Onslow,No,Sunday,Motorist Overtaking Bicyclist,19.0,September,Motorist Overtaking - Other / Unknown,2008,22.0,No,O: No Injury,Male,Passenger Car,No,34.729008,-77.5051,Dry,50 - 55  MPH,No Control Present,Clear,No,0,0,9
Yes,60.0,No,Facing Traffic,B: Suspected Minor Injury,Male,Tarboro,Edgecombe,No,Monday,Motorist Failed to Yield - Sign-Controlled Intersection,17.0,September,Motorist Drive Out - Sign-Controlled Intersection,2008,60.0,No,O: No Injury,Male,Sport Utility,No,35.905594,-77.54271,Dry,30 - 35  MPH,Stop Sign,Clear,No,0,0,9
No,17.0,No,Facing Traffic,B: Suspected Minor Injury,Male,Asheville,Buncombe,Yes,Friday,Motorist Failed to Yield - Signalized Intersection,23.0,September,Motorist Drive Through - Signalized Intersection,2008,21.0,Yes,O: No Injury,Male,Sport Utility,No,35.59365,-82.558655,Wet,20 - 25  MPH,Stop And Go Signal,Rain,No,0,0,9
Yes,38.0,No,With Traffic,C: Possible Injury,Female,Charlotte,Mecklenburg,No,Saturday,Motorist Failed to Yield - Sign-Controlled Intersection,11.0,October,Motorist Drive Through - Sign-Controlled Intersection,2008,51.0,No,O: No Injury,Male,Pickup,No,35.29593,-80.73311,Dry,20 - 25  MPH,Stop Sign,Clear,No,0,0,10
Yes,10.0,No,With Traffic,C: Possible Injury,Male,Hendersonville,Henderson,No,Monday,Crossing Paths - Other Circumstances,17.0,September,Sign-Controlled Intersection - Other / Unknown,2008,41.0,No,O: No Injury,Male,Passenger Car,No,35.32297,-82.45385,Dry,20 - 25  MPH,Stop Sign,Clear,No,0,0,9
Yes,23.0,Yes,With Traffic,C: Possible Injury,Male,None - Rural Crash,Davidson,Yes,Friday,Motorist Overtaking Bicyclist,23.0,September,Motorist Overtaking - Undetected Bicyclist,2008,62.0,No,O: No Injury,Female,"Light Truck (Mini-Van, Panel)",No,35.82633,-80.34797,Wet,50 - 55  MPH,Missing,Rain,No,0,0,9
Yes,18.0,No,With Traffic,B: Suspected Minor Injury,Male,Wilmington,New Hanover,No,Monday,Motorist Left Turn / Merge,21.0,September,Motorist Left Turn - Opposite Direction,2008,25.0,No,O: No Injury,Male,Passenger Car,No,34.215015,-77.85165,Dry,40 - 45  MPH,Stop Sign,Clear,No,0,0,9
Yes,11.0,No,With Traffic,B: Suspected Minor Injury,Male,High Point,Guilford,No,Tuesday,Bicyclist Failed to Yield - Sign-Controlled Intersection,16.0,September,Bicyclist Ride Out - Sign-Controlled Intersection,2008,39.0,No,O: No Injury,Female,Pickup,No,35.974228,-80.00675,Dry,30 - 35  MPH,Yield Sign,Clear,No,0,0,9
No,23.0,No,With Traffic,B: Suspected Minor Injury,Male,Raleigh,Wake,No,Thursday,Parallel Paths - Other Circumstances,15.0,October,Parallel Paths - Other / Unknown,2008,26.0,No,O: No Injury,Female,Passenger Car,No,35.78335,-78.66689,Dry,5 - 15 MPH,Missing,Clear,No,0,0,10
No,47.0,Yes,Facing Traffic,O: No Injury,Male,Kannapolis,Cabarrus,Yes,Friday,Motorist Left Turn / Merge,16.0,October,Motorist Left Turn - Same Direction,2008,51.0,No,O: No Injury,Male,Pickup,No,35.46716,-80.58909,Dry,40 - 45  MPH,No Control Present,Clear,No,0,0,10
No,16.0,No,With Traffic,C: Possible Injury,Male,Statesville,Iredell,No,Saturday,Motorist Overtaking Bicyclist,20.0,October,Motorist Overtaking - Undetected Bicyclist,2008,65.0,No,O: No Injury,Male,Van,No,35.80008,-80.86516,Dry,30 - 35  MPH,No Control Present,Clear,No,0,0,10
Yes,53.0,No,With Traffic,A: Suspected Serious Injury,Female,Kannapolis,Cabarrus,No,Saturday,Motorist Overtaking Bicyclist,18.0,October,Motorist Overtaking - Undetected Bicyclist,2008,59.0,No,O: No Injury,Male,Sport Utility,No,35.504795,-80.62966,Dry,40 - 45  MPH,No Control Present,Clear,No,0,0,10
Yes,47.0,No,Facing Traffic,K: Killed,Male,Salisbury,Rowan,No,Monday,Head-On,18.0,October,Head-On - Bicyclist,2008,20.0,No,O: No Injury,Male,Pickup,No,35.635746,-80.51548,Dry,50 - 55  MPH,No Control Present,Clear,No,0,0,10
Yes,22.0,No,Facing Traffic,O: No Injury,Male,Charlotte,Mecklenburg,No,Tuesday,Motorist Failed to Yield - Sign-Controlled Intersection,7.0,October,Motorist Drive Out - Sign-Controlled Intersection,2008,47.0,No,O: No Injury,Female,Passenger Car,No,35.213894,-80.75583,Dry,30 - 35  MPH,Stop Sign,Clear,No,0,0,10
Yes,42.0,No,Facing Traffic,C: Possible Injury,Female,Morehead City,Carteret,No,Tuesday,Motorist Failed to Yield - Sign-Controlled Intersection,16.0,September,Motorist Drive Out - Sign-Controlled Intersection,2008,17.0,No,O: No Injury,Male,Passenger Car,No,34.723793,-76.731094,Dry,20 - 25  MPH,Stop Sign,Clear,No,0,0,9
No,24.0,Yes,With Traffic,A: Suspected Serious Injury,Male,Leland,Brunswick,Yes,Tuesday,Bicyclist Left Turn / Merge,23.0,September,Bicyclist Left Turn - Same Direction,2008,33.0,No,O: No Injury,Male,Passenger Car,No,34.233826,-77.98963,Dry,50 - 55  MPH,Missing,Clear,No,0,0,9
Yes,53.0,No,With Traffic,C: Possible Injury,Male,Charlotte,Mecklenburg,No,Tuesday,Motorist Overtaking Bicyclist,5.0,October,Motorist Overtaking - Undetected Bicyclist,2008,50.0,No,O: No Injury,Male,Passenger Car,No,35.284084,-80.9197,Dry,40 - 45  MPH,No Control Present,Clear,No,0,0,10
Yes,20.0,No,With Traffic,C: Possible Injury,Male,Chapel Hill,Orange,Yes,Sunday,Motorist Failed to Yield - Midblock,9.0,October,Motorist Drive Out - Commercial Driveway / Alley,2008,22.0,Yes,O: No Injury,Male,Sport Utility,No,35.912125,-79.062515,Dry,20 - 25  MPH,No Control Present,Clear,No,0,0,10
No,16.0,No,Facing Traffic,C: Possible Injury,Male,Goldsboro,Wayne,No,Wednesday,Motorist Failed to Yield - Sign-Controlled Intersection,20.0,October,Motorist Drive Out - Sign-Controlled Intersection,2008,24.0,No,O: No Injury,Male,Pickup,No,35.38417,-77.9271,Dry,40 - 45  MPH,Stop Sign,Clear,No,0,0,10
No,13.0,No,Unknown,O: No Injury,Female,Kings Mountain,Cleveland,No,Sunday,Other / Unknown - Insufficient Details,9.0,September,Unknown Location,2008,42.03850604944766,Missing,Unknown Injury,Unknown,Unknown,Yes,35.240948,-81.34685,Dry,30 - 35  MPH,Stop And Go Signal,Clear,No,1,0,9
Yes,11.0,No,With Traffic,B: Suspected Minor Injury,Male,Winston-Salem,Forsyth,No,Friday,Crossing Paths - Other Circumstances,18.0,October,Signalized Intersection - Other / Unknown,2008,47.0,No,O: No Injury,Male,Pickup,No,36.091217,-80.28235,Dry,30 - 35  MPH,Stop And Go Signal,Clear,No,0,0,10
No,27.0,No,With Traffic,B: Suspected Minor Injury,Male,Winston-Salem,Forsyth,No,Wednesday,Motorist Failed to Yield - Sign-Controlled Intersection,6.0,October,Motorist Drive Out - Sign-Controlled Intersection,2008,42.03850604944766,Missing,Unknown Injury,Unknown,Unknown,Yes,36.090027,-80.27392,Dry,30 - 35  MPH,Yield Sign,Cloudy,No,1,0,10
Yes,20.0,No,With Traffic,B: Suspected Minor Injury,Female,Boone,Watauga,No,Thursday,Motorist Left Turn / Merge,15.0,October,Motorist Left Turn - Opposite Direction,2008,61.0,No,O: No Injury,Male,Passenger Car,No,36.204628,-81.668686,Wet,30 - 35  MPH,Missing,Rain,No,0,0,10
Yes,28.0,No,With Traffic,B: Suspected Minor Injury,Male,None - Rural Crash,Cumberland,No,Wednesday,Motorist Failed to Yield - Sign-Controlled Intersection,6.0,October,Motorist Drive Out - Sign-Controlled Intersection,2008,50.0,No,O: No Injury,Male,Pickup,No,34.975883,-78.975876,Dry,40 - 45  MPH,Stop Sign,Clear,No,0,0,10
No,21.0,No,With Traffic,C: Possible Injury,Male,Henderson,Vance,No,Wednesday,Motorist Overtaking Bicyclist,16.0,October,Motorist Overtaking - Other / Unknown,2008,42.03850604944766,No,Unknown Injury,Unknown,Pickup,Yes,36.33668,-78.39419,Dry,30 - 35  MPH,"Double Yellow Line, No Passing Zone",Clear,No,1,0,10
Yes,9.0,No,With Traffic,C: Possible Injury,Male,None - Rural Crash,Rowan,No,Thursday,Bicyclist Left Turn / Merge,16.0,October,Bicyclist Left Turn - Same Direction,2008,53.0,No,O: No Injury,Male,Passenger Car,No,35.732956,-80.54551,Dry,50 - 55  MPH,No Control Present,Clear,No,0,0,10
No,46.0,No,Facing Traffic,C: Possible Injury,Male,Charlotte,Mecklenburg,No,Thursday,Motorist Failed to Yield - Sign-Controlled Intersection,17.0,October,Motorist Drive Out - Sign-Controlled Intersection,2008,30.0,No,O: No Injury,Female,Passenger Car,No,35.219696,-80.80274,Dry,20 - 25  MPH,Stop Sign,Clear,No,0,0,10
No,52.0,No,Not Applicable,C: Possible Injury,Male,Charlotte,Mecklenburg,No,Wednesday,Non-Roadway,17.0,October,Non-Roadway,2008,42.0,No,O: No Injury,Female,Passenger Car,No,35.229725,-80.92316,Dry,Unknown,No Control Present,Clear,No,0,0,10
Yes,37.0,No,With Traffic,C: Possible Injury,Male,Fayetteville,Cumberland,No,Tuesday,Motorist Overtaking Bicyclist,23.0,October,Motorist Overtaking - Undetected Bicyclist,2008,25.0,No,O: No Injury,Female,Passenger Car,No,35.062687,-78.93579,Dry,30 - 35  MPH,No Control Present,Clear,No,0,0,10
No,40.0,No,With Traffic,O: No Injury,Male,Durham,Durham,No,Friday,Parallel Paths - Other Circumstances,20.0,October,Parallel Paths - Other / Unknown,2008,33.0,No,O: No Injury,Female,Passenger Car,No,35.981865,-78.87797,Wet,30 - 35  MPH,Stop And Go Signal,Rain,No,0,0,10
Yes,20.0,No,Facing Traffic,B: Suspected Minor Injury,Male,Jacksonville,Onslow,No,Wednesday,Crossing Paths - Other Circumstances,19.0,October,Signalized Intersection - Other / Unknown,2008,55.0,No,O: No Injury,Male,"Light Truck (Mini-Van, Panel)",No,34.777283,-77.426956,Dry,30 - 35  MPH,Stop And Go Signal,Clear,No,0,0,10
No,24.0,No,With Traffic,C: Possible Injury,Male,Boone,Watauga,No,Saturday,Motorist Right Turn / Merge,14.0,October,Motorist Right Turn - Same Direction,2008,19.0,No,O: No Injury,Female,Passenger Car,No,36.213608,-81.68219,Dry,20 - 25  MPH,Stop And Go Signal,Clear,No,0,0,10
Yes,35.0,No,Facing Traffic,C: Possible Injury,Male,Wilmington,New Hanover,No,Monday,Motorist Failed to Yield - Midblock,14.0,October,Motorist Drive Out - Commercial Driveway / Alley,2008,37.0,No,O: No Injury,Female,Passenger Car,No,34.242825,-77.88876,"Water (Standing, Moving)",40 - 45  MPH,No Control Present,Clear,No,0,0,10
No,18.0,No,With Traffic,B: Suspected Minor Injury,Male,Waynesville,Haywood,No,Monday,Motorist Overtaking Bicyclist,12.0,September,Motorist Overtaking - Misjudged Space,2008,66.0,No,O: No Injury,Female,Sport Utility,No,35.50755,-82.99306,Dry,30 - 35  MPH,Missing,Clear,No,0,0,9