AmbulanceR,BikeAge,BikeAlcFlg,BikeDir,BikeInjury,BikeSex,City,County,CrashAlcoh,CrashDay,CrashGrp,CrashHour,CrashMonth,CrashType,CrashYear,DrvrAge,DrvrAlcFlg,DrvrInjury,DrvrSex,DrvrVehTyp,HitRun,Latitude,Longitude,RdConditio,SpeedLimit,TraffCntrl,Weather,Workzone,DrvrAgeImputedFlag,BikeAgeImputedFlag,MonthCode
No,56.0,No,With Traffic,B: Suspected Minor Injury,Male,Charlotte,Mecklenburg,No,Tuesday,Motorist Overtaking Bicyclist,23.0,October,Motorist Overtaking - Other / Unknown,2008,42.03850604944766,Missing,Unknown Injury,Unknown,Pickup,Yes,35.172916,-80.926765,Dry,40 - 45  MPH,No Control Present,Clear,No,1,0,10
Yes,47.0,No,With Traffic,C: Possible Injury,Male,Charlotte,Mecklenburg,No,Tuesday,Crossing Paths - Other Circumstances,16.0,October,Sign-Controlled Intersection - Other / Unknown,2008,22.0,No,O: No Injury,Female,Passenger Car,No,35.21466,-80.85701,Dry,30 - 35  MPH,Stop Sign,Clear,No,0,0,10
No,37.0,No,Facing Traffic,C: Possible Injury,Male,Cary,Wake,No,Friday,Motorist Failed to Yield - Sign-Controlled Intersection,14.0,October,Motorist Drive Out - Sign-Controlled Intersection,2008,20.0,No,O: No Injury,Female,Passenger Car,No,35.801956,-78.795494,Dry,30 - 35  MPH,Stop Sign,Clear,No,0,0,10
Yes,39.0,No,With Traffic,C: Possible Injury,Male,None - Rural Crash,Greene,No,Monday,Motorist Overtaking Bicyclist,7.0,October,Motorist Overtaking - Misjudged Space,2008,24.0,No,O: No Injury,Female,Passenger Car,No,35.426918,-77.68816,Dry,50 - 55  MPH,"Double Yellow Line, No Passing Zone",Clear,No,0,0,10
Yes,37.0,No,With Traffic,B: Suspected Minor Injury,Male,Charlotte,Mecklenburg,No,Thursday,Loss of Control / Turning Error,11.0,October,Motorist Turning Error - Left Turn,2008,63.0,No,O: No Injury,Male,Passenger Car,No,35.235172,-80.79003,Dry,20 - 25  MPH,Stop Sign,Clear,No,0,0,10
No,55.0,Yes,With Traffic,B: Suspected Minor Injury,Male,Lumberton,Robeson,Yes,Sunday,Bicyclist Right Turn / Merge,10.0,October,Bicyclist Right Turn - Same Direction,2008,42.0,No,Unknown Injury,Male,Passenger Car,No,34.617687,-78.99626,Dry,30 - 35  MPH,Stop And Go Signal,Clear,No,0,0,10
No,54.0,No,With Traffic,C: Possible Injury,Male,None - Rural Crash,Robeson,No,Saturday,Motorist Overtaking Bicyclist,21.0,October,Motorist Overtaking - Undetected Bicyclist,2008,58.0,No,O: No Injury,Male,Pickup,No,34.704735,-79.19662,Wet,50 - 55  MPH,"Double Yellow Line, No Passing Zone",Rain,No,0,0,10
Yes,18.0,No,With Traffic,C: Possible Injury,Male,Boone,Watauga,No,Thursday,Motorist Left Turn / Merge,10.0,October,Motorist Left Turn - Opposite Direction,2008,19.0,No,O: No Injury,Male,Sport Utility,No,36.21369,-81.6823,Dry,20 - 25  MPH,Stop And Go Signal,Clear,No,0,0,10
Yes,24.0,No,With Traffic,B: Suspected Minor Injury,Male,Charlotte,Mecklenburg,No,Tuesday,Motorist Right Turn / Merge,18.0,October,Motorist Right Turn - Same Direction,2008,17.0,No,O: No Injury,Male,Pickup,No,35.04042,-80.794,Dry,40 - 45  MPH,Stop And Go Signal,Clear,No,0,0,10
No,44.0,No,With Traffic,C: Possible Injury,Female,Hickory,Catawba,No,Friday,Motorist Left Turn / Merge,6.0,October,Motorist Left Turn - Opposite Direction,2008,33.0,No,O: No Injury,Male,Police,No,35.748917,-81.34805,Wet,30 - 35  MPH,Stop And Go Signal,Rain,No,0,0,10
Yes,49.0,Yes,With Traffic,A: Suspected Serious Injury,Male,Wilson,Wilson,Yes,Saturday,Bicyclist Right Turn / Merge,0.0,October,Bicyclist Right Turn - Same Direction,2008,24.0,No,O: No Injury,Male,Passenger Car,No,35.731716,-77.89993,Wet,40 - 45  MPH,Missing,Rain,No,0,0,10
Yes,32.52649525389365,No,With Traffic,C: Possible Injury,Female,Wilson,Wilson,No,Thursday,Crossing Paths - Other Circumstances,20.0,October,Sign-Controlled Intersection - Other / Unknown,2008,57.0,No,O: No Injury,Male,Sport Utility,No,35.728065,-77.920006,Dry,40 - 45  MPH,Stop Sign,Clear,No,0,1,10
Yes,42.0,No,Facing Traffic,O: No Injury,Male,Pembroke,Robeson,No,Friday,Head-On,20.0,October,Head-On - Bicyclist,2008,42.03850604944766,Missing,Unknown Injury,Unknown,Passenger Car,Yes,34.675625,-79.187706,Wet,Unknown,Stop Sign,Cloudy,No,1,0,10
Yes,25.0,No,Facing Traffic,C: Possible Injury,Female,Wilmington,New Hanover,No,Monday,Motorist Failed to Yield - Sign-Controlled Intersection,10.0,October,Motorist Drive Out - Sign-Controlled Intersection,2008,61.0,No,O: No Injury,Male,Passenger Car,No,34.208088,-77.86071,Dry,40 - 45  MPH,Stop Sign,Clear,No,0,0,10
Yes,45.0,No,With Traffic,C: Possible Injury,Male,Wilson,Wilson,No,Monday,Bicyclist Left Turn / Merge,17.0,May,Bicyclist Left Turn - Same Direction,2008,19.0,No,O: No Injury,Female,Passenger Car,No,35.719856,-77.91417,Dry,40 - 45  MPH,Stop And Go Signal,Clear,No,0,0,5
Yes,48.0,No,With Traffic,O: No Injury,Male,Wilson,Wilson,No,Tuesday,Motorist Right Turn / Merge,18.0,October,Motorist Right Turn - Same Direction,2008,26.0,No,O: No Injury,Female,Passenger Car,No,35.721405,-77.92755,Dry,30 - 35  MPH,Stop Sign,Clear,No,0,0,10
Yes,62.0,No,With Traffic,K: Killed,Male,Wilmington,New Hanover,No,Thursday,Motorist Right Turn / Merge,9.0,October,Motorist Right Turn - Same Direction,2008,49.0,No,O: No Injury,Female,Passenger Car,No,34.22697,-77.82808,Dry,40 - 45  MPH,Missing,Clear,No,0,0,10
Yes,35.0,No,Not Applicable,B: Suspected Minor Injury,Male,Fayetteville,Cumberland,No,Saturday,Bicyclist Failed to Yield - Midblock,13.0,October,Bicyclist Ride Out - Midblock - Unknown,2008,25.0,No,O: No Injury,Male,Pickup,No,35.102634,-78.89917,Dry,50 - 55  MPH,"Double Yellow Line, No Passing Zone",Cloudy,No,0,0,10
Yes,51.0,No,Facing Traffic,Unknown Injury,Unknown,Fayetteville,Cumberland,No,Monday,Motorist Failed to Yield - Midblock,15.0,October,Motorist Drive Out - Commercial Driveway / Alley,2008,36.0,No,O: No Injury,Female,Pickup,No,35.075455,-78.931984,Dry,5 - 15 MPH,No Control Present,Clear,No,0,0,10
Yes,17.0,No,Facing Traffic,C: Possible Injury,Male,Mooresville,Iredell,No,Thursday,Motorist Failed to Yield - Sign-Controlled Intersection,16.0,October,Motorist Drive Out - Sign-Controlled Intersection,2008,40.0,No,O: No Injury,Female,Passenger Car,No,35.597603,-80.80878,Dry,30 - 35  MPH,Stop Sign,Clear,No,0,0,10
Yes,39.0,No,With Traffic,B: Suspected Minor Injury,Male,Chapel Hill,Orange,No,Wednesday,Parking / Bus-Related,7.0,October,Motorist Drive In / Out - Parking,2008,36.0,No,O: No Injury,Male,Sport Utility,No,35.90986,-79.04728,Dry,20 - 25  MPH,Missing,Clear,No,0,0,10
No,64.0,No,With Traffic,B: Suspected Minor Injury,Male,Shallotte,Brunswick,No,Monday,Motorist Right Turn / Merge,15.0,October,Motorist Right Turn - Same Direction,2008,47.0,No,O: No Injury,Male,Pickup,No,33.958065,-78.39953,Dry,Unknown,No Control Present,Clear,No,0,0,10
Yes,18.0,No,Not Applicable,C: Possible Injury,Male,Oxford,Granville,No,Tuesday,Non-Roadway,17.0,August,Non-Roadway,2008,50.0,No,O: No Injury,Female,Passenger Car,No,36.29983,-78.58261,Dry,5 - 15 MPH,No Control Present,Clear,No,0,0,8
No,23.0,No,With Traffic,C: Possible Injury,Female,Raleigh,Wake,No,Sunday,Motorist Right Turn / Merge,16.0,August,Motorist Right Turn - Same Direction,2008,19.0,No,O: No Injury,Male,Pickup,No,35.789406,-78.67526,Dry,30 - 35  MPH,No Control Present,Clear,No,0,0,8
Yes,69.0,No,With Traffic,B: Suspected Minor Injury,Male,Charlotte,Mecklenburg,No,Saturday,Loss of Control / Turning Error,14.0,November,Motorist Turning Error - Left Turn,2008,17.0,No,O: No Injury,Male,Sport Utility,No,35.133087,-80.80322,Dry,20 - 25  MPH,Stop Sign,Clear,No,0,0,11
Yes,39.0,No,Facing Traffic,C: Possible Injury,Male,Raleigh,Wake,No,Monday,Motorist Failed to Yield - Midblock,11.0,August,Motorist Drive Out - Commercial Driveway / Alley,2008,46.0,No,O: No Injury,Male,Sport Utility,No,35.78875,-78.64487,Dry,5 - 15 MPH,Missing,Clear,No,0,0,8
No,16.0,No,Facing Traffic,B: Suspected Minor Injury,Male,Raleigh,Wake,Yes,Monday,Head-On,1.0,August,Head-On - Bicyclist,2008,34.0,Yes,O: No Injury,Male,Pickup,No,35.744762,-78.678215,Dry,30 - 35  MPH,No Control Present,Clear,No,0,0,8
Yes,47.0,No,With Traffic,B: Suspected Minor Injury,Male,None - Rural Crash,Cumberland,No,Monday,Motorist Overtaking Bicyclist,18.0,September,Motorist Overtaking - Misjudged Space,2008,51.0,No,O: No Injury,Male,Pickup,Yes,35.055546,-78.77005,Dry,50 - 55  MPH,"Double Yellow Line, No Passing Zone",Clear,No,0,0,9
Yes,37.0,No,Facing Traffic,C: Possible Injury,Male,Asheboro,Randolph,No,Wednesday,Motorist Failed to Yield - Sign-Controlled Intersection,7.0,October,Motorist Drive Out - Sign-Controlled Intersection,2008,39.0,No,O: No Injury,Female,Passenger Car,No,35.70352,-79.81708,Dry,30 - 35  MPH,Stop Sign,Clear,No,0,0,10
Yes,47.0,No,With Traffic,B: Suspected Minor Injury,Female,Cary,Wake,No,Thursday,Other / Unusual Circumstances,8.0,October,Unusual Circumstances,2008,32.0,No,C: Possible Injury,Female,Sport Utility,No,35.794655,-78.7508,Dry,40 - 45  MPH,Stop And Go Signal,Clear,No,0,0,10
Yes,29.0,No,With Traffic,B: Suspected Minor Injury,Male,Durham,Durham,No,Wednesday,Bicyclist Failed to Yield - Signalized Intersection,17.0,October,Bicyclist Ride Through - Signalized Intersection,2008,57.0,No,O: No Injury,Female,Passenger Car,No,35.993702,-78.87027,Dry,30 - 35  MPH,Stop And Go Signal,Clear,No,0,0,10
Yes,13.0,No,Facing Traffic,A: Suspected Serious Injury,Male,Durham,Durham,No,Sunday,Crossing Paths - Other Circumstances,14.0,November,Sign-Controlled Intersection - Other / Unknown,2008,42.03850604944766,No,Unknown Injury,Unknown,Passenger Car,Yes,35.990345,-78.88059,Dry,20 - 25  MPH,Stop Sign,Clear,No,1,0,11
Yes,51.0,No,With Traffic,B: Suspected Minor Injury,Female,Norwood,Stanly,No,Thursday,Bicyclist Failed to Yield - Sign-Controlled Intersection,1.0,September,Bicyclist Ride Out - Sign-Controlled Intersection,2008,36.0,No,O: No Injury,Male,Unknown Heavy Truck,No,35.229534,-80.12906,Dry,30 - 35  MPH,Stop Sign,Clear,No,0,0,9
Yes,45.0,No,Facing Traffic,K: Killed,Male,Rocky Mount,Nash,No,Tuesday,Head-On,20.0,September,Head-On - Bicyclist,2008,52.0,No,O: No Injury,Male,Van,No,35.966232,-77.81691,Dry,40 - 45  MPH,Stop And Go Signal,Clear,No,0,0,9
No,53.0,No,With Traffic,B: Suspected Minor Injury,Male,Eastover,Cumberland,No,Thursday,Bicyclist Left Turn / Merge,17.0,November,Bicyclist Left Turn - Same Direction,2008,54.0,No,O: No Injury,Female,Sport Utility,No,35.087013,-78.79095,Dry,40 - 45  MPH,"Double Yellow Line, No Passing Zone",Clear,No,0,0,11
Yes,22.0,No,Facing Traffic,C: Possible Injury,Male,Charlotte,Mecklenburg,No,Thursday,Head-On,8.0,November,Head-On - Bicyclist,2008,16.0,No,O: No Injury,Male,Passenger Car,Yes,35.144035,-80.8904,Dry,20 - 25  MPH,No Control Present,Clear,No,0,0,11
Yes,45.0,No,With Traffic,C: Possible Injury,Male,None - Rural Crash,Hoke,No,Monday,Crossing Paths - Other Circumstances,13.0,October,Signalized Intersection - Other / Unknown,2008,53.0,No,O: No Injury,Female,Passenger Car,No,35.031746,-79.09528,Dry,50 - 55  MPH,Stop And Go Signal,Clear,No,0,0,10
Yes,20.0,No,With Traffic,C: Possible Injury,Male,None - Rural Crash,Halifax,No,Tuesday,Head-On,19.0,October,Head-On - Motorist,2008,42.03850604944766,Missing,Unknown Injury,Unknown,Unknown,Yes,36.43313,-77.77165,Dry,50 - 55  MPH,"Double Yellow Line, No Passing Zone",Clear,No,1,0,10
Yes,29.0,No,Facing Traffic,C: Possible Injury,Female,Charlotte,Mecklenburg,No,Wednesday,Motorist Failed to Yield - Midblock,12.0,November,Motorist Drive Out - Commercial Driveway / Alley,2008,17.0,No,O: No Injury,Female,Passenger Car,No,35.137283,-80.937256,Dry,5 - 15 MPH,No Control Present,Clear,No,0,0,11
No,57.0,No,Facing Traffic,C: Possible Injury,Male,Jacksonville,Onslow,No,Sunday,Motorist Left Turn / Merge,12.0,October,Motorist Left Turn - Same Direction,2008,35.0,No,O: No Injury,Male,Pickup,No,34.747047,-77.36845,Dry,20 - 25  MPH,Stop Sign,Clear,No,0,0,10
Yes,26.0,Yes,Facing Traffic,B: Suspected Minor Injury,Male,None - Rural Crash,Currituck,Yes,Thursday,Bicyclist Right Turn / Merge,20.0,October,Bicyclist Right Turn - Opposite Direction,2008,21.0,No,O: No Injury,Male,Passenger Car,No,36.07991,-75.79501,Dry,50 - 55  MPH,Missing,Clear,No,0,0,10
Yes,10.0,No,Not Applicable,B: Suspected Minor Injury,Male,Cary,Wake,No,Saturday,Non-Roadway,16.0,November,Non-Roadway,2008,42.03850604944766,Missing,Unknown Injury,Unknown,Pickup,Yes,35.765648,-78.747406,Dry,5 - 15 MPH,No Control Present,Clear,No,1,0,11
No,27.0,No,With Traffic,O: No Injury,Male,None - Rural Crash,Davidson,No,Saturday,Motorist Right Turn / Merge,14.0,October,Motorist Right Turn - Same Direction,2008,20.0,No,O: No Injury,Male,Passenger Car,No,35.675266,-80.24276,Dry,20 - 25  MPH,No Control Present,Clear,No,0,0,10
Yes,43.0,No,With Traffic,C: Possible Injury,Male,Winston-Salem,Forsyth,No,Friday,Parallel Paths - Other Circumstances,6.0,September,Parallel Paths - Other / Unknown,2008,42.03850604944766,No,Unknown Injury,Unknown,Passenger Car,Yes,36.151215,-80.27928,Dry,40 - 45  MPH,Stop And Go Signal,Clear,No,1,0,9
Yes,41.0,Yes,With Traffic,C: Possible Injury,Male,None - Rural Crash,Nash,Yes,Thursday,Motorist Failed to Yield - Midblock,20.0,October,Motorist Drive Out - Residential Driveway,2008,19.0,No,O: No Injury,Female,Passenger Car,No,36.04966,-77.98246,Dry,40 - 45  MPH,Missing,Clear,No,0,0,10
Yes,15.0,No,With Traffic,B: Suspected Minor Injury,Male,Alliance,Pamlico,No,Saturday,Parallel Paths - Other Circumstances,20.0,October,Bicyclist Ride Out - Parallel Path,2008,27.0,No,O: No Injury,Male,Passenger Car,No,35.144455,-76.80768,Dry,40 - 45  MPH,Missing,Cloudy,Yes,0,0,10
No,36.0,No,With Traffic,B: Suspected Minor Injury,Male,Trinity,Randolph,No,Tuesday,Loss of Control / Turning Error,13.0,October,Bicyclist Lost Control - Other / Unknown,2008,40.0,No,O: No Injury,Male,Pickup,No,35.881065,-80.00408,Dry,40 - 45  MPH,Stop And Go Signal,Clear,No,0,0,10
No,9.0,No,Not Applicable,Unknown Injury,Male,Charlotte,Mecklenburg,No,Tuesday,Bicyclist Failed to Yield - Midblock,17.0,November,Bicyclist Ride Out - Midblock - Unknown,2008,44.0,No,O: No Injury,Female,Passenger Car,No,35.155235,-80.87626,Dry,40 - 45  MPH,Stop And Go Signal,Clear,No,0,0,11
No,49.0,No,With Traffic,B: Suspected Minor Injury,Male,Marvin,Union,No,Saturday,Motorist Overtaking Bicyclist,17.0,October,Motorist Overtaking - Other / Unknown,2008,37.0,No,O: No Injury,Male,Passenger Car,No,34.969326,-80.79887,Dry,40 - 45  MPH,"Double Yellow Line, No Passing Zone",Clear,No,0,0,10
Yes,68.0,No,With Traffic,C: Possible Injury,Male,None - Rural Crash,Carteret,No,Thursday,Motorist Overtaking Bicyclist,18.0,November,Motorist Overtaking - Misjudged Space,2008,42.03850604944766,Missing,Unknown Injury,Unknown,Van,Yes,34.737778,-76.55781,Dry,40 - 45  MPH,Stop Sign,Clear,No,1,0,11
No,65.0,No,With Traffic,A: Suspected Serious Injury,Male,Atlantic Beach,Carteret,No,Tuesday,Motorist Overtaking Bicyclist,13.0,October,Motorist Overtaking - Bicyclist Swerved,2008,60.0,No,O: No Injury,Female,Passenger Car,No,34.701176,-76.74924,Dry,40 - 45  MPH,Missing,Clear,No,0,0,10
Yes,19.0,No,Facing Traffic,B: Suspected Minor Injury,Male,Carrboro,Orange,No,Monday,Bicyclist Right Turn / Merge,15.0,October,Bicyclist Right Turn - Same Direction,2008,64.0,No,O: No Injury,Female,Passenger Car,No,35.903767,-79.09116,Dry,30 - 35  MPH,Stop And Go Signal,Clear,No,0,0,10
Yes,44.0,No,With Traffic,B: Suspected Minor Injury,Male,Wilmington,New Hanover,No,Tuesday,Motorist Right Turn / Merge,15.0,October,Motorist Right Turn - Same Direction,2008,42.03850604944766,Missing,Unknown Injury,Unknown,Unknown,Yes,34.2174,-77.90692,Dry,Unknown,Stop And Go Signal,Clear,No,1,0,10
Yes,20.0,No,With Traffic,B: Suspected Minor Injury,Male,High Point,Guilford,No,Wednesday,Bicyclist Failed to Yield - Sign-Controlled Intersection,17.0,October,Bicyclist Ride Through - Sign-Controlled Intersection,2008,39.0,No,O: No Injury,Female,Van,No,35.94128,-80.001076,Dry,30 - 35  MPH,Stop Sign,Clear,No,0,0,10
Yes,14.0,No,With Traffic,B: Suspected Minor Injury,Female,Wilmington,New Hanover,No,Wednesday,Motorist Overtaking Bicyclist,21.0,October,Motorist Overtaking - Other / Unknown,2008,42.03850604944766,Missing,Unknown Injury,Unknown,Unknown,Yes,34.228607,-77.924,Dry,20 - 25  MPH,No Control Present,Clear,No,1,0,10
Yes,46.0,No,With Traffic,C: Possible Injury,Female,None - Rural Crash,Carteret,No,Thursday,Motorist Overtaking Bicyclist,18.0,November,Motorist Overtaking - Misjudged Space,2008,26.0,No,O: No Injury,Female,Pickup,No,34.74869,-76.836975,Wet,50 - 55  MPH,No Control Present,Cloudy,No,0,0,11
Yes,51.0,Yes,With Traffic,C: Possible Injury,Male,Lumberton,Robeson,Yes,Sunday,Motorist Overtaking Bicyclist,19.0,October,Motorist Overtaking - Undetected Bicyclist,2008,54.0,No,O: No Injury,Male,Passenger Car,No,34.58184,-79.04707,Dry,40 - 45  MPH,No Control Present,Clear,No,0,0,10
Yes,60.0,No,With Traffic,B: Suspected Minor Injury,Male,Woodland,Northampton,No,Monday,Motorist Failed to Yield - Sign-Controlled Intersection,8.0,October,Motorist Drive Out - Sign-Controlled Intersection,2008,42.0,No,O: No Injury,Male,Passenger Car,No,36.333218,-77.21071,Dry,20 - 25  MPH,Stop And Go Signal,Clear,No,0,0,10
No,20.0,No,Facing Traffic,C: Possible Injury,Male,Mount Airy,Surry,No,Monday,Motorist Right Turn / Merge,11.0,October,Motorist Right Turn - Opposite Direction,2008,60.0,No,O: No Injury,Male,Pickup,No,36.50214,-80.614136,Dry,30 - 35  MPH,Missing,Clear,No,0,0,10
Yes,44.0,No,Facing Traffic,C: Possible Injury,Male,Fayetteville,Cumberland,No,Thursday,Crossing Paths - Other Circumstances,17.0,October,Signalized Intersection - Other / Unknown,2008,20.0,No,O: No Injury,Female,Passenger Car,No,35.071022,-78.92392,Dry,20 - 25  MPH,Stop And Go Signal,Clear,No,0,0,10
Yes,29.0,Yes,With Traffic,C: Possible Injury,Male,Beaufort,Carteret,Yes,Saturday,Motorist Overtaking Bicyclist,22.0,November,Motorist Overtaking - Misjudged Space,2008,42.03850604944766,Missing,Unknown Injury,Unknown,Pickup,Yes,34.728367,-76.648476,Wet,30 - 35  MPH,No Control Present,Rain,No,1,0,11
No,63.0,No,With Traffic,A: Suspected Serious Injury,Male,Kannapolis,Cabarrus,No,Sunday,Motorist Overtaking Bicyclist,13.0,November,Motorist Overtaking - Other / Unknown,2008,42.03850604944766,Missing,Unknown Injury,Unknown,"Light Truck (Mini-Van, Panel)",Yes,35.497856,-80.62405,Dry,20 - 25  MPH,Stop And Go Signal,Clear,No,1,0,11
Yes,53.0,No,With Traffic,B: Suspected Minor Injury,Male,None - Rural Crash,Montgomery,No,Friday,Motorist Overtaking Bicyclist,19.0,October,Motorist Overtaking - Undetected Bicyclist,2008,46.0,No,O: No Injury,Male,Sport Utility,No,35.308537,-79.75595,Dry,50 - 55  MPH,"Double Yellow Line, No Passing Zone",Clear,No,0,0,10
No,8.0,No,Not Applicable,Unknown Injury,Male,Andrews,Cherokee,No,Monday,Bicyclist Failed to Yield - Midblock,16.0,October,Bicyclist Ride Out - Commercial Driveway / Alley,2008,28.0,No,O: No Injury,Female,"Light Truck (Mini-Van, Panel)",No,35.199978,-83.836006,Dry,30 - 35  MPH,Missing,Clear,No,0,0,10
Yes,14.0,No,With Traffic,C: Possible Injury,Male,Waynesville,Haywood,No,Thursday,Motorist Left Turn / Merge,20.0,October,Motorist Left Turn - Opposite Direction,2008,46.0,No,O: No Injury,Male,Passenger Car,No,35.46835,-83.00464,Dry,30 - 35  MPH,No Control Present,Clear,No,0,0,10
Yes,56.0,No,With Traffic,B: Suspected Minor Injury,Male,Greensboro,Guilford,No,Monday,Motorist Left Turn / Merge,17.0,October,Motorist Left Turn - Opposite Direction,2008,46.0,No,O: No Injury,Male,Passenger Car,No,36.11737,-79.8463,Dry,30 - 35  MPH,No Control Present,Clear,No,0,0,10
No,25.0,No,With Traffic,C: Possible Injury,Male,Greensboro,Guilford,No,Sunday,Motorist Failed to Yield - Midblock,16.0,October,Motorist Drive Out - Commercial Driveway / Alley,2008,33.0,No,O: No Injury,Female,Sport Utility,No,36.08435,-79.891045,Dry,30 - 35  MPH,No Control Present,Clear,No,0,0,10
Yes,27.0,No,Not Applicable,C: Possible Injury,Male,Rocky Mount,Nash,No,Saturday,Other / Unusual Circumstances,13.0,October,Motorist Intentionally Caused,2008,32.0,No,O: No Injury,Male,Passenger Car,No,35.924892,-77.81431,Dry,30 - 35  MPH,No Control Present,Clear,No,0,0,10
Yes,17.0,No,Not Applicable,K: Killed,Male,None - Rural Crash,Iredell,No,Monday,Bicyclist Failed to Yield - Midblock,18.0,October,Bicyclist Ride Out - Midblock - Unknown,2008,62.0,No,B: Suspected Minor Injury,Female,Passenger Car,No,35.69387,-80.84397,Dry,50 - 55  MPH,Stop Sign,Clear,No,0,0,10
No,23.0,No,Facing Traffic,C: Possible Injury,Male,Rocky Mount,Edgecombe,No,Thursday,Motorist Failed to Yield - Sign-Controlled Intersection,20.0,October,Motorist Drive Out - Sign-Controlled Intersection,2008,42.03850604944766,Missing,Unknown Injury,Unknown,Unknown,Yes,35.95047,-77.78531,Dry,30 - 35  MPH,Flashing Signal With Stop Sign,Clear,No,1,0,10
No,41.0,No,With Traffic,O: No Injury,Male,Durham,Durham,No,Monday,Motorist Failed to Yield - Midblock,18.0,November,Motorist Drive Out - Commercial Driveway / Alley,2008,28.0,No,O: No Injury,Male,Passenger Car,No,36.00187,-78.91325,Dry,30 - 35  MPH,No Control Present,Clear,No,0,0,11
Yes,64.0,Yes,Facing Traffic,B: Suspected Minor Injury,Male,None - Rural Crash,Hoke,Yes,Thursday,Head-On,20.0,November,Head-On - Bicyclist,2008,42.03850604944766,No,Unknown Injury,Unknown,Unknown,Yes,34.990723,-79.2615,Dry,50 - 55  MPH,No Control Present,Clear,No,1,0,11
Yes,24.0,No,Not Applicable,B: Suspected Minor Injury,Male,Raleigh,Wake,No,Friday,Bicyclist Failed to Yield - Signalized Intersection,22.0,October,Bicyclist Failed to Clear - Trapped,2008,56.0,No,O: No Injury,Male,Passenger Car,No,35.84486,-78.569496,Dry,40 - 45  MPH,No Control Present,Clear,No,0,0,10
No,58.0,No,With Traffic,B: Suspected Minor Injury,Male,None - Rural Crash,Richmond,No,Wednesday,Parallel Paths - Other Circumstances,14.0,October,Parallel Paths - Other / Unknown,2008,42.03850604944766,Missing,Unknown Injury,Unknown,Unknown,Yes,34.85593,-79.69548,Dry,50 - 55  MPH,"Double Yellow Line, No Passing Zone",Clear,No,1,0,10
Yes,31.0,No,Facing Traffic,C: Possible Injury,Male,Havelock,Craven,No,Friday,Motorist Failed to Yield - Midblock,13.0,October,Motorist Drive Out - Commercial Driveway / Alley,2008,24.0,No,O: No Injury,Female,Passenger Car,No,34.86796,-76.89997,Dry,40 - 45  MPH,No Control Present,Clear,No,0,0,10
No,28.0,No,Facing Traffic,O: No Injury,Male,Asheville,Buncombe,No,Monday,Bicyclist Right Turn / Merge,6.0,November,Bicyclist Right Turn - Opposite Direction,2008,37.0,No,O: No Injury,Male,Police,No,35.512085,-82.519394,Dry,40 - 45  MPH,"Double Yellow Line, No Passing Zone",Clear,No,0,0,11
Yes,65.0,No,With Traffic,C: Possible Injury,Male,Enfield,Halifax,No,Friday,Motorist Overtaking Bicyclist,19.0,November,Motorist Overtaking - Bicyclist Swerved,2008,57.0,No,O: No Injury,Male,Pedalcycle,No,36.18209,-77.678635,Dry,Unknown,No Control Present,Clear,No,0,0,11
Yes,56.0,No,With Traffic,C: Possible Injury,Male,None - Rural Crash,Rockingham,No,Friday,Motorist Overtaking Bicyclist,17.0,November,Motorist Overtaking - Misjudged Space,2008,26.0,No,O: No Injury,Female,Passenger Car,No,36.290752,-79.7808,Dry,50 - 55  MPH,"Double Yellow Line, No Passing Zone",Clear,No,0,0,11
Yes,11.0,No,With Traffic,B: Suspected Minor Injury,Male,None - Rural Crash,Duplin,No,Tuesday,Bicyclist Left Turn / Merge,18.0,November,Bicyclist Left Turn - Same Direction,2008,37.0,No,O: No Injury,Female,"Light Truck (Mini-Van, Panel)",No,34.962112,-78.047615,Dry,50 - 55  MPH,No Control Present,Clear,No,0,0,11
Yes,9.0,No,With Traffic,B: Suspected Minor Injury,Male,Charlotte,Mecklenburg,No,Thursday,Loss of Control / Turning Error,14.0,November,Bicyclist Lost Control - Other / Unknown,2008,58.0,No,O: No Injury,Male,Passenger Car,No,35.328133,-80.698845,Dry,20 - 25  MPH,No Control Present,Clear,No,0,0,11
Yes,42.0,Yes,With Traffic,B: Suspected Minor Injury,Male,None - Rural Crash,Sampson,Yes,Friday,Head-On,18.0,November,Head-On - Bicyclist,2008,42.03850604944766,No,Unknown Injury,Unknown,Unknown,Yes,35.090614,-78.17653,Dry,Unknown,"Double Yellow Line, No Passing Zone",Clear,No,1,0,11
Yes,50.0,Yes,With Traffic,C: Possible Injury,Male,None - Rural Crash,Lenoir,Yes,Monday,Bicyclist Left Turn / Merge,18.0,November,Bicyclist Left Turn - Same Direction,2008,30.0,No,O: No Injury,Male,Passenger Car,No,35.290154,-77.78739,Dry,40 - 45  MPH,"Double Yellow Line, No Passing Zone",Clear,No,0,0,11
Yes,22.0,No,With Traffic,C: Possible Injury,Male,Durham,Durham,No,Thursday,Motorist Left Turn / Merge,7.0,November,Motorist Left Turn - Opposite Direction,2008,50.0,No,O: No Injury,Female,Passenger Car,No,36.021847,-78.95243,Dry,30 - 35  MPH,No Control Present,Clear,No,0,0,11
No,18.0,No,Facing Traffic,O: No Injury,Male,Wilmington,New Hanover,No,Saturday,Motorist Right Turn / Merge,18.0,November,Motorist Right Turn - Opposite Direction,2008,24.0,No,O: No Injury,Female,Passenger Car,No,34.238297,-77.87623,Dry,40 - 45  MPH,Stop And Go Signal,Clear,No,0,0,11