AmbulanceR,BikeAge,BikeAlcFlg,BikeDir,BikeInjury,BikeSex,City,County,CrashAlcoh,CrashDay,CrashGrp,CrashHour,CrashMonth,CrashType,CrashYear,DrvrAge,DrvrAlcFlg,DrvrInjury,DrvrSex,DrvrVehTyp,HitRun,Latitude,Longitude,RdConditio,SpeedLimit,TraffCntrl,Weather,Workzone,DrvrAgeImputedFlag,BikeAgeImputedFlag,MonthCode
No,15.0,No,Facing Traffic,C: Possible Injury,Male,Greensboro,Guilford,No,Wednesday,Motorist Failed to Yield - Midblock,19.0,October,Motorist Drive Out - Commercial Driveway / Alley,2008,42.03850604944766,Missing,Unknown Injury,Unknown,Unknown,Yes,36.11445,-79.83484,Dry,5 - 15 MPH,No Control Present,Clear,No,1,0,10
No,22.0,No,Facing Traffic,C: Possible Injury,Male,Williamston,Martin,No,Monday,Head-On,7.0,September,Head-On - Bicyclist,2008,40.0,No,O: No Injury,Female,Passenger Car,No,35.841354,-77.06375,Dry,40 - 45  MPH,Yield Sign,Clear,No,0,0,9
No,23.0,No,With Traffic,O: No Injury,Male,Charlotte,Mecklenburg,No,Sunday,Motorist Failed to Yield - Midblock,18.0,November,Motorist Drive Out - Commercial Driveway / Alley,2008,45.0,No,O: No Injury,Male,Van,No,35.22203,-80.84797,Wet,30 - 35  MPH,No Control Present,Cloudy,No,0,0,11
Yes,45.0,No,Facing Traffic,C: Possible Injury,Male,Charlotte,Mecklenburg,No,Tuesday,Motorist Failed to Yield - Sign-Controlled Intersection,20.0,December,Motorist Drive Out - Sign-Controlled Intersection,2008,42.03850604944766,Missing,Unknown Injury,Unknown,Passenger Car,Yes,35.21838,-80.8111,Dry,Unknown,Stop Sign,Clear,No,1,0,12
Yes,50.0,No,Facing Traffic,C: Possible Injury,Male,Raleigh,Wake,No,Wednesday,Motorist Failed to Yield - Midblock,7.0,October,Motorist Drive Out - Other Midblock,2008,53.0,No,O: No Injury,Male,Sport Utility,No,35.818714,-78.624664,Dry,Unknown,Stop Sign,Clear,No,0,0,10
Yes,54.0,No,With Traffic,B: Suspected Minor Injury,Male,Fayetteville,Cumberland,No,Friday,Bicyclist Failed to Yield - Signalized Intersection,18.0,October,Bicyclist Ride Through - Signalized Intersection,2008,25.0,No,O: No Injury,Male,Sport Utility,No,35.04585,-78.865524,Wet,30 - 35  MPH,Stop And Go Signal,Cloudy,No,0,0,10
Yes,25.0,No,With Traffic,C: Possible Injury,Female,Durham,Durham,No,Tuesday,Bicyclist Left Turn / Merge,16.0,December,Bicyclist Left Turn - Same Direction,2008,48.0,No,O: No Injury,Male,Passenger Car,No,36.006,-78.947876,Dry,30 - 35  MPH,No Control Present,Clear,No,0,0,12
Yes,35.0,No,With Traffic,K: Killed,Male,None - Rural Crash,Lenoir,No,Thursday,Motorist Overtaking Bicyclist,6.0,November,Motorist Overtaking - Other / Unknown,2008,29.0,No,O: No Injury,Male,"Single Unit Truck (2-Axle, 6-Tire)",No,35.35396,-77.46602,Wet,60 - 75 MPH,No Control Present,Cloudy,No,0,0,11
Yes,52.0,No,With Traffic,B: Suspected Minor Injury,Male,None - Rural Crash,Richmond,Yes,Saturday,Motorist Overtaking Bicyclist,23.0,November,Motorist Overtaking - Other / Unknown,2008,24.0,Yes,O: No Injury,Male,Van,Yes,34.92227,-79.773026,Dry,30 - 35  MPH,"Double Yellow Line, No Passing Zone",Clear,No,0,0,11
Yes,37.0,Yes,With Traffic,K: Killed,Female,None - Rural Crash,Richmond,Yes,Wednesday,Motorist Overtaking Bicyclist,17.0,November,Motorist Overtaking - Other / Unknown,2008,20.0,No,O: No Injury,Male,Passenger Car,No,34.907867,-79.81391,Dry,40 - 45  MPH,"Double Yellow Line, No Passing Zone",Cloudy,No,0,0,11
No,24.0,No,With Traffic,O: No Injury,Male,Asheville,Buncombe,No,Wednesday,Motorist Right Turn / Merge,14.0,November,Motorist Right Turn - Same Direction,2008,42.03850604944766,No,O: No Injury,Female,Passenger Car,No,35.606236,-82.55318,Dry,30 - 35  MPH,No Control Present,Clear,No,1,0,11
Yes,30.0,No,With Traffic,B: Suspected Minor Injury,Male,Raleigh,Wake,No,Saturday,Motorist Overtaking Bicyclist,6.0,September,Motorist Overtaking - Other / Unknown,2008,42.0,No,O: No Injury,Male,Passenger Car,No,35.882915,-78.52965,Dry,40 - 45  MPH,No Control Present,Cloudy,No,0,0,9
No,31.0,Yes,Facing Traffic,B: Suspected Minor Injury,Male,Fayetteville,Cumberland,Yes,Saturday,Head-On,21.0,October,Head-On - Bicyclist,2008,23.0,No,O: No Injury,Female,Passenger Car,No,35.075092,-78.930664,Dry,40 - 45  MPH,No Control Present,Clear,No,0,0,10
No,50.0,No,With Traffic,O: No Injury,Male,Fayetteville,Cumberland,Yes,Saturday,Motorist Left Turn / Merge,18.0,December,Motorist Left Turn - Opposite Direction,2008,69.0,Yes,O: No Injury,Male,Pickup,No,35.04231,-78.99073,Dry,40 - 45  MPH,Stop And Go Signal,Clear,No,0,0,12
Yes,53.0,No,With Traffic,A: Suspected Serious Injury,Male,None - Rural Crash,Robeson,No,Friday,Motorist Left Turn / Merge,22.0,December,Motorist Left Turn - Opposite Direction,2008,42.03850604944766,No,Unknown Injury,Unknown,"Light Truck (Mini-Van, Panel)",Yes,34.70304,-79.19314,Dry,50 - 55  MPH,"Double Yellow Line, No Passing Zone",Clear,No,1,0,12
Yes,54.0,Yes,Facing Traffic,B: Suspected Minor Injury,Male,Chadbourn,Columbus,Yes,Thursday,Head-On,16.0,October,Head-On - Bicyclist,2008,33.0,No,O: No Injury,Male,Pickup,No,34.319828,-78.82648,Dry,30 - 35  MPH,Stop Sign,Clear,No,0,0,10
Yes,22.0,No,With Traffic,B: Suspected Minor Injury,Male,Durham,Durham,No,Tuesday,Bicyclist Failed to Yield - Sign-Controlled Intersection,16.0,September,Bicyclist Ride Out - Sign-Controlled Intersection,2008,42.03850604944766,Missing,Unknown Injury,Unknown,Unknown,Yes,35.990395,-78.88059,Dry,20 - 25  MPH,Stop Sign,Clear,No,1,0,9
Yes,38.0,No,With Traffic,C: Possible Injury,Male,Durham,Durham,No,Friday,Motorist Failed to Yield - Sign-Controlled Intersection,19.0,November,Motorist Drive Through - Sign-Controlled Intersection,2008,48.0,No,O: No Injury,Male,Passenger Car,No,35.92224,-78.95718,Wet,30 - 35  MPH,No Control Present,Cloudy,No,0,0,11
Yes,25.0,No,Facing Traffic,C: Possible Injury,Female,Cary,Wake,No,Sunday,Motorist Failed to Yield - Sign-Controlled Intersection,17.0,December,Motorist Drive Out - Sign-Controlled Intersection,2008,56.0,No,O: No Injury,Male,Sport Utility,No,35.76333,-78.78331,Dry,5 - 15 MPH,No Control Present,Clear,No,0,0,12
Yes,47.0,No,Facing Traffic,B: Suspected Minor Injury,Female,Leland,Brunswick,No,Sunday,Motorist Failed to Yield - Midblock,16.0,November,Motorist Drive Out - Commercial Driveway / Alley,2008,56.0,No,O: No Injury,Male,Pickup,No,34.233513,-77.99605,Unknown,40 - 45  MPH,No Control Present,Clear,No,0,0,11
No,18.0,No,With Traffic,B: Suspected Minor Injury,Female,Greensboro,Guilford,No,Friday,Motorist Overtaking Bicyclist,13.0,September,Motorist Overtaking - Other / Unknown,2008,43.0,No,O: No Injury,Female,Sport Utility,No,36.11563,-79.84155,Dry,20 - 25  MPH,No Control Present,Cloudy,No,0,0,9
Yes,18.0,No,With Traffic,B: Suspected Minor Injury,Male,Chapel Hill,Orange,No,Thursday,Bicyclist Failed to Yield - Signalized Intersection,18.0,November,Bicyclist Ride Through - Signalized Intersection,2008,23.0,No,O: No Injury,Female,"Light Truck (Mini-Van, Panel)",No,35.91177,-79.059586,Wet,20 - 25  MPH,Stop And Go Signal,Cloudy,No,0,0,11
No,60.0,No,With Traffic,O: No Injury,Male,Goldsboro,Wayne,No,Thursday,Crossing Paths - Other Circumstances,15.0,November,Crossing Paths - Intersection - Other / Unknown,2008,18.0,No,O: No Injury,Female,Passenger Car,No,35.393,-77.90169,Wet,40 - 45  MPH,Missing,Rain,No,0,0,11
No,48.0,No,With Traffic,C: Possible Injury,Female,Jacksonville,Onslow,No,Friday,Bicyclist Left Turn / Merge,9.0,November,Bicyclist Left Turn - Same Direction,2008,43.0,No,O: No Injury,Male,Pickup,No,34.7652,-77.42005,Wet,20 - 25  MPH,No Control Present,Clear,No,0,0,11
Yes,14.0,No,Unknown,C: Possible Injury,Male,Durham,Durham,No,Tuesday,Other / Unknown - Insufficient Details,9.0,December,Unknown Approach Paths,2008,43.0,No,O: No Injury,Male,Passenger Car,No,35.99576,-78.88594,Dry,30 - 35  MPH,No Control Present,Cloudy,No,0,0,12
No,46.0,No,With Traffic,C: Possible Injury,Male,Winston-Salem,Forsyth,No,Wednesday,Motorist Right Turn / Merge,13.0,November,Motorist Right Turn - Same Direction,2008,59.0,No,O: No Injury,Male,Sport Utility,No,36.07958,-80.23868,Dry,30 - 35  MPH,Missing,Clear,No,0,0,11
No,17.0,No,Facing Traffic,B: Suspected Minor Injury,Male,Cary,Wake,No,Thursday,Crossing Paths - Other Circumstances,7.0,December,Signalized Intersection - Other / Unknown,2008,42.03850604944766,Missing,Unknown Injury,Unknown,Van,Yes,35.771572,-78.76358,Wet,30 - 35  MPH,Stop And Go Signal,Rain,No,1,0,12
Yes,18.0,No,Facing Traffic,C: Possible Injury,Male,Greensboro,Guilford,No,Wednesday,Bicyclist Failed to Yield - Signalized Intersection,15.0,October,Bicyclist Ride Through - Signalized Intersection,2008,19.0,No,O: No Injury,Female,Passenger Car,No,36.075146,-79.77024,Dry,5 - 15 MPH,Stop And Go Signal,Clear,No,0,0,10
No,32.0,No,With Traffic,B: Suspected Minor Injury,Male,Mount Holly,Gaston,No,Tuesday,Motorist Overtaking Bicyclist,7.0,November,Motorist Overtaking - Other / Unknown,2008,37.0,No,O: No Injury,Male,Pickup,No,35.266106,-81.039566,Wet,30 - 35  MPH,"Double Yellow Line, No Passing Zone",Clear,No,0,0,11
No,13.0,No,Unknown,C: Possible Injury,Male,None - Rural Crash,Onslow,No,Sunday,Parallel Paths - Other Circumstances,15.0,November,Parallel Paths - Other / Unknown,2008,42.03850604944766,Missing,Unknown Injury,Unknown,Unknown,Yes,34.67744,-77.18794,Dry,40 - 45  MPH,No Control Present,Clear,No,1,0,11
No,40.0,No,With Traffic,C: Possible Injury,Male,New Bern,Craven,No,Thursday,Motorist Right Turn / Merge,7.0,November,Motorist Right Turn - Same Direction,2008,32.0,No,O: No Injury,Female,Passenger Car,No,35.110714,-77.06384,Dry,30 - 35  MPH,Missing,Clear,No,0,0,11
Yes,46.0,Yes,Facing Traffic,B: Suspected Minor Injury,Male,Smithfield,Johnston,Yes,Friday,Bicyclist Failed to Yield - Sign-Controlled Intersection,23.0,November,Bicyclist Ride Through - Sign-Controlled Intersection,2008,22.0,No,O: No Injury,Male,Passenger Car,No,35.505318,-78.346085,Wet,20 - 25  MPH,Stop Sign,Cloudy,No,0,0,11
Yes,9.0,No,Not Applicable,Unknown Injury,Male,Raleigh,Wake,No,Monday,Crossing Paths - Other Circumstances,17.0,November,Crossing Paths - Uncontrolled Intersection,2008,31.0,No,O: No Injury,Male,Passenger Car,No,35.77993,-78.61462,Dry,Unknown,Missing,Cloudy,No,0,0,11
Yes,20.0,No,With Traffic,C: Possible Injury,Male,Winston-Salem,Forsyth,No,Wednesday,Motorist Overtaking Bicyclist,8.0,November,Motorist Overtaking - Other / Unknown,2008,39.0,No,O: No Injury,Male,Single Unit Truck (3 Or More Axles),No,36.164356,-80.23388,Dry,30 - 35  MPH,No Control Present,Clear,No,0,0,11
Yes,17.0,No,With Traffic,C: Possible Injury,Male,Lumberton,Robeson,No,Friday,Motorist Failed to Yield - Sign-Controlled Intersection,15.0,November,Motorist Drive Out - Sign-Controlled Intersection,2008,51.0,No,O: No Injury,Male,Pickup,No,34.618607,-79.0046,Dry,30 - 35  MPH,Stop Sign,Clear,No,0,0,11
Yes,15.0,No,With Traffic,B: Suspected Minor Injury,Male,Kinston,Lenoir,No,Monday,Bicyclist Failed to Yield - Sign-Controlled Intersection,16.0,December,Bicyclist Ride Through - Sign-Controlled Intersection,2008,67.0,No,C: Possible Injury,Female,Sport Utility,No,35.272438,-77.58582,Dry,30 - 35  MPH,Stop Sign,Clear,No,0,0,12
Yes,35.0,No,With Traffic,B: Suspected Minor Injury,Male,Smithfield,Johnston,No,Monday,Bicyclist Left Turn / Merge,7.0,December,Bicyclist Left Turn - Same Direction,2008,43.0,No,O: No Injury,Male,Van,No,35.512985,-78.350395,Dry,40 - 45  MPH,No Control Present,Clear,No,0,0,12
No,39.0,No,Facing Traffic,C: Possible Injury,Male,High Point,Guilford,No,Monday,Motorist Failed to Yield - Midblock,16.0,December,Motorist Drive Out - Commercial Driveway / Alley,2008,49.0,No,O: No Injury,Male,Pickup,No,35.96135,-80.008965,Dry,Unknown,No Control Present,Cloudy,No,0,0,12
No,16.0,No,Not Applicable,B: Suspected Minor Injury,Male,Monroe,Union,No,Monday,Bicyclist Failed to Yield - Midblock,17.0,November,Bicyclist Ride Out - Midblock - Unknown,2008,43.0,No,O: No Injury,Male,Passenger Car,No,35.02095,-80.591385,Wet,40 - 45  MPH,Missing,Cloudy,No,0,0,11
Yes,61.0,No,With Traffic,O: No Injury,Male,None - Rural Crash,Rowan,No,Friday,Motorist Left Turn / Merge,12.0,November,Motorist Left Turn - Opposite Direction,2008,60.0,No,A: Suspected Serious Injury,Male,Pedalcycle,No,35.71551,-80.73074,Dry,Unknown,"Double Yellow Line, No Passing Zone",Clear,No,0,0,11
Yes,45.0,No,Facing Traffic,C: Possible Injury,Male,Rocky Mount,Nash,No,Friday,Motorist Failed to Yield - Sign-Controlled Intersection,15.0,October,Motorist Drive Out - Sign-Controlled Intersection,2008,36.0,No,O: No Injury,Female,Van,No,35.963356,-77.84495,Dry,40 - 45  MPH,Stop Sign,Clear,No,0,0,10
Yes,15.0,No,Facing Traffic,C: Possible Injury,Male,Durham,Durham,No,Sunday,Motorist Failed to Yield - Midblock,17.0,December,Motorist Drive Out - Residential Driveway,2008,42.03850604944766,Missing,Unknown Injury,Unknown,Passenger Car,Yes,35.96662,-78.91665,Dry,Unknown,No Control Present,Clear,No,1,0,12
Yes,29.0,No,Facing Traffic,C: Possible Injury,Male,Rocky Mount,Nash,No,Thursday,Backing Vehicle,13.0,November,Backing Vehicle,2008,51.0,No,O: No Injury,Male,Passenger Car,No,35.948483,-77.80642,Dry,30 - 35  MPH,Stop Sign,Clear,No,0,0,11
Yes,39.0,No,With Traffic,C: Possible Injury,Male,None - Rural Crash,Robeson,No,Thursday,Bicyclist Left Turn / Merge,9.0,November,Bicyclist Left Turn - Same Direction,2008,28.0,No,O: No Injury,Male,Sport Utility,No,34.687702,-79.23912,Dry,50 - 55  MPH,"Double Yellow Line, No Passing Zone",Clear,No,0,0,11
Yes,40.0,No,With Traffic,B: Suspected Minor Injury,Male,Charlotte,Mecklenburg,No,Tuesday,Motorist Overtaking Bicyclist,18.0,October,Motorist Overtaking - Undetected Bicyclist,2008,55.0,No,O: No Injury,Female,Passenger Car,No,35.2238,-80.636475,Dry,50 - 55  MPH,No Control Present,Clear,No,0,0,10
Yes,44.0,No,With Traffic,B: Suspected Minor Injury,Female,None - Rural Crash,Cabarrus,No,Thursday,Motorist Overtaking Bicyclist,16.0,December,Motorist Overtaking - Other / Unknown,2008,28.0,No,O: No Injury,Male,Passenger Car,No,35.35327,-80.57492,Dry,40 - 45  MPH,"Double Yellow Line, No Passing Zone",Clear,No,0,0,12
Yes,14.0,No,Not Applicable,B: Suspected Minor Injury,Male,None - Rural Crash,Cumberland,No,Monday,Crossing Paths - Other Circumstances,17.0,December,Crossing Paths - Uncontrolled Intersection,2008,52.0,No,O: No Injury,Female,Passenger Car,No,34.98246,-78.906815,Dry,40 - 45  MPH,"Double Yellow Line, No Passing Zone",Clear,No,0,0,12
No,41.0,Yes,With Traffic,B: Suspected Minor Injury,Male,None - Rural Crash,Johnston,Yes,Wednesday,Motorist Overtaking Bicyclist,18.0,December,Motorist Overtaking - Undetected Bicyclist,2008,19.0,No,O: No Injury,Female,Passenger Car,No,35.558743,-78.34507,Dry,50 - 55  MPH,"Double Yellow Line, No Passing Zone",Clear,No,0,0,12
No,18.0,No,With Traffic,C: Possible Injury,Male,Raleigh,Wake,No,Friday,Bicyclist Failed to Yield - Signalized Intersection,19.0,September,Bicyclist Ride Through - Signalized Intersection,2008,52.0,No,O: No Injury,Male,Sport Utility,No,35.779823,-78.64345,Dry,30 - 35  MPH,Stop And Go Signal,Cloudy,No,0,0,9
No,58.0,No,Facing Traffic,O: No Injury,Male,Raleigh,Wake,No,Thursday,Motorist Failed to Yield - Signalized Intersection,10.0,October,Motorist Drive Out - Right Turn on Red,2008,56.0,No,O: No Injury,Female,Unknown,Yes,35.861362,-78.600235,Dry,40 - 45  MPH,Stop And Go Signal,Clear,No,0,0,10
Yes,28.0,No,With Traffic,K: Killed,Male,None - Rural Crash,Carteret,No,Wednesday,Motorist Overtaking Bicyclist,17.0,December,Motorist Overtaking - Other / Unknown,2008,21.0,No,O: No Injury,Male,Passenger Car,No,34.802185,-76.87829,Dry,50 - 55  MPH,No Control Present,Clear,No,0,0,12
Yes,18.0,No,Facing Traffic,B: Suspected Minor Injury,Female,Raleigh,Wake,No,Wednesday,Motorist Failed to Yield - Midblock,14.0,September,Motorist Drive Out - Commercial Driveway / Alley,2008,51.0,No,O: No Injury,Female,Passenger Car,No,35.83459,-78.60421,Dry,30 - 35  MPH,No Control Present,Clear,No,0,0,9
No,27.0,No,With Traffic,O: No Injury,Male,Raleigh,Wake,No,Monday,Motorist Overtaking Bicyclist,0.0,September,Motorist Overtaking - Misjudged Space,2008,42.03850604944766,Missing,Unknown Injury,Unknown,Unknown,Yes,35.779625,-78.67305,Dry,20 - 25  MPH,Missing,Clear,No,1,0,9
No,36.0,No,Not Applicable,O: No Injury,Male,Raleigh,Wake,No,Monday,Crossing Paths - Other Circumstances,21.0,October,Signalized Intersection - Other / Unknown,2008,41.0,No,O: No Injury,Male,Pickup,No,35.87302,-78.62226,Dry,40 - 45  MPH,Stop And Go Signal,Clear,No,0,0,10
Yes,55.0,No,With Traffic,B: Suspected Minor Injury,Male,Raleigh,Wake,No,Tuesday,Bicyclist Failed to Yield - Sign-Controlled Intersection,23.0,October,Bicyclist Ride Through - Sign-Controlled Intersection,2008,37.0,No,O: No Injury,Female,Passenger Car,No,35.76051,-78.63137,Dry,40 - 45  MPH,Stop Sign,Clear,No,0,0,10
Yes,33.0,Yes,With Traffic,K: Killed,Male,None - Rural Crash,Gaston,Yes,Saturday,Motorist Overtaking Bicyclist,22.0,December,Motorist Overtaking - Other / Unknown,2008,33.0,Yes,O: No Injury,Female,Passenger Car,No,35.186127,-81.146805,Dry,40 - 45  MPH,"Double Yellow Line, No Passing Zone",Cloudy,No,0,0,12
No,14.0,No,Facing Traffic,C: Possible Injury,Male,Raleigh,Wake,No,Wednesday,Motorist Failed to Yield - Sign-Controlled Intersection,18.0,October,Motorist Drive Out - Sign-Controlled Intersection,2008,33.0,No,O: No Injury,Male,Passenger Car,No,35.85348,-78.642395,Dry,30 - 35  MPH,Stop Sign,Clear,No,0,0,10
Yes,9.0,No,Not Applicable,B: Suspected Minor Injury,Female,Greensboro,Guilford,No,Sunday,Bicyclist Failed to Yield - Midblock,17.0,November,Bicyclist Ride Out - Residential Driveway,2008,54.0,No,O: No Injury,Female,Passenger Car,No,36.0875,-79.911705,Dry,20 - 25  MPH,Missing,Clear,No,0,0,11
Yes,15.0,No,Facing Traffic,C: Possible Injury,Male,Raleigh,Wake,No,Thursday,Motorist Failed to Yield - Signalized Intersection,7.0,December,Motorist Drive Out - Right Turn on Red,2008,59.0,No,O: No Injury,Female,Sport Utility,No,35.854992,-78.58589,Dry,30 - 35  MPH,Stop And Go Signal,Clear,No,0,0,12
No,48.0,No,Facing Traffic,C: Possible Injury,Female,Raleigh,Wake,No,Wednesday,Motorist Failed to Yield - Midblock,8.0,December,Motorist Drive Out - Commercial Driveway / Alley,2008,27.0,No,O: No Injury,Male,Pickup,No,35.839275,-78.64233,Dry,30 - 35  MPH,Missing,Clear,No,0,0,12
No,14.0,No,Not Applicable,C: Possible Injury,Female,None - Rural Crash,Caldwell,No,Tuesday,Non-Roadway,14.0,December,Non-Roadway,2008,42.03850604944766,Missing,Unknown Injury,Unknown,Passenger Car,No,35.824867,-81.42578,Dry,Unknown,No Control Present,Clear,No,1,0,12
Yes,35.0,No,With Traffic,B: Suspected Minor Injury,Male,Raleigh,Wake,Yes,Wednesday,Motorist Failed to Yield - Sign-Controlled Intersection,23.0,July,Motorist Drive Out - Sign-Controlled Intersection,2008,26.0,Yes,O: No Injury,Male,Unknown,Yes,35.786983,-78.7327,Dry,40 - 45  MPH,Stop Sign,Clear,No,0,0,7
No,29.0,No,With Traffic,O: No Injury,Male,Raleigh,Wake,No,Friday,Other / Unusual Circumstances,22.0,November,Unusual Circumstances,2008,64.0,No,O: No Injury,Male,Passenger Car,No,35.785847,-78.647354,Dry,30 - 35  MPH,Missing,Clear,No,0,0,11
Yes,15.0,No,Unknown,B: Suspected Minor Injury,Male,Pinetops,Edgecombe,No,Thursday,Loss of Control / Turning Error,17.0,June,Bicyclist Lost Control - Mechanical Problems,2008,28.0,No,O: No Injury,Female,Sport Utility,No,35.789986,-77.6426,Dry,20 - 25  MPH,No Control Present,Clear,No,0,0,6
Yes,52.0,No,Facing Traffic,C: Possible Injury,Male,Pinetops,Edgecombe,No,Wednesday,Motorist Failed to Yield - Sign-Controlled Intersection,15.0,September,Motorist Drive Out - Sign-Controlled Intersection,2008,35.0,No,O: No Injury,Female,Passenger Car,No,35.78708,-77.63854,Dry,5 - 15 MPH,No Control Present,Cloudy,No,0,0,9
Yes,28.0,No,Facing Traffic,C: Possible Injury,Male,Carrboro,Orange,No,Thursday,Bicyclist Left Turn / Merge,20.0,December,Bicyclist Left Turn - Opposite Direction,2008,23.0,No,O: No Injury,Male,Passenger Car,No,35.910793,-79.0682,Wet,20 - 25  MPH,No Control Present,Cloudy,No,0,0,12
Yes,38.0,Yes,With Traffic,O: No Injury,Male,None - Rural Crash,Camden,Yes,Monday,Motorist Overtaking Bicyclist,17.0,December,Motorist Overtaking - Undetected Bicyclist,2008,64.0,No,O: No Injury,Male,Passenger Car,No,36.37291,-76.14986,Dry,50 - 55  MPH,No Control Present,Clear,No,0,0,12
Yes,27.0,Yes,With Traffic,C: Possible Injury,Male,Greensboro,Guilford,Yes,Friday,Motorist Overtaking Bicyclist,23.0,November,Motorist Overtaking - Other / Unknown,2008,23.0,Yes,O: No Injury,Male,Passenger Car,No,36.068493,-79.79075,Wet,20 - 25  MPH,Stop And Go Signal,Rain,No,0,0,11
Yes,41.0,No,With Traffic,K: Killed,Male,Southern Pines,Moore,No,Wednesday,Motorist Overtaking Bicyclist,2.0,December,Motorist Overtaking - Other / Unknown,2008,30.0,No,O: No Injury,Female,Passenger Car,Yes,35.161636,-79.41037,Dry,40 - 45  MPH,No Control Present,Clear,No,0,0,12
Yes,46.0,Yes,With Traffic,A: Suspected Serious Injury,Male,None - Rural Crash,Pitt,Yes,Tuesday,Motorist Overtaking Bicyclist,17.0,December,Motorist Overtaking - Other / Unknown,2008,34.0,No,O: No Injury,Male,Sport Utility,Yes,35.621483,-77.616,Dry,50 - 55  MPH,Missing,Cloudy,No,0,0,12
No,42.0,No,Facing Traffic,C: Possible Injury,Male,Conover,Catawba,No,Tuesday,Motorist Right Turn / Merge,13.0,January,Motorist Right Turn - Opposite Direction,2009,67.0,No,O: No Injury,Male,Passenger Car,No,35.70382,-81.220215,Wet,30 - 35  MPH,Stop Sign,Cloudy,No,0,0,1
No,48.0,No,With Traffic,C: Possible Injury,Male,Charlotte,Mecklenburg,No,Friday,Motorist Right Turn / Merge,18.0,December,Motorist Right Turn - Same Direction,2008,42.03850604944766,Missing,Unknown Injury,Unknown,Unknown,Yes,35.24981,-80.7796,Dry,30 - 35  MPH,No Control Present,Clear,No,1,0,12
Yes,17.0,No,With Traffic,O: No Injury,Female,None - Rural Crash,Onslow,No,Saturday,Motorist Overtaking Bicyclist,19.0,December,Motorist Overtaking - Other / Unknown,2008,23.0,No,B: Suspected Minor Injury,Male,Pedalcycle,No,34.875618,-77.243256,Dry,Unknown,No Control Present,Clear,No,0,0,12
Yes,12.0,No,Facing Traffic,C: Possible Injury,Male,Apex,Wake,No,Saturday,Crossing Paths - Other Circumstances,17.0,December,Signalized Intersection - Other / Unknown,2008,34.0,No,O: No Injury,Female,Van,No,35.7435,-78.87047,Dry,40 - 45  MPH,Stop And Go Signal,Clear,No,0,0,12
Yes,46.0,No,With Traffic,B: Suspected Minor Injury,Male,Greenville,Pitt,No,Friday,Motorist Failed to Yield - Sign-Controlled Intersection,6.0,December,Motorist Drive Out - Sign-Controlled Intersection,2008,62.0,No,O: No Injury,Female,Van,No,35.57369,-77.394684,Wet,40 - 45  MPH,Stop Sign,Cloudy,No,0,0,12
No,41.0,No,With Traffic,C: Possible Injury,Male,None - Rural Crash,Johnston,No,Monday,Motorist Overtaking Bicyclist,17.0,December,Motorist Overtaking - Misjudged Space,2008,54.0,No,O: No Injury,Male,Police,No,35.404327,-78.541046,Wet,50 - 55  MPH,"Double Yellow Line, No Passing Zone","Fog, Smog, Smoke",No,0,0,12
Yes,51.0,No,With Traffic,C: Possible Injury,Male,None - Rural Crash,Sampson,No,Monday,Motorist Overtaking Bicyclist,12.0,December,Motorist Overtaking - Other / Unknown,2008,33.0,No,O: No Injury,Male,Pickup,No,35.04028,-78.32749,Dry,50 - 55  MPH,No Control Present,Clear,No,0,0,12
No,19.0,No,Facing Traffic,C: Possible Injury,Male,Gastonia,Gaston,No,Tuesday,Motorist Right Turn / Merge,13.0,December,Motorist Right Turn - Same Direction,2008,19.0,No,O: No Injury,Female,Passenger Car,No,35.251846,-81.190216,Dry,30 - 35  MPH,Missing,Cloudy,No,0,0,12
Yes,32.52649525389365,No,With Traffic,B: Suspected Minor Injury,Male,Navassa,Brunswick,No,Sunday,Head-On,13.0,December,Head-On - Unknown,2008,42.0,No,B: Suspected Minor Injury,Male,Motorcycle,No,34.254246,-78.0037,Dry,Unknown,No Control Present,Clear,No,0,1,12
Yes,17.0,No,Facing Traffic,B: Suspected Minor Injury,Male,Charlotte,Mecklenburg,No,Monday,Loss of Control / Turning Error,7.0,March,Motorist Lost Control - Mechanical Problems,2008,60.0,No,O: No Injury,Male,Passenger Car,No,35.11014,-80.76179,Dry,30 - 35  MPH,Other,Clear,No,0,0,3
Yes,49.0,No,With Traffic,C: Possible Injury,Male,Cary,Wake,No,Saturday,Motorist Failed to Yield - Sign-Controlled Intersection,12.0,January,Motorist Drive Out - Sign-Controlled Intersection,2009,17.0,No,O: No Injury,Male,Passenger Car,No,35.78743,-78.87222,Dry,40 - 45  MPH,Stop Sign,Clear,No,0,0,1
No,25.0,No,Not Applicable,B: Suspected Minor Injury,Male,Durham,Durham,No,Friday,Non-Roadway,22.0,January,Non-Roadway,2009,29.0,No,O: No Injury,Female,Passenger Car,No,36.010765,-78.94343,Dry,5 - 15 MPH,No Control Present,Clear,No,0,0,1
No,18.0,No,Not Applicable,B: Suspected Minor Injury,Male,Charlotte,Mecklenburg,No,Wednesday,Non-Roadway,15.0,December,Non-Roadway,2008,45.0,No,O: No Injury,Female,Sport Utility,No,35.096367,-80.78017,Dry,30 - 35  MPH,Missing,Cloudy,No,0,0,12
Yes,22.0,No,Facing Traffic,C: Possible Injury,Male,None - Rural Crash,Brunswick,No,Thursday,Head-On,13.0,December,Head-On - Bicyclist,2008,58.0,No,O: No Injury,Male,Passenger Car,No,33.941418,-78.29959,Dry,50 - 55  MPH,Missing,Clear,No,0,0,12