AmbulanceR,BikeAge,BikeAlcFlg,BikeDir,BikeInjury,BikeSex,City,County,CrashAlcoh,CrashDay,CrashGrp,CrashHour,CrashMonth,CrashType,CrashYear,DrvrAge,DrvrAlcFlg,DrvrInjury,DrvrSex,DrvrVehTyp,HitRun,Latitude,Longitude,RdConditio,SpeedLimit,TraffCntrl,Weather,Workzone,DrvrAgeImputedFlag,BikeAgeImputedFlag,MonthCode
Yes,44.0,No,With Traffic,O: No Injury,Male,Sanford,Lee,No,Thursday,Crossing Paths - Other Circumstances,18.0,December,Signalized Intersection - Other / Unknown,2008,32.0,No,O: No Injury,Female,Passenger Car,No,35.48167,-79.16214,Wet,30 - 35  MPH,Stop And Go Signal,Cloudy,No,0,0,12
No,8.0,No,Not Applicable,C: Possible Injury,Male,Chapel Hill,Orange,No,Friday,Bicyclist Failed to Yield - Midblock,15.0,December,Bicyclist Ride Out - Residential Driveway,2008,48.0,No,O: No Injury,Female,Passenger Car,No,35.884907,-79.067085,Dry,20 - 25  MPH,Missing,Clear,No,0,0,12
Yes,26.0,No,With Traffic,B: Suspected Minor Injury,Male,Greensboro,Guilford,No,Monday,Motorist Left Turn / Merge,12.0,November,Motorist Left Turn - Opposite Direction,2008,24.0,No,O: No Injury,Male,Passenger Car,No,36.07036,-79.80557,Wet,20 - 25  MPH,Stop And Go Signal,Rain,No,0,0,11
No,27.0,No,With Traffic,C: Possible Injury,Female,Chapel Hill,Orange,No,Tuesday,Crossing Paths - Other Circumstances,18.0,December,Signalized Intersection - Other / Unknown,2008,21.0,No,O: No Injury,Female,Passenger Car,No,35.911797,-79.05959,Wet,5 - 15 MPH,Stop And Go Signal,Cloudy,No,0,0,12
Yes,40.0,No,Facing Traffic,B: Suspected Minor Injury,Male,Fayetteville,Cumberland,No,Wednesday,Motorist Right Turn / Merge,17.0,December,Motorist Right Turn - Opposite Direction,2008,42.03850604944766,Missing,Unknown Injury,Unknown,Sport Utility,Yes,35.050667,-78.9617,Wet,40 - 45  MPH,Stop Sign,Cloudy,No,1,0,12
Yes,24.0,No,With Traffic,B: Suspected Minor Injury,Female,Charlotte,Mecklenburg,No,Thursday,Bicyclist Overtaking Motorist,11.0,October,Bicyclist Overtaking - Other / Unknown,2008,31.0,No,O: No Injury,Male,Sport Utility,No,35.180836,-80.88918,Dry,30 - 35  MPH,Flashing Signal Without Stop Sign,Clear,No,0,0,10
Yes,29.0,No,With Traffic,C: Possible Injury,Male,Cary,Wake,No,Wednesday,Motorist Overtaking Bicyclist,16.0,January,Motorist Overtaking - Bicyclist Swerved,2009,25.0,No,O: No Injury,Male,Motorcycle,No,35.824387,-78.77068,Dry,40 - 45  MPH,No Control Present,Clear,No,0,0,1
No,25.0,No,With Traffic,B: Suspected Minor Injury,Male,Raleigh,Wake,No,Tuesday,Loss of Control / Turning Error,17.0,September,Bicyclist Lost Control - Mechanical Problems,2008,30.0,No,O: No Injury,Male,Passenger Car,No,35.780563,-78.64598,Dry,30 - 35  MPH,Stop And Go Signal,Clear,No,0,0,9
No,53.0,No,With Traffic,C: Possible Injury,Male,Dunn,Harnett,No,Wednesday,Bicyclist Failed to Yield - Sign-Controlled Intersection,19.0,December,Bicyclist Ride Through - Sign-Controlled Intersection,2008,42.03850604944766,Missing,Unknown Injury,Unknown,Passenger Car,Yes,35.30373,-78.60677,Dry,30 - 35  MPH,Stop Sign,Clear,No,1,0,12
Yes,39.0,Yes,With Traffic,O: No Injury,Male,Raleigh,Wake,Yes,Tuesday,Bicyclist Failed to Yield - Sign-Controlled Intersection,18.0,September,Bicyclist Ride Through - Sign-Controlled Intersection,2008,22.0,No,O: No Injury,Female,Passenger Car,No,35.83751,-78.678955,Dry,30 - 35  MPH,Flashing Signal With Stop Sign,Clear,No,0,0,9
Yes,25.0,No,Facing Traffic,C: Possible Injury,Male,Raleigh,Wake,No,Sunday,Motorist Failed to Yield - Sign-Controlled Intersection,16.0,November,Motorist Drive Out - Sign-Controlled Intersection,2008,50.0,No,O: No Injury,Male,Passenger Car,No,35.8495,-78.583466,Dry,40 - 45  MPH,Stop Sign,Clear,No,0,0,11
Yes,15.0,No,With Traffic,B: Suspected Minor Injury,Female,Wilmington,New Hanover,No,Wednesday,Motorist Left Turn / Merge,20.0,December,Motorist Left Turn - Opposite Direction,2008,60.0,No,O: No Injury,Male,Passenger Car,No,34.222183,-77.93903,Dry,20 - 25  MPH,Stop Sign,Clear,No,0,0,12
No,54.0,Yes,With Traffic,B: Suspected Minor Injury,Male,Goldsboro,Wayne,Yes,Wednesday,Loss of Control / Turning Error,20.0,December,Motorist Turning Error - Left Turn,2008,26.0,No,O: No Injury,Female,Sport Utility,No,35.382843,-77.98618,Dry,30 - 35  MPH,Stop And Go Signal,Clear,No,0,0,12
Yes,19.0,No,With Traffic,A: Suspected Serious Injury,Male,None - Rural Crash,Johnston,No,Friday,Bicyclist Left Turn / Merge,18.0,December,Bicyclist Left Turn - Same Direction,2008,35.0,No,O: No Injury,Female,Passenger Car,No,35.587105,-78.15233,Wet,50 - 55  MPH,"Double Yellow Line, No Passing Zone",Cloudy,No,0,0,12
No,36.0,No,With Traffic,B: Suspected Minor Injury,Male,Durham,Durham,No,Saturday,Motorist Failed to Yield - Sign-Controlled Intersection,7.0,January,Motorist Drive Through - Sign-Controlled Intersection,2009,41.0,No,O: No Injury,Female,Sport Utility,No,35.992195,-78.813736,Dry,30 - 35  MPH,Stop Sign,Clear,No,0,0,1
Yes,26.0,No,With Traffic,C: Possible Injury,Female,Durham,Durham,No,Thursday,Motorist Overtaking Bicyclist,16.0,January,Motorist Overtaking - Undetected Bicyclist,2009,23.0,No,O: No Injury,Female,Passenger Car,No,35.98429,-78.93355,Dry,30 - 35  MPH,No Control Present,Clear,No,0,0,1
Yes,45.0,No,With Traffic,A: Suspected Serious Injury,Male,None - Rural Crash,Pitt,No,Tuesday,Motorist Overtaking Bicyclist,20.0,December,Motorist Overtaking - Other / Unknown,2008,42.03850604944766,Missing,Unknown Injury,Unknown,Unknown,Yes,35.583813,-77.28107,Dry,50 - 55  MPH,"Double Yellow Line, No Passing Zone",Clear,No,1,0,12
No,43.0,No,With Traffic,B: Suspected Minor Injury,Male,Raleigh,Wake,No,Thursday,Motorist Overtaking Bicyclist,8.0,October,Motorist Overtaking - Undetected Bicyclist,2008,24.0,No,O: No Injury,Male,Passenger Car,No,35.794758,-78.69132,Dry,30 - 35  MPH,Missing,Clear,No,0,0,10
Yes,47.0,No,Facing Traffic,C: Possible Injury,Male,Durham,Durham,No,Friday,Loss of Control / Turning Error,20.0,January,Motorist Turning Error - Other,2009,52.0,No,O: No Injury,Female,Passenger Car,No,36.03635,-78.89483,Dry,30 - 35  MPH,Stop Sign,Clear,No,0,0,1
Yes,26.0,No,With Traffic,C: Possible Injury,Male,None - Rural Crash,Nash,No,Sunday,Motorist Overtaking Bicyclist,18.0,January,Motorist Overtaking - Other / Unknown,2009,42.03850604944766,Missing,Unknown Injury,Unknown,Passenger Car,Yes,36.048836,-78.00365,Wet,40 - 45  MPH,"Double Yellow Line, No Passing Zone",Cloudy,No,1,0,1
Yes,42.0,No,Unknown,C: Possible Injury,Male,Charlotte,Mecklenburg,No,Saturday,Other / Unknown - Insufficient Details,17.0,December,Unknown Approach Paths,2008,49.0,No,O: No Injury,Male,"Light Truck (Mini-Van, Panel)",No,35.210075,-80.75722,Wet,30 - 35  MPH,Stop And Go Signal,Cloudy,No,0,0,12
No,22.0,No,With Traffic,B: Suspected Minor Injury,Male,Charlotte,Mecklenburg,No,Monday,Motorist Right Turn / Merge,19.0,December,Motorist Right Turn - Same Direction,2008,19.0,No,O: No Injury,Male,Passenger Car,No,35.227985,-80.842026,Dry,20 - 25  MPH,Stop And Go Signal,Clear,No,0,0,12
Yes,20.0,Yes,Facing Traffic,B: Suspected Minor Injury,Male,None - Rural Crash,Pasquotank,Yes,Tuesday,Head-On,17.0,December,Head-On - Bicyclist,2008,67.0,No,O: No Injury,Female,Passenger Car,No,36.27531,-76.26667,Dry,40 - 45  MPH,"Double Yellow Line, No Passing Zone",Clear,No,0,0,12
No,13.0,No,Facing Traffic,C: Possible Injury,Male,None - Rural Crash,Catawba,No,Wednesday,Bicyclist Right Turn / Merge,17.0,December,Bicyclist Right Turn - Same Direction,2008,19.0,No,O: No Injury,Female,Passenger Car,No,35.75199,-81.27143,Dry,30 - 35  MPH,No Control Present,Clear,No,0,0,12
Yes,27.0,Yes,Facing Traffic,B: Suspected Minor Injury,Male,None - Rural Crash,Cumberland,Yes,Sunday,Head-On,20.0,January,Head-On - Bicyclist,2009,33.0,No,O: No Injury,Male,Passenger Car,No,34.901127,-78.901,Dry,50 - 55  MPH,No Control Present,"Fog, Smog, Smoke",No,0,0,1
Yes,21.0,No,With Traffic,B: Suspected Minor Injury,Male,None - Rural Crash,Chatham,No,Thursday,Motorist Overtaking Bicyclist,16.0,January,Motorist Overtaking - Other / Unknown,2009,39.0,No,O: No Injury,Male,Pickup,No,35.78878,-78.96376,Dry,50 - 55  MPH,"Double Yellow Line, No Passing Zone",Clear,No,0,0,1
Yes,47.0,Yes,With Traffic,B: Suspected Minor Injury,Male,Burlington,Alamance,Yes,Saturday,Loss of Control / Turning Error,12.0,January,Bicyclist Lost Control - Other / Unknown,2009,23.0,No,O: No Injury,Female,Sport Utility,No,36.10063,-79.39131,Dry,20 - 25  MPH,No Control Present,Clear,No,0,0,1
No,53.0,No,With Traffic,C: Possible Injury,Male,None - Rural Crash,Onslow,No,Thursday,Motorist Left Turn / Merge,19.0,January,Motorist Left Turn - Same Direction,2009,55.0,No,O: No Injury,Female,Passenger Car,No,34.75704,-77.480286,Wet,40 - 45  MPH,No Control Present,Cloudy,No,0,0,1
Yes,12.0,No,Facing Traffic,C: Possible Injury,Male,Raleigh,Wake,No,Friday,Head-On,16.0,December,Head-On - Bicyclist,2008,42.03850604944766,No,Unknown Injury,Unknown,Unknown,Yes,35.77976,-78.61471,Dry,5 - 15 MPH,No Control Present,Rain,No,1,0,12
Yes,14.0,No,Not Applicable,B: Suspected Minor Injury,Male,Raleigh,Wake,No,Monday,Bicyclist Failed to Yield - Midblock,17.0,November,Bicyclist Ride Out - Midblock - Unknown,2008,51.0,No,O: No Injury,Male,Passenger Car,No,35.866173,-78.564644,Dry,30 - 35  MPH,Missing,Clear,No,0,0,11
Yes,23.0,No,With Traffic,C: Possible Injury,Male,Garner,Wake,No,Friday,Bicyclist Left Turn / Merge,8.0,January,Bicyclist Left Turn - Same Direction,2009,42.03850604944766,Missing,Unknown Injury,Unknown,Passenger Car,Yes,35.702126,-78.618126,Dry,Unknown,No Control Present,Clear,No,1,0,1
Yes,23.0,No,With Traffic,B: Suspected Minor Injury,Male,Raleigh,Wake,No,Friday,Motorist Overtaking Bicyclist,7.0,January,Motorist Overtaking - Other / Unknown,2009,42.03850604944766,Missing,Unknown Injury,Unknown,Unknown,Yes,35.770256,-78.64861,Dry,40 - 45  MPH,No Control Present,Clear,No,1,0,1
No,8.0,No,With Traffic,C: Possible Injury,Male,Raleigh,Wake,No,Tuesday,Motorist Overtaking Bicyclist,17.0,October,Motorist Overtaking - Other / Unknown,2008,42.03850604944766,Missing,Unknown Injury,Unknown,Unknown,Yes,35.753994,-78.67552,Dry,20 - 25  MPH,Missing,Clear,No,1,0,10
Yes,45.0,No,With Traffic,A: Suspected Serious Injury,Male,Goldsboro,Wayne,No,Sunday,Motorist Overtaking Bicyclist,20.0,December,Motorist Overtaking - Undetected Bicyclist,2008,44.0,No,O: No Injury,Male,Sport Utility,No,35.396313,-78.00092,Dry,30 - 35  MPH,No Control Present,Clear,No,0,0,12
Yes,48.0,No,With Traffic,C: Possible Injury,Male,Enfield,Halifax,No,Tuesday,Motorist Overtaking Bicyclist,18.0,January,Motorist Overtaking - Undetected Bicyclist,2009,27.0,No,O: No Injury,Female,Passenger Car,No,36.177517,-77.672455,Wet,20 - 25  MPH,No Control Present,Cloudy,No,0,0,1
Yes,44.0,No,With Traffic,C: Possible Injury,Male,None - Rural Crash,Martin,No,Friday,Motorist Overtaking Bicyclist,17.0,January,Motorist Overtaking - Bicyclist Swerved,2009,58.0,No,O: No Injury,Female,Passenger Car,No,36.023735,-77.379196,Wet,50 - 55  MPH,"Double Yellow Line, No Passing Zone",Cloudy,No,0,0,1
Yes,18.0,No,With Traffic,B: Suspected Minor Injury,Male,Mooresville,Iredell,No,Wednesday,Parallel Paths - Other Circumstances,14.0,January,Bicyclist Ride Out - Parallel Path,2008,51.0,No,O: No Injury,Male,Passenger Car,No,35.58046,-80.83999,Dry,40 - 45  MPH,No Control Present,Clear,No,0,0,1
No,24.0,No,With Traffic,C: Possible Injury,Male,Charlotte,Mecklenburg,No,Monday,Motorist Left Turn / Merge,7.0,January,Motorist Left Turn - Opposite Direction,2009,29.0,No,O: No Injury,Male,Passenger Car,No,35.216675,-80.8211,Dry,30 - 35  MPH,Stop Sign,Clear,No,0,0,1
Yes,49.0,Yes,Not Applicable,B: Suspected Minor Injury,Male,Greensboro,Guilford,Yes,Thursday,Bicyclist Failed to Yield - Midblock,18.0,December,Bicyclist Ride Out - Midblock - Unknown,2008,56.0,No,O: No Injury,Male,Passenger Car,No,36.04876,-79.76181,Dry,30 - 35  MPH,Missing,Clear,No,0,0,12
Yes,18.0,No,With Traffic,C: Possible Injury,Male,Greensboro,Guilford,No,Monday,Bicyclist Failed to Yield - Sign-Controlled Intersection,16.0,December,Bicyclist Ride Out - Sign-Controlled Intersection,2008,17.0,No,O: No Injury,Male,Passenger Car,No,36.086422,-79.716255,Dry,40 - 45  MPH,Stop Sign,Clear,No,0,0,12
No,13.0,No,Facing Traffic,C: Possible Injury,Male,Rocky Mount,Nash,No,Monday,Motorist Overtaking Bicyclist,15.0,November,Motorist Overtaking - Other / Unknown,2008,42.03850604944766,Missing,Unknown Injury,Unknown,Pickup,Yes,35.915684,-77.81228,Dry,30 - 35  MPH,Missing,Clear,No,1,0,11
Yes,22.0,No,Not Applicable,B: Suspected Minor Injury,Male,Wilmington,New Hanover,No,Tuesday,Crossing Paths - Other Circumstances,19.0,January,Crossing Paths - Intersection - Other / Unknown,2009,42.03850604944766,Missing,Unknown Injury,Unknown,Unknown,Yes,34.24257,-77.890854,Wet,Unknown,No Control Present,Cloudy,No,1,0,1
No,22.0,No,With Traffic,B: Suspected Minor Injury,Female,Raleigh,Wake,No,Monday,Motorist Failed to Yield - Sign-Controlled Intersection,18.0,January,Motorist Drive Out - Sign-Controlled Intersection,2009,20.0,No,O: No Injury,Female,Passenger Car,No,35.77255,-78.69349,Dry,30 - 35  MPH,Stop Sign,Clear,No,0,0,1
Yes,13.0,No,With Traffic,B: Suspected Minor Injury,Male,Washington,Beaufort,No,Thursday,Bicyclist Left Turn / Merge,17.0,October,Bicyclist Left Turn - Same Direction,2008,30.0,No,O: No Injury,Female,Passenger Car,No,35.549084,-77.057274,Dry,30 - 35  MPH,No Control Present,Clear,No,0,0,10
Yes,48.0,No,With Traffic,C: Possible Injury,Male,None - Rural Crash,Catawba,No,Tuesday,Head-On,18.0,February,Head-On - Motorist,2009,38.0,No,O: No Injury,Male,Pickup,Yes,35.55422,-81.16478,Dry,40 - 45  MPH,No Control Present,Clear,No,0,0,2
Yes,51.0,No,Facing Traffic,C: Possible Injury,Male,Durham,Durham,No,Friday,Motorist Failed to Yield - Sign-Controlled Intersection,17.0,February,Motorist Drive Out - Sign-Controlled Intersection,2009,33.0,No,O: No Injury,Male,Van,No,35.981182,-78.8994,Dry,30 - 35  MPH,Stop Sign,Clear,No,0,0,2
Yes,35.0,No,With Traffic,C: Possible Injury,Male,Lumberton,Robeson,No,Monday,Motorist Failed to Yield - Signalized Intersection,9.0,January,Motorist Drive Out - Signalized Intersection,2009,42.03850604944766,Missing,Unknown Injury,Unknown,Unknown,Yes,34.63909,-79.00106,Wet,30 - 35  MPH,Stop And Go Signal,Cloudy,No,1,0,1
Yes,6.0,No,With Traffic,B: Suspected Minor Injury,Male,Raleigh,Wake,No,Saturday,Crossing Paths - Other Circumstances,17.0,January,Crossing Paths - Uncontrolled Intersection,2009,30.0,No,O: No Injury,Male,Sport Utility,No,35.742992,-78.636246,Dry,5 - 15 MPH,No Control Present,Clear,No,0,0,1
No,21.0,Yes,With Traffic,B: Suspected Minor Injury,Male,Mooresville,Iredell,Yes,Monday,Motorist Overtaking Bicyclist,7.0,November,Motorist Overtaking - Undetected Bicyclist,2008,45.0,No,O: No Injury,Male,"Single Unit Truck (2-Axle, 6-Tire)",No,35.56938,-80.79235,Dry,40 - 45  MPH,"Double Yellow Line, No Passing Zone",Cloudy,No,0,0,11
Yes,54.0,No,Facing Traffic,B: Suspected Minor Injury,Male,Carthage,Moore,No,Friday,Head-On,18.0,January,Head-On - Bicyclist,2009,37.0,No,O: No Injury,Female,Passenger Car,No,35.34109,-79.40623,Dry,30 - 35  MPH,No Control Present,Clear,No,0,0,1
No,11.0,No,With Traffic,A: Suspected Serious Injury,Male,Kannapolis,Rowan,No,Saturday,Motorist Overtaking Bicyclist,18.0,January,Motorist Overtaking - Bicyclist Swerved,2009,60.0,No,O: No Injury,Male,Passenger Car,No,35.52758,-80.6143,Dry,40 - 45  MPH,No Control Present,Clear,No,0,0,1
Yes,21.0,No,With Traffic,C: Possible Injury,Male,Charlotte,Mecklenburg,No,Friday,Motorist Left Turn / Merge,12.0,January,Motorist Left Turn - Opposite Direction,2009,38.0,No,O: No Injury,Male,Sport Utility,No,35.199593,-80.84157,Dry,30 - 35  MPH,No Control Present,Clear,No,0,0,1
Yes,48.0,No,With Traffic,B: Suspected Minor Injury,Male,None - Rural Crash,Anson,No,Friday,Motorist Overtaking Bicyclist,8.0,January,Motorist Overtaking - Undetected Bicyclist,2009,63.0,No,O: No Injury,Male,Tractor/Semi-Trailer,No,34.98934,-80.155876,Dry,50 - 55  MPH,No Control Present,Clear,No,0,0,1
Yes,50.0,Yes,Facing Traffic,C: Possible Injury,Male,Hickory,Catawba,Yes,Saturday,Motorist Failed to Yield - Sign-Controlled Intersection,16.0,January,Motorist Drive Out - Sign-Controlled Intersection,2009,58.0,No,O: No Injury,Male,Passenger Car,No,35.75545,-81.336365,Dry,30 - 35  MPH,Stop Sign,Cloudy,No,0,0,1
Yes,18.0,No,With Traffic,C: Possible Injury,Male,Jacksonville,Onslow,No,Sunday,Parallel Paths - Other Circumstances,22.0,January,Parallel Paths - Other / Unknown,2009,42.03850604944766,No,Unknown Injury,Unknown,Unknown,Yes,34.79617,-77.39926,Dry,20 - 25  MPH,No Control Present,Clear,No,1,0,1
Yes,18.0,No,Not Applicable,B: Suspected Minor Injury,Male,None - Rural Crash,Cumberland,No,Thursday,Crossing Paths - Other Circumstances,17.0,February,Crossing Paths - Uncontrolled Intersection,2009,54.0,Missing,O: No Injury,Female,Pickup,No,35.144928,-78.91045,Dry,40 - 45  MPH,Stop Sign,Clear,No,0,0,2
Yes,49.0,No,With Traffic,B: Suspected Minor Injury,Male,Charlotte,Mecklenburg,No,Thursday,Motorist Failed to Yield - Sign-Controlled Intersection,10.0,January,Motorist Drive Through - Sign-Controlled Intersection,2009,42.03850604944766,Missing,Unknown Injury,Unknown,Unknown,Yes,35.23086,-80.81706,Dry,20 - 25  MPH,Stop Sign,Clear,No,1,0,1
Yes,58.0,No,Not Applicable,K: Killed,Male,Jacksonville,Onslow,No,Friday,Bicyclist Failed to Yield - Midblock,21.0,November,Bicyclist Ride Out - Other Midblock,2008,19.0,No,O: No Injury,Male,Passenger Car,No,34.753647,-77.38095,Dry,40 - 45  MPH,Missing,Clear,No,0,0,11
Yes,49.0,Yes,Facing Traffic,O: No Injury,Male,Raleigh,Wake,Yes,Friday,Motorist Failed to Yield - Signalized Intersection,20.0,January,Motorist Drive Out - Signalized Intersection,2009,24.0,No,O: No Injury,Male,Passenger Car,No,35.780838,-78.647606,Dry,30 - 35  MPH,Stop And Go Signal,Clear,No,0,0,1
Yes,9.0,No,With Traffic,B: Suspected Minor Injury,Female,Cary,Wake,No,Thursday,Bicyclist Failed to Yield - Sign-Controlled Intersection,16.0,February,Bicyclist Ride Through - Sign-Controlled Intersection,2009,22.0,No,O: No Injury,Male,Passenger Car,No,35.82186,-78.88707,Dry,20 - 25  MPH,Stop Sign,Clear,No,0,0,2
Yes,20.0,No,Not Applicable,B: Suspected Minor Injury,Male,Raleigh,Wake,No,Saturday,Non-Roadway,16.0,January,Non-Roadway,2009,35.0,No,O: No Injury,Male,Passenger Car,No,35.89806,-78.807625,Dry,5 - 15 MPH,No Control Present,Clear,No,0,0,1
No,8.0,No,With Traffic,O: No Injury,Male,Fayetteville,Cumberland,No,Thursday,Motorist Overtaking Bicyclist,14.0,February,Motorist Overtaking - Bicyclist Swerved,2009,68.0,No,O: No Injury,Female,Passenger Car,No,35.0869,-78.89866,Dry,20 - 25  MPH,No Control Present,Clear,No,0,0,2
Yes,32.0,Yes,Facing Traffic,B: Suspected Minor Injury,Male,Charlotte,Mecklenburg,Yes,Monday,Crossing Paths - Other Circumstances,5.0,December,Signalized Intersection - Other / Unknown,2008,50.0,No,O: No Injury,Male,Passenger Car,No,35.201733,-80.76071,Dry,40 - 45  MPH,Stop And Go Signal,Clear,No,0,0,12
Yes,12.0,No,With Traffic,A: Suspected Serious Injury,Male,None - Rural Crash,Wayne,No,Monday,Bicyclist Failed to Yield - Midblock,16.0,January,Bicyclist Ride Out - Residential Driveway,2009,62.0,No,O: No Injury,Male,Sport Utility,No,35.351772,-77.90203,Dry,50 - 55  MPH,No Control Present,Cloudy,No,0,0,1
No,24.0,No,With Traffic,C: Possible Injury,Male,Wallace,Duplin,No,Saturday,Motorist Overtaking Bicyclist,12.0,February,Motorist Overtaking - Bicyclist Swerved,2009,64.0,No,O: No Injury,Female,Passenger Car,No,34.73573,-77.99819,Dry,30 - 35  MPH,No Control Present,Clear,No,0,0,2
No,33.0,No,With Traffic,C: Possible Injury,Male,Chapel Hill,Orange,No,Tuesday,Motorist Right Turn / Merge,12.0,February,Motorist Right Turn - Same Direction,2009,33.0,No,O: No Injury,Male,Passenger Car,No,35.90993,-79.05618,Dry,20 - 25  MPH,"Double Yellow Line, No Passing Zone",Clear,No,0,0,2
Yes,28.0,No,With Traffic,C: Possible Injury,Male,None - Rural Crash,Nash,No,Monday,Motorist Overtaking Bicyclist,8.0,March,Motorist Overtaking - Misjudged Space,2009,34.0,No,O: No Injury,Female,Sport Utility,No,35.881165,-77.82266,Snow,50 - 55  MPH,No Control Present,"Snow, Sleet, Hail, Freezing Rain/Drizzle",No,0,0,3
Yes,53.0,No,With Traffic,O: No Injury,Male,Gastonia,Gaston,Yes,Friday,Motorist Overtaking Bicyclist,20.0,January,Motorist Overtaking - Other / Unknown,2009,34.0,Yes,B: Suspected Minor Injury,Male,Pedestrian,No,35.30215,-81.18782,Dry,Unknown,No Control Present,Clear,No,0,0,1
Yes,7.0,No,With Traffic,C: Possible Injury,Male,Charlotte,Mecklenburg,No,Wednesday,Crossing Paths - Other Circumstances,17.0,February,Sign-Controlled Intersection - Other / Unknown,2008,44.0,No,Unknown Injury,Male,Pickup,No,35.250732,-80.65681,Dry,30 - 35  MPH,Missing,Clear,No,0,0,2
No,43.0,No,With Traffic,C: Possible Injury,Male,None - Rural Crash,Robeson,No,Thursday,Motorist Overtaking Bicyclist,17.0,March,Motorist Overtaking - Undetected Bicyclist,2009,26.0,No,O: No Injury,Female,Sport Utility,No,34.848984,-79.128204,Dry,50 - 55  MPH,No Control Present,Clear,No,0,0,3
Yes,10.0,No,With Traffic,O: No Injury,Female,Kinston,Lenoir,No,Saturday,Motorist Overtaking Bicyclist,12.0,March,Motorist Overtaking - Other / Unknown,2009,29.0,No,B: Suspected Minor Injury,Female,Motorcycle,No,35.270615,-77.5828,Dry,30 - 35  MPH,No Control Present,Clear,No,0,0,3
Yes,9.0,No,With Traffic,B: Suspected Minor Injury,Male,None - Rural Crash,Rowan,No,Saturday,Bicyclist Overtaking Motorist,15.0,March,Bicyclist Overtaking - Other / Unknown,2009,38.0,No,O: No Injury,Male,Van,No,35.648693,-80.558975,Dry,30 - 35  MPH,No Control Present,Clear,No,0,0,3
Yes,51.0,No,With Traffic,K: Killed,Male,Midway,Davidson,No,Saturday,Bicyclist Overtaking Motorist,11.0,March,Bicyclist Overtaking - Other / Unknown,2009,63.0,No,O: No Injury,Male,Pickup,No,35.986416,-80.22655,Dry,50 - 55  MPH,"Double Yellow Line, No Passing Zone",Clear,No,0,0,3
Yes,58.0,No,With Traffic,A: Suspected Serious Injury,Male,Winston-Salem,Forsyth,No,Saturday,Motorist Overtaking Bicyclist,19.0,February,Motorist Overtaking - Other / Unknown,2009,51.0,No,O: No Injury,Female,Passenger Car,No,36.079838,-80.33576,Dry,30 - 35  MPH,No Control Present,Clear,No,0,0,2
Yes,27.0,No,With Traffic,C: Possible Injury,Male,Chapel Hill,Orange,No,Saturday,Bicyclist Overtaking Motorist,12.0,February,Bicyclist Overtaking - Passing on Right,2009,22.0,No,O: No Injury,Female,Passenger Car,No,35.914127,-79.04508,Dry,20 - 25  MPH,"Double Yellow Line, No Passing Zone",Clear,No,0,0,2
Yes,7.0,No,With Traffic,B: Suspected Minor Injury,Male,None - Rural Crash,Union,No,Tuesday,Bicyclist Failed to Yield - Sign-Controlled Intersection,18.0,March,Bicyclist Ride Through - Sign-Controlled Intersection,2009,58.0,No,O: No Injury,Female,Passenger Car,No,35.03427,-80.65122,Dry,30 - 35  MPH,Stop Sign,Clear,No,0,0,3
Yes,52.0,No,Facing Traffic,B: Suspected Minor Injury,Male,Matthews,Mecklenburg,No,Monday,Motorist Failed to Yield - Sign-Controlled Intersection,15.0,February,Motorist Drive Out - Sign-Controlled Intersection,2009,34.0,No,O: No Injury,Male,Passenger Car,No,35.12397,-80.708176,Dry,20 - 25  MPH,Stop Sign,Clear,No,0,0,2
Yes,55.0,Yes,With Traffic,C: Possible Injury,Male,None - Rural Crash,Currituck,Yes,Sunday,Motorist Overtaking Bicyclist,20.0,February,Motorist Overtaking - Bicyclist Swerved,2009,47.0,No,O: No Injury,Male,Passenger Car,No,36.38721,-75.99718,Dry,50 - 55  MPH,No Control Present,Clear,No,0,0,2
Yes,20.0,No,With Traffic,B: Suspected Minor Injury,Male,Greensboro,Guilford,No,Wednesday,Motorist Right Turn / Merge,13.0,February,Motorist Right Turn - Same Direction,2009,22.0,No,O: No Injury,Female,Passenger Car,No,36.065285,-79.81275,Dry,20 - 25  MPH,Stop And Go Signal,Clear,No,0,0,2
Yes,20.0,No,With Traffic,B: Suspected Minor Injury,Male,Wilmington,New Hanover,No,Saturday,Motorist Failed to Yield - Midblock,17.0,February,Motorist Drive Out - Commercial Driveway / Alley,2009,37.0,No,O: No Injury,Female,Pickup,No,34.242218,-77.89213,Dry,Unknown,No Control Present,Clear,No,0,0,2
No,48.0,No,With Traffic,C: Possible Injury,Male,Trinity,Randolph,No,Wednesday,Crossing Paths - Other Circumstances,14.0,March,Crossing Paths - Intersection - Other / Unknown,2009,69.0,No,O: No Injury,Male,Passenger Car,No,35.862953,-80.03525,Unknown,50 - 55  MPH,Other,Clear,No,0,0,3
Yes,51.0,No,With Traffic,C: Possible Injury,Male,None - Rural Crash,Johnston,No,Thursday,Bicyclist Overtaking Motorist,16.0,March,Bicyclist Overtaking - Other / Unknown,2009,51.0,No,O: No Injury,Male,Passenger Car,No,35.37243,-78.444786,Dry,50 - 55  MPH,"Double Yellow Line, No Passing Zone",Clear,No,0,0,3