AmbulanceR,BikeAge,BikeAlcFlg,BikeDir,BikeInjury,BikeSex,City,County,CrashAlcoh,CrashDay,CrashGrp,CrashHour,CrashMonth,CrashType,CrashYear,DrvrAge,DrvrAlcFlg,DrvrInjury,DrvrSex,DrvrVehTyp,HitRun,Latitude,Longitude,RdConditio,SpeedLimit,TraffCntrl,Weather,Workzone,DrvrAgeImputedFlag,BikeAgeImputedFlag,MonthCode
Yes,22.0,No,With Traffic,B: Suspected Minor Injury,Male,None - Rural Crash,Wake,No,Thursday,Bicyclist Failed to Yield - Sign-Controlled Intersection,15.0,March,Bicyclist Ride Out - Sign-Controlled Intersection,2009,21.0,No,O: No Injury,Male,Pickup,No,35.72253,-78.71577,Dry,40 - 45  MPH,"Double Yellow Line, No Passing Zone",Clear,No,0,0,3
Yes,55.0,No,With Traffic,C: Possible Injury,Female,None - Rural Crash,Gaston,No,Sunday,Bicyclist Left Turn / Merge,9.0,March,Bicyclist Left Turn - Same Direction,2009,60.0,No,O: No Injury,Female,Sport Utility,No,35.39161,-81.009926,Dry,40 - 45  MPH,No Control Present,Clear,No,0,0,3
No,26.0,No,Facing Traffic,B: Suspected Minor Injury,Male,Raleigh,Wake,No,Friday,Motorist Failed to Yield - Sign-Controlled Intersection,7.0,February,Motorist Drive Out - Sign-Controlled Intersection,2009,42.03850604944766,Missing,Unknown Injury,Unknown,Unknown,Yes,35.78412,-78.69532,Dry,30 - 35  MPH,Stop Sign,Clear,No,1,0,2
No,24.0,No,Facing Traffic,C: Possible Injury,Male,Raleigh,Wake,No,Thursday,Motorist Failed to Yield - Signalized Intersection,13.0,February,Motorist Drive Through - Signalized Intersection,2009,21.0,No,O: No Injury,Male,Passenger Car,No,35.77908,-78.66739,Dry,40 - 45  MPH,Stop And Go Signal,Clear,No,0,0,2
Yes,12.0,No,Facing Traffic,B: Suspected Minor Injury,Female,Cary,Wake,No,Sunday,Crossing Paths - Other Circumstances,14.0,March,Signalized Intersection - Other / Unknown,2009,42.03850604944766,Missing,Unknown Injury,Unknown,Passenger Car,Yes,35.764786,-78.78362,Dry,20 - 25  MPH,Stop And Go Signal,Clear,No,1,0,3
No,43.0,No,With Traffic,B: Suspected Minor Injury,Male,None - Rural Crash,Forsyth,No,Monday,Motorist Failed to Yield - Sign-Controlled Intersection,17.0,March,Motorist Drive Out - Sign-Controlled Intersection,2009,33.0,No,O: No Injury,Male,Passenger Car,No,36.041737,-80.09401,Dry,40 - 45  MPH,Stop Sign,Clear,No,0,0,3
No,9.0,No,With Traffic,B: Suspected Minor Injury,Male,Charlotte,Mecklenburg,No,Sunday,Bicyclist Failed to Yield - Sign-Controlled Intersection,16.0,March,Bicyclist Ride Out - Sign-Controlled Intersection,2009,37.0,No,O: No Injury,Male,Passenger Car,No,35.26734,-80.92128,Dry,20 - 25  MPH,Stop Sign,Clear,No,0,0,3
No,26.0,Yes,Unknown,B: Suspected Minor Injury,Male,Statesville,Iredell,Yes,Thursday,Other / Unknown - Insufficient Details,20.0,March,Unknown Approach Paths,2009,42.03850604944766,Missing,Unknown Injury,Unknown,Unknown,Yes,35.782326,-80.89593,Dry,30 - 35  MPH,No Control Present,Clear,No,1,0,3
Yes,13.0,No,Not Applicable,B: Suspected Minor Injury,Male,Greensboro,Guilford,No,Saturday,Bicyclist Failed to Yield - Midblock,16.0,March,Bicyclist Ride Out - Other Midblock,2009,42.03850604944766,Missing,Unknown Injury,Unknown,Passenger Car,Yes,36.03947,-79.85059,Dry,30 - 35  MPH,Stop Sign,Clear,No,1,0,3
No,42.0,No,With Traffic,C: Possible Injury,Female,Wilson,Wilson,No,Friday,Motorist Left Turn / Merge,17.0,March,Motorist Left Turn - Opposite Direction,2009,42.03850604944766,Missing,Unknown Injury,Unknown,Unknown,Yes,35.72093,-77.90823,Dry,30 - 35  MPH,No Control Present,Clear,No,1,0,3
No,63.0,No,Facing Traffic,O: No Injury,Male,Wilson,Wilson,No,Monday,Motorist Failed to Yield - Sign-Controlled Intersection,9.0,March,Motorist Drive Out - Sign-Controlled Intersection,2009,16.0,No,O: No Injury,Male,Passenger Car,No,35.76111,-77.93407,Ice,30 - 35  MPH,Stop Sign,"Snow, Sleet, Hail, Freezing Rain/Drizzle",No,0,0,3
Yes,41.0,No,With Traffic,C: Possible Injury,Female,Durham,Durham,No,Wednesday,Motorist Right Turn / Merge,9.0,March,Motorist Right Turn - Same Direction,2009,41.0,No,O: No Injury,Female,Sport Utility,No,35.977116,-78.93598,Dry,30 - 35  MPH,No Control Present,Clear,No,0,0,3
No,45.0,No,With Traffic,B: Suspected Minor Injury,Male,Rocky Mount,Nash,No,Saturday,Motorist Overtaking Bicyclist,8.0,February,Motorist Overtaking - Other / Unknown,2009,42.03850604944766,Missing,Unknown Injury,Unknown,Unknown,Yes,35.96218,-77.82004,Dry,40 - 45  MPH,No Control Present,Clear,No,1,0,2
Yes,9.0,No,Unknown,C: Possible Injury,Male,Elizabeth City,Pasquotank,No,Tuesday,Other / Unknown - Insufficient Details,17.0,March,Unknown Approach Paths,2009,55.0,No,O: No Injury,Male,Passenger Car,No,36.30615,-76.22945,Dry,20 - 25  MPH,Stop Sign,Clear,No,0,0,3
No,50.0,Yes,With Traffic,A: Suspected Serious Injury,Male,Charlotte,Mecklenburg,Yes,Thursday,Parallel Paths - Other Circumstances,16.0,March,Bicyclist Ride Out - Parallel Path,2009,21.0,No,O: No Injury,Male,Passenger Car,No,35.26411,-80.83728,Dry,40 - 45  MPH,No Control Present,Clear,No,0,0,3
Yes,9.0,No,Not Applicable,B: Suspected Minor Injury,Male,Charlotte,Mecklenburg,No,Tuesday,Bicyclist Failed to Yield - Midblock,17.0,March,Bicyclist Ride Out - Other Midblock,2009,69.0,No,O: No Injury,Female,Van,No,35.381763,-80.77205,Dry,20 - 25  MPH,No Control Present,Clear,No,0,0,3
No,27.0,No,With Traffic,O: No Injury,Male,Wilmington,New Hanover,No,Saturday,Bicyclist Overtaking Motorist,20.0,March,Bicyclist Overtaking - Other / Unknown,2009,23.0,No,O: No Injury,Male,Passenger Car,No,34.24249,-77.94266,Dry,20 - 25  MPH,No Control Present,Cloudy,No,0,0,3
Yes,20.0,No,Not Applicable,C: Possible Injury,Female,Greensboro,Guilford,No,Sunday,Non-Roadway,19.0,March,Non-Roadway,2009,20.0,No,C: Possible Injury,Female,Passenger Car,Yes,36.047104,-79.79964,Dry,20 - 25  MPH,No Control Present,Clear,No,0,0,3
No,20.0,No,Facing Traffic,C: Possible Injury,Unknown,Fayetteville,Cumberland,No,Saturday,Motorist Failed to Yield - Sign-Controlled Intersection,22.0,February,Motorist Drive Out - Sign-Controlled Intersection,2009,20.0,No,O: No Injury,Male,Passenger Car,No,35.059456,-78.96088,Dry,30 - 35  MPH,Stop Sign,Clear,No,0,0,2
Yes,18.0,No,Not Applicable,B: Suspected Minor Injury,Male,Greensboro,Guilford,No,Sunday,Bicyclist Failed to Yield - Midblock,19.0,August,Bicyclist Ride Out - Commercial Driveway / Alley,2008,21.0,No,O: No Injury,Male,Unknown,Yes,36.073666,-79.76411,Dry,30 - 35  MPH,No Control Present,Clear,No,0,0,8
Yes,49.0,No,Unknown,C: Possible Injury,Male,Greensboro,Guilford,No,Tuesday,Other / Unknown - Insufficient Details,0.0,July,Unknown Approach Paths,2008,22.0,No,O: No Injury,Male,Passenger Car,No,36.065643,-79.78258,Wet,30 - 35  MPH,No Control Present,Clear,No,0,0,7
No,48.0,No,With Traffic,O: No Injury,Male,Pinehurst,Moore,No,Tuesday,Motorist Overtaking Bicyclist,15.0,March,Motorist Overtaking - Misjudged Space,2009,42.03850604944766,Missing,Unknown Injury,Unknown,Unknown,Yes,35.20204,-79.43869,Dry,30 - 35  MPH,No Control Present,Cloudy,No,1,0,3
Yes,13.0,No,Not Applicable,C: Possible Injury,Male,None - Rural Crash,Alamance,No,Thursday,Bicyclist Failed to Yield - Midblock,20.0,March,Bicyclist Ride Out - Other Midblock,2009,42.03850604944766,Missing,Unknown Injury,Unknown,Unknown,Yes,36.095142,-79.32742,Dry,50 - 55  MPH,No Control Present,Clear,No,1,0,3
No,53.0,No,With Traffic,C: Possible Injury,Male,Aberdeen,Moore,No,Monday,Motorist Overtaking Bicyclist,10.0,March,Motorist Overtaking - Misjudged Space,2009,69.0,No,O: No Injury,Male,Pickup,No,35.15558,-79.41452,Dry,40 - 45  MPH,Stop And Go Signal,Cloudy,No,0,0,3
Yes,19.0,No,Unknown,B: Suspected Minor Injury,Male,Andrews,Cherokee,No,Friday,Other / Unknown - Insufficient Details,19.0,March,Unknown Location,2009,30.0,No,O: No Injury,Male,Passenger Car,No,35.200768,-83.83379,Dry,30 - 35  MPH,No Control Present,Clear,No,0,0,3
Yes,47.0,No,With Traffic,B: Suspected Minor Injury,Male,Durham,Durham,No,Saturday,Motorist Overtaking Bicyclist,3.0,April,Motorist Overtaking - Other / Unknown,2009,42.03850604944766,Missing,Unknown Injury,Unknown,Passenger Car,Yes,36.00718,-78.88549,Dry,30 - 35  MPH,Stop And Go Signal,Clear,No,1,0,4
No,18.0,No,Not Applicable,C: Possible Injury,Female,Wilmington,New Hanover,No,Monday,Non-Roadway,9.0,November,Non-Roadway,2008,24.0,No,O: No Injury,Male,Passenger Car,Yes,34.22128,-77.86935,Dry,5 - 15 MPH,Missing,Clear,No,0,0,11
Yes,10.0,No,Facing Traffic,B: Suspected Minor Injury,Male,Concord,Cabarrus,No,Saturday,Motorist Failed to Yield - Sign-Controlled Intersection,11.0,March,Motorist Drive Out - Sign-Controlled Intersection,2009,38.0,No,O: No Injury,Female,Sport Utility,No,35.399994,-80.60347,Dry,20 - 25  MPH,Stop Sign,Clear,No,0,0,3
No,24.0,No,With Traffic,B: Suspected Minor Injury,Male,Greensboro,Guilford,No,Wednesday,Motorist Left Turn / Merge,15.0,March,Motorist Left Turn - Opposite Direction,2009,60.0,No,O: No Injury,Male,"Single Unit Truck (2-Axle, 6-Tire)",No,36.053383,-79.84245,Wet,30 - 35  MPH,Stop And Go Signal,Rain,No,0,0,3
No,13.0,No,Unknown,C: Possible Injury,Male,Greensboro,Guilford,No,Tuesday,Bicyclist Failed to Yield - Sign-Controlled Intersection,11.0,August,Bicyclist Ride Through - Sign-Controlled Intersection,2008,57.0,No,O: No Injury,Male,Pickup,No,36.052925,-79.83873,Dry,30 - 35  MPH,Stop Sign,Clear,No,0,0,8
No,12.0,No,Facing Traffic,O: No Injury,Male,Morehead City,Carteret,No,Saturday,Motorist Failed to Yield - Midblock,11.0,March,Motorist Drive Out - Commercial Driveway / Alley,2009,63.0,No,O: No Injury,Female,Van,No,34.726967,-76.76925,Dry,5 - 15 MPH,No Control Present,Clear,No,0,0,3
Yes,22.0,No,With Traffic,C: Possible Injury,Male,Benson,Johnston,No,Tuesday,Loss of Control / Turning Error,21.0,October,Bicyclist Turning Error - Right Turn,2008,39.0,No,O: No Injury,Female,Sport Utility,No,35.378426,-78.54288,Dry,30 - 35  MPH,Stop Sign,Clear,No,0,0,10
Yes,20.0,Yes,Facing Traffic,A: Suspected Serious Injury,Female,Elizabeth City,Pasquotank,Yes,Saturday,Crossing Paths - Other Circumstances,20.0,March,Signalized Intersection - Other / Unknown,2009,27.0,No,O: No Injury,Male,Pickup,No,36.2965,-76.22356,Wet,30 - 35  MPH,Stop And Go Signal,Rain,No,0,0,3
No,10.0,No,Not Applicable,C: Possible Injury,Male,None - Rural Crash,Caldwell,No,Friday,Non-Roadway,18.0,April,Non-Roadway,2009,33.0,No,O: No Injury,Female,Van,No,35.827843,-81.58072,Dry,5 - 15 MPH,No Control Present,Clear,No,0,0,4
No,10.0,No,Not Applicable,C: Possible Injury,Male,Mint Hill,Mecklenburg,No,Tuesday,Bicyclist Failed to Yield - Midblock,17.0,March,Bicyclist Ride Out - Residential Driveway,2009,37.0,No,O: No Injury,Female,Van,No,35.163906,-80.61446,Dry,20 - 25  MPH,No Control Present,Clear,No,0,0,3
Yes,13.0,No,Facing Traffic,C: Possible Injury,Male,Greensboro,Guilford,No,Tuesday,Bicyclist Failed to Yield - Signalized Intersection,17.0,March,Bicyclist Ride Through - Signalized Intersection,2009,39.0,No,O: No Injury,Male,Passenger Car,No,36.102753,-79.78783,Dry,30 - 35  MPH,Stop And Go Signal,Clear,No,0,0,3
No,9.0,No,With Traffic,C: Possible Injury,Male,None - Rural Crash,Rockingham,No,Friday,Bicyclist Left Turn / Merge,17.0,March,Bicyclist Left Turn - Same Direction,2009,48.0,No,O: No Injury,Female,Sport Utility,No,36.28224,-80.003395,Dry,50 - 55  MPH,No Control Present,Clear,No,0,0,3
No,8.0,No,Not Applicable,C: Possible Injury,Female,Raleigh,Wake,No,Wednesday,Bicyclist Failed to Yield - Midblock,19.0,August,Bicyclist Ride Out - Other Midblock,2008,43.0,No,O: No Injury,Male,"Light Truck (Mini-Van, Panel)",No,35.84525,-78.5563,Dry,20 - 25  MPH,Missing,Clear,No,0,0,8
Yes,12.0,No,Facing Traffic,C: Possible Injury,Male,Raleigh,Wake,No,Friday,Crossing Paths - Other Circumstances,17.0,February,Sign-Controlled Intersection - Other / Unknown,2009,56.0,No,O: No Injury,Female,Passenger Car,No,35.807587,-78.550545,Dry,20 - 25  MPH,Stop Sign,Cloudy,No,0,0,2
Yes,36.0,No,With Traffic,C: Possible Injury,Male,None - Rural Crash,Alamance,No,Monday,Motorist Overtaking Bicyclist,6.0,March,Motorist Overtaking - Other / Unknown,2009,35.0,No,O: No Injury,Male,Pickup,No,36.07843,-79.31724,Dry,40 - 45  MPH,No Control Present,Clear,No,0,0,3
No,21.0,No,Facing Traffic,O: No Injury,Male,Washington,Beaufort,No,Thursday,Motorist Overtaking Bicyclist,16.0,March,Motorist Overtaking - Other / Unknown,2009,53.0,No,O: No Injury,Female,Passenger Car,No,35.55009,-77.055565,Dry,30 - 35  MPH,No Control Present,Clear,No,0,0,3
Yes,15.0,No,Facing Traffic,B: Suspected Minor Injury,Male,Charlotte,Mecklenburg,No,Wednesday,Crossing Paths - Other Circumstances,20.0,April,Sign-Controlled Intersection - Other / Unknown,2009,42.03850604944766,Missing,Unknown Injury,Unknown,Unknown,Yes,35.280754,-80.793785,Dry,30 - 35  MPH,No Control Present,Clear,No,1,0,4
Yes,13.0,No,With Traffic,B: Suspected Minor Injury,Male,Winston-Salem,Forsyth,No,Friday,Bicyclist Failed to Yield - Sign-Controlled Intersection,15.0,March,Bicyclist Ride Out - Sign-Controlled Intersection,2009,23.0,No,O: No Injury,Male,Van,No,36.064682,-80.25191,Wet,30 - 35  MPH,No Control Present,Cloudy,No,0,0,3
Yes,14.0,No,With Traffic,A: Suspected Serious Injury,Male,Charlotte,Mecklenburg,No,Friday,Bicyclist Failed to Yield - Sign-Controlled Intersection,17.0,April,Bicyclist Ride Through - Sign-Controlled Intersection,2009,26.0,No,O: No Injury,Male,Passenger Car,No,35.234154,-80.81914,Dry,20 - 25  MPH,Stop Sign,Clear,No,0,0,4
Yes,22.0,No,With Traffic,A: Suspected Serious Injury,Male,None - Rural Crash,Rowan,No,Saturday,Motorist Overtaking Bicyclist,11.0,April,Motorist Overtaking - Bicyclist Swerved,2009,21.0,No,O: No Injury,Male,"Light Truck (Mini-Van, Panel)",No,35.562016,-80.65856,Dry,50 - 55  MPH,No Control Present,Clear,No,0,0,4
Yes,38.0,No,With Traffic,A: Suspected Serious Injury,Male,None - Rural Crash,Forsyth,No,Friday,Motorist Overtaking Bicyclist,20.0,March,Motorist Overtaking - Other / Unknown,2009,38.0,No,O: No Injury,Male,Passenger Car,No,36.21738,-80.285164,Dry,50 - 55  MPH,"Double Yellow Line, No Passing Zone",Clear,No,0,0,3
Yes,41.0,No,With Traffic,B: Suspected Minor Injury,Male,None - Rural Crash,Yancey,No,Monday,Motorist Left Turn / Merge,15.0,March,Motorist Left Turn - Opposite Direction,2009,21.0,No,O: No Injury,Male,Passenger Car,No,35.730255,-82.27928,Dry,30 - 35  MPH,"Double Yellow Line, No Passing Zone",Cloudy,No,0,0,3
Yes,49.0,No,With Traffic,A: Suspected Serious Injury,Male,None - Rural Crash,Robeson,No,Wednesday,Parallel Paths - Other Circumstances,19.0,April,Parallel Paths - Other / Unknown,2009,35.0,No,O: No Injury,Female,Sport Utility,No,34.85171,-79.09158,Dry,50 - 55  MPH,No Control Present,Clear,No,0,0,4
Yes,21.0,No,Not Applicable,O: No Injury,Male,Cary,Wake,No,Saturday,Non-Roadway,16.0,April,Non-Roadway,2009,45.0,No,O: No Injury,Female,Sport Utility,No,35.771732,-78.76127,Dry,5 - 15 MPH,No Control Present,Clear,No,0,0,4
No,47.0,No,With Traffic,K: Killed,Male,Cornelius,Mecklenburg,No,Tuesday,Parallel Paths - Other Circumstances,13.0,August,Parallel Paths - Other / Unknown,2008,51.0,No,O: No Injury,Male,Passenger Car,No,35.46533,-80.871445,Dry,40 - 45  MPH,No Control Present,Clear,No,0,0,8
No,41.0,No,With Traffic,K: Killed,Male,Charlotte,Mecklenburg,No,Monday,Motorist Overtaking Bicyclist,14.0,December,Motorist Overtaking - Other / Unknown,2008,22.0,No,O: No Injury,Male,Passenger Car,No,35.288113,-80.759705,Dry,40 - 45  MPH,No Control Present,Clear,No,0,0,12
No,27.0,No,With Traffic,A: Suspected Serious Injury,Female,Raleigh,Wake,No,Friday,Bicyclist Overtaking Motorist,9.0,April,Bicyclist Overtaking - Passing on Right,2009,42.03850604944766,Missing,Unknown Injury,Unknown,Unknown,Yes,35.786144,-78.67498,Wet,20 - 25  MPH,Other,Clear,No,1,0,4
No,55.0,No,With Traffic,C: Possible Injury,Male,Tobaccoville,Forsyth,No,Saturday,Motorist Failed to Yield - Sign-Controlled Intersection,14.0,April,Motorist Drive Through - Sign-Controlled Intersection,2009,25.0,No,O: No Injury,Female,Passenger Car,No,36.238224,-80.37114,Dry,40 - 45  MPH,Stop Sign,Clear,No,0,0,4
Yes,22.0,No,Facing Traffic,C: Possible Injury,Male,Wilmington,New Hanover,No,Friday,Bicyclist Failed to Yield - Sign-Controlled Intersection,22.0,April,Bicyclist Ride Through - Sign-Controlled Intersection,2009,24.0,No,O: No Injury,Male,Passenger Car,No,34.23739,-77.93693,Dry,Unknown,No Control Present,Cloudy,No,0,0,4
Yes,44.0,No,Facing Traffic,B: Suspected Minor Injury,Female,Wilmington,New Hanover,No,Monday,Bicyclist Failed to Yield - Sign-Controlled Intersection,17.0,April,Bicyclist Ride Through - Sign-Controlled Intersection,2009,44.0,No,O: No Injury,Female,Passenger Car,No,34.23898,-77.94661,Dry,30 - 35  MPH,Stop And Go Signal,Clear,No,0,0,4
No,11.0,No,Not Applicable,O: No Injury,Male,Charlotte,Mecklenburg,No,Monday,Non-Roadway,13.0,April,Non-Roadway,2009,50.0,No,O: No Injury,Male,Pickup,No,35.20113,-80.73325,Dry,20 - 25  MPH,No Control Present,Cloudy,No,0,0,4
Yes,38.0,No,With Traffic,B: Suspected Minor Injury,Male,None - Rural Crash,Rowan,No,Sunday,Loss of Control / Turning Error,11.0,March,Motorist Turning Error - Left Turn,2009,57.0,No,O: No Injury,Female,Sport Utility,No,35.558395,-80.2833,Dry,50 - 55  MPH,"Double Yellow Line, No Passing Zone",Clear,No,0,0,3
Yes,14.0,No,Unknown,B: Suspected Minor Injury,Male,Rocky Mount,Nash,No,Friday,Other / Unknown - Insufficient Details,19.0,March,Unknown Location,2009,42.03850604944766,No,Unknown Injury,Unknown,Passenger Car,Yes,35.927265,-77.814865,Dry,30 - 35  MPH,No Control Present,Clear,No,1,0,3
Yes,51.0,No,With Traffic,C: Possible Injury,Male,None - Rural Crash,Greene,No,Wednesday,Motorist Overtaking Bicyclist,21.0,April,Motorist Overtaking - Undetected Bicyclist,2009,40.0,No,O: No Injury,Male,Police,No,35.4331,-77.66129,Dry,40 - 45  MPH,No Control Present,Clear,No,0,0,4
Yes,48.0,No,With Traffic,A: Suspected Serious Injury,Male,None - Rural Crash,Harnett,No,Friday,Motorist Overtaking Bicyclist,15.0,April,Motorist Overtaking - Other / Unknown,2009,18.0,No,O: No Injury,Female,Passenger Car,No,35.414803,-78.703026,Dry,50 - 55  MPH,"Double Yellow Line, No Passing Zone",Clear,No,0,0,4
No,17.0,No,Facing Traffic,O: No Injury,Male,Raleigh,Wake,No,Wednesday,Motorist Failed to Yield - Sign-Controlled Intersection,16.0,March,Motorist Drive Out - Sign-Controlled Intersection,2009,24.0,No,O: No Injury,Female,Passenger Car,No,35.849983,-78.60475,Dry,20 - 25  MPH,Stop Sign,Clear,No,0,0,3
Yes,62.0,No,With Traffic,C: Possible Injury,Male,None - Rural Crash,Nash,No,Friday,Motorist Overtaking Bicyclist,12.0,April,Motorist Overtaking - Bicyclist Swerved,2009,51.0,No,O: No Injury,Female,Passenger Car,No,35.975384,-77.8964,Dry,40 - 45  MPH,"Double Yellow Line, No Passing Zone",Clear,No,0,0,4
No,15.0,No,Not Applicable,C: Possible Injury,Male,Cary,Wake,No,Thursday,Non-Roadway,16.0,April,Non-Roadway,2009,24.0,No,O: No Injury,Female,Passenger Car,No,35.779346,-78.76079,Dry,30 - 35  MPH,No Control Present,Clear,No,0,0,4
Yes,16.0,No,Not Applicable,B: Suspected Minor Injury,Male,Charlotte,Mecklenburg,No,Wednesday,Bicyclist Failed to Yield - Midblock,0.0,April,Bicyclist Ride Out - Midblock - Unknown,2009,42.03850604944766,Missing,Unknown Injury,Unknown,Unknown,Yes,35.249397,-80.764755,Dry,30 - 35  MPH,No Control Present,Clear,No,1,0,4
Yes,44.0,Yes,With Traffic,C: Possible Injury,Male,Eden,Rockingham,Yes,Thursday,Bicyclist Left Turn / Merge,17.0,July,Bicyclist Left Turn - Same Direction,2008,29.0,No,O: No Injury,Female,Passenger Car,No,36.50206,-79.77388,Dry,20 - 25  MPH,No Control Present,Clear,No,0,0,7
No,7.0,No,With Traffic,B: Suspected Minor Injury,Male,Spencer,Rowan,No,Tuesday,Bicyclist Failed to Yield - Sign-Controlled Intersection,19.0,April,Bicyclist Ride Through - Sign-Controlled Intersection,2009,46.0,No,O: No Injury,Male,Passenger Car,No,35.688663,-80.4397,Dry,20 - 25  MPH,Stop Sign,Clear,No,0,0,4
Yes,13.0,No,With Traffic,A: Suspected Serious Injury,Male,Wilmington,New Hanover,No,Saturday,Bicyclist Failed to Yield - Sign-Controlled Intersection,20.0,April,Bicyclist Ride Out - Sign-Controlled Intersection,2009,38.0,No,O: No Injury,Male,Pickup,No,34.22664,-77.9303,Dry,30 - 35  MPH,Stop Sign,Clear,No,0,0,4
Yes,21.0,No,With Traffic,B: Suspected Minor Injury,Male,None - Rural Crash,Pitt,No,Friday,Backing Vehicle,15.0,April,Backing Vehicle,2009,29.0,No,O: No Injury,Female,Passenger Car,No,35.577713,-77.46039,Dry,50 - 55  MPH,No Control Present,Clear,No,0,0,4
No,20.0,No,Facing Traffic,B: Suspected Minor Injury,Female,Raleigh,Wake,No,Monday,Motorist Failed to Yield - Signalized Intersection,10.0,March,Motorist Drive Out - Signalized Intersection,2009,26.0,No,O: No Injury,Female,Sport Utility,No,35.86845,-78.61116,Dry,40 - 45  MPH,Stop And Go Signal,Cloudy,No,0,0,3
No,36.0,No,Facing Traffic,C: Possible Injury,Male,Raleigh,Wake,No,Monday,Motorist Failed to Yield - Sign-Controlled Intersection,7.0,March,Motorist Drive Out - Sign-Controlled Intersection,2009,28.0,No,O: No Injury,Female,Passenger Car,No,35.79967,-78.68372,Dry,20 - 25  MPH,Stop Sign,Clear,No,0,0,3
Yes,43.0,Yes,With Traffic,C: Possible Injury,Male,Raleigh,Wake,Yes,Friday,Parallel Paths - Other Circumstances,23.0,March,Parallel Paths - Other / Unknown,2009,49.0,Yes,O: No Injury,Male,Passenger Car,No,35.76705,-78.6355,Dry,30 - 35  MPH,Stop And Go Signal,Clear,No,0,0,3
Yes,51.0,No,Not Applicable,K: Killed,Male,Shelby,Cleveland,Yes,Friday,Bicyclist Failed to Yield - Midblock,21.0,April,Bicyclist Ride Out - Other Midblock,2009,55.0,Yes,C: Possible Injury,Male,Passenger Car,No,35.280735,-81.54936,Dry,40 - 45  MPH,No Control Present,Clear,No,0,0,4
Yes,47.0,No,With Traffic,K: Killed,Male,Elizabeth City,Pasquotank,No,Monday,Motorist Overtaking Bicyclist,1.0,April,Motorist Overtaking - Other / Unknown,2009,24.0,No,O: No Injury,Female,Passenger Car,No,36.284145,-76.23578,Dry,50 - 55  MPH,No Control Present,Clear,No,0,0,4
Yes,12.0,No,Facing Traffic,C: Possible Injury,Male,Hickory,Catawba,No,Wednesday,Motorist Failed to Yield - Sign-Controlled Intersection,13.0,April,Motorist Drive Out - Sign-Controlled Intersection,2009,31.0,No,O: No Injury,Male,Pickup,No,35.757534,-81.33555,Dry,30 - 35  MPH,Stop And Go Signal,Clear,No,0,0,4
No,11.0,No,With Traffic,O: No Injury,Male,Roanoke Rapids,Halifax,No,Saturday,Loss of Control / Turning Error,13.0,April,Bicyclist Lost Control - Mechanical Problems,2009,50.0,No,O: No Injury,Male,Sport Utility,No,36.468174,-77.6525,Dry,20 - 25  MPH,Stop Sign,Clear,No,0,0,4
Yes,41.0,No,With Traffic,C: Possible Injury,Male,Raleigh,Wake,No,Saturday,Motorist Failed to Yield - Sign-Controlled Intersection,12.0,March,Motorist Drive Out - Sign-Controlled Intersection,2009,24.0,No,O: No Injury,Male,Passenger Car,No,35.798817,-78.7172,Dry,40 - 45  MPH,Stop Sign,Clear,No,0,0,3
Yes,36.0,No,With Traffic,C: Possible Injury,Male,Charlotte,Mecklenburg,No,Thursday,Motorist Overtaking Bicyclist,7.0,April,Motorist Overtaking - Other / Unknown,2009,25.0,No,O: No Injury,Male,Passenger Car,No,35.282616,-80.73358,Dry,40 - 45  MPH,No Control Present,Clear,No,0,0,4
No,26.0,No,With Traffic,C: Possible Injury,Female,Charlotte,Mecklenburg,No,Friday,Motorist Right Turn / Merge,8.0,April,Motorist Right Turn - Same Direction,2009,44.0,No,O: No Injury,Male,Passenger Car,No,35.233505,-80.79283,Dry,20 - 25  MPH,No Control Present,Clear,No,0,0,4
No,49.0,No,With Traffic,B: Suspected Minor Injury,Female,Washington,Beaufort,No,Saturday,Loss of Control / Turning Error,17.0,April,Bicyclist Lost Control - Other / Unknown,2009,42.03850604944766,Missing,Unknown Injury,Unknown,Motorcycle,No,35.538605,-77.04727,Dry,20 - 25  MPH,No Control Present,Clear,No,1,0,4
Yes,36.0,No,With Traffic,A: Suspected Serious Injury,Male,None - Rural Crash,Guilford,No,Wednesday,Motorist Left Turn / Merge,6.0,April,Motorist Left Turn - Opposite Direction,2009,33.0,No,O: No Injury,Male,Passenger Car,No,35.912296,-79.707794,Dry,50 - 55  MPH,"Double Yellow Line, No Passing Zone",Clear,No,0,0,4
Yes,10.0,No,Not Applicable,C: Possible Injury,Female,None - Rural Crash,Catawba,No,Friday,Non-Roadway,19.0,May,Non-Roadway,2009,51.0,No,O: No Injury,Male,Passenger Car,No,35.785763,-81.19706,Dry,20 - 25  MPH,No Control Present,Clear,No,0,0,5
Yes,48.0,No,With Traffic,B: Suspected Minor Injury,Male,Garysburg,Northampton,No,Friday,Motorist Overtaking Bicyclist,20.0,May,Motorist Overtaking - Other / Unknown,2009,42.03850604944766,No,Unknown Injury,Male,Unknown,Yes,36.455456,-77.551674,Dry,40 - 45  MPH,No Control Present,Clear,No,1,0,5
No,11.0,No,With Traffic,B: Suspected Minor Injury,Female,Asheboro,Randolph,No,Wednesday,Loss of Control / Turning Error,15.0,April,Bicyclist Lost Control - Mechanical Problems,2009,30.0,No,O: No Injury,Male,Sport Utility,No,35.704506,-79.825096,Dry,30 - 35  MPH,No Control Present,Clear,No,0,0,4
No,48.0,No,Facing Traffic,B: Suspected Minor Injury,Male,Raleigh,Wake,No,Friday,Crossing Paths - Other Circumstances,7.0,March,Signalized Intersection - Other / Unknown,2009,57.0,No,O: No Injury,Male,Pickup,No,35.79325,-78.68431,Dry,30 - 35  MPH,Stop And Go Signal,Cloudy,No,0,0,3