AmbulanceR,BikeAge,BikeAlcFlg,BikeDir,BikeInjury,BikeSex,City,County,CrashAlcoh,CrashDay,CrashGrp,CrashHour,CrashMonth,CrashType,CrashYear,DrvrAge,DrvrAlcFlg,DrvrInjury,DrvrSex,DrvrVehTyp,HitRun,Latitude,Longitude,RdConditio,SpeedLimit,TraffCntrl,Weather,Workzone,DrvrAgeImputedFlag,BikeAgeImputedFlag,MonthCode
Yes,45.0,Yes,Facing Traffic,B: Suspected Minor Injury,Male,Raleigh,Wake,Yes,Friday,Loss of Control / Turning Error,15.0,April,Bicyclist Lost Control - Surface Conditions,2009,51.0,No,O: No Injury,Male,Van,No,35.785576,-78.66126,Dry,30 - 35  MPH,Stop And Go Signal,Clear,No,0,0,4
Yes,28.0,No,With Traffic,B: Suspected Minor Injury,Male,Winston-Salem,Forsyth,No,Tuesday,Motorist Left Turn / Merge,15.0,April,Motorist Left Turn - Opposite Direction,2009,44.0,No,O: No Injury,Female,Passenger Car,No,36.091393,-80.26521,Dry,30 - 35  MPH,No Control Present,Clear,No,0,0,4
No,22.0,No,With Traffic,B: Suspected Minor Injury,Male,Asheville,Buncombe,No,Wednesday,Motorist Right Turn / Merge,9.0,April,Motorist Right Turn - Same Direction,2009,49.0,No,Unknown Injury,Male,Passenger Car,No,35.600124,-82.55402,Dry,30 - 35  MPH,No Control Present,Clear,No,0,0,4
Yes,11.0,No,With Traffic,B: Suspected Minor Injury,Male,Greensboro,Guilford,No,Friday,Loss of Control / Turning Error,14.0,August,Bicyclist Lost Control - Mechanical Problems,2008,34.0,No,O: No Injury,Female,Passenger Car,No,36.05798,-79.780716,Dry,20 - 25  MPH,Stop Sign,Clear,No,0,0,8
Yes,11.0,No,Not Applicable,B: Suspected Minor Injury,Female,Emerald Isle,Carteret,No,Saturday,Bicyclist Failed to Yield - Midblock,8.0,April,Bicyclist Ride Out - Residential Driveway,2009,46.0,No,O: No Injury,Female,Passenger Car,No,34.665237,-77.0165,Dry,20 - 25  MPH,No Control Present,Clear,No,0,0,4
Yes,42.0,Yes,With Traffic,K: Killed,Male,None - Rural Crash,Catawba,Yes,Saturday,Bicyclist Left Turn / Merge,22.0,April,Bicyclist Left Turn - Same Direction,2009,24.0,No,O: No Injury,Female,Sport Utility,No,35.60828,-81.11734,Dry,50 - 55  MPH,"Double Yellow Line, No Passing Zone",Clear,No,0,0,4
Yes,58.0,No,With Traffic,B: Suspected Minor Injury,Male,Greenville,Pitt,No,Thursday,Motorist Overtaking Bicyclist,4.0,March,Motorist Overtaking - Other / Unknown,2009,52.0,No,O: No Injury,Male,Passenger Car,No,35.629673,-77.36464,Dry,30 - 35  MPH,No Control Present,Cloudy,No,0,0,3
Yes,25.0,No,With Traffic,B: Suspected Minor Injury,Male,Raleigh,Wake,No,Thursday,Crossing Paths - Other Circumstances,22.0,April,Sign-Controlled Intersection - Other / Unknown,2009,47.0,No,O: No Injury,Male,Passenger Car,No,35.791035,-78.715256,Wet,30 - 35  MPH,Stop Sign,Rain,No,0,0,4
No,43.0,No,With Traffic,C: Possible Injury,Male,Raleigh,Wake,No,Saturday,Motorist Overtaking Bicyclist,17.0,April,Motorist Overtaking - Misjudged Space,2009,42.03850604944766,Missing,Unknown Injury,Unknown,Unknown,Yes,35.736233,-78.56458,Dry,40 - 45  MPH,No Control Present,Clear,No,1,0,4
Yes,47.0,No,With Traffic,C: Possible Injury,Male,None - Rural Crash,Harnett,No,Thursday,Bicyclist Overtaking Motorist,14.0,April,Bicyclist Overtaking - Other / Unknown,2009,58.0,No,O: No Injury,Female,Passenger Car,No,35.28311,-78.636055,Dry,50 - 55  MPH,No Control Present,Clear,No,0,0,4
Yes,25.0,No,Facing Traffic,C: Possible Injury,Female,Greensboro,Guilford,No,Wednesday,Motorist Failed to Yield - Signalized Intersection,17.0,April,Motorist Drive Out - Right Turn on Red,2009,46.0,No,O: No Injury,Female,Passenger Car,No,36.08042,-79.82714,Dry,30 - 35  MPH,Stop And Go Signal,Clear,No,0,0,4
Yes,35.0,Yes,Facing Traffic,B: Suspected Minor Injury,Male,None - Rural Crash,New Hanover,Yes,Thursday,Bicyclist Right Turn / Merge,0.0,April,Bicyclist Right Turn - Opposite Direction,2009,23.0,No,O: No Injury,Male,Passenger Car,No,34.12461,-77.90002,Dry,50 - 55  MPH,No Control Present,Clear,No,0,0,4
No,48.0,No,With Traffic,B: Suspected Minor Injury,Male,None - Rural Crash,Chatham,No,Friday,Motorist Overtaking Bicyclist,11.0,May,Motorist Overtaking - Misjudged Space,2009,61.0,No,O: No Injury,Male,Pickup,No,35.788883,-78.96377,Dry,40 - 45  MPH,"Double Yellow Line, No Passing Zone",Clear,No,0,0,5
Yes,60.0,No,Facing Traffic,C: Possible Injury,Female,None - Rural Crash,New Hanover,No,Friday,Motorist Failed to Yield - Sign-Controlled Intersection,18.0,May,Motorist Drive Out - Sign-Controlled Intersection,2009,19.0,No,O: No Injury,Female,Passenger Car,No,34.15338,-77.90628,Dry,5 - 15 MPH,Stop Sign,Clear,No,0,0,5
No,32.52649525389365,No,With Traffic,Unknown Injury,Male,None - Rural Crash,Northampton,No,Friday,Motorist Overtaking Bicyclist,19.0,May,Motorist Overtaking - Other / Unknown,2009,21.0,No,O: No Injury,Female,Passenger Car,No,36.34717,-77.2234,Dry,50 - 55  MPH,"Double Yellow Line, No Passing Zone",Clear,No,0,1,5
Yes,26.0,No,Not Applicable,C: Possible Injury,Male,None - Rural Crash,Pender,No,Friday,Bicyclist Failed to Yield - Midblock,15.0,May,Bicyclist Ride Out - Commercial Driveway / Alley,2009,20.0,No,O: No Injury,Male,Pickup,No,34.390038,-77.68332,Dry,40 - 45  MPH,No Control Present,Clear,No,0,0,5
No,16.0,No,With Traffic,B: Suspected Minor Injury,Male,Pembroke,Robeson,No,Tuesday,Loss of Control / Turning Error,19.0,May,Bicyclist Lost Control - Mechanical Problems,2009,48.0,No,O: No Injury,Female,Passenger Car,No,34.680332,-79.194595,Wet,20 - 25  MPH,No Control Present,Cloudy,No,0,0,5
Yes,30.0,No,Facing Traffic,O: No Injury,Female,Statesville,Iredell,No,Thursday,Motorist Overtaking Bicyclist,19.0,April,Motorist Overtaking - Bicyclist Swerved,2009,16.0,No,B: Suspected Minor Injury,Male,Passenger Car,No,35.775608,-80.86939,Dry,30 - 35  MPH,No Control Present,Clear,No,0,0,4
Yes,15.0,Yes,With Traffic,B: Suspected Minor Injury,Male,Franklinton,Franklin,Yes,Friday,Motorist Overtaking Bicyclist,19.0,May,Motorist Overtaking - Bicyclist Swerved,2009,22.0,No,O: No Injury,Male,Sport Utility,No,36.09544,-78.429474,Dry,40 - 45  MPH,No Control Present,Cloudy,No,0,0,5
Yes,31.0,No,With Traffic,C: Possible Injury,Female,Durham,Durham,No,Wednesday,Motorist Failed to Yield - Sign-Controlled Intersection,12.0,May,Motorist Drive Out - Sign-Controlled Intersection,2009,27.0,No,O: No Injury,Male,Pickup,No,35.87327,-78.8459,Dry,30 - 35  MPH,Stop Sign,Clear,No,0,0,5
Yes,7.0,No,With Traffic,C: Possible Injury,Male,Durham,Durham,No,Friday,Bicyclist Left Turn / Merge,16.0,May,Bicyclist Left Turn - Same Direction,2009,41.0,No,O: No Injury,Male,Passenger Car,No,35.99807,-78.86978,Dry,30 - 35  MPH,No Control Present,Clear,No,0,0,5
Yes,15.0,No,Not Applicable,B: Suspected Minor Injury,Male,None - Rural Crash,Randolph,No,Saturday,Crossing Paths - Other Circumstances,14.0,May,Crossing Paths - Uncontrolled Intersection,2009,31.0,No,O: No Injury,Female,Passenger Car,No,35.653214,-79.796074,Dry,50 - 55  MPH,"Double Yellow Line, No Passing Zone",Clear,No,0,0,5
No,25.0,No,With Traffic,B: Suspected Minor Injury,Male,Boone,Watauga,No,Tuesday,Motorist Left Turn / Merge,19.0,May,Motorist Left Turn - Opposite Direction,2009,19.0,No,O: No Injury,Female,Passenger Car,No,36.216908,-81.68258,Dry,20 - 25  MPH,Stop Sign,Clear,No,0,0,5
Yes,35.0,No,Not Applicable,C: Possible Injury,Male,Mebane,Alamance,No,Friday,Bicyclist Failed to Yield - Midblock,19.0,May,Bicyclist Ride Out - Residential Driveway,2009,38.0,No,O: No Injury,Male,Pickup,No,36.0685,-79.270035,Dry,30 - 35  MPH,Stop And Go Signal,Clear,No,0,0,5
Yes,12.0,No,With Traffic,C: Possible Injury,Male,None - Rural Crash,Nash,No,Friday,Backing Vehicle,21.0,May,Backing Vehicle,2009,31.0,No,O: No Injury,Male,Van,No,35.896248,-77.86056,Dry,5 - 15 MPH,No Control Present,Clear,No,0,0,5
No,8.0,No,Facing Traffic,C: Possible Injury,Male,None - Rural Crash,Brunswick,No,Saturday,Bicyclist Right Turn / Merge,15.0,May,Bicyclist Right Turn - Same Direction,2009,21.0,No,O: No Injury,Female,Passenger Car,No,34.050896,-78.188,Dry,40 - 45  MPH,No Control Present,Clear,No,0,0,5
Yes,7.0,No,Not Applicable,B: Suspected Minor Injury,Male,Albemarle,Stanly,No,Friday,Bicyclist Failed to Yield - Midblock,18.0,May,Bicyclist Ride Out - Other Midblock,2009,23.0,No,O: No Injury,Male,Passenger Car,No,35.346252,-80.19498,Dry,30 - 35  MPH,No Control Present,Clear,No,0,0,5
Yes,20.0,No,Facing Traffic,C: Possible Injury,Female,Raleigh,Wake,No,Thursday,Motorist Failed to Yield - Signalized Intersection,9.0,April,Motorist Drive Out - Signalized Intersection,2009,51.0,No,O: No Injury,Female,Sport Utility,No,35.778374,-78.64024,Dry,30 - 35  MPH,Stop And Go Signal,Clear,No,0,0,4
No,9.0,No,Not Applicable,C: Possible Injury,Male,Charlotte,Mecklenburg,No,Friday,Non-Roadway,18.0,May,Non-Roadway,2009,19.0,No,O: No Injury,Female,Sport Utility,No,35.191395,-80.79554,Dry,5 - 15 MPH,No Control Present,Clear,No,0,0,5
Yes,45.0,No,With Traffic,A: Suspected Serious Injury,Male,Gibson,Scotland,No,Thursday,Bicyclist Failed to Yield - Sign-Controlled Intersection,15.0,April,Bicyclist Ride Through - Sign-Controlled Intersection,2009,30.0,No,C: Possible Injury,Male,Pickup,No,34.758793,-79.61536,Dry,30 - 35  MPH,Stop Sign,Clear,No,0,0,4
Yes,24.0,No,With Traffic,B: Suspected Minor Injury,Male,Wilmington,New Hanover,Yes,Sunday,Crossing Paths - Other Circumstances,3.0,May,Signalized Intersection - Other / Unknown,2009,24.0,Yes,O: No Injury,Male,Passenger Car,No,34.22306,-77.882126,Dry,40 - 45  MPH,Stop And Go Signal,Cloudy,No,0,0,5
Yes,36.0,No,With Traffic,C: Possible Injury,Female,Charlotte,Mecklenburg,No,Thursday,Crossing Paths - Other Circumstances,10.0,April,Signalized Intersection - Other / Unknown,2009,27.0,No,O: No Injury,Male,Passenger Car,No,35.16829,-80.822395,Dry,30 - 35  MPH,Stop And Go Signal,Cloudy,No,0,0,4
No,32.52649525389365,No,Not Applicable,O: No Injury,Male,Raleigh,Wake,No,Sunday,Non-Roadway,16.0,April,Non-Roadway,2009,42.03850604944766,Missing,Unknown Injury,Unknown,Passenger Car,No,35.847607,-78.572334,Dry,30 - 35  MPH,No Control Present,Clear,No,1,1,4
No,7.0,No,With Traffic,C: Possible Injury,Female,Mooresville,Iredell,No,Thursday,Motorist Failed to Yield - Midblock,7.0,May,Motorist Drive Out - Commercial Driveway / Alley,2009,42.0,No,O: No Injury,Female,School Bus,No,35.582157,-80.89722,Dry,Unknown,No Control Present,Clear,No,0,0,5
Yes,18.0,No,Facing Traffic,B: Suspected Minor Injury,Female,None - Rural Crash,New Hanover,No,Wednesday,Motorist Left Turn / Merge,20.0,May,Motorist Left Turn - Same Direction,2009,63.0,No,O: No Injury,Male,Sport Utility,No,34.10394,-77.89945,Dry,30 - 35  MPH,Stop And Go Signal,Clear,No,0,0,5
Yes,32.0,No,With Traffic,B: Suspected Minor Injury,Male,Wilmington,New Hanover,No,Wednesday,Motorist Left Turn / Merge,22.0,May,Motorist Left Turn - Opposite Direction,2009,34.0,No,O: No Injury,Male,Passenger Car,No,34.219433,-77.83266,Dry,40 - 45  MPH,Stop And Go Signal,Clear,No,0,0,5
Yes,23.0,No,With Traffic,B: Suspected Minor Injury,Male,Wrightsville Beach,New Hanover,No,Friday,Motorist Left Turn / Merge,12.0,May,Motorist Left Turn - Opposite Direction,2009,19.0,No,O: No Injury,Male,Passenger Car,No,34.203457,-77.79932,Dry,30 - 35  MPH,No Control Present,Clear,No,0,0,5
Yes,12.0,No,Not Applicable,B: Suspected Minor Injury,Male,Fayetteville,Cumberland,No,Sunday,Bicyclist Failed to Yield - Midblock,18.0,May,Bicyclist Ride Out - Other Midblock,2009,54.0,No,O: No Injury,Female,Van,No,35.08139,-78.89734,Dry,20 - 25  MPH,No Control Present,Clear,No,0,0,5
Yes,25.0,No,With Traffic,B: Suspected Minor Injury,Male,Jacksonville,Onslow,No,Monday,Other / Unknown - Insufficient Details,5.0,May,Unknown Approach Paths,2009,42.03850604944766,Missing,Unknown Injury,Unknown,Unknown,Yes,34.7463,-77.3793,Dry,30 - 35  MPH,No Control Present,Clear,No,1,0,5
Yes,12.0,No,With Traffic,B: Suspected Minor Injury,Male,None - Rural Crash,New Hanover,No,Tuesday,Motorist Overtaking Bicyclist,18.0,May,Motorist Overtaking - Other / Unknown,2009,42.03850604944766,Missing,Unknown Injury,Unknown,Unknown,Yes,34.145443,-77.915565,Dry,30 - 35  MPH,No Control Present,Clear,No,1,0,5
No,17.0,No,With Traffic,B: Suspected Minor Injury,Male,Hickory,Catawba,No,Tuesday,Motorist Overtaking Bicyclist,21.0,May,Motorist Overtaking - Misjudged Space,2009,42.03850604944766,No,Unknown Injury,Unknown,Passenger Car,Yes,35.77979,-81.29472,Dry,40 - 45  MPH,No Control Present,Clear,No,1,0,5
Yes,11.0,No,With Traffic,A: Suspected Serious Injury,Female,Rural Hall,Forsyth,No,Saturday,Bicyclist Failed to Yield - Sign-Controlled Intersection,13.0,May,Bicyclist Ride Through - Sign-Controlled Intersection,2009,21.0,No,O: No Injury,Male,Pickup,No,36.232613,-80.29801,Dry,20 - 25  MPH,Stop Sign,Clear,No,0,0,5
No,39.0,No,With Traffic,C: Possible Injury,Male,Huntersville,Mecklenburg,No,Tuesday,Motorist Overtaking Bicyclist,19.0,May,Motorist Overtaking - Misjudged Space,2009,37.0,No,O: No Injury,Female,Unknown,Yes,35.39871,-80.83822,Dry,40 - 45  MPH,"Double Yellow Line, No Passing Zone",Clear,No,0,0,5
Yes,13.0,No,With Traffic,C: Possible Injury,Male,None - Rural Crash,Brunswick,No,Monday,Bicyclist Left Turn / Merge,16.0,May,Bicyclist Left Turn - Same Direction,2009,20.0,No,O: No Injury,Female,Van,No,33.899704,-78.46291,Dry,40 - 45  MPH,"Double Yellow Line, No Passing Zone",Cloudy,No,0,0,5
Yes,4.0,No,With Traffic,B: Suspected Minor Injury,Male,Charlotte,Mecklenburg,No,Monday,Crossing Paths - Other Circumstances,16.0,May,Crossing Paths - Uncontrolled Intersection,2009,63.0,No,O: No Injury,Male,Passenger Car,No,35.29627,-80.83963,Dry,40 - 45  MPH,No Control Present,Clear,No,0,0,5
Yes,19.0,No,With Traffic,Unknown Injury,Unknown,Rocky Mount,Edgecombe,No,Tuesday,Other / Unusual Circumstances,20.0,April,Motorist Intentionally Caused,2009,19.0,No,C: Possible Injury,Male,Sport Utility,Yes,35.924282,-77.78992,Wet,30 - 35  MPH,No Control Present,Rain,No,0,0,4
Yes,41.0,No,With Traffic,B: Suspected Minor Injury,Male,Cary,Wake,No,Thursday,Motorist Overtaking Bicyclist,12.0,May,Motorist Overtaking - Bicyclist Swerved,2009,22.0,No,O: No Injury,Female,Sport Utility,No,35.830093,-78.77439,Dry,40 - 45  MPH,No Control Present,Clear,No,0,0,5
Yes,24.0,No,With Traffic,C: Possible Injury,Male,Durham,Durham,No,Monday,Motorist Left Turn / Merge,18.0,May,Motorist Left Turn - Opposite Direction,2009,46.0,No,O: No Injury,Male,Passenger Car,No,36.016857,-78.911835,Dry,30 - 35  MPH,Stop And Go Signal,Clear,No,0,0,5
Yes,49.0,No,With Traffic,B: Suspected Minor Injury,Male,None - Rural Crash,Buncombe,No,Thursday,Motorist Overtaking Bicyclist,21.0,May,Motorist Overtaking - Other / Unknown,2009,28.0,No,O: No Injury,Male,Passenger Car,No,35.619415,-82.65276,Dry,50 - 55  MPH,No Control Present,Clear,No,0,0,5
No,7.0,No,Not Applicable,C: Possible Injury,Female,Statesville,Iredell,No,Monday,Bicyclist Failed to Yield - Midblock,19.0,May,Multiple Threat - Midblock,2009,20.0,No,O: No Injury,Male,Passenger Car,No,35.768757,-80.88686,Dry,30 - 35  MPH,No Control Present,Clear,No,0,0,5
Yes,21.0,No,Not Applicable,C: Possible Injury,Male,Kannapolis,Rowan,No,Monday,Motorist Failed to Yield - Midblock,13.0,May,Motorist Drive Out - Residential Driveway,2009,43.0,No,O: No Injury,Male,Passenger Car,No,35.50998,-80.61559,Dry,30 - 35  MPH,No Control Present,Clear,No,0,0,5
Yes,31.0,No,With Traffic,B: Suspected Minor Injury,Male,Durham,Durham,No,Wednesday,Parking / Bus-Related,17.0,November,Motorist Drive In / Out - Parking,2008,46.0,No,O: No Injury,Male,Passenger Car,No,36.005554,-78.91078,Dry,30 - 35  MPH,No Control Present,Clear,No,0,0,11
Yes,44.0,No,With Traffic,B: Suspected Minor Injury,Male,Conover,Catawba,No,Sunday,Motorist Overtaking Bicyclist,18.0,May,Motorist Overtaking - Other / Unknown,2009,19.0,No,O: No Injury,Male,Pickup,No,35.718845,-81.19266,Dry,40 - 45  MPH,No Control Present,Clear,No,0,0,5
Yes,10.0,No,Not Applicable,B: Suspected Minor Injury,Male,None - Rural Crash,Cabarrus,No,Saturday,Loss of Control / Turning Error,19.0,May,Bicyclist Lost Control - Other / Unknown,2009,22.0,No,O: No Injury,Male,Passenger Car,No,35.291553,-80.63521,Dry,30 - 35  MPH,No Control Present,Clear,No,0,0,5
No,54.0,Yes,With Traffic,C: Possible Injury,Male,Rocky Mount,Edgecombe,Yes,Friday,Bicyclist Failed to Yield - Sign-Controlled Intersection,14.0,April,Bicyclist Ride Out - Sign-Controlled Intersection,2009,35.0,No,O: No Injury,Female,Passenger Car,No,35.946587,-77.78812,Dry,30 - 35  MPH,Stop Sign,Clear,No,0,0,4
Yes,50.0,No,Not Applicable,C: Possible Injury,Male,Rocky Mount,Nash,No,Wednesday,Motorist Failed to Yield - Sign-Controlled Intersection,15.0,April,Motorist Drive Out - Sign-Controlled Intersection,2009,19.0,No,O: No Injury,Female,Passenger Car,No,35.923088,-77.80523,Dry,30 - 35  MPH,No Control Present,Cloudy,No,0,0,4
Yes,58.0,No,Facing Traffic,C: Possible Injury,Male,Asheville,Buncombe,No,Sunday,Bicyclist Failed to Yield - Midblock,12.0,May,Bicyclist Ride Out - Other Midblock,2009,63.0,No,O: No Injury,Male,Passenger Car,No,35.5868,-82.586754,Wet,20 - 25  MPH,No Control Present,Rain,No,0,0,5
Yes,8.0,No,Not Applicable,B: Suspected Minor Injury,Male,Shelby,Cleveland,No,Tuesday,Bicyclist Failed to Yield - Midblock,19.0,May,Multiple Threat - Midblock,2009,32.0,No,O: No Injury,Female,Passenger Car,No,35.30953,-81.53099,Dry,30 - 35  MPH,No Control Present,Clear,No,0,0,5
No,24.0,No,With Traffic,O: No Injury,Male,None - Rural Crash,Robeson,No,Saturday,Motorist Overtaking Bicyclist,21.0,May,Motorist Overtaking - Misjudged Space,2009,29.0,No,O: No Injury,Male,Passenger Car,No,34.6423,-78.941635,Dry,50 - 55  MPH,No Control Present,Clear,No,0,0,5
No,33.0,No,With Traffic,B: Suspected Minor Injury,Female,None - Rural Crash,Burke,No,Friday,Other / Unusual Circumstances,15.0,May,Bicyclist Intentionally Caused,2009,65.0,No,O: No Injury,Female,School Bus,No,35.689613,-81.49191,Dry,50 - 55  MPH,Stop Sign,Clear,No,0,0,5
Yes,25.0,No,With Traffic,B: Suspected Minor Injury,Male,Fayetteville,Cumberland,No,Sunday,Bicyclist Failed to Yield - Sign-Controlled Intersection,12.0,May,Bicyclist Ride Out - Sign-Controlled Intersection,2009,30.0,No,O: No Injury,Male,Passenger Car,No,35.097603,-78.95288,Dry,20 - 25  MPH,Stop Sign,Clear,No,0,0,5
Yes,16.0,No,With Traffic,A: Suspected Serious Injury,Male,Raleigh,Wake,No,Saturday,Bicyclist Left Turn / Merge,15.0,May,Bicyclist Left Turn - Opposite Direction,2009,42.0,No,O: No Injury,Female,Sport Utility,No,35.830837,-78.67436,Dry,30 - 35  MPH,No Control Present,Clear,No,0,0,5
No,64.0,No,With Traffic,C: Possible Injury,Male,None - Rural Crash,Orange,No,Tuesday,Loss of Control / Turning Error,9.0,June,Motorist Lost Control - Other / Unknown,2009,42.03850604944766,No,Unknown Injury,Unknown,Unknown,Yes,35.921856,-79.10786,Dry,40 - 45  MPH,"Double Yellow Line, No Passing Zone",Clear,No,1,0,6
No,36.0,No,With Traffic,O: No Injury,Female,None - Rural Crash,Chowan,No,Monday,Motorist Overtaking Bicyclist,11.0,June,Motorist Overtaking - Misjudged Space,2009,59.0,No,O: No Injury,Male,Pickup,No,36.07037,-76.64611,Dry,40 - 45  MPH,"Double Yellow Line, No Passing Zone",Clear,No,0,0,6
Yes,18.0,No,With Traffic,C: Possible Injury,Male,Gastonia,Gaston,No,Wednesday,Crossing Paths - Other Circumstances,16.0,May,Crossing Paths - Intersection - Other / Unknown,2009,43.0,No,O: No Injury,Male,Passenger Car,No,35.257607,-81.20751,Dry,40 - 45  MPH,Stop And Go Signal,Cloudy,No,0,0,5
Yes,5.0,No,With Traffic,B: Suspected Minor Injury,Female,Oak Island,Brunswick,No,Sunday,Bicyclist Failed to Yield - Midblock,12.0,May,Bicyclist Ride Out - Other Midblock,2009,28.0,No,O: No Injury,Female,Sport Utility,No,33.920334,-78.128624,Dry,30 - 35  MPH,No Control Present,Clear,No,0,0,5
Yes,10.0,No,Not Applicable,A: Suspected Serious Injury,Male,Oak Island,Brunswick,No,Sunday,Bicyclist Failed to Yield - Midblock,5.0,May,Bicyclist Ride Out - Commercial Driveway / Alley,2009,45.0,No,O: No Injury,Male,Sport Utility,No,33.91148,-78.10083,Dry,30 - 35  MPH,No Control Present,Cloudy,No,0,0,5
Yes,54.0,No,Facing Traffic,K: Killed,Male,Greenville,Pitt,No,Thursday,Motorist Failed to Yield - Sign-Controlled Intersection,12.0,March,Motorist Drive Out - Sign-Controlled Intersection,2009,26.0,No,O: No Injury,Male,Other Bus,No,35.605198,-77.36912,Wet,30 - 35  MPH,Stop Sign,Cloudy,No,0,0,3
Yes,42.0,No,With Traffic,B: Suspected Minor Injury,Male,High Point,Guilford,No,Friday,Motorist Left Turn / Merge,22.0,May,Motorist Left Turn - Opposite Direction,2009,18.0,No,O: No Injury,Male,Passenger Car,No,35.987892,-80.02494,Dry,30 - 35  MPH,Stop Sign,Cloudy,No,0,0,5
Yes,13.0,No,With Traffic,B: Suspected Minor Injury,Male,Chapel Hill,Orange,No,Saturday,Bicyclist Overtaking Motorist,15.0,May,Bicyclist Overtaking - Passing on Right,2009,44.0,No,O: No Injury,Female,Sport Utility,No,35.914276,-79.052704,Dry,20 - 25  MPH,Stop And Go Signal,Clear,No,0,0,5
No,29.0,No,With Traffic,C: Possible Injury,Male,Boone,Watauga,No,Wednesday,Motorist Overtaking Bicyclist,19.0,May,Motorist Overtaking - Undetected Bicyclist,2009,46.0,No,O: No Injury,Male,Passenger Car,No,36.20492,-81.69358,Dry,30 - 35  MPH,No Control Present,Clear,No,0,0,5
No,15.0,No,Facing Traffic,C: Possible Injury,Male,Greensboro,Guilford,No,Wednesday,Crossing Paths - Other Circumstances,16.0,May,Signalized Intersection - Other / Unknown,2009,32.0,No,O: No Injury,Female,Passenger Car,No,36.02145,-79.83041,Dry,30 - 35  MPH,Stop And Go Signal,Clear,No,0,0,5
No,38.0,No,With Traffic,C: Possible Injury,Male,None - Rural Crash,Union,No,Tuesday,Motorist Right Turn / Merge,15.0,May,Motorist Right Turn - Same Direction,2009,17.0,No,O: No Injury,Female,Passenger Car,No,35.056263,-80.73439,Dry,40 - 45  MPH,"Double Yellow Line, No Passing Zone",Clear,No,0,0,5
Yes,46.0,No,Not Applicable,B: Suspected Minor Injury,Male,Durham,Durham,No,Friday,Non-Roadway,12.0,May,Non-Roadway,2009,41.0,No,O: No Injury,Female,Passenger Car,No,36.00432,-78.93957,Dry,20 - 25  MPH,No Control Present,Cloudy,No,0,0,5
Yes,12.0,No,Not Applicable,B: Suspected Minor Injury,Male,None - Rural Crash,Halifax,No,Friday,Motorist Left Turn / Merge,16.0,May,Motorist Left Turn - Same Direction,2009,42.03850604944766,Missing,Unknown Injury,Unknown,Unknown,Yes,36.46806,-77.690025,Dry,40 - 45  MPH,No Control Present,Clear,No,1,0,5
Yes,51.0,No,Facing Traffic,C: Possible Injury,Male,Chapel Hill,Orange,No,Friday,Motorist Failed to Yield - Sign-Controlled Intersection,15.0,May,Motorist Drive Out - Sign-Controlled Intersection,2009,61.0,No,O: No Injury,Female,Passenger Car,No,35.911034,-79.06614,Dry,20 - 25  MPH,Stop Sign,Clear,No,0,0,5
Yes,13.0,No,With Traffic,B: Suspected Minor Injury,Male,Tabor City,Columbus,No,Friday,Bicyclist Left Turn / Merge,17.0,May,Bicyclist Left Turn - Opposite Direction,2009,68.0,No,O: No Injury,Male,Van,No,34.154327,-78.86451,Dry,40 - 45  MPH,"Double Yellow Line, No Passing Zone",Clear,No,0,0,5
Yes,50.0,No,With Traffic,B: Suspected Minor Injury,Female,Pinehurst,Moore,No,Friday,Parallel Paths - Other Circumstances,19.0,May,Parallel Paths - Other / Unknown,2009,50.0,No,O: No Injury,Female,Passenger Car,No,35.206585,-79.451,Dry,30 - 35  MPH,Stop And Go Signal,Clear,No,0,0,5
No,54.0,No,With Traffic,B: Suspected Minor Injury,Female,Oak Island,Brunswick,No,Saturday,Loss of Control / Turning Error,0.0,May,Bicyclist Lost Control - Surface Conditions,2009,56.0,No,O: No Injury,Male,Passenger Car,No,33.91331,-78.13941,Dry,30 - 35  MPH,Stop Sign,Clear,No,0,0,5
Yes,23.0,Yes,Facing Traffic,C: Possible Injury,Male,Benson,Johnston,Yes,Wednesday,Crossing Paths - Other Circumstances,7.0,May,Signalized Intersection - Other / Unknown,2009,49.0,No,O: No Injury,Male,Passenger Car,No,35.380676,-78.54679,Dry,30 - 35  MPH,Stop And Go Signal,Clear,No,0,0,5
Yes,20.0,No,Not Applicable,B: Suspected Minor Injury,Male,Cary,Wake,No,Saturday,Non-Roadway,13.0,June,Non-Roadway,2009,41.0,No,O: No Injury,Male,Sport Utility,No,35.785946,-78.87347,Dry,5 - 15 MPH,No Control Present,Clear,No,0,0,6
No,21.0,No,Facing Traffic,C: Possible Injury,Female,Charlotte,Mecklenburg,No,Thursday,Crossing Paths - Other Circumstances,19.0,May,Signalized Intersection - Other / Unknown,2009,24.0,No,O: No Injury,Male,Sport Utility,No,35.087498,-80.85281,Dry,40 - 45  MPH,Stop And Go Signal,Clear,No,0,0,5
Yes,51.0,No,With Traffic,O: No Injury,Male,Fayetteville,Cumberland,No,Monday,Motorist Overtaking Bicyclist,3.0,May,Motorist Overtaking - Misjudged Space,2009,42.03850604944766,Missing,Unknown Injury,Unknown,Unknown,Yes,35.10101,-78.95688,Dry,20 - 25  MPH,No Control Present,Clear,No,1,0,5
No,13.0,No,Facing Traffic,B: Suspected Minor Injury,Male,Cary,Wake,No,Monday,Motorist Right Turn / Merge,14.0,June,Motorist Right Turn - Same Direction,2009,42.03850604944766,Missing,Unknown Injury,Unknown,"Light Truck (Mini-Van, Panel)",Yes,35.798923,-78.79616,Dry,40 - 45  MPH,Stop And Go Signal,Clear,No,1,0,6