AmbulanceR,BikeAge,BikeAlcFlg,BikeDir,BikeInjury,BikeSex,City,County,CrashAlcoh,CrashDay,CrashGrp,CrashHour,CrashMonth,CrashType,CrashYear,DrvrAge,DrvrAlcFlg,DrvrInjury,DrvrSex,DrvrVehTyp,HitRun,Latitude,Longitude,RdConditio,SpeedLimit,TraffCntrl,Weather,Workzone,DrvrAgeImputedFlag,BikeAgeImputedFlag,MonthCode
No,47.0,No,Facing Traffic,B: Suspected Minor Injury,Male,Charlotte,Mecklenburg,No,Friday,Motorist Failed to Yield - Midblock,17.0,May,Motorist Drive Out - Other Midblock,2009,42.03850604944766,No,Unknown Injury,Unknown,Sport Utility,Yes,35.247284,-80.81786,Dry,5 - 15 MPH,No Control Present,Clear,No,1,0,5
No,30.0,No,With Traffic,C: Possible Injury,Female,Charlotte,Mecklenburg,No,Saturday,Motorist Overtaking Bicyclist,1.0,May,Motorist Overtaking - Other / Unknown,2009,42.03850604944766,Missing,Unknown Injury,Unknown,Passenger Car,Yes,35.224274,-80.8497,Dry,30 - 35  MPH,No Control Present,Clear,No,1,0,5
Yes,8.0,No,Unknown,C: Possible Injury,Male,Goldsboro,Wayne,No,Friday,Other / Unknown - Insufficient Details,19.0,May,Unknown Approach Paths,2009,48.0,No,O: No Injury,Male,Sport Utility,No,35.352257,-77.983574,Dry,20 - 25  MPH,Stop Sign,Clear,No,0,0,5
Yes,10.0,No,With Traffic,B: Suspected Minor Injury,Male,Washington,Beaufort,No,Wednesday,Bicyclist Failed to Yield - Sign-Controlled Intersection,10.0,May,Bicyclist Ride Through - Sign-Controlled Intersection,2009,30.0,No,O: No Injury,Male,Van,No,35.549316,-77.05425,Dry,20 - 25  MPH,Stop Sign,Clear,No,0,0,5
Yes,54.0,No,With Traffic,B: Suspected Minor Injury,Male,Charlotte,Mecklenburg,No,Tuesday,Motorist Failed to Yield - Midblock,16.0,June,Motorist Drive Out - Midblock - Unknown,2009,42.0,No,C: Possible Injury,Female,Passenger Car,No,35.088364,-80.75561,Dry,30 - 35  MPH,Stop Sign,Clear,No,0,0,6
Yes,57.0,No,With Traffic,C: Possible Injury,Male,Asheville,Buncombe,No,Thursday,Bicyclist Failed to Yield - Signalized Intersection,17.0,May,Bicyclist Ride Through - Signalized Intersection,2009,57.0,No,O: No Injury,Female,Passenger Car,No,35.581684,-82.55407,Dry,30 - 35  MPH,Stop And Go Signal,Cloudy,No,0,0,5
Yes,10.0,No,Not Applicable,B: Suspected Minor Injury,Male,None - Rural Crash,Franklin,No,Sunday,Bicyclist Failed to Yield - Midblock,15.0,May,Bicyclist Ride Out - Residential Driveway,2009,52.0,No,O: No Injury,Male,Passenger Car,No,36.062767,-78.256065,Dry,50 - 55  MPH,No Control Present,Clear,No,0,0,5
Yes,23.0,No,Facing Traffic,C: Possible Injury,Male,Gastonia,Gaston,No,Monday,Motorist Failed to Yield - Midblock,14.0,June,Motorist Drive Out - Other Midblock,2009,43.0,No,O: No Injury,Male,Sport Utility,No,35.26235,-81.176765,Dry,30 - 35  MPH,No Control Present,Clear,No,0,0,6
No,32.0,No,With Traffic,Unknown Injury,Male,Wrightsville Beach,New Hanover,No,Monday,Motorist Overtaking Bicyclist,17.0,May,Motorist Overtaking - Misjudged Space,2009,42.03850604944766,Missing,Unknown Injury,Unknown,Unknown,Yes,34.211517,-77.79331,Dry,20 - 25  MPH,No Control Present,Clear,No,1,0,5
Yes,15.0,No,With Traffic,A: Suspected Serious Injury,Male,Kinston,Lenoir,No,Thursday,Bicyclist Failed to Yield - Sign-Controlled Intersection,18.0,June,Bicyclist Ride Through - Sign-Controlled Intersection,2009,52.0,No,O: No Injury,Male,Passenger Car,No,35.270924,-77.57572,Dry,20 - 25  MPH,Stop Sign,Clear,No,0,0,6
No,15.0,No,With Traffic,C: Possible Injury,Male,None - Rural Crash,Rowan,No,Thursday,Bicyclist Failed to Yield - Sign-Controlled Intersection,16.0,June,Bicyclist Ride Through - Sign-Controlled Intersection,2009,27.0,No,O: No Injury,Female,"Light Truck (Mini-Van, Panel)",No,35.59693,-80.426155,Dry,50 - 55  MPH,Stop Sign,Cloudy,No,0,0,6
No,22.0,No,With Traffic,C: Possible Injury,Male,Raleigh,Wake,No,Thursday,Motorist Overtaking Bicyclist,2.0,May,Motorist Overtaking - Other / Unknown,2009,42.03850604944766,Missing,Unknown Injury,Unknown,Unknown,Yes,35.78782,-78.66822,Dry,30 - 35  MPH,No Control Present,Clear,Yes,1,0,5
Yes,23.0,No,With Traffic,C: Possible Injury,Male,Raleigh,Wake,No,Friday,Motorist Failed to Yield - Midblock,7.0,May,Motorist Drive Out - Commercial Driveway / Alley,2009,28.0,No,O: No Injury,Male,Passenger Car,No,35.87734,-78.64544,Dry,Unknown,No Control Present,Clear,No,0,0,5
Yes,53.0,No,With Traffic,C: Possible Injury,Male,Raleigh,Wake,No,Thursday,Crossing Paths - Other Circumstances,17.0,April,Signalized Intersection - Other / Unknown,2009,22.0,No,O: No Injury,Female,Passenger Car,No,35.7808,-78.62826,Dry,30 - 35  MPH,Stop And Go Signal,Clear,No,0,0,4
Yes,24.0,No,With Traffic,B: Suspected Minor Injury,Male,Salisbury,Rowan,No,Thursday,Bicyclist Failed to Yield - Sign-Controlled Intersection,17.0,June,Bicyclist Ride Through - Sign-Controlled Intersection,2009,19.0,No,O: No Injury,Male,Passenger Car,No,35.6646,-80.46022,Wet,20 - 25  MPH,Stop Sign,Cloudy,No,0,0,6
No,29.0,Yes,With Traffic,B: Suspected Minor Injury,Male,Durham,Durham,Yes,Wednesday,Motorist Left Turn / Merge,23.0,June,Motorist Left Turn - Opposite Direction,2009,45.0,No,O: No Injury,Male,Sport Utility,No,35.99997,-78.9093,Dry,20 - 25  MPH,Stop And Go Signal,Clear,No,0,0,6
Yes,44.0,Yes,With Traffic,B: Suspected Minor Injury,Male,None - Rural Crash,Brunswick,Yes,Thursday,Motorist Overtaking Bicyclist,20.0,June,Motorist Overtaking - Misjudged Space,2009,42.03850604944766,Missing,Unknown Injury,Unknown,Unknown,Yes,34.30124,-78.06965,Dry,50 - 55  MPH,"Double Yellow Line, No Passing Zone",Clear,No,1,0,6
Yes,12.0,No,Not Applicable,C: Possible Injury,Male,Raleigh,Wake,Yes,Monday,Non-Roadway,21.0,May,Non-Roadway,2009,27.0,Yes,O: No Injury,Male,Passenger Car,No,35.83046,-78.62743,Dry,20 - 25  MPH,No Control Present,Cloudy,No,0,0,5
No,8.0,No,With Traffic,O: No Injury,Female,Kinston,Lenoir,No,Sunday,Motorist Overtaking Bicyclist,16.0,May,Motorist Overtaking - Other / Unknown,2009,42.03850604944766,Missing,Unknown Injury,Unknown,Unknown,Yes,35.263527,-77.57256,"Water (Standing, Moving)",30 - 35  MPH,Stop And Go Signal,Cloudy,No,1,0,5
No,5.0,No,Facing Traffic,B: Suspected Minor Injury,Male,Edenton,Chowan,No,Sunday,Motorist Failed to Yield - Midblock,14.0,May,Motorist Drive Out - Commercial Driveway / Alley,2009,24.0,No,O: No Injury,Female,Van,No,36.063137,-76.60346,Dry,20 - 25  MPH,Stop Sign,Clear,No,0,0,5
Yes,44.0,No,Unknown,C: Possible Injury,Male,Elizabeth City,Pasquotank,No,Tuesday,Other / Unknown - Insufficient Details,5.0,June,Unknown Approach Paths,2009,37.0,No,O: No Injury,Male,Van,No,36.301373,-76.21926,Wet,30 - 35  MPH,Stop And Go Signal,Clear,No,0,0,6
No,33.0,No,With Traffic,C: Possible Injury,Male,Wilmington,New Hanover,No,Saturday,Loss of Control / Turning Error,19.0,May,Bicyclist Lost Control - Other / Unknown,2009,42.03850604944766,No,Unknown Injury,Unknown,Passenger Car,Yes,34.226234,-77.91176,Dry,30 - 35  MPH,No Control Present,Clear,No,1,0,5
Yes,14.0,No,With Traffic,B: Suspected Minor Injury,Male,Newport,Carteret,No,Saturday,Motorist Overtaking Bicyclist,4.0,May,Motorist Overtaking - Undetected Bicyclist,2009,46.0,No,O: No Injury,Male,Sport Utility,No,34.788948,-76.875984,Wet,50 - 55  MPH,No Control Present,Rain,No,0,0,5
Yes,44.0,No,Unknown,B: Suspected Minor Injury,Male,Greenville,Pitt,No,Wednesday,Parallel Paths - Other Circumstances,16.0,June,Bicyclist Ride Out - Parallel Path,2009,38.0,No,O: No Injury,Male,Passenger Car,No,35.60956,-77.36746,Dry,20 - 25  MPH,Stop Sign,Clear,No,0,0,6
Yes,17.0,No,Facing Traffic,C: Possible Injury,Male,Greensboro,Guilford,No,Thursday,Bicyclist Failed to Yield - Signalized Intersection,15.0,June,Bicyclist Ride Through - Signalized Intersection,2009,34.0,No,O: No Injury,Female,Passenger Car,No,36.11033,-79.788506,Wet,30 - 35  MPH,Stop And Go Signal,Cloudy,No,0,0,6
Yes,18.0,No,With Traffic,C: Possible Injury,Male,Morehead City,Carteret,No,Wednesday,Bicyclist Failed to Yield - Signalized Intersection,8.0,May,Bicyclist Ride Out - Signalized  Intersection,2009,64.0,No,O: No Injury,Female,Sport Utility,No,34.72445,-76.75359,Dry,30 - 35  MPH,Stop And Go Signal,Clear,No,0,0,5
Yes,55.0,No,Facing Traffic,C: Possible Injury,Male,Winston-Salem,Forsyth,No,Thursday,Motorist Failed to Yield - Midblock,7.0,June,Motorist Drive Out - Commercial Driveway / Alley,2009,66.0,No,O: No Injury,Male,Passenger Car,No,36.071663,-80.258026,Dry,40 - 45  MPH,No Control Present,Cloudy,No,0,0,6
Yes,38.0,Yes,Not Applicable,O: No Injury,Male,Angier,Harnett,Yes,Sunday,Bicyclist Failed to Yield - Midblock,18.0,June,Bicyclist Ride Out - Midblock - Unknown,2009,68.0,No,B: Suspected Minor Injury,Female,Motorcycle,No,35.494247,-78.73862,Dry,40 - 45  MPH,Stop Sign,Clear,No,0,0,6
Yes,46.0,Yes,With Traffic,C: Possible Injury,Male,Greensboro,Guilford,Yes,Monday,Motorist Overtaking Bicyclist,23.0,June,Motorist Overtaking - Undetected Bicyclist,2009,42.03850604944766,Missing,Unknown Injury,Unknown,Passenger Car,Yes,36.06337,-79.80648,Dry,30 - 35  MPH,No Control Present,Clear,No,1,0,6
Yes,38.0,No,With Traffic,B: Suspected Minor Injury,Female,Elizabeth City,Pasquotank,No,Tuesday,Motorist Left Turn / Merge,11.0,June,Motorist Left Turn - Opposite Direction,2009,38.0,No,O: No Injury,Female,Passenger Car,No,36.302185,-76.22327,Dry,20 - 25  MPH,Stop And Go Signal,Clear,No,0,0,6
Yes,8.0,No,Unknown,B: Suspected Minor Injury,Female,Chapel Hill,Orange,No,Friday,Motorist Failed to Yield - Midblock,14.0,June,Motorist Drive Out - Residential Driveway,2009,32.0,No,O: No Injury,Male,Van,No,35.929253,-79.03403,Dry,30 - 35  MPH,No Control Present,Clear,No,0,0,6
No,19.0,No,With Traffic,B: Suspected Minor Injury,Male,Raleigh,Wake,No,Tuesday,Crossing Paths - Other Circumstances,11.0,June,Crossing Paths - Intersection - Other / Unknown,2009,27.0,No,O: No Injury,Male,Passenger Car,No,35.784924,-78.67577,Dry,20 - 25  MPH,Stop Sign,Clear,No,0,0,6
Yes,19.0,No,With Traffic,B: Suspected Minor Injury,Male,None - Rural Crash,New Hanover,No,Friday,Bicyclist Left Turn / Merge,1.0,June,Bicyclist Left Turn - Same Direction,2009,42.0,No,O: No Injury,Male,Van,No,34.074833,-77.894936,Dry,50 - 55  MPH,No Control Present,Clear,No,0,0,6
Yes,37.0,No,With Traffic,C: Possible Injury,Male,Lumberton,Robeson,No,Friday,Motorist Overtaking Bicyclist,22.0,June,Motorist Overtaking - Other / Unknown,2009,45.0,No,O: No Injury,Male,Passenger Car,Yes,34.616318,-78.999825,Dry,30 - 35  MPH,No Control Present,Clear,No,0,0,6
Yes,38.0,No,With Traffic,B: Suspected Minor Injury,Male,None - Rural Crash,Robeson,No,Saturday,Motorist Overtaking Bicyclist,22.0,June,Motorist Overtaking - Misjudged Space,2009,40.0,No,O: No Injury,Male,Pickup,No,34.770634,-79.20444,Dry,50 - 55  MPH,No Control Present,Clear,No,0,0,6
Yes,20.0,No,Facing Traffic,B: Suspected Minor Injury,Female,Davidson,Mecklenburg,No,Tuesday,Motorist Failed to Yield - Sign-Controlled Intersection,17.0,June,Motorist Drive Out - Sign-Controlled Intersection,2009,50.0,No,O: No Injury,Female,Passenger Car,No,35.49732,-80.85069,Dry,20 - 25  MPH,Stop Sign,Clear,No,0,0,6
Yes,55.0,No,With Traffic,B: Suspected Minor Injury,Male,Davidson,Mecklenburg,No,Friday,Bicyclist Overtaking Motorist,6.0,June,Bicyclist Overtaking - Parked Vehicle,2009,42.03850604944766,Missing,Unknown Injury,Unknown,Van,No,35.493023,-80.84684,Wet,Unknown,No Control Present,Clear,No,1,0,6
No,25.0,No,With Traffic,B: Suspected Minor Injury,Female,None - Rural Crash,Hyde,Yes,Monday,Motorist Left Turn / Merge,22.0,June,Motorist Left Turn - Opposite Direction,2009,39.0,Yes,O: No Injury,Male,Passenger Car,No,35.11083,-75.97992,Dry,20 - 25  MPH,Stop Sign,Clear,No,0,0,6
Yes,52.0,No,Facing Traffic,C: Possible Injury,Male,Wilmington,New Hanover,No,Tuesday,Motorist Failed to Yield - Sign-Controlled Intersection,20.0,June,Motorist Drive Out - Sign-Controlled Intersection,2009,42.03850604944766,Missing,Unknown Injury,Unknown,Unknown,Yes,34.228256,-77.92667,Dry,30 - 35  MPH,Stop Sign,Clear,No,1,0,6
Yes,7.0,No,Facing Traffic,C: Possible Injury,Male,Durham,Durham,No,Tuesday,Bicyclist Failed to Yield - Sign-Controlled Intersection,14.0,June,Bicyclist Ride Out - Sign-Controlled Intersection,2009,22.0,No,O: No Injury,Male,Passenger Car,No,35.975304,-78.8884,Dry,30 - 35  MPH,Stop Sign,Clear,No,0,0,6
Yes,29.0,No,With Traffic,B: Suspected Minor Injury,Male,None - Rural Crash,Dare,No,Thursday,Motorist Overtaking Bicyclist,17.0,June,Motorist Overtaking - Other / Unknown,2009,22.0,No,O: No Injury,Male,Pickup,No,35.8678,-75.64972,Dry,40 - 45  MPH,"Double Yellow Line, No Passing Zone",Clear,No,0,0,6
No,25.0,No,Not Applicable,O: No Injury,Male,Wilmington,New Hanover,No,Sunday,Parallel Paths - Other Circumstances,0.0,June,Parallel Paths - Other / Unknown,2009,39.0,No,O: No Injury,Male,Police,No,34.241554,-77.93721,Dry,20 - 25  MPH,Stop Sign,Cloudy,No,0,0,6
Yes,24.0,No,With Traffic,C: Possible Injury,Male,Wilmington,New Hanover,No,Saturday,Motorist Overtaking Bicyclist,21.0,June,Motorist Overtaking - Misjudged Space,2009,42.03850604944766,Missing,Unknown Injury,Unknown,Unknown,Yes,34.236588,-77.90437,Dry,Unknown,No Control Present,Cloudy,No,1,0,6
No,33.0,No,With Traffic,C: Possible Injury,Male,None - Rural Crash,Wake,No,Sunday,Bicyclist Left Turn / Merge,8.0,June,Bicyclist Left Turn - Same Direction,2009,18.0,No,O: No Injury,Female,Passenger Car,No,35.969604,-78.56126,Dry,40 - 45  MPH,"Double Yellow Line, No Passing Zone",Clear,No,0,0,6
No,10.0,No,With Traffic,B: Suspected Minor Injury,Male,None - Rural Crash,Rutherford,No,Thursday,Bicyclist Failed to Yield - Sign-Controlled Intersection,16.0,June,Bicyclist Ride Through - Sign-Controlled Intersection,2009,55.0,No,O: No Injury,Female,Passenger Car,No,35.291206,-81.85014,Dry,30 - 35  MPH,Stop Sign,Clear,No,0,0,6
Yes,30.0,Yes,Not Applicable,B: Suspected Minor Injury,Male,Raleigh,Wake,Yes,Sunday,Bicyclist Failed to Yield - Midblock,3.0,June,Bicyclist Ride Out - Midblock - Unknown,2009,20.0,No,O: No Injury,Female,Passenger Car,No,35.789967,-78.61324,Dry,30 - 35  MPH,No Control Present,Clear,No,0,0,6
No,33.0,No,Facing Traffic,O: No Injury,Male,Salisbury,Rowan,No,Thursday,Motorist Failed to Yield - Midblock,16.0,June,Motorist Drive Out - Commercial Driveway / Alley,2009,51.0,No,O: No Injury,Male,Van,No,35.673916,-80.47812,Dry,30 - 35  MPH,No Control Present,Clear,No,0,0,6
Yes,57.0,No,With Traffic,B: Suspected Minor Injury,Male,None - Rural Crash,Johnston,No,Wednesday,Motorist Overtaking Bicyclist,23.0,June,Motorist Overtaking - Other / Unknown,2009,42.03850604944766,No,Unknown Injury,Unknown,Unknown,Yes,35.591225,-78.139565,Wet,50 - 55  MPH,No Control Present,Cloudy,No,1,0,6
Yes,51.0,No,Unknown,B: Suspected Minor Injury,Male,Durham,Durham,No,Monday,Bicyclist Failed to Yield - Midblock,17.0,June,Bicyclist Ride Out - Midblock - Unknown,2009,22.0,No,O: No Injury,Male,Passenger Car,No,35.995087,-78.89728,Dry,20 - 25  MPH,No Control Present,Clear,No,0,0,6
No,6.0,No,Not Applicable,O: No Injury,Male,Raleigh,Wake,No,Thursday,Non-Roadway,19.0,May,Non-Roadway,2009,44.0,No,O: No Injury,Male,Passenger Car,No,35.73893,-78.63489,Dry,Unknown,No Control Present,Clear,No,0,0,5
No,49.0,Yes,With Traffic,O: No Injury,Male,Raleigh,Wake,Yes,Wednesday,Motorist Failed to Yield - Sign-Controlled Intersection,17.0,May,Motorist Drive Out - Sign-Controlled Intersection,2009,50.0,No,O: No Injury,Female,Passenger Car,No,35.903255,-78.58375,Dry,30 - 35  MPH,Stop Sign,Cloudy,No,0,0,5
Yes,45.0,No,With Traffic,C: Possible Injury,Male,Chapel Hill,Orange,No,Thursday,Bicyclist Overtaking Motorist,17.0,June,Bicyclist Overtaking - Other / Unknown,2009,42.03850604944766,Missing,Unknown Injury,Unknown,Van,No,35.931194,-79.06254,Dry,30 - 35  MPH,"Double Yellow Line, No Passing Zone",Clear,No,1,0,6
Yes,15.0,No,With Traffic,C: Possible Injury,Male,None - Rural Crash,Cleveland,No,Monday,Bicyclist Failed to Yield - Sign-Controlled Intersection,18.0,June,Bicyclist Ride Through - Sign-Controlled Intersection,2009,21.0,No,O: No Injury,Female,Passenger Car,No,35.33841,-81.51293,Dry,30 - 35  MPH,Stop Sign,Clear,No,0,0,6
No,15.0,No,Facing Traffic,C: Possible Injury,Male,Wilson,Wilson,No,Tuesday,Motorist Failed to Yield - Sign-Controlled Intersection,19.0,September,Motorist Drive Out - Sign-Controlled Intersection,2008,37.0,No,O: No Injury,Female,Sport Utility,No,35.716854,-77.93351,Dry,30 - 35  MPH,Stop Sign,Clear,No,0,0,9
Yes,15.0,No,Not Applicable,A: Suspected Serious Injury,Male,Rocky Mount,Nash,No,Sunday,Crossing Paths - Other Circumstances,17.0,May,Crossing Paths - Midblock - Other / Unknown,2009,40.0,No,O: No Injury,Female,Passenger Car,No,35.96113,-77.80522,Dry,30 - 35  MPH,No Control Present,Clear,No,0,0,5
Yes,11.0,No,With Traffic,B: Suspected Minor Injury,Female,Rocky Mount,Edgecombe,No,Tuesday,Motorist Failed to Yield - Sign-Controlled Intersection,18.0,May,Motorist Drive Out - Sign-Controlled Intersection,2009,39.0,No,O: No Injury,Female,Passenger Car,No,35.942047,-77.77436,Dry,20 - 25  MPH,No Control Present,Clear,No,0,0,5
No,17.0,No,With Traffic,O: No Injury,Male,Salisbury,Rowan,No,Tuesday,Motorist Failed to Yield - Signalized Intersection,12.0,June,Motorist Drive Through - Signalized Intersection,2009,57.0,No,C: Possible Injury,Male,Pickup,No,35.660065,-80.4617,Dry,30 - 35  MPH,Stop And Go Signal,Clear,No,0,0,6
No,42.0,No,With Traffic,B: Suspected Minor Injury,Male,None - Rural Crash,Wake,No,Tuesday,Bicyclist Right Turn / Merge,18.0,June,Bicyclist Right Turn - Same Direction,2009,27.0,No,O: No Injury,Male,Passenger Car,No,35.654915,-78.925835,Dry,40 - 45  MPH,"Double Yellow Line, No Passing Zone",Clear,No,0,0,6
No,46.0,No,Facing Traffic,C: Possible Injury,Male,Cornelius,Mecklenburg,No,Thursday,Motorist Failed to Yield - Sign-Controlled Intersection,20.0,June,Motorist Drive Out - Sign-Controlled Intersection,2009,49.0,No,O: No Injury,Male,Sport Utility,No,35.483276,-80.89324,Dry,40 - 45  MPH,No Control Present,Clear,No,0,0,6
Yes,48.0,No,Not Applicable,C: Possible Injury,Male,Clayton,Johnston,No,Monday,Non-Roadway,14.0,June,Non-Roadway,2009,38.0,No,O: No Injury,Female,Passenger Car,No,35.640934,-78.450226,Dry,5 - 15 MPH,No Control Present,Cloudy,No,0,0,6
Yes,51.0,No,Facing Traffic,C: Possible Injury,Female,Wilmington,New Hanover,No,Wednesday,Motorist Failed to Yield - Signalized Intersection,15.0,June,Motorist Drive Out - Right Turn on Red,2009,50.0,No,O: No Injury,Female,Sport Utility,No,34.231583,-77.87965,Dry,30 - 35  MPH,Stop And Go Signal,Clear,No,0,0,6
No,9.0,No,Unknown,B: Suspected Minor Injury,Male,Holly Springs,Wake,No,Wednesday,Bicyclist Failed to Yield - Midblock,17.0,June,Bicyclist Ride Out - Midblock - Unknown,2009,47.0,No,O: No Injury,Female,Passenger Car,No,35.65704,-78.80991,Dry,30 - 35  MPH,No Control Present,Clear,No,0,0,6
Yes,13.0,No,With Traffic,B: Suspected Minor Injury,Male,Graham,Alamance,No,Sunday,Bicyclist Failed to Yield - Signalized Intersection,21.0,June,Bicyclist Ride Through - Signalized Intersection,2009,26.0,No,O: No Injury,Male,Sport Utility,No,36.067417,-79.38857,Dry,30 - 35  MPH,Stop And Go Signal,Clear,No,0,0,6
Yes,40.0,No,Not Applicable,C: Possible Injury,Male,High Point,Guilford,No,Sunday,Motorist Failed to Yield - Midblock,14.0,June,Motorist Drive Out - Commercial Driveway / Alley,2009,31.0,No,O: No Injury,Female,Passenger Car,No,35.927574,-79.98716,Dry,30 - 35  MPH,Stop Sign,Cloudy,No,0,0,6
No,16.0,No,With Traffic,O: No Injury,Male,Erwin,Harnett,No,Tuesday,Motorist Overtaking Bicyclist,16.0,June,Motorist Overtaking - Undetected Bicyclist,2009,29.0,No,O: No Injury,Male,Van,No,35.317974,-78.6802,Dry,30 - 35  MPH,No Control Present,Clear,No,0,0,6
Yes,36.0,No,With Traffic,B: Suspected Minor Injury,Male,Yadkinville,Yadkin,No,Wednesday,Motorist Overtaking Bicyclist,10.0,July,Motorist Overtaking - Other / Unknown,2009,49.0,No,O: No Injury,Male,Sport Utility,No,36.14304,-80.666435,Dry,30 - 35  MPH,Stop And Go Signal,Clear,No,0,0,7
Yes,46.0,No,With Traffic,B: Suspected Minor Injury,Male,None - Rural Crash,Brunswick,No,Wednesday,Motorist Overtaking Bicyclist,10.0,June,Motorist Overtaking - Other / Unknown,2009,32.0,No,O: No Injury,Female,Passenger Car,No,34.21071,-77.98326,Dry,50 - 55  MPH,No Control Present,Clear,No,0,0,6
Yes,16.0,No,With Traffic,C: Possible Injury,Male,High Point,Guilford,No,Thursday,Parallel Paths - Other Circumstances,23.0,June,Motorist Turn / Merge - Other / Unknown,2009,55.0,No,O: No Injury,Female,Passenger Car,No,35.997658,-80.02825,Dry,30 - 35  MPH,Stop Sign,Clear,No,0,0,6
Yes,26.0,No,With Traffic,B: Suspected Minor Injury,Male,None - Rural Crash,Sampson,No,Tuesday,Motorist Overtaking Bicyclist,21.0,June,Motorist Overtaking - Other / Unknown,2009,69.0,No,O: No Injury,Male,Passenger Car,No,34.944477,-78.56627,Dry,50 - 55  MPH,"Double Yellow Line, No Passing Zone",Clear,No,0,0,6
Yes,55.0,No,With Traffic,C: Possible Injury,Male,None - Rural Crash,Wake,No,Sunday,Motorist Left Turn / Merge,20.0,June,Motorist Left Turn - Opposite Direction,2009,22.0,No,O: No Injury,Male,Pickup,No,35.792336,-78.41242,Dry,40 - 45  MPH,"Double Yellow Line, No Passing Zone",Clear,No,0,0,6
Yes,12.0,No,Unknown,C: Possible Injury,Female,Garner,Wake,No,Tuesday,Other / Unknown - Insufficient Details,19.0,June,Unknown Approach Paths,2009,23.0,No,O: No Injury,Female,Sport Utility,No,35.710613,-78.62492,Wet,20 - 25  MPH,No Control Present,Cloudy,No,0,0,6
No,18.0,No,With Traffic,B: Suspected Minor Injury,Male,None - Rural Crash,Wake,No,Saturday,Motorist Overtaking Bicyclist,18.0,July,Motorist Overtaking - Other / Unknown,2009,26.0,No,O: No Injury,Male,Pickup,No,35.758022,-78.9186,Dry,50 - 55  MPH,"Double Yellow Line, No Passing Zone",Cloudy,No,0,0,7
No,44.0,No,With Traffic,B: Suspected Minor Injury,Male,Forest City,Rutherford,No,Friday,Motorist Right Turn / Merge,11.0,June,Motorist Right Turn - Same Direction,2009,24.0,No,O: No Injury,Male,Pickup,No,35.31749,-81.85754,Dry,30 - 35  MPH,Stop And Go Signal,Cloudy,No,0,0,6
No,10.0,No,Not Applicable,C: Possible Injury,Male,Monroe,Union,No,Sunday,Bicyclist Failed to Yield - Midblock,18.0,June,Bicyclist Ride Out - Other Midblock,2009,34.0,No,O: No Injury,Male,Pickup,No,34.974415,-80.55742,Dry,20 - 25  MPH,No Control Present,Clear,No,0,0,6
Yes,39.0,No,With Traffic,A: Suspected Serious Injury,Male,None - Rural Crash,Union,No,Friday,Bicyclist Left Turn / Merge,17.0,June,Bicyclist Left Turn - Same Direction,2009,29.0,No,O: No Injury,Female,Passenger Car,No,34.936245,-80.48663,Dry,50 - 55  MPH,"Double Yellow Line, No Passing Zone",Clear,Yes,0,0,6
Yes,13.0,No,Not Applicable,O: No Injury,Male,Durham,Durham,No,Friday,Motorist Left Turn / Merge,11.0,July,Motorist Left Turn - Opposite Direction,2009,67.0,No,O: No Injury,Female,Passenger Car,No,35.992897,-78.87003,Dry,30 - 35  MPH,No Control Present,Clear,No,0,0,7
No,24.0,No,With Traffic,C: Possible Injury,Male,Wilmington,New Hanover,Yes,Friday,Motorist Overtaking Bicyclist,21.0,June,Motorist Overtaking - Undetected Bicyclist,2009,45.0,Yes,O: No Injury,Male,"Light Truck (Mini-Van, Panel)",No,34.226364,-77.91203,Dry,40 - 45  MPH,Stop And Go Signal,Clear,No,0,0,6
Yes,17.0,No,Not Applicable,C: Possible Injury,Female,Carolina Beach,New Hanover,No,Thursday,Bicyclist Failed to Yield - Midblock,12.0,June,Bicyclist Ride Out - Midblock - Unknown,2009,67.0,No,O: No Injury,Male,Passenger Car,No,34.04082,-77.8958,Dry,30 - 35  MPH,No Control Present,Clear,No,0,0,6
Yes,49.0,No,Facing Traffic,C: Possible Injury,Male,Wilmington,New Hanover,No,Wednesday,Motorist Failed to Yield - Sign-Controlled Intersection,14.0,June,Motorist Drive Out - Sign-Controlled Intersection,2009,45.0,No,O: No Injury,Male,Passenger Car,No,34.242218,-77.89212,Dry,5 - 15 MPH,Stop And Go Signal,Cloudy,No,0,0,6
No,65.0,No,Facing Traffic,O: No Injury,Male,Salisbury,Rowan,No,Tuesday,Motorist Left Turn / Merge,13.0,July,Motorist Left Turn - Same Direction,2009,51.0,No,O: No Injury,Male,Passenger Car,No,35.671776,-80.475174,Dry,30 - 35  MPH,Stop Sign,Clear,No,0,0,7
No,20.0,No,With Traffic,B: Suspected Minor Injury,Male,None - Rural Crash,Wilson,No,Sunday,Bicyclist Right Turn / Merge,17.0,June,Bicyclist Right Turn - Same Direction,2009,52.0,No,B: Suspected Minor Injury,Male,Motorcycle,No,35.76409,-78.011024,Dry,50 - 55  MPH,No Control Present,Clear,No,0,0,6
Yes,25.0,No,With Traffic,A: Suspected Serious Injury,Male,None - Rural Crash,Onslow,No,Sunday,Motorist Overtaking Bicyclist,21.0,June,Motorist Overtaking - Other / Unknown,2009,42.03850604944766,Missing,Unknown Injury,Unknown,Unknown,Yes,34.73595,-77.56597,Dry,40 - 45  MPH,No Control Present,Clear,No,1,0,6
Yes,21.0,No,With Traffic,B: Suspected Minor Injury,Male,None - Rural Crash,Haywood,No,Monday,Motorist Overtaking Bicyclist,16.0,June,Motorist Overtaking - Other / Unknown,2009,42.03850604944766,Missing,Unknown Injury,Unknown,Unknown,Yes,35.584183,-82.94311,Dry,50 - 55  MPH,No Control Present,Clear,No,1,0,6