AmbulanceR,BikeAge,BikeAlcFlg,BikeDir,BikeInjury,BikeSex,City,County,CrashAlcoh,CrashDay,CrashGrp,CrashHour,CrashMonth,CrashType,CrashYear,DrvrAge,DrvrAlcFlg,DrvrInjury,DrvrSex,DrvrVehTyp,HitRun,Latitude,Longitude,RdConditio,SpeedLimit,TraffCntrl,Weather,Workzone,DrvrAgeImputedFlag,BikeAgeImputedFlag,MonthCode
Yes,54.0,No,With Traffic,B: Suspected Minor Injury,Female,Raleigh,Wake,No,Sunday,Bicyclist Failed to Yield - Sign-Controlled Intersection,10.0,June,Bicyclist Ride Through - Sign-Controlled Intersection,2009,27.0,No,O: No Injury,Female,Passenger Car,No,35.86228,-78.63621,Dry,40 - 45  MPH,Stop Sign,Clear,No,0,0,6
Yes,22.0,No,Not Applicable,C: Possible Injury,Male,Raleigh,Wake,No,Monday,Bicyclist Failed to Yield - Midblock,16.0,June,Bicyclist Ride Out - Midblock - Unknown,2009,42.03850604944766,No,Unknown Injury,Unknown,Sport Utility,Yes,35.77201,-78.59304,Dry,30 - 35  MPH,No Control Present,Clear,No,1,0,6
No,19.0,No,With Traffic,B: Suspected Minor Injury,Male,None - Rural Crash,New Hanover,No,Thursday,Bicyclist Left Turn / Merge,17.0,June,Bicyclist Left Turn - Same Direction,2009,41.0,No,O: No Injury,Female,Passenger Car,No,34.281406,-77.92305,Dry,40 - 45  MPH,"Double Yellow Line, No Passing Zone",Clear,No,0,0,6
No,15.0,No,With Traffic,C: Possible Injury,Male,None - Rural Crash,New Hanover,No,Tuesday,Crossing Paths - Other Circumstances,22.0,June,Signalized Intersection - Other / Unknown,2009,36.0,No,O: No Injury,Male,Police,No,34.280052,-77.8123,Dry,40 - 45  MPH,Stop And Go Signal,Clear,No,0,0,6
Yes,15.0,No,With Traffic,B: Suspected Minor Injury,Male,Raleigh,Wake,No,Monday,Motorist Overtaking Bicyclist,18.0,June,Motorist Overtaking - Misjudged Space,2009,49.0,No,O: No Injury,Male,Passenger Car,No,35.75988,-78.637566,Dry,30 - 35  MPH,No Control Present,Clear,No,0,0,6
No,48.0,No,With Traffic,B: Suspected Minor Injury,Male,None - Rural Crash,Richmond,No,Saturday,Motorist Overtaking Bicyclist,19.0,July,Motorist Overtaking - Other / Unknown,2009,22.0,No,Unknown Injury,Female,Passenger Car,Yes,34.921494,-79.76793,Dry,30 - 35  MPH,"Double Yellow Line, No Passing Zone",Clear,No,0,0,7
Yes,50.0,No,Facing Traffic,B: Suspected Minor Injury,Female,Cary,Wake,No,Sunday,Motorist Failed to Yield - Sign-Controlled Intersection,12.0,May,Motorist Drive Out - Sign-Controlled Intersection,2009,33.0,No,O: No Injury,Male,Sport Utility,No,35.75602,-78.813835,Dry,5 - 15 MPH,Stop Sign,Clear,No,0,0,5
No,10.0,No,With Traffic,B: Suspected Minor Injury,Male,Fayetteville,Cumberland,No,Wednesday,Bicyclist Failed to Yield - Sign-Controlled Intersection,16.0,June,Bicyclist Ride Through - Sign-Controlled Intersection,2009,39.0,No,O: No Injury,Female,Sport Utility,No,34.993725,-78.93183,Dry,30 - 35  MPH,No Control Present,Clear,No,0,0,6
No,16.0,No,Facing Traffic,O: No Injury,Male,Raleigh,Wake,No,Thursday,Backing Vehicle,14.0,June,Backing Vehicle,2009,19.0,No,O: No Injury,Female,Passenger Car,No,35.78967,-78.676476,Dry,30 - 35  MPH,No Control Present,Clear,No,0,0,6
Yes,14.0,No,With Traffic,C: Possible Injury,Male,Durham,Durham,No,Saturday,Bicyclist Failed to Yield - Sign-Controlled Intersection,14.0,July,Bicyclist Ride Through - Sign-Controlled Intersection,2009,22.0,No,O: No Injury,Female,Van,No,35.987915,-78.88871,Dry,30 - 35  MPH,Stop Sign,Clear,No,0,0,7
Yes,53.0,No,With Traffic,A: Suspected Serious Injury,Male,Statesville,Iredell,No,Tuesday,Motorist Overtaking Bicyclist,5.0,June,Motorist Overtaking - Other / Unknown,2009,42.03850604944766,Missing,Unknown Injury,Unknown,Unknown,Yes,35.779186,-80.91696,Dry,30 - 35  MPH,No Control Present,Clear,No,1,0,6
No,14.0,No,With Traffic,B: Suspected Minor Injury,Male,Asheville,Buncombe,No,Monday,Bicyclist Failed to Yield - Signalized Intersection,18.0,June,Bicyclist Ride Through - Signalized Intersection,2009,26.0,No,O: No Injury,Male,Passenger Car,No,35.58661,-82.59188,Dry,40 - 45  MPH,Stop And Go Signal,Clear,No,0,0,6
Yes,18.0,No,With Traffic,A: Suspected Serious Injury,Male,Patterson Springs,Cleveland,No,Monday,Motorist Overtaking Bicyclist,5.0,July,Motorist Overtaking - Other / Unknown,2009,56.0,No,O: No Injury,Male,Pickup,No,35.229424,-81.514336,Wet,40 - 45  MPH,"Double Yellow Line, No Passing Zone",Cloudy,No,0,0,7
Yes,12.0,No,Not Applicable,C: Possible Injury,Male,Edenton,Chowan,No,Tuesday,Bicyclist Failed to Yield - Midblock,17.0,June,Bicyclist Ride Out - Other Midblock,2009,51.0,No,O: No Injury,Female,Passenger Car,No,36.063725,-76.6032,Dry,Unknown,No Control Present,Clear,No,0,0,6
Yes,19.0,No,Not Applicable,B: Suspected Minor Injury,Female,Durham,Durham,No,Monday,Non-Roadway,13.0,June,Non-Roadway,2009,21.0,No,O: No Injury,Female,Passenger Car,No,36.005737,-78.91577,Dry,20 - 25  MPH,No Control Present,Clear,No,0,0,6
No,13.0,No,Not Applicable,C: Possible Injury,Male,Kinston,Lenoir,No,Sunday,Non-Roadway,17.0,June,Non-Roadway,2009,44.0,No,O: No Injury,Female,Passenger Car,No,35.259533,-77.579994,Dry,Unknown,No Control Present,Clear,No,0,0,6
Yes,49.0,No,With Traffic,O: No Injury,Male,Emerald Isle,Carteret,No,Wednesday,Motorist Right Turn / Merge,9.0,July,Motorist Right Turn - Same Direction,2009,49.0,No,O: No Injury,Male,Passenger Car,No,34.68076,-76.93053,Dry,40 - 45  MPH,No Control Present,Clear,No,0,0,7
No,21.0,No,Not Applicable,B: Suspected Minor Injury,Female,Wilmington,New Hanover,No,Thursday,Parallel Paths - Other Circumstances,16.0,July,Bicyclist Ride Out - Parallel Path,2009,42.0,No,O: No Injury,Male,Sport Utility,No,34.223083,-77.86643,Dry,20 - 25  MPH,No Control Present,Clear,No,0,0,7
Yes,43.0,No,With Traffic,C: Possible Injury,Male,Wilmington,New Hanover,No,Saturday,Crossing Paths - Other Circumstances,17.0,June,Crossing Paths - Intersection - Other / Unknown,2009,28.0,No,O: No Injury,Male,Passenger Car,No,34.214256,-77.886604,Dry,30 - 35  MPH,No Control Present,Cloudy,No,0,0,6
No,23.0,Yes,Unknown,K: Killed,Male,Fayetteville,Cumberland,Yes,Friday,Crossing Paths - Other Circumstances,21.0,July,Sign-Controlled Intersection - Other / Unknown,2009,16.0,No,C: Possible Injury,Female,Passenger Car,No,35.058243,-78.992836,Dry,50 - 55  MPH,Stop And Go Signal,Clear,No,0,0,7
Yes,14.0,No,Facing Traffic,B: Suspected Minor Injury,Male,Greensboro,Guilford,No,Friday,Motorist Failed to Yield - Signalized Intersection,14.0,July,Motorist Drive Out - Right Turn on Red,2009,32.0,No,O: No Injury,Female,Passenger Car,No,36.08651,-79.84102,Dry,30 - 35  MPH,Stop And Go Signal,Clear,No,0,0,7
Yes,36.0,No,Facing Traffic,C: Possible Injury,Male,None - Rural Crash,New Hanover,No,Tuesday,Motorist Failed to Yield - Sign-Controlled Intersection,15.0,July,Motorist Drive Out - Sign-Controlled Intersection,2009,48.0,No,O: No Injury,Female,Passenger Car,No,34.094852,-77.89784,Dry,50 - 55  MPH,Stop Sign,Cloudy,No,0,0,7
No,26.0,No,Facing Traffic,O: No Injury,Male,Boone,Watauga,No,Wednesday,Motorist Failed to Yield - Midblock,16.0,July,Motorist Drive Out - Commercial Driveway / Alley,2009,16.0,No,O: No Injury,Female,Pickup,No,36.20327,-81.66558,Dry,Unknown,No Control Present,Clear,No,0,0,7
Yes,16.0,No,With Traffic,A: Suspected Serious Injury,Male,None - Rural Crash,Sampson,No,Thursday,Bicyclist Left Turn / Merge,4.0,June,Bicyclist Left Turn - Same Direction,2009,24.0,No,C: Possible Injury,Female,Passenger Car,No,34.974606,-78.425835,Dry,50 - 55  MPH,"Double Yellow Line, No Passing Zone",Clear,No,0,0,6
Yes,10.0,No,With Traffic,O: No Injury,Male,None - Rural Crash,Perquimans,No,Thursday,Motorist Overtaking Bicyclist,16.0,July,Motorist Overtaking - Bicyclist Swerved,2009,17.0,No,O: No Injury,Male,Sport Utility,No,36.15978,-76.44703,Dry,50 - 55  MPH,"Double Yellow Line, No Passing Zone",Clear,No,0,0,7
Yes,26.0,No,With Traffic,C: Possible Injury,Male,None - Rural Crash,Wilson,No,Saturday,Bicyclist Left Turn / Merge,9.0,July,Bicyclist Left Turn - Same Direction,2009,45.0,No,O: No Injury,Female,Pickup,No,35.731434,-77.84645,Dry,50 - 55  MPH,"Double Yellow Line, No Passing Zone",Cloudy,No,0,0,7
Yes,26.0,No,With Traffic,B: Suspected Minor Injury,Male,Cary,Wake,No,Saturday,Motorist Right Turn / Merge,16.0,July,Motorist Right Turn - Same Direction,2009,39.0,No,O: No Injury,Male,Sport Utility,No,35.760292,-78.76446,Dry,30 - 35  MPH,No Control Present,Clear,No,0,0,7
No,37.0,No,With Traffic,C: Possible Injury,Male,None - Rural Crash,Gaston,No,Tuesday,Motorist Overtaking Bicyclist,20.0,July,Motorist Overtaking - Other / Unknown,2009,42.03850604944766,No,Unknown Injury,Unknown,Passenger Car,Yes,35.35748,-81.1086,Dry,30 - 35  MPH,"Double Yellow Line, No Passing Zone",Clear,No,1,0,7
No,45.0,No,With Traffic,B: Suspected Minor Injury,Male,None - Rural Crash,Johnston,No,Saturday,Motorist Overtaking Bicyclist,14.0,July,Motorist Overtaking - Misjudged Space,2009,42.03850604944766,No,Unknown Injury,Unknown,Unknown,Yes,35.584457,-78.29122,Dry,50 - 55  MPH,"Double Yellow Line, No Passing Zone",Clear,No,1,0,7
Yes,8.0,No,With Traffic,B: Suspected Minor Injury,Male,Greensboro,Guilford,No,Thursday,Bicyclist Failed to Yield - Sign-Controlled Intersection,14.0,July,Bicyclist Ride Through - Sign-Controlled Intersection,2009,47.0,No,O: No Injury,Male,Pickup,No,36.063557,-79.78272,Dry,20 - 25  MPH,Stop Sign,Clear,No,0,0,7
No,13.0,No,With Traffic,C: Possible Injury,Male,Rocky Mount,Nash,No,Sunday,Motorist Overtaking Bicyclist,16.0,June,Motorist Overtaking - Other / Unknown,2009,27.0,No,O: No Injury,Female,Sport Utility,No,35.92668,-77.804886,Dry,30 - 35  MPH,Stop Sign,Clear,No,0,0,6
Yes,23.0,No,With Traffic,C: Possible Injury,Female,Charlotte,Mecklenburg,No,Tuesday,Motorist Right Turn / Merge,12.0,July,Motorist Right Turn - Same Direction,2009,40.0,No,O: No Injury,Female,Sport Utility,No,35.200436,-80.84269,Dry,30 - 35  MPH,No Control Present,Cloudy,No,0,0,7
Yes,19.0,No,With Traffic,C: Possible Injury,Female,None - Rural Crash,New Hanover,No,Saturday,Motorist Overtaking Bicyclist,20.0,July,Motorist Overtaking - Undetected Bicyclist,2009,21.0,No,O: No Injury,Female,Passenger Car,No,34.16604,-77.89144,Dry,40 - 45  MPH,No Control Present,Clear,No,0,0,7
No,49.0,No,With Traffic,C: Possible Injury,Female,Raleigh,Wake,No,Sunday,Parallel Paths - Other Circumstances,15.0,April,Parallel Paths - Other / Unknown,2009,55.0,No,O: No Injury,Female,Passenger Car,No,35.772366,-78.58728,Dry,30 - 35  MPH,No Control Present,Clear,No,0,0,4
Yes,37.0,No,Facing Traffic,C: Possible Injury,Male,Raleigh,Wake,No,Wednesday,Motorist Failed to Yield - Midblock,13.0,July,Motorist Drive Out - Commercial Driveway / Alley,2009,29.0,No,O: No Injury,Male,Passenger Car,No,35.77504,-78.6383,Dry,5 - 15 MPH,No Control Present,Clear,No,0,0,7
Yes,42.0,No,With Traffic,B: Suspected Minor Injury,Male,None - Rural Crash,Harnett,No,Friday,Motorist Overtaking Bicyclist,20.0,July,Motorist Overtaking - Other / Unknown,2009,19.0,No,O: No Injury,Male,Passenger Car,No,35.236553,-79.15141,Dry,50 - 55  MPH,No Control Present,Clear,No,0,0,7
Yes,25.0,No,Unknown,B: Suspected Minor Injury,Male,Gastonia,Gaston,No,Saturday,Motorist Overtaking Bicyclist,23.0,July,Motorist Overtaking - Other / Unknown,2009,42.03850604944766,Missing,Unknown Injury,Unknown,Unknown,Yes,35.27059,-81.222084,Dry,30 - 35  MPH,No Control Present,Clear,No,1,0,7
Yes,22.0,No,With Traffic,B: Suspected Minor Injury,Male,Raleigh,Wake,Yes,Friday,Crossing Paths - Other Circumstances,22.0,June,Crossing Paths - Intersection - Other / Unknown,2009,25.0,Yes,O: No Injury,Male,Sport Utility,No,35.786224,-78.64725,Dry,20 - 25  MPH,Stop And Go Signal,Clear,No,0,0,6
Yes,31.0,No,Unknown,C: Possible Injury,Female,Duck,Dare,No,Friday,Motorist Failed to Yield - Sign-Controlled Intersection,9.0,July,Motorist Drive Out - Sign-Controlled Intersection,2009,29.0,No,O: No Injury,Male,Passenger Car,No,36.156914,-75.74721,Dry,5 - 15 MPH,Stop Sign,Clear,No,0,0,7
Yes,54.0,Yes,Not Applicable,B: Suspected Minor Injury,Male,Fayetteville,Cumberland,Yes,Saturday,Bicyclist Failed to Yield - Midblock,0.0,July,Bicyclist Ride Out - Other Midblock,2009,29.0,No,C: Possible Injury,Male,Passenger Car,No,35.09943,-78.95742,Dry,40 - 45  MPH,No Control Present,Clear,No,0,0,7
No,55.0,No,Facing Traffic,O: No Injury,Male,Rocky Mount,Nash,No,Friday,Motorist Failed to Yield - Midblock,10.0,October,Motorist Drive Out - Other Midblock,2008,42.03850604944766,Missing,Unknown Injury,Unknown,Unknown,Yes,35.931004,-77.81291,Dry,30 - 35  MPH,No Control Present,Clear,No,1,0,10
Yes,41.0,No,With Traffic,C: Possible Injury,Male,None - Rural Crash,Guilford,No,Sunday,Motorist Failed to Yield - Sign-Controlled Intersection,10.0,July,Motorist Drive Out - Sign-Controlled Intersection,2009,53.0,No,O: No Injury,Female,Passenger Car,No,36.128033,-79.708084,Dry,40 - 45  MPH,"Double Yellow Line, No Passing Zone",Clear,No,0,0,7
Yes,14.0,No,With Traffic,B: Suspected Minor Injury,Male,None - Rural Crash,Pitt,No,Wednesday,Motorist Overtaking Bicyclist,14.0,July,Motorist Overtaking - Bicyclist Swerved,2009,49.0,No,O: No Injury,Female,Sport Utility,No,35.52624,-77.31117,Dry,50 - 55  MPH,No Control Present,Clear,No,0,0,7
No,46.0,No,With Traffic,B: Suspected Minor Injury,Male,Winston-Salem,Forsyth,No,Thursday,Other / Unusual Circumstances,22.0,July,Motorist Intentionally Caused,2009,42.03850604944766,Missing,Unknown Injury,Unknown,Unknown,Yes,36.055954,-80.21675,Dry,30 - 35  MPH,No Control Present,Clear,No,1,0,7
Yes,40.0,No,With Traffic,B: Suspected Minor Injury,Male,Winston-Salem,Forsyth,Yes,Friday,Motorist Left Turn / Merge,0.0,July,Motorist Left Turn - Opposite Direction,2009,19.0,Yes,O: No Injury,Male,Passenger Car,No,36.09642,-80.25642,Dry,30 - 35  MPH,Stop And Go Signal,Clear,No,0,0,7
No,45.0,No,With Traffic,B: Suspected Minor Injury,Male,Charlotte,Mecklenburg,No,Friday,Motorist Left Turn / Merge,18.0,May,Motorist Left Turn - Opposite Direction,2009,14.0,No,O: No Injury,Male,Passenger Car,No,35.186047,-80.72991,Dry,30 - 35  MPH,Stop And Go Signal,Clear,No,0,0,5
Yes,60.0,No,Not Applicable,B: Suspected Minor Injury,Female,Beaufort,Carteret,No,Friday,Non-Roadway,11.0,July,Non-Roadway,2009,57.0,No,O: No Injury,Male,Pickup,No,34.72436,-76.64756,Dry,30 - 35  MPH,No Control Present,Cloudy,No,0,0,7
Yes,22.0,No,With Traffic,A: Suspected Serious Injury,Male,Fayetteville,Cumberland,No,Wednesday,Loss of Control / Turning Error,19.0,July,Bicyclist Lost Control - Other / Unknown,2009,42.03850604944766,Missing,Unknown Injury,Unknown,Unknown,Yes,35.05263,-78.89622,Dry,30 - 35  MPH,Flashing Signal With Stop Sign,Clear,No,1,0,7
Yes,46.0,Yes,With Traffic,B: Suspected Minor Injury,Male,None - Rural Crash,Hyde,Yes,Friday,Motorist Overtaking Bicyclist,22.0,July,Motorist Overtaking - Bicyclist Swerved,2009,20.0,No,O: No Injury,Female,Passenger Car,No,35.11549,-75.98196,Dry,20 - 25  MPH,"Double Yellow Line, No Passing Zone",Clear,No,0,0,7
Yes,46.0,No,With Traffic,C: Possible Injury,Female,Wrightsville Beach,New Hanover,No,Sunday,Bicyclist Overtaking Motorist,11.0,May,Bicyclist Overtaking - Extended Door,2009,43.0,No,O: No Injury,Male,Sport Utility,No,34.19577,-77.805786,Dry,20 - 25  MPH,No Control Present,Clear,No,0,0,5
Yes,13.0,No,With Traffic,C: Possible Injury,Male,Gastonia,Gaston,No,Saturday,Bicyclist Failed to Yield - Sign-Controlled Intersection,14.0,July,Bicyclist Ride Through - Sign-Controlled Intersection,2009,51.0,No,O: No Injury,Female,Passenger Car,No,35.241116,-81.184944,Dry,30 - 35  MPH,Stop Sign,Clear,No,0,0,7
Yes,32.0,No,With Traffic,B: Suspected Minor Injury,Female,Charlotte,Mecklenburg,No,Wednesday,Motorist Failed to Yield - Sign-Controlled Intersection,19.0,July,Motorist Drive Out - Sign-Controlled Intersection,2009,54.0,No,O: No Injury,Male,Sport Utility,No,35.03165,-80.79256,Dry,30 - 35  MPH,Stop Sign,Clear,No,0,0,7
Yes,18.0,No,With Traffic,C: Possible Injury,Male,Rocky Mount,Nash,No,Wednesday,Loss of Control / Turning Error,14.0,July,Bicyclist Turning Error - Other,2009,40.0,No,O: No Injury,Female,Sport Utility,No,35.95504,-77.836784,Dry,30 - 35  MPH,Stop Sign,Clear,No,0,0,7
Yes,13.0,No,With Traffic,B: Suspected Minor Injury,Male,Knightdale,Wake,No,Tuesday,Bicyclist Failed to Yield - Sign-Controlled Intersection,15.0,July,Bicyclist Ride Through - Sign-Controlled Intersection,2009,36.0,No,O: No Injury,Male,Passenger Car,No,35.78815,-78.48927,Dry,20 - 25  MPH,Stop Sign,Clear,No,0,0,7
No,26.0,No,Not Applicable,O: No Injury,Male,Durham,Durham,No,Monday,Non-Roadway,8.0,July,Non-Roadway,2009,24.0,No,O: No Injury,Male,Passenger Car,No,35.918606,-78.91196,Dry,5 - 15 MPH,No Control Present,Clear,No,0,0,7
Yes,32.0,No,With Traffic,B: Suspected Minor Injury,Male,None - Rural Crash,Iredell,No,Tuesday,Bicyclist Left Turn / Merge,17.0,July,Bicyclist Left Turn - Same Direction,2009,25.0,No,O: No Injury,Male,Pickup,No,35.617138,-80.837425,Dry,40 - 45  MPH,No Control Present,Clear,No,0,0,7
Yes,14.0,No,With Traffic,K: Killed,Male,Winston-Salem,Forsyth,No,Sunday,Motorist Overtaking Bicyclist,7.0,July,Motorist Overtaking - Other / Unknown,2009,18.0,No,O: No Injury,Female,Passenger Car,No,36.050114,-80.13101,Dry,60 - 75 MPH,No Control Present,Clear,No,0,0,7
Yes,7.0,No,With Traffic,B: Suspected Minor Injury,Male,Jacksonville,Onslow,No,Monday,Crossing Paths - Other Circumstances,17.0,July,Crossing Paths - Midblock - Other / Unknown,2009,33.0,No,O: No Injury,Female,Sport Utility,No,34.78792,-77.39231,Wet,5 - 15 MPH,No Control Present,Rain,No,0,0,7
No,30.0,No,With Traffic,B: Suspected Minor Injury,Female,Apex,Wake,No,Sunday,Motorist Left Turn / Merge,12.0,July,Motorist Left Turn - Opposite Direction,2009,69.0,No,O: No Injury,Female,Passenger Car,No,35.74037,-78.85881,Dry,30 - 35  MPH,No Control Present,Clear,No,0,0,7
Yes,14.0,No,Facing Traffic,B: Suspected Minor Injury,Male,Hickory,Catawba,No,Wednesday,Bicyclist Failed to Yield - Sign-Controlled Intersection,18.0,July,Bicyclist Ride Through - Sign-Controlled Intersection,2009,19.0,No,O: No Injury,Female,Passenger Car,No,35.72828,-81.37019,Wet,30 - 35  MPH,Stop Sign,Cloudy,No,0,0,7
No,18.0,No,Facing Traffic,C: Possible Injury,Male,Charlotte,Mecklenburg,No,Monday,Motorist Failed to Yield - Sign-Controlled Intersection,18.0,July,Motorist Drive Out - Sign-Controlled Intersection,2009,42.03850604944766,Missing,Unknown Injury,Unknown,Passenger Car,Yes,35.23966,-80.801094,Dry,30 - 35  MPH,Stop Sign,Clear,No,1,0,7
No,59.0,No,Unknown,O: No Injury,Male,Rocky Mount,Nash,No,Monday,Motorist Overtaking Bicyclist,18.0,July,Motorist Overtaking - Other / Unknown,2009,42.03850604944766,Missing,Unknown Injury,Unknown,Passenger Car,Yes,35.9433,-77.79573,Dry,5 - 15 MPH,No Control Present,Clear,No,1,0,7
Yes,28.0,No,Facing Traffic,C: Possible Injury,Male,None - Rural Crash,Cumberland,No,Sunday,Motorist Overtaking Bicyclist,3.0,August,Motorist Overtaking - Bicyclist Swerved,2009,30.0,No,O: No Injury,Male,Sport Utility,No,34.98189,-78.97354,Dry,40 - 45  MPH,"Double Yellow Line, No Passing Zone",Cloudy,No,0,0,8
Yes,14.0,No,Facing Traffic,B: Suspected Minor Injury,Male,None - Rural Crash,Durham,No,Sunday,Loss of Control / Turning Error,14.0,July,Bicyclist Lost Control - Other / Unknown,2009,51.0,No,O: No Injury,Female,Passenger Car,No,36.047115,-78.88854,Dry,30 - 35  MPH,"Double Yellow Line, No Passing Zone",Clear,No,0,0,7
No,11.0,No,Not Applicable,B: Suspected Minor Injury,Male,Kill Devil Hills,Dare,No,Sunday,Bicyclist Failed to Yield - Midblock,14.0,July,Bicyclist Ride Out - Other Midblock,2009,50.0,No,O: No Injury,Male,"Light Truck (Mini-Van, Panel)",No,36.024014,-75.67299,Dry,20 - 25  MPH,No Control Present,Clear,No,0,0,7
No,44.0,Yes,Facing Traffic,C: Possible Injury,Male,Charlotte,Mecklenburg,Yes,Friday,Motorist Right Turn / Merge,20.0,July,Motorist Right Turn - Opposite Direction,2009,68.0,No,O: No Injury,Male,Passenger Car,No,35.214737,-80.83207,Dry,30 - 35  MPH,No Control Present,Clear,No,0,0,7
Yes,40.0,No,With Traffic,B: Suspected Minor Injury,Female,Albemarle,Stanly,No,Friday,Motorist Failed to Yield - Sign-Controlled Intersection,22.0,July,Motorist Drive Out - Sign-Controlled Intersection,2009,24.0,No,O: No Injury,Female,Passenger Car,No,35.354176,-80.18499,Dry,30 - 35  MPH,Flashing Signal With Stop Sign,Clear,No,0,0,7
Yes,25.0,No,With Traffic,B: Suspected Minor Injury,Male,Chapel Hill,Orange,No,Saturday,Motorist Failed to Yield - Sign-Controlled Intersection,12.0,July,Motorist Drive Out - Sign-Controlled Intersection,2009,54.0,No,O: No Injury,Male,Passenger Car,No,35.91172,-79.06241,Dry,20 - 25  MPH,Stop Sign,Clear,No,0,0,7
No,44.0,No,With Traffic,C: Possible Injury,Male,Cary,Wake,No,Monday,Motorist Right Turn / Merge,14.0,August,Motorist Right Turn - Same Direction,2009,32.0,No,O: No Injury,Female,"Light Truck (Mini-Van, Panel)",No,35.82451,-78.86404,Dry,30 - 35  MPH,Stop And Go Signal,Clear,No,0,0,8
No,26.0,No,With Traffic,B: Suspected Minor Injury,Male,Huntersville,Mecklenburg,No,Sunday,Motorist Overtaking Bicyclist,8.0,July,Motorist Overtaking - Other / Unknown,2009,37.0,No,O: No Injury,Female,Pickup,No,35.407154,-80.90043,Dry,40 - 45  MPH,"Double Yellow Line, No Passing Zone",Clear,No,0,0,7
No,43.0,No,Facing Traffic,C: Possible Injury,Female,Winston-Salem,Forsyth,No,Monday,Crossing Paths - Other Circumstances,10.0,July,Crossing Paths - Intersection - Other / Unknown,2009,37.0,No,O: No Injury,Female,Passenger Car,No,36.138447,-80.29473,Dry,30 - 35  MPH,No Control Present,Clear,No,0,0,7
No,45.0,No,With Traffic,B: Suspected Minor Injury,Male,Charlotte,Mecklenburg,No,Tuesday,Motorist Overtaking Bicyclist,16.0,July,Motorist Overtaking - Other / Unknown,2009,42.03850604944766,Missing,Unknown Injury,Unknown,Unknown,Yes,35.251175,-80.81205,Dry,30 - 35  MPH,No Control Present,Clear,No,1,0,7
Yes,14.0,No,Not Applicable,B: Suspected Minor Injury,Male,None - Rural Crash,Rockingham,No,Monday,Bicyclist Failed to Yield - Midblock,19.0,August,Bicyclist Ride Out - Residential Driveway,2009,58.0,No,O: No Injury,Female,Van,No,36.53548,-79.75993,Dry,30 - 35  MPH,No Control Present,Clear,No,0,0,8
Yes,16.0,No,Facing Traffic,A: Suspected Serious Injury,Female,None - Rural Crash,Carteret,No,Monday,Loss of Control / Turning Error,22.0,August,Bicyclist Lost Control - Other / Unknown,2009,18.0,No,O: No Injury,Male,Van,Yes,34.726852,-76.92526,Dry,50 - 55  MPH,No Control Present,Clear,No,0,0,8
No,15.0,No,With Traffic,O: No Injury,Male,Whiteville,Columbus,No,Monday,Motorist Overtaking Bicyclist,8.0,July,Motorist Overtaking - Misjudged Space,2009,42.03850604944766,Missing,Unknown Injury,Unknown,Unknown,Yes,34.343067,-78.69071,Wet,Unknown,No Control Present,Cloudy,No,1,0,7
Yes,20.0,No,Facing Traffic,B: Suspected Minor Injury,Male,Apex,Wake,No,Monday,Motorist Right Turn / Merge,20.0,July,Motorist Right Turn - Opposite Direction,2009,65.0,No,O: No Injury,Female,Sport Utility,No,35.735813,-78.86255,Dry,40 - 45  MPH,Stop And Go Signal,Clear,No,0,0,7
No,23.0,No,With Traffic,Unknown Injury,Male,Duck,Dare,No,Sunday,Crossing Paths - Other Circumstances,15.0,July,Crossing Paths - Intersection - Other / Unknown,2009,48.0,No,O: No Injury,Male,Van,No,36.168686,-75.75534,Dry,20 - 25  MPH,No Control Present,Clear,No,0,0,7
Yes,7.0,No,Not Applicable,O: No Injury,Male,Raleigh,Wake,No,Friday,Bicyclist Failed to Yield - Midblock,20.0,June,Bicyclist Ride Out - Residential Driveway,2009,38.0,No,O: No Injury,Male,Sport Utility,No,35.766815,-78.601974,Dry,30 - 35  MPH,No Control Present,Clear,No,0,0,6
Yes,28.0,No,Facing Traffic,B: Suspected Minor Injury,Male,Raleigh,Wake,No,Friday,Motorist Right Turn / Merge,17.0,July,Motorist Right Turn - Opposite Direction,2009,46.0,No,O: No Injury,Female,Passenger Car,No,35.815342,-78.7051,Wet,40 - 45  MPH,Stop And Go Signal,Rain,No,0,0,7
Yes,68.0,No,Facing Traffic,C: Possible Injury,Male,None - Rural Crash,New Hanover,No,Friday,Motorist Failed to Yield - Midblock,16.0,July,Motorist Drive Out - Other Midblock,2009,63.0,No,O: No Injury,Male,Passenger Car,No,34.26652,-77.82463,Dry,40 - 45  MPH,No Control Present,Clear,No,0,0,7
Yes,48.0,No,With Traffic,B: Suspected Minor Injury,Male,Elizabeth City,Pasquotank,No,Friday,Bicyclist Failed to Yield - Signalized Intersection,4.0,July,Bicyclist Failed to Clear - Unknown,2009,53.0,No,O: No Injury,Female,Passenger Car,No,36.30218,-76.22316,Dry,30 - 35  MPH,Stop And Go Signal,Clear,No,0,0,7
No,34.0,No,Facing Traffic,C: Possible Injury,Male,Raleigh,Wake,No,Wednesday,Motorist Failed to Yield - Sign-Controlled Intersection,17.0,July,Motorist Drive Out - Sign-Controlled Intersection,2009,58.0,No,O: No Injury,Male,Taxicab,No,35.83246,-78.612976,Dry,30 - 35  MPH,Stop Sign,Clear,No,0,0,7
No,48.0,Yes,With Traffic,B: Suspected Minor Injury,Male,Charlotte,Mecklenburg,Yes,Friday,Crossing Paths - Other Circumstances,21.0,July,Crossing Paths - Intersection - Other / Unknown,2009,32.0,No,O: No Injury,Female,Passenger Car,No,35.244743,-80.86484,Wet,30 - 35  MPH,No Control Present,Cloudy,No,0,0,7