AmbulanceR,BikeAge,BikeAlcFlg,BikeDir,BikeInjury,BikeSex,City,County,CrashAlcoh,CrashDay,CrashGrp,CrashHour,CrashMonth,CrashType,CrashYear,DrvrAge,DrvrAlcFlg,DrvrInjury,DrvrSex,DrvrVehTyp,HitRun,Latitude,Longitude,RdConditio,SpeedLimit,TraffCntrl,Weather,Workzone,DrvrAgeImputedFlag,BikeAgeImputedFlag,MonthCode
Yes,14.0,No,Not Applicable,C: Possible Injury,Female,Charlotte,Mecklenburg,No,Thursday,Non-Roadway,11.0,July,Non-Roadway,2009,62.0,No,O: No Injury,Male,Sport Utility,No,35.221127,-80.81812,Dry,30 - 35  MPH,No Control Present,Clear,No,0,0,7
No,60.0,No,Not Applicable,B: Suspected Minor Injury,Male,None - Rural Crash,Wake,No,Tuesday,Loss of Control / Turning Error,8.0,August,Motorist Lost Control - Other / Unknown,2009,42.03850604944766,No,Unknown Injury,Unknown,Passenger Car,Yes,35.580185,-78.743416,Dry,40 - 45  MPH,No Control Present,Clear,No,1,0,8
Yes,22.0,Yes,With Traffic,A: Suspected Serious Injury,Male,Durham,Durham,Yes,Saturday,Motorist Left Turn / Merge,23.0,August,Motorist Left Turn - Opposite Direction,2009,26.0,No,O: No Injury,Female,Passenger Car,Yes,35.94335,-78.98319,Dry,30 - 35  MPH,Stop And Go Signal,Clear,No,0,0,8
Yes,51.0,No,With Traffic,K: Killed,Male,Apex,Wake,No,Saturday,Bicyclist Left Turn / Merge,11.0,July,Bicyclist Left Turn - Opposite Direction,2009,29.0,No,O: No Injury,Male,Passenger Car,No,35.721493,-78.86497,Dry,40 - 45  MPH,No Control Present,Clear,No,0,0,7
No,12.0,No,With Traffic,C: Possible Injury,Male,None - Rural Crash,Sampson,No,Monday,Motorist Overtaking Bicyclist,14.0,August,Motorist Overtaking - Bicyclist Swerved,2009,48.0,No,O: No Injury,Male,Van,No,35.242977,-78.55073,Dry,40 - 45  MPH,"Double Yellow Line, No Passing Zone",Clear,No,0,0,8
No,62.0,No,With Traffic,B: Suspected Minor Injury,Male,Charlotte,Mecklenburg,No,Monday,Motorist Failed to Yield - Sign-Controlled Intersection,7.0,August,Motorist Drive Out - Sign-Controlled Intersection,2009,36.0,No,O: No Injury,Female,Passenger Car,No,35.35427,-80.780914,Dry,30 - 35  MPH,Stop Sign,Clear,No,0,0,8
No,26.0,No,Facing Traffic,C: Possible Injury,Male,Wilmington,New Hanover,No,Saturday,Motorist Failed to Yield - Midblock,14.0,June,Motorist Drive Out - Commercial Driveway / Alley,2009,47.0,No,O: No Injury,Female,"Light Truck (Mini-Van, Panel)",No,34.192688,-77.93514,Dry,40 - 45  MPH,No Control Present,Cloudy,No,0,0,6
Yes,50.0,No,With Traffic,C: Possible Injury,Male,Kinston,Lenoir,No,Monday,Motorist Failed to Yield - Midblock,8.0,July,Motorist Drive Out - Commercial Driveway / Alley,2009,31.0,No,O: No Injury,Female,Passenger Car,No,35.28341,-77.646164,Dry,40 - 45  MPH,Stop Sign,Clear,No,0,0,7
No,42.0,No,With Traffic,B: Suspected Minor Injury,Male,None - Rural Crash,Halifax,No,Thursday,Motorist Right Turn / Merge,14.0,July,Motorist Right Turn - Same Direction,2009,33.0,No,O: No Injury,Female,Passenger Car,No,36.395115,-77.63942,Dry,40 - 45  MPH,No Control Present,Clear,No,0,0,7
Yes,53.0,No,With Traffic,B: Suspected Minor Injury,Male,None - Rural Crash,Hertford,No,Sunday,Motorist Overtaking Bicyclist,20.0,July,Motorist Overtaking - Undetected Bicyclist,2009,19.0,No,O: No Injury,Male,Pickup,No,36.27723,-77.009315,Dry,50 - 55  MPH,"Double Yellow Line, No Passing Zone",Clear,No,0,0,7
No,16.0,No,With Traffic,C: Possible Injury,Male,None - Rural Crash,New Hanover,No,Monday,Loss of Control / Turning Error,22.0,August,Motorist Turning Error - Left Turn,2009,17.0,No,O: No Injury,Male,Sport Utility,No,34.159615,-77.89931,Dry,20 - 25  MPH,Stop Sign,Clear,No,0,0,8
Yes,43.0,No,With Traffic,A: Suspected Serious Injury,Male,None - Rural Crash,Northampton,No,Wednesday,Bicyclist Left Turn / Merge,10.0,July,Bicyclist Left Turn - Same Direction,2009,21.0,No,O: No Injury,Female,Passenger Car,No,36.45905,-77.53836,Dry,50 - 55  MPH,No Control Present,Clear,No,0,0,7
Yes,29.0,No,Facing Traffic,C: Possible Injury,Male,Wilmington,New Hanover,No,Friday,Motorist Failed to Yield - Sign-Controlled Intersection,16.0,July,Motorist Drive Through - Sign-Controlled Intersection,2009,52.0,No,O: No Injury,Male,Passenger Car,No,34.20403,-77.94136,Dry,30 - 35  MPH,Stop Sign,Clear,No,0,0,7
Yes,28.0,No,With Traffic,B: Suspected Minor Injury,Male,None - Rural Crash,Wilkes,No,Saturday,Motorist Overtaking Bicyclist,18.0,July,Motorist Overtaking - Other / Unknown,2009,42.03850604944766,Missing,Unknown Injury,Unknown,Unknown,Yes,36.142803,-81.102264,Dry,50 - 55  MPH,"Double Yellow Line, No Passing Zone",Clear,No,1,0,7
Yes,20.0,No,With Traffic,O: No Injury,Male,Durham,Durham,No,Monday,Bicyclist Failed to Yield - Signalized Intersection,21.0,August,Bicyclist Failed to Clear - Unknown,2009,32.0,No,O: No Injury,Male,Passenger Car,No,36.02246,-78.95358,Dry,30 - 35  MPH,Stop And Go Signal,Clear,No,0,0,8
No,9.0,No,Not Applicable,O: No Injury,Male,Durham,Durham,No,Friday,Bicyclist Failed to Yield - Midblock,10.0,August,Bicyclist Ride Out - Other Midblock,2009,15.0,No,O: No Injury,Female,Sport Utility,No,35.993313,-78.88606,Dry,30 - 35  MPH,No Control Present,Clear,No,0,0,8
No,11.0,No,Facing Traffic,B: Suspected Minor Injury,Male,Greensboro,Guilford,No,Monday,Crossing Paths - Other Circumstances,18.0,August,Sign-Controlled Intersection - Other / Unknown,2009,42.03850604944766,Missing,Unknown Injury,Unknown,Unknown,Yes,36.048996,-79.76308,Dry,20 - 25  MPH,Stop Sign,Clear,No,1,0,8
No,48.0,No,With Traffic,B: Suspected Minor Injury,Male,Wrightsville Beach,New Hanover,No,Thursday,Motorist Right Turn / Merge,9.0,August,Motorist Right Turn - Same Direction,2009,34.0,No,O: No Injury,Female,Van,No,34.22708,-77.78258,Dry,20 - 25  MPH,No Control Present,Clear,No,0,0,8
Yes,42.0,No,With Traffic,C: Possible Injury,Female,None - Rural Crash,Wake,No,Thursday,Motorist Overtaking Bicyclist,18.0,August,Motorist Overtaking - Other / Unknown,2009,50.0,No,O: No Injury,Male,Pickup,No,36.013577,-78.56324,Dry,40 - 45  MPH,"Double Yellow Line, No Passing Zone",Clear,No,0,0,8
Yes,59.0,No,With Traffic,C: Possible Injury,Female,None - Rural Crash,Gaston,No,Sunday,Motorist Overtaking Bicyclist,18.0,August,Motorist Overtaking - Misjudged Space,2009,21.0,No,O: No Injury,Female,Passenger Car,No,35.38871,-81.00123,Dry,40 - 45  MPH,"Double Yellow Line, No Passing Zone",Cloudy,No,0,0,8
Yes,22.0,Yes,With Traffic,A: Suspected Serious Injury,Female,Wilmington,New Hanover,Yes,Sunday,Motorist Overtaking Bicyclist,18.0,July,Motorist Overtaking - Other / Unknown,2009,22.0,No,O: No Injury,Male,Passenger Car,No,34.23425,-77.948616,Dry,20 - 25  MPH,Stop Sign,Clear,Yes,0,0,7
Yes,64.0,No,With Traffic,B: Suspected Minor Injury,Male,None - Rural Crash,Burke,No,Saturday,Motorist Overtaking Bicyclist,10.0,August,Motorist Overtaking - Other / Unknown,2009,66.0,No,O: No Injury,Male,Pickup,No,35.83495,-81.73262,Dry,50 - 55  MPH,"Double Yellow Line, No Passing Zone",Clear,No,0,0,8
Yes,7.0,No,Not Applicable,B: Suspected Minor Injury,Male,Asheville,Buncombe,No,Tuesday,Non-Roadway,18.0,August,Non-Roadway,2009,42.03850604944766,Missing,Unknown Injury,Unknown,Passenger Car,No,35.593704,-82.56984,Wet,20 - 25  MPH,No Control Present,Rain,No,1,0,8
Yes,14.0,No,With Traffic,A: Suspected Serious Injury,Female,None - Rural Crash,Currituck,No,Thursday,Crossing Paths - Other Circumstances,15.0,July,Sign-Controlled Intersection - Other / Unknown,2009,39.0,No,O: No Injury,Female,Sport Utility,No,36.46901,-76.03442,Dry,50 - 55  MPH,Stop Sign,Clear,No,0,0,7
No,11.0,No,Facing Traffic,C: Possible Injury,Male,Winton,Hertford,No,Wednesday,Motorist Left Turn / Merge,19.0,August,Motorist Left Turn - Same Direction,2009,42.03850604944766,Missing,Unknown Injury,Unknown,Unknown,Yes,36.38904,-76.93733,Dry,30 - 35  MPH,"Double Yellow Line, No Passing Zone",Clear,No,1,0,8
Yes,43.0,No,Not Applicable,B: Suspected Minor Injury,Male,Goldsboro,Wayne,No,Saturday,Non-Roadway,10.0,August,Non-Roadway,2009,48.0,No,O: No Injury,Male,Passenger Car,No,35.386784,-77.94591,Dry,Unknown,No Control Present,Clear,No,0,0,8
No,44.0,No,With Traffic,C: Possible Injury,Male,Havelock,Craven,No,Friday,Loss of Control / Turning Error,13.0,July,Bicyclist Lost Control - Other / Unknown,2009,65.0,No,O: No Injury,Male,Pickup,No,34.89102,-76.92265,Dry,40 - 45  MPH,No Control Present,Clear,No,0,0,7
No,9.0,No,Facing Traffic,Unknown Injury,Male,Asheville,Buncombe,No,Friday,Crossing Paths - Other Circumstances,17.0,June,Crossing Paths - Intersection - Other / Unknown,2009,42.0,No,O: No Injury,Female,Passenger Car,No,35.56743,-82.57855,Dry,20 - 25  MPH,Other,Clear,No,0,0,6
Yes,24.0,No,Facing Traffic,C: Possible Injury,Male,Raleigh,Wake,No,Wednesday,Motorist Right Turn / Merge,23.0,July,Motorist Right Turn - Opposite Direction,2009,42.03850604944766,Missing,Unknown Injury,Unknown,Unknown,Yes,35.76901,-78.69131,Dry,40 - 45  MPH,Stop And Go Signal,Clear,No,1,0,7
Yes,7.0,No,Not Applicable,B: Suspected Minor Injury,Male,Raleigh,Wake,No,Wednesday,Bicyclist Failed to Yield - Midblock,18.0,August,Bicyclist Ride Out - Residential Driveway,2009,58.0,No,O: No Injury,Female,Passenger Car,No,35.87213,-78.626045,Dry,30 - 35  MPH,No Control Present,Clear,No,0,0,8
No,32.0,No,With Traffic,C: Possible Injury,Male,Lewisville,Forsyth,No,Friday,Parallel Paths - Other Circumstances,19.0,August,Parallel Paths - Other / Unknown,2009,25.0,No,O: No Injury,Male,Passenger Car,No,36.08964,-80.43091,Dry,30 - 35  MPH,Yield Sign,Clear,No,0,0,8
Yes,15.0,No,With Traffic,B: Suspected Minor Injury,Male,None - Rural Crash,Pender,No,Saturday,Motorist Overtaking Bicyclist,11.0,August,Motorist Overtaking - Misjudged Space,2009,37.0,No,O: No Injury,Female,Passenger Car,No,34.44483,-78.03757,Dry,50 - 55  MPH,"Double Yellow Line, No Passing Zone",Clear,No,0,0,8
No,15.0,No,Facing Traffic,O: No Injury,Male,Raleigh,Wake,No,Tuesday,Motorist Right Turn / Merge,0.0,July,Motorist Right Turn - Opposite Direction,2009,41.0,No,O: No Injury,Male,Police,No,35.784035,-78.62924,Wet,20 - 25  MPH,No Control Present,Clear,No,0,0,7
No,15.0,No,Facing Traffic,C: Possible Injury,Male,Concord,Cabarrus,No,Friday,Loss of Control / Turning Error,17.0,August,Bicyclist Lost Control - Mechanical Problems,2009,32.0,No,O: No Injury,Female,Sport Utility,No,35.42268,-80.5916,Dry,30 - 35  MPH,Stop And Go Signal,Clear,No,0,0,8
Yes,16.0,No,With Traffic,C: Possible Injury,Male,Shelby,Cleveland,No,Tuesday,Crossing Paths - Other Circumstances,0.0,August,Sign-Controlled Intersection - Other / Unknown,2009,29.0,No,O: No Injury,Female,Passenger Car,No,35.29311,-81.53009,Dry,30 - 35  MPH,No Control Present,Clear,No,0,0,8
Yes,20.0,No,With Traffic,B: Suspected Minor Injury,Male,Asheboro,Randolph,No,Thursday,Motorist Overtaking Bicyclist,21.0,July,Motorist Overtaking - Other / Unknown,2009,19.0,No,O: No Injury,Male,Unknown,Yes,35.70865,-79.82003,Dry,30 - 35  MPH,No Control Present,Cloudy,No,0,0,7
Yes,21.0,No,With Traffic,B: Suspected Minor Injury,Female,Chapel Hill,Orange,Yes,Thursday,Motorist Failed to Yield - Signalized Intersection,16.0,August,Motorist Drive Through - Signalized Intersection,2009,22.0,Yes,O: No Injury,Male,Passenger Car,No,35.910667,-79.05426,Dry,20 - 25  MPH,Stop And Go Signal,Clear,No,0,0,8
Yes,17.0,No,Facing Traffic,C: Possible Injury,Male,None - Rural Crash,New Hanover,No,Sunday,Other / Unknown - Insufficient Details,22.0,August,Unknown Approach Paths,2009,18.0,No,O: No Injury,Female,Sport Utility,No,34.10678,-77.89995,Dry,50 - 55  MPH,Stop Sign,Clear,No,0,0,8
Yes,13.0,No,With Traffic,B: Suspected Minor Injury,Male,Cherokee,Swain,No,Friday,Bicyclist Failed to Yield - Sign-Controlled Intersection,17.0,August,Bicyclist Ride Through - Sign-Controlled Intersection,2009,57.0,No,O: No Injury,Female,Van,No,35.46527,-83.36369,Dry,30 - 35  MPH,Stop Sign,Clear,No,0,0,8
Yes,52.0,No,Facing Traffic,C: Possible Injury,Male,Raleigh,Wake,No,Saturday,Motorist Left Turn / Merge,15.0,August,Motorist Left Turn - Same Direction,2009,20.0,No,O: No Injury,Female,Passenger Car,No,35.83059,-78.61895,Dry,30 - 35  MPH,Stop And Go Signal,Clear,No,0,0,8
Yes,49.0,No,With Traffic,O: No Injury,Female,None - Rural Crash,Wake,No,Tuesday,Crossing Paths - Other Circumstances,18.0,August,Crossing Paths - Intersection - Other / Unknown,2009,56.0,No,B: Suspected Minor Injury,Male,Motorcycle,No,35.682327,-78.74294,Dry,40 - 45  MPH,Stop And Go Signal,Clear,No,0,0,8
No,31.0,No,With Traffic,C: Possible Injury,Male,Raleigh,Wake,No,Tuesday,Motorist Failed to Yield - Sign-Controlled Intersection,16.0,August,Motorist Drive Out - Sign-Controlled Intersection,2009,26.0,No,O: No Injury,Male,Passenger Car,No,35.84283,-78.64345,Dry,5 - 15 MPH,Stop Sign,Clear,No,0,0,8
Yes,19.0,No,With Traffic,B: Suspected Minor Injury,Male,Winston-Salem,Forsyth,No,Monday,Bicyclist Left Turn / Merge,22.0,July,Bicyclist Left Turn - Same Direction,2009,25.0,No,O: No Injury,Male,Passenger Car,No,36.157673,-80.20154,Dry,40 - 45  MPH,No Control Present,Clear,No,0,0,7
No,38.0,No,With Traffic,C: Possible Injury,Male,None - Rural Crash,Wake,No,Friday,Motorist Right Turn / Merge,19.0,May,Motorist Right Turn - Same Direction,2009,17.0,No,O: No Injury,Female,Passenger Car,No,36.035152,-78.66405,Dry,40 - 45  MPH,"Double Yellow Line, No Passing Zone",Clear,No,0,0,5
Yes,15.0,No,With Traffic,C: Possible Injury,Male,None - Rural Crash,Pitt,No,Friday,Motorist Overtaking Bicyclist,15.0,July,Motorist Overtaking - Bicyclist Swerved,2009,39.0,No,O: No Injury,Male,Passenger Car,No,35.425457,-77.260925,Wet,50 - 55  MPH,"Double Yellow Line, No Passing Zone",Rain,No,0,0,7
Yes,44.0,No,Facing Traffic,C: Possible Injury,Male,Lexington,Davidson,No,Monday,Motorist Failed to Yield - Sign-Controlled Intersection,9.0,August,Motorist Drive Out - Sign-Controlled Intersection,2009,58.0,No,O: No Injury,Female,Passenger Car,No,35.894104,-80.56144,Dry,20 - 25  MPH,Stop Sign,Clear,No,0,0,8
No,12.0,No,With Traffic,C: Possible Injury,Male,Concord,Cabarrus,No,Saturday,Motorist Right Turn / Merge,19.0,August,Motorist Right Turn - Same Direction,2009,34.0,No,O: No Injury,Female,Sport Utility,No,35.44016,-80.62723,Dry,5 - 15 MPH,No Control Present,Clear,No,0,0,8
Yes,46.0,No,With Traffic,K: Killed,Male,Charlotte,Mecklenburg,No,Wednesday,Bicyclist Failed to Yield - Sign-Controlled Intersection,12.0,July,Bicyclist Ride Through - Sign-Controlled Intersection,2009,20.0,No,O: No Injury,Female,Passenger Car,No,35.244118,-80.87589,Dry,20 - 25  MPH,Stop Sign,Clear,No,0,0,7
No,44.0,No,Unknown,C: Possible Injury,Male,Elizabeth City,Pasquotank,No,Wednesday,Bicyclist Failed to Yield - Midblock,12.0,August,Bicyclist Ride Out - Other Midblock,2009,61.0,No,O: No Injury,Male,Pickup,No,36.296604,-76.22391,Dry,30 - 35  MPH,Flashing Stop And Go Signal,Clear,No,0,0,8
Yes,20.0,No,Not Applicable,B: Suspected Minor Injury,Male,None - Rural Crash,Robeson,No,Saturday,Bicyclist Failed to Yield - Midblock,17.0,August,Bicyclist Ride Out - Midblock - Unknown,2009,34.0,No,B: Suspected Minor Injury,Male,Motorcycle,No,34.833344,-79.08341,Dry,50 - 55  MPH,No Control Present,Clear,No,0,0,8
Yes,43.0,No,With Traffic,C: Possible Injury,Male,Goldsboro,Wayne,No,Tuesday,Bicyclist Failed to Yield - Signalized Intersection,14.0,August,Bicyclist Failed to Clear - Trapped,2009,39.0,No,O: No Injury,Male,Pickup,No,35.36584,-77.99178,Dry,30 - 35  MPH,Stop And Go Signal,Cloudy,No,0,0,8
Yes,22.0,No,With Traffic,B: Suspected Minor Injury,Male,Rockingham,Richmond,No,Sunday,Bicyclist Failed to Yield - Sign-Controlled Intersection,18.0,August,Bicyclist Ride Through - Sign-Controlled Intersection,2009,29.0,No,O: No Injury,Male,Van,No,34.944496,-79.78071,Dry,30 - 35  MPH,Stop Sign,Clear,No,0,0,8
Yes,49.0,Yes,Facing Traffic,A: Suspected Serious Injury,Male,Lumberton,Robeson,Yes,Friday,Head-On,22.0,August,Head-On - Bicyclist,2009,21.0,No,O: No Injury,Male,Passenger Car,No,34.62064,-78.98119,Dry,40 - 45  MPH,No Control Present,Clear,No,0,0,8
Yes,13.0,No,With Traffic,B: Suspected Minor Injury,Male,Charlotte,Mecklenburg,No,Monday,Loss of Control / Turning Error,18.0,August,Bicyclist Lost Control - Mechanical Problems,2009,21.0,No,O: No Injury,Female,"Light Truck (Mini-Van, Panel)",No,35.229523,-80.81211,Dry,30 - 35  MPH,Stop Sign,Clear,No,0,0,8
Yes,53.0,No,With Traffic,B: Suspected Minor Injury,Male,None - Rural Crash,Durham,No,Wednesday,Other / Unusual Circumstances,17.0,August,Motorist Intentionally Caused,2009,22.0,No,O: No Injury,Male,Passenger Car,Yes,35.880215,-78.99664,Dry,40 - 45  MPH,"Double Yellow Line, No Passing Zone",Clear,No,0,0,8
Yes,48.0,No,With Traffic,B: Suspected Minor Injury,Male,Pineville,Mecklenburg,No,Saturday,Motorist Left Turn / Merge,8.0,August,Motorist Left Turn - Same Direction,2009,43.0,No,O: No Injury,Male,Sport Utility,No,35.071495,-80.87872,Dry,40 - 45  MPH,No Control Present,Cloudy,No,0,0,8
No,16.0,No,Facing Traffic,O: No Injury,Male,None - Rural Crash,Cumberland,No,Sunday,Bicyclist Right Turn / Merge,17.0,August,Bicyclist Right Turn - Same Direction,2009,51.0,No,O: No Injury,Male,Pickup,No,35.157238,-78.88112,Dry,40 - 45  MPH,No Control Present,Clear,No,0,0,8
Yes,18.0,No,Facing Traffic,C: Possible Injury,Male,Charlotte,Mecklenburg,No,Tuesday,Crossing Paths - Other Circumstances,17.0,August,Crossing Paths - Intersection - Other / Unknown,2009,35.0,No,O: No Injury,Male,Sport Utility,No,35.113285,-80.96774,Dry,40 - 45  MPH,No Control Present,Clear,No,0,0,8
No,25.0,No,Not Applicable,B: Suspected Minor Injury,Male,Durham,Durham,No,Tuesday,Bicyclist Failed to Yield - Midblock,18.0,September,Multiple Threat - Midblock,2009,29.0,No,O: No Injury,Female,Passenger Car,No,35.963963,-78.90704,Dry,30 - 35  MPH,Stop And Go Signal,Clear,No,0,0,9
No,51.0,No,With Traffic,C: Possible Injury,Male,Greensboro,Guilford,No,Sunday,Motorist Overtaking Bicyclist,17.0,August,Motorist Overtaking - Other / Unknown,2009,43.0,No,Unknown Injury,Female,Unknown,Yes,36.131153,-79.79857,Dry,40 - 45  MPH,No Control Present,Clear,No,0,0,8
Yes,15.0,No,With Traffic,C: Possible Injury,Male,Durham,Durham,No,Wednesday,Bicyclist Overtaking Motorist,20.0,September,Bicyclist Overtaking - Other / Unknown,2009,42.0,No,O: No Injury,Male,Passenger Car,No,35.99383,-78.90153,Dry,20 - 25  MPH,No Control Present,Clear,No,0,0,9
Yes,15.0,No,Facing Traffic,C: Possible Injury,Male,Greensboro,Guilford,No,Wednesday,Motorist Failed to Yield - Midblock,20.0,August,Motorist Drive Out - Commercial Driveway / Alley,2009,43.0,No,O: No Injury,Female,Passenger Car,No,36.09455,-79.81639,Wet,30 - 35  MPH,Stop Sign,Cloudy,No,0,0,8
No,20.0,No,Facing Traffic,C: Possible Injury,Male,Greensboro,Guilford,No,Wednesday,Motorist Failed to Yield - Midblock,20.0,August,Motorist Drive Out - Other Midblock,2009,42.03850604944766,Missing,Unknown Injury,Unknown,Unknown,Yes,36.07359,-79.88696,Dry,30 - 35  MPH,No Control Present,Clear,No,1,0,8
Yes,7.0,No,Not Applicable,B: Suspected Minor Injury,Male,Wilmington,New Hanover,No,Monday,Bicyclist Failed to Yield - Midblock,17.0,August,Bicyclist Ride Out - Other Midblock,2009,60.0,No,O: No Injury,Male,Passenger Car,No,34.192734,-77.908806,Dry,20 - 25  MPH,No Control Present,Clear,No,0,0,8
No,18.0,No,Facing Traffic,O: No Injury,Male,None - Rural Crash,Lenoir,No,Sunday,Motorist Failed to Yield - Sign-Controlled Intersection,15.0,August,Motorist Drive Out - Sign-Controlled Intersection,2009,27.0,No,O: No Injury,Female,Passenger Car,No,35.342125,-77.476204,Dry,50 - 55  MPH,Stop Sign,Clear,No,0,0,8
Yes,12.0,No,With Traffic,B: Suspected Minor Injury,Male,None - Rural Crash,Columbus,No,Thursday,Motorist Overtaking Bicyclist,16.0,September,Motorist Overtaking - Bicyclist Swerved,2009,22.0,No,O: No Injury,Female,Passenger Car,No,34.310635,-78.83144,Dry,30 - 35  MPH,No Control Present,Clear,No,0,0,9
Yes,6.0,No,With Traffic,C: Possible Injury,Female,Oriental,Pamlico,No,Saturday,Crossing Paths - Other Circumstances,17.0,September,Crossing Paths - Intersection - Other / Unknown,2009,47.0,No,O: No Injury,Male,Sport Utility,No,35.032227,-76.693954,Dry,20 - 25  MPH,"Double Yellow Line, No Passing Zone",Clear,No,0,0,9
Yes,52.0,No,With Traffic,A: Suspected Serious Injury,Male,None - Rural Crash,Richmond,No,Wednesday,Motorist Overtaking Bicyclist,20.0,September,Motorist Overtaking - Other / Unknown,2009,42.03850604944766,No,Unknown Injury,Unknown,Pickup,Yes,34.846863,-79.69628,Dry,50 - 55  MPH,No Control Present,Clear,No,1,0,9
No,7.0,No,Not Applicable,C: Possible Injury,Male,Spring Lake,Cumberland,No,Sunday,Bicyclist Failed to Yield - Midblock,13.0,September,Bicyclist Ride Out - Midblock - Unknown,2009,23.0,No,O: No Injury,Male,Pickup,No,35.199688,-78.989975,Dry,40 - 45  MPH,No Control Present,Clear,No,0,0,9
Yes,64.0,No,Facing Traffic,C: Possible Injury,Female,Charlotte,Mecklenburg,No,Sunday,Motorist Failed to Yield - Signalized Intersection,10.0,August,Motorist Drive Out - Right Turn on Red,2009,54.0,No,O: No Injury,Male,Tractor/Semi-Trailer,No,35.17801,-80.80095,Dry,20 - 25  MPH,Stop And Go Signal,Cloudy,No,0,0,8
No,17.0,No,With Traffic,C: Possible Injury,Male,None - Rural Crash,Person,No,Wednesday,Motorist Overtaking Bicyclist,19.0,August,Motorist Overtaking - Bicyclist Swerved,2009,32.0,No,O: No Injury,Male,Van,No,36.434635,-79.05561,Dry,50 - 55  MPH,"Double Yellow Line, No Passing Zone",Cloudy,No,0,0,8
Yes,53.0,No,With Traffic,B: Suspected Minor Injury,Female,High Point,Guilford,No,Wednesday,Crossing Paths - Other Circumstances,17.0,August,Sign-Controlled Intersection - Other / Unknown,2009,22.0,No,O: No Injury,Male,Pickup,No,35.984833,-80.006874,Dry,40 - 45  MPH,Stop Sign,Clear,No,0,0,8
Yes,53.0,No,Not Applicable,C: Possible Injury,Male,Durham,Durham,No,Friday,Head-On,13.0,September,Head-On - Bicyclist,2009,56.0,Missing,O: No Injury,Male,Pickup,No,36.05039,-78.90364,Dry,30 - 35  MPH,No Control Present,Clear,No,0,0,9
Yes,55.0,No,With Traffic,C: Possible Injury,Female,Charlotte,Mecklenburg,No,Wednesday,Motorist Left Turn / Merge,8.0,August,Motorist Left Turn - Opposite Direction,2009,29.0,No,O: No Injury,Female,Sport Utility,No,35.209854,-80.859726,Dry,30 - 35  MPH,Stop And Go Signal,Clear,No,0,0,8
Yes,57.0,No,Facing Traffic,B: Suspected Minor Injury,Male,Fayetteville,Cumberland,No,Tuesday,Motorist Failed to Yield - Sign-Controlled Intersection,12.0,August,Motorist Drive Out - Sign-Controlled Intersection,2009,18.0,No,O: No Injury,Female,Passenger Car,No,35.071106,-78.92065,Dry,20 - 25  MPH,Stop Sign,Clear,No,0,0,8
No,17.0,No,With Traffic,B: Suspected Minor Injury,Male,Huntersville,Mecklenburg,No,Tuesday,Crossing Paths - Other Circumstances,17.0,August,Crossing Paths - Intersection - Other / Unknown,2009,42.03850604944766,Missing,Unknown Injury,Unknown,Unknown,Yes,35.410957,-80.84065,Dry,20 - 25  MPH,"Double Yellow Line, No Passing Zone",Clear,No,1,0,8
Yes,44.0,Yes,With Traffic,B: Suspected Minor Injury,Male,Greensboro,Guilford,Yes,Wednesday,Motorist Overtaking Bicyclist,15.0,August,Motorist Overtaking - Bicyclist Swerved,2009,44.0,No,O: No Injury,Female,Passenger Car,No,36.0648,-79.7927,Dry,30 - 35  MPH,RR Gate And Flasher,Clear,No,0,0,8
Yes,55.0,No,Not Applicable,B: Suspected Minor Injury,Male,Selma,Johnston,No,Saturday,Non-Roadway,12.0,August,Non-Roadway,2009,18.0,No,O: No Injury,Male,Passenger Car,No,35.53418,-78.28645,"Water (Standing, Moving)",Unknown,No Control Present,Clear,No,0,0,8
No,18.0,No,Facing Traffic,C: Possible Injury,Male,Charlotte,Mecklenburg,No,Friday,Motorist Failed to Yield - Sign-Controlled Intersection,16.0,August,Motorist Drive Out - Sign-Controlled Intersection,2009,51.0,No,O: No Injury,Male,Sport Utility,No,35.24644,-80.89422,Dry,20 - 25  MPH,Stop Sign,Clear,No,0,0,8
Yes,36.0,No,With Traffic,C: Possible Injury,Male,None - Rural Crash,Wake,No,Friday,Motorist Right Turn / Merge,13.0,September,Motorist Right Turn - Same Direction,2009,36.0,No,O: No Injury,Male,Pickup,No,35.706413,-78.80375,Dry,40 - 45  MPH,"Double Yellow Line, No Passing Zone",Clear,No,0,0,9
Yes,15.0,No,With Traffic,C: Possible Injury,Male,Durham,Durham,No,Monday,Loss of Control / Turning Error,18.0,September,Bicyclist Lost Control - Surface Conditions,2009,52.0,No,O: No Injury,Male,Sport Utility,No,35.97676,-78.906845,Wet,30 - 35  MPH,Stop Sign,Rain,No,0,0,9
No,14.0,No,Facing Traffic,Unknown Injury,Male,Boiling Springs,Cleveland,No,Thursday,Crossing Paths - Other Circumstances,21.0,August,Crossing Paths - Intersection - Other / Unknown,2009,21.0,No,O: No Injury,Female,Van,No,35.260803,-81.66763,Dry,Unknown,No Control Present,Cloudy,No,0,0,8
Yes,9.0,No,With Traffic,C: Possible Injury,Male,Chapel Hill,Orange,No,Wednesday,Motorist Right Turn / Merge,7.0,September,Motorist Right Turn - Same Direction,2009,43.0,No,O: No Injury,Female,"Light Truck (Mini-Van, Panel)",No,35.883,-79.069824,Dry,20 - 25  MPH,Stop Sign,Clear,No,0,0,9