AmbulanceR,BikeAge,BikeAlcFlg,BikeDir,BikeInjury,BikeSex,City,County,CrashAlcoh,CrashDay,CrashGrp,CrashHour,CrashMonth,CrashType,CrashYear,DrvrAge,DrvrAlcFlg,DrvrInjury,DrvrSex,DrvrVehTyp,HitRun,Latitude,Longitude,RdConditio,SpeedLimit,TraffCntrl,Weather,Workzone,DrvrAgeImputedFlag,BikeAgeImputedFlag,MonthCode
Yes,46.0,Yes,With Traffic,C: Possible Injury,Male,Rocky Mount,Nash,Yes,Wednesday,Crossing Paths - Other Circumstances,18.0,July,Signalized Intersection - Other / Unknown,2009,38.0,No,O: No Injury,Female,Passenger Car,No,35.963715,-77.84946,Dry,40 - 45  MPH,Stop And Go Signal,Clear,No,0,0,7
Yes,10.0,No,With Traffic,C: Possible Injury,Male,None - Rural Crash,Cleveland,No,Tuesday,Bicyclist Left Turn / Merge,16.0,August,Bicyclist Left Turn - Same Direction,2009,38.0,No,O: No Injury,Male,Pickup,No,35.23506,-81.406166,Dry,40 - 45  MPH,"Double Yellow Line, No Passing Zone",Cloudy,No,0,0,8
Yes,13.0,No,With Traffic,C: Possible Injury,Female,Weddington,Union,No,Sunday,Bicyclist Left Turn / Merge,20.0,September,Bicyclist Left Turn - Same Direction,2009,62.0,No,O: No Injury,Male,Passenger Car,No,35.010147,-80.79437,Dry,20 - 25  MPH,No Control Present,Clear,No,0,0,9
Yes,29.0,No,Not Applicable,B: Suspected Minor Injury,Male,Apex,Wake,No,Thursday,Bicyclist Failed to Yield - Midblock,16.0,August,Bicyclist Ride Out - Other Midblock,2009,54.0,No,O: No Injury,Female,Sport Utility,No,35.732758,-78.85011,Dry,20 - 25  MPH,No Control Present,Clear,No,0,0,8
Yes,16.0,No,Facing Traffic,C: Possible Injury,Male,Apex,Wake,No,Monday,Motorist Left Turn / Merge,15.0,August,Motorist Left Turn - Same Direction,2009,40.0,No,O: No Injury,Female,Sport Utility,No,35.737278,-78.879875,Wet,40 - 45  MPH,No Control Present,Rain,No,0,0,8
Yes,44.0,No,With Traffic,C: Possible Injury,Female,Lumberton,Robeson,No,Tuesday,Motorist Failed to Yield - Sign-Controlled Intersection,13.0,August,Motorist Drive Out - Sign-Controlled Intersection,2009,55.0,No,O: No Injury,Female,Passenger Car,No,34.62674,-79.0033,Dry,30 - 35  MPH,Stop Sign,Clear,No,0,0,8
Yes,30.0,No,Facing Traffic,C: Possible Injury,Female,Charlotte,Mecklenburg,No,Wednesday,Motorist Failed to Yield - Midblock,11.0,September,Motorist Drive Out - Commercial Driveway / Alley,2009,37.0,No,O: No Injury,Male,Van,No,35.246414,-80.752365,Dry,30 - 35  MPH,No Control Present,Clear,No,0,0,9
Yes,62.0,No,With Traffic,B: Suspected Minor Injury,Male,Rocky Mount,Edgecombe,No,Sunday,Bicyclist Failed to Yield - Sign-Controlled Intersection,14.0,July,Bicyclist Ride Through - Sign-Controlled Intersection,2009,42.03850604944766,Missing,Unknown Injury,Unknown,Unknown,Yes,35.930492,-77.79222,Dry,30 - 35  MPH,Stop Sign,Clear,No,1,0,7
No,38.0,Yes,Facing Traffic,O: No Injury,Male,Salisbury,Rowan,Yes,Monday,Motorist Left Turn / Merge,23.0,September,Motorist Left Turn - Same Direction,2009,39.0,No,O: No Injury,Male,Police,No,35.664738,-80.4646,Dry,30 - 35  MPH,Stop Sign,Clear,No,0,0,9
Yes,49.0,No,With Traffic,C: Possible Injury,Male,None - Rural Crash,Wake,No,Saturday,Motorist Overtaking Bicyclist,8.0,September,Motorist Overtaking - Other / Unknown,2009,66.0,No,O: No Injury,Female,Passenger Car,No,35.98849,-78.699,Dry,50 - 55  MPH,"Double Yellow Line, No Passing Zone",Clear,No,0,0,9
No,35.0,No,Not Applicable,C: Possible Injury,Male,None - Rural Crash,Orange,No,Friday,Non-Roadway,18.0,August,Non-Roadway,2009,42.03850604944766,Missing,Unknown Injury,Unknown,Pickup,No,35.92442,-79.098656,Dry,5 - 15 MPH,No Control Present,Cloudy,No,1,0,8
No,10.0,No,With Traffic,Unknown Injury,Unknown,None - Rural Crash,Wayne,No,Tuesday,Bicyclist Left Turn / Merge,16.0,September,Bicyclist Left Turn - Same Direction,2009,25.0,No,O: No Injury,Female,Passenger Car,No,35.242855,-77.90444,Dry,50 - 55  MPH,"Double Yellow Line, No Passing Zone",Clear,No,0,0,9
No,24.0,No,With Traffic,C: Possible Injury,Female,Wilmington,New Hanover,No,Tuesday,Motorist Failed to Yield - Midblock,14.0,September,Motorist Drive Out - Residential Driveway,2009,33.0,No,O: No Injury,Male,Passenger Car,No,34.202274,-77.88651,Dry,20 - 25  MPH,No Control Present,Clear,No,0,0,9
No,22.0,No,Facing Traffic,B: Suspected Minor Injury,Male,Raleigh,Wake,No,Monday,Motorist Left Turn / Merge,18.0,August,Motorist Left Turn - Same Direction,2009,47.0,No,O: No Injury,Male,Passenger Car,No,35.78381,-78.67712,Dry,20 - 25  MPH,Stop Sign,Clear,No,0,0,8
No,68.0,No,With Traffic,B: Suspected Minor Injury,Male,Asheville,Buncombe,No,Sunday,Motorist Left Turn / Merge,12.0,August,Motorist Left Turn - Opposite Direction,2009,19.0,No,O: No Injury,Male,Passenger Car,No,35.60858,-82.577194,Dry,40 - 45  MPH,Stop Sign,Clear,No,0,0,8
Yes,15.0,No,With Traffic,B: Suspected Minor Injury,Male,Charlotte,Mecklenburg,No,Sunday,Bicyclist Failed to Yield - Sign-Controlled Intersection,11.0,August,Bicyclist Ride Through - Sign-Controlled Intersection,2009,62.0,No,O: No Injury,Male,Passenger Car,No,35.206905,-80.899,Dry,20 - 25  MPH,Stop Sign,Clear,No,0,0,8
Yes,24.0,No,With Traffic,A: Suspected Serious Injury,Male,Kill Devil Hills,Dare,No,Sunday,Motorist Left Turn / Merge,8.0,September,Motorist Left Turn - Opposite Direction,2009,44.0,No,O: No Injury,Male,Pickup,No,35.997616,-75.651375,Dry,50 - 55  MPH,Stop And Go Signal,Cloudy,No,0,0,9
No,7.0,No,Not Applicable,C: Possible Injury,Female,Greensboro,Guilford,No,Wednesday,Non-Roadway,18.0,July,Non-Roadway,2009,44.0,No,O: No Injury,Male,Unknown,Yes,36.00946,-79.788315,Dry,20 - 25  MPH,No Control Present,Clear,No,0,0,7
Yes,16.0,No,With Traffic,A: Suspected Serious Injury,Male,None - Rural Crash,Pitt,No,Saturday,Bicyclist Left Turn / Merge,13.0,August,Bicyclist Left Turn - Same Direction,2009,40.0,No,O: No Injury,Female,Passenger Car,No,35.649757,-77.41619,Dry,50 - 55  MPH,"Double Yellow Line, No Passing Zone",Clear,No,0,0,8
No,35.0,No,With Traffic,B: Suspected Minor Injury,Female,None - Rural Crash,Durham,No,Sunday,Bicyclist Failed to Yield - Sign-Controlled Intersection,18.0,August,Bicyclist Ride Through - Sign-Controlled Intersection,2009,54.0,No,O: No Injury,Male,Sport Utility,No,35.95418,-78.73124,Dry,40 - 45  MPH,Stop Sign,Clear,No,0,0,8
No,21.0,No,With Traffic,B: Suspected Minor Injury,Male,Raleigh,Wake,No,Wednesday,Backing Vehicle,12.0,September,Backing Vehicle,2009,19.0,No,O: No Injury,Male,Pickup,No,35.78113,-78.68073,Dry,20 - 25  MPH,No Control Present,Clear,No,0,0,9
No,13.0,No,With Traffic,C: Possible Injury,Male,Charlotte,Mecklenburg,No,Sunday,Motorist Right Turn / Merge,16.0,August,Motorist Right Turn - Same Direction,2009,63.0,No,O: No Injury,Female,Passenger Car,No,35.23838,-80.71249,Dry,20 - 25  MPH,No Control Present,Clear,No,0,0,8
Yes,21.0,No,With Traffic,B: Suspected Minor Injury,Male,Chapel Hill,Orange,No,Wednesday,Motorist Left Turn / Merge,10.0,September,Motorist Left Turn - Opposite Direction,2009,40.0,No,Unknown Injury,Male,Pickup,No,35.90214,-79.04427,Dry,20 - 25  MPH,No Control Present,Clear,No,0,0,9
Yes,12.0,No,With Traffic,C: Possible Injury,Female,None - Rural Crash,Cleveland,No,Monday,Bicyclist Failed to Yield - Sign-Controlled Intersection,19.0,September,Bicyclist Ride Through - Sign-Controlled Intersection,2009,22.0,No,O: No Injury,Male,Passenger Car,No,35.326443,-81.502174,Dry,20 - 25  MPH,Stop Sign,Cloudy,No,0,0,9
Yes,22.0,No,With Traffic,B: Suspected Minor Injury,Male,Raleigh,Wake,No,Tuesday,Bicyclist Left Turn / Merge,15.0,September,Bicyclist Left Turn - Same Direction,2009,24.0,No,O: No Injury,Male,Passenger Car,No,35.78183,-78.66772,Dry,20 - 25  MPH,No Control Present,Clear,No,0,0,9
Yes,19.0,No,Not Applicable,B: Suspected Minor Injury,Female,Nags Head,Dare,No,Sunday,Bicyclist Failed to Yield - Midblock,21.0,June,Bicyclist Ride Out - Midblock - Unknown,2009,68.0,No,O: No Injury,Male,Van,No,35.983757,-75.64382,Dry,50 - 55  MPH,No Control Present,Clear,No,0,0,6
Yes,36.0,No,Facing Traffic,C: Possible Injury,Male,Fayetteville,Cumberland,No,Tuesday,Motorist Failed to Yield - Sign-Controlled Intersection,15.0,September,Motorist Drive Out - Sign-Controlled Intersection,2009,41.0,No,O: No Injury,Female,Sport Utility,No,35.068718,-78.96613,Dry,5 - 15 MPH,Stop Sign,Clear,No,0,0,9
Yes,52.0,No,With Traffic,B: Suspected Minor Injury,Male,Nags Head,Dare,No,Tuesday,Loss of Control / Turning Error,8.0,March,Motorist Turning Error - Left Turn,2009,29.0,No,O: No Injury,Female,Van,No,35.97756,-75.64069,Dry,20 - 25  MPH,Stop And Go Signal,Clear,No,0,0,3
Yes,30.0,No,With Traffic,B: Suspected Minor Injury,Male,Marvin,Union,No,Saturday,Motorist Failed to Yield - Sign-Controlled Intersection,15.0,September,Motorist Drive Out - Sign-Controlled Intersection,2009,35.0,No,O: No Injury,Female,Van,No,35.009598,-80.81499,Dry,30 - 35  MPH,Stop Sign,Clear,No,0,0,9
Yes,11.0,No,Not Applicable,C: Possible Injury,Male,Concord,Cabarrus,No,Friday,Non-Roadway,20.0,September,Non-Roadway,2009,18.0,No,O: No Injury,Male,Pickup,No,35.423126,-80.59182,Dry,5 - 15 MPH,No Control Present,Clear,No,0,0,9
Yes,20.0,No,Facing Traffic,B: Suspected Minor Injury,Male,Charlotte,Mecklenburg,No,Friday,Motorist Failed to Yield - Midblock,1.0,September,Motorist Drive Out - Other Midblock,2009,51.0,No,O: No Injury,Male,Taxicab,No,35.225685,-80.84321,Dry,20 - 25  MPH,No Control Present,Clear,No,0,0,9
Yes,41.0,No,With Traffic,C: Possible Injury,Male,Wilmington,New Hanover,No,Thursday,Motorist Left Turn / Merge,10.0,September,Motorist Left Turn - Opposite Direction,2009,67.0,No,O: No Injury,Female,Passenger Car,No,34.238792,-77.9491,Dry,20 - 25  MPH,Stop And Go Signal,Cloudy,No,0,0,9
Yes,21.0,No,Facing Traffic,A: Suspected Serious Injury,Male,None - Rural Crash,Iredell,No,Tuesday,Head-On,21.0,September,Head-On - Bicyclist,2009,16.0,No,O: No Injury,Male,Passenger Car,No,35.759304,-80.9923,Dry,50 - 55  MPH,No Control Present,Cloudy,No,0,0,9
Yes,46.0,No,With Traffic,C: Possible Injury,Male,Kill Devil Hills,Dare,No,Saturday,Motorist Right Turn / Merge,13.0,August,Motorist Right Turn - Same Direction,2009,30.0,No,O: No Injury,Female,Passenger Car,No,35.998623,-75.65205,Dry,50 - 55  MPH,Stop And Go Signal,Clear,No,0,0,8
No,18.0,No,Not Applicable,B: Suspected Minor Injury,Male,Black Mountain,Buncombe,No,Thursday,Other / Unknown - Insufficient Details,15.0,September,Unknown Approach Paths,2009,42.0,No,O: No Injury,Male,Pickup,Yes,35.614765,-82.31901,Dry,30 - 35  MPH,Stop And Go Signal,Cloudy,No,0,0,9
Yes,48.0,Yes,With Traffic,B: Suspected Minor Injury,Male,None - Rural Crash,Wake,Yes,Thursday,Other / Unusual Circumstances,22.0,September,Bicycle Only,2009,42.03850604944766,Missing,Unknown Injury,Unknown,Passenger Car,Yes,35.600098,-78.87942,Dry,40 - 45  MPH,"Double Yellow Line, No Passing Zone",Clear,No,1,0,9
Yes,54.0,No,With Traffic,B: Suspected Minor Injury,Male,Chapel Hill,Orange,No,Thursday,Motorist Overtaking Bicyclist,7.0,September,Motorist Overtaking - Misjudged Space,2009,67.0,No,O: No Injury,Male,Commercial Bus,No,35.912994,-79.04783,Dry,20 - 25  MPH,Stop And Go Signal,Cloudy,No,0,0,9
No,55.0,No,With Traffic,B: Suspected Minor Injury,Male,Durham,Durham,No,Wednesday,Motorist Left Turn / Merge,17.0,September,Motorist Left Turn - Opposite Direction,2009,61.0,No,O: No Injury,Female,Passenger Car,No,35.971127,-78.9583,Dry,30 - 35  MPH,No Control Present,Clear,No,0,0,9
Yes,19.0,No,Facing Traffic,B: Suspected Minor Injury,Male,None - Rural Crash,New Hanover,No,Friday,Motorist Failed to Yield - Midblock,12.0,September,Motorist Drive Out - Commercial Driveway / Alley,2009,43.0,No,O: No Injury,Male,Sport Utility,No,34.15006,-77.90299,Dry,40 - 45  MPH,No Control Present,Clear,No,0,0,9
Yes,51.0,Yes,With Traffic,C: Possible Injury,Male,None - Rural Crash,Caswell,Yes,Thursday,Motorist Overtaking Bicyclist,19.0,September,Motorist Overtaking - Undetected Bicyclist,2009,40.0,No,O: No Injury,Male,Passenger Car,No,36.50973,-79.14657,Dry,50 - 55  MPH,No Control Present,Clear,No,0,0,9
No,10.0,No,With Traffic,C: Possible Injury,Female,Charlotte,Mecklenburg,No,Friday,Loss of Control / Turning Error,17.0,September,Motorist Turning Error - Left Turn,2009,67.0,No,O: No Injury,Female,Passenger Car,No,35.190487,-80.72908,Dry,20 - 25  MPH,Stop Sign,Clear,No,0,0,9
No,50.0,No,With Traffic,B: Suspected Minor Injury,Male,None - Rural Crash,New Hanover,No,Monday,Motorist Failed to Yield - Sign-Controlled Intersection,7.0,September,Motorist Drive Out - Sign-Controlled Intersection,2009,17.0,No,O: No Injury,Female,Passenger Car,No,34.103592,-77.90374,Dry,30 - 35  MPH,Stop Sign,Clear,No,0,0,9
Yes,66.0,No,With Traffic,B: Suspected Minor Injury,Male,Asheboro,Randolph,No,Wednesday,Bicyclist Failed to Yield - Sign-Controlled Intersection,18.0,September,Bicyclist Ride Through - Sign-Controlled Intersection,2009,53.0,No,O: No Injury,Male,Passenger Car,No,35.71125,-79.800705,Dry,30 - 35  MPH,Stop Sign,Clear,No,0,0,9
Yes,49.0,No,With Traffic,B: Suspected Minor Injury,Female,Carrboro,Orange,No,Sunday,Motorist Overtaking Bicyclist,7.0,September,Motorist Overtaking - Other / Unknown,2009,60.0,No,O: No Injury,Male,Passenger Car,No,35.92753,-79.093216,Dry,30 - 35  MPH,No Control Present,Clear,No,0,0,9
Yes,44.0,No,With Traffic,O: No Injury,Male,Monroe,Union,No,Monday,Crossing Paths - Other Circumstances,19.0,September,Sign-Controlled Intersection - Other / Unknown,2009,20.0,No,B: Suspected Minor Injury,Male,Passenger Car,No,35.005917,-80.56077,Dry,5 - 15 MPH,Stop Sign,Clear,No,0,0,9
No,24.0,No,With Traffic,B: Suspected Minor Injury,Male,Charlotte,Mecklenburg,No,Thursday,Motorist Right Turn / Merge,17.0,September,Motorist Right Turn - Same Direction,2009,30.0,No,C: Possible Injury,Female,Sport Utility,No,35.186714,-80.76577,Dry,30 - 35  MPH,No Control Present,Cloudy,No,0,0,9
Yes,47.0,No,Facing Traffic,C: Possible Injury,Male,Gastonia,Gaston,No,Saturday,Motorist Failed to Yield - Sign-Controlled Intersection,8.0,September,Motorist Drive Out - Sign-Controlled Intersection,2009,61.0,No,O: No Injury,Male,Pickup,No,35.262226,-81.193245,Dry,Unknown,Stop And Go Signal,Clear,No,0,0,9
Yes,37.0,No,With Traffic,B: Suspected Minor Injury,Female,Morganton,Burke,No,Monday,Bicyclist Failed to Yield - Sign-Controlled Intersection,16.0,September,Bicyclist Ride Through - Sign-Controlled Intersection,2009,30.0,No,O: No Injury,Male,Pickup,No,35.749935,-81.682434,Dry,30 - 35  MPH,Stop Sign,Clear,No,0,0,9
Yes,21.0,No,Facing Traffic,B: Suspected Minor Injury,Male,Goldsboro,Wayne,No,Friday,Bicyclist Right Turn / Merge,16.0,September,Bicyclist Right Turn - Same Direction,2009,32.0,No,O: No Injury,Male,Passenger Car,No,35.37068,-77.98289,Dry,20 - 25  MPH,No Control Present,Clear,No,0,0,9
No,18.0,No,Facing Traffic,C: Possible Injury,Male,Goldsboro,Wayne,No,Saturday,Crossing Paths - Other Circumstances,12.0,September,Signalized Intersection - Other / Unknown,2009,65.0,No,O: No Injury,Female,Passenger Car,No,35.39693,-77.966736,Dry,30 - 35  MPH,Stop And Go Signal,Clear,No,0,0,9
Yes,21.0,No,Facing Traffic,C: Possible Injury,Female,Nags Head,Dare,No,Wednesday,Motorist Failed to Yield - Sign-Controlled Intersection,13.0,July,Motorist Drive Out - Sign-Controlled Intersection,2009,28.0,No,O: No Injury,Female,Sport Utility,No,35.921017,-75.605705,Dry,50 - 55  MPH,Stop Sign,Clear,No,0,0,7
Yes,37.0,Yes,Not Applicable,C: Possible Injury,Male,Kill Devil Hills,Dare,Yes,Thursday,Non-Roadway,16.0,September,Non-Roadway,2009,46.0,No,O: No Injury,Male,Passenger Car,No,36.013023,-75.661415,Dry,Unknown,No Control Present,Clear,No,0,0,9
Yes,21.0,No,With Traffic,B: Suspected Minor Injury,Male,None - Rural Crash,Buncombe,No,Sunday,Motorist Overtaking Bicyclist,22.0,September,Motorist Overtaking - Undetected Bicyclist,2009,39.0,No,O: No Injury,Male,Passenger Car,No,35.586475,-82.45729,Wet,40 - 45  MPH,No Control Present,Rain,No,0,0,9
No,19.0,No,With Traffic,C: Possible Injury,Female,None - Rural Crash,Granville,No,Sunday,Motorist Right Turn / Merge,9.0,September,Motorist Right Turn - Same Direction,2009,65.0,No,O: No Injury,Female,Passenger Car,No,36.18342,-78.74512,Dry,50 - 55  MPH,"Double Yellow Line, No Passing Zone",Cloudy,No,0,0,9
No,14.0,No,Facing Traffic,C: Possible Injury,Male,Nags Head,Dare,No,Wednesday,Motorist Failed to Yield - Midblock,9.0,July,Motorist Drive Out - Commercial Driveway / Alley,2009,23.0,No,O: No Injury,Female,Sport Utility,No,35.873775,-75.57803,Dry,Unknown,No Control Present,Clear,No,0,0,7
No,12.0,No,Facing Traffic,O: No Injury,Male,Rocky Mount,Edgecombe,No,Saturday,Motorist Failed to Yield - Sign-Controlled Intersection,13.0,August,Motorist Drive Out - Sign-Controlled Intersection,2009,39.0,No,O: No Injury,Male,Passenger Car,No,35.93212,-77.79228,Dry,30 - 35  MPH,Stop Sign,Clear,No,0,0,8
Yes,47.0,No,Facing Traffic,B: Suspected Minor Injury,Female,Rocky Mount,Edgecombe,No,Friday,Motorist Failed to Yield - Sign-Controlled Intersection,9.0,August,Motorist Drive Out - Sign-Controlled Intersection,2009,62.0,No,O: No Injury,Female,Sport Utility,No,35.930653,-77.774475,Dry,30 - 35  MPH,Stop Sign,Clear,No,0,0,8
Yes,56.0,No,With Traffic,B: Suspected Minor Injury,Male,Rocky Mount,Nash,No,Monday,Motorist Failed to Yield - Sign-Controlled Intersection,9.0,August,Motorist Drive Through - Sign-Controlled Intersection,2009,47.0,No,O: No Injury,Female,Passenger Car,No,35.95829,-77.80242,Dry,30 - 35  MPH,No Control Present,Clear,No,0,0,8
Yes,50.0,No,With Traffic,B: Suspected Minor Injury,Female,High Point,Guilford,No,Saturday,Motorist Failed to Yield - Sign-Controlled Intersection,11.0,September,Motorist Drive Out - Sign-Controlled Intersection,2009,55.0,No,O: No Injury,Male,"Light Truck (Mini-Van, Panel)",No,36.000065,-80.009674,Dry,30 - 35  MPH,Stop Sign,Clear,No,0,0,9
Yes,17.0,No,Not Applicable,B: Suspected Minor Injury,Male,None - Rural Crash,Buncombe,No,Tuesday,Non-Roadway,13.0,September,Non-Roadway,2009,25.0,No,O: No Injury,Female,Van,No,35.607502,-82.37562,"Sand, Mud, Dirt, Gravel",Unknown,No Control Present,Cloudy,No,0,0,9
Yes,13.0,No,With Traffic,C: Possible Injury,Male,Gastonia,Gaston,No,Tuesday,Crossing Paths - Other Circumstances,18.0,September,Crossing Paths - Uncontrolled Intersection,2009,32.0,No,O: No Injury,Male,Passenger Car,No,35.253433,-81.17812,Dry,40 - 45  MPH,No Control Present,Clear,No,0,0,9
Yes,50.0,No,Facing Traffic,B: Suspected Minor Injury,Male,Mills River,Henderson,No,Sunday,Motorist Overtaking Bicyclist,16.0,October,Motorist Overtaking - Other / Unknown,2009,49.0,No,O: No Injury,Male,Passenger Car,No,35.375854,-82.57849,Dry,30 - 35  MPH,"Double Yellow Line, No Passing Zone",Cloudy,No,0,0,10
Yes,19.0,No,With Traffic,B: Suspected Minor Injury,Male,None - Rural Crash,New Hanover,No,Tuesday,Motorist Overtaking Bicyclist,19.0,September,Motorist Overtaking - Other / Unknown,2009,42.03850604944766,Missing,Unknown Injury,Unknown,Unknown,Yes,34.12228,-77.87881,Wet,40 - 45  MPH,"Double Yellow Line, No Passing Zone",Cloudy,No,1,0,9
Yes,40.0,No,With Traffic,B: Suspected Minor Injury,Male,High Point,Guilford,No,Tuesday,Crossing Paths - Other Circumstances,22.0,September,Signalized Intersection - Other / Unknown,2009,51.0,No,O: No Injury,Male,Passenger Car,No,35.974743,-80.03369,Wet,40 - 45  MPH,Stop And Go Signal,Cloudy,No,0,0,9
Yes,20.0,No,Facing Traffic,Unknown Injury,Unknown,Fayetteville,Cumberland,No,Wednesday,Motorist Failed to Yield - Signalized Intersection,10.0,September,Motorist Drive Out - Right Turn on Red,2009,42.03850604944766,Missing,Unknown Injury,Unknown,Unknown,Yes,35.11708,-78.88004,Dry,30 - 35  MPH,Stop And Go Signal,Cloudy,No,1,0,9
No,11.0,No,Not Applicable,C: Possible Injury,Male,Charlotte,Mecklenburg,No,Thursday,Bicyclist Failed to Yield - Midblock,19.0,September,Bicyclist Ride Out - Midblock - Unknown,2009,23.0,No,O: No Injury,Female,Passenger Car,No,35.281235,-80.77153,Dry,20 - 25  MPH,No Control Present,Clear,No,0,0,9
Yes,27.0,No,With Traffic,C: Possible Injury,Male,None - Rural Crash,Robeson,No,Sunday,Motorist Overtaking Bicyclist,9.0,September,Motorist Overtaking - Misjudged Space,2009,42.03850604944766,Missing,Unknown Injury,Unknown,Unknown,Yes,34.7513,-78.96149,Wet,50 - 55  MPH,No Control Present,Cloudy,No,1,0,9
No,18.0,Yes,Facing Traffic,C: Possible Injury,Male,None - Rural Crash,Catawba,Yes,Monday,Head-On,22.0,September,Head-On - Bicyclist,2009,25.0,No,O: No Injury,Male,Sport Utility,No,35.650524,-81.19749,Dry,40 - 45  MPH,"Double Yellow Line, No Passing Zone",Cloudy,No,0,0,9
Yes,57.0,No,With Traffic,B: Suspected Minor Injury,Male,None - Rural Crash,Buncombe,No,Wednesday,Motorist Overtaking Bicyclist,16.0,September,Motorist Overtaking - Other / Unknown,2009,54.0,No,O: No Injury,Female,Sport Utility,No,35.600357,-82.37224,Dry,40 - 45  MPH,No Control Present,Clear,No,0,0,9
Yes,31.0,No,With Traffic,C: Possible Injury,Male,None - Rural Crash,Bladen,No,Wednesday,Loss of Control / Turning Error,20.0,October,Motorist Lost Control - Other / Unknown,2009,42.03850604944766,No,Unknown Injury,Unknown,Passenger Car,Yes,34.56472,-78.84384,Dry,50 - 55  MPH,No Control Present,Clear,No,1,0,10
Yes,20.0,No,With Traffic,C: Possible Injury,Male,Durham,Durham,No,Thursday,Motorist Overtaking Bicyclist,16.0,October,Motorist Overtaking - Misjudged Space,2009,42.03850604944766,Missing,Unknown Injury,Unknown,Passenger Car,Yes,35.98208,-78.877815,Dry,30 - 35  MPH,No Control Present,Clear,No,1,0,10
Yes,57.0,No,With Traffic,C: Possible Injury,Male,Durham,Durham,No,Monday,Motorist Overtaking Bicyclist,18.0,October,Motorist Overtaking - Misjudged Space,2009,56.0,No,O: No Injury,Female,Passenger Car,No,35.98697,-78.84472,Dry,30 - 35  MPH,Stop And Go Signal,Clear,No,0,0,10
Yes,8.0,No,Facing Traffic,B: Suspected Minor Injury,Male,Asheville,Buncombe,No,Thursday,Head-On,16.0,August,Head-On - Bicyclist,2009,18.0,No,O: No Injury,Male,Passenger Car,No,35.571815,-82.62191,Wet,20 - 25  MPH,No Control Present,Rain,No,0,0,8
Yes,22.0,No,Facing Traffic,B: Suspected Minor Injury,Male,Raleigh,Wake,No,Friday,Motorist Failed to Yield - Sign-Controlled Intersection,19.0,September,Motorist Drive Out - Sign-Controlled Intersection,2009,46.0,No,O: No Injury,Female,Sport Utility,No,35.844715,-78.64395,Dry,5 - 15 MPH,Stop Sign,Clear,No,0,0,9
No,43.0,No,With Traffic,O: No Injury,Male,Raleigh,Wake,No,Saturday,Crossing Paths - Other Circumstances,12.0,September,Crossing Paths - Uncontrolled Intersection,2009,36.0,No,O: No Injury,Male,Truck/Trailer,No,35.925423,-78.559685,Dry,20 - 25  MPH,No Control Present,Clear,No,0,0,9
No,20.0,No,Not Applicable,O: No Injury,Male,Greensboro,Guilford,No,Sunday,Non-Roadway,14.0,September,Non-Roadway,2009,20.0,No,O: No Injury,Female,Passenger Car,No,36.06816,-79.81447,Dry,Unknown,No Control Present,Clear,No,0,0,9
No,10.0,No,With Traffic,C: Possible Injury,Male,Raleigh,Wake,No,Saturday,Bicyclist Failed to Yield - Midblock,17.0,September,Bicyclist Ride Out - Other Midblock,2009,33.0,No,O: No Injury,Female,Passenger Car,No,35.744724,-78.65375,Dry,30 - 35  MPH,No Control Present,Clear,No,0,0,9
No,21.0,No,With Traffic,C: Possible Injury,Male,Raleigh,Wake,No,Friday,Motorist Overtaking Bicyclist,14.0,September,Motorist Overtaking - Misjudged Space,2009,42.03850604944766,Missing,Unknown Injury,Unknown,Unknown,Yes,35.78909,-78.6746,Dry,30 - 35  MPH,No Control Present,Clear,No,1,0,9
No,61.0,No,With Traffic,B: Suspected Minor Injury,Male,Raleigh,Wake,No,Tuesday,Motorist Right Turn / Merge,18.0,September,Motorist Right Turn - Same Direction,2009,42.03850604944766,Missing,Unknown Injury,Unknown,Unknown,Yes,35.79087,-78.66026,Dry,30 - 35  MPH,No Control Present,Clear,No,1,0,9
Yes,47.0,No,With Traffic,C: Possible Injury,Male,None - Rural Crash,Catawba,No,Friday,Motorist Overtaking Bicyclist,20.0,October,Motorist Overtaking - Misjudged Space,2009,42.03850604944766,No,Unknown Injury,Unknown,Pickup,Yes,35.68663,-81.177505,Dry,40 - 45  MPH,"Double Yellow Line, No Passing Zone",Cloudy,No,1,0,10
Yes,49.0,No,Facing Traffic,C: Possible Injury,Male,Raleigh,Wake,No,Monday,Motorist Failed to Yield - Midblock,8.0,August,Motorist Drive Out - Other Midblock,2009,22.0,No,O: No Injury,Female,Pickup,No,35.784874,-78.689095,Wet,40 - 45  MPH,No Control Present,Rain,No,0,0,8
Yes,34.0,No,Facing Traffic,B: Suspected Minor Injury,Male,Raleigh,Wake,No,Wednesday,Motorist Failed to Yield - Signalized Intersection,21.0,September,Motorist Drive Through - Signalized Intersection,2009,42.03850604944766,Missing,Unknown Injury,Unknown,Unknown,Yes,35.79904,-78.646,Dry,30 - 35  MPH,Stop And Go Signal,Clear,No,1,0,9
Yes,11.0,No,Not Applicable,B: Suspected Minor Injury,Male,None - Rural Crash,Ashe,No,Thursday,Bicyclist Failed to Yield - Midblock,15.0,September,Bicyclist Ride Out - Other Midblock,2009,16.0,No,O: No Injury,Female,Passenger Car,No,36.410557,-81.48929,Dry,30 - 35  MPH,"Double Yellow Line, No Passing Zone",Cloudy,No,0,0,9