AmbulanceR,BikeAge,BikeAlcFlg,BikeDir,BikeInjury,BikeSex,City,County,CrashAlcoh,CrashDay,CrashGrp,CrashHour,CrashMonth,CrashType,CrashYear,DrvrAge,DrvrAlcFlg,DrvrInjury,DrvrSex,DrvrVehTyp,HitRun,Latitude,Longitude,RdConditio,SpeedLimit,TraffCntrl,Weather,Workzone,DrvrAgeImputedFlag,BikeAgeImputedFlag,MonthCode
Yes,63.0,No,With Traffic,B: Suspected Minor Injury,Male,Weaverville,Buncombe,No,Sunday,Loss of Control / Turning Error,15.0,May,Motorist Turning Error - Right Turn,2009,36.0,No,O: No Injury,Female,Passenger Car,No,35.711845,-82.56074,Wet,30 - 35  MPH,Stop And Go Signal,Cloudy,No,0,0,5
Yes,58.0,No,With Traffic,B: Suspected Minor Injury,Male,Winston-Salem,Forsyth,No,Saturday,Motorist Left Turn / Merge,12.0,October,Motorist Left Turn - Opposite Direction,2009,55.0,No,O: No Injury,Female,Passenger Car,No,36.109894,-80.325676,Dry,30 - 35  MPH,Stop Sign,Clear,No,0,0,10
Yes,52.0,No,With Traffic,B: Suspected Minor Injury,Male,Greensboro,Guilford,No,Wednesday,Motorist Overtaking Bicyclist,12.0,September,Motorist Overtaking - Misjudged Space,2009,19.0,No,O: No Injury,Female,Passenger Car,No,36.072445,-79.79034,Dry,20 - 25  MPH,Stop And Go Signal,Clear,No,0,0,9
Yes,16.0,No,With Traffic,A: Suspected Serious Injury,Male,None - Rural Crash,Brunswick,No,Tuesday,Bicyclist Failed to Yield - Sign-Controlled Intersection,17.0,October,Bicyclist Ride Through - Sign-Controlled Intersection,2009,62.0,No,O: No Injury,Male,Passenger Car,No,33.91423,-78.49137,Dry,50 - 55  MPH,Stop Sign,Clear,No,0,0,10
Yes,9.0,No,With Traffic,B: Suspected Minor Injury,Male,Roanoke Rapids,Halifax,No,Sunday,Motorist Failed to Yield - Signalized Intersection,15.0,September,Motorist Drive Through - Signalized Intersection,2009,42.03850604944766,Missing,Unknown Injury,Unknown,Unknown,Yes,36.44219,-77.668945,Dry,30 - 35  MPH,Stop And Go Signal,Clear,No,1,0,9
Yes,18.0,No,With Traffic,C: Possible Injury,Male,None - Rural Crash,Stokes,No,Monday,Loss of Control / Turning Error,20.0,September,Motorist Lost Control - Other / Unknown,2009,42.03850604944766,Missing,Unknown Injury,Unknown,Unknown,Yes,36.330353,-80.336365,Dry,40 - 45  MPH,"Double Yellow Line, No Passing Zone",Clear,No,1,0,9
Yes,51.0,No,With Traffic,B: Suspected Minor Injury,Female,None - Rural Crash,Stokes,No,Saturday,Motorist Overtaking Bicyclist,10.0,October,Motorist Overtaking - Other / Unknown,2009,48.0,No,O: No Injury,Male,Van,No,36.278717,-80.40212,Dry,40 - 45  MPH,"Double Yellow Line, No Passing Zone",Clear,No,0,0,10
Yes,41.0,Yes,Not Applicable,C: Possible Injury,Male,Carrboro,Orange,Yes,Thursday,Bicyclist Failed to Yield - Midblock,15.0,October,Bicyclist Ride Out - Midblock - Unknown,2009,37.0,No,O: No Injury,Male,Passenger Car,No,35.906685,-79.083664,Dry,30 - 35  MPH,No Control Present,Clear,No,0,0,10
No,27.0,No,Facing Traffic,C: Possible Injury,Male,Asheboro,Randolph,No,Tuesday,Motorist Failed to Yield - Midblock,18.0,August,Motorist Drive Out - Commercial Driveway / Alley,2009,42.03850604944766,Missing,Unknown Injury,Unknown,Unknown,Yes,35.705738,-79.81549,Dry,Unknown,No Control Present,Clear,No,1,0,8
Yes,16.0,No,With Traffic,B: Suspected Minor Injury,Male,Statesville,Iredell,No,Friday,Bicyclist Failed to Yield - Sign-Controlled Intersection,16.0,October,Bicyclist Ride Through - Sign-Controlled Intersection,2009,43.0,No,O: No Injury,Female,Passenger Car,No,35.780945,-80.88372,Dry,30 - 35  MPH,Stop Sign,Clear,No,0,0,10
Yes,44.0,Yes,With Traffic,B: Suspected Minor Injury,Male,Charlotte,Mecklenburg,Yes,Monday,Motorist Overtaking Bicyclist,19.0,October,Motorist Overtaking - Bicyclist Swerved,2009,22.0,No,O: No Injury,Male,Passenger Car,No,35.22594,-80.90943,Wet,40 - 45  MPH,No Control Present,Cloudy,No,0,0,10
Yes,39.0,No,With Traffic,B: Suspected Minor Injury,Male,Midland,Cabarrus,No,Thursday,Motorist Overtaking Bicyclist,6.0,October,Motorist Overtaking - Other / Unknown,2009,42.03850604944766,No,Unknown Injury,Unknown,Unknown,Yes,35.250446,-80.50819,Wet,50 - 55  MPH,No Control Present,Cloudy,No,1,0,10
Yes,16.0,No,Unknown,B: Suspected Minor Injury,Male,None - Rural Crash,Beaufort,No,Sunday,Bicyclist Failed to Yield - Midblock,21.0,October,Bicyclist Ride Out - Midblock - Unknown,2009,20.0,No,O: No Injury,Male,Passenger Car,No,35.558372,-76.93874,Dry,50 - 55  MPH,"Double Yellow Line, No Passing Zone",Clear,No,0,0,10
No,43.0,No,Not Applicable,C: Possible Injury,Male,Rocky Mount,Edgecombe,No,Monday,Non-Roadway,12.0,September,Non-Roadway,2009,53.0,No,O: No Injury,Female,Sport Utility,No,35.944935,-77.77592,Dry,Unknown,No Control Present,Clear,No,0,0,9
No,17.0,No,Facing Traffic,O: No Injury,Male,Rocky Mount,Nash,No,Friday,Motorist Failed to Yield - Sign-Controlled Intersection,16.0,September,Motorist Drive Out - Sign-Controlled Intersection,2009,24.0,No,O: No Injury,Male,Pickup,No,35.96335,-77.84493,Dry,30 - 35  MPH,Stop Sign,Clear,No,0,0,9
No,48.0,No,With Traffic,C: Possible Injury,Male,Huntersville,Mecklenburg,No,Saturday,Motorist Overtaking Bicyclist,6.0,October,Motorist Overtaking - Other / Unknown,2009,27.0,No,O: No Injury,Female,Sport Utility,No,35.4344,-80.90519,Dry,40 - 45  MPH,"Double Yellow Line, No Passing Zone",Clear,No,0,0,10
Yes,16.0,No,Facing Traffic,C: Possible Injury,Male,Jacksonville,Onslow,No,Friday,Motorist Failed to Yield - Sign-Controlled Intersection,15.0,September,Motorist Drive Out - Sign-Controlled Intersection,2009,38.0,No,O: No Injury,Female,Passenger Car,No,34.76912,-77.39006,Dry,30 - 35  MPH,Stop Sign,Clear,No,0,0,9
Yes,14.0,No,Not Applicable,C: Possible Injury,Male,Jacksonville,Onslow,No,Monday,Non-Roadway,20.0,September,Non-Roadway,2009,40.0,No,O: No Injury,Female,Passenger Car,No,34.74782,-77.3775,Dry,Unknown,No Control Present,Clear,No,0,0,9
No,25.0,No,With Traffic,O: No Injury,Male,Asheville,Buncombe,No,Wednesday,Motorist Failed to Yield - Signalized Intersection,12.0,October,Motorist Drive Through - Signalized Intersection,2009,22.0,No,O: No Injury,Male,Sport Utility,No,35.586754,-82.59739,Dry,40 - 45  MPH,Stop And Go Signal,Clear,No,0,0,10
Yes,14.0,No,With Traffic,B: Suspected Minor Injury,Male,Raleigh,Wake,No,Sunday,Bicyclist Failed to Yield - Sign-Controlled Intersection,15.0,September,Bicyclist Ride Through - Sign-Controlled Intersection,2009,52.0,No,O: No Injury,Male,Sport Utility,No,35.84828,-78.708725,Dry,30 - 35  MPH,Stop Sign,Clear,No,0,0,9
Yes,35.0,No,With Traffic,B: Suspected Minor Injury,Male,Raleigh,Wake,No,Friday,Parallel Paths - Other Circumstances,18.0,September,Parallel Paths - Other / Unknown,2009,42.03850604944766,Missing,Unknown Injury,Unknown,Unknown,Yes,35.79088,-78.66125,Dry,30 - 35  MPH,Stop And Go Signal,Clear,No,1,0,9
No,18.0,No,Facing Traffic,O: No Injury,Male,Raleigh,Wake,No,Wednesday,Motorist Failed to Yield - Signalized Intersection,12.0,September,Motorist Drive Out - Right Turn on Red,2009,56.0,No,O: No Injury,Female,Passenger Car,No,35.788967,-78.673195,Dry,30 - 35  MPH,Stop And Go Signal,Clear,No,0,0,9
No,30.0,No,Facing Traffic,B: Suspected Minor Injury,Male,Raleigh,Wake,No,Tuesday,Motorist Failed to Yield - Midblock,17.0,September,Motorist Drive Out - Midblock - Unknown,2009,63.0,No,O: No Injury,Male,Pickup,No,35.84994,-78.58134,Dry,40 - 45  MPH,No Control Present,Clear,No,0,0,9
Yes,60.0,No,With Traffic,A: Suspected Serious Injury,Male,None - Rural Crash,Robeson,No,Monday,Motorist Overtaking Bicyclist,7.0,October,Motorist Overtaking - Other / Unknown,2009,24.0,No,O: No Injury,Male,Pickup,No,34.816418,-79.201454,Dry,50 - 55  MPH,No Control Present,Clear,No,0,0,10
No,25.0,No,Facing Traffic,C: Possible Injury,Male,Raleigh,Wake,No,Friday,Motorist Failed to Yield - Sign-Controlled Intersection,15.0,September,Motorist Drive Out - Sign-Controlled Intersection,2009,32.0,No,O: No Injury,Female,Sport Utility,No,35.837452,-78.570435,Dry,30 - 35  MPH,Stop Sign,Clear,No,0,0,9
Yes,25.0,No,Facing Traffic,B: Suspected Minor Injury,Male,Morehead City,Carteret,No,Saturday,Crossing Paths - Other Circumstances,15.0,October,Crossing Paths - Intersection - Other / Unknown,2009,43.0,No,O: No Injury,Male,Passenger Car,No,34.7241,-76.73523,Dry,30 - 35  MPH,No Control Present,Clear,No,0,0,10
Yes,19.0,No,Not Applicable,B: Suspected Minor Injury,Male,Raleigh,Wake,No,Sunday,Bicyclist Failed to Yield - Midblock,20.0,September,Bicyclist Ride Out - Midblock - Unknown,2009,42.03850604944766,Missing,Unknown Injury,Unknown,Sport Utility,Yes,35.746876,-78.606865,Dry,30 - 35  MPH,No Control Present,Clear,No,1,0,9
No,44.0,No,With Traffic,Unknown Injury,Male,Charlotte,Mecklenburg,No,Wednesday,Motorist Overtaking Bicyclist,19.0,September,Motorist Overtaking - Bicyclist Swerved,2009,17.0,No,C: Possible Injury,Male,Pedestrian,No,35.24186,-80.6617,"Water (Standing, Moving)",Unknown,No Control Present,Clear,No,0,0,9
Yes,27.0,No,Facing Traffic,C: Possible Injury,Male,Rocky Mount,Nash,No,Wednesday,Crossing Paths - Other Circumstances,19.0,September,Signalized Intersection - Other / Unknown,2009,39.0,No,O: No Injury,Male,Sport Utility,No,35.9427,-77.80186,Dry,30 - 35  MPH,Stop And Go Signal,Clear,No,0,0,9
No,18.0,No,Facing Traffic,O: No Injury,Male,Greenville,Pitt,No,Wednesday,Bicyclist Failed to Yield - Signalized Intersection,14.0,September,Bicyclist Failed to Clear - Multiple Threat,2009,50.0,No,O: No Injury,Male,Pickup,No,35.60576,-77.37229,Dry,30 - 35  MPH,Stop And Go Signal,Clear,No,0,0,9
No,17.0,No,Facing Traffic,B: Suspected Minor Injury,Female,Asheville,Buncombe,No,Tuesday,Motorist Failed to Yield - Sign-Controlled Intersection,19.0,September,Motorist Drive Out - Sign-Controlled Intersection,2009,42.03850604944766,Missing,Unknown Injury,Unknown,Pickup,Yes,35.630234,-82.553085,Dry,20 - 25  MPH,Stop Sign,Clear,No,1,0,9
No,5.0,No,Not Applicable,C: Possible Injury,Male,Laurinburg,Scotland,No,Wednesday,Non-Roadway,17.0,October,Non-Roadway,2009,28.0,No,O: No Injury,Male,Passenger Car,No,34.76039,-79.47556,Dry,5 - 15 MPH,No Control Present,Clear,No,0,0,10
Yes,52.0,Yes,Facing Traffic,B: Suspected Minor Injury,Male,Wilmington,New Hanover,Yes,Friday,Motorist Failed to Yield - Midblock,18.0,October,Motorist Drive Out - Residential Driveway,2009,39.0,No,O: No Injury,Male,Pickup,No,34.237885,-77.88886,Dry,30 - 35  MPH,No Control Present,Clear,No,0,0,10
Yes,54.0,No,With Traffic,C: Possible Injury,Male,None - Rural Crash,Moore,No,Monday,Motorist Overtaking Bicyclist,16.0,September,Motorist Overtaking - Other / Unknown,2009,34.0,No,Unknown Injury,Male,Passenger Car,Yes,35.179253,-79.32311,Dry,40 - 45  MPH,No Control Present,Clear,No,0,0,9
Yes,17.0,No,With Traffic,B: Suspected Minor Injury,Male,Greensboro,Guilford,No,Wednesday,Bicyclist Failed to Yield - Signalized Intersection,21.0,October,Bicyclist Failed to Clear - Trapped,2009,21.0,No,C: Possible Injury,Female,Passenger Car,No,36.0735,-79.790215,Dry,20 - 25  MPH,Stop And Go Signal,Clear,No,0,0,10
Yes,18.0,No,With Traffic,C: Possible Injury,Male,Goldsboro,Wayne,No,Thursday,Bicyclist Failed to Yield - Signalized Intersection,16.0,October,Bicyclist Ride Through - Signalized Intersection,2009,52.0,No,O: No Injury,Male,Passenger Car,No,35.378487,-77.970894,Dry,20 - 25  MPH,Stop And Go Signal,Clear,No,0,0,10
No,17.0,No,Facing Traffic,C: Possible Injury,Male,Kernersville,Forsyth,No,Saturday,Motorist Failed to Yield - Sign-Controlled Intersection,21.0,October,Motorist Drive Out - Sign-Controlled Intersection,2009,66.0,No,O: No Injury,Female,Passenger Car,No,36.10895,-80.07786,Dry,30 - 35  MPH,Stop Sign,Cloudy,No,0,0,10
Yes,17.0,No,With Traffic,A: Suspected Serious Injury,Male,None - Rural Crash,Moore,No,Tuesday,Bicyclist Failed to Yield - Sign-Controlled Intersection,17.0,October,Bicyclist Ride Through - Sign-Controlled Intersection,2009,40.0,No,C: Possible Injury,Female,Sport Utility,No,35.309036,-79.3409,Dry,50 - 55  MPH,Stop Sign,Cloudy,No,0,0,10
No,30.0,No,Facing Traffic,Unknown Injury,Male,Asheville,Buncombe,No,Friday,Motorist Failed to Yield - Midblock,8.0,September,Motorist Drive Out - Midblock - Unknown,2009,30.0,No,O: No Injury,Female,Passenger Car,No,35.585857,-82.55172,Dry,30 - 35  MPH,No Control Present,Clear,No,0,0,9
Yes,54.0,No,With Traffic,C: Possible Injury,Male,Mcadenville,Gaston,No,Sunday,Motorist Left Turn / Merge,19.0,September,Motorist Left Turn - Opposite Direction,2009,24.0,No,Unknown Injury,Male,Passenger Car,No,35.26834,-81.03792,Dry,40 - 45  MPH,"Double Yellow Line, No Passing Zone",Clear,No,0,0,9
Yes,46.0,No,Facing Traffic,C: Possible Injury,Male,Charlotte,Mecklenburg,No,Wednesday,Bicyclist Failed to Yield - Signalized Intersection,8.0,October,Bicyclist Ride Through - Signalized Intersection,2009,54.0,No,O: No Injury,Female,Passenger Car,No,35.269943,-80.85425,Wet,40 - 45  MPH,Stop And Go Signal,Rain,No,0,0,10
Yes,38.0,No,With Traffic,B: Suspected Minor Injury,Male,Fayetteville,Cumberland,No,Friday,Bicyclist Left Turn / Merge,18.0,October,Bicyclist Left Turn - Same Direction,2009,63.0,No,O: No Injury,Female,Passenger Car,No,35.092957,-78.91917,Dry,40 - 45  MPH,No Control Present,Clear,No,0,0,10
Yes,38.0,No,With Traffic,B: Suspected Minor Injury,Male,Emerald Isle,Carteret,No,Saturday,Motorist Overtaking Bicyclist,8.0,October,Motorist Overtaking - Other / Unknown,2009,67.0,No,O: No Injury,Female,Sport Utility,No,34.66041,-77.057915,Dry,40 - 45  MPH,No Control Present,Cloudy,No,0,0,10
Yes,11.0,No,Facing Traffic,C: Possible Injury,Male,Rocky Mount,Nash,No,Friday,Motorist Failed to Yield - Sign-Controlled Intersection,15.0,October,Motorist Drive Out - Sign-Controlled Intersection,2009,48.0,No,O: No Injury,Female,Passenger Car,No,35.931976,-77.81189,Dry,30 - 35  MPH,Stop Sign,Clear,No,0,0,10
Yes,22.0,No,Facing Traffic,C: Possible Injury,Male,Winston-Salem,Forsyth,No,Monday,Motorist Failed to Yield - Sign-Controlled Intersection,15.0,October,Motorist Drive Out - Sign-Controlled Intersection,2009,48.0,No,O: No Injury,Female,Pickup,No,36.112877,-80.22526,Dry,20 - 25  MPH,Stop Sign,Clear,No,0,0,10
Yes,10.0,No,With Traffic,B: Suspected Minor Injury,Male,None - Rural Crash,Haywood,No,Sunday,Crossing Paths - Other Circumstances,15.0,October,Crossing Paths - Intersection - Other / Unknown,2009,56.0,No,O: No Injury,Female,Passenger Car,No,35.507526,-83.07668,Dry,30 - 35  MPH,"Double Yellow Line, No Passing Zone",Cloudy,No,0,0,10
Yes,50.0,No,With Traffic,B: Suspected Minor Injury,Male,Beaufort,Carteret,Yes,Tuesday,Motorist Left Turn / Merge,20.0,October,Motorist Left Turn - Opposite Direction,2009,36.0,Yes,O: No Injury,Male,Passenger Car,Yes,34.72069,-76.65972,Dry,20 - 25  MPH,No Control Present,Clear,No,0,0,10
No,48.0,No,Facing Traffic,O: No Injury,Male,Salisbury,Rowan,No,Monday,Crossing Paths - Other Circumstances,20.0,November,Crossing Paths - Uncontrolled Intersection,2009,30.0,No,O: No Injury,Male,Pickup,No,35.660973,-80.46259,Dry,30 - 35  MPH,No Control Present,Clear,No,0,0,11
Yes,50.0,No,Facing Traffic,C: Possible Injury,Male,None - Rural Crash,Halifax,No,Friday,Motorist Failed to Yield - Sign-Controlled Intersection,19.0,October,Motorist Drive Out - Sign-Controlled Intersection,2009,44.0,No,O: No Injury,Female,Sport Utility,No,36.416775,-77.60517,Dry,30 - 35  MPH,Stop Sign,Clear,No,0,0,10
Yes,56.0,No,Facing Traffic,B: Suspected Minor Injury,Male,Elizabethtown,Bladen,No,Friday,Motorist Failed to Yield - Midblock,10.0,October,Motorist Drive Out - Commercial Driveway / Alley,2009,58.0,No,O: No Injury,Female,Passenger Car,No,34.624264,-78.607834,Dry,Unknown,No Control Present,Clear,No,0,0,10
No,54.0,No,Facing Traffic,C: Possible Injury,Male,Charlotte,Mecklenburg,No,Friday,Crossing Paths - Other Circumstances,15.0,October,Signalized Intersection - Other / Unknown,2009,25.0,No,O: No Injury,Male,"Light Truck (Mini-Van, Panel)",No,35.248787,-80.81565,Dry,30 - 35  MPH,Stop And Go Signal,Cloudy,No,0,0,10
Yes,20.0,No,With Traffic,B: Suspected Minor Injury,Female,Asheville,Buncombe,No,Thursday,Motorist Right Turn / Merge,11.0,October,Motorist Right Turn - Same Direction,2009,38.0,No,O: No Injury,Male,Pickup,No,35.596436,-82.54866,Dry,20 - 25  MPH,"Double Yellow Line, No Passing Zone",Clear,No,0,0,10
Yes,25.0,No,With Traffic,C: Possible Injury,Male,Washington,Beaufort,No,Monday,Other / Unusual Circumstances,0.0,October,Motorist Intentionally Caused,2009,20.0,No,O: No Injury,Female,Passenger Car,No,35.554768,-77.05742,Dry,30 - 35  MPH,Stop Sign,Clear,No,0,0,10
Yes,19.0,No,With Traffic,B: Suspected Minor Injury,Male,None - Rural Crash,Onslow,No,Sunday,Motorist Overtaking Bicyclist,23.0,September,Motorist Overtaking - Other / Unknown,2009,42.03850604944766,Missing,Unknown Injury,Unknown,Unknown,Yes,34.90975,-77.57086,Dry,50 - 55  MPH,No Control Present,Clear,No,1,0,9
Yes,22.0,No,With Traffic,C: Possible Injury,Male,None - Rural Crash,Onslow,No,Saturday,Motorist Overtaking Bicyclist,7.0,November,Motorist Overtaking - Other / Unknown,2009,42.03850604944766,Missing,Unknown Injury,Unknown,Unknown,Yes,34.815254,-77.41206,Dry,40 - 45  MPH,No Control Present,Clear,No,1,0,11
Yes,14.0,No,Facing Traffic,B: Suspected Minor Injury,Male,Durham,Durham,No,Friday,Head-On,18.0,November,Head-On - Bicyclist,2009,22.0,No,O: No Injury,Male,"Light Truck (Mini-Van, Panel)",No,36.09128,-78.93309,Dry,40 - 45  MPH,No Control Present,Clear,No,0,0,11
No,14.0,No,With Traffic,C: Possible Injury,Male,Fayetteville,Cumberland,No,Wednesday,Motorist Left Turn / Merge,22.0,October,Motorist Left Turn - Opposite Direction,2009,20.0,No,O: No Injury,Female,Passenger Car,No,35.04542,-78.924446,Dry,30 - 35  MPH,Stop And Go Signal,Clear,No,0,0,10
No,19.0,No,Not Applicable,C: Possible Injury,Male,Wilmington,New Hanover,No,Wednesday,Bicyclist Failed to Yield - Signalized Intersection,15.0,October,Bicyclist Ride Out - Signalized  Intersection,2009,23.0,No,O: No Injury,Female,Van,No,34.20091,-77.88847,Wet,5 - 15 MPH,Stop And Go Signal,Rain,No,0,0,10
No,53.0,No,With Traffic,B: Suspected Minor Injury,Male,Wilmington,New Hanover,No,Friday,Motorist Failed to Yield - Sign-Controlled Intersection,7.0,October,Motorist Drive Out - Sign-Controlled Intersection,2009,20.0,No,O: No Injury,Female,Passenger Car,No,34.221924,-77.941536,Dry,30 - 35  MPH,Stop Sign,Clear,No,0,0,10
Yes,40.0,No,With Traffic,B: Suspected Minor Injury,Male,Weldon,Halifax,No,Saturday,Crossing Paths - Other Circumstances,17.0,October,Crossing Paths - Intersection - Other / Unknown,2009,43.0,No,O: No Injury,Female,Passenger Car,No,36.42882,-77.59971,Dry,20 - 25  MPH,No Control Present,Cloudy,No,0,0,10
Yes,35.0,No,With Traffic,B: Suspected Minor Injury,Male,Fayetteville,Cumberland,No,Friday,Crossing Paths - Other Circumstances,17.0,October,Crossing Paths - Intersection - Other / Unknown,2009,30.0,No,O: No Injury,Male,Sport Utility,No,34.975136,-78.91043,Dry,50 - 55  MPH,Stop And Go Signal,Cloudy,No,0,0,10
Yes,16.0,Yes,With Traffic,K: Killed,Male,None - Rural Crash,Harnett,Yes,Saturday,Motorist Overtaking Bicyclist,18.0,November,Motorist Overtaking - Bicyclist Swerved,2009,17.0,No,O: No Injury,Male,Pickup,No,35.322243,-78.56951,Dry,50 - 55  MPH,"Double Yellow Line, No Passing Zone",Clear,No,0,0,11
Yes,12.0,No,With Traffic,B: Suspected Minor Injury,Female,None - Rural Crash,Richmond,No,Saturday,Bicyclist Left Turn / Merge,17.0,October,Bicyclist Left Turn - Same Direction,2009,44.0,No,O: No Injury,Male,Pickup,No,34.90425,-79.81298,Dry,50 - 55  MPH,"Double Yellow Line, No Passing Zone",Clear,No,0,0,10
Yes,41.0,No,With Traffic,B: Suspected Minor Injury,Male,Holly Springs,Wake,No,Saturday,Motorist Left Turn / Merge,16.0,October,Motorist Left Turn - Opposite Direction,2009,28.0,No,O: No Injury,Female,Passenger Car,No,35.632088,-78.8518,Dry,30 - 35  MPH,Stop And Go Signal,Clear,No,0,0,10
No,44.0,No,With Traffic,C: Possible Injury,Male,None - Rural Crash,Rowan,No,Saturday,Motorist Failed to Yield - Sign-Controlled Intersection,12.0,November,Motorist Drive Out - Sign-Controlled Intersection,2009,22.0,No,O: No Injury,Male,Pickup,No,35.590878,-80.5513,Dry,50 - 55  MPH,No Control Present,Clear,No,0,0,11
Yes,56.0,Yes,With Traffic,B: Suspected Minor Injury,Male,Raleigh,Wake,Yes,Tuesday,Motorist Left Turn / Merge,15.0,October,Motorist Left Turn - Opposite Direction,2009,57.0,No,O: No Injury,Male,Pickup,No,35.787743,-78.6136,Dry,30 - 35  MPH,No Control Present,Clear,No,0,0,10
Yes,30.0,Yes,Not Applicable,C: Possible Injury,Male,Raleigh,Wake,Yes,Thursday,Bicyclist Failed to Yield - Midblock,20.0,October,Bicyclist Ride Out - Midblock - Unknown,2009,49.0,No,O: No Injury,Male,Passenger Car,No,35.772335,-78.64596,Dry,30 - 35  MPH,No Control Present,Clear,No,0,0,10
No,45.0,No,With Traffic,C: Possible Injury,Male,None - Rural Crash,Catawba,No,Monday,Motorist Overtaking Bicyclist,7.0,November,Motorist Overtaking - Misjudged Space,2009,32.0,No,O: No Injury,Female,Sport Utility,No,35.75575,-81.24704,Dry,40 - 45  MPH,"Double Yellow Line, No Passing Zone",Clear,No,0,0,11
Yes,26.0,No,With Traffic,B: Suspected Minor Injury,Female,Greensboro,Guilford,No,Wednesday,Motorist Right Turn / Merge,11.0,October,Motorist Right Turn - Same Direction,2009,54.0,No,O: No Injury,Male,Passenger Car,No,36.065918,-79.81024,Dry,20 - 25  MPH,Stop And Go Signal,Clear,No,0,0,10
Yes,28.0,Yes,Not Applicable,B: Suspected Minor Injury,Male,Greensboro,Guilford,Yes,Monday,Bicyclist Failed to Yield - Midblock,22.0,November,Bicyclist Ride Out - Midblock - Unknown,2009,42.03850604944766,Missing,Unknown Injury,Unknown,Unknown,Yes,36.06335,-79.80675,Dry,30 - 35  MPH,No Control Present,Clear,No,1,0,11
Yes,18.0,No,With Traffic,C: Possible Injury,Female,Raleigh,Wake,No,Friday,Motorist Failed to Yield - Sign-Controlled Intersection,10.0,October,Motorist Drive Out - Sign-Controlled Intersection,2009,54.0,No,O: No Injury,Male,Sport Utility,No,35.78136,-78.67506,Dry,20 - 25  MPH,Stop Sign,Clear,No,0,0,10
Yes,22.0,No,Facing Traffic,C: Possible Injury,Male,Havelock,Craven,No,Friday,Motorist Failed to Yield - Sign-Controlled Intersection,12.0,October,Motorist Drive Out - Sign-Controlled Intersection,2009,62.0,No,O: No Injury,Male,Passenger Car,No,34.86821,-76.90009,"Water (Standing, Moving)",30 - 35  MPH,Stop Sign,Clear,No,0,0,10
Yes,48.0,No,With Traffic,C: Possible Injury,Male,Tarboro,Edgecombe,No,Sunday,Motorist Failed to Yield - Sign-Controlled Intersection,16.0,November,Motorist Drive Out - Sign-Controlled Intersection,2009,18.0,No,O: No Injury,Male,Passenger Car,No,35.90341,-77.56208,Wet,40 - 45  MPH,Stop Sign,Rain,No,0,0,11
Yes,45.0,No,Unknown,C: Possible Injury,Male,Oxford,Granville,No,Tuesday,Crossing Paths - Other Circumstances,16.0,April,Crossing Paths - Intersection - Other / Unknown,2009,53.0,No,O: No Injury,Male,Passenger Car,No,36.312084,-78.592224,Dry,30 - 35  MPH,Stop And Go Signal,Clear,No,0,0,4
Yes,52.0,Yes,With Traffic,B: Suspected Minor Injury,Male,Greensboro,Guilford,Yes,Tuesday,Bicyclist Overtaking Motorist,4.0,October,Bicyclist Overtaking - Parked Vehicle,2009,42.03850604944766,Missing,Unknown Injury,Unknown,Passenger Car,No,36.068775,-79.82911,Dry,30 - 35  MPH,No Control Present,Clear,No,1,0,10
Yes,49.0,No,Facing Traffic,C: Possible Injury,Male,Wilmington,New Hanover,No,Thursday,Motorist Failed to Yield - Signalized Intersection,12.0,October,Motorist Drive Out - Signalized Intersection,2009,25.0,No,O: No Injury,Female,Passenger Car,No,34.228287,-77.94253,Dry,20 - 25  MPH,Stop And Go Signal,Clear,No,0,0,10
Yes,16.0,No,With Traffic,B: Suspected Minor Injury,Male,Wilmington,New Hanover,No,Saturday,Motorist Overtaking Bicyclist,22.0,October,Motorist Overtaking - Undetected Bicyclist,2009,27.0,No,O: No Injury,Female,Passenger Car,No,34.21676,-77.90768,Dry,40 - 45  MPH,No Control Present,Clear,No,0,0,10
Yes,25.0,No,Facing Traffic,B: Suspected Minor Injury,Male,Charlotte,Mecklenburg,No,Tuesday,Motorist Failed to Yield - Sign-Controlled Intersection,13.0,November,Motorist Drive Out - Sign-Controlled Intersection,2009,33.0,No,O: No Injury,Female,Passenger Car,No,35.13637,-80.88857,Dry,30 - 35  MPH,Stop Sign,Clear,No,0,0,11
Yes,41.0,No,With Traffic,B: Suspected Minor Injury,Female,Durham,Durham,No,Saturday,Crossing Paths - Other Circumstances,11.0,November,Crossing Paths - Intersection - Other / Unknown,2009,31.0,No,O: No Injury,Male,Passenger Car,No,35.900654,-78.888985,Dry,40 - 45  MPH,Human Control,Clear,No,0,0,11
Yes,49.0,No,With Traffic,O: No Injury,Male,None - Rural Crash,Guilford,No,Saturday,Loss of Control / Turning Error,12.0,October,"Motorist Lost Control - Oversteering, Improper Braking, Speed",2009,31.0,No,B: Suspected Minor Injury,Male,Passenger Car,No,36.059753,-79.71282,Dry,40 - 45  MPH,"Double Yellow Line, No Passing Zone",Cloudy,No,0,0,10
Yes,66.0,No,Not Applicable,B: Suspected Minor Injury,Male,Concord,Cabarrus,No,Sunday,Motorist Left Turn / Merge,15.0,November,Motorist Left Turn - Opposite Direction,2009,22.0,No,O: No Injury,Female,Passenger Car,No,35.372803,-80.72288,Dry,20 - 25  MPH,No Control Present,Clear,No,0,0,11