AmbulanceR,BikeAge,BikeAlcFlg,BikeDir,BikeInjury,BikeSex,City,County,CrashAlcoh,CrashDay,CrashGrp,CrashHour,CrashMonth,CrashType,CrashYear,DrvrAge,DrvrAlcFlg,DrvrInjury,DrvrSex,DrvrVehTyp,HitRun,Latitude,Longitude,RdConditio,SpeedLimit,TraffCntrl,Weather,Workzone,DrvrAgeImputedFlag,BikeAgeImputedFlag,MonthCode
Yes,52.0,No,With Traffic,A: Suspected Serious Injury,Female,Greensboro,Guilford,No,Sunday,Motorist Failed to Yield - Midblock,13.0,November,Motorist Drive Out - Commercial Driveway / Alley,2009,17.0,No,O: No Injury,Male,Passenger Car,No,36.088642,-79.832954,Dry,30 - 35  MPH,No Control Present,Clear,No,0,0,11
No,20.0,No,With Traffic,C: Possible Injury,Male,Wilmington,New Hanover,No,Wednesday,Motorist Failed to Yield - Midblock,18.0,November,Motorist Drive Out - Commercial Driveway / Alley,2009,60.0,No,O: No Injury,Male,Passenger Car,No,34.211315,-77.86371,Dry,20 - 25  MPH,No Control Present,Clear,No,0,0,11
Yes,34.0,No,With Traffic,B: Suspected Minor Injury,Male,Fayetteville,Cumberland,No,Tuesday,Bicyclist Overtaking Motorist,13.0,October,Bicyclist Overtaking - Other / Unknown,2009,21.0,No,O: No Injury,Male,Passenger Car,No,35.08495,-78.90511,Dry,30 - 35  MPH,No Control Present,Clear,No,0,0,10
Yes,30.0,No,With Traffic,C: Possible Injury,Male,None - Rural Crash,Alamance,No,Friday,Motorist Overtaking Bicyclist,6.0,November,Motorist Overtaking - Misjudged Space,2009,24.0,No,O: No Injury,Male,Pickup,No,36.165455,-79.51174,Dry,40 - 45  MPH,"Double Yellow Line, No Passing Zone",Clear,No,0,0,11
Yes,23.0,Yes,With Traffic,C: Possible Injury,Male,None - Rural Crash,Robeson,Yes,Friday,Bicyclist Left Turn / Merge,22.0,November,Bicyclist Left Turn - Same Direction,2009,28.0,No,O: No Injury,Male,Passenger Car,No,34.701134,-79.25206,Wet,50 - 55  MPH,"Double Yellow Line, No Passing Zone",Cloudy,No,0,0,11
No,57.0,No,With Traffic,B: Suspected Minor Injury,Male,Durham,Durham,No,Friday,Motorist Overtaking Bicyclist,21.0,October,Motorist Overtaking - Misjudged Space,2009,42.03850604944766,Missing,Unknown Injury,Unknown,Unknown,Yes,35.916576,-78.95112,Dry,40 - 45  MPH,No Control Present,Clear,No,1,0,10
Yes,44.0,No,With Traffic,B: Suspected Minor Injury,Male,None - Rural Crash,Lincoln,No,Sunday,Motorist Overtaking Bicyclist,9.0,November,Motorist Overtaking - Other / Unknown,2009,42.03850604944766,No,Unknown Injury,Unknown,Unknown,Yes,35.53185,-81.30257,Dry,50 - 55  MPH,"Double Yellow Line, No Passing Zone",Clear,No,1,0,11
No,54.0,No,With Traffic,C: Possible Injury,Male,High Point,Guilford,No,Wednesday,Motorist Overtaking Bicyclist,6.0,November,Motorist Overtaking - Undetected Bicyclist,2009,18.0,No,O: No Injury,Male,Passenger Car,No,35.98807,-80.02632,Dry,40 - 45  MPH,No Control Present,Clear,No,0,0,11
Yes,47.0,No,With Traffic,C: Possible Injury,Female,Morrisville,Wake,No,Monday,Motorist Failed to Yield - Midblock,7.0,November,Motorist Drive Out - Other Midblock,2009,28.0,No,O: No Injury,Male,Pickup,No,35.836864,-78.82955,Dry,40 - 45  MPH,"Double Yellow Line, No Passing Zone",Clear,No,0,0,11
Yes,55.0,No,With Traffic,K: Killed,Male,None - Rural Crash,Guilford,No,Saturday,Loss of Control / Turning Error,17.0,October,Motorist Lost Control - Other / Unknown,2009,48.0,No,O: No Injury,Female,Sport Utility,No,36.219673,-79.78799,Dry,50 - 55  MPH,No Control Present,Clear,No,0,0,10
Yes,22.0,No,With Traffic,C: Possible Injury,Male,Raleigh,Wake,No,Wednesday,Motorist Left Turn / Merge,19.0,October,Motorist Left Turn - Opposite Direction,2009,35.0,No,O: No Injury,Female,Passenger Car,No,35.78462,-78.65868,Dry,30 - 35  MPH,No Control Present,Clear,No,0,0,10
Yes,25.0,No,With Traffic,B: Suspected Minor Injury,Male,Raleigh,Wake,No,Friday,Motorist Right Turn / Merge,11.0,October,Motorist Right Turn on Red - Opposite Direction,2009,34.0,No,O: No Injury,Male,Passenger Car,No,35.78495,-78.6869,Dry,40 - 45  MPH,Stop And Go Signal,Clear,No,0,0,10
No,25.0,No,Facing Traffic,C: Possible Injury,Male,Raleigh,Wake,No,Tuesday,Motorist Failed to Yield - Signalized Intersection,12.0,October,Motorist Drive Out - Right Turn on Red,2009,46.0,No,O: No Injury,Male,Passenger Car,No,35.788967,-78.6732,Dry,30 - 35  MPH,Stop And Go Signal,Clear,No,0,0,10
Yes,21.0,No,With Traffic,B: Suspected Minor Injury,Male,Salisbury,Rowan,No,Monday,Motorist Overtaking Bicyclist,22.0,November,Motorist Overtaking - Other / Unknown,2009,26.0,No,O: No Injury,Female,Passenger Car,No,35.65004,-80.4726,Dry,40 - 45  MPH,"Double Yellow Line, No Passing Zone",Clear,No,0,0,11
Yes,46.0,Yes,With Traffic,B: Suspected Minor Injury,Male,None - Rural Crash,Chatham,Yes,Saturday,Motorist Overtaking Bicyclist,20.0,November,Motorist Overtaking - Other / Unknown,2009,45.0,No,O: No Injury,Female,Passenger Car,No,35.721912,-79.19584,Dry,50 - 55  MPH,No Control Present,Clear,No,0,0,11
No,54.0,No,Facing Traffic,Unknown Injury,Male,Raleigh,Wake,No,Friday,Parallel Paths - Other Circumstances,17.0,November,Parallel Paths - Other / Unknown,2009,28.0,No,O: No Injury,Female,Passenger Car,No,35.786495,-78.58887,Dry,30 - 35  MPH,Stop And Go Signal,Clear,No,0,0,11
Yes,18.0,No,Facing Traffic,B: Suspected Minor Injury,Male,Charlotte,Mecklenburg,No,Saturday,Motorist Failed to Yield - Sign-Controlled Intersection,20.0,November,Motorist Drive Out - Sign-Controlled Intersection,2009,37.0,No,O: No Injury,Female,Sport Utility,No,35.249794,-80.77271,Dry,20 - 25  MPH,Stop Sign,Clear,No,0,0,11
Yes,3.0,No,Not Applicable,C: Possible Injury,Female,Eden,Rockingham,No,Tuesday,Non-Roadway,18.0,September,Non-Roadway,2009,42.03850604944766,No,Unknown Injury,Unknown,Passenger Car,Yes,36.512318,-79.70177,Dry,5 - 15 MPH,No Control Present,Clear,No,1,0,9
No,29.0,No,With Traffic,O: No Injury,Male,Carrboro,Orange,No,Tuesday,Motorist Failed to Yield - Sign-Controlled Intersection,18.0,November,Motorist Drive Out - Sign-Controlled Intersection,2009,22.0,No,O: No Injury,Male,Passenger Car,No,35.905537,-79.08742,Dry,30 - 35  MPH,Stop Sign,Clear,No,0,0,11
Yes,33.0,No,Not Applicable,B: Suspected Minor Injury,Male,Raleigh,Wake,No,Friday,Crossing Paths - Other Circumstances,19.0,October,Crossing Paths - Uncontrolled Intersection,2009,62.0,No,O: No Injury,Male,Commercial Bus,No,35.78603,-78.66275,Dry,20 - 25  MPH,No Control Present,Clear,No,0,0,10
Yes,14.0,No,Not Applicable,B: Suspected Minor Injury,Male,Raleigh,Wake,No,Monday,Bicyclist Failed to Yield - Midblock,18.0,November,Bicyclist Ride Out - Midblock - Unknown,2009,23.0,No,O: No Injury,Male,Passenger Car,No,35.844837,-78.57991,Dry,40 - 45  MPH,Stop And Go Signal,Clear,No,0,0,11
No,27.0,No,Unknown,C: Possible Injury,Male,Durham,Durham,No,Monday,Crossing Paths - Other Circumstances,21.0,December,Crossing Paths - Intersection - Other / Unknown,2009,42.03850604944766,No,Unknown Injury,Unknown,Passenger Car,Yes,35.991745,-78.91572,Dry,30 - 35  MPH,No Control Present,Clear,No,1,0,12
Yes,27.0,No,Not Applicable,C: Possible Injury,Female,Carrboro,Orange,No,Friday,Loss of Control / Turning Error,21.0,November,Bicyclist Lost Control - Other / Unknown,2009,23.0,No,O: No Injury,Female,Passenger Car,No,35.917995,-79.074524,Dry,20 - 25  MPH,No Control Present,Clear,No,0,0,11
No,6.0,No,Not Applicable,O: No Injury,Male,Fayetteville,Cumberland,No,Sunday,Bicyclist Failed to Yield - Midblock,14.0,November,Bicyclist Ride Out - Midblock - Unknown,2009,42.03850604944766,Missing,Unknown Injury,Unknown,Unknown,Yes,35.040005,-79.02066,Dry,20 - 25  MPH,No Control Present,Cloudy,No,1,0,11
Yes,29.0,No,With Traffic,B: Suspected Minor Injury,Male,Cornelius,Mecklenburg,No,Wednesday,Parallel Paths - Other Circumstances,17.0,November,Bicyclist Ride Out - Parallel Path,2009,30.0,No,O: No Injury,Female,Passenger Car,No,35.48204,-80.85802,Wet,30 - 35  MPH,No Control Present,Rain,Yes,0,0,11
Yes,47.0,No,Facing Traffic,B: Suspected Minor Injury,Male,Wilmington,New Hanover,No,Saturday,Bicyclist Failed to Yield - Signalized Intersection,8.0,November,Bicyclist Failed to Clear - Multiple Threat,2009,37.0,No,O: No Injury,Male,Passenger Car,No,34.225697,-77.92763,Dry,30 - 35  MPH,Stop And Go Signal,Clear,No,0,0,11
Yes,13.0,No,With Traffic,C: Possible Injury,Female,Chapel Hill,Orange,No,Monday,Motorist Left Turn / Merge,17.0,November,Motorist Left Turn - Opposite Direction,2009,34.0,No,O: No Injury,Male,Passenger Car,No,35.907516,-79.06278,Wet,20 - 25  MPH,No Control Present,Cloudy,No,0,0,11
No,28.0,No,Not Applicable,Unknown Injury,Male,Durham,Durham,No,Thursday,Crossing Paths - Other Circumstances,15.0,December,Signalized Intersection - Other / Unknown,2009,54.0,No,Unknown Injury,Female,Passenger Car,No,36.008984,-78.942696,Dry,30 - 35  MPH,Stop And Go Signal,Clear,No,0,0,12
No,20.0,No,Not Applicable,C: Possible Injury,Male,Greensboro,Guilford,No,Monday,Motorist Failed to Yield - Sign-Controlled Intersection,18.0,November,Motorist Drive Out - Sign-Controlled Intersection,2009,37.0,No,O: No Injury,Female,Passenger Car,No,36.112606,-79.82094,Wet,30 - 35  MPH,Stop Sign,Rain,No,0,0,11
No,11.0,No,With Traffic,B: Suspected Minor Injury,Male,Newton,Catawba,No,Sunday,Motorist Left Turn / Merge,13.0,November,Motorist Left Turn - Opposite Direction,2009,27.0,No,O: No Injury,Male,Passenger Car,No,35.6824,-81.21854,Dry,30 - 35  MPH,Stop And Go Signal,Cloudy,No,0,0,11
Yes,27.0,No,With Traffic,C: Possible Injury,Male,None - Rural Crash,New Hanover,No,Monday,Motorist Overtaking Bicyclist,17.0,December,Motorist Overtaking - Undetected Bicyclist,2009,62.0,No,O: No Injury,Female,Sport Utility,No,34.27923,-77.923935,Dry,40 - 45  MPH,No Control Present,Clear,No,0,0,12
No,27.0,No,With Traffic,B: Suspected Minor Injury,Male,Wrightsville Beach,New Hanover,No,Thursday,Bicyclist Overtaking Motorist,16.0,October,Bicyclist Overtaking - Passing on Right,2009,62.0,No,O: No Injury,Male,Passenger Car,No,34.22929,-77.78084,Dry,20 - 25  MPH,No Control Present,Clear,No,0,0,10
Yes,60.0,No,With Traffic,B: Suspected Minor Injury,Male,Rocky Mount,Edgecombe,No,Saturday,Motorist Overtaking Bicyclist,9.0,October,Motorist Overtaking - Bicyclist Swerved,2009,49.0,No,O: No Injury,Male,Passenger Car,No,35.94718,-77.75941,Dry,30 - 35  MPH,No Control Present,Clear,No,0,0,10
No,16.0,No,With Traffic,C: Possible Injury,Male,Kinston,Lenoir,No,Monday,Motorist Left Turn / Merge,18.0,November,Motorist Left Turn - Opposite Direction,2009,57.0,No,O: No Injury,Female,Van,No,35.278347,-77.58811,Dry,20 - 25  MPH,No Control Present,Clear,No,0,0,11
No,42.0,No,With Traffic,B: Suspected Minor Injury,Male,Raleigh,Wake,No,Wednesday,Bicyclist Left Turn / Merge,11.0,November,Bicyclist Left Turn - Same Direction,2009,62.0,No,O: No Injury,Male,Passenger Car,No,35.803177,-78.60823,Dry,30 - 35  MPH,Stop And Go Signal,Cloudy,No,0,0,11
Yes,49.0,No,Not Applicable,C: Possible Injury,Male,Greensboro,Guilford,No,Sunday,Non-Roadway,11.0,November,Non-Roadway,2009,51.0,No,O: No Injury,Male,Van,No,36.064716,-79.7937,Dry,Unknown,No Control Present,Clear,No,0,0,11
No,23.0,No,With Traffic,O: No Injury,Female,Boone,Watauga,No,Tuesday,Motorist Right Turn / Merge,13.0,November,Motorist Right Turn - Same Direction,2009,21.0,No,O: No Injury,Female,Passenger Car,No,36.216488,-81.67602,Dry,20 - 25  MPH,No Control Present,Clear,No,0,0,11
No,27.0,No,With Traffic,C: Possible Injury,Male,Durham,Durham,No,Monday,Motorist Right Turn / Merge,16.0,December,Motorist Right Turn - Same Direction,2009,61.0,No,O: No Injury,Female,Passenger Car,No,35.99787,-78.93919,Dry,20 - 25  MPH,No Control Present,Clear,No,0,0,12
No,44.0,Yes,Facing Traffic,O: No Injury,Male,Rocky Mount,Nash,Yes,Friday,Crossing Paths - Other Circumstances,21.0,October,Signalized Intersection - Other / Unknown,2009,37.0,No,O: No Injury,Male,Sport Utility,No,35.944614,-77.796265,Wet,20 - 25  MPH,Stop And Go Signal,Cloudy,No,0,0,10
No,24.0,No,Facing Traffic,C: Possible Injury,Female,Raleigh,Wake,No,Tuesday,Motorist Failed to Yield - Sign-Controlled Intersection,11.0,November,Motorist Drive Out - Sign-Controlled Intersection,2009,42.03850604944766,No,Unknown Injury,Unknown,Unknown,Yes,35.7703,-78.61983,Dry,40 - 45  MPH,No Control Present,Clear,No,1,0,11
Yes,23.0,No,Facing Traffic,B: Suspected Minor Injury,Male,Cary,Wake,No,Tuesday,Motorist Failed to Yield - Sign-Controlled Intersection,15.0,December,Motorist Drive Out - Sign-Controlled Intersection,2009,21.0,No,O: No Injury,Female,Passenger Car,No,35.744076,-78.76094,Dry,5 - 15 MPH,Stop Sign,Clear,No,0,0,12
No,18.0,No,With Traffic,B: Suspected Minor Injury,Male,Wilmington,New Hanover,No,Monday,Motorist Right Turn / Merge,16.0,September,Motorist Right Turn - Same Direction,2009,42.03850604944766,Missing,Unknown Injury,Unknown,Passenger Car,Yes,34.207565,-77.878426,Dry,30 - 35  MPH,Stop And Go Signal,Clear,No,1,0,9
Yes,47.0,No,With Traffic,B: Suspected Minor Injury,Male,Mount Holly,Gaston,No,Monday,Motorist Overtaking Bicyclist,16.0,November,Motorist Overtaking - Undetected Bicyclist,2009,55.0,No,B: Suspected Minor Injury,Female,Pickup,No,35.270767,-81.03505,Dry,40 - 45  MPH,"Double Yellow Line, No Passing Zone",Clear,No,0,0,11
No,29.0,No,With Traffic,C: Possible Injury,Male,Raleigh,Wake,No,Wednesday,Motorist Overtaking Bicyclist,12.0,December,Motorist Overtaking - Other / Unknown,2009,42.03850604944766,Missing,Unknown Injury,Unknown,Unknown,Yes,35.918587,-78.79975,Wet,40 - 45  MPH,No Control Present,Rain,No,1,0,12
No,43.0,No,With Traffic,C: Possible Injury,Male,None - Rural Crash,Wake,No,Wednesday,Motorist Overtaking Bicyclist,15.0,December,Motorist Overtaking - Misjudged Space,2009,42.03850604944766,No,Unknown Injury,Unknown,Passenger Car,Yes,36.046,-78.69808,Dry,50 - 55  MPH,"Double Yellow Line, No Passing Zone",Clear,No,1,0,12
No,20.0,No,Unknown,O: No Injury,Male,Washington,Beaufort,No,Monday,Motorist Failed to Yield - Midblock,19.0,December,Motorist Drive Out - Commercial Driveway / Alley,2009,41.0,No,O: No Injury,Male,Pickup,No,35.5461,-77.03035,Dry,40 - 45  MPH,No Control Present,Clear,No,0,0,12
No,13.0,No,Facing Traffic,O: No Injury,Male,None - Rural Crash,Franklin,No,Thursday,Bicyclist Right Turn / Merge,12.0,November,Bicyclist Right Turn - Same Direction,2009,30.0,No,O: No Injury,Male,Sport Utility,No,35.9481,-78.31534,Dry,50 - 55  MPH,"Double Yellow Line, No Passing Zone",Clear,No,0,0,11
Yes,29.0,No,Facing Traffic,C: Possible Injury,Male,Fayetteville,Cumberland,No,Friday,Motorist Failed to Yield - Midblock,10.0,November,Motorist Drive Out - Midblock - Unknown,2009,42.03850604944766,Missing,Unknown Injury,Unknown,Unknown,Yes,35.045475,-78.92669,Dry,40 - 45  MPH,No Control Present,Clear,No,1,0,11
Yes,25.0,No,Not Applicable,B: Suspected Minor Injury,Male,Smithfield,Johnston,No,Friday,Non-Roadway,10.0,November,Non-Roadway,2009,42.03850604944766,Missing,Unknown Injury,Unknown,Unknown,Yes,35.520653,-78.31332,Dry,Unknown,No Control Present,Clear,No,1,0,11
Yes,52.0,No,With Traffic,B: Suspected Minor Injury,Male,None - Rural Crash,Greene,No,Sunday,Motorist Overtaking Bicyclist,16.0,November,Motorist Overtaking - Undetected Bicyclist,2009,23.0,No,O: No Injury,Male,Pickup,No,35.587524,-77.69166,Dry,50 - 55  MPH,No Control Present,Clear,No,0,0,11
Yes,50.0,No,Not Applicable,B: Suspected Minor Injury,Male,Winston-Salem,Forsyth,No,Monday,Bicyclist Failed to Yield - Midblock,6.0,November,Bicyclist Ride Out - Midblock - Unknown,2009,38.0,No,O: No Injury,Male,Passenger Car,No,36.12177,-80.251945,Dry,30 - 35  MPH,No Control Present,Cloudy,No,0,0,11
No,12.0,No,Not Applicable,O: No Injury,Male,Fayetteville,Cumberland,No,Friday,Bicyclist Failed to Yield - Midblock,17.0,December,Bicyclist Ride Out - Midblock - Unknown,2009,28.0,No,O: No Injury,Male,Passenger Car,No,35.130924,-78.89928,Dry,30 - 35  MPH,No Control Present,Clear,No,0,0,12
Yes,15.0,No,With Traffic,B: Suspected Minor Injury,Male,None - Rural Crash,Wake,No,Tuesday,Motorist Overtaking Bicyclist,16.0,December,Motorist Overtaking - Misjudged Space,2009,42.03850604944766,Missing,Unknown Injury,Unknown,Unknown,Yes,35.890747,-78.698586,Dry,40 - 45  MPH,"Double Yellow Line, No Passing Zone",Clear,No,1,0,12
Yes,13.0,No,With Traffic,B: Suspected Minor Injury,Male,Kannapolis,Cabarrus,No,Tuesday,Motorist Failed to Yield - Signalized Intersection,17.0,December,Motorist Drive Out - Signalized Intersection,2009,50.0,No,O: No Injury,Female,"Light Truck (Mini-Van, Panel)",No,35.488716,-80.62653,Dry,30 - 35  MPH,Stop And Go Signal,Clear,No,0,0,12
Yes,53.0,No,With Traffic,C: Possible Injury,Male,Elizabeth City,Pasquotank,Yes,Tuesday,Bicyclist Failed to Yield - Signalized Intersection,20.0,December,Bicyclist Ride Out - Signalized  Intersection,2009,38.0,Yes,O: No Injury,Male,Passenger Car,No,36.28155,-76.22344,Dry,30 - 35  MPH,Stop And Go Signal,Clear,No,0,0,12
No,18.0,No,With Traffic,B: Suspected Minor Injury,Male,Wilmington,New Hanover,No,Tuesday,Motorist Failed to Yield - Midblock,15.0,December,Motorist Drive Out - Commercial Driveway / Alley,2009,42.03850604944766,Missing,Unknown Injury,Unknown,Unknown,Yes,34.2445,-77.88036,Dry,Unknown,No Control Present,Clear,No,1,0,12
Yes,38.0,Yes,With Traffic,B: Suspected Minor Injury,Male,None - Rural Crash,Catawba,Yes,Wednesday,Motorist Overtaking Bicyclist,18.0,December,Motorist Overtaking - Other / Unknown,2009,48.0,No,O: No Injury,Female,Passenger Car,No,35.553116,-81.06227,Dry,40 - 45  MPH,"Double Yellow Line, No Passing Zone",Clear,No,0,0,12
Yes,41.0,Yes,Facing Traffic,C: Possible Injury,Male,Lumberton,Robeson,Yes,Thursday,Head-On,19.0,December,Head-On - Bicyclist,2009,42.03850604944766,Missing,Unknown Injury,Unknown,Unknown,Yes,34.628933,-78.98819,Dry,Unknown,No Control Present,Clear,No,1,0,12
No,66.0,No,With Traffic,B: Suspected Minor Injury,Male,Goldsboro,Wayne,No,Friday,Bicyclist Failed to Yield - Signalized Intersection,18.0,December,Bicyclist Ride Through - Signalized Intersection,2009,68.0,No,O: No Injury,Female,Sport Utility,No,35.38469,-77.992615,Dry,20 - 25  MPH,Stop And Go Signal,Cloudy,No,0,0,12
Yes,24.0,Yes,Not Applicable,C: Possible Injury,Male,None - Rural Crash,Currituck,Yes,Sunday,Bicyclist Failed to Yield - Midblock,20.0,November,Bicyclist Ride Out - Commercial Driveway / Alley,2009,57.0,No,O: No Injury,Female,Sport Utility,No,36.238754,-75.87539,Dry,40 - 45  MPH,No Control Present,Clear,No,0,0,11
No,29.0,No,With Traffic,B: Suspected Minor Injury,Female,Carrboro,Orange,No,Tuesday,Motorist Failed to Yield - Midblock,17.0,December,Motorist Drive Out - Residential Driveway,2009,43.0,No,O: No Injury,Male,Passenger Car,No,35.923958,-79.09035,Dry,30 - 35  MPH,No Control Present,Clear,No,0,0,12
Yes,18.0,No,With Traffic,C: Possible Injury,Male,Fayetteville,Cumberland,No,Thursday,Motorist Overtaking Bicyclist,7.0,November,Motorist Overtaking - Other / Unknown,2009,44.0,No,B: Suspected Minor Injury,Male,Pickup,No,35.009605,-79.02425,Wet,50 - 55  MPH,No Control Present,Cloudy,No,0,0,11
Yes,51.0,Yes,With Traffic,B: Suspected Minor Injury,Male,Kenly,Johnston,Yes,Friday,Bicyclist Right Turn / Merge,8.0,January,Bicyclist Right Turn - Same Direction,2010,16.0,No,O: No Injury,Female,Passenger Car,No,35.59437743,-78.12842796,Wet,30 - 35  MPH,Stop Sign,Cloudy,No,0,0,1
No,18.0,No,Unknown,B: Suspected Minor Injury,Male,Raleigh,Wake,No,Monday,Motorist Left Turn / Merge,12.0,November,Motorist Left Turn - Opposite Direction,2009,21.0,No,O: No Injury,Female,Passenger Car,No,35.78189,-78.66763,Wet,20 - 25  MPH,No Control Present,Rain,No,0,0,11
No,48.0,No,Not Applicable,C: Possible Injury,Male,High Point,Guilford,No,Wednesday,Non-Roadway,12.0,December,Non-Roadway,2009,64.0,No,O: No Injury,Male,Passenger Car,No,35.974514,-80.01816,Dry,Unknown,No Control Present,Clear,No,0,0,12
No,30.0,No,With Traffic,C: Possible Injury,Male,None - Rural Crash,Hoke,No,Wednesday,Motorist Overtaking Bicyclist,8.0,January,Motorist Overtaking - Other / Unknown,2010,41.0,No,O: No Injury,Male,Van,No,35.03229238,-79.14616282,Dry,50 - 55  MPH,"Double Yellow Line, No Passing Zone",Clear,No,0,0,1
No,47.0,Yes,With Traffic,B: Suspected Minor Injury,Male,None - Rural Crash,Onslow,Yes,Monday,Bicyclist Left Turn / Merge,17.0,December,Bicyclist Left Turn - Same Direction,2009,18.0,No,O: No Injury,Male,Sport Utility,No,34.776688,-77.4931,Dry,50 - 55  MPH,No Control Present,Clear,No,0,0,12
No,62.0,No,Facing Traffic,C: Possible Injury,Male,Greensboro,Guilford,No,Wednesday,Motorist Failed to Yield - Midblock,10.0,December,Motorist Drive Out - Commercial Driveway / Alley,2009,48.0,No,O: No Injury,Male,Passenger Car,No,36.07862,-79.752594,Dry,30 - 35  MPH,No Control Present,Clear,No,0,0,12
Yes,27.0,No,Facing Traffic,B: Suspected Minor Injury,Male,Southern Pines,Moore,No,Friday,Motorist Right Turn / Merge,10.0,December,Motorist Right Turn - Opposite Direction,2009,40.0,No,O: No Injury,Male,Passenger Car,No,35.176678,-79.39465,Dry,30 - 35  MPH,No Control Present,Clear,No,0,0,12
Yes,22.0,No,With Traffic,C: Possible Injury,Male,Greensboro,Guilford,No,Monday,Loss of Control / Turning Error,13.0,December,Bicyclist Lost Control - Mechanical Problems,2009,23.0,No,O: No Injury,Female,Passenger Car,No,36.07505,-79.814964,Dry,30 - 35  MPH,Stop Sign,Clear,No,0,0,12
Yes,40.0,No,With Traffic,B: Suspected Minor Injury,Male,None - Rural Crash,Pender,No,Thursday,Motorist Overtaking Bicyclist,17.0,December,Motorist Overtaking - Other / Unknown,2009,42.03850604944766,Missing,Unknown Injury,Unknown,Unknown,Yes,34.695683,-78.01032,Dry,50 - 55  MPH,No Control Present,Clear,No,1,0,12
Yes,25.0,No,With Traffic,C: Possible Injury,Male,None - Rural Crash,Burke,No,Thursday,Motorist Overtaking Bicyclist,20.0,December,Motorist Overtaking - Other / Unknown,2009,42.03850604944766,No,Unknown Injury,Unknown,Unknown,Yes,35.75268,-81.644196,Wet,40 - 45  MPH,"Double Yellow Line, No Passing Zone",Rain,No,1,0,12
Yes,46.0,No,With Traffic,C: Possible Injury,Female,Speed,Edgecombe,No,Friday,Bicyclist Left Turn / Merge,12.0,January,Bicyclist Left Turn - Same Direction,2010,60.0,No,O: No Injury,Female,Passenger Car,No,35.96978111,-77.44352002,Dry,30 - 35  MPH,"Double Yellow Line, No Passing Zone",Clear,No,0,0,1
Yes,12.0,No,With Traffic,B: Suspected Minor Injury,Male,None - Rural Crash,Mcdowell,No,Friday,Crossing Paths - Other Circumstances,16.0,January,Crossing Paths - Midblock - Other / Unknown,2010,45.0,No,O: No Injury,Male,Pickup,No,35.65524589,-81.86705731,Dry,50 - 55  MPH,No Control Present,Clear,No,0,0,1
No,61.0,No,With Traffic,C: Possible Injury,Male,None - Rural Crash,Cumberland,No,Friday,Motorist Overtaking Bicyclist,18.0,January,Motorist Overtaking - Bicyclist Swerved,2010,44.0,No,O: No Injury,Male,Pickup,No,35.01903161,-78.71811681,Dry,50 - 55  MPH,"Double Yellow Line, No Passing Zone",Clear,No,0,0,1
Yes,12.0,No,Facing Traffic,C: Possible Injury,Male,Cary,Wake,No,Saturday,Bicyclist Failed to Yield - Signalized Intersection,18.0,January,Bicyclist Ride Out - Signalized  Intersection,2010,43.0,No,O: No Injury,Male,Passenger Car,No,35.79179828,-78.78332079,Dry,30 - 35  MPH,Stop And Go Signal,Clear,No,0,0,1
Yes,56.0,No,With Traffic,A: Suspected Serious Injury,Male,None - Rural Crash,Columbus,No,Monday,Motorist Overtaking Bicyclist,11.0,January,Motorist Overtaking - Undetected Bicyclist,2010,81.0,No,O: No Injury,Female,Passenger Car,No,34.03773157,-78.64557421,Dry,50 - 55  MPH,No Control Present,Clear,No,0,0,1
Yes,33.0,No,With Traffic,C: Possible Injury,Male,Winston-Salem,Forsyth,No,Friday,Motorist Overtaking Bicyclist,16.0,December,Motorist Overtaking - Other / Unknown,2009,22.0,No,O: No Injury,Male,Passenger Car,No,36.09236,-80.26885,Dry,30 - 35  MPH,"Double Yellow Line, No Passing Zone",Clear,No,0,0,12
Yes,34.0,No,With Traffic,B: Suspected Minor Injury,Male,Indian Trail,Union,No,Wednesday,Motorist Left Turn / Merge,9.0,January,Motorist Left Turn - Opposite Direction,2010,64.0,No,O: No Injury,Male,Pickup,No,35.02977203,-80.63375484,Dry,30 - 35  MPH,"Double Yellow Line, No Passing Zone",Clear,No,0,0,1
Yes,30.0,No,With Traffic,B: Suspected Minor Injury,Female,Bessemer City,Gaston,No,Tuesday,Motorist Overtaking Bicyclist,8.0,December,Motorist Overtaking - Misjudged Space,2009,46.0,No,O: No Injury,Female,Sport Utility,No,35.270435,-81.26187,Dry,40 - 45  MPH,Stop Sign,Clear,No,0,0,12
No,63.0,No,With Traffic,C: Possible Injury,Female,Durham,Durham,No,Monday,Bicyclist Left Turn / Merge,13.0,January,Bicyclist Left Turn - Same Direction,2010,64.0,Unknown,O: No Injury,Male,Sport Utility,No,35.95755166,-78.87871096,Dry,30 - 35  MPH,Stop Sign,Clear,No,0,0,1
Yes,20.0,No,Facing Traffic,B: Suspected Minor Injury,Male,None - Rural Crash,Cumberland,No,Thursday,Parallel Paths - Other Circumstances,20.0,December,Parallel Paths - Other / Unknown,2009,42.03850604944766,Missing,Unknown Injury,Unknown,Pickup,Yes,34.955032,-78.94595,Dry,40 - 45  MPH,"Double Yellow Line, No Passing Zone",Clear,No,1,0,12