AmbulanceR,BikeAge,BikeAlcFlg,BikeDir,BikeInjury,BikeSex,City,County,CrashAlcoh,CrashDay,CrashGrp,CrashHour,CrashMonth,CrashType,CrashYear,DrvrAge,DrvrAlcFlg,DrvrInjury,DrvrSex,DrvrVehTyp,HitRun,Latitude,Longitude,RdConditio,SpeedLimit,TraffCntrl,Weather,Workzone,DrvrAgeImputedFlag,BikeAgeImputedFlag,MonthCode
Yes,69.0,No,Facing Traffic,C: Possible Injury,Male,Kinston,Lenoir,No,Thursday,Motorist Failed to Yield - Sign-Controlled Intersection,15.0,December,Motorist Drive Out - Sign-Controlled Intersection,2009,36.0,No,O: No Injury,Male,Pickup,No,35.268936,-77.58425,Dry,30 - 35  MPH,Stop Sign,Clear,No,0,0,12
Yes,39.0,No,Facing Traffic,C: Possible Injury,Female,Cary,Wake,No,Thursday,Motorist Left Turn / Merge,20.0,January,Motorist Left Turn - Opposite Direction,2010,47.0,No,O: No Injury,Female,Passenger Car,No,35.78312218,-78.78328457,Wet,30 - 35  MPH,Stop And Go Signal,Rain,No,0,0,1
No,14.0,No,Not Applicable,O: No Injury,Male,Durham,Durham,No,Monday,Non-Roadway,20.0,January,Non-Roadway,2010,42.03850604944766,Missing,Unknown Injury,Unknown,Passenger Car,Yes,36.05114451,-78.91160312,Dry,5 - 15 MPH,No Control Present,Clear,No,1,0,1
No,53.0,No,Facing Traffic,C: Possible Injury,Male,Kill Devil Hills,Dare,No,Friday,Motorist Left Turn / Merge,21.0,December,Motorist Left Turn - Same Direction,2009,23.0,No,O: No Injury,Male,Sport Utility,No,35.99762,-75.653244,Wet,20 - 25  MPH,No Control Present,Rain,No,0,0,12
No,28.0,No,With Traffic,B: Suspected Minor Injury,Female,Charlotte,Mecklenburg,No,Sunday,Motorist Left Turn / Merge,14.0,December,Motorist Left Turn - Opposite Direction,2009,31.0,No,O: No Injury,Female,Passenger Car,No,35.15758,-80.82736,Dry,30 - 35  MPH,Stop And Go Signal,Clear,No,0,0,12
Yes,47.0,No,With Traffic,C: Possible Injury,Male,None - Rural Crash,Martin,No,Thursday,Motorist Overtaking Bicyclist,18.0,January,Motorist Overtaking - Misjudged Space,2010,23.0,No,O: No Injury,Male,Pickup,No,35.85031451,-77.24805636,Dry,50 - 55  MPH,No Control Present,Clear,No,0,0,1
No,47.0,No,With Traffic,C: Possible Injury,Male,None - Rural Crash,Pasquotank,No,Sunday,Motorist Failed to Yield - Midblock,16.0,January,Motorist Drive Out - Other Midblock,2010,30.0,No,O: No Injury,Male,Passenger Car,No,36.36428613,-76.29191011,Dry,50 - 55  MPH,"Double Yellow Line, No Passing Zone",Clear,No,0,0,1
No,34.0,Yes,With Traffic,Unknown Injury,Male,None - Rural Crash,Edgecombe,Yes,Tuesday,Bicyclist Left Turn / Merge,20.0,January,Bicyclist Left Turn - Same Direction,2010,42.0,No,O: No Injury,Male,Passenger Car,No,35.83135081,-77.41646972,Dry,50 - 55  MPH,No Control Present,Clear,No,0,0,1
Yes,50.0,Yes,With Traffic,B: Suspected Minor Injury,Male,None - Rural Crash,Brunswick,Yes,Monday,Parallel Paths - Other Circumstances,18.0,January,Bicyclist Ride Out - Parallel Path,2010,40.0,No,O: No Injury,Male,"Single Unit Truck (2-Axle, 6-Tire)",No,34.23165238,-78.05654983,Dry,50 - 55  MPH,"Double Yellow Line, No Passing Zone",Clear,No,0,0,1
Yes,22.0,No,With Traffic,C: Possible Injury,Female,Spring Lake,Cumberland,No,Thursday,Bicyclist Left Turn / Merge,16.0,February,Bicyclist Left Turn - Same Direction,2010,42.0,No,O: No Injury,Female,Passenger Car,No,35.18339512,-78.97787804,Dry,40 - 45  MPH,"Double Yellow Line, No Passing Zone",Clear,No,0,0,2
Yes,14.0,No,With Traffic,B: Suspected Minor Injury,Male,Statesville,Iredell,No,Wednesday,Crossing Paths - Other Circumstances,16.0,January,Crossing Paths - Intersection - Other / Unknown,2010,58.0,No,O: No Injury,Male,Pickup,No,35.80481511,-80.88199597,Dry,30 - 35  MPH,No Control Present,Clear,No,0,0,1
Yes,26.0,No,With Traffic,C: Possible Injury,Male,Chapel Hill,Orange,No,Thursday,Motorist Right Turn / Merge,11.0,January,Motorist Right Turn - Same Direction,2010,59.0,No,O: No Injury,Male,Pickup,No,35.90739156,-79.06314823,Dry,20 - 25  MPH,Other,Clear,No,0,0,1
Yes,36.0,No,With Traffic,B: Suspected Minor Injury,Male,Charlotte,Mecklenburg,No,Friday,Crossing Paths - Other Circumstances,16.0,January,Crossing Paths - Intersection - Other / Unknown,2010,46.0,No,O: No Injury,Female,Passenger Car,No,35.35199908,-80.778594,Dry,30 - 35  MPH,No Control Present,Clear,No,0,0,1
Yes,14.0,No,With Traffic,C: Possible Injury,Male,Eden,Rockingham,No,Monday,Head-On,12.0,January,Head-On - Bicyclist,2010,27.0,No,O: No Injury,Female,Passenger Car,No,36.48854774,-79.7531113,Dry,20 - 25  MPH,No Control Present,Clear,No,0,0,1
No,29.0,No,With Traffic,C: Possible Injury,Male,None - Rural Crash,Rutherford,No,Saturday,Motorist Failed to Yield - Sign-Controlled Intersection,14.0,February,Motorist Drive Out - Sign-Controlled Intersection,2010,33.0,No,O: No Injury,Male,Passenger Car,No,35.33550287,-81.92346898,Dry,30 - 35  MPH,Stop Sign,Cloudy,No,0,0,2
No,14.0,No,With Traffic,O: No Injury,Male,Cary,Wake,No,Saturday,Motorist Left Turn / Merge,22.0,February,Motorist Left Turn - Opposite Direction,2010,25.0,No,O: No Injury,Male,Sport Utility,No,35.78626584,-78.81006545,Dry,5 - 15 MPH,No Control Present,Clear,No,0,0,2
No,18.0,No,With Traffic,O: No Injury,Male,Raleigh,Wake,No,Wednesday,Crossing Paths - Other Circumstances,16.0,January,Signalized Intersection - Other / Unknown,2010,42.03850604944766,Missing,Unknown Injury,Unknown,Unknown,Yes,35.76104213,-78.61388554,Dry,30 - 35  MPH,Stop And Go Signal,Clear,No,1,0,1
No,15.0,No,With Traffic,O: No Injury,Male,Raleigh,Wake,No,Monday,Bicyclist Failed to Yield - Signalized Intersection,14.0,January,Bicyclist Failed to Clear - Trapped,2010,55.0,No,O: No Injury,Female,Passenger Car,No,35.83471403,-78.60202415,Dry,30 - 35  MPH,Stop And Go Signal,Clear,No,0,0,1
Yes,16.0,No,With Traffic,B: Suspected Minor Injury,Male,Raleigh,Wake,No,Thursday,Bicyclist Left Turn / Merge,19.0,December,Bicyclist Left Turn - Same Direction,2009,42.03850604944766,No,Unknown Injury,Unknown,Passenger Car,Yes,35.82737,-78.591385,Dry,30 - 35  MPH,"Double Yellow Line, No Passing Zone",Clear,No,1,0,12
Yes,49.0,No,With Traffic,C: Possible Injury,Male,Wilmington,New Hanover,No,Sunday,Motorist Failed to Yield - Signalized Intersection,17.0,January,Motorist Drive Out - Signalized Intersection,2010,20.0,No,O: No Injury,Male,Passenger Car,No,34.22952816,-77.90470307,Wet,30 - 35  MPH,Stop And Go Signal,Rain,No,0,0,1
No,6.0,No,With Traffic,B: Suspected Minor Injury,Male,Charlotte,Mecklenburg,No,Tuesday,Bicyclist Failed to Yield - Sign-Controlled Intersection,17.0,January,Bicyclist Ride Through - Sign-Controlled Intersection,2010,23.0,No,O: No Injury,Female,Passenger Car,No,35.21582969,-80.72185171,Dry,Unknown,Stop Sign,Cloudy,No,0,0,1
Yes,31.0,No,With Traffic,C: Possible Injury,Male,Chapel Hill,Orange,No,Thursday,Motorist Right Turn / Merge,18.0,January,Motorist Right Turn - Same Direction,2010,42.03850604944766,Missing,Unknown Injury,Unknown,Unknown,Yes,35.91675124,-79.04333608,Wet,30 - 35  MPH,No Control Present,Rain,No,1,0,1
Yes,68.0,No,With Traffic,K: Killed,Female,Plymouth,Washington,No,Wednesday,Bicyclist Left Turn / Merge,18.0,January,Bicyclist Left Turn - Same Direction,2010,53.0,No,O: No Injury,Male,Pickup,No,35.8572102,-76.74802417,Dry,40 - 45  MPH,No Control Present,Clear,No,0,0,1
Yes,60.0,No,With Traffic,B: Suspected Minor Injury,Male,Washington,Beaufort,No,Wednesday,Bicyclist Failed to Yield - Sign-Controlled Intersection,17.0,January,Bicyclist Ride Through - Sign-Controlled Intersection,2010,57.0,No,O: No Injury,Female,Van,No,35.55625416,-77.05299441,Dry,20 - 25  MPH,Stop Sign,Clear,No,0,0,1
No,55.0,No,Facing Traffic,O: No Injury,Male,Atlantic Beach,Carteret,No,Tuesday,Parallel Paths - Other Circumstances,8.0,December,Parallel Paths - Other / Unknown,2009,60.0,No,O: No Injury,Male,"Single Unit Truck (2-Axle, 6-Tire)",No,34.701153,-76.73853,Dry,30 - 35  MPH,No Control Present,Clear,No,0,0,12
Yes,19.0,No,With Traffic,B: Suspected Minor Injury,Male,Goldsboro,Wayne,No,Friday,Motorist Overtaking Bicyclist,21.0,January,Motorist Overtaking - Other / Unknown,2010,42.03850604944766,Missing,Unknown Injury,Unknown,Unknown,Yes,35.38765523,-77.98241889,Dry,20 - 25  MPH,Stop Sign,Cloudy,No,1,0,1
Yes,26.0,No,With Traffic,B: Suspected Minor Injury,Male,Wilmington,New Hanover,No,Wednesday,Motorist Left Turn / Merge,20.0,January,Motorist Left Turn - Opposite Direction,2010,21.0,No,O: No Injury,Female,Passenger Car,No,34.2341831,-77.94851385,Dry,20 - 25  MPH,No Control Present,Clear,No,0,0,1
No,23.0,No,With Traffic,C: Possible Injury,Male,Greensboro,Guilford,No,Monday,Motorist Left Turn / Merge,11.0,January,Motorist Left Turn - Opposite Direction,2010,42.03850604944766,Missing,Unknown Injury,Unknown,Unknown,Yes,36.06385964,-79.82377754,Dry,30 - 35  MPH,Stop And Go Signal,Clear,No,1,0,1
No,30.0,No,Facing Traffic,O: No Injury,Male,Greenville,Pitt,No,Friday,Crossing Paths - Other Circumstances,13.0,January,Crossing Paths - Midblock - Other / Unknown,2010,58.0,No,O: No Injury,Male,Truck/Trailer,No,35.59047522,-77.36796119,Wet,Unknown,Stop Sign,Rain,No,0,0,1
Yes,15.0,No,With Traffic,B: Suspected Minor Injury,Male,Hickory,Catawba,No,Monday,Bicyclist Failed to Yield - Signalized Intersection,11.0,January,Bicyclist Ride Out - Signalized  Intersection,2010,57.0,No,O: No Injury,Male,Van,No,35.73597077,-81.35213052,Dry,30 - 35  MPH,Stop And Go Signal,Clear,No,0,0,1
Yes,21.0,No,With Traffic,C: Possible Injury,Male,Charlotte,Mecklenburg,No,Monday,Motorist Failed to Yield - Sign-Controlled Intersection,16.0,January,Motorist Drive Out - Sign-Controlled Intersection,2010,42.03850604944766,Missing,Unknown Injury,Unknown,Unknown,Yes,35.25067511,-80.79071859,Dry,30 - 35  MPH,Stop Sign,Clear,No,1,0,1
Yes,29.0,No,Facing Traffic,B: Suspected Minor Injury,Male,Enfield,Halifax,No,Wednesday,Motorist Left Turn / Merge,0.0,January,Motorist Left Turn - Same Direction,2010,42.03850604944766,Missing,Unknown Injury,Unknown,Unknown,Yes,36.17793966,-77.66569701,Dry,20 - 25  MPH,Stop Sign,Clear,No,1,0,1
No,24.0,No,With Traffic,Unknown Injury,Male,Greenville,Pitt,No,Tuesday,Motorist Overtaking Bicyclist,13.0,January,Motorist Overtaking - Misjudged Space,2010,56.0,No,O: No Injury,Female,Passenger Car,No,35.607726,-77.363056,Dry,30 - 35  MPH,Stop And Go Signal,Clear,No,0,0,1
Yes,20.0,No,Facing Traffic,B: Suspected Minor Injury,Male,Rocky Mount,Nash,No,Tuesday,Motorist Left Turn / Merge,18.0,January,Motorist Left Turn - Same Direction,2010,75.0,No,O: No Injury,Male,Passenger Car,No,35.93048574,-77.7835613,Dry,30 - 35  MPH,No Control Present,Clear,No,0,0,1
Yes,53.0,Yes,With Traffic,B: Suspected Minor Injury,Male,Greensboro,Guilford,Yes,Wednesday,Bicyclist Left Turn / Merge,14.0,February,Bicyclist Left Turn - Same Direction,2010,31.0,No,O: No Injury,Female,Passenger Car,No,36.05040167,-79.79806921,Wet,30 - 35  MPH,No Control Present,Clear,No,0,0,2
No,61.0,No,With Traffic,B: Suspected Minor Injury,Male,Charlotte,Mecklenburg,No,Thursday,Motorist Overtaking Bicyclist,17.0,February,Motorist Overtaking - Bicyclist Swerved,2010,45.0,No,C: Possible Injury,Male,Sport Utility,No,35.17506607,-80.71852111,Dry,40 - 45  MPH,No Control Present,Clear,No,0,0,2
Yes,14.0,No,Facing Traffic,B: Suspected Minor Injury,Female,Fayetteville,Cumberland,No,Tuesday,Bicyclist Failed to Yield - Signalized Intersection,16.0,February,Bicyclist Ride Out - Signalized  Intersection,2010,67.0,No,O: No Injury,Male,Pickup,No,35.05372955,-78.88560449,Dry,20 - 25  MPH,Stop And Go Signal,Clear,No,0,0,2
Yes,22.0,No,With Traffic,B: Suspected Minor Injury,Male,Raleigh,Wake,No,Wednesday,Motorist Failed to Yield - Sign-Controlled Intersection,19.0,January,Motorist Drive Out - Sign-Controlled Intersection,2010,25.0,No,O: No Injury,Female,Passenger Car,No,35.78361018,-78.68832321,Dry,30 - 35  MPH,No Control Present,Clear,No,0,0,1
Yes,42.0,No,With Traffic,C: Possible Injury,Male,Charlotte,Mecklenburg,No,Sunday,Loss of Control / Turning Error,21.0,January,Motorist Lost Control - Surface Conditions,2010,34.0,No,O: No Injury,Female,Passenger Car,No,35.3134548,-80.78617135,Ice,40 - 45  MPH,No Control Present,Clear,No,0,0,1
No,50.0,No,Facing Traffic,O: No Injury,Male,Fayetteville,Cumberland,No,Tuesday,Bicyclist Failed to Yield - Signalized Intersection,13.0,February,Bicyclist Ride Out - Signalized  Intersection,2010,50.0,No,O: No Injury,Female,Passenger Car,No,35.07158122,-78.89436604,Dry,20 - 25  MPH,Stop And Go Signal,Clear,No,0,0,2
No,34.0,No,Facing Traffic,O: No Injury,Male,Raleigh,Wake,No,Thursday,Motorist Failed to Yield - Sign-Controlled Intersection,17.0,February,Motorist Drive Out - Sign-Controlled Intersection,2010,60.0,No,O: No Injury,Male,Passenger Car,No,35.82043017,-78.6262625,Dry,5 - 15 MPH,Stop Sign,Clear,No,0,0,2
No,21.0,No,With Traffic,O: No Injury,Male,Zebulon,Wake,No,Monday,Bicyclist Left Turn / Merge,16.0,February,Bicyclist Left Turn - Same Direction,2010,71.0,No,O: No Injury,Female,Passenger Car,No,35.8157929,-78.31501567,Dry,30 - 35  MPH,No Control Present,Clear,No,0,0,2
Yes,53.0,No,With Traffic,B: Suspected Minor Injury,Male,None - Rural Crash,Alexander,No,Friday,Motorist Overtaking Bicyclist,18.0,February,Motorist Overtaking - Other / Unknown,2010,70.0,No,O: No Injury,Female,Sport Utility,No,35.93290872,-81.13659583,Dry,40 - 45  MPH,"Double Yellow Line, No Passing Zone",Clear,No,0,0,2
No,9.0,No,Not Applicable,O: No Injury,Male,Durham,Durham,No,Sunday,Non-Roadway,8.0,February,Non-Roadway,2010,25.0,No,O: No Injury,Male,Sport Utility,No,35.99884793,-78.86435415,Dry,20 - 25  MPH,No Control Present,Clear,No,0,0,2
Yes,16.0,No,Facing Traffic,A: Suspected Serious Injury,Male,None - Rural Crash,Pitt,No,Wednesday,Bicyclist Right Turn / Merge,15.0,January,Bicyclist Right Turn - Same Direction,2010,48.0,No,O: No Injury,Female,Sport Utility,No,35.60397969,-77.46841676,Dry,Unknown,"Double Yellow Line, No Passing Zone",Clear,No,0,0,1
No,56.0,No,With Traffic,C: Possible Injury,Male,None - Rural Crash,Craven,No,Sunday,Motorist Overtaking Bicyclist,16.0,February,Motorist Overtaking - Misjudged Space,2010,37.0,No,O: No Injury,Female,Passenger Car,No,35.08001566,-77.16164852,Dry,50 - 55  MPH,No Control Present,Clear,No,0,0,2
Yes,45.0,Yes,With Traffic,C: Possible Injury,Male,Kannapolis,Cabarrus,Yes,Tuesday,Bicyclist Left Turn / Merge,16.0,February,Bicyclist Left Turn - Same Direction,2010,20.0,No,O: No Injury,Male,Pickup,No,35.47479829,-80.60979002,Wet,40 - 45  MPH,No Control Present,Cloudy,No,0,0,2
Yes,42.0,Yes,With Traffic,C: Possible Injury,Male,None - Rural Crash,Robeson,Yes,Wednesday,Bicyclist Left Turn / Merge,6.0,February,Bicyclist Left Turn - Same Direction,2010,40.0,No,C: Possible Injury,Male,Pickup,No,34.67417,-79.185474,Wet,50 - 55  MPH,"Double Yellow Line, No Passing Zone",Cloudy,No,0,0,2
Yes,55.0,No,With Traffic,B: Suspected Minor Injury,Male,Burlington,Alamance,No,Monday,Motorist Failed to Yield - Sign-Controlled Intersection,18.0,February,Motorist Drive Out - Sign-Controlled Intersection,2010,28.0,No,O: No Injury,Female,Sport Utility,No,36.08495146,-79.45347858,Wet,30 - 35  MPH,Stop Sign,Cloudy,Yes,0,0,2
Yes,21.0,No,Not Applicable,B: Suspected Minor Injury,Female,None - Rural Crash,New Hanover,No,Thursday,Non-Roadway,20.0,February,Non-Roadway,2010,36.0,No,O: No Injury,Male,Passenger Car,No,34.14609142,-77.89476389,Dry,Unknown,Other,Clear,No,0,0,2
Yes,12.0,No,With Traffic,B: Suspected Minor Injury,Male,Thomasville,Davidson,No,Friday,Motorist Failed to Yield - Sign-Controlled Intersection,16.0,February,Motorist Drive Through - Sign-Controlled Intersection,2010,24.0,No,O: No Injury,Female,Sport Utility,No,35.87912317,-80.08896354,Dry,30 - 35  MPH,Stop Sign,Clear,No,0,0,2
No,63.0,No,With Traffic,O: No Injury,Male,Boone,Watauga,No,Sunday,Bicyclist Left Turn / Merge,12.0,February,Bicyclist Left Turn - Same Direction,2010,42.03850604944766,Missing,Unknown Injury,Unknown,Unknown,Yes,36.19916508,-81.67030383,Wet,20 - 25  MPH,No Control Present,Clear,No,1,0,2
Yes,17.0,No,With Traffic,B: Suspected Minor Injury,Male,None - Rural Crash,Davidson,No,Thursday,Bicyclist Left Turn / Merge,8.0,February,Bicyclist Left Turn - Same Direction,2010,42.0,No,O: No Injury,Male,Pickup,No,35.64986347,-80.20560646,Dry,50 - 55  MPH,"Double Yellow Line, No Passing Zone",Clear,No,0,0,2
Yes,40.0,No,With Traffic,C: Possible Injury,Male,None - Rural Crash,Pitt,No,Saturday,Motorist Overtaking Bicyclist,15.0,March,Motorist Overtaking - Undetected Bicyclist,2010,76.0,No,O: No Injury,Male,Pickup,No,35.56819745,-77.24801261,Dry,50 - 55  MPH,"Double Yellow Line, No Passing Zone",Clear,No,0,0,3
No,53.0,No,With Traffic,B: Suspected Minor Injury,Male,Charlotte,Mecklenburg,No,Saturday,Motorist Overtaking Bicyclist,17.0,February,Motorist Overtaking - Undetected Bicyclist,2010,79.0,No,O: No Injury,Male,Passenger Car,No,35.11116402,-80.79208265,Dry,30 - 35  MPH,No Control Present,Clear,No,0,0,2
No,26.0,No,With Traffic,B: Suspected Minor Injury,Female,Charlotte,Mecklenburg,No,Friday,Motorist Right Turn / Merge,22.0,February,Motorist Right Turn - Same Direction,2010,42.03850604944766,Missing,Unknown Injury,Unknown,Unknown,Yes,35.21323727,-80.83371981,Dry,30 - 35  MPH,Stop And Go Signal,Clear,No,1,0,2
No,10.0,No,Not Applicable,B: Suspected Minor Injury,Male,Charlotte,Mecklenburg,No,Sunday,Crossing Paths - Other Circumstances,14.0,February,Crossing Paths - Uncontrolled Intersection,2010,63.0,No,O: No Injury,Male,Passenger Car,No,35.21418839,-80.79397189,Dry,30 - 35  MPH,No Control Present,Clear,No,0,0,2
Yes,11.0,No,With Traffic,B: Suspected Minor Injury,Male,High Point,Guilford,No,Tuesday,Motorist Right Turn / Merge,19.0,February,Motorist Right Turn - Same Direction,2010,42.03850604944766,Missing,Unknown Injury,Unknown,Unknown,Yes,35.95613168,-80.00018292,Wet,Unknown,Stop And Go Signal,Clear,No,1,0,2
Yes,61.0,No,Facing Traffic,C: Possible Injury,Male,Cary,Wake,No,Wednesday,Motorist Failed to Yield - Sign-Controlled Intersection,11.0,March,Motorist Drive Out - Sign-Controlled Intersection,2010,65.0,No,O: No Injury,Male,Pickup,No,35.73304341,-78.77765157,Dry,20 - 25  MPH,Stop Sign,Cloudy,No,0,0,3
Yes,14.0,No,With Traffic,C: Possible Injury,Female,Reidsville,Rockingham,No,Saturday,Bicyclist Failed to Yield - Sign-Controlled Intersection,16.0,February,Bicyclist Ride Through - Sign-Controlled Intersection,2010,67.0,No,O: No Injury,Female,Passenger Car,No,36.34692058,-79.67298522,Dry,30 - 35  MPH,Stop Sign,Clear,No,0,0,2
Yes,15.0,No,Facing Traffic,A: Suspected Serious Injury,Male,None - Rural Crash,Bladen,No,Sunday,Bicyclist Right Turn / Merge,17.0,March,Bicyclist Right Turn - Same Direction,2010,57.0,No,O: No Injury,Female,Pickup,No,34.7492855,-78.73586924,Dry,50 - 55  MPH,No Control Present,Clear,No,0,0,3
Yes,51.0,No,With Traffic,B: Suspected Minor Injury,Female,Durham,Durham,No,Wednesday,Motorist Overtaking Bicyclist,8.0,March,Motorist Overtaking - Undetected Bicyclist,2010,21.0,No,O: No Injury,Male,Passenger Car,No,35.94362076,-78.87087662,Dry,40 - 45  MPH,No Control Present,Clear,No,0,0,3
Yes,11.0,No,With Traffic,B: Suspected Minor Injury,Male,Cary,Wake,No,Wednesday,Motorist Overtaking Bicyclist,17.0,March,Motorist Overtaking - Bicyclist Swerved,2010,36.0,No,O: No Injury,Male,Sport Utility,No,35.80752454,-78.86055893,Dry,20 - 25  MPH,No Control Present,Cloudy,No,0,0,3
Yes,47.0,Unknown,With Traffic,B: Suspected Minor Injury,Male,Wilmington,New Hanover,No,Wednesday,Motorist Failed to Yield - Sign-Controlled Intersection,18.0,February,Motorist Drive Through - Sign-Controlled Intersection,2010,42.03850604944766,Missing,Unknown Injury,Unknown,Unknown,Yes,34.21944641,-77.94003492,Dry,30 - 35  MPH,Stop Sign,Clear,No,1,0,2
Yes,53.0,Unknown,With Traffic,K: Killed,Male,Red Springs,Robeson,No,Saturday,Motorist Overtaking Bicyclist,17.0,February,Motorist Overtaking - Undetected Bicyclist,2010,20.0,No,O: No Injury,Female,Passenger Car,No,34.80373598,-79.18837098,Dry,30 - 35  MPH,No Control Present,Clear,No,0,0,2
Yes,47.0,No,With Traffic,C: Possible Injury,Male,Winterville,Pitt,No,Tuesday,Crossing Paths - Other Circumstances,18.0,February,Sign-Controlled Intersection - Other / Unknown,2010,16.0,No,O: No Injury,Male,Passenger Car,No,35.53390417,-77.40009223,Wet,5 - 15 MPH,Stop Sign,"Snow, Sleet, Hail, Freezing Rain/Drizzle",No,0,0,2
Yes,28.0,No,With Traffic,B: Suspected Minor Injury,Male,Chapel Hill,Orange,No,Friday,Motorist Left Turn / Merge,18.0,March,Motorist Left Turn - Opposite Direction,2010,26.0,No,O: No Injury,Female,Passenger Car,No,35.91525193,-79.05680192,Dry,30 - 35  MPH,Yield Sign,Clear,No,0,0,3
Yes,64.0,No,Unknown,K: Killed,Male,Charlotte,Mecklenburg,No,Monday,Bicyclist Failed to Yield - Midblock,14.0,February,Bicyclist Ride Out - Other Midblock,2010,44.0,No,O: No Injury,Male,Passenger Car,No,35.21063245,-80.80127171,Dry,50 - 55  MPH,No Control Present,Clear,No,0,0,2
No,34.0,No,With Traffic,C: Possible Injury,Female,Cary,Wake,No,Thursday,Motorist Failed to Yield - Midblock,21.0,March,Motorist Drive Out - Commercial Driveway / Alley,2010,42.03850604944766,Missing,Unknown Injury,Unknown,Passenger Car,Yes,35.7911019,-78.75780331,Dry,40 - 45  MPH,No Control Present,Clear,No,1,0,3
Yes,63.0,No,With Traffic,B: Suspected Minor Injury,Male,None - Rural Crash,Burke,No,Saturday,Bicyclist Left Turn / Merge,13.0,March,Bicyclist Left Turn - Same Direction,2010,17.0,No,O: No Injury,Female,Sport Utility,No,35.77078869,-81.61621495,Dry,40 - 45  MPH,"Double Yellow Line, No Passing Zone",Clear,No,0,0,3
Yes,18.0,No,With Traffic,B: Suspected Minor Injury,Male,None - Rural Crash,Durham,No,Wednesday,Motorist Overtaking Bicyclist,23.0,March,Motorist Overtaking - Other / Unknown,2010,42.03850604944766,Unknown,Unknown Injury,Unknown,Sport Utility,Yes,36.05886838,-78.88869976,Dry,40 - 45  MPH,Stop Sign,Clear,No,1,0,3
No,17.0,No,With Traffic,B: Suspected Minor Injury,Male,Asheville,Buncombe,No,Thursday,Bicyclist Overtaking Motorist,9.0,February,Bicyclist Overtaking - Other / Unknown,2010,38.0,No,O: No Injury,Female,Sport Utility,No,35.57835815,-82.59001331,Dry,20 - 25  MPH,Stop And Go Signal,Cloudy,No,0,0,2
No,48.0,Yes,Not Applicable,O: No Injury,Male,None - Rural Crash,Pitt,Yes,Friday,Bicyclist Failed to Yield - Midblock,18.0,March,Bicyclist Ride Out - Residential Driveway,2010,68.0,No,O: No Injury,Female,Passenger Car,No,35.58790509,-77.2308323,Dry,50 - 55  MPH,"Double Yellow Line, No Passing Zone",Clear,No,0,0,3
Yes,7.0,No,With Traffic,C: Possible Injury,Male,Durham,Durham,No,Sunday,Loss of Control / Turning Error,18.0,March,Bicyclist Turning Error - Right Turn,2010,27.0,No,O: No Injury,Male,Passenger Car,No,35.9184963,-78.80944234,Dry,5 - 15 MPH,Stop Sign,Cloudy,No,0,0,3
Yes,65.0,No,With Traffic,C: Possible Injury,Male,Ayden,Pitt,No,Friday,Bicyclist Failed to Yield - Sign-Controlled Intersection,17.0,December,Bicyclist Ride Out - Sign-Controlled Intersection,2009,22.0,No,O: No Injury,Female,Passenger Car,No,35.491932,-77.42849,Wet,60 - 75 MPH,No Control Present,Rain,No,0,0,12
Yes,57.0,No,Not Applicable,C: Possible Injury,Male,Fayetteville,Cumberland,No,Friday,Bicyclist Failed to Yield - Midblock,13.0,March,Bicyclist Ride Out - Other Midblock,2010,62.0,No,O: No Injury,Female,Van,No,35.04869604,-78.86712663,Dry,30 - 35  MPH,No Control Present,Clear,No,0,0,3
Yes,19.0,No,With Traffic,C: Possible Injury,Male,Charlotte,Mecklenburg,No,Wednesday,Motorist Failed to Yield - Midblock,16.0,March,Motorist Drive Out - Other Midblock,2010,42.03850604944766,Missing,Unknown Injury,Unknown,Unknown,Yes,35.23094016,-80.72943844,Dry,20 - 25  MPH,No Control Present,Clear,No,1,0,3
Yes,29.0,Yes,Facing Traffic,C: Possible Injury,Male,Statesville,Iredell,Yes,Thursday,Motorist Left Turn / Merge,14.0,March,Motorist Left Turn - Same Direction,2010,42.03850604944766,Missing,Unknown Injury,Unknown,Unknown,Yes,35.78173801,-80.88143324,Dry,30 - 35  MPH,No Control Present,Clear,No,1,0,3
No,46.0,No,With Traffic,O: No Injury,Male,Thomasville,Davidson,No,Saturday,Motorist Left Turn / Merge,15.0,March,Motorist Left Turn - Opposite Direction,2010,87.0,No,O: No Injury,Male,Passenger Car,No,35.881284,-80.099312,Dry,Unknown,Stop And Go Signal,Clear,No,0,0,3
Yes,34.0,No,With Traffic,K: Killed,Male,Goldsboro,Wayne,No,Thursday,Motorist Overtaking Bicyclist,19.0,March,Motorist Overtaking - Undetected Bicyclist,2010,72.0,No,O: No Injury,Male,Pickup,No,35.40268465,-77.97160424,Dry,40 - 45  MPH,No Control Present,Clear,No,0,0,3
Yes,18.0,No,Not Applicable,B: Suspected Minor Injury,Male,High Point,Guilford,No,Monday,Bicyclist Failed to Yield - Midblock,8.0,March,Multiple Threat - Midblock,2010,23.0,No,O: No Injury,Female,Sport Utility,No,35.94687272,-80.00345142,Dry,30 - 35  MPH,No Control Present,Clear,No,0,0,3