AmbulanceR,BikeAge,BikeAlcFlg,BikeDir,BikeInjury,BikeSex,City,County,CrashAlcoh,CrashDay,CrashGrp,CrashHour,CrashMonth,CrashType,CrashYear,DrvrAge,DrvrAlcFlg,DrvrInjury,DrvrSex,DrvrVehTyp,HitRun,Latitude,Longitude,RdConditio,SpeedLimit,TraffCntrl,Weather,Workzone,DrvrAgeImputedFlag,BikeAgeImputedFlag,MonthCode
No,20.0,No,Unknown,B: Suspected Minor Injury,Male,Burlington,Alamance,No,Wednesday,Backing Vehicle,13.0,March,Backing Vehicle,2010,42.03850604944766,Missing,Unknown Injury,Unknown,Unknown,Yes,36.10750322,-79.43421624,Dry,30 - 35  MPH,No Control Present,Clear,No,1,0,3
Yes,28.0,No,Facing Traffic,B: Suspected Minor Injury,Male,Forest City,Rutherford,No,Wednesday,Motorist Left Turn / Merge,15.0,March,Motorist Left Turn - Same Direction,2010,17.0,No,O: No Injury,Male,Passenger Car,No,35.35611942,-81.87332209,Dry,30 - 35  MPH,No Control Present,Cloudy,No,0,0,3
No,44.0,No,With Traffic,A: Suspected Serious Injury,Male,Charlotte,Mecklenburg,No,Thursday,Motorist Overtaking Bicyclist,6.0,March,Motorist Overtaking - Undetected Bicyclist,2010,42.03850604944766,Missing,Unknown Injury,Unknown,Unknown,Yes,35.09910216,-81.03930073,Wet,40 - 45  MPH,Other,"Fog, Smog, Smoke",No,1,0,3
Yes,13.0,No,With Traffic,B: Suspected Minor Injury,Male,None - Rural Crash,Onslow,No,Friday,Bicyclist Left Turn / Merge,19.0,March,Bicyclist Left Turn - Same Direction,2010,25.0,No,O: No Injury,Male,Pickup,No,34.65717773,-77.20122069,Dry,50 - 55  MPH,"Double Yellow Line, No Passing Zone",Clear,No,0,0,3
Yes,49.0,No,With Traffic,B: Suspected Minor Injury,Male,None - Rural Crash,Bertie,No,Wednesday,Motorist Overtaking Bicyclist,20.0,March,Motorist Overtaking - Misjudged Space,2010,66.0,No,O: No Injury,Male,Pickup,No,35.99141416,-76.76966814,Dry,50 - 55  MPH,No Control Present,Clear,No,0,0,3
Yes,16.0,No,With Traffic,K: Killed,Male,Lenoir,Caldwell,No,Tuesday,Bicyclist Failed to Yield - Sign-Controlled Intersection,18.0,March,Bicyclist Ride Through - Sign-Controlled Intersection,2010,36.0,No,O: No Injury,Male,Pickup,No,35.92287758,-81.55208791,Dry,30 - 35  MPH,Stop Sign,Clear,No,0,0,3
No,44.0,No,With Traffic,O: No Injury,Male,Wilson,Wilson,No,Thursday,Motorist Overtaking Bicyclist,17.0,October,Motorist Overtaking - Undetected Bicyclist,2009,19.0,No,O: No Injury,Male,Passenger Car,No,35.71809,-77.9245,Dry,30 - 35  MPH,No Control Present,Clear,No,0,0,10
Yes,48.0,No,Facing Traffic,B: Suspected Minor Injury,Male,None - Rural Crash,Moore,No,Friday,Motorist Failed to Yield - Sign-Controlled Intersection,14.0,March,Motorist Drive Out - Sign-Controlled Intersection,2010,57.0,No,O: No Injury,Male,Passenger Car,No,35.14932892,-79.4187381,Dry,Unknown,Stop Sign,Cloudy,No,0,0,3
Yes,35.0,No,With Traffic,K: Killed,Male,Concord,Cabarrus,No,Wednesday,Motorist Overtaking Bicyclist,7.0,March,Motorist Overtaking - Misjudged Space,2010,24.0,No,O: No Injury,Female,Passenger Car,No,35.37326375,-80.55152488,Dry,50 - 55  MPH,No Control Present,Clear,No,0,0,3
No,28.0,No,Unknown,O: No Injury,Male,Raleigh,Wake,No,Saturday,Loss of Control / Turning Error,22.0,February,Motorist Lost Control - Surface Conditions,2010,34.0,No,O: No Injury,Male,Police,No,35.78104142,-78.62570685,Wet,30 - 35  MPH,No Control Present,Clear,No,0,0,2
Yes,49.0,No,Not Applicable,B: Suspected Minor Injury,Male,Raleigh,Wake,No,Sunday,Bicyclist Failed to Yield - Midblock,5.0,February,Bicyclist Ride Out - Midblock - Unknown,2010,56.0,No,O: No Injury,Male,Passenger Car,No,35.78002523,-78.6137299,Dry,30 - 35  MPH,No Control Present,Clear,No,0,0,2
Yes,32.52649525389365,Missing,Facing Traffic,C: Possible Injury,Unknown,Raleigh,Wake,No,Wednesday,Motorist Failed to Yield - Signalized Intersection,17.0,March,Motorist Drive Out - Right Turn on Red,2010,63.0,No,O: No Injury,Male,Pickup,No,35.81518459,-78.62614818,Dry,30 - 35  MPH,Stop And Go Signal,Clear,No,0,1,3
Yes,7.0,No,With Traffic,B: Suspected Minor Injury,Male,None - Rural Crash,Orange,No,Tuesday,Motorist Overtaking Bicyclist,17.0,March,Motorist Overtaking - Misjudged Space,2010,35.0,No,O: No Injury,Female,Pickup,No,36.0426397,-79.02853225,Dry,40 - 45  MPH,"Double Yellow Line, No Passing Zone",Clear,No,0,0,3
Yes,16.0,No,With Traffic,B: Suspected Minor Injury,Male,None - Rural Crash,Rowan,No,Wednesday,Bicyclist Left Turn / Merge,15.0,March,Bicyclist Left Turn - Same Direction,2010,24.0,No,O: No Injury,Male,Passenger Car,No,35.71516793,-80.43541962,Dry,50 - 55  MPH,"Double Yellow Line, No Passing Zone",Clear,No,0,0,3
Yes,12.0,No,Not Applicable,C: Possible Injury,Male,Hickory,Catawba,No,Friday,Loss of Control / Turning Error,19.0,March,Bicyclist Lost Control - Mechanical Problems,2010,46.0,No,O: No Injury,Female,Passenger Car,No,35.75459437,-81.32914157,Dry,20 - 25  MPH,No Control Present,Clear,No,0,0,3
No,32.52649525389365,Missing,With Traffic,Unknown Injury,Unknown,High Point,Guilford,No,Thursday,Bicyclist Failed to Yield - Signalized Intersection,20.0,March,Bicyclist Ride Out - Signalized  Intersection,2010,34.0,No,O: No Injury,Male,Passenger Car,No,35.97304605,-80.01462155,Dry,30 - 35  MPH,Stop And Go Signal,Clear,No,0,1,3
Yes,30.0,No,With Traffic,C: Possible Injury,Male,Greensboro,Guilford,No,Thursday,Motorist Right Turn / Merge,17.0,March,Motorist Right Turn - Same Direction,2010,18.0,No,O: No Injury,Female,Passenger Car,No,36.06875565,-79.83184181,Dry,30 - 35  MPH,No Control Present,Clear,No,0,0,3
No,20.0,No,With Traffic,B: Suspected Minor Injury,Male,Wesley Chapel,Union,No,Wednesday,Motorist Left Turn / Merge,8.0,March,Motorist Left Turn - Opposite Direction,2010,49.0,No,O: No Injury,Male,Pickup,No,35.02783825,-80.66355034,Dry,30 - 35  MPH,No Control Present,Clear,No,0,0,3
No,58.0,No,With Traffic,B: Suspected Minor Injury,Female,None - Rural Crash,Guilford,No,Saturday,Motorist Overtaking Bicyclist,12.0,April,Motorist Overtaking - Misjudged Space,2010,42.03850604944766,Unknown,Unknown Injury,Unknown,Tractor/Semi-Trailer,Yes,36.05944351,-79.71856459,Dry,40 - 45  MPH,"Double Yellow Line, No Passing Zone",Clear,No,1,0,4
No,17.0,No,With Traffic,O: No Injury,Male,None - Rural Crash,New Hanover,No,Friday,Bicyclist Left Turn / Merge,10.0,April,Bicyclist Left Turn - Same Direction,2010,19.0,No,O: No Injury,Female,Pickup,No,34.29537218,-77.92132191,Dry,40 - 45  MPH,No Control Present,Clear,No,0,0,4
Yes,48.0,No,Not Applicable,B: Suspected Minor Injury,Male,Greensboro,Guilford,No,Wednesday,Crossing Paths - Other Circumstances,7.0,March,Crossing Paths - Uncontrolled Intersection,2010,30.0,No,O: No Injury,Male,Pickup,No,36.08457818,-79.76042388,Dry,30 - 35  MPH,No Control Present,Clear,No,0,0,3
Yes,20.0,No,Facing Traffic,B: Suspected Minor Injury,Male,None - Rural Crash,Edgecombe,No,Tuesday,Bicyclist Right Turn / Merge,15.0,March,Bicyclist Right Turn - Same Direction,2010,44.0,No,O: No Injury,Male,Passenger Car,No,35.87945778,-77.74081593,Dry,40 - 45  MPH,No Control Present,Clear,No,0,0,3
No,38.0,No,With Traffic,C: Possible Injury,Male,Wilmington,New Hanover,No,Tuesday,Motorist Right Turn / Merge,19.0,March,Motorist Right Turn - Same Direction,2010,41.0,No,O: No Injury,Male,Pickup,No,34.23915793,-77.94385456,Dry,30 - 35  MPH,Stop And Go Signal,Clear,No,0,0,3
Yes,25.0,Yes,Not Applicable,C: Possible Injury,Male,Charlotte,Mecklenburg,Yes,Tuesday,Motorist Failed to Yield - Midblock,18.0,March,Motorist Drive Out - Commercial Driveway / Alley,2010,21.0,No,O: No Injury,Male,Passenger Car,No,35.22912325,-80.77458695,Dry,5 - 15 MPH,No Control Present,Clear,No,0,0,3
Yes,35.0,No,With Traffic,B: Suspected Minor Injury,Female,Charlotte,Mecklenburg,No,Wednesday,Motorist Left Turn / Merge,17.0,March,Motorist Left Turn - Opposite Direction,2010,19.0,No,O: No Injury,Female,Passenger Car,No,35.186993,-80.83309066,Dry,30 - 35  MPH,Stop Sign,Clear,No,0,0,3
Yes,14.0,No,Unknown,B: Suspected Minor Injury,Male,Nags Head,Dare,No,Friday,Other / Unknown - Insufficient Details,8.0,August,Unknown Location,2009,65.0,No,O: No Injury,Male,Pickup,No,35.936462,-75.612404,Dry,30 - 35  MPH,No Control Present,Clear,No,0,0,8
Yes,23.0,No,With Traffic,B: Suspected Minor Injury,Male,Boone,Watauga,No,Wednesday,Motorist Left Turn / Merge,11.0,March,Motorist Left Turn - Opposite Direction,2010,52.0,No,O: No Injury,Male,"Light Truck (Mini-Van, Panel)",No,36.21712235,-81.68481418,Dry,20 - 25  MPH,No Control Present,Clear,No,0,0,3
No,52.0,No,With Traffic,C: Possible Injury,Male,Greensboro,Guilford,No,Thursday,Motorist Left Turn / Merge,20.0,March,Motorist Left Turn - Opposite Direction,2010,29.0,No,O: No Injury,Female,Passenger Car,No,36.068107,-79.790021,Dry,20 - 25  MPH,Stop Sign,Clear,No,0,0,3
Yes,22.0,No,Not Applicable,B: Suspected Minor Injury,Male,Lumberton,Robeson,No,Saturday,Non-Roadway,13.0,March,Non-Roadway,2010,28.0,No,O: No Injury,Male,"Light Truck (Mini-Van, Panel)",No,34.6322417,-79.00418621,Dry,30 - 35  MPH,No Control Present,Cloudy,No,0,0,3
Yes,17.0,No,Facing Traffic,C: Possible Injury,Male,Laurinburg,Scotland,No,Wednesday,Motorist Failed to Yield - Signalized Intersection,8.0,March,Motorist Drive Through - Signalized Intersection,2010,23.0,No,C: Possible Injury,Female,Passenger Car,No,34.77225711,-79.45759709,Dry,30 - 35  MPH,Stop And Go Signal,Clear,No,0,0,3
No,16.0,No,With Traffic,B: Suspected Minor Injury,Male,None - Rural Crash,Burke,No,Saturday,Motorist Overtaking Bicyclist,15.0,March,Motorist Overtaking - Other / Unknown,2010,51.0,No,O: No Injury,Female,Sport Utility,No,35.76782555,-81.62587719,Dry,40 - 45  MPH,"Double Yellow Line, No Passing Zone",Clear,No,0,0,3
No,20.0,No,With Traffic,C: Possible Injury,Female,Boone,Watauga,No,Thursday,Motorist Right Turn / Merge,16.0,April,Motorist Right Turn - Same Direction,2010,42.03850604944766,Missing,Unknown Injury,Unknown,Unknown,Yes,36.21171505,-81.67839859,Dry,20 - 25  MPH,Stop And Go Signal,Cloudy,No,1,0,4
No,15.0,Unknown,With Traffic,Unknown Injury,Unknown,Charlotte,Mecklenburg,No,Thursday,Crossing Paths - Other Circumstances,14.0,April,Crossing Paths - Intersection - Other / Unknown,2010,47.0,No,O: No Injury,Male,Passenger Car,No,35.11796074,-80.8558116,Dry,30 - 35  MPH,Stop And Go Signal,Clear,No,0,0,4
No,55.0,No,Facing Traffic,B: Suspected Minor Injury,Male,Fayetteville,Cumberland,No,Thursday,Motorist Failed to Yield - Sign-Controlled Intersection,18.0,April,Motorist Drive Out - Sign-Controlled Intersection,2010,29.0,No,O: No Injury,Female,Sport Utility,No,35.0909529,-78.95438632,Dry,20 - 25  MPH,Stop Sign,Clear,No,0,0,4
Yes,6.0,No,With Traffic,C: Possible Injury,Female,Hope Mills,Cumberland,No,Sunday,Bicyclist Left Turn / Merge,14.0,April,Bicyclist Left Turn - Same Direction,2010,52.0,No,C: Possible Injury,Male,Van,No,34.97927663,-78.92527339,Dry,40 - 45  MPH,"Double Yellow Line, No Passing Zone",Clear,No,0,0,4
No,70.0,No,With Traffic,B: Suspected Minor Injury,Male,None - Rural Crash,Beaufort,No,Sunday,Bicyclist Left Turn / Merge,15.0,April,Bicyclist Left Turn - Same Direction,2010,60.0,No,O: No Injury,Male,Van,No,35.5225943,-76.83872971,Dry,50 - 55  MPH,No Control Present,Clear,No,0,0,4
Yes,29.0,No,With Traffic,B: Suspected Minor Injury,Male,None - Rural Crash,Wake,No,Sunday,Motorist Overtaking Bicyclist,20.0,April,Motorist Overtaking - Misjudged Space,2010,29.0,No,O: No Injury,Male,Pickup,No,35.71833294,-78.4676269,Dry,50 - 55  MPH,"Double Yellow Line, No Passing Zone",Clear,No,0,0,4
Yes,15.0,No,With Traffic,C: Possible Injury,Male,Dunn,Harnett,No,Wednesday,Parallel Paths - Other Circumstances,16.0,March,Parallel Paths - Other / Unknown,2010,51.0,No,O: No Injury,Male,Pickup,No,35.30321574,-78.60353788,Dry,30 - 35  MPH,No Control Present,Clear,No,0,0,3
No,44.0,No,With Traffic,B: Suspected Minor Injury,Female,Charlotte,Mecklenburg,No,Thursday,Bicyclist Left Turn / Merge,19.0,April,Bicyclist Left Turn - Same Direction,2010,36.0,No,O: No Injury,Female,Sport Utility,No,35.174105,-80.836493,Dry,20 - 25  MPH,Stop Sign,Clear,No,0,0,4
No,7.0,No,Not Applicable,C: Possible Injury,Male,Wilson,Wilson,No,Thursday,Parallel Paths - Other Circumstances,18.0,May,Bicyclist Ride Out - Parallel Path,2009,25.0,No,O: No Injury,Female,Passenger Car,No,35.727806,-77.91781,Dry,30 - 35  MPH,No Control Present,Clear,No,0,0,5
No,17.0,No,With Traffic,O: No Injury,Male,Wilson,Wilson,No,Monday,Head-On,16.0,May,Head-On - Motorist,2009,42.03850604944766,Missing,Unknown Injury,Unknown,Unknown,Yes,35.749367,-77.91665,Dry,40 - 45  MPH,No Control Present,Clear,No,1,0,5
Yes,11.0,No,With Traffic,C: Possible Injury,Male,Durham,Durham,No,Sunday,Bicyclist Failed to Yield - Sign-Controlled Intersection,18.0,April,Bicyclist Ride Through - Sign-Controlled Intersection,2010,48.0,No,O: No Injury,Female,Van,No,35.99293333,-78.87586423,Dry,20 - 25  MPH,Stop Sign,Clear,No,0,0,4
No,26.0,No,With Traffic,C: Possible Injury,Male,Asheville,Buncombe,No,Friday,Crossing Paths - Other Circumstances,8.0,April,Crossing Paths - Uncontrolled Intersection,2010,45.0,No,O: No Injury,Female,Passenger Car,No,35.56712921,-82.54424742,Dry,20 - 25  MPH,Stop And Go Signal,Clear,No,0,0,4
Yes,15.0,No,With Traffic,O: No Injury,Male,Wilson,Wilson,No,Saturday,Crossing Paths - Other Circumstances,17.0,June,Crossing Paths - Intersection - Other / Unknown,2009,20.0,No,O: No Injury,Female,Passenger Car,No,35.7769,-77.91906,Dry,40 - 45  MPH,Stop Sign,Clear,No,0,0,6
Yes,61.0,No,Facing Traffic,C: Possible Injury,Male,Wilson,Wilson,No,Friday,Head-On,14.0,June,Head-On - Bicyclist,2009,30.0,No,O: No Injury,Female,Passenger Car,No,35.71335,-77.93196,Dry,30 - 35  MPH,Stop And Go Signal,Clear,No,0,0,6
No,21.0,No,With Traffic,O: No Injury,Male,Boone,Watauga,No,Monday,Bicyclist Overtaking Motorist,7.0,April,Bicyclist Overtaking - Passing on Left,2010,44.0,No,O: No Injury,Female,Pickup,No,36.21029514,-81.67740089,Dry,20 - 25  MPH,No Control Present,Clear,No,0,0,4
No,32.52649525389365,Missing,With Traffic,Unknown Injury,Unknown,Greensboro,Guilford,No,Monday,Motorist Left Turn / Merge,18.0,March,Motorist Left Turn - Opposite Direction,2010,21.0,No,O: No Injury,Female,Passenger Car,No,36.0639114,-79.829042,Dry,30 - 35  MPH,No Control Present,Clear,No,0,1,3
No,30.0,No,With Traffic,B: Suspected Minor Injury,Male,None - Rural Crash,Ashe,No,Tuesday,Motorist Left Turn / Merge,17.0,April,Motorist Left Turn - Opposite Direction,2010,62.0,No,O: No Injury,Female,Passenger Car,No,36.33985215,-81.54059914,Dry,50 - 55  MPH,"Double Yellow Line, No Passing Zone",Clear,No,0,0,4
Yes,19.0,No,Not Applicable,C: Possible Injury,Male,Wilmington,New Hanover,No,Tuesday,Crossing Paths - Other Circumstances,11.0,March,Crossing Paths - Midblock - Other / Unknown,2010,42.03850604944766,Missing,Unknown Injury,Unknown,Unknown,Yes,34.22436395,-77.94320631,Dry,30 - 35  MPH,No Control Present,Clear,No,1,0,3
No,9.0,No,With Traffic,B: Suspected Minor Injury,Male,Sanford,Lee,No,Saturday,Bicyclist Failed to Yield - Sign-Controlled Intersection,19.0,April,Bicyclist Ride Out - Sign-Controlled Intersection,2010,65.0,No,O: No Injury,Female,Passenger Car,No,35.48132352,-79.18526754,Dry,30 - 35  MPH,Stop Sign,Clear,No,0,0,4
No,24.0,No,With Traffic,C: Possible Injury,Female,Wilmington,New Hanover,No,Saturday,Bicyclist Left Turn / Merge,18.0,April,Bicyclist Left Turn - Same Direction,2010,49.0,No,O: No Injury,Male,Passenger Car,No,34.24314462,-77.86061558,Dry,40 - 45  MPH,No Control Present,Clear,No,0,0,4
Yes,37.0,No,With Traffic,B: Suspected Minor Injury,Male,Wilson,Wilson,No,Sunday,Motorist Overtaking Bicyclist,18.0,February,Motorist Overtaking - Other / Unknown,2010,48.0,No,O: No Injury,Female,Passenger Car,No,35.71211092,-77.90256962,Dry,30 - 35  MPH,No Control Present,Clear,No,0,0,2
No,37.0,No,With Traffic,C: Possible Injury,Male,Wilson,Wilson,No,Tuesday,Motorist Failed to Yield - Sign-Controlled Intersection,14.0,February,Motorist Drive Out - Sign-Controlled Intersection,2010,53.0,No,O: No Injury,Male,Sport Utility,No,35.75726858,-77.93260201,Wet,30 - 35  MPH,Stop Sign,Rain,No,0,0,2
Yes,23.0,No,With Traffic,A: Suspected Serious Injury,Male,Jacksonville,Onslow,No,Tuesday,Motorist Overtaking Bicyclist,6.0,April,Motorist Overtaking - Undetected Bicyclist,2010,26.0,No,O: No Injury,Male,Sport Utility,No,34.7913748,-77.40635153,Dry,40 - 45  MPH,No Control Present,Clear,No,0,0,4
Yes,13.0,No,Not Applicable,B: Suspected Minor Injury,Male,Jacksonville,Onslow,No,Friday,Bicyclist Failed to Yield - Midblock,12.0,April,Multiple Threat - Midblock,2010,22.0,No,O: No Injury,Female,Sport Utility,No,34.76790287,-77.40565699,Dry,40 - 45  MPH,Stop And Go Signal,Clear,No,0,0,4
Yes,22.0,No,Facing Traffic,C: Possible Injury,Male,Wilmington,New Hanover,No,Friday,Motorist Failed to Yield - Midblock,12.0,April,Motorist Drive Out - Commercial Driveway / Alley,2010,41.0,No,O: No Injury,Male,Passenger Car,No,34.21459566,-77.8859833,Dry,Unknown,No Control Present,Clear,No,0,0,4
No,21.0,No,With Traffic,B: Suspected Minor Injury,Male,Raleigh,Wake,No,Thursday,Loss of Control / Turning Error,15.0,April,Bicyclist Lost Control - Other / Unknown,2010,17.0,No,O: No Injury,Male,Passenger Car,No,35.89285108,-78.71675319,Dry,40 - 45  MPH,Stop And Go Signal,Clear,No,0,0,4
No,6.0,No,With Traffic,O: No Injury,Male,None - Rural Crash,New Hanover,No,Thursday,Bicyclist Left Turn / Merge,18.0,April,Bicyclist Left Turn - Same Direction,2010,62.0,No,O: No Injury,Male,Sport Utility,No,34.30553456,-77.94582675,Dry,30 - 35  MPH,No Control Present,Clear,No,0,0,4
Yes,14.0,No,Facing Traffic,B: Suspected Minor Injury,Female,Greensboro,Guilford,No,Tuesday,Bicyclist Failed to Yield - Sign-Controlled Intersection,18.0,March,Bicyclist Ride Out - Sign-Controlled Intersection,2010,20.0,No,O: No Injury,Male,Passenger Car,No,36.05230083,-79.8226674,Dry,30 - 35  MPH,Stop And Go Signal,Clear,No,0,0,3
No,49.0,No,With Traffic,O: No Injury,Male,Wrightsville Beach,New Hanover,No,Wednesday,Bicyclist Left Turn / Merge,17.0,April,Bicyclist Left Turn - Opposite Direction,2010,24.0,No,O: No Injury,Female,Passenger Car,No,34.21262812,-77.79249684,Dry,20 - 25  MPH,No Control Present,Clear,No,0,0,4
Yes,65.0,No,With Traffic,C: Possible Injury,Male,Greensboro,Guilford,No,Friday,Motorist Right Turn / Merge,12.0,April,Motorist Right Turn - Same Direction,2010,21.0,No,O: No Injury,Female,Passenger Car,No,36.06529127,-79.81279821,Dry,20 - 25  MPH,Stop And Go Signal,Clear,No,0,0,4
Yes,35.0,No,With Traffic,B: Suspected Minor Injury,Male,None - Rural Crash,Mcdowell,No,Saturday,Parallel Paths - Other Circumstances,20.0,April,Bicyclist Ride Out - Parallel Path,2010,18.0,No,C: Possible Injury,Female,Sport Utility,No,35.63955121,-81.98594249,Dry,50 - 55  MPH,No Control Present,Clear,No,0,0,4
Yes,10.0,No,Not Applicable,C: Possible Injury,Female,Durham,Durham,No,Sunday,Non-Roadway,16.0,April,Non-Roadway,2010,42.03850604944766,Missing,Unknown Injury,Unknown,Sport Utility,Yes,35.89950952,-78.89824062,Dry,20 - 25  MPH,No Control Present,Clear,No,1,0,4
Yes,20.0,No,With Traffic,C: Possible Injury,Male,Pembroke,Robeson,No,Sunday,Head-On,11.0,April,Head-On - Motorist,2010,42.03850604944766,Missing,Unknown Injury,Unknown,Unknown,Yes,34.6794165,-79.19718774,Dry,20 - 25  MPH,No Control Present,Clear,No,1,0,4
No,52.0,No,With Traffic,O: No Injury,Male,Wilson,Wilson,No,Friday,Bicyclist Left Turn / Merge,12.0,January,Bicyclist Left Turn - Same Direction,2010,32.0,No,O: No Injury,Female,Passenger Car,No,35.73215979,-77.90004476,Dry,40 - 45  MPH,No Control Present,Clear,No,0,0,1
Yes,25.0,No,With Traffic,B: Suspected Minor Injury,Male,Wilmington,New Hanover,No,Tuesday,Motorist Overtaking Bicyclist,6.0,April,Motorist Overtaking - Other / Unknown,2010,59.0,No,O: No Injury,Male,Passenger Car,No,34.20913761,-77.88041213,Dry,30 - 35  MPH,Stop And Go Signal,Clear,No,0,0,4
No,21.0,No,With Traffic,B: Suspected Minor Injury,Male,Raleigh,Wake,No,Monday,Motorist Left Turn / Merge,18.0,April,Motorist Left Turn - Opposite Direction,2010,19.0,No,O: No Injury,Female,Passenger Car,No,35.78378326,-78.66841594,Dry,5 - 15 MPH,Yield Sign,Clear,No,0,0,4
Yes,52.0,Yes,With Traffic,C: Possible Injury,Male,Rocky Mount,Edgecombe,Yes,Sunday,Bicyclist Left Turn / Merge,19.0,March,Bicyclist Left Turn - Same Direction,2010,75.0,No,O: No Injury,Male,Pickup,No,35.94308098,-77.78042941,Dry,30 - 35  MPH,No Control Present,Clear,No,0,0,3
No,54.0,No,With Traffic,B: Suspected Minor Injury,Male,Hickory,Catawba,No,Tuesday,Bicyclist Left Turn / Merge,19.0,April,Bicyclist Left Turn - Same Direction,2010,31.0,No,O: No Injury,Male,Passenger Car,No,35.70239362,-81.29423269,Dry,40 - 45  MPH,Stop And Go Signal,Clear,No,0,0,4
Yes,54.0,No,With Traffic,C: Possible Injury,Male,Raleigh,Wake,No,Tuesday,Motorist Left Turn / Merge,15.0,March,Motorist Left Turn - Opposite Direction,2010,36.0,No,O: No Injury,Male,Sport Utility,No,35.850189,-78.610446,Dry,5 - 15 MPH,Stop And Go Signal,Cloudy,No,0,0,3
Yes,9.0,No,Not Applicable,B: Suspected Minor Injury,Male,Raleigh,Wake,No,Thursday,Bicyclist Failed to Yield - Midblock,18.0,March,Bicyclist Ride Out - Commercial Driveway / Alley,2010,53.0,No,O: No Injury,Male,Pickup,No,35.73656662,-78.66054825,Dry,20 - 25  MPH,No Control Present,Clear,No,0,0,3
Yes,14.0,No,Not Applicable,C: Possible Injury,Male,Rocky Mount,Nash,No,Wednesday,Bicyclist Failed to Yield - Midblock,18.0,March,Bicyclist Ride Out - Midblock - Unknown,2010,66.0,No,O: No Injury,Male,Passenger Car,No,35.93035431,-77.81331979,Dry,30 - 35  MPH,No Control Present,Clear,No,0,0,3
Yes,16.0,No,With Traffic,C: Possible Injury,Male,Fayetteville,Cumberland,No,Tuesday,Bicyclist Left Turn / Merge,15.0,April,Bicyclist Left Turn - Same Direction,2010,51.0,No,O: No Injury,Female,School Bus,No,35.02580701,-78.94257469,Dry,20 - 25  MPH,Stop And Go Signal,Clear,No,0,0,4
Yes,18.0,No,With Traffic,B: Suspected Minor Injury,Male,Greensboro,Guilford,No,Friday,Bicyclist Failed to Yield - Sign-Controlled Intersection,16.0,April,Bicyclist Ride Through - Sign-Controlled Intersection,2010,50.0,No,O: No Injury,Female,Passenger Car,No,36.1002112,-79.76509542,Dry,30 - 35  MPH,No Control Present,Clear,No,0,0,4
Yes,36.0,No,With Traffic,B: Suspected Minor Injury,Female,Southern Pines,Moore,No,Monday,Motorist Overtaking Bicyclist,19.0,April,Motorist Overtaking - Other / Unknown,2010,42.03850604944766,Unknown,Unknown Injury,Unknown,Unknown,Yes,35.1766481,-79.40921259,Dry,30 - 35  MPH,No Control Present,Clear,No,1,0,4
Yes,33.0,No,With Traffic,B: Suspected Minor Injury,Female,Southern Pines,Moore,No,Tuesday,Motorist Failed to Yield - Sign-Controlled Intersection,14.0,April,Motorist Drive Out - Sign-Controlled Intersection,2010,16.0,No,O: No Injury,Male,Pickup,No,35.19269927,-79.38723981,Dry,40 - 45  MPH,Stop Sign,Clear,No,0,0,4
Yes,42.0,Yes,With Traffic,B: Suspected Minor Injury,Male,Concord,Cabarrus,Yes,Sunday,Motorist Failed to Yield - Sign-Controlled Intersection,17.0,April,Motorist Drive Through - Sign-Controlled Intersection,2010,29.0,No,O: No Injury,Female,Passenger Car,No,35.4103128,-80.58836048,Dry,30 - 35  MPH,Stop Sign,Clear,No,0,0,4
No,34.0,No,Facing Traffic,C: Possible Injury,Male,Raleigh,Wake,No,Wednesday,Motorist Failed to Yield - Signalized Intersection,13.0,March,Motorist Drive Out - Signalized Intersection,2010,82.0,No,O: No Injury,Female,Passenger Car,No,35.87516642,-78.623353,Dry,30 - 35  MPH,Stop And Go Signal,Clear,No,0,0,3
No,23.0,No,With Traffic,C: Possible Injury,Male,Raleigh,Wake,No,Tuesday,Loss of Control / Turning Error,8.0,March,Bicyclist Lost Control - Surface Conditions,2010,57.0,No,O: No Injury,Female,Passenger Car,No,35.78881481,-78.67323574,Dry,30 - 35  MPH,Stop And Go Signal,Clear,No,0,0,3
Yes,25.0,No,With Traffic,B: Suspected Minor Injury,Male,Cary,Wake,No,Tuesday,Motorist Left Turn / Merge,21.0,April,Motorist Left Turn - Opposite Direction,2010,23.0,No,O: No Injury,Male,Passenger Car,No,35.75556583,-78.73930886,Dry,30 - 35  MPH,No Control Present,Cloudy,No,0,0,4
Yes,62.0,No,With Traffic,C: Possible Injury,Male,Dudley,Wayne,No,Friday,Motorist Overtaking Bicyclist,19.0,April,Motorist Overtaking - Misjudged Space,2010,63.0,No,O: No Injury,Female,Passenger Car,No,35.2516875,-78.13717792,Dry,40 - 45  MPH,"Double Yellow Line, No Passing Zone",Clear,No,0,0,4
Yes,34.0,No,With Traffic,A: Suspected Serious Injury,Female,None - Rural Crash,Wayne,No,Friday,Motorist Overtaking Bicyclist,19.0,April,Motorist Overtaking - Other / Unknown,2010,32.0,No,O: No Injury,Male,Sport Utility,No,35.40875852,-78.12199873,Dry,50 - 55  MPH,No Control Present,Clear,No,0,0,4
Yes,54.0,No,With Traffic,B: Suspected Minor Injury,Male,Charlotte,Mecklenburg,No,Wednesday,Motorist Right Turn / Merge,17.0,April,Motorist Right Turn - Same Direction,2010,27.0,No,O: No Injury,Male,Passenger Car,No,35.2002042,-80.84237124,Dry,30 - 35  MPH,No Control Present,Clear,No,0,0,4