AmbulanceR,BikeAge,BikeAlcFlg,BikeDir,BikeInjury,BikeSex,City,County,CrashAlcoh,CrashDay,CrashGrp,CrashHour,CrashMonth,CrashType,CrashYear,DrvrAge,DrvrAlcFlg,DrvrInjury,DrvrSex,DrvrVehTyp,HitRun,Latitude,Longitude,RdConditio,SpeedLimit,TraffCntrl,Weather,Workzone,DrvrAgeImputedFlag,BikeAgeImputedFlag,MonthCode
Yes,40.0,Yes,Not Applicable,B: Suspected Minor Injury,Female,Wilson,Wilson,Yes,Friday,Crossing Paths - Other Circumstances,16.0,April,Crossing Paths - Uncontrolled Intersection,2010,50.0,No,O: No Injury,Male,Van,No,35.7092998,-77.92153844,Dry,30 - 35  MPH,No Control Present,Clear,No,0,0,4
Yes,57.0,No,With Traffic,C: Possible Injury,Male,None - Rural Crash,Halifax,No,Wednesday,Motorist Overtaking Bicyclist,19.0,April,Motorist Overtaking - Other / Unknown,2010,33.0,No,O: No Injury,Male,Sport Utility,No,36.01881568,-77.41088697,Dry,50 - 55  MPH,No Control Present,Clear,No,0,0,4
No,8.0,No,Not Applicable,B: Suspected Minor Injury,Male,None - Rural Crash,Johnston,No,Thursday,Bicyclist Failed to Yield - Midblock,18.0,April,Bicyclist Ride Out - Residential Driveway,2010,26.0,No,O: No Injury,Female,Sport Utility,No,35.72357803,-78.21224353,Dry,30 - 35  MPH,No Control Present,Clear,No,0,0,4
No,13.0,No,Not Applicable,C: Possible Injury,Male,None - Rural Crash,New Hanover,No,Friday,Bicyclist Failed to Yield - Midblock,15.0,April,Bicyclist Ride Out - Midblock - Unknown,2010,51.0,No,O: No Injury,Male,Passenger Car,No,34.34984261,-77.88346782,Dry,30 - 35  MPH,No Control Present,Clear,No,0,0,4
No,21.0,No,Facing Traffic,B: Suspected Minor Injury,Male,Warsaw,Duplin,No,Monday,Head-On,20.0,April,Head-On - Bicyclist,2010,42.03850604944766,Missing,Unknown Injury,Unknown,Passenger Car,Yes,35.00399187,-78.08486613,Dry,30 - 35  MPH,No Control Present,Clear,No,1,0,4
Yes,35.0,Yes,With Traffic,B: Suspected Minor Injury,Male,Conover,Catawba,Yes,Saturday,Bicyclist Overtaking Motorist,20.0,April,Bicyclist Overtaking - Parked Vehicle,2010,42.03850604944766,Missing,Unknown Injury,Unknown,Sport Utility,No,35.70791019,-81.22635344,Wet,30 - 35  MPH,No Control Present,Rain,No,1,0,4
Yes,30.0,No,With Traffic,B: Suspected Minor Injury,Male,None - Rural Crash,Buncombe,No,Monday,Motorist Overtaking Bicyclist,6.0,April,Motorist Overtaking - Other / Unknown,2010,45.0,No,O: No Injury,Female,Passenger Car,No,35.44961984,-82.50888444,Dry,40 - 45  MPH,No Control Present,Clear,No,0,0,4
Yes,55.0,Yes,With Traffic,K: Killed,Male,None - Rural Crash,Franklin,Yes,Friday,Loss of Control / Turning Error,23.0,April,Bicyclist Turning Error - Left Turn,2010,31.0,No,O: No Injury,Female,Passenger Car,No,35.90063182,-78.26607107,Dry,50 - 55  MPH,"Double Yellow Line, No Passing Zone",Cloudy,No,0,0,4
Yes,7.0,No,Not Applicable,A: Suspected Serious Injury,Female,Kannapolis,Cabarrus,No,Friday,Bicyclist Failed to Yield - Midblock,14.0,April,Bicyclist Ride Out - Residential Driveway,2010,63.0,No,O: No Injury,Female,Passenger Car,No,35.51181553,-80.59453486,Dry,30 - 35  MPH,No Control Present,Clear,No,0,0,4
Yes,59.0,No,With Traffic,B: Suspected Minor Injury,Female,Charlotte,Mecklenburg,No,Tuesday,Motorist Overtaking Bicyclist,13.0,April,Motorist Overtaking - Bicyclist Swerved,2010,36.0,No,O: No Injury,Female,Sport Utility,No,35.16860901,-80.795373,Dry,40 - 45  MPH,No Control Present,Clear,No,0,0,4
Yes,61.0,No,Facing Traffic,C: Possible Injury,Male,None - Rural Crash,New Hanover,No,Monday,Head-On,11.0,April,Head-On - Bicyclist,2010,30.0,No,O: No Injury,Female,Passenger Car,No,34.26407177,-77.83248427,Dry,40 - 45  MPH,No Control Present,Clear,No,0,0,4
Yes,37.0,No,With Traffic,B: Suspected Minor Injury,Male,Wilmington,New Hanover,No,Friday,Motorist Right Turn / Merge,14.0,April,Motorist Right Turn - Same Direction,2010,32.0,No,O: No Injury,Female,Passenger Car,No,34.22186018,-77.81973493,Dry,40 - 45  MPH,Stop Sign,Clear,No,0,0,4
Yes,34.0,No,Facing Traffic,B: Suspected Minor Injury,Male,None - Rural Crash,Wake,No,Thursday,Motorist Failed to Yield - Signalized Intersection,14.0,April,Motorist Drive Out - Signalized Intersection,2010,42.0,No,O: No Injury,Male,Passenger Car,No,35.87738609,-78.57469235,Dry,40 - 45  MPH,Stop And Go Signal,Clear,No,0,0,4
No,6.0,No,Facing Traffic,B: Suspected Minor Injury,Male,Statesville,Iredell,No,Saturday,Motorist Failed to Yield - Sign-Controlled Intersection,14.0,April,Motorist Drive Out - Sign-Controlled Intersection,2010,27.0,No,O: No Injury,Female,Passenger Car,No,35.796835,-80.88266785,Dry,30 - 35  MPH,Stop Sign,Clear,No,0,0,4
No,27.0,No,With Traffic,Unknown Injury,Male,Fayetteville,Cumberland,No,Monday,Loss of Control / Turning Error,19.0,April,Motorist Turning Error - Other,2010,42.03850604944766,Missing,Unknown Injury,Unknown,Passenger Car,Yes,35.0975239,-78.91590642,Dry,40 - 45  MPH,No Control Present,Clear,No,1,0,4
Yes,24.0,No,With Traffic,B: Suspected Minor Injury,Male,Charlotte,Mecklenburg,No,Monday,Crossing Paths - Other Circumstances,17.0,April,Signalized Intersection - Other / Unknown,2010,36.0,No,O: No Injury,Male,Pickup,No,35.30118953,-80.7312924,Dry,50 - 55  MPH,Stop And Go Signal,Clear,No,0,0,4
No,31.0,No,Unknown,C: Possible Injury,Male,Kinston,Lenoir,No,Tuesday,Other / Unknown - Insufficient Details,13.0,April,Unknown Approach Paths,2010,75.0,No,O: No Injury,Male,Van,No,35.269513,-77.577667,Dry,30 - 35  MPH,No Control Present,Clear,No,0,0,4
Yes,56.0,Yes,With Traffic,B: Suspected Minor Injury,Male,None - Rural Crash,Richmond,Yes,Thursday,Motorist Overtaking Bicyclist,13.0,April,Motorist Overtaking - Misjudged Space,2010,59.0,No,O: No Injury,Male,Passenger Car,No,35.04095809,-79.54566375,Dry,30 - 35  MPH,"Double Yellow Line, No Passing Zone",Clear,No,0,0,4
Yes,44.0,No,With Traffic,C: Possible Injury,Male,Whiteville,Columbus,No,Sunday,Loss of Control / Turning Error,20.0,April,Bicyclist Turning Error - Right Turn,2010,63.0,No,O: No Injury,Male,Pickup,No,34.33893968,-78.70590965,Dry,30 - 35  MPH,Stop And Go Signal,Clear,No,0,0,4
Yes,41.0,No,With Traffic,A: Suspected Serious Injury,Male,Huntersville,Mecklenburg,No,Sunday,Motorist Failed to Yield - Sign-Controlled Intersection,19.0,April,Motorist Drive Out - Sign-Controlled Intersection,2010,33.0,No,O: No Injury,Male,Sport Utility,No,35.42589669,-80.84694336,Dry,20 - 25  MPH,Stop Sign,Clear,No,0,0,4
Yes,17.0,No,Not Applicable,B: Suspected Minor Injury,Male,None - Rural Crash,Scotland,No,Monday,Bicyclist Failed to Yield - Midblock,20.0,April,Bicyclist Ride Out - Commercial Driveway / Alley,2010,77.0,No,O: No Injury,Male,Passenger Car,No,34.83779728,-79.36448621,Dry,40 - 45  MPH,"Double Yellow Line, No Passing Zone",Clear,No,0,0,4
Yes,39.0,No,With Traffic,B: Suspected Minor Injury,Male,Greensboro,Guilford,No,Friday,Motorist Left Turn / Merge,18.0,April,Motorist Left Turn - Opposite Direction,2010,80.0,No,O: No Injury,Male,Passenger Car,No,36.09633308,-79.82243555,Dry,30 - 35  MPH,No Control Present,Clear,No,0,0,4
No,29.0,No,With Traffic,O: No Injury,Male,Charlotte,Mecklenburg,No,Wednesday,Parallel Paths - Other Circumstances,17.0,April,Parallel Paths - Other / Unknown,2010,55.0,No,O: No Injury,Female,Commercial Bus,No,35.23520192,-80.8207303,Dry,30 - 35  MPH,No Control Present,Cloudy,Yes,0,0,4
No,21.0,No,Not Applicable,B: Suspected Minor Injury,Male,Charlotte,Mecklenburg,No,Wednesday,Bicyclist Failed to Yield - Sign-Controlled Intersection,20.0,April,Bicyclist Ride Through - Sign-Controlled Intersection,2010,18.0,No,O: No Injury,Female,Passenger Car,No,35.30245255,-80.72899509,Dry,40 - 45  MPH,Stop And Go Signal,Clear,No,0,0,4
Yes,61.0,No,With Traffic,B: Suspected Minor Injury,Female,None - Rural Crash,Pasquotank,No,Sunday,Motorist Overtaking Bicyclist,9.0,April,Motorist Overtaking - Other / Unknown,2010,85.0,No,O: No Injury,Male,Van,No,36.26804693,-76.2439362,Dry,50 - 55  MPH,No Control Present,Clear,No,0,0,4
Yes,17.0,No,With Traffic,B: Suspected Minor Injury,Male,Kannapolis,Cabarrus,No,Saturday,Bicyclist Failed to Yield - Sign-Controlled Intersection,12.0,April,Bicyclist Ride Out - Sign-Controlled Intersection,2010,63.0,No,O: No Injury,Female,Passenger Car,No,35.50202489,-80.63825225,Dry,30 - 35  MPH,No Control Present,Clear,No,0,0,4
Yes,5.0,No,Facing Traffic,B: Suspected Minor Injury,Male,Cary,Wake,No,Saturday,Bicyclist Failed to Yield - Sign-Controlled Intersection,18.0,May,Bicyclist Ride Out - Sign-Controlled Intersection,2010,52.0,No,O: No Injury,Female,Sport Utility,No,35.78941753,-78.82801758,Dry,20 - 25  MPH,Stop Sign,Clear,No,0,0,5
Yes,18.0,No,With Traffic,B: Suspected Minor Injury,Male,Durham,Durham,No,Friday,Motorist Overtaking Bicyclist,15.0,April,Motorist Overtaking - Bicyclist Swerved,2010,21.0,No,O: No Injury,Female,Passenger Car,No,36.00048538,-78.86590296,Dry,30 - 35  MPH,No Control Present,Clear,No,0,0,4
Yes,56.0,Unknown,With Traffic,B: Suspected Minor Injury,Male,None - Rural Crash,Hertford,No,Sunday,Bicyclist Left Turn / Merge,18.0,April,Bicyclist Left Turn - Same Direction,2010,26.0,No,O: No Injury,Male,Passenger Car,No,36.44309387,-77.12053258,Unknown,50 - 55  MPH,No Control Present,Clear,No,0,0,4
Yes,17.0,No,With Traffic,B: Suspected Minor Injury,Male,Charlotte,Mecklenburg,No,Tuesday,Motorist Overtaking Bicyclist,16.0,November,Motorist Overtaking - Other / Unknown,2009,42.03850604944766,Missing,Unknown Injury,Unknown,Unknown,Yes,35.282585,-80.82256,Dry,20 - 25  MPH,No Control Present,Cloudy,No,1,0,11
No,14.0,No,With Traffic,C: Possible Injury,Male,None - Rural Crash,Guilford,No,Wednesday,Bicyclist Left Turn / Merge,20.0,April,Bicyclist Left Turn - Same Direction,2010,42.03850604944766,Unknown,Unknown Injury,Unknown,Passenger Car,Yes,36.10838936,-79.63254302,Dry,50 - 55  MPH,"Double Yellow Line, No Passing Zone",Clear,No,1,0,4
No,45.0,No,Facing Traffic,B: Suspected Minor Injury,Male,Burlington,Alamance,No,Friday,Bicyclist Failed to Yield - Sign-Controlled Intersection,20.0,April,Bicyclist Ride Out - Sign-Controlled Intersection,2010,50.0,No,O: No Injury,Male,Van,No,36.10289856,-79.42775848,Dry,30 - 35  MPH,Stop Sign,Clear,No,0,0,4
Yes,65.0,No,With Traffic,B: Suspected Minor Injury,Male,Charlotte,Mecklenburg,No,Sunday,Motorist Right Turn / Merge,18.0,April,Motorist Right Turn - Same Direction,2010,52.0,No,O: No Injury,Female,Passenger Car,No,35.13259331,-80.80899014,Dry,30 - 35  MPH,Stop And Go Signal,Clear,No,0,0,4
No,37.0,No,With Traffic,B: Suspected Minor Injury,Male,Charlotte,Mecklenburg,No,Sunday,Motorist Failed to Yield - Signalized Intersection,14.0,April,Motorist Drive Out - Signalized Intersection,2010,70.0,No,O: No Injury,Male,Pickup,No,35.22669101,-80.96990139,Dry,40 - 45  MPH,Stop Sign,Clear,No,0,0,4
No,23.0,No,With Traffic,B: Suspected Minor Injury,Male,None - Rural Crash,Catawba,No,Tuesday,Motorist Overtaking Bicyclist,7.0,May,Motorist Overtaking - Bicyclist Swerved,2010,42.0,No,O: No Injury,Female,Passenger Car,No,35.67383516,-81.11264556,Dry,40 - 45  MPH,"Double Yellow Line, No Passing Zone",Clear,No,0,0,5
Yes,18.0,No,With Traffic,B: Suspected Minor Injury,Male,Greensboro,Guilford,No,Thursday,Motorist Right Turn / Merge,14.0,April,Motorist Right Turn - Same Direction,2010,39.0,No,O: No Injury,Female,Passenger Car,No,36.07315676,-79.78317798,Dry,30 - 35  MPH,Stop And Go Signal,Clear,No,0,0,4
No,23.0,No,With Traffic,C: Possible Injury,Male,Asheville,Buncombe,No,Monday,Motorist Failed to Yield - Sign-Controlled Intersection,18.0,April,Motorist Drive Out - Sign-Controlled Intersection,2010,64.0,No,O: No Injury,Female,Sport Utility,No,35.58277236,-82.62882572,Dry,30 - 35  MPH,Stop Sign,Clear,No,0,0,4
Yes,46.0,No,With Traffic,C: Possible Injury,Male,Asheville,Buncombe,No,Friday,Motorist Left Turn / Merge,16.0,April,Motorist Left Turn - Opposite Direction,2010,63.0,No,O: No Injury,Male,Passenger Car,No,35.59915607,-82.62197795,Dry,40 - 45  MPH,No Control Present,Clear,No,0,0,4
Yes,46.0,No,Facing Traffic,C: Possible Injury,Male,Cary,Wake,No,Friday,Motorist Failed to Yield - Sign-Controlled Intersection,16.0,April,Motorist Drive Out - Sign-Controlled Intersection,2010,36.0,No,O: No Injury,Female,Sport Utility,No,35.78492202,-78.7643445,Dry,30 - 35  MPH,Stop Sign,Clear,No,0,0,4
Yes,30.0,No,Facing Traffic,B: Suspected Minor Injury,Female,Chapel Hill,Orange,No,Friday,Motorist Failed to Yield - Signalized Intersection,18.0,April,Motorist Drive Out - Signalized Intersection,2010,35.0,No,O: No Injury,Male,Passenger Car,No,35.90499968,-79.01642016,Dry,20 - 25  MPH,Stop And Go Signal,Clear,No,0,0,4
Yes,12.0,No,Facing Traffic,C: Possible Injury,Male,None - Rural Crash,Pender,No,Wednesday,Bicyclist Right Turn / Merge,17.0,May,Bicyclist Right Turn - Same Direction,2010,31.0,No,O: No Injury,Male,Passenger Car,No,34.38355191,-77.6703503,Dry,40 - 45  MPH,"Double Yellow Line, No Passing Zone",Clear,No,0,0,5
Yes,14.0,No,With Traffic,C: Possible Injury,Male,New Bern,Craven,No,Monday,Bicyclist Failed to Yield - Sign-Controlled Intersection,17.0,April,Bicyclist Ride Through - Sign-Controlled Intersection,2010,75.0,No,O: No Injury,Female,Passenger Car,No,35.10691546,-77.04639456,Dry,20 - 25  MPH,Stop Sign,Clear,No,0,0,4
No,49.0,No,Facing Traffic,C: Possible Injury,Male,Charlotte,Mecklenburg,No,Sunday,Motorist Failed to Yield - Midblock,13.0,November,Motorist Drive Out - Commercial Driveway / Alley,2009,37.0,No,O: No Injury,Female,Passenger Car,No,35.1428,-80.74088,Dry,5 - 15 MPH,Stop Sign,Clear,No,0,0,11
No,23.0,No,Unknown,B: Suspected Minor Injury,Male,Charlotte,Mecklenburg,No,Thursday,Motorist Failed to Yield - Signalized Intersection,9.0,April,Motorist Drive Out - Right Turn on Red,2010,71.0,No,O: No Injury,Male,Passenger Car,No,35.07046674,-80.7732415,Dry,40 - 45  MPH,Stop And Go Signal,Clear,No,0,0,4
Yes,52.0,No,With Traffic,K: Killed,Male,None - Rural Crash,Pamlico,No,Sunday,Motorist Overtaking Bicyclist,18.0,February,Motorist Overtaking - Other / Unknown,2009,36.0,No,C: Possible Injury,Female,Sport Utility,No,35.136646,-76.8617,Dry,50 - 55  MPH,No Control Present,Clear,No,0,0,2
Yes,13.0,No,Facing Traffic,B: Suspected Minor Injury,Female,Fayetteville,Cumberland,No,Thursday,Motorist Failed to Yield - Sign-Controlled Intersection,16.0,May,Motorist Drive Out - Sign-Controlled Intersection,2010,59.0,No,O: No Injury,Male,Pickup,No,35.02864116,-78.9446742,Dry,30 - 35  MPH,Stop Sign,Clear,No,0,0,5
No,18.0,No,With Traffic,O: No Injury,Male,Charlotte,Mecklenburg,No,Monday,Crossing Paths - Other Circumstances,10.0,October,Signalized Intersection - Other / Unknown,2009,60.0,No,O: No Injury,Male,Passenger Car,No,35.22366,-80.83911,Dry,20 - 25  MPH,Stop And Go Signal,Cloudy,No,0,0,10
No,12.0,No,Facing Traffic,B: Suspected Minor Injury,Male,Cary,Wake,No,Thursday,Motorist Failed to Yield - Sign-Controlled Intersection,7.0,May,Motorist Drive Out - Sign-Controlled Intersection,2010,53.0,No,O: No Injury,Male,Sport Utility,No,35.78208209,-78.84742575,Dry,20 - 25  MPH,Stop Sign,Clear,No,0,0,5
Yes,66.0,No,With Traffic,B: Suspected Minor Injury,Male,None - Rural Crash,Sampson,No,Friday,Motorist Overtaking Bicyclist,5.0,May,Motorist Overtaking - Misjudged Space,2010,42.03850604944766,Unknown,Unknown Injury,Unknown,Unknown,Yes,35.01011127,-78.30045486,Dry,50 - 55  MPH,No Control Present,Clear,No,1,0,5
Yes,30.0,No,Facing Traffic,C: Possible Injury,Male,Charlotte,Mecklenburg,No,Sunday,Motorist Failed to Yield - Sign-Controlled Intersection,12.0,October,Motorist Drive Out - Sign-Controlled Intersection,2009,37.0,No,O: No Injury,Female,Sport Utility,No,35.136948,-80.886024,Dry,30 - 35  MPH,Stop Sign,Cloudy,No,0,0,10
Yes,54.0,No,With Traffic,A: Suspected Serious Injury,Male,None - Rural Crash,Stanly,No,Friday,Bicyclist Failed to Yield - Sign-Controlled Intersection,15.0,May,Bicyclist Ride Through - Sign-Controlled Intersection,2010,38.0,No,C: Possible Injury,Female,Sport Utility,No,35.37335636,-80.11713427,Dry,40 - 45  MPH,Stop Sign,Clear,No,0,0,5
Yes,9.0,No,Not Applicable,B: Suspected Minor Injury,Male,Kinston,Lenoir,No,Friday,Bicyclist Failed to Yield - Midblock,17.0,May,Bicyclist Ride Out - Other Midblock,2010,78.0,No,O: No Injury,Female,Van,No,35.26460498,-77.57239569,Dry,30 - 35  MPH,No Control Present,Clear,No,0,0,5
Yes,47.0,Yes,Facing Traffic,B: Suspected Minor Injury,Male,Maxton,Robeson,Yes,Wednesday,Bicyclist Right Turn / Merge,17.0,May,Bicyclist Right Turn - Same Direction,2010,37.0,No,O: No Injury,Male,Pickup,No,34.73867017,-79.35743057,Dry,30 - 35  MPH,"Double Yellow Line, No Passing Zone",Clear,No,0,0,5
Yes,28.0,No,Facing Traffic,C: Possible Injury,Male,Raleigh,Wake,No,Monday,Bicyclist Failed to Yield - Signalized Intersection,15.0,April,Bicyclist Ride Out - Signalized  Intersection,2010,55.0,No,O: No Injury,Female,Van,No,35.83511369,-78.59924535,Dry,40 - 45  MPH,Stop And Go Signal,Clear,No,0,0,4
No,32.52649525389365,Missing,Facing Traffic,Unknown Injury,Unknown,Raleigh,Wake,No,Friday,Crossing Paths - Other Circumstances,19.0,April,Crossing Paths - Intersection - Other / Unknown,2010,43.0,No,O: No Injury,Female,Van,No,35.94471256,-78.55581082,Dry,40 - 45  MPH,No Control Present,Clear,No,0,1,4
No,47.0,No,With Traffic,O: No Injury,Female,Raleigh,Wake,No,Saturday,Bicyclist Overtaking Motorist,8.0,April,Bicyclist Overtaking - Other / Unknown,2010,58.0,No,O: No Injury,Female,Passenger Car,No,35.89062435,-78.62748267,Dry,40 - 45  MPH,No Control Present,Cloudy,No,0,0,4
Yes,53.0,No,With Traffic,B: Suspected Minor Injury,Male,Raleigh,Wake,No,Friday,Motorist Left Turn / Merge,16.0,April,Motorist Left Turn - Opposite Direction,2010,21.0,No,O: No Injury,Female,Passenger Car,No,35.76903106,-78.69130974,Dry,40 - 45  MPH,Stop And Go Signal,Clear,No,0,0,4
Yes,10.0,No,With Traffic,C: Possible Injury,Male,Raleigh,Wake,No,Tuesday,Bicyclist Failed to Yield - Sign-Controlled Intersection,17.0,April,Bicyclist Ride Through - Sign-Controlled Intersection,2010,43.0,No,O: No Injury,Male,Passenger Car,No,35.74791999,-78.68070636,Dry,30 - 35  MPH,Stop Sign,Clear,No,0,0,4
No,22.0,No,With Traffic,B: Suspected Minor Injury,Male,Raleigh,Wake,No,Tuesday,Motorist Failed to Yield - Sign-Controlled Intersection,9.0,April,Motorist Drive Through - Sign-Controlled Intersection,2010,42.03850604944766,Missing,Unknown Injury,Unknown,Unknown,Yes,35.79090805,-78.68005373,Dry,30 - 35  MPH,Stop Sign,Clear,No,1,0,4
Yes,16.0,No,With Traffic,B: Suspected Minor Injury,Male,Raleigh,Wake,No,Wednesday,Parallel Paths - Other Circumstances,15.0,April,Bicyclist Ride Out - Parallel Path,2010,62.0,No,O: No Injury,Male,Passenger Car,No,35.85150312,-78.57548787,Dry,30 - 35  MPH,No Control Present,Cloudy,No,0,0,4
Yes,28.0,Yes,With Traffic,B: Suspected Minor Injury,Male,Raleigh,Wake,Yes,Saturday,Bicyclist Left Turn / Merge,15.0,April,Bicyclist Left Turn - Same Direction,2010,40.0,No,C: Possible Injury,Male,Sport Utility,No,35.79382107,-78.70592559,Dry,40 - 45  MPH,No Control Present,Clear,No,0,0,4
Yes,8.0,No,Not Applicable,C: Possible Injury,Male,Greensboro,Guilford,No,Thursday,Bicyclist Failed to Yield - Midblock,16.0,April,Bicyclist Ride Out - Residential Driveway,2010,51.0,No,O: No Injury,Female,Passenger Car,No,36.01425621,-79.80611732,Dry,30 - 35  MPH,No Control Present,Clear,No,0,0,4
Yes,13.0,No,Facing Traffic,B: Suspected Minor Injury,Male,Greensboro,Guilford,No,Friday,Bicyclist Failed to Yield - Sign-Controlled Intersection,18.0,April,Bicyclist Ride Out - Sign-Controlled Intersection,2010,36.0,No,O: No Injury,Female,Passenger Car,No,36.173592,-79.69898289,Dry,30 - 35  MPH,Stop Sign,Clear,No,0,0,4
No,59.0,No,With Traffic,B: Suspected Minor Injury,Male,Charlotte,Mecklenburg,No,Sunday,Motorist Right Turn / Merge,16.0,November,Motorist Right Turn - Same Direction,2009,51.0,No,O: No Injury,Female,Passenger Car,No,35.22997,-80.78191,Dry,20 - 25  MPH,No Control Present,Clear,No,0,0,11
Yes,22.0,No,With Traffic,Unknown Injury,Male,Carolina Beach,New Hanover,No,Thursday,Motorist Left Turn / Merge,5.0,April,Motorist Left Turn - Opposite Direction,2010,77.0,No,Unknown Injury,Female,Passenger Car,No,34.03198252,-77.89495686,Dry,20 - 25  MPH,No Control Present,Clear,No,0,0,4
No,15.0,No,Facing Traffic,B: Suspected Minor Injury,Male,Charlotte,Mecklenburg,No,Thursday,Motorist Failed to Yield - Sign-Controlled Intersection,8.0,April,Motorist Drive Out - Sign-Controlled Intersection,2010,50.0,No,O: No Injury,Female,Passenger Car,No,35.09641662,-80.85962869,Dry,30 - 35  MPH,Stop Sign,Clear,No,0,0,4
No,62.0,No,Not Applicable,B: Suspected Minor Injury,Male,Charlotte,Mecklenburg,Yes,Monday,Bicyclist Failed to Yield - Midblock,20.0,September,Bicyclist Ride Out - Midblock - Unknown,2009,65.0,Yes,O: No Injury,Male,Passenger Car,No,35.245888,-80.897484,Dry,30 - 35  MPH,No Control Present,Clear,No,0,0,9
No,69.0,No,With Traffic,B: Suspected Minor Injury,Male,Charlotte,Mecklenburg,No,Sunday,Motorist Failed to Yield - Sign-Controlled Intersection,14.0,September,Motorist Drive Out - Sign-Controlled Intersection,2009,57.0,No,O: No Injury,Male,Passenger Car,No,35.179424,-80.837006,Dry,30 - 35  MPH,Stop Sign,Clear,No,0,0,9
No,49.0,No,Facing Traffic,C: Possible Injury,Male,Charlotte,Mecklenburg,No,Tuesday,Motorist Failed to Yield - Signalized Intersection,18.0,September,Motorist Drive Out - Signalized Intersection,2009,39.0,No,O: No Injury,Male,Passenger Car,No,35.13771,-80.879234,Dry,20 - 25  MPH,Stop And Go Signal,Cloudy,No,0,0,9
Yes,43.0,No,Facing Traffic,C: Possible Injury,Male,Charlotte,Mecklenburg,No,Wednesday,Motorist Failed to Yield - Midblock,13.0,April,Motorist Drive Out - Commercial Driveway / Alley,2010,27.0,No,O: No Injury,Male,Passenger Car,No,35.21095264,-80.75900977,Dry,Unknown,No Control Present,Clear,No,0,0,4
Yes,17.0,No,Facing Traffic,C: Possible Injury,Male,Charlotte,Mecklenburg,No,Saturday,Motorist Failed to Yield - Sign-Controlled Intersection,20.0,September,Motorist Drive Out - Sign-Controlled Intersection,2009,42.03850604944766,Missing,Unknown Injury,Unknown,Unknown,Yes,35.099022,-80.78193,Dry,5 - 15 MPH,Stop Sign,Clear,No,1,0,9
No,23.0,No,Facing Traffic,C: Possible Injury,Male,Charlotte,Mecklenburg,No,Thursday,Motorist Left Turn / Merge,20.0,August,Motorist Left Turn - Same Direction,2009,42.0,No,O: No Injury,Male,Sport Utility,No,35.301636,-80.80244,Dry,30 - 35  MPH,No Control Present,Clear,No,0,0,8
No,35.0,No,With Traffic,C: Possible Injury,Male,None - Rural Crash,Dare,No,Tuesday,Motorist Overtaking Bicyclist,14.0,May,Motorist Overtaking - Other / Unknown,2010,83.0,No,O: No Injury,Male,Motor Home/Recreational Vehicle,No,35.25182048,-75.6011886,Dry,30 - 35  MPH,No Control Present,Clear,No,0,0,5
Yes,39.0,No,With Traffic,B: Suspected Minor Injury,Male,Durham,Durham,No,Monday,Bicyclist Left Turn / Merge,21.0,May,Bicyclist Left Turn - Same Direction,2010,26.0,No,O: No Injury,Female,Passenger Car,No,35.9361058,-78.94662275,Dry,30 - 35  MPH,No Control Present,Clear,No,0,0,5
No,32.52649525389365,Unknown,Unknown,Unknown Injury,Unknown,Cary,Wake,No,Wednesday,Bicyclist Failed to Yield - Signalized Intersection,15.0,May,Bicyclist Ride Through - Signalized Intersection,2010,32.0,No,O: No Injury,Female,Passenger Car,No,35.82940651,-78.77299997,Dry,40 - 45  MPH,Stop And Go Signal,Clear,No,0,1,5
Yes,17.0,No,With Traffic,C: Possible Injury,Male,Laurinburg,Scotland,No,Friday,Bicyclist Left Turn / Merge,18.0,April,Bicyclist Left Turn - Same Direction,2010,40.0,No,O: No Injury,Male,Van,No,34.75954964,-79.45917464,"Water (Standing, Moving)",30 - 35  MPH,No Control Present,Clear,No,0,0,4
No,9.0,No,With Traffic,B: Suspected Minor Injury,Female,Siler City,Chatham,No,Tuesday,Loss of Control / Turning Error,16.0,April,Bicyclist Lost Control - Mechanical Problems,2010,18.0,No,O: No Injury,Female,Passenger Car,No,35.72532018,-79.47225224,Dry,30 - 35  MPH,Stop Sign,Cloudy,No,0,0,4
Yes,22.0,No,With Traffic,C: Possible Injury,Male,None - Rural Crash,Orange,No,Thursday,Motorist Overtaking Bicyclist,16.0,April,Motorist Overtaking - Other / Unknown,2010,42.03850604944766,Unknown,Unknown Injury,Unknown,Unknown,Yes,35.97213002,-79.16318172,Dry,40 - 45  MPH,"Double Yellow Line, No Passing Zone",Clear,No,1,0,4
Yes,51.0,No,With Traffic,B: Suspected Minor Injury,Male,Elizabeth City,Pasquotank,No,Wednesday,Bicyclist Failed to Yield - Signalized Intersection,17.0,September,Bicyclist Ride Out - Signalized  Intersection,2009,37.0,No,O: No Injury,Unknown,Passenger Car,No,36.29647,-76.22368,Dry,30 - 35  MPH,Stop And Go Signal,Clear,No,0,0,9
Yes,22.0,No,With Traffic,O: No Injury,Male,Roxboro,Person,No,Sunday,Head-On,19.0,April,Head-On - Motorist,2010,42.03850604944766,Missing,Unknown Injury,Unknown,Unknown,Yes,36.39278746,-78.98793979,Dry,Unknown,No Control Present,Clear,No,1,0,4
Yes,40.0,No,With Traffic,B: Suspected Minor Injury,Male,None - Rural Crash,Davidson,No,Friday,Motorist Failed to Yield - Sign-Controlled Intersection,13.0,May,Motorist Drive Out - Sign-Controlled Intersection,2010,21.0,No,O: No Injury,Female,Passenger Car,No,35.81228016,-80.20150348,Dry,50 - 55  MPH,Stop Sign,Clear,No,0,0,5