AmbulanceR,BikeAge,BikeAlcFlg,BikeDir,BikeInjury,BikeSex,City,County,CrashAlcoh,CrashDay,CrashGrp,CrashHour,CrashMonth,CrashType,CrashYear,DrvrAge,DrvrAlcFlg,DrvrInjury,DrvrSex,DrvrVehTyp,HitRun,Latitude,Longitude,RdConditio,SpeedLimit,TraffCntrl,Weather,Workzone,DrvrAgeImputedFlag,BikeAgeImputedFlag,MonthCode
Yes,8.0,No,With Traffic,C: Possible Injury,Female,Durham,Durham,No,Saturday,Crossing Paths - Other Circumstances,19.0,May,Sign-Controlled Intersection - Other / Unknown,2010,31.0,No,O: No Injury,Female,Sport Utility,No,36.01518874,-78.91563133,Dry,20 - 25  MPH,Stop Sign,Clear,No,0,0,5
Yes,15.0,No,With Traffic,B: Suspected Minor Injury,Male,None - Rural Crash,Scotland,No,Thursday,Motorist Overtaking Bicyclist,14.0,May,Motorist Overtaking - Other / Unknown,2010,26.0,No,O: No Injury,Female,Passenger Car,No,34.77690109,-79.50063359,Dry,50 - 55  MPH,No Control Present,Clear,No,0,0,5
Yes,43.0,No,Facing Traffic,B: Suspected Minor Injury,Male,Charlotte,Mecklenburg,No,Tuesday,Motorist Failed to Yield - Sign-Controlled Intersection,18.0,May,Motorist Drive Through - Sign-Controlled Intersection,2010,19.0,No,O: No Injury,Male,Sport Utility,No,35.31331589,-80.70391466,Dry,20 - 25  MPH,Stop Sign,Clear,No,0,0,5
Yes,20.0,No,With Traffic,C: Possible Injury,Male,Davidson,Mecklenburg,No,Thursday,Motorist Overtaking Bicyclist,13.0,May,Motorist Overtaking - Bicyclist Swerved,2010,39.0,No,O: No Injury,Female,"Light Truck (Mini-Van, Panel)",No,35.50447583,-80.85330966,Dry,30 - 35  MPH,"Double Yellow Line, No Passing Zone",Clear,No,0,0,5
Yes,29.0,No,With Traffic,B: Suspected Minor Injury,Male,Charlotte,Mecklenburg,No,Saturday,Crossing Paths - Other Circumstances,0.0,May,Signalized Intersection - Other / Unknown,2010,34.0,No,O: No Injury,Female,Passenger Car,No,35.21358014,-80.85560296,Dry,30 - 35  MPH,Stop And Go Signal,Clear,No,0,0,5
Yes,14.0,No,Not Applicable,B: Suspected Minor Injury,Male,Charlotte,Mecklenburg,No,Thursday,Bicyclist Failed to Yield - Sign-Controlled Intersection,7.0,May,Bicyclist Ride Out - Sign-Controlled Intersection,2010,50.0,No,O: No Injury,Female,Sport Utility,No,35.06411425,-80.7742494,Dry,30 - 35  MPH,Stop And Go Signal,Clear,No,0,0,5
Yes,8.0,No,With Traffic,B: Suspected Minor Injury,Male,Winston-Salem,Forsyth,No,Sunday,Loss of Control / Turning Error,19.0,May,Bicyclist Lost Control - Mechanical Problems,2010,25.0,No,O: No Injury,Male,Passenger Car,No,36.110798,-80.247252,Dry,30 - 35  MPH,No Control Present,Clear,No,0,0,5
Yes,42.0,No,Facing Traffic,C: Possible Injury,Male,Monroe,Union,No,Friday,Motorist Left Turn / Merge,14.0,May,Motorist Left Turn - Same Direction,2010,30.0,No,O: No Injury,Female,Passenger Car,No,34.9710148,-80.53433389,Dry,30 - 35  MPH,No Control Present,Clear,No,0,0,5
No,14.0,No,Not Applicable,O: No Injury,Female,Pittsboro,Chatham,No,Saturday,Bicyclist Failed to Yield - Midblock,15.0,April,Bicyclist Ride Out - Other Midblock,2010,57.0,No,C: Possible Injury,Male,Motorcycle,No,35.72205665,-79.18680186,Dry,40 - 45  MPH,No Control Present,Clear,Yes,0,0,4
Yes,37.0,No,With Traffic,B: Suspected Minor Injury,Male,Charlotte,Mecklenburg,No,Wednesday,Motorist Left Turn / Merge,11.0,May,Motorist Left Turn - Opposite Direction,2010,83.0,No,O: No Injury,Female,Passenger Car,No,35.0792276,-81.00590206,Dry,40 - 45  MPH,Stop Sign,Clear,No,0,0,5
Yes,9.0,No,Not Applicable,B: Suspected Minor Injury,Female,Charlotte,Mecklenburg,No,Thursday,Loss of Control / Turning Error,15.0,May,Bicyclist Lost Control - Other / Unknown,2010,24.0,No,O: No Injury,Male,Passenger Car,No,35.24306532,-80.84165541,Dry,20 - 25  MPH,No Control Present,Clear,No,0,0,5
Yes,35.0,No,Facing Traffic,C: Possible Injury,Male,Lumberton,Robeson,No,Friday,Crossing Paths - Other Circumstances,13.0,April,Crossing Paths - Intersection - Other / Unknown,2010,39.0,No,O: No Injury,Male,Tractor/Semi-Trailer,No,34.63262994,-78.99252556,Dry,30 - 35  MPH,Stop And Go Signal,Cloudy,No,0,0,4
Yes,10.0,No,Not Applicable,B: Suspected Minor Injury,Male,Hope Mills,Cumberland,No,Wednesday,Bicyclist Failed to Yield - Midblock,17.0,March,Multiple Threat - Midblock,2010,19.0,No,O: No Injury,Male,Passenger Car,No,35.0052845,-78.96675798,Wet,30 - 35  MPH,No Control Present,Cloudy,No,0,0,3
Yes,4.0,No,With Traffic,O: No Injury,Female,Gastonia,Gaston,No,Wednesday,Head-On,15.0,May,Head-On - Bicyclist,2010,18.0,No,B: Suspected Minor Injury,Female,Passenger Car,No,35.23649777,-81.21693971,Dry,20 - 25  MPH,No Control Present,Clear,No,0,0,5
Yes,37.0,No,With Traffic,B: Suspected Minor Injury,Male,High Point,Guilford,No,Monday,Motorist Left Turn / Merge,17.0,April,Motorist Left Turn - Opposite Direction,2010,60.0,No,O: No Injury,Male,Pickup,No,35.956587,-79.92972,Dry,40 - 45  MPH,Stop Sign,Cloudy,No,0,0,4
Yes,34.0,No,With Traffic,Unknown Injury,Unknown,Erwin,Harnett,No,Monday,Bicyclist Left Turn / Merge,18.0,August,Bicyclist Left Turn - Same Direction,2009,42.03850604944766,Missing,Unknown Injury,Unknown,Unknown,Yes,35.31984,-78.67709,Dry,30 - 35  MPH,No Control Present,Clear,No,1,0,8
Yes,44.0,Unknown,With Traffic,B: Suspected Minor Injury,Male,High Point,Guilford,No,Wednesday,Motorist Left Turn / Merge,22.0,May,Motorist Left Turn - Opposite Direction,2010,64.0,No,O: No Injury,Male,Van,No,35.95510883,-79.9695749,Dry,30 - 35  MPH,No Control Present,Clear,No,0,0,5
No,37.0,No,With Traffic,B: Suspected Minor Injury,Male,Charlotte,Mecklenburg,No,Sunday,Motorist Overtaking Bicyclist,11.0,May,Motorist Overtaking - Undetected Bicyclist,2010,53.0,No,O: No Injury,Male,Passenger Car,No,35.36954033,-80.8410216,Dry,40 - 45  MPH,Stop And Go Signal,Clear,No,0,0,5
No,22.0,No,Facing Traffic,B: Suspected Minor Injury,Male,Chapel Hill,Orange,No,Thursday,Motorist Failed to Yield - Signalized Intersection,16.0,May,Motorist Drive Out - Signalized Intersection,2010,54.0,No,O: No Injury,Female,Passenger Car,No,35.96383193,-79.05813126,Dry,30 - 35  MPH,Stop And Go Signal,Clear,No,0,0,5
Yes,9.0,No,Not Applicable,B: Suspected Minor Injury,Male,Asheville,Buncombe,No,Monday,Bicyclist Failed to Yield - Midblock,16.0,May,Bicyclist Ride Out - Residential Driveway,2010,45.0,No,O: No Injury,Male,Pickup,No,35.47414868,-82.51645232,Dry,30 - 35  MPH,Stop Sign,Clear,No,0,0,5
No,40.0,No,Facing Traffic,B: Suspected Minor Injury,Male,Greensboro,Guilford,No,Friday,Motorist Failed to Yield - Midblock,22.0,May,Motorist Drive Out - Commercial Driveway / Alley,2010,25.0,No,O: No Injury,Female,Passenger Car,No,36.03991376,-79.84801876,Dry,5 - 15 MPH,No Control Present,Clear,No,0,0,5
Yes,15.0,No,Facing Traffic,B: Suspected Minor Injury,Male,Greensboro,Guilford,No,Friday,Bicyclist Failed to Yield - Signalized Intersection,8.0,May,Bicyclist Ride Out - Signalized  Intersection,2010,28.0,No,O: No Injury,Male,Passenger Car,No,36.03982636,-79.84950622,Dry,30 - 35  MPH,Stop And Go Signal,Clear,No,0,0,5
Yes,25.0,No,With Traffic,B: Suspected Minor Injury,Male,Lumberton,Robeson,No,Saturday,Motorist Overtaking Bicyclist,21.0,April,Motorist Overtaking - Other / Unknown,2010,57.0,No,Unknown Injury,Female,Passenger Car,No,34.57982744,-78.93787716,Wet,50 - 55  MPH,No Control Present,Rain,No,0,0,4
No,7.0,No,Facing Traffic,B: Suspected Minor Injury,Female,Burlington,Alamance,No,Friday,Bicyclist Right Turn / Merge,18.0,May,Bicyclist Right Turn - Same Direction,2010,17.0,No,O: No Injury,Female,Passenger Car,No,36.09479762,-79.4272201,Dry,30 - 35  MPH,No Control Present,Clear,No,0,0,5
Yes,25.0,No,With Traffic,B: Suspected Minor Injury,Male,Greensboro,Guilford,No,Saturday,Bicyclist Overtaking Motorist,3.0,May,Bicyclist Overtaking - Parked Vehicle,2010,42.03850604944766,Missing,Unknown Injury,Unknown,Passenger Car,No,36.06106534,-79.80934494,Dry,30 - 35  MPH,No Control Present,Clear,No,1,0,5
Yes,6.0,No,Facing Traffic,A: Suspected Serious Injury,Male,Asheville,Buncombe,No,Saturday,Loss of Control / Turning Error,13.0,May,Bicyclist Lost Control - Mechanical Problems,2010,23.0,No,O: No Injury,Male,Passenger Car,No,35.5774783,-82.55465087,Dry,20 - 25  MPH,Other,Clear,No,0,0,5
No,13.0,No,With Traffic,B: Suspected Minor Injury,Male,Charlotte,Mecklenburg,No,Thursday,Bicyclist Failed to Yield - Sign-Controlled Intersection,18.0,May,Bicyclist Ride Through - Sign-Controlled Intersection,2010,61.0,No,O: No Injury,Male,Sport Utility,No,35.25282306,-80.87825499,Dry,20 - 25  MPH,No Control Present,Clear,No,0,0,5
Yes,46.0,Yes,With Traffic,B: Suspected Minor Injury,Female,Charlotte,Mecklenburg,Yes,Monday,Loss of Control / Turning Error,12.0,April,Bicyclist Lost Control - Other / Unknown,2010,48.0,No,O: No Injury,Male,Pickup,No,35.28068917,-80.85737273,Dry,20 - 25  MPH,No Control Present,Clear,No,0,0,4
No,50.0,No,Unknown,C: Possible Injury,Male,Charlotte,Mecklenburg,No,Saturday,Other / Unknown - Insufficient Details,16.0,May,Unknown Approach Paths,2010,39.0,No,O: No Injury,Male,Sport Utility,No,35.13449121,-80.84011591,Dry,30 - 35  MPH,Stop Sign,Clear,No,0,0,5
Yes,54.0,No,With Traffic,C: Possible Injury,Male,Wilson,Wilson,No,Saturday,Bicyclist Left Turn / Merge,16.0,May,Bicyclist Left Turn - Same Direction,2010,66.0,No,O: No Injury,Male,Pickup,No,35.69732242,-77.89301567,Dry,30 - 35  MPH,No Control Present,Clear,No,0,0,5
No,48.0,No,With Traffic,B: Suspected Minor Injury,Male,Charlotte,Mecklenburg,No,Sunday,Motorist Right Turn / Merge,9.0,May,Motorist Right Turn - Same Direction,2010,43.0,No,O: No Injury,Female,Sport Utility,No,35.11132716,-80.85756072,Dry,30 - 35  MPH,No Control Present,Clear,No,0,0,5
Yes,41.0,No,With Traffic,C: Possible Injury,Male,None - Rural Crash,Pitt,No,Friday,Bicyclist Left Turn / Merge,17.0,May,Bicyclist Left Turn - Same Direction,2010,51.0,No,O: No Injury,Female,Passenger Car,No,35.71998421,-77.24228896,Dry,50 - 55  MPH,"Double Yellow Line, No Passing Zone",Clear,No,0,0,5
Yes,13.0,No,Not Applicable,C: Possible Injury,Male,None - Rural Crash,Hertford,No,Saturday,Bicyclist Failed to Yield - Midblock,15.0,May,Bicyclist Ride Out - Commercial Driveway / Alley,2010,45.0,No,O: No Injury,Male,Pickup,No,36.44173853,-77.11826953,Dry,40 - 45  MPH,"Double Yellow Line, No Passing Zone",Clear,No,0,0,5
No,32.0,No,With Traffic,C: Possible Injury,Female,Asheville,Buncombe,No,Tuesday,Motorist Failed to Yield - Midblock,10.0,May,Motorist Drive Out - Commercial Driveway / Alley,2010,42.03850604944766,Missing,Unknown Injury,Unknown,Unknown,Yes,35.57877928,-82.56321253,Wet,30 - 35  MPH,"Double Yellow Line, No Passing Zone",Cloudy,No,1,0,5
No,7.0,No,With Traffic,A: Suspected Serious Injury,Male,Wilmington,New Hanover,No,Monday,Parallel Paths - Other Circumstances,18.0,May,Parallel Paths - Other / Unknown,2010,47.0,No,O: No Injury,Female,Sport Utility,No,34.22361681,-77.81708077,Dry,20 - 25  MPH,No Control Present,Clear,No,0,0,5
Yes,14.0,No,With Traffic,C: Possible Injury,Male,None - Rural Crash,Robeson,No,Thursday,Motorist Overtaking Bicyclist,19.0,May,Motorist Overtaking - Other / Unknown,2010,42.03850604944766,Unknown,Unknown Injury,Unknown,Unknown,Yes,34.72005694,-79.21164084,Dry,50 - 55  MPH,No Control Present,Clear,No,1,0,5
Yes,19.0,No,With Traffic,B: Suspected Minor Injury,Male,Mooresville,Iredell,No,Friday,Motorist Overtaking Bicyclist,12.0,May,Motorist Overtaking - Bicyclist Swerved,2010,34.0,No,O: No Injury,Male,Sport Utility,No,35.60250516,-80.79494111,Dry,30 - 35  MPH,"Double Yellow Line, No Passing Zone",Clear,No,0,0,5
No,26.0,No,With Traffic,C: Possible Injury,Female,None - Rural Crash,Chatham,No,Tuesday,Motorist Overtaking Bicyclist,18.0,May,Motorist Overtaking - Other / Unknown,2010,50.0,No,O: No Injury,Female,"Light Truck (Mini-Van, Panel)",No,35.79140689,-78.94710243,Dry,40 - 45  MPH,"Double Yellow Line, No Passing Zone",Cloudy,No,0,0,5
No,30.0,No,With Traffic,O: No Injury,Male,Cary,Wake,No,Tuesday,Motorist Failed to Yield - Sign-Controlled Intersection,18.0,May,Motorist Drive Out - Sign-Controlled Intersection,2010,39.0,No,O: No Injury,Male,Sport Utility,No,35.73193134,-78.78991872,Dry,40 - 45  MPH,Stop Sign,Clear,No,0,0,5
Yes,50.0,No,Facing Traffic,C: Possible Injury,Male,Tarboro,Edgecombe,No,Wednesday,Motorist Failed to Yield - Sign-Controlled Intersection,20.0,May,Motorist Drive Out - Sign-Controlled Intersection,2010,40.0,No,O: No Injury,Female,Passenger Car,No,35.91741896,-77.54529373,Dry,20 - 25  MPH,Stop Sign,Clear,No,0,0,5
Yes,16.0,No,With Traffic,B: Suspected Minor Injury,Male,Whiteville,Columbus,No,Thursday,Bicyclist Failed to Yield - Sign-Controlled Intersection,16.0,May,Bicyclist Ride Through - Sign-Controlled Intersection,2010,41.0,No,O: No Injury,Male,Passenger Car,No,34.33146311,-78.71003909,Dry,30 - 35  MPH,Stop Sign,Clear,No,0,0,5
Yes,14.0,No,Unknown,B: Suspected Minor Injury,Male,None - Rural Crash,Surry,No,Tuesday,Loss of Control / Turning Error,17.0,May,Motorist Lost Control - Other / Unknown,2010,62.0,No,K: Killed,Male,Pickup,No,36.30753906,-80.71653857,Dry,40 - 45  MPH,No Control Present,Clear,No,0,0,5
Yes,34.0,No,With Traffic,B: Suspected Minor Injury,Male,Greensboro,Guilford,No,Thursday,Motorist Overtaking Bicyclist,20.0,May,Motorist Overtaking - Other / Unknown,2010,42.03850604944766,Missing,Unknown Injury,Unknown,Passenger Car,Yes,36.06679247,-79.75158335,Dry,30 - 35  MPH,No Control Present,Clear,No,1,0,5
No,7.0,No,Not Applicable,C: Possible Injury,Male,Shelby,Cleveland,No,Friday,Non-Roadway,16.0,May,Non-Roadway,2010,26.0,No,O: No Injury,Female,Van,No,35.28703137,-81.5504373,Dry,5 - 15 MPH,No Control Present,Clear,No,0,0,5
No,38.0,No,Facing Traffic,C: Possible Injury,Male,Wilmington,New Hanover,No,Tuesday,Motorist Failed to Yield - Sign-Controlled Intersection,19.0,May,Motorist Drive Out - Sign-Controlled Intersection,2010,37.0,No,O: No Injury,Male,Pickup,No,34.19144508,-77.93591246,Dry,40 - 45  MPH,Stop Sign,Clear,No,0,0,5
Yes,16.0,No,Facing Traffic,B: Suspected Minor Injury,Male,Graham,Alamance,No,Thursday,Motorist Right Turn / Merge,21.0,May,Motorist Right Turn - Opposite Direction,2010,64.0,No,O: No Injury,Male,Van,No,36.07313088,-79.39853259,Dry,30 - 35  MPH,Stop And Go Signal,Clear,No,0,0,5
Yes,31.0,No,With Traffic,C: Possible Injury,Male,Charlotte,Mecklenburg,No,Friday,Motorist Overtaking Bicyclist,16.0,May,Motorist Overtaking - Misjudged Space,2010,42.03850604944766,Missing,Unknown Injury,Unknown,Unknown,No,35.22477363,-80.84031907,Dry,Unknown,No Control Present,Clear,No,1,0,5
No,52.0,No,Facing Traffic,B: Suspected Minor Injury,Male,Rocky Mount,Nash,No,Thursday,Head-On,10.0,April,Head-On - Bicyclist,2010,42.03850604944766,Missing,Unknown Injury,Unknown,Unknown,Yes,35.96676876,-77.80329843,Dry,40 - 45  MPH,Stop Sign,Clear,No,1,0,4
Yes,14.0,No,Not Applicable,C: Possible Injury,Male,Morehead City,Carteret,No,Wednesday,Non-Roadway,18.0,May,Non-Roadway,2010,74.0,No,O: No Injury,Female,Passenger Car,No,34.72277999,-76.72608225,Dry,Unknown,No Control Present,Cloudy,No,0,0,5
No,3.0,No,Not Applicable,B: Suspected Minor Injury,Male,Andrews,Cherokee,No,Saturday,Non-Roadway,17.0,May,Non-Roadway,2010,13.0,No,O: No Injury,Male,Motorcycle,No,35.19478461,-83.83569505,Dry,Unknown,No Control Present,Clear,No,0,0,5
No,31.0,No,With Traffic,C: Possible Injury,Male,None - Rural Crash,Burke,No,Wednesday,Motorist Overtaking Bicyclist,18.0,May,Motorist Overtaking - Other / Unknown,2010,78.0,No,O: No Injury,Female,Van,No,35.7618649,-81.45437366,Dry,40 - 45  MPH,"Double Yellow Line, No Passing Zone",Clear,No,0,0,5
No,7.0,No,With Traffic,O: No Injury,Male,Rocky Mount,Nash,No,Saturday,Bicyclist Failed to Yield - Sign-Controlled Intersection,19.0,April,Bicyclist Ride Out - Sign-Controlled Intersection,2010,57.0,No,O: No Injury,Female,Passenger Car,No,35.94465412,-77.804045,Dry,30 - 35  MPH,Stop Sign,Clear,No,0,0,4
No,43.0,No,With Traffic,C: Possible Injury,Male,Charlotte,Mecklenburg,No,Saturday,Motorist Failed to Yield - Sign-Controlled Intersection,9.0,May,Motorist Drive Out - Sign-Controlled Intersection,2010,42.03850604944766,Missing,Unknown Injury,Unknown,Unknown,Yes,35.21710401,-80.86986522,Dry,30 - 35  MPH,No Control Present,Clear,No,1,0,5
Yes,21.0,No,With Traffic,A: Suspected Serious Injury,Male,Burlington,Alamance,No,Sunday,Bicyclist Left Turn / Merge,18.0,May,Bicyclist Left Turn - Same Direction,2010,29.0,No,O: No Injury,Female,Sport Utility,No,36.0672563,-79.46426392,Dry,30 - 35  MPH,No Control Present,Clear,No,0,0,5
Yes,17.0,No,With Traffic,O: No Injury,Male,Mount Airy,Surry,No,Monday,Motorist Overtaking Bicyclist,23.0,May,Motorist Overtaking - Other / Unknown,2010,42.03850604944766,Missing,Unknown Injury,Unknown,Unknown,Yes,36.4978042,-80.6060309,Dry,30 - 35  MPH,No Control Present,Cloudy,No,1,0,5
Yes,9.0,No,Not Applicable,C: Possible Injury,Female,None - Rural Crash,Dare,No,Friday,Non-Roadway,16.0,May,Non-Roadway,2010,53.0,No,O: No Injury,Male,Pickup,No,35.57813411,-75.46698269,Dry,5 - 15 MPH,No Control Present,Clear,No,0,0,5
Yes,22.0,No,With Traffic,A: Suspected Serious Injury,Male,None - Rural Crash,Nash,No,Thursday,Loss of Control / Turning Error,7.0,May,Motorist Lost Control - Other / Unknown,2010,22.0,No,O: No Injury,Female,Passenger Car,No,35.99556547,-77.93025233,Dry,40 - 45  MPH,"Double Yellow Line, No Passing Zone",Clear,No,0,0,5
No,33.0,No,With Traffic,B: Suspected Minor Injury,Female,None - Rural Crash,Wake,No,Friday,Motorist Overtaking Bicyclist,10.0,May,Motorist Overtaking - Misjudged Space,2010,27.0,Unknown,O: No Injury,Male,Passenger Car,Yes,35.83088314,-78.42879224,Dry,50 - 55  MPH,No Control Present,Clear,No,0,0,5
Yes,48.0,Unknown,With Traffic,B: Suspected Minor Injury,Male,Greensboro,Guilford,No,Thursday,Bicyclist Failed to Yield - Sign-Controlled Intersection,18.0,May,Bicyclist Ride Through - Sign-Controlled Intersection,2010,29.0,No,O: No Injury,Female,Sport Utility,No,36.058801,-79.789731,Dry,20 - 25  MPH,Stop Sign,Clear,No,0,0,5
No,23.0,No,Facing Traffic,C: Possible Injury,Male,Fayetteville,Cumberland,No,Wednesday,Motorist Left Turn / Merge,8.0,August,Motorist Left Turn - Same Direction,2009,57.0,No,Unknown Injury,Male,Pickup,No,35.089836,-78.98565,Dry,30 - 35  MPH,No Control Present,Clear,No,0,0,8
Yes,19.0,No,With Traffic,B: Suspected Minor Injury,Male,Southern Pines,Moore,No,Wednesday,Motorist Overtaking Bicyclist,20.0,May,Motorist Overtaking - Undetected Bicyclist,2010,31.0,No,O: No Injury,Male,Passenger Car,No,35.19634776,-79.40039094,Dry,40 - 45  MPH,No Control Present,Clear,No,0,0,5
No,21.0,No,Not Applicable,C: Possible Injury,Male,Wilmington,New Hanover,No,Thursday,Non-Roadway,14.0,May,Non-Roadway,2010,70.0,No,O: No Injury,Male,Passenger Car,No,34.23511692,-77.87595546,Dry,Unknown,No Control Present,Clear,No,0,0,5
No,22.0,No,Facing Traffic,B: Suspected Minor Injury,Male,Wilmington,New Hanover,No,Friday,Motorist Failed to Yield - Signalized Intersection,19.0,May,Motorist Drive Out - Signalized Intersection,2010,42.03850604944766,Missing,Unknown Injury,Unknown,Unknown,Yes,34.2561374,-77.82625941,Dry,5 - 15 MPH,Stop And Go Signal,Clear,No,1,0,5
No,24.0,No,Unknown,B: Suspected Minor Injury,Male,Charlotte,Mecklenburg,No,Saturday,Other / Unknown - Insufficient Details,14.0,August,Unknown Approach Paths,2009,34.0,No,O: No Injury,Male,Sport Utility,No,35.21531,-80.85819,Dry,30 - 35  MPH,Stop And Go Signal,Clear,No,0,0,8
No,36.0,No,With Traffic,O: No Injury,Male,Charlotte,Mecklenburg,No,Wednesday,Motorist Overtaking Bicyclist,14.0,August,Motorist Overtaking - Other / Unknown,2009,42.03850604944766,Missing,Unknown Injury,Unknown,Unknown,Yes,35.221214,-80.81859,Dry,30 - 35  MPH,Stop And Go Signal,Clear,No,1,0,8
Yes,19.0,No,With Traffic,B: Suspected Minor Injury,Male,Southern Pines,Moore,No,Friday,Bicyclist Failed to Yield - Sign-Controlled Intersection,11.0,May,Bicyclist Ride Through - Sign-Controlled Intersection,2010,35.0,No,O: No Injury,Female,Passenger Car,No,35.1773383,-79.40532948,Dry,30 - 35  MPH,Stop Sign,Clear,No,0,0,5
Yes,54.0,No,Facing Traffic,B: Suspected Minor Injury,Male,Durham,Durham,No,Tuesday,Crossing Paths - Other Circumstances,14.0,May,Crossing Paths - Midblock - Other / Unknown,2010,35.0,No,O: No Injury,Female,Passenger Car,No,36.00624749,-78.92051288,Dry,20 - 25  MPH,No Control Present,Cloudy,No,0,0,5
No,31.0,No,Not Applicable,C: Possible Injury,Male,None - Rural Crash,Gaston,No,Saturday,Bicyclist Failed to Yield - Midblock,9.0,June,Bicyclist Ride Out - Other Midblock,2010,57.0,No,O: No Injury,Female,Sport Utility,No,35.35982367,-81.29881444,Dry,50 - 55  MPH,"Double Yellow Line, No Passing Zone",Clear,No,0,0,6
Yes,82.0,No,With Traffic,B: Suspected Minor Injury,Male,None - Rural Crash,Randolph,No,Friday,Bicyclist Failed to Yield - Sign-Controlled Intersection,10.0,June,Bicyclist Ride Out - Sign-Controlled Intersection,2010,33.0,No,O: No Injury,Female,Passenger Car,No,35.62321079,-79.86047144,Dry,50 - 55  MPH,"Double Yellow Line, No Passing Zone",Clear,No,0,0,6
Yes,48.0,No,With Traffic,B: Suspected Minor Injury,Male,None - Rural Crash,Rutherford,No,Saturday,Motorist Failed to Yield - Midblock,8.0,June,Motorist Drive Out - Residential Driveway,2010,17.0,No,O: No Injury,Male,Passenger Car,No,35.399874,-82.00394334,Dry,50 - 55  MPH,No Control Present,Clear,No,0,0,6
Yes,11.0,No,Facing Traffic,B: Suspected Minor Injury,Male,Raleigh,Wake,No,Sunday,Bicyclist Failed to Yield - Sign-Controlled Intersection,18.0,April,Bicyclist Ride Out - Sign-Controlled Intersection,2010,20.0,No,O: No Injury,Female,Passenger Car,No,35.7584608,-78.56113832,Dry,40 - 45  MPH,Stop Sign,Clear,No,0,0,4
Yes,16.0,No,With Traffic,C: Possible Injury,Male,None - Rural Crash,Forsyth,No,Friday,Motorist Overtaking Bicyclist,18.0,June,Motorist Overtaking - Bicyclist Swerved,2010,30.0,No,O: No Injury,Male,Passenger Car,No,36.23642707,-80.08324503,Dry,40 - 45  MPH,"Double Yellow Line, No Passing Zone",Clear,No,0,0,6
Yes,26.0,No,With Traffic,B: Suspected Minor Injury,Male,Charlotte,Mecklenburg,No,Thursday,Motorist Left Turn / Merge,21.0,May,Motorist Left Turn - Opposite Direction,2010,42.03850604944766,Missing,Unknown Injury,Unknown,Unknown,Yes,35.22805863,-80.77525912,Dry,30 - 35  MPH,Stop And Go Signal,Clear,No,1,0,5
Yes,12.0,No,Not Applicable,B: Suspected Minor Injury,Male,Raleigh,Wake,No,Tuesday,Non-Roadway,18.0,May,Non-Roadway,2010,43.0,No,O: No Injury,Female,Sport Utility,No,35.8958793,-78.8003782,Dry,20 - 25  MPH,No Control Present,Clear,No,0,0,5
No,12.0,No,Not Applicable,C: Possible Injury,Female,Raleigh,Wake,No,Tuesday,Bicyclist Failed to Yield - Midblock,19.0,May,Bicyclist Ride Out - Commercial Driveway / Alley,2010,31.0,No,O: No Injury,Male,Passenger Car,No,35.79391874,-78.64558872,Dry,20 - 25  MPH,No Control Present,Clear,No,0,0,5
No,22.0,No,With Traffic,B: Suspected Minor Injury,Female,Raleigh,Wake,No,Wednesday,Bicyclist Left Turn / Merge,17.0,May,Bicyclist Left Turn - Same Direction,2010,51.0,No,O: No Injury,Female,Passenger Car,No,35.78653373,-78.73063394,Dry,40 - 45  MPH,No Control Present,Clear,No,0,0,5
Yes,18.0,No,Facing Traffic,C: Possible Injury,Male,Raleigh,Wake,No,Tuesday,Motorist Failed to Yield - Sign-Controlled Intersection,13.0,May,Motorist Drive Out - Sign-Controlled Intersection,2010,55.0,No,O: No Injury,Female,Passenger Car,No,35.89459172,-78.6494663,Dry,20 - 25  MPH,Stop Sign,Cloudy,No,0,0,5
Yes,27.0,No,With Traffic,B: Suspected Minor Injury,Male,Durham,Durham,No,Tuesday,Motorist Left Turn / Merge,9.0,June,Motorist Left Turn - Opposite Direction,2010,58.0,No,O: No Injury,Female,Sport Utility,No,36.01059497,-78.92686144,Dry,20 - 25  MPH,No Control Present,Clear,No,0,0,6
Yes,26.0,No,Facing Traffic,B: Suspected Minor Injury,Male,None - Rural Crash,Wilkes,No,Tuesday,Head-On,18.0,June,Head-On - Bicyclist,2010,42.03850604944766,Missing,Unknown Injury,Unknown,Passenger Car,Yes,36.10028529,-81.27523178,Dry,50 - 55  MPH,"Double Yellow Line, No Passing Zone",Clear,No,1,0,6
No,28.0,No,With Traffic,B: Suspected Minor Injury,Female,Raleigh,Wake,No,Saturday,Bicyclist Left Turn / Merge,13.0,May,Bicyclist Left Turn - Same Direction,2010,21.0,No,O: No Injury,Female,Passenger Car,No,35.79504409,-78.69174493,Dry,30 - 35  MPH,No Control Present,Clear,No,0,0,5
No,52.0,No,Unknown,O: No Injury,Male,Fayetteville,Cumberland,No,Sunday,Other / Unknown - Insufficient Details,10.0,May,Unknown Approach Paths,2010,49.0,No,O: No Injury,Female,Passenger Car,No,35.04745599,-78.86119099,Dry,30 - 35  MPH,Stop And Go Signal,Clear,No,0,0,5
Yes,48.0,Yes,With Traffic,C: Possible Injury,Male,Kannapolis,Cabarrus,Yes,Thursday,Motorist Left Turn / Merge,21.0,May,Motorist Left Turn - Opposite Direction,2010,45.0,No,O: No Injury,Male,Pickup,No,35.4869848,-80.63374506,Dry,30 - 35  MPH,No Control Present,Clear,No,0,0,5