AmbulanceR,BikeAge,BikeAlcFlg,BikeDir,BikeInjury,BikeSex,City,County,CrashAlcoh,CrashDay,CrashGrp,CrashHour,CrashMonth,CrashType,CrashYear,DrvrAge,DrvrAlcFlg,DrvrInjury,DrvrSex,DrvrVehTyp,HitRun,Latitude,Longitude,RdConditio,SpeedLimit,TraffCntrl,Weather,Workzone,DrvrAgeImputedFlag,BikeAgeImputedFlag,MonthCode
Yes,50.0,No,With Traffic,C: Possible Injury,Male,None - Rural Crash,Rowan,No,Tuesday,Motorist Failed to Yield - Sign-Controlled Intersection,8.0,June,Motorist Drive Out - Sign-Controlled Intersection,2010,36.0,No,O: No Injury,Male,Passenger Car,No,35.58773086,-80.53754775,Dry,30 - 35  MPH,Stop Sign,Clear,No,0,0,6
No,41.0,No,Unknown,C: Possible Injury,Male,Gastonia,Gaston,No,Monday,Other / Unknown - Insufficient Details,21.0,May,Unknown Approach Paths,2010,42.03850604944766,Missing,Unknown Injury,Unknown,Unknown,Yes,35.24558594,-81.18399325,Wet,30 - 35  MPH,Stop Sign,Rain,No,1,0,5
No,53.0,No,Unknown,C: Possible Injury,Female,Elizabeth City,Pasquotank,No,Thursday,Crossing Paths - Other Circumstances,11.0,May,Crossing Paths - Midblock - Other / Unknown,2010,45.0,No,O: No Injury,Male,Passenger Car,No,36.29459652,-76.24047745,Dry,30 - 35  MPH,No Control Present,Clear,No,0,0,5
No,42.0,No,Facing Traffic,O: No Injury,Female,Lumberton,Robeson,No,Friday,Motorist Failed to Yield - Sign-Controlled Intersection,11.0,May,Motorist Drive Out - Sign-Controlled Intersection,2010,60.0,No,O: No Injury,Male,Passenger Car,No,34.62250263,-79.05117485,Dry,30 - 35  MPH,No Control Present,Clear,No,0,0,5
Yes,54.0,No,With Traffic,C: Possible Injury,Male,Wilmington,New Hanover,No,Thursday,Motorist Right Turn / Merge,18.0,May,Motorist Right Turn - Same Direction,2010,50.0,No,O: No Injury,Male,Passenger Car,No,34.20968972,-77.88113946,Dry,40 - 45  MPH,Stop And Go Signal,Clear,No,0,0,5
Yes,47.0,No,With Traffic,B: Suspected Minor Injury,Male,Wilmington,New Hanover,No,Monday,Bicyclist Failed to Yield - Sign-Controlled Intersection,13.0,May,Bicyclist Ride Out - Sign-Controlled Intersection,2010,63.0,No,O: No Injury,Female,Van,No,34.19374098,-77.93548808,Dry,30 - 35  MPH,Stop Sign,Clear,No,0,0,5
Yes,53.0,No,With Traffic,B: Suspected Minor Injury,Male,Salisbury,Rowan,No,Thursday,Motorist Left Turn / Merge,17.0,June,Motorist Left Turn - Opposite Direction,2010,53.0,No,O: No Injury,Male,Passenger Car,No,35.65244787,-80.49772266,Wet,40 - 45  MPH,Stop And Go Signal,Cloudy,No,0,0,6
No,42.0,No,Facing Traffic,O: No Injury,Male,Salisbury,Rowan,No,Thursday,Bicyclist Failed to Yield - Signalized Intersection,13.0,June,Bicyclist Ride Out - Signalized  Intersection,2010,54.0,No,O: No Injury,Male,Pickup,No,35.66474374,-80.46682809,Dry,30 - 35  MPH,Stop And Go Signal,Clear,No,0,0,6
Yes,16.0,No,With Traffic,C: Possible Injury,Male,None - Rural Crash,Iredell,No,Saturday,Bicyclist Left Turn / Merge,11.0,June,Bicyclist Left Turn - Same Direction,2010,22.0,No,O: No Injury,Female,Sport Utility,No,35.73224603,-80.8973367,Dry,40 - 45  MPH,"Double Yellow Line, No Passing Zone",Clear,No,0,0,6
No,27.0,No,Facing Traffic,C: Possible Injury,Male,None - Rural Crash,Onslow,No,Sunday,Head-On,22.0,June,Head-On - Bicyclist,2010,21.0,No,O: No Injury,Male,Pickup,No,34.72473647,-77.52274806,Wet,40 - 45  MPH,No Control Present,Rain,No,0,0,6
No,32.52649525389365,Unknown,With Traffic,Unknown Injury,Unknown,None - Rural Crash,Cumberland,No,Friday,Motorist Overtaking Bicyclist,3.0,May,Motorist Overtaking - Undetected Bicyclist,2010,38.0,No,O: No Injury,Male,Truck/Trailer,No,34.99889015,-78.93180323,Dry,40 - 45  MPH,"Double Yellow Line, No Passing Zone",Clear,No,0,1,5
Yes,21.0,No,Facing Traffic,B: Suspected Minor Injury,Male,Charlotte,Mecklenburg,No,Thursday,Motorist Failed to Yield - Signalized Intersection,22.0,July,Motorist Drive Out - Signalized Intersection,2009,47.0,No,O: No Injury,Male,Pickup,No,35.1469,-80.72436,Wet,30 - 35  MPH,Stop And Go Signal,Clear,No,0,0,7
Yes,9.0,No,Not Applicable,C: Possible Injury,Male,Charlotte,Mecklenburg,No,Thursday,Non-Roadway,19.0,July,Non-Roadway,2009,32.0,No,O: No Injury,Female,Passenger Car,No,35.19995,-80.73841,Dry,5 - 15 MPH,No Control Present,Clear,No,0,0,7
No,6.0,No,With Traffic,C: Possible Injury,Male,Charlotte,Mecklenburg,No,Thursday,Motorist Overtaking Bicyclist,17.0,July,Motorist Overtaking - Other / Unknown,2009,18.0,No,O: No Injury,Male,Sport Utility,Yes,35.240658,-80.75871,Wet,20 - 25  MPH,No Control Present,Cloudy,No,0,0,7
No,38.0,Yes,With Traffic,O: No Injury,Male,Siler City,Chatham,Yes,Friday,Motorist Overtaking Bicyclist,22.0,May,Motorist Overtaking - Other / Unknown,2010,19.0,Unknown,O: No Injury,Male,Sport Utility,No,35.70804635,-79.45275383,Dry,40 - 45  MPH,No Control Present,Clear,No,0,0,5
No,20.0,No,With Traffic,C: Possible Injury,Male,Wilmington,New Hanover,No,Friday,Bicyclist Failed to Yield - Sign-Controlled Intersection,14.0,May,Bicyclist Ride Out - Sign-Controlled Intersection,2010,34.0,No,O: No Injury,Male,Sport Utility,No,34.24252775,-77.94402104,Dry,20 - 25  MPH,Stop Sign,Clear,No,0,0,5
Yes,38.0,No,With Traffic,A: Suspected Serious Injury,Male,Wilmington,New Hanover,No,Wednesday,Crossing Paths - Other Circumstances,22.0,May,Signalized Intersection - Other / Unknown,2010,18.0,No,O: No Injury,Male,Passenger Car,No,34.23642119,-77.87267305,Wet,40 - 45  MPH,Stop And Go Signal,Cloudy,No,0,0,5
Yes,9.0,No,Facing Traffic,B: Suspected Minor Injury,Male,Hope Mills,Cumberland,No,Friday,Loss of Control / Turning Error,17.0,May,Bicyclist Turning Error - Right Turn,2010,21.0,No,O: No Injury,Female,Passenger Car,No,34.97562161,-78.95325028,Dry,20 - 25  MPH,No Control Present,Clear,No,0,0,5
Yes,50.0,No,With Traffic,B: Suspected Minor Injury,Female,None - Rural Crash,Cherokee,No,Saturday,Motorist Overtaking Bicyclist,9.0,June,Motorist Overtaking - Misjudged Space,2010,78.0,No,O: No Injury,Female,Pickup,No,35.17621111,-83.9218958,Dry,60 - 75 MPH,No Control Present,Clear,No,0,0,6
No,44.0,No,With Traffic,B: Suspected Minor Injury,Female,None - Rural Crash,Wake,No,Tuesday,Motorist Left Turn / Merge,15.0,June,Motorist Left Turn - Opposite Direction,2010,43.0,No,O: No Injury,Female,Passenger Car,No,35.82332806,-78.87416799,Dry,40 - 45  MPH,Stop And Go Signal,Clear,No,0,0,6
Yes,21.0,No,Not Applicable,B: Suspected Minor Injury,Male,Chapel Hill,Orange,No,Saturday,Non-Roadway,22.0,June,Non-Roadway,2010,55.0,No,Unknown Injury,Male,Passenger Car,No,35.92714164,-79.02740296,Dry,20 - 25  MPH,Stop Sign,Clear,No,0,0,6
No,20.0,No,With Traffic,B: Suspected Minor Injury,Male,Boone,Watauga,No,Tuesday,Motorist Right Turn / Merge,10.0,June,Motorist Right Turn - Same Direction,2010,20.0,No,O: No Injury,Female,Sport Utility,No,36.2124429,-81.68077947,Dry,20 - 25  MPH,No Control Present,Clear,No,0,0,6
No,20.0,No,Facing Traffic,C: Possible Injury,Male,Fayetteville,Cumberland,No,Monday,Motorist Right Turn / Merge,14.0,June,Motorist Right Turn - Opposite Direction,2010,32.0,No,O: No Injury,Male,Pickup,No,35.07795251,-78.95499044,Dry,30 - 35  MPH,No Control Present,Clear,No,0,0,6
No,25.0,No,With Traffic,C: Possible Injury,Male,Charlotte,Mecklenburg,No,Tuesday,Bicyclist Overtaking Motorist,18.0,May,Bicyclist Overtaking - Other / Unknown,2010,20.0,No,O: No Injury,Female,Passenger Car,No,35.20175601,-80.84449216,Dry,30 - 35  MPH,No Control Present,Clear,No,0,0,5
Yes,55.0,No,Facing Traffic,C: Possible Injury,Male,Garner,Wake,No,Wednesday,Crossing Paths - Other Circumstances,7.0,May,Crossing Paths - Midblock - Other / Unknown,2010,59.0,No,O: No Injury,Female,Sport Utility,No,35.72011215,-78.65389759,Dry,40 - 45  MPH,No Control Present,Clear,No,0,0,5
Yes,44.0,Yes,With Traffic,A: Suspected Serious Injury,Male,None - Rural Crash,Bladen,Yes,Thursday,Motorist Overtaking Bicyclist,5.0,May,Motorist Overtaking - Undetected Bicyclist,2010,47.0,No,O: No Injury,Male,Pickup,No,34.66025877,-78.45780233,Dry,50 - 55  MPH,"Double Yellow Line, No Passing Zone",Clear,No,0,0,5
Yes,38.0,No,Facing Traffic,B: Suspected Minor Injury,Male,Charlotte,Mecklenburg,No,Thursday,Motorist Failed to Yield - Signalized Intersection,12.0,May,Motorist Drive Out - Right Turn on Red,2010,63.0,No,O: No Injury,Male,Passenger Car,No,35.16874109,-80.85060733,Dry,30 - 35  MPH,Stop And Go Signal,Clear,No,0,0,5
Yes,10.0,No,With Traffic,B: Suspected Minor Injury,Male,Apex,Wake,No,Tuesday,Bicyclist Failed to Yield - Sign-Controlled Intersection,7.0,June,Bicyclist Ride Through - Sign-Controlled Intersection,2010,40.0,No,O: No Injury,Female,Police,No,35.73312796,-78.85527838,Dry,20 - 25  MPH,Stop Sign,Clear,No,0,0,6
No,13.0,Yes,Facing Traffic,O: No Injury,Female,Rocky Mount,Nash,Yes,Monday,Bicyclist Failed to Yield - Signalized Intersection,16.0,April,Bicyclist Ride Out - Signalized  Intersection,2010,27.0,No,O: No Injury,Female,Passenger Car,No,35.94263765,-77.80208724,Dry,30 - 35  MPH,Stop And Go Signal,Cloudy,No,0,0,4
Yes,47.0,No,With Traffic,A: Suspected Serious Injury,Male,None - Rural Crash,Cabarrus,No,Wednesday,Head-On,19.0,May,Head-On - Motorist,2010,21.0,Unknown,O: No Injury,Male,Unknown,Yes,35.47592547,-80.3714107,Dry,50 - 55  MPH,"Double Yellow Line, No Passing Zone",Clear,No,0,0,5
Yes,53.0,No,Not Applicable,B: Suspected Minor Injury,Male,Charlotte,Mecklenburg,No,Thursday,Crossing Paths - Other Circumstances,17.0,May,Crossing Paths - Intersection - Other / Unknown,2010,35.0,No,O: No Injury,Female,Passenger Car,No,35.12698136,-80.84903276,Dry,30 - 35  MPH,No Control Present,Clear,No,0,0,5
Yes,47.0,No,With Traffic,B: Suspected Minor Injury,Male,Asheville,Buncombe,No,Friday,Motorist Right Turn / Merge,12.0,May,Motorist Right Turn - Same Direction,2010,26.0,No,O: No Injury,Female,Pickup,No,35.59339933,-82.56007585,Dry,20 - 25  MPH,Other,Clear,No,0,0,5
Yes,61.0,Yes,Not Applicable,B: Suspected Minor Injury,Male,Fayetteville,Cumberland,Yes,Friday,Crossing Paths - Other Circumstances,19.0,May,Crossing Paths - Midblock - Other / Unknown,2010,18.0,No,O: No Injury,Female,Passenger Car,No,35.08889637,-78.8786426,Wet,40 - 45  MPH,No Control Present,Cloudy,No,0,0,5
No,7.0,No,With Traffic,O: No Injury,Male,Charlotte,Mecklenburg,No,Saturday,Loss of Control / Turning Error,12.0,May,"Motorist Lost Control - Oversteering, Improper Braking, Speed",2010,42.03850604944766,Missing,Unknown Injury,Unknown,Passenger Car,Yes,35.23103945,-80.87843627,Dry,30 - 35  MPH,No Control Present,Cloudy,No,1,0,5
Yes,45.0,Yes,With Traffic,B: Suspected Minor Injury,Male,Shelby,Cleveland,Yes,Sunday,Motorist Overtaking Bicyclist,21.0,May,Motorist Overtaking - Undetected Bicyclist,2010,33.0,Yes,O: No Injury,Male,Passenger Car,No,35.26458528,-81.47557857,Dry,30 - 35  MPH,No Control Present,Clear,No,0,0,5
Yes,10.0,No,Not Applicable,B: Suspected Minor Injury,Male,None - Rural Crash,Bertie,No,Monday,Bicyclist Failed to Yield - Midblock,12.0,June,Bicyclist Ride Out - Residential Driveway,2010,80.0,No,O: No Injury,Male,Passenger Car,No,36.21779959,-76.85743455,Dry,50 - 55  MPH,"Double Yellow Line, No Passing Zone",Clear,No,0,0,6
Yes,10.0,No,Not Applicable,C: Possible Injury,Male,Charlotte,Mecklenburg,No,Friday,Other / Unknown - Insufficient Details,21.0,June,Unknown Approach Paths,2009,39.0,No,O: No Injury,Male,Van,No,35.185867,-80.74691,Dry,30 - 35  MPH,No Control Present,Clear,No,0,0,6
Yes,16.0,No,Not Applicable,B: Suspected Minor Injury,Male,Charlotte,Mecklenburg,No,Tuesday,Non-Roadway,14.0,June,Non-Roadway,2009,27.0,No,O: No Injury,Male,Passenger Car,No,35.213398,-80.82827,Dry,20 - 25  MPH,No Control Present,Clear,No,0,0,6
No,11.0,Yes,With Traffic,B: Suspected Minor Injury,Male,Havelock,Craven,Yes,Wednesday,Bicyclist Failed to Yield - Sign-Controlled Intersection,7.0,May,Bicyclist Ride Out - Sign-Controlled Intersection,2010,55.0,No,O: No Injury,Female,Van,No,34.89825653,-76.92141815,Dry,20 - 25  MPH,No Control Present,Clear,No,0,0,5
Yes,12.0,No,Facing Traffic,B: Suspected Minor Injury,Female,Emerald Isle,Carteret,No,Monday,Bicyclist Failed to Yield - Sign-Controlled Intersection,18.0,May,Bicyclist Ride Out - Sign-Controlled Intersection,2010,23.0,No,O: No Injury,Female,Passenger Car,No,34.66506981,-77.01756302,Dry,20 - 25  MPH,Stop Sign,Clear,No,0,0,5
Yes,35.0,No,With Traffic,B: Suspected Minor Injury,Male,None - Rural Crash,Brunswick,No,Friday,Motorist Overtaking Bicyclist,7.0,June,Motorist Overtaking - Misjudged Space,2010,65.0,No,O: No Injury,Male,Pickup,No,33.95783424,-78.07104022,Dry,50 - 55  MPH,"Double Yellow Line, No Passing Zone",Clear,No,0,0,6
Yes,79.0,No,With Traffic,B: Suspected Minor Injury,Male,None - Rural Crash,Onslow,No,Saturday,Bicyclist Overtaking Motorist,10.0,June,Bicyclist Overtaking - Other / Unknown,2010,57.0,Unknown,O: No Injury,Male,Pickup,Yes,34.80997782,-77.23525577,Dry,50 - 55  MPH,No Control Present,Clear,No,0,0,6
Yes,52.0,No,With Traffic,B: Suspected Minor Injury,Female,None - Rural Crash,Durham,No,Sunday,Motorist Overtaking Bicyclist,15.0,June,Motorist Overtaking - Other / Unknown,2010,51.0,No,O: No Injury,Female,Passenger Car,No,36.15022513,-78.90514767,Dry,50 - 55  MPH,No Control Present,Clear,No,0,0,6
Yes,21.0,No,With Traffic,C: Possible Injury,Male,Asheboro,Randolph,No,Tuesday,Bicyclist Failed to Yield - Signalized Intersection,15.0,June,Bicyclist Ride Through - Signalized Intersection,2010,58.0,No,O: No Injury,Female,"Light Truck (Mini-Van, Panel)",No,35.69126513,-79.8018876,Dry,40 - 45  MPH,Stop And Go Signal,Clear,No,0,0,6
Yes,18.0,No,Facing Traffic,B: Suspected Minor Injury,Male,High Point,Guilford,No,Tuesday,Bicyclist Right Turn / Merge,16.0,June,Bicyclist Right Turn - Same Direction,2010,34.0,No,O: No Injury,Male,Passenger Car,No,35.94535758,-80.01400957,Dry,30 - 35  MPH,No Control Present,Clear,No,0,0,6
Yes,59.0,No,With Traffic,B: Suspected Minor Injury,Male,Charlotte,Mecklenburg,No,Tuesday,Crossing Paths - Other Circumstances,18.0,June,Sign-Controlled Intersection - Other / Unknown,2010,42.03850604944766,Missing,Unknown Injury,Unknown,Unknown,Yes,35.22160267,-80.8105782,Dry,30 - 35  MPH,Stop Sign,Cloudy,No,1,0,6
Yes,8.0,No,Not Applicable,C: Possible Injury,Female,None - Rural Crash,Dare,No,Monday,Bicyclist Failed to Yield - Midblock,14.0,June,Bicyclist Ride Out - Commercial Driveway / Alley,2010,64.0,No,O: No Injury,Male,Sport Utility,No,35.57973364,-75.46716065,Dry,30 - 35  MPH,"Double Yellow Line, No Passing Zone",Clear,No,0,0,6
No,12.0,No,Not Applicable,C: Possible Injury,Male,Statesville,Iredell,No,Tuesday,Crossing Paths - Other Circumstances,19.0,June,Crossing Paths - Midblock - Other / Unknown,2010,42.03850604944766,Missing,Unknown Injury,Unknown,Unknown,Yes,35.76391342,-80.88239854,Wet,20 - 25  MPH,No Control Present,Cloudy,No,1,0,6
Yes,43.0,No,With Traffic,B: Suspected Minor Injury,Female,Charlotte,Mecklenburg,No,Thursday,Bicyclist Overtaking Motorist,16.0,June,Bicyclist Overtaking - Parked Vehicle,2010,42.03850604944766,Missing,Unknown Injury,Unknown,Passenger Car,No,35.12171217,-80.97060654,Dry,Unknown,No Control Present,Clear,No,1,0,6
No,23.0,No,Not Applicable,C: Possible Injury,Male,Wilmington,New Hanover,No,Sunday,Parallel Paths - Other Circumstances,0.0,May,Parallel Paths - Other / Unknown,2010,42.03850604944766,Missing,Unknown Injury,Unknown,Unknown,Yes,34.22680587,-77.88625035,Dry,40 - 45  MPH,No Control Present,Clear,No,1,0,5
Yes,17.0,No,With Traffic,B: Suspected Minor Injury,Male,Wilmington,New Hanover,No,Friday,Bicyclist Failed to Yield - Sign-Controlled Intersection,12.0,June,Bicyclist Ride Through - Sign-Controlled Intersection,2010,39.0,No,O: No Injury,Male,Sport Utility,No,34.22666308,-77.93028822,Dry,30 - 35  MPH,Stop Sign,Clear,No,0,0,6
Yes,22.0,No,Facing Traffic,C: Possible Injury,Male,Fayetteville,Cumberland,No,Monday,Motorist Failed to Yield - Midblock,16.0,June,Motorist Drive Out - Midblock - Unknown,2010,25.0,No,O: No Injury,Female,Sport Utility,No,35.06692994,-78.94879575,Dry,20 - 25  MPH,No Control Present,Clear,No,0,0,6
No,33.0,No,Not Applicable,B: Suspected Minor Injury,Male,High Point,Guilford,No,Wednesday,Backing Vehicle,14.0,June,Backing Vehicle,2010,70.0,No,O: No Injury,Male,Pickup,No,35.97934882,-79.99624512,Dry,40 - 45  MPH,Stop And Go Signal,Clear,No,0,0,6
Yes,49.0,No,With Traffic,C: Possible Injury,Male,None - Rural Crash,Granville,No,Sunday,Motorist Overtaking Bicyclist,14.0,June,Motorist Overtaking - Other / Unknown,2010,17.0,No,O: No Injury,Male,Sport Utility,No,36.31105625,-78.55274463,Dry,40 - 45  MPH,"Double Yellow Line, No Passing Zone",Clear,No,0,0,6
Yes,51.0,No,With Traffic,C: Possible Injury,Female,Durham,Durham,No,Monday,Motorist Left Turn / Merge,18.0,June,Motorist Left Turn - Opposite Direction,2010,27.0,No,O: No Injury,Male,Sport Utility,No,35.91163083,-78.94339194,Dry,40 - 45  MPH,No Control Present,Clear,No,0,0,6
Yes,18.0,No,Unknown,C: Possible Injury,Female,Charlotte,Mecklenburg,No,Tuesday,Crossing Paths - Other Circumstances,13.0,June,Signalized Intersection - Other / Unknown,2010,30.0,No,O: No Injury,Female,Sport Utility,No,35.1720053,-80.85127341,Dry,5 - 15 MPH,Stop And Go Signal,Clear,No,0,0,6
No,18.0,No,Facing Traffic,B: Suspected Minor Injury,Male,Henderson,Vance,No,Tuesday,Bicyclist Failed to Yield - Signalized Intersection,8.0,April,Bicyclist Ride Through - Signalized Intersection,2010,65.0,No,O: No Injury,Male,Pickup,No,36.32961921,-78.39917151,Dry,30 - 35  MPH,Flashing Signal With Stop Sign,Clear,No,0,0,4
Yes,54.0,Yes,With Traffic,K: Killed,Male,None - Rural Crash,Alamance,Yes,Saturday,Motorist Overtaking Bicyclist,23.0,May,Motorist Overtaking - Other / Unknown,2010,43.0,Yes,O: No Injury,Male,Pickup,No,36.22909725,-79.29632119,Dry,50 - 55  MPH,No Control Present,"Fog, Smog, Smoke",No,0,0,5
Yes,21.0,No,Facing Traffic,B: Suspected Minor Injury,Male,Fayetteville,Cumberland,No,Wednesday,Head-On,16.0,June,Head-On - Bicyclist,2010,33.0,No,O: No Injury,Female,Passenger Car,No,35.08494396,-78.88309286,Dry,40 - 45  MPH,No Control Present,Clear,No,0,0,6
No,13.0,No,With Traffic,C: Possible Injury,Female,Charlotte,Mecklenburg,No,Friday,Bicyclist Right Turn / Merge,18.0,June,Bicyclist Right Turn - Same Direction,2010,33.0,No,O: No Injury,Female,Passenger Car,No,35.27225089,-80.95017071,Dry,20 - 25  MPH,No Control Present,Clear,No,0,0,6
No,32.52649525389365,Missing,With Traffic,Unknown Injury,Unknown,Kannapolis,Rowan,No,Saturday,Bicyclist Overtaking Motorist,17.0,June,Bicyclist Overtaking - Parked Vehicle,2010,42.03850604944766,Missing,Unknown Injury,Unknown,Unknown,Yes,35.5093389,-80.62393454,Dry,30 - 35  MPH,No Control Present,Cloudy,No,1,1,6
Yes,31.0,No,Facing Traffic,C: Possible Injury,Female,Greensboro,Guilford,No,Monday,Motorist Failed to Yield - Sign-Controlled Intersection,17.0,June,Motorist Drive Out - Sign-Controlled Intersection,2010,48.0,No,O: No Injury,Male,Passenger Car,No,36.0897043,-79.82723738,Dry,30 - 35  MPH,Stop Sign,Clear,No,0,0,6
No,13.0,No,With Traffic,C: Possible Injury,Male,Greensboro,Guilford,No,Monday,Crossing Paths - Other Circumstances,21.0,June,Signalized Intersection - Other / Unknown,2010,63.0,No,O: No Injury,Male,Passenger Car,No,36.03314699,-79.85014317,Dry,30 - 35  MPH,Stop And Go Signal,Clear,No,0,0,6
Yes,69.0,No,With Traffic,B: Suspected Minor Injury,Male,Charlotte,Mecklenburg,No,Monday,Bicyclist Left Turn / Merge,18.0,June,Bicyclist Left Turn - Same Direction,2010,21.0,No,O: No Injury,Male,Passenger Car,No,35.19524372,-80.85143461,Dry,30 - 35  MPH,Stop And Go Signal,Clear,No,0,0,6
Yes,32.0,No,With Traffic,B: Suspected Minor Injury,Male,High Point,Guilford,No,Thursday,Motorist Overtaking Bicyclist,17.0,June,Motorist Overtaking - Other / Unknown,2010,42.03850604944766,Missing,Unknown Injury,Unknown,Passenger Car,Yes,35.94415057,-80.02344398,Dry,30 - 35  MPH,No Control Present,Clear,No,1,0,6
Yes,8.0,No,With Traffic,A: Suspected Serious Injury,Female,Charlotte,Mecklenburg,No,Wednesday,Bicyclist Failed to Yield - Sign-Controlled Intersection,14.0,June,Bicyclist Ride Through - Sign-Controlled Intersection,2010,27.0,No,O: No Injury,Male,"Single Unit Truck (2-Axle, 6-Tire)",No,35.1705086,-80.90013651,Dry,30 - 35  MPH,Stop Sign,Clear,No,0,0,6
Yes,18.0,No,With Traffic,C: Possible Injury,Male,Durham,Durham,No,Wednesday,Crossing Paths - Other Circumstances,17.0,June,Crossing Paths - Intersection - Other / Unknown,2010,25.0,No,O: No Injury,Male,Passenger Car,No,36.0121842,-78.9056651,Wet,20 - 25  MPH,No Control Present,Cloudy,No,0,0,6
Yes,22.0,No,With Traffic,Unknown Injury,Male,Holly Springs,Wake,No,Saturday,Motorist Left Turn / Merge,10.0,June,Motorist Left Turn - Opposite Direction,2010,18.0,No,O: No Injury,Male,Passenger Car,No,35.65490496,-78.83032431,Dry,20 - 25  MPH,No Control Present,Clear,No,0,0,6
Yes,76.0,No,With Traffic,O: No Injury,Male,None - Rural Crash,Buncombe,No,Saturday,Motorist Overtaking Bicyclist,12.0,June,Motorist Overtaking - Other / Unknown,2010,43.0,Unknown,Unknown Injury,Male,Passenger Car,Yes,35.75848728,-82.56606385,Dry,40 - 45  MPH,"Double Yellow Line, No Passing Zone",Clear,No,0,0,6
No,26.0,No,With Traffic,A: Suspected Serious Injury,Male,Charlotte,Mecklenburg,Yes,Tuesday,Other / Unknown - Insufficient Details,0.0,May,Unknown Approach Paths,2009,22.0,Yes,O: No Injury,Female,Sport Utility,No,35.223717,-80.83909,Dry,30 - 35  MPH,Stop And Go Signal,Clear,No,0,0,5
No,40.0,No,With Traffic,O: No Injury,Male,Charlotte,Mecklenburg,No,Sunday,Other / Unusual Circumstances,11.0,June,Motorist Intentionally Caused,2010,42.03850604944766,Missing,Unknown Injury,Unknown,Unknown,Yes,35.08754278,-80.81177485,Dry,40 - 45  MPH,Stop And Go Signal,Clear,No,1,0,6
Yes,52.0,No,With Traffic,O: No Injury,Male,None - Rural Crash,Robeson,No,Sunday,Parallel Paths - Other Circumstances,14.0,June,Parallel Paths - Other / Unknown,2010,16.0,No,O: No Injury,Male,Passenger Car,No,34.88424531,-79.07945895,Dry,50 - 55  MPH,No Control Present,Clear,No,0,0,6
No,20.0,No,Facing Traffic,C: Possible Injury,Male,Charlotte,Mecklenburg,No,Monday,Loss of Control / Turning Error,17.0,June,Bicyclist Lost Control - Mechanical Problems,2010,72.0,No,O: No Injury,Female,Passenger Car,No,35.23322541,-80.82132306,Dry,30 - 35  MPH,No Control Present,Clear,No,0,0,6
Yes,22.0,No,Facing Traffic,B: Suspected Minor Injury,Female,Charlotte,Mecklenburg,No,Monday,Motorist Failed to Yield - Midblock,10.0,June,Motorist Drive Out - Residential Driveway,2010,41.0,No,O: No Injury,Female,Sport Utility,No,35.16642078,-80.8033928,Dry,Unknown,No Control Present,Clear,No,0,0,6
Yes,23.0,No,With Traffic,B: Suspected Minor Injury,Male,Norwood,Stanly,No,Tuesday,Bicyclist Right Turn / Merge,12.0,June,Bicyclist Right Turn - Same Direction,2010,66.0,No,O: No Injury,Male,Pickup,No,35.2451541,-80.12565025,Dry,40 - 45  MPH,No Control Present,Clear,No,0,0,6
Yes,51.0,No,With Traffic,B: Suspected Minor Injury,Male,Cary,Wake,No,Monday,Loss of Control / Turning Error,12.0,June,Motorist Turning Error - Left Turn,2010,44.0,No,O: No Injury,Male,Passenger Car,No,35.78452827,-78.85623419,Dry,30 - 35  MPH,Stop Sign,Clear,No,0,0,6
Yes,32.52649525389365,No,Unknown,C: Possible Injury,Male,Charlotte,Mecklenburg,No,Thursday,Other / Unknown - Insufficient Details,19.0,May,Unknown Approach Paths,2009,44.0,No,O: No Injury,Male,Passenger Car,No,35.216057,-80.88382,Dry,5 - 15 MPH,Stop And Go Signal,Clear,No,0,1,5
Yes,52.0,No,Facing Traffic,B: Suspected Minor Injury,Female,Greensboro,Guilford,No,Monday,Motorist Failed to Yield - Sign-Controlled Intersection,15.0,July,Motorist Drive Out - Sign-Controlled Intersection,2009,28.0,No,O: No Injury,Female,Sport Utility,No,36.020294,-79.82413,Dry,30 - 35  MPH,Human Control,Cloudy,No,0,0,7
Yes,54.0,No,With Traffic,B: Suspected Minor Injury,Male,Greensboro,Guilford,No,Sunday,Motorist Failed to Yield - Sign-Controlled Intersection,12.0,June,Motorist Drive Out - Sign-Controlled Intersection,2010,27.0,No,O: No Injury,Male,Passenger Car,No,36.13604029,-79.8210305,Dry,30 - 35  MPH,Stop Sign,Clear,No,0,0,6
No,41.0,No,With Traffic,C: Possible Injury,Male,Midway,Davidson,No,Monday,Motorist Failed to Yield - Sign-Controlled Intersection,13.0,June,Motorist Drive Out - Sign-Controlled Intersection,2010,66.0,No,O: No Injury,Female,Passenger Car,No,35.97560537,-80.24883715,Dry,40 - 45  MPH,Stop Sign,Clear,No,0,0,6
Yes,73.0,No,Facing Traffic,C: Possible Injury,Male,Fayetteville,Cumberland,No,Thursday,Motorist Failed to Yield - Sign-Controlled Intersection,12.0,May,Motorist Drive Out - Sign-Controlled Intersection,2010,31.0,No,O: No Injury,Female,Passenger Car,No,35.0595975,-78.91029453,Dry,5 - 15 MPH,Stop Sign,Clear,No,0,0,5
Yes,24.0,No,With Traffic,C: Possible Injury,Female,Durham,Durham,No,Tuesday,Crossing Paths - Other Circumstances,21.0,June,Sign-Controlled Intersection - Other / Unknown,2010,35.0,No,O: No Injury,Female,Passenger Car,No,36.00994614,-78.92087293,Dry,20 - 25  MPH,Stop Sign,Clear,No,0,0,6