AmbulanceR,BikeAge,BikeAlcFlg,BikeDir,BikeInjury,BikeSex,City,County,CrashAlcoh,CrashDay,CrashGrp,CrashHour,CrashMonth,CrashType,CrashYear,DrvrAge,DrvrAlcFlg,DrvrInjury,DrvrSex,DrvrVehTyp,HitRun,Latitude,Longitude,RdConditio,SpeedLimit,TraffCntrl,Weather,Workzone,DrvrAgeImputedFlag,BikeAgeImputedFlag,MonthCode
No,32.52649525389365,Missing,Facing Traffic,Unknown Injury,Unknown,Charlotte,Mecklenburg,No,Wednesday,Crossing Paths - Other Circumstances,15.0,June,Crossing Paths - Uncontrolled Intersection,2010,21.0,No,O: No Injury,Male,Passenger Car,No,35.22805643,-80.73897436,Dry,20 - 25  MPH,No Control Present,Clear,No,0,1,6
Yes,62.0,No,With Traffic,B: Suspected Minor Injury,Male,Lumberton,Robeson,No,Friday,Motorist Failed to Yield - Sign-Controlled Intersection,8.0,June,Motorist Drive Out - Sign-Controlled Intersection,2010,49.0,No,O: No Injury,Male,Pickup,No,34.66005285,-79.02712629,Dry,40 - 45  MPH,No Control Present,Clear,No,0,0,6
No,48.0,No,With Traffic,B: Suspected Minor Injury,Male,Fayetteville,Cumberland,No,Tuesday,Parallel Paths - Other Circumstances,6.0,June,Parallel Paths - Other / Unknown,2010,42.03850604944766,Missing,Unknown Injury,Unknown,Unknown,Yes,35.10790604,-78.87897724,Dry,Unknown,No Control Present,Clear,No,1,0,6
Yes,7.0,No,With Traffic,O: No Injury,Female,Hickory,Catawba,No,Thursday,Bicyclist Failed to Yield - Sign-Controlled Intersection,20.0,June,Bicyclist Ride Through - Sign-Controlled Intersection,2010,24.0,No,O: No Injury,Male,Passenger Car,No,35.72625319,-81.35355675,Dry,30 - 35  MPH,Stop Sign,Clear,No,0,0,6
Yes,53.0,No,Facing Traffic,B: Suspected Minor Injury,Male,Durham,Durham,No,Monday,Bicyclist Failed to Yield - Sign-Controlled Intersection,17.0,June,Bicyclist Ride Out - Sign-Controlled Intersection,2010,55.0,No,O: No Injury,Male,Passenger Car,No,35.99054069,-78.89605227,Dry,30 - 35  MPH,Stop Sign,Clear,No,0,0,6
Yes,14.0,No,With Traffic,B: Suspected Minor Injury,Male,None - Rural Crash,Brunswick,No,Wednesday,Motorist Overtaking Bicyclist,21.0,June,Motorist Overtaking - Bicyclist Swerved,2010,27.0,No,O: No Injury,Male,Police,No,34.09034769,-78.12835286,Wet,50 - 55  MPH,No Control Present,Cloudy,No,0,0,6
No,24.0,No,Facing Traffic,C: Possible Injury,Male,Charlotte,Mecklenburg,No,Friday,Motorist Left Turn / Merge,11.0,May,Motorist Left Turn - Opposite Direction,2009,55.0,No,O: No Injury,Male,Passenger Car,No,35.152557,-80.87632,Dry,30 - 35  MPH,Stop And Go Signal,Clear,No,0,0,5
No,44.0,No,With Traffic,B: Suspected Minor Injury,Male,Charlotte,Mecklenburg,No,Saturday,Motorist Right Turn / Merge,13.0,May,Motorist Right Turn - Same Direction,2009,21.0,No,O: No Injury,Female,Sport Utility,No,35.20066,-80.843,Dry,30 - 35  MPH,No Control Present,Clear,No,0,0,5
Yes,12.0,No,Not Applicable,B: Suspected Minor Injury,Male,Charlotte,Mecklenburg,No,Monday,Bicyclist Failed to Yield - Signalized Intersection,16.0,June,Bicyclist Failed to Clear - Unknown,2010,19.0,No,O: No Injury,Female,Passenger Car,No,35.1546114,-80.79490035,Dry,30 - 35  MPH,Stop And Go Signal,Clear,No,0,0,6
Yes,44.0,No,Facing Traffic,B: Suspected Minor Injury,Female,Emerald Isle,Carteret,No,Friday,Motorist Left Turn / Merge,9.0,June,Motorist Left Turn - Opposite Direction,2010,25.0,No,O: No Injury,Male,Passenger Car,No,34.66111095,-77.05265159,Dry,20 - 25  MPH,No Control Present,Clear,No,0,0,6
No,14.0,No,With Traffic,O: No Injury,Male,Hickory,Catawba,No,Sunday,Bicyclist Overtaking Motorist,19.0,June,Bicyclist Overtaking - Other / Unknown,2010,64.0,Unknown,O: No Injury,Male,Van,No,35.72821017,-81.33777987,Dry,30 - 35  MPH,No Control Present,Clear,No,0,0,6
Yes,2.0,No,Not Applicable,B: Suspected Minor Injury,Male,Durham,Durham,No,Thursday,Bicyclist Failed to Yield - Midblock,17.0,July,Bicyclist Ride Out - Residential Driveway,2010,44.0,No,O: No Injury,Male,Van,No,36.00905197,-78.90565678,Dry,30 - 35  MPH,No Control Present,Clear,No,0,0,7
Yes,12.0,No,With Traffic,B: Suspected Minor Injury,Male,None - Rural Crash,Iredell,No,Friday,Bicyclist Left Turn / Merge,15.0,July,Bicyclist Left Turn - Same Direction,2010,76.0,No,O: No Injury,Female,Passenger Car,No,36.01159691,-80.96157425,Dry,50 - 55  MPH,"Double Yellow Line, No Passing Zone",Clear,No,0,0,7
Yes,45.0,No,With Traffic,B: Suspected Minor Injury,Male,None - Rural Crash,Dare,Yes,Thursday,Motorist Right Turn / Merge,16.0,July,Motorist Right Turn - Same Direction,2010,49.0,Yes,O: No Injury,Male,Sport Utility,No,35.16909037,-75.81569852,Dry,50 - 55  MPH,No Control Present,Clear,No,0,0,7
Yes,57.0,Yes,With Traffic,B: Suspected Minor Injury,Male,None - Rural Crash,Sampson,Yes,Friday,Motorist Overtaking Bicyclist,16.0,July,Motorist Overtaking - Bicyclist Swerved,2010,34.0,No,O: No Injury,Male,Passenger Car,No,35.03328724,-78.3188648,Dry,40 - 45  MPH,"Double Yellow Line, No Passing Zone",Clear,No,0,0,7
No,28.0,No,With Traffic,B: Suspected Minor Injury,Male,Summerfield,Guilford,No,Friday,Motorist Failed to Yield - Sign-Controlled Intersection,9.0,July,Motorist Drive Out - Sign-Controlled Intersection,2010,68.0,No,O: No Injury,Male,Passenger Car,No,36.16831027,-79.94546313,Dry,40 - 45  MPH,Stop Sign,Clear,No,0,0,7
Yes,13.0,No,With Traffic,B: Suspected Minor Injury,Male,None - Rural Crash,Harnett,No,Friday,Bicyclist Left Turn / Merge,10.0,July,Bicyclist Left Turn - Same Direction,2010,48.0,No,O: No Injury,Female,Passenger Car,No,35.3123146,-79.04311417,Dry,40 - 45  MPH,"Double Yellow Line, No Passing Zone",Clear,No,0,0,7
Yes,38.0,No,With Traffic,B: Suspected Minor Injury,Male,Durham,Durham,No,Saturday,Bicyclist Overtaking Motorist,16.0,July,Bicyclist Overtaking - Other / Unknown,2010,47.0,No,O: No Injury,Male,Passenger Car,No,35.99294488,-78.87036209,Dry,30 - 35  MPH,No Control Present,Clear,No,0,0,7
No,52.0,No,With Traffic,C: Possible Injury,Female,Durham,Durham,No,Sunday,Motorist Overtaking Bicyclist,18.0,July,Motorist Overtaking - Misjudged Space,2010,55.0,No,O: No Injury,Female,Passenger Car,No,36.07805926,-78.92284008,Dry,30 - 35  MPH,No Control Present,Clear,No,0,0,7
Yes,39.0,No,With Traffic,B: Suspected Minor Injury,Male,None - Rural Crash,Wake,No,Monday,Motorist Overtaking Bicyclist,19.0,July,Motorist Overtaking - Undetected Bicyclist,2010,27.0,No,O: No Injury,Male,Van,No,35.65210806,-78.65875794,Dry,40 - 45  MPH,No Control Present,Clear,No,0,0,7
Yes,17.0,No,With Traffic,B: Suspected Minor Injury,Male,Raleigh,Wake,No,Friday,Bicyclist Left Turn / Merge,19.0,May,Bicyclist Left Turn - Same Direction,2010,42.03850604944766,Missing,Unknown Injury,Unknown,Unknown,Yes,35.77918435,-78.61789125,Dry,30 - 35  MPH,No Control Present,Clear,No,1,0,5
Yes,39.0,No,With Traffic,B: Suspected Minor Injury,Male,Raleigh,Wake,No,Friday,Bicyclist Overtaking Motorist,20.0,June,Bicyclist Overtaking - Extended Door,2010,58.0,No,O: No Injury,Male,Passenger Car,No,35.77705801,-78.64429552,Dry,30 - 35  MPH,No Control Present,Clear,No,0,0,6
No,54.0,No,With Traffic,O: No Injury,Male,Raleigh,Wake,No,Wednesday,Motorist Failed to Yield - Midblock,13.0,June,Motorist Drive Out - Commercial Driveway / Alley,2010,29.0,No,O: No Injury,Female,Passenger Car,No,35.78862703,-78.6467494,Dry,20 - 25  MPH,No Control Present,Clear,No,0,0,6
Yes,33.0,No,With Traffic,B: Suspected Minor Injury,Male,Raleigh,Wake,No,Tuesday,Bicyclist Failed to Yield - Signalized Intersection,17.0,June,Bicyclist Ride Through - Signalized Intersection,2010,58.0,No,O: No Injury,Male,Passenger Car,No,35.7957188,-78.65297627,Wet,30 - 35  MPH,Stop And Go Signal,Rain,No,0,0,6
No,36.0,No,With Traffic,B: Suspected Minor Injury,Male,Raleigh,Wake,No,Tuesday,Motorist Overtaking Bicyclist,18.0,June,Motorist Overtaking - Misjudged Space,2010,42.03850604944766,Missing,Unknown Injury,Unknown,Unknown,Yes,35.82613773,-78.70492042,Dry,40 - 45  MPH,Stop And Go Signal,Clear,No,1,0,6
No,16.0,No,Facing Traffic,O: No Injury,Male,Raleigh,Wake,No,Wednesday,Bicyclist Failed to Yield - Sign-Controlled Intersection,5.0,June,Bicyclist Ride Through - Sign-Controlled Intersection,2010,29.0,No,O: No Injury,Male,Passenger Car,No,35.79370525,-78.54879483,Dry,40 - 45  MPH,Stop And Go Signal,Clear,No,0,0,6
No,12.0,No,Facing Traffic,O: No Injury,Male,Cary,Wake,No,Thursday,Motorist Failed to Yield - Sign-Controlled Intersection,14.0,July,Motorist Drive Out - Sign-Controlled Intersection,2010,42.03850604944766,Missing,Unknown Injury,Unknown,Passenger Car,Yes,35.78835349,-78.82972282,Dry,40 - 45  MPH,Stop Sign,Clear,No,1,0,7
Yes,28.0,No,With Traffic,C: Possible Injury,Male,Charlotte,Mecklenburg,No,Tuesday,Bicyclist Failed to Yield - Sign-Controlled Intersection,11.0,June,Bicyclist Ride Through - Sign-Controlled Intersection,2010,28.0,No,O: No Injury,Female,Passenger Car,No,35.23750142,-80.89051167,Dry,30 - 35  MPH,Stop Sign,Clear,No,0,0,6
No,15.0,No,Not Applicable,B: Suspected Minor Injury,Male,Charlotte,Mecklenburg,No,Tuesday,Non-Roadway,19.0,June,Non-Roadway,2010,42.03850604944766,Missing,Unknown Injury,Unknown,Passenger Car,Yes,35.13810391,-80.73939767,Dry,5 - 15 MPH,No Control Present,Clear,No,1,0,6
Yes,59.0,No,With Traffic,B: Suspected Minor Injury,Male,Kinston,Lenoir,No,Sunday,Motorist Failed to Yield - Sign-Controlled Intersection,21.0,July,Motorist Drive Out - Sign-Controlled Intersection,2010,64.0,No,O: No Injury,Female,Passenger Car,No,35.25727595,-77.57022308,Dry,30 - 35  MPH,Stop Sign,Clear,No,0,0,7
Yes,16.0,No,With Traffic,K: Killed,Male,None - Rural Crash,Pitt,No,Monday,Bicyclist Left Turn / Merge,13.0,June,Bicyclist Left Turn - Same Direction,2010,23.0,No,O: No Injury,Male,Passenger Car,No,35.69210532,-77.44912902,Dry,50 - 55  MPH,No Control Present,Clear,No,0,0,6
Yes,41.0,No,With Traffic,A: Suspected Serious Injury,Male,Winston-Salem,Forsyth,No,Sunday,Motorist Left Turn / Merge,19.0,June,Motorist Left Turn - Opposite Direction,2010,41.0,No,O: No Injury,Female,Passenger Car,No,36.09352804,-80.37628851,Dry,30 - 35  MPH,Stop And Go Signal,Clear,No,0,0,6
Yes,22.0,No,Facing Traffic,C: Possible Injury,Male,Wilmington,New Hanover,No,Thursday,Motorist Failed to Yield - Midblock,8.0,June,Motorist Drive Out - Commercial Driveway / Alley,2010,21.0,No,O: No Injury,Female,Passenger Car,No,34.23326691,-77.87034297,Dry,20 - 25  MPH,No Control Present,Clear,No,0,0,6
Yes,33.0,No,Facing Traffic,B: Suspected Minor Injury,Male,Smithfield,Johnston,No,Friday,Motorist Failed to Yield - Midblock,16.0,June,Motorist Drive Out - Midblock - Unknown,2010,46.0,No,O: No Injury,Male,Passenger Car,No,35.51857393,-78.31682233,Dry,Unknown,No Control Present,Clear,No,0,0,6
No,17.0,No,Not Applicable,C: Possible Injury,Male,Charlotte,Mecklenburg,No,Friday,Bicyclist Failed to Yield - Midblock,11.0,June,Bicyclist Ride Out - Commercial Driveway / Alley,2010,72.0,No,O: No Injury,Male,Van,No,35.25008608,-80.77881883,Dry,30 - 35  MPH,No Control Present,Clear,No,0,0,6
Yes,44.0,No,With Traffic,B: Suspected Minor Injury,Male,None - Rural Crash,Pitt,No,Thursday,Motorist Overtaking Bicyclist,12.0,July,Motorist Overtaking - Misjudged Space,2010,80.0,No,O: No Injury,Male,Pickup,No,35.54248741,-77.54495236,Dry,50 - 55  MPH,"Double Yellow Line, No Passing Zone",Clear,No,0,0,7
No,11.0,No,Facing Traffic,C: Possible Injury,Male,Greensboro,Guilford,No,Wednesday,Motorist Failed to Yield - Midblock,19.0,June,Motorist Drive Out - Commercial Driveway / Alley,2010,40.0,No,O: No Injury,Female,Passenger Car,No,36.04895216,-79.83523485,Dry,30 - 35  MPH,No Control Present,Clear,No,0,0,6
Yes,24.0,Yes,With Traffic,B: Suspected Minor Injury,Male,Greensboro,Guilford,Yes,Saturday,Bicyclist Overtaking Motorist,2.0,June,Bicyclist Overtaking - Parked Vehicle,2010,42.03850604944766,Missing,Unknown Injury,Unknown,Sport Utility,No,36.06965802,-79.79168501,Dry,20 - 25  MPH,No Control Present,Clear,No,1,0,6
Yes,35.0,No,With Traffic,B: Suspected Minor Injury,Male,Greensboro,Guilford,No,Sunday,Bicyclist Failed to Yield - Signalized Intersection,23.0,July,Bicyclist Ride Out - Signalized  Intersection,2010,43.0,No,O: No Injury,Female,Passenger Car,No,36.1027816,-79.78785721,Dry,30 - 35  MPH,Stop And Go Signal,Clear,No,0,0,7
No,17.0,No,With Traffic,B: Suspected Minor Injury,Female,Concord,Cabarrus,No,Tuesday,Bicyclist Left Turn / Merge,12.0,June,Bicyclist Left Turn - Same Direction,2010,42.03850604944766,Missing,Unknown Injury,Unknown,Unknown,Yes,35.39140353,-80.59365052,Dry,30 - 35  MPH,Stop Sign,Clear,No,1,0,6
Yes,81.0,No,With Traffic,C: Possible Injury,Male,None - Rural Crash,Avery,No,Friday,Motorist Overtaking Bicyclist,13.0,July,Motorist Overtaking - Misjudged Space,2010,25.0,No,O: No Injury,Female,Sport Utility,No,36.00977251,-81.89400055,Dry,50 - 55  MPH,"Double Yellow Line, No Passing Zone",Clear,No,0,0,7
Yes,60.0,No,Facing Traffic,B: Suspected Minor Injury,Male,Asheville,Buncombe,No,Thursday,Head-On,10.0,July,Head-On - Bicyclist,2010,43.0,No,O: No Injury,Male,Sport Utility,No,35.58880783,-82.55064092,Dry,40 - 45  MPH,"Double Yellow Line, No Passing Zone",Clear,No,0,0,7
No,32.0,Unknown,Facing Traffic,O: No Injury,Male,Hickory,Catawba,No,Friday,Motorist Failed to Yield - Midblock,13.0,July,Motorist Drive Out - Commercial Driveway / Alley,2010,49.0,No,O: No Injury,Female,Sport Utility,No,35.7200838,-81.31612395,Dry,Unknown,No Control Present,Clear,No,0,0,7
Yes,29.0,No,Facing Traffic,C: Possible Injury,Male,Fayetteville,Cumberland,No,Wednesday,Motorist Failed to Yield - Midblock,15.0,July,Motorist Drive Out - Commercial Driveway / Alley,2010,29.0,No,O: No Injury,Female,Passenger Car,No,35.07147294,-78.96523919,Dry,30 - 35  MPH,No Control Present,Clear,No,0,0,7
No,19.0,No,With Traffic,O: No Injury,Male,Kill Devil Hills,Dare,No,Friday,Bicyclist Right Turn / Merge,21.0,June,Bicyclist Right Turn - Same Direction,2010,23.0,No,O: No Injury,Female,Sport Utility,No,36.00080524,-75.65307632,Dry,50 - 55  MPH,No Control Present,Clear,No,0,0,6
No,29.0,No,Unknown,Unknown Injury,Female,Kinston,Lenoir,No,Thursday,Other / Unknown - Insufficient Details,6.0,July,Unknown Approach Paths,2010,42.03850604944766,Missing,Unknown Injury,Unknown,Passenger Car,Yes,35.27724088,-77.57973632,Dry,30 - 35  MPH,No Control Present,Clear,No,1,0,7
Yes,8.0,No,Unknown,C: Possible Injury,Male,Charlotte,Mecklenburg,No,Friday,Bicyclist Failed to Yield - Midblock,19.0,April,Bicyclist Ride Out - Midblock - Unknown,2009,68.0,No,O: No Injury,Male,Pickup,No,35.135017,-80.94292,Dry,20 - 25  MPH,No Control Present,Clear,No,0,0,4
Yes,63.0,No,Facing Traffic,B: Suspected Minor Injury,Male,Weddington,Union,No,Wednesday,Motorist Failed to Yield - Sign-Controlled Intersection,16.0,July,Motorist Drive Out - Sign-Controlled Intersection,2010,18.0,No,O: No Injury,Female,Passenger Car,No,35.0261414,-80.76284824,Dry,Unknown,Stop Sign,Clear,No,0,0,7
Yes,17.0,No,Facing Traffic,B: Suspected Minor Injury,Female,None - Rural Crash,Martin,No,Friday,Head-On,16.0,July,Head-On - Bicyclist,2010,61.0,No,O: No Injury,Female,Van,No,35.77876926,-77.11418291,Dry,50 - 55  MPH,Yield Sign,Clear,No,0,0,7
No,51.0,No,With Traffic,C: Possible Injury,Female,None - Rural Crash,Orange,No,Tuesday,Motorist Failed to Yield - Sign-Controlled Intersection,10.0,June,Motorist Drive Out - Sign-Controlled Intersection,2010,78.0,No,O: No Injury,Male,Passenger Car,No,36.05635806,-79.04973088,Dry,50 - 55  MPH,Stop Sign,Clear,No,0,0,6
Yes,15.0,No,Not Applicable,B: Suspected Minor Injury,Male,High Point,Guilford,No,Tuesday,Non-Roadway,15.0,July,Non-Roadway,2010,75.0,No,O: No Injury,Female,Pickup,No,35.98165263,-79.9781663,Dry,5 - 15 MPH,No Control Present,Clear,No,0,0,7
Yes,21.0,No,Not Applicable,B: Suspected Minor Injury,Male,Charlotte,Mecklenburg,No,Tuesday,Bicyclist Failed to Yield - Sign-Controlled Intersection,9.0,June,Bicyclist Ride Out - Sign-Controlled Intersection,2010,53.0,No,O: No Injury,Male,Van,No,35.11972373,-80.88116951,Dry,40 - 45  MPH,Stop And Go Signal,Clear,No,0,0,6
Yes,35.0,No,With Traffic,B: Suspected Minor Injury,Male,Holly Springs,Wake,No,Sunday,Motorist Right Turn / Merge,13.0,July,Motorist Right Turn - Same Direction,2010,42.03850604944766,Unknown,Unknown Injury,Unknown,Sport Utility,Yes,35.63167945,-78.85610741,Dry,30 - 35  MPH,No Control Present,Clear,No,1,0,7
Yes,20.0,No,Facing Traffic,B: Suspected Minor Injury,Female,Kill Devil Hills,Dare,No,Thursday,Motorist Failed to Yield - Midblock,15.0,July,Motorist Drive Out - Commercial Driveway / Alley,2010,78.0,No,O: No Injury,Male,Sport Utility,No,36.03827908,-75.67570155,Dry,Unknown,No Control Present,Clear,No,0,0,7
Yes,47.0,Unknown,Unknown,B: Suspected Minor Injury,Male,Charlotte,Mecklenburg,No,Saturday,Other / Unknown - Insufficient Details,23.0,July,Unknown Approach Paths,2010,42.03850604944766,Missing,Unknown Injury,Unknown,Unknown,Yes,35.24649055,-80.75238457,Dry,30 - 35  MPH,No Control Present,Clear,No,1,0,7
Yes,14.0,No,Facing Traffic,C: Possible Injury,Male,Monroe,Union,No,Saturday,Head-On,14.0,July,Head-On - Bicyclist,2010,42.03850604944766,Missing,Unknown Injury,Unknown,Unknown,Yes,34.97497169,-80.54008795,Dry,Unknown,Stop Sign,Clear,No,1,0,7
Yes,6.0,No,Not Applicable,O: No Injury,Male,Durham,Durham,No,Friday,Bicyclist Failed to Yield - Midblock,20.0,June,Bicyclist Ride Out - Residential Driveway,2010,17.0,No,O: No Injury,Male,Passenger Car,No,36.01932133,-78.85174528,Dry,20 - 25  MPH,No Control Present,Clear,No,0,0,6
Yes,10.0,No,With Traffic,B: Suspected Minor Injury,Female,Charlotte,Mecklenburg,No,Tuesday,Motorist Overtaking Bicyclist,18.0,June,Motorist Overtaking - Bicyclist Swerved,2010,59.0,No,O: No Injury,Female,Passenger Car,No,35.16010461,-80.95165648,Dry,40 - 45  MPH,No Control Present,Cloudy,No,0,0,6
Yes,17.0,No,With Traffic,B: Suspected Minor Injury,Male,None - Rural Crash,Clay,No,Thursday,Bicyclist Failed to Yield - Sign-Controlled Intersection,15.0,July,Bicyclist Ride Through - Sign-Controlled Intersection,2010,17.0,No,O: No Injury,Female,Passenger Car,No,34.99031585,-83.91248578,Dry,30 - 35  MPH,Stop Sign,Clear,No,0,0,7
Yes,49.0,No,With Traffic,B: Suspected Minor Injury,Female,None - Rural Crash,Buncombe,No,Wednesday,Motorist Overtaking Bicyclist,6.0,July,Motorist Overtaking - Misjudged Space,2010,37.0,No,O: No Injury,Female,Passenger Car,No,35.60342417,-82.55310855,Dry,30 - 35  MPH,No Control Present,Clear,No,0,0,7
Yes,28.0,No,Facing Traffic,C: Possible Injury,Male,Wilmington,New Hanover,No,Monday,Motorist Failed to Yield - Sign-Controlled Intersection,16.0,July,Motorist Drive Out - Sign-Controlled Intersection,2010,28.0,Unknown,Unknown Injury,Male,Passenger Car,Yes,34.23821066,-77.89483295,Dry,20 - 25  MPH,No Control Present,Cloudy,No,0,0,7
Yes,55.0,No,With Traffic,B: Suspected Minor Injury,Female,Wilmington,New Hanover,No,Thursday,Bicyclist Failed to Yield - Signalized Intersection,14.0,July,Bicyclist Ride Through - Signalized Intersection,2010,50.0,No,O: No Injury,Female,Van,No,34.23872813,-77.8283788,Dry,40 - 45  MPH,Stop And Go Signal,Clear,No,0,0,7
Yes,49.0,No,With Traffic,B: Suspected Minor Injury,Male,Selma,Johnston,No,Thursday,Motorist Overtaking Bicyclist,8.0,July,Motorist Overtaking - Misjudged Space,2010,24.0,No,O: No Injury,Female,Sport Utility,No,35.51651369,-78.29676696,Dry,40 - 45  MPH,No Control Present,Clear,No,0,0,7
No,10.0,No,Not Applicable,Unknown Injury,Male,Durham,Durham,No,Saturday,Bicyclist Failed to Yield - Midblock,16.0,July,Bicyclist Ride Out - Other Midblock,2010,42.03850604944766,Missing,Unknown Injury,Unknown,Unknown,Yes,35.93679914,-78.89965216,Dry,5 - 15 MPH,No Control Present,Clear,No,1,0,7
Yes,52.0,Yes,With Traffic,B: Suspected Minor Injury,Male,Charlotte,Mecklenburg,Yes,Sunday,Motorist Overtaking Bicyclist,8.0,July,Motorist Overtaking - Misjudged Space,2010,42.03850604944766,Missing,Unknown Injury,Unknown,Unknown,Yes,35.26538726,-80.88387557,Dry,30 - 35  MPH,No Control Present,Clear,No,1,0,7
Yes,32.52649525389365,No,Facing Traffic,B: Suspected Minor Injury,Male,Statesville,Iredell,No,Tuesday,Bicyclist Right Turn / Merge,22.0,July,Bicyclist Right Turn - Opposite Direction,2010,19.0,No,O: No Injury,Male,Passenger Car,No,35.79818704,-80.83235407,Dry,Unknown,No Control Present,Clear,No,0,1,7
No,16.0,No,With Traffic,C: Possible Injury,Male,Charlotte,Mecklenburg,No,Sunday,Motorist Left Turn / Merge,16.0,March,Motorist Left Turn - Opposite Direction,2009,44.0,No,O: No Injury,Female,Passenger Car,Yes,35.21068,-80.90493,Dry,40 - 45  MPH,No Control Present,Clear,No,0,0,3
Yes,50.0,No,With Traffic,A: Suspected Serious Injury,Male,Charlotte,Mecklenburg,No,Friday,Motorist Right Turn / Merge,12.0,March,Motorist Right Turn - Same Direction,2009,39.0,No,O: No Injury,Male,Sport Utility,No,35.15543,-80.74819,Wet,40 - 45  MPH,Stop Sign,Rain,No,0,0,3
No,35.0,Yes,With Traffic,B: Suspected Minor Injury,Male,Charlotte,Mecklenburg,Yes,Sunday,Motorist Overtaking Bicyclist,20.0,March,Motorist Overtaking - Bicyclist Swerved,2009,30.0,No,O: No Injury,Male,Passenger Car,No,35.246716,-80.7524,Dry,30 - 35  MPH,Stop Sign,Clear,No,0,0,3
Yes,21.0,No,Not Applicable,C: Possible Injury,Male,Durham,Durham,No,Thursday,Non-Roadway,17.0,July,Non-Roadway,2010,49.0,No,O: No Injury,Female,Passenger Car,No,35.95209813,-78.90090667,Dry,20 - 25  MPH,No Control Present,Clear,No,0,0,7
Yes,61.0,No,Facing Traffic,B: Suspected Minor Injury,Male,Durham,Durham,No,Friday,Motorist Failed to Yield - Signalized Intersection,20.0,July,Motorist Drive Out - Right Turn on Red,2010,25.0,No,O: No Injury,Male,Pickup,No,35.98614439,-78.89868298,Dry,30 - 35  MPH,Stop And Go Signal,Clear,No,0,0,7
No,21.0,No,Facing Traffic,C: Possible Injury,Male,Raleigh,Wake,No,Friday,Motorist Failed to Yield - Sign-Controlled Intersection,19.0,July,Motorist Drive Out - Sign-Controlled Intersection,2010,32.0,No,O: No Injury,Female,Passenger Car,No,35.78349169,-78.65668308,Dry,30 - 35  MPH,Stop Sign,Clear,No,0,0,7
Yes,50.0,No,With Traffic,B: Suspected Minor Injury,Male,Raleigh,Wake,Yes,Sunday,Motorist Overtaking Bicyclist,9.0,July,Motorist Overtaking - Misjudged Space,2010,51.0,Yes,O: No Injury,Male,Passenger Car,Yes,35.83578701,-78.56943553,Dry,40 - 45  MPH,No Control Present,Clear,No,0,0,7
No,47.0,No,With Traffic,C: Possible Injury,Male,Raleigh,Wake,No,Sunday,Motorist Left Turn / Merge,20.0,July,Motorist Left Turn - Opposite Direction,2010,35.0,No,O: No Injury,Female,Passenger Car,Yes,35.76813847,-78.62271076,Dry,20 - 25  MPH,Stop Sign,Clear,No,0,0,7
Yes,30.0,No,Facing Traffic,C: Possible Injury,Female,Raleigh,Wake,No,Monday,Crossing Paths - Other Circumstances,17.0,June,Crossing Paths - Intersection - Other / Unknown,2010,33.0,No,O: No Injury,Female,Passenger Car,No,35.85001661,-78.58074967,Dry,40 - 45  MPH,Stop And Go Signal,Clear,No,0,0,6
No,24.0,No,With Traffic,O: No Injury,Male,Raleigh,Wake,No,Wednesday,Motorist Left Turn / Merge,16.0,June,Motorist Left Turn - Opposite Direction,2010,60.0,No,O: No Injury,Female,Passenger Car,No,35.7890565,-78.66236065,Dry,30 - 35  MPH,No Control Present,Clear,No,0,0,6
Yes,50.0,Yes,Facing Traffic,B: Suspected Minor Injury,Male,Salisbury,Rowan,Yes,Thursday,Motorist Failed to Yield - Sign-Controlled Intersection,17.0,July,Motorist Drive Out - Sign-Controlled Intersection,2010,24.0,No,O: No Injury,Female,Passenger Car,No,35.64688426,-80.45821391,Dry,30 - 35  MPH,Stop Sign,Clear,No,0,0,7
Yes,21.0,No,With Traffic,B: Suspected Minor Injury,Female,Raleigh,Wake,No,Monday,Motorist Overtaking Bicyclist,21.0,June,Motorist Overtaking - Misjudged Space,2010,22.0,No,O: No Injury,Female,Passenger Car,No,35.75987777,-78.7283232,Dry,40 - 45  MPH,No Control Present,Clear,No,0,0,6
Yes,40.0,Yes,With Traffic,B: Suspected Minor Injury,Male,Kitty Hawk,Dare,Yes,Saturday,Bicyclist Left Turn / Merge,21.0,June,Bicyclist Left Turn - Opposite Direction,2010,18.0,No,O: No Injury,Male,Sport Utility,No,36.07344796,-75.69810062,Dry,50 - 55  MPH,No Control Present,Clear,No,0,0,6
No,7.0,No,Not Applicable,B: Suspected Minor Injury,Male,Kitty Hawk,Dare,No,Sunday,Bicyclist Failed to Yield - Midblock,18.0,June,Bicyclist Ride Out - Residential Driveway,2010,21.0,No,O: No Injury,Female,Pickup,No,36.05923695,-75.7308948,Dry,20 - 25  MPH,No Control Present,Clear,No,0,0,6
Yes,19.0,No,Facing Traffic,B: Suspected Minor Injury,Female,Kitty Hawk,Dare,No,Monday,Motorist Failed to Yield - Midblock,15.0,June,Motorist Drive Out - Commercial Driveway / Alley,2010,18.0,No,O: No Injury,Male,Sport Utility,No,36.08876525,-75.7074457,Dry,50 - 55  MPH,No Control Present,Clear,No,0,0,6
Yes,15.0,No,With Traffic,B: Suspected Minor Injury,Male,None - Rural Crash,Pasquotank,No,Tuesday,Bicyclist Left Turn / Merge,9.0,July,Bicyclist Left Turn - Same Direction,2010,18.0,No,O: No Injury,Male,Passenger Car,No,36.27995963,-76.2601342,Dry,40 - 45  MPH,"Double Yellow Line, No Passing Zone",Clear,No,0,0,7