AmbulanceR,BikeAge,BikeAlcFlg,BikeDir,BikeInjury,BikeSex,City,County,CrashAlcoh,CrashDay,CrashGrp,CrashHour,CrashMonth,CrashType,CrashYear,DrvrAge,DrvrAlcFlg,DrvrInjury,DrvrSex,DrvrVehTyp,HitRun,Latitude,Longitude,RdConditio,SpeedLimit,TraffCntrl,Weather,Workzone,DrvrAgeImputedFlag,BikeAgeImputedFlag,MonthCode
Yes,49.0,No,With Traffic,B: Suspected Minor Injury,Male,None - Rural Crash,Stokes,No,Friday,Motorist Overtaking Bicyclist,7.0,July,Motorist Overtaking - Other / Unknown,2010,51.0,No,O: No Injury,Female,Sport Utility,No,36.2843591,-80.39064093,Dry,40 - 45  MPH,"Double Yellow Line, No Passing Zone",Clear,No,0,0,7
No,32.0,No,With Traffic,C: Possible Injury,Male,Raleigh,Wake,No,Saturday,Motorist Overtaking Bicyclist,0.0,May,Motorist Overtaking - Other / Unknown,2010,31.0,No,O: No Injury,Male,Sport Utility,No,35.79525773,-78.70678118,"Water (Standing, Moving)",30 - 35  MPH,No Control Present,Rain,No,0,0,5
Yes,51.0,No,Not Applicable,B: Suspected Minor Injury,Male,Charlotte,Mecklenburg,No,Thursday,Parallel Paths - Other Circumstances,18.0,July,Parallel Paths - Other / Unknown,2010,37.0,No,O: No Injury,Female,Van,No,35.09712724,-80.77788604,Dry,40 - 45  MPH,No Control Present,Clear,No,0,0,7
Yes,8.0,No,With Traffic,B: Suspected Minor Injury,Male,Troutman,Iredell,No,Thursday,Bicyclist Failed to Yield - Sign-Controlled Intersection,20.0,June,Bicyclist Ride Out - Sign-Controlled Intersection,2010,42.03850604944766,Missing,Unknown Injury,Unknown,Unknown,Yes,35.69685383,-80.90065427,Dry,20 - 25  MPH,Stop Sign,Clear,No,1,0,6
Yes,14.0,No,With Traffic,A: Suspected Serious Injury,Male,None - Rural Crash,Durham,No,Wednesday,Bicyclist Failed to Yield - Sign-Controlled Intersection,16.0,July,Bicyclist Ride Through - Sign-Controlled Intersection,2010,34.0,No,O: No Injury,Male,Sport Utility,No,36.14149564,-78.96489056,Dry,30 - 35  MPH,Stop Sign,Clear,No,0,0,7
Yes,17.0,No,With Traffic,A: Suspected Serious Injury,Male,Charlotte,Mecklenburg,No,Tuesday,Bicyclist Left Turn / Merge,11.0,July,Bicyclist Left Turn - Same Direction,2010,35.0,No,O: No Injury,Male,Passenger Car,No,35.2773953,-80.76615008,Dry,40 - 45  MPH,No Control Present,Clear,No,0,0,7
Yes,25.0,No,Unknown,B: Suspected Minor Injury,Female,Asheville,Buncombe,No,Wednesday,Motorist Left Turn / Merge,15.0,July,Motorist Left Turn - Opposite Direction,2010,42.03850604944766,Unknown,Unknown Injury,Unknown,Passenger Car,Yes,35.601427,-82.554776,Unknown,20 - 25  MPH,Stop Sign,Other,No,1,0,7
Yes,41.0,No,Facing Traffic,A: Suspected Serious Injury,Male,Charlotte,Mecklenburg,No,Wednesday,Motorist Failed to Yield - Midblock,11.0,July,Motorist Drive Out - Commercial Driveway / Alley,2010,28.0,No,O: No Injury,Male,Pickup,No,35.27515246,-80.79361311,Dry,20 - 25  MPH,No Control Present,Clear,No,0,0,7
Yes,62.0,No,With Traffic,C: Possible Injury,Male,None - Rural Crash,Lenoir,No,Thursday,Motorist Overtaking Bicyclist,6.0,July,Motorist Overtaking - Misjudged Space,2010,42.03850604944766,Unknown,Unknown Injury,Unknown,Unknown,Yes,35.30080199,-77.53417316,Dry,Unknown,No Control Present,Clear,No,1,0,7
Yes,40.0,No,With Traffic,B: Suspected Minor Injury,Female,None - Rural Crash,Surry,No,Friday,Motorist Left Turn / Merge,17.0,July,Motorist Left Turn - Opposite Direction,2010,78.0,No,O: No Injury,Female,Passenger Car,No,36.44127613,-80.64224122,Dry,30 - 35  MPH,"Double Yellow Line, No Passing Zone",Clear,No,0,0,7
Yes,47.0,No,With Traffic,B: Suspected Minor Injury,Male,None - Rural Crash,Johnston,No,Friday,Motorist Overtaking Bicyclist,19.0,July,Motorist Overtaking - Other / Unknown,2010,42.03850604944766,Missing,Unknown Injury,Unknown,Unknown,Yes,35.52452534,-78.63152385,Dry,40 - 45  MPH,"Double Yellow Line, No Passing Zone",Clear,No,1,0,7
No,25.0,No,Facing Traffic,O: No Injury,Male,None - Rural Crash,Johnston,No,Thursday,Loss of Control / Turning Error,21.0,July,Motorist Lost Control - Other / Unknown,2010,42.03850604944766,Missing,Unknown Injury,Unknown,Passenger Car,Yes,35.28817815,-78.45320966,Dry,50 - 55  MPH,No Control Present,Clear,No,1,0,7
No,9.0,No,Not Applicable,O: No Injury,Male,None - Rural Crash,Wake,No,Sunday,Bicyclist Failed to Yield - Midblock,15.0,August,Bicyclist Ride Out - Residential Driveway,2010,16.0,No,O: No Injury,Male,Pickup,No,35.92531815,-78.62632545,Dry,20 - 25  MPH,No Control Present,Cloudy,No,0,0,8
Yes,7.0,No,Facing Traffic,B: Suspected Minor Injury,Male,None - Rural Crash,Johnston,No,Thursday,Bicyclist Right Turn / Merge,18.0,July,Bicyclist Right Turn - Same Direction,2010,37.0,No,O: No Injury,Male,Pickup,No,35.43394687,-78.52863805,Dry,50 - 55  MPH,No Control Present,Clear,No,0,0,7
Yes,59.0,No,Facing Traffic,K: Killed,Male,None - Rural Crash,Davie,No,Saturday,Motorist Overtaking Bicyclist,18.0,July,Motorist Overtaking - Other / Unknown,2010,30.0,No,O: No Injury,Male,Pickup,No,35.95213692,-80.60872887,Dry,50 - 55  MPH,"Double Yellow Line, No Passing Zone",Cloudy,No,0,0,7
No,40.0,No,With Traffic,C: Possible Injury,Male,Wilson,Wilson,No,Thursday,Loss of Control / Turning Error,18.0,June,Motorist Turning Error - Left Turn,2010,42.03850604944766,Missing,Unknown Injury,Unknown,Unknown,Yes,35.73017854,-77.89735986,Dry,30 - 35  MPH,No Control Present,Clear,No,1,0,6
Yes,59.0,No,With Traffic,B: Suspected Minor Injury,Male,None - Rural Crash,Catawba,No,Monday,Loss of Control / Turning Error,9.0,August,Motorist Lost Control - Other / Unknown,2010,37.0,No,O: No Injury,Female,Van,No,35.73756338,-81.16196367,Dry,40 - 45  MPH,"Double Yellow Line, No Passing Zone",Cloudy,No,0,0,8
Yes,19.0,No,With Traffic,A: Suspected Serious Injury,Female,Asheville,Buncombe,No,Friday,Motorist Left Turn / Merge,18.0,May,Motorist Left Turn - Opposite Direction,2010,32.0,No,O: No Injury,Male,Passenger Car,No,35.62027891,-82.554436,"Water (Standing, Moving)",30 - 35  MPH,Stop And Go Signal,Rain,No,0,0,5
Yes,24.0,No,With Traffic,C: Possible Injury,Male,Durham,Durham,No,Monday,Bicyclist Failed to Yield - Midblock,14.0,August,Bicyclist Ride Out - Commercial Driveway / Alley,2010,42.03850604944766,Missing,Unknown Injury,Unknown,Passenger Car,Yes,35.99281925,-78.8658123,Dry,Unknown,No Control Present,Clear,No,1,0,8
Yes,34.0,No,With Traffic,B: Suspected Minor Injury,Male,None - Rural Crash,Wake,No,Thursday,Motorist Left Turn / Merge,22.0,July,Motorist Left Turn - Opposite Direction,2010,35.0,No,O: No Injury,Male,Pickup,No,35.55554272,-78.72128488,Dry,40 - 45  MPH,"Double Yellow Line, No Passing Zone",Cloudy,No,0,0,7
Yes,43.0,No,With Traffic,B: Suspected Minor Injury,Male,Greensboro,Guilford,No,Tuesday,Motorist Overtaking Bicyclist,3.0,July,Motorist Overtaking - Other / Unknown,2010,42.03850604944766,Missing,Unknown Injury,Unknown,Unknown,Yes,36.04805824,-79.83612813,Dry,30 - 35  MPH,No Control Present,Clear,No,1,0,7
Yes,7.0,No,With Traffic,B: Suspected Minor Injury,Male,None - Rural Crash,Richmond,No,Wednesday,Bicyclist Failed to Yield - Sign-Controlled Intersection,19.0,July,Bicyclist Ride Through - Sign-Controlled Intersection,2010,51.0,No,O: No Injury,Male,Passenger Car,No,34.95563811,-79.72918235,Dry,30 - 35  MPH,Stop Sign,Clear,No,0,0,7
Yes,15.0,No,Not Applicable,C: Possible Injury,Male,Raleigh,Wake,No,Tuesday,Motorist Failed to Yield - Midblock,12.0,July,Motorist Drive Out - Commercial Driveway / Alley,2010,50.0,No,O: No Injury,Male,Pickup,No,35.8511456,-78.6145883,Dry,30 - 35  MPH,No Control Present,Clear,No,0,0,7
Yes,12.0,No,With Traffic,B: Suspected Minor Injury,Male,None - Rural Crash,Hoke,No,Saturday,Bicyclist Failed to Yield - Sign-Controlled Intersection,18.0,July,Bicyclist Ride Through - Sign-Controlled Intersection,2010,25.0,No,O: No Injury,Female,Sport Utility,No,34.98725169,-79.16546414,Dry,40 - 45  MPH,No Control Present,Cloudy,No,0,0,7
No,52.0,Yes,With Traffic,O: No Injury,Male,None - Rural Crash,Currituck,Yes,Monday,Bicyclist Left Turn / Merge,20.0,August,Bicyclist Left Turn - Same Direction,2010,30.0,No,O: No Injury,Female,Passenger Car,No,36.25422342,-75.88190596,Dry,50 - 55  MPH,"Double Yellow Line, No Passing Zone",Clear,No,0,0,8
Yes,56.0,No,With Traffic,C: Possible Injury,Male,Greensboro,Guilford,No,Wednesday,Motorist Overtaking Bicyclist,15.0,July,Motorist Overtaking - Other / Unknown,2010,26.0,No,O: No Injury,Male,Pickup,No,36.07140443,-79.77795167,Dry,40 - 45  MPH,Stop And Go Signal,Clear,No,0,0,7
Yes,25.0,No,With Traffic,B: Suspected Minor Injury,Male,Asheville,Buncombe,No,Saturday,Motorist Overtaking Bicyclist,13.0,July,Motorist Overtaking - Misjudged Space,2010,42.03850604944766,Missing,Unknown Injury,Unknown,Unknown,Yes,35.54601261,-82.60248987,Dry,40 - 45  MPH,No Control Present,Clear,No,1,0,7
Yes,35.0,No,With Traffic,B: Suspected Minor Injury,Male,Charlotte,Mecklenburg,No,Saturday,Motorist Left Turn / Merge,10.0,March,Motorist Left Turn - Opposite Direction,2009,42.03850604944766,Missing,Unknown Injury,Unknown,Unknown,Yes,35.21063,-80.83439,Dry,30 - 35  MPH,Stop Sign,Clear,No,1,0,3
No,24.0,No,Facing Traffic,O: No Injury,Male,Wilson,Wilson,No,Monday,Motorist Failed to Yield - Midblock,16.0,July,Motorist Drive Out - Other Midblock,2010,55.0,No,O: No Injury,Female,Passenger Car,No,35.76716624,-77.94484826,Dry,40 - 45  MPH,No Control Present,Clear,No,0,0,7
No,26.0,No,Not Applicable,B: Suspected Minor Injury,Female,Wilmington,New Hanover,No,Thursday,Non-Roadway,17.0,July,Non-Roadway,2010,25.0,No,O: No Injury,Male,Sport Utility,No,34.22579189,-77.87483382,Dry,5 - 15 MPH,No Control Present,Clear,No,0,0,7
Yes,18.0,No,Facing Traffic,C: Possible Injury,Male,Charlotte,Mecklenburg,No,Sunday,Motorist Failed to Yield - Midblock,21.0,July,Motorist Drive Out - Commercial Driveway / Alley,2010,28.0,No,O: No Injury,Male,Passenger Car,No,35.20329417,-80.74335757,Wet,5 - 15 MPH,No Control Present,Rain,No,0,0,7
No,39.0,No,With Traffic,B: Suspected Minor Injury,Male,None - Rural Crash,Wake,No,Tuesday,Motorist Right Turn / Merge,18.0,August,Motorist Right Turn - Same Direction,2010,58.0,No,O: No Injury,Female,Passenger Car,No,35.77520373,-78.91913631,Dry,40 - 45  MPH,Stop Sign,Clear,No,0,0,8
Yes,60.0,No,With Traffic,C: Possible Injury,Male,Charlotte,Mecklenburg,No,Monday,Bicyclist Failed to Yield - Midblock,14.0,February,Bicyclist Ride Out - Other Midblock,2009,69.0,No,O: No Injury,Female,Passenger Car,No,35.26269,-80.85479,Dry,30 - 35  MPH,Stop And Go Signal,Clear,No,0,0,2
Yes,51.0,No,Facing Traffic,C: Possible Injury,Male,Goldsboro,Wayne,No,Friday,Motorist Left Turn / Merge,16.0,July,Motorist Left Turn - Same Direction,2010,21.0,No,O: No Injury,Male,Unknown,Yes,35.39925121,-77.99447579,Wet,30 - 35  MPH,No Control Present,Cloudy,No,0,0,7
Yes,14.0,No,Facing Traffic,C: Possible Injury,Male,High Point,Guilford,No,Thursday,Motorist Failed to Yield - Midblock,11.0,July,Motorist Drive Out - Commercial Driveway / Alley,2010,33.0,No,O: No Injury,Male,Unknown,Yes,35.93303277,-79.98962942,Dry,30 - 35  MPH,No Control Present,Clear,No,0,0,7
Yes,36.0,No,With Traffic,B: Suspected Minor Injury,Male,Greensboro,Guilford,No,Sunday,Motorist Left Turn / Merge,0.0,July,Motorist Left Turn - Opposite Direction,2010,29.0,No,O: No Injury,Female,Passenger Car,No,36.06352789,-79.84012017,Wet,30 - 35  MPH,No Control Present,Clear,No,0,0,7
Yes,66.0,No,With Traffic,C: Possible Injury,Male,Wilmington,New Hanover,No,Wednesday,Motorist Left Turn / Merge,17.0,July,Motorist Left Turn - Opposite Direction,2010,25.0,No,O: No Injury,Male,Passenger Car,No,34.23736942,-77.92318525,Dry,20 - 25  MPH,No Control Present,Clear,No,0,0,7
No,42.0,No,With Traffic,C: Possible Injury,Male,Kannapolis,Cabarrus,No,Friday,Motorist Overtaking Bicyclist,10.0,July,Motorist Overtaking - Other / Unknown,2010,20.0,No,O: No Injury,Female,Passenger Car,No,35.45458764,-80.61597724,Dry,40 - 45  MPH,No Control Present,Clear,No,0,0,7
Yes,52.0,No,With Traffic,B: Suspected Minor Injury,Male,None - Rural Crash,Wake,No,Thursday,Motorist Overtaking Bicyclist,20.0,August,Motorist Overtaking - Misjudged Space,2010,42.03850604944766,Unknown,Unknown Injury,Unknown,Sport Utility,Yes,35.58893414,-78.6413087,Wet,50 - 55  MPH,"Double Yellow Line, No Passing Zone",Rain,No,1,0,8
No,41.0,No,With Traffic,C: Possible Injury,Male,None - Rural Crash,Wake,No,Thursday,Motorist Right Turn / Merge,18.0,August,Motorist Right Turn - Same Direction,2010,25.0,No,O: No Injury,Male,Passenger Car,Yes,35.73729384,-78.44435426,Dry,50 - 55  MPH,Stop Sign,Cloudy,No,0,0,8
Yes,47.0,No,With Traffic,C: Possible Injury,Male,Gastonia,Gaston,No,Tuesday,Crossing Paths - Other Circumstances,15.0,July,Signalized Intersection - Other / Unknown,2010,77.0,No,O: No Injury,Male,Passenger Car,No,35.26231902,-81.15390324,Dry,30 - 35  MPH,Stop And Go Signal,Clear,No,0,0,7
Yes,58.0,No,Facing Traffic,C: Possible Injury,Male,Greensboro,Guilford,No,Tuesday,Bicyclist Failed to Yield - Sign-Controlled Intersection,12.0,July,Bicyclist Ride Through - Sign-Controlled Intersection,2010,21.0,No,C: Possible Injury,Male,Sport Utility,No,36.08858649,-79.77417889,Dry,30 - 35  MPH,Yield Sign,Clear,No,0,0,7
No,43.0,No,Facing Traffic,C: Possible Injury,Male,Charlotte,Mecklenburg,No,Tuesday,Motorist Failed to Yield - Midblock,17.0,July,Motorist Drive Out - Commercial Driveway / Alley,2010,50.0,No,O: No Injury,Male,Van,No,35.26524335,-80.81657604,Wet,5 - 15 MPH,No Control Present,Cloudy,No,0,0,7
No,68.0,No,Facing Traffic,O: No Injury,Unknown,Rocky Mount,Nash,No,Wednesday,Motorist Right Turn / Merge,10.0,July,Motorist Right Turn - Opposite Direction,2010,42.03850604944766,Missing,Unknown Injury,Unknown,Unknown,Yes,35.93271115,-77.81098125,Dry,5 - 15 MPH,No Control Present,Clear,No,1,0,7
Yes,46.0,No,With Traffic,B: Suspected Minor Injury,Male,None - Rural Crash,Davidson,No,Saturday,Motorist Failed to Yield - Midblock,11.0,August,Motorist Drive Out - Other Midblock,2010,19.0,No,O: No Injury,Female,Passenger Car,No,35.97599215,-80.25050289,Dry,40 - 45  MPH,"Double Yellow Line, No Passing Zone",Clear,No,0,0,8
Yes,31.0,No,With Traffic,B: Suspected Minor Injury,Male,None - Rural Crash,Davie,No,Thursday,Motorist Right Turn / Merge,8.0,July,Motorist Right Turn - Same Direction,2010,42.03850604944766,No,B: Suspected Minor Injury,Male,Sport Utility,No,35.97279197,-80.42564219,Dry,40 - 45  MPH,No Control Present,Clear,No,1,0,7
Yes,54.0,No,With Traffic,C: Possible Injury,Male,None - Rural Crash,Duplin,No,Thursday,Motorist Overtaking Bicyclist,23.0,August,Motorist Overtaking - Misjudged Space,2010,32.0,No,O: No Injury,Male,Pickup,No,34.85127023,-78.03152873,Dry,50 - 55  MPH,"Double Yellow Line, No Passing Zone",Cloudy,No,0,0,8
No,17.0,No,Facing Traffic,B: Suspected Minor Injury,Male,Rocky Mount,Nash,No,Tuesday,Motorist Failed to Yield - Midblock,17.0,July,Motorist Drive Out - Commercial Driveway / Alley,2010,42.03850604944766,Missing,Unknown Injury,Unknown,Pickup,Yes,35.92953784,-77.81486215,Dry,30 - 35  MPH,No Control Present,Clear,No,1,0,7
Yes,51.0,No,With Traffic,B: Suspected Minor Injury,Male,Salisbury,Rowan,No,Sunday,Motorist Overtaking Bicyclist,22.0,August,Motorist Overtaking - Other / Unknown,2010,50.0,No,O: No Injury,Male,Pickup,No,35.64240974,-80.48072443,Dry,40 - 45  MPH,No Control Present,Clear,No,0,0,8
Yes,30.0,No,With Traffic,C: Possible Injury,Female,Raleigh,Wake,No,Tuesday,Other / Unusual Circumstances,20.0,July,Bicycle Only,2010,35.0,No,O: No Injury,Male,Pickup,No,35.78827715,-78.64207821,Dry,30 - 35  MPH,Stop And Go Signal,Cloudy,No,0,0,7
Yes,34.0,No,With Traffic,A: Suspected Serious Injury,Male,Clemmons,Forsyth,No,Friday,Loss of Control / Turning Error,10.0,July,Motorist Turning Error - Right Turn,2010,32.0,Unknown,O: No Injury,Female,Passenger Car,Yes,36.06964887,-80.41536993,Dry,40 - 45  MPH,Stop Sign,Clear,No,0,0,7
Yes,36.0,No,Facing Traffic,B: Suspected Minor Injury,Male,Raleigh,Wake,No,Wednesday,Motorist Failed to Yield - Sign-Controlled Intersection,9.0,July,Motorist Drive Out - Sign-Controlled Intersection,2010,62.0,No,O: No Injury,Female,Passenger Car,No,35.87335869,-78.68976384,Dry,30 - 35  MPH,Stop Sign,Clear,No,0,0,7
Yes,53.0,No,Facing Traffic,C: Possible Injury,Male,Charlotte,Mecklenburg,No,Friday,Motorist Failed to Yield - Midblock,19.0,July,Motorist Drive Out - Commercial Driveway / Alley,2010,48.0,No,O: No Injury,Male,Van,No,35.2997035,-80.80102576,Dry,30 - 35  MPH,No Control Present,Clear,No,0,0,7
Yes,21.0,No,With Traffic,C: Possible Injury,Female,Raleigh,Wake,No,Tuesday,Motorist Failed to Yield - Midblock,17.0,July,Motorist Drive Out - Commercial Driveway / Alley,2010,42.03850604944766,Missing,Unknown Injury,Unknown,Unknown,Yes,35.77887204,-78.63811809,Dry,5 - 15 MPH,No Control Present,Clear,No,1,0,7
Yes,43.0,No,With Traffic,O: No Injury,Male,Raleigh,Wake,No,Tuesday,Motorist Failed to Yield - Midblock,13.0,July,Motorist Drive Out - Commercial Driveway / Alley,2010,20.0,No,O: No Injury,Male,"Light Truck (Mini-Van, Panel)",No,35.78497282,-78.65992144,Dry,5 - 15 MPH,No Control Present,Clear,No,0,0,7
No,34.0,No,With Traffic,C: Possible Injury,Male,None - Rural Crash,Rowan,No,Saturday,Motorist Right Turn / Merge,8.0,July,Motorist Right Turn - Same Direction,2010,29.0,No,O: No Injury,Male,Passenger Car,No,35.54722439,-80.70180856,Dry,40 - 45  MPH,"Double Yellow Line, No Passing Zone",Clear,No,0,0,7
No,33.0,No,With Traffic,O: No Injury,Male,Davidson,Mecklenburg,No,Friday,Motorist Right Turn / Merge,9.0,June,Motorist Right Turn - Same Direction,2010,62.0,No,O: No Injury,Female,Sport Utility,No,35.49817921,-80.84889751,Dry,20 - 25  MPH,No Control Present,Clear,No,0,0,6
No,12.0,No,Facing Traffic,C: Possible Injury,Male,Fuquay-Varina,Wake,No,Friday,Motorist Failed to Yield - Midblock,15.0,July,Motorist Drive Out - Commercial Driveway / Alley,2010,42.03850604944766,Missing,Unknown Injury,Unknown,Unknown,Yes,35.58612574,-78.78209983,Dry,30 - 35  MPH,No Control Present,Clear,No,1,0,7
Yes,42.0,No,With Traffic,C: Possible Injury,Male,Greenville,Pitt,No,Thursday,Motorist Left Turn / Merge,19.0,April,Motorist Left Turn - Opposite Direction,2010,24.0,No,O: No Injury,Male,Sport Utility,No,35.60936536,-77.36686721,Dry,20 - 25  MPH,No Control Present,Clear,No,0,0,4
Yes,62.0,No,Facing Traffic,B: Suspected Minor Injury,Male,Emerald Isle,Carteret,No,Friday,Motorist Failed to Yield - Signalized Intersection,13.0,July,Motorist Drive Out - Right Turn on Red,2010,40.0,No,O: No Injury,Male,Sport Utility,No,34.66482458,-77.03487765,Dry,20 - 25  MPH,Stop And Go Signal,Clear,No,0,0,7
Yes,46.0,No,With Traffic,B: Suspected Minor Injury,Male,None - Rural Crash,Davidson,No,Tuesday,Backing Vehicle,16.0,August,Backing Vehicle,2010,17.0,No,O: No Injury,Male,Pickup,No,35.9457608,-80.2582083,Dry,40 - 45  MPH,"Double Yellow Line, No Passing Zone",Clear,No,0,0,8
No,8.0,No,With Traffic,C: Possible Injury,Male,Clinton,Sampson,No,Monday,Bicyclist Failed to Yield - Sign-Controlled Intersection,18.0,August,Bicyclist Ride Through - Sign-Controlled Intersection,2010,62.0,No,O: No Injury,Female,Passenger Car,No,34.9965341,-78.34165754,Dry,30 - 35  MPH,Stop Sign,Clear,No,0,0,8
Yes,48.0,No,Facing Traffic,K: Killed,Male,None - Rural Crash,Vance,No,Tuesday,Head-On,21.0,August,Head-On - Bicyclist,2010,42.0,No,O: No Injury,Female,Passenger Car,No,36.4288633,-78.43482113,Dry,40 - 45  MPH,No Control Present,Clear,No,0,0,8
Yes,25.0,No,With Traffic,C: Possible Injury,Male,Hendersonville,Henderson,No,Friday,Bicyclist Left Turn / Merge,15.0,July,Bicyclist Left Turn - Same Direction,2010,59.0,No,O: No Injury,Female,Passenger Car,No,35.313725,-82.457138,Dry,20 - 25  MPH,No Control Present,Clear,No,0,0,7
No,41.0,No,With Traffic,C: Possible Injury,Male,Fayetteville,Cumberland,No,Monday,Motorist Overtaking Bicyclist,22.0,August,Motorist Overtaking - Other / Unknown,2010,42.03850604944766,Missing,Unknown Injury,Unknown,Unknown,Yes,35.02701278,-78.92887013,Dry,20 - 25  MPH,No Control Present,Clear,No,1,0,8
No,36.0,No,Facing Traffic,B: Suspected Minor Injury,Male,Greensboro,Guilford,No,Monday,Motorist Failed to Yield - Midblock,10.0,August,Motorist Drive Out - Residential Driveway,2010,77.0,No,O: No Injury,Female,Passenger Car,No,36.09069489,-79.8555276,Dry,Unknown,No Control Present,Cloudy,No,0,0,8
No,4.0,Missing,Not Applicable,B: Suspected Minor Injury,Male,Wilmington,New Hanover,No,Sunday,Bicyclist Failed to Yield - Midblock,14.0,August,Bicyclist Ride Out - Other Midblock,2010,42.03850604944766,Missing,Unknown Injury,Unknown,Unknown,Yes,34.2445039,-77.90392593,Dry,20 - 25  MPH,No Control Present,Cloudy,No,1,0,8
Yes,19.0,No,Facing Traffic,B: Suspected Minor Injury,Male,Winston-Salem,Forsyth,No,Monday,Other / Unusual Circumstances,19.0,July,Motorist Intentionally Caused,2010,42.03850604944766,Unknown,Unknown Injury,Unknown,Unknown,Yes,36.07034207,-80.21928441,Dry,20 - 25  MPH,No Control Present,Clear,No,1,0,7
Yes,49.0,Unknown,Unknown,B: Suspected Minor Injury,Male,Carolina Beach,New Hanover,No,Saturday,Crossing Paths - Other Circumstances,15.0,July,Crossing Paths - Intersection - Other / Unknown,2010,57.0,No,O: No Injury,Female,Van,No,34.03767124,-77.89396957,Dry,20 - 25  MPH,No Control Present,Cloudy,No,0,0,7
Yes,50.0,No,Facing Traffic,B: Suspected Minor Injury,Male,Wake Forest,Wake,No,Tuesday,Motorist Failed to Yield - Midblock,17.0,July,Motorist Drive Out - Midblock - Unknown,2010,46.0,No,O: No Injury,Male,Sport Utility,No,35.92114561,-78.54436819,Dry,50 - 55  MPH,No Control Present,Clear,No,0,0,7
Yes,22.0,No,Facing Traffic,B: Suspected Minor Injury,Male,Charlotte,Mecklenburg,No,Friday,Motorist Failed to Yield - Sign-Controlled Intersection,2.0,July,Motorist Drive Through - Sign-Controlled Intersection,2010,55.0,No,O: No Injury,Female,Passenger Car,No,35.23411335,-80.82223703,Dry,30 - 35  MPH,Stop Sign,Clear,No,0,0,7
No,31.0,No,With Traffic,B: Suspected Minor Injury,Male,Farmville,Pitt,No,Wednesday,Bicyclist Left Turn / Merge,16.0,August,Bicyclist Left Turn - Same Direction,2010,68.0,No,O: No Injury,Female,Van,No,35.59153859,-77.59017366,Dry,30 - 35  MPH,Yield Sign,Clear,No,0,0,8
No,51.0,No,Facing Traffic,C: Possible Injury,Male,Charlotte,Mecklenburg,No,Tuesday,Motorist Failed to Yield - Sign-Controlled Intersection,18.0,January,Motorist Drive Out - Sign-Controlled Intersection,2009,22.0,No,O: No Injury,Female,Passenger Car,No,35.15677,-80.92221,Dry,20 - 25  MPH,Stop Sign,Clear,No,0,0,1
Yes,35.0,No,With Traffic,B: Suspected Minor Injury,Male,Raleigh,Wake,No,Thursday,Motorist Failed to Yield - Sign-Controlled Intersection,22.0,July,Motorist Drive Out - Sign-Controlled Intersection,2010,33.0,No,O: No Injury,Male,Passenger Car,No,35.84200412,-78.57521636,Wet,40 - 45  MPH,Stop Sign,Rain,No,0,0,7
No,42.0,No,With Traffic,B: Suspected Minor Injury,Male,Raleigh,Wake,No,Wednesday,Motorist Left Turn / Merge,17.0,July,Motorist Left Turn - Opposite Direction,2010,47.0,No,O: No Injury,Female,Passenger Car,No,35.78894141,-78.68631389,Dry,30 - 35  MPH,Stop And Go Signal,Clear,No,0,0,7
No,57.0,No,Not Applicable,O: No Injury,Male,Raleigh,Wake,No,Saturday,Crossing Paths - Other Circumstances,2.0,July,Crossing Paths - Intersection - Other / Unknown,2010,42.03850604944766,Missing,Unknown Injury,Unknown,Unknown,Yes,35.83778689,-78.61297287,Dry,40 - 45  MPH,No Control Present,Clear,No,1,0,7
No,37.0,No,With Traffic,B: Suspected Minor Injury,Male,None - Rural Crash,Durham,No,Friday,Motorist Failed to Yield - Sign-Controlled Intersection,18.0,August,Motorist Drive Out - Sign-Controlled Intersection,2010,70.0,No,O: No Injury,Male,Sport Utility,No,36.01005344,-78.99004227,Dry,40 - 45  MPH,Stop Sign,Clear,No,0,0,8
No,11.0,No,With Traffic,C: Possible Injury,Male,Bermuda Run,Davie,No,Thursday,Motorist Overtaking Bicyclist,13.0,July,Motorist Overtaking - Other / Unknown,2010,42.03850604944766,Unknown,Unknown Injury,Unknown,Passenger Car,Yes,36.01123027,-80.42117382,Dry,30 - 35  MPH,No Control Present,Clear,No,1,0,7
Yes,6.0,No,Unknown,C: Possible Injury,Male,None - Rural Crash,Rowan,No,Thursday,Backing Vehicle,19.0,August,Backing Vehicle,2010,53.0,No,O: No Injury,Female,Passenger Car,No,35.55527101,-80.48652739,Dry,20 - 25  MPH,No Control Present,Clear,No,0,0,8
No,49.0,No,Facing Traffic,C: Possible Injury,Female,Oak Island,Brunswick,No,Wednesday,Motorist Failed to Yield - Signalized Intersection,11.0,July,Motorist Drive Out - Signalized Intersection,2010,71.0,No,O: No Injury,Male,Van,No,33.91210003,-78.10597825,Dry,30 - 35  MPH,Stop And Go Signal,Clear,No,0,0,7
Yes,38.0,No,With Traffic,O: No Injury,Male,Smithfield,Johnston,No,Wednesday,Bicyclist Failed to Yield - Sign-Controlled Intersection,15.0,August,Bicyclist Ride Out - Sign-Controlled Intersection,2010,57.0,No,O: No Injury,Male,Pickup,No,35.51654261,-78.32249767,Dry,30 - 35  MPH,Stop Sign,Clear,No,0,0,8
No,19.0,No,Facing Traffic,O: No Injury,Male,Charlotte,Mecklenburg,No,Wednesday,Motorist Failed to Yield - Sign-Controlled Intersection,15.0,August,Motorist Drive Out - Sign-Controlled Intersection,2010,42.03850604944766,Missing,Unknown Injury,Unknown,Unknown,Yes,35.34229964,-80.76880339,Dry,5 - 15 MPH,Stop Sign,Clear,No,1,0,8