AmbulanceR,BikeAge,BikeAlcFlg,BikeDir,BikeInjury,BikeSex,City,County,CrashAlcoh,CrashDay,CrashGrp,CrashHour,CrashMonth,CrashType,CrashYear,DrvrAge,DrvrAlcFlg,DrvrInjury,DrvrSex,DrvrVehTyp,HitRun,Latitude,Longitude,RdConditio,SpeedLimit,TraffCntrl,Weather,Workzone,DrvrAgeImputedFlag,BikeAgeImputedFlag,MonthCode
Yes,16.0,No,Facing Traffic,C: Possible Injury,Male,Charlotte,Mecklenburg,No,Sunday,Crossing Paths - Other Circumstances,10.0,August,Sign-Controlled Intersection - Other / Unknown,2010,25.0,No,O: No Injury,Female,Passenger Car,No,35.22686934,-80.77633227,Dry,20 - 25  MPH,Stop Sign,Clear,No,0,0,8
Yes,24.0,No,With Traffic,C: Possible Injury,Female,Greensboro,Guilford,No,Monday,Motorist Right Turn / Merge,17.0,August,Motorist Right Turn - Same Direction,2010,25.0,Unknown,O: No Injury,Female,Passenger Car,No,36.06372636,-79.82384542,Dry,30 - 35  MPH,Stop And Go Signal,Clear,No,0,0,8
Yes,62.0,No,With Traffic,B: Suspected Minor Injury,Male,Nags Head,Dare,No,Monday,Crossing Paths - Other Circumstances,6.0,August,Crossing Paths - Uncontrolled Intersection,2010,59.0,No,O: No Injury,Male,Sport Utility,No,35.95727473,-75.6241371,Dry,30 - 35  MPH,No Control Present,Clear,No,0,0,8
No,8.0,No,Not Applicable,C: Possible Injury,Male,Cary,Wake,No,Thursday,Non-Roadway,18.0,September,Non-Roadway,2010,31.0,No,O: No Injury,Male,Motorcycle,No,35.70171751,-78.7969119,Dry,20 - 25  MPH,No Control Present,Clear,No,0,0,9
Yes,55.0,No,With Traffic,Unknown Injury,Male,Weldon,Halifax,No,Saturday,Motorist Overtaking Bicyclist,7.0,September,Motorist Overtaking - Other / Unknown,2010,76.0,No,Unknown Injury,Male,Passenger Car,Yes,36.41299145,-77.60734977,Dry,40 - 45  MPH,No Control Present,Clear,No,0,0,9
Yes,34.0,No,With Traffic,C: Possible Injury,Male,Statesville,Iredell,No,Thursday,Motorist Failed to Yield - Sign-Controlled Intersection,5.0,August,Motorist Drive Out - Sign-Controlled Intersection,2010,60.0,No,O: No Injury,Male,Passenger Car,No,35.77264489,-80.8796678,Wet,30 - 35  MPH,Stop Sign,Rain,No,0,0,8
No,28.0,No,With Traffic,Unknown Injury,Unknown,Erwin,Harnett,No,Saturday,Crossing Paths - Other Circumstances,21.0,August,Crossing Paths - Intersection - Other / Unknown,2010,42.03850604944766,Missing,Unknown Injury,Unknown,Unknown,Yes,35.32851427,-78.66038112,Dry,30 - 35  MPH,Stop And Go Signal,Clear,No,1,0,8
Yes,30.0,No,Facing Traffic,C: Possible Injury,Male,Wilmington,New Hanover,No,Tuesday,Motorist Failed to Yield - Sign-Controlled Intersection,6.0,August,Motorist Drive Out - Sign-Controlled Intersection,2010,56.0,No,O: No Injury,Male,Pickup,No,34.14817923,-77.90121581,Dry,20 - 25  MPH,Stop Sign,Clear,No,0,0,8
No,11.0,No,Not Applicable,O: No Injury,Male,Wilson,Wilson,No,Wednesday,Loss of Control / Turning Error,17.0,August,Bicyclist Lost Control - Mechanical Problems,2010,56.0,No,O: No Injury,Male,Passenger Car,No,35.7320051,-77.89527397,Dry,30 - 35  MPH,No Control Present,Cloudy,No,0,0,8
Yes,18.0,No,With Traffic,O: No Injury,Male,None - Rural Crash,Wayne,No,Tuesday,Motorist Overtaking Bicyclist,12.0,September,Motorist Overtaking - Other / Unknown,2010,35.0,No,O: No Injury,Female,Sport Utility,No,35.2283244,-78.04184613,Dry,50 - 55  MPH,No Control Present,Clear,No,0,0,9
Yes,47.0,Yes,Facing Traffic,K: Killed,Male,None - Rural Crash,Robeson,Yes,Friday,Motorist Left Turn / Merge,20.0,September,Motorist Left Turn - Same Direction,2010,58.0,Yes,B: Suspected Minor Injury,Female,Passenger Car,No,34.66236153,-79.11961522,Dry,50 - 55  MPH,"Double Yellow Line, No Passing Zone",Clear,No,0,0,9
No,39.0,No,Facing Traffic,C: Possible Injury,Male,Fayetteville,Cumberland,No,Wednesday,Motorist Failed to Yield - Sign-Controlled Intersection,9.0,September,Motorist Drive Out - Sign-Controlled Intersection,2010,27.0,No,O: No Injury,Female,Pickup,No,35.04859416,-78.93781132,Dry,Unknown,Stop Sign,Clear,No,0,0,9
No,15.0,No,Not Applicable,O: No Injury,Male,Boiling Springs,Cleveland,No,Saturday,Non-Roadway,15.0,August,Non-Roadway,2010,49.0,No,O: No Injury,Male,Pickup,No,35.24608832,-81.66542907,Dry,5 - 15 MPH,No Control Present,Clear,No,0,0,8
Yes,32.52649525389365,Yes,With Traffic,B: Suspected Minor Injury,Male,Williamston,Martin,Yes,Tuesday,Motorist Overtaking Bicyclist,22.0,August,Motorist Overtaking - Other / Unknown,2010,40.0,No,O: No Injury,Male,Truck/Trailer,No,35.85213981,-77.04666079,Dry,40 - 45  MPH,No Control Present,Clear,No,0,1,8
No,18.0,No,Facing Traffic,A: Suspected Serious Injury,Female,Raleigh,Wake,No,Tuesday,Motorist Failed to Yield - Sign-Controlled Intersection,22.0,August,Motorist Drive Out - Sign-Controlled Intersection,2010,42.03850604944766,Missing,Unknown Injury,Unknown,Unknown,Yes,35.78194237,-78.67157912,Dry,20 - 25  MPH,Stop Sign,Clear,No,1,0,8
Yes,46.0,Yes,Facing Traffic,B: Suspected Minor Injury,Male,Burlington,Alamance,Yes,Thursday,Bicyclist Failed to Yield - Signalized Intersection,13.0,September,Bicyclist Ride Through - Signalized Intersection,2010,50.0,No,O: No Injury,Male,Passenger Car,No,36.08880191,-79.4303877,Dry,30 - 35  MPH,Stop And Go Signal,Clear,No,0,0,9
No,19.0,No,With Traffic,B: Suspected Minor Injury,Male,Chapel Hill,Orange,No,Wednesday,Motorist Left Turn / Merge,19.0,August,Motorist Left Turn - Opposite Direction,2010,21.0,No,O: No Injury,Male,Sport Utility,No,35.91268531,-79.04898881,Dry,20 - 25  MPH,No Control Present,Clear,No,0,0,8
Yes,26.0,No,With Traffic,A: Suspected Serious Injury,Male,Cary,Wake,Yes,Saturday,Motorist Overtaking Bicyclist,21.0,September,Motorist Overtaking - Other / Unknown,2010,26.0,Yes,O: No Injury,Female,Passenger Car,Yes,35.79153343,-78.78135184,Dry,30 - 35  MPH,No Control Present,Clear,No,0,0,9
Yes,62.0,No,With Traffic,C: Possible Injury,Male,None - Rural Crash,Pamlico,No,Thursday,Motorist Overtaking Bicyclist,7.0,September,Motorist Overtaking - Misjudged Space,2010,58.0,No,O: No Injury,Female,Van,No,35.01636326,-76.72810113,Dry,50 - 55  MPH,No Control Present,Clear,No,0,0,9
Yes,53.0,Yes,With Traffic,K: Killed,Male,None - Rural Crash,Nash,Yes,Wednesday,Motorist Overtaking Bicyclist,20.0,September,Motorist Overtaking - Other / Unknown,2010,16.0,No,O: No Injury,Male,Sport Utility,No,36.07051487,-77.74883746,Dry,50 - 55  MPH,No Control Present,Cloudy,No,0,0,9
Yes,12.0,No,With Traffic,B: Suspected Minor Injury,Male,Dallas,Gaston,No,Friday,Bicyclist Failed to Yield - Sign-Controlled Intersection,17.0,August,Bicyclist Ride Out - Sign-Controlled Intersection,2010,80.0,No,C: Possible Injury,Female,Passenger Car,No,35.31112971,-81.17805408,Dry,20 - 25  MPH,Stop Sign,Clear,No,0,0,8
Yes,19.0,No,With Traffic,B: Suspected Minor Injury,Male,Thomasville,Davidson,No,Wednesday,Loss of Control / Turning Error,18.0,September,Bicyclist Lost Control - Other / Unknown,2010,61.0,No,C: Possible Injury,Male,Passenger Car,No,35.89118147,-80.07930247,Dry,30 - 35  MPH,School Zone Signs,Clear,No,0,0,9
No,48.0,Yes,With Traffic,B: Suspected Minor Injury,Male,Fayetteville,Cumberland,Yes,Wednesday,Motorist Overtaking Bicyclist,21.0,September,Motorist Overtaking - Other / Unknown,2010,42.03850604944766,Missing,Unknown Injury,Unknown,Unknown,Yes,35.06722152,-78.88910469,Dry,30 - 35  MPH,No Control Present,Clear,No,1,0,9
Yes,15.0,No,With Traffic,B: Suspected Minor Injury,Male,Morganton,Burke,No,Sunday,Bicyclist Left Turn / Merge,13.0,September,Bicyclist Left Turn - Same Direction,2010,48.0,No,O: No Injury,Male,Pickup,No,35.72447104,-81.74377178,Dry,40 - 45  MPH,No Control Present,Clear,No,0,0,9
Yes,11.0,No,With Traffic,C: Possible Injury,Female,None - Rural Crash,Onslow,No,Sunday,Bicyclist Left Turn / Merge,14.0,September,Bicyclist Left Turn - Same Direction,2010,58.0,No,B: Suspected Minor Injury,Male,Motorcycle,No,34.92563596,-77.33550934,Dry,50 - 55  MPH,No Control Present,Clear,No,0,0,9
Yes,9.0,No,Not Applicable,C: Possible Injury,Male,Cary,Wake,No,Tuesday,Non-Roadway,18.0,September,Non-Roadway,2010,57.0,No,O: No Injury,Male,Van,No,35.82910866,-78.77141486,Dry,5 - 15 MPH,No Control Present,Clear,No,0,0,9
No,11.0,Yes,Not Applicable,O: No Injury,Male,Ocean Isle Beach,Brunswick,Yes,Saturday,Non-Roadway,14.0,September,Non-Roadway,2010,25.0,No,O: No Injury,Male,Passenger Car,No,33.88741906,-78.43630998,Dry,Unknown,No Control Present,Clear,No,0,0,9
No,31.0,Yes,With Traffic,O: No Injury,Male,Cary,Wake,Yes,Friday,Bicyclist Failed to Yield - Sign-Controlled Intersection,22.0,September,Bicyclist Ride Through - Sign-Controlled Intersection,2010,43.0,No,O: No Injury,Male,"Light Truck (Mini-Van, Panel)",No,35.78505536,-78.77862671,Dry,20 - 25  MPH,Stop Sign,Clear,No,0,0,9
Yes,13.0,No,Facing Traffic,C: Possible Injury,Male,Charlotte,Mecklenburg,No,Monday,Motorist Failed to Yield - Signalized Intersection,17.0,September,Motorist Drive Out - Signalized Intersection,2010,82.0,No,C: Possible Injury,Male,Passenger Car,No,35.15461097,-80.79505411,Dry,40 - 45  MPH,Stop And Go Signal,Clear,No,0,0,9
Yes,20.0,No,With Traffic,B: Suspected Minor Injury,Male,Winston-Salem,Forsyth,No,Friday,Motorist Right Turn / Merge,11.0,September,Motorist Right Turn - Same Direction,2010,34.0,No,O: No Injury,Female,Passenger Car,No,36.10045919,-80.25456481,Dry,30 - 35  MPH,No Control Present,Clear,No,0,0,9
Yes,24.0,No,With Traffic,C: Possible Injury,Male,Salisbury,Rowan,No,Monday,Motorist Overtaking Bicyclist,11.0,September,Motorist Overtaking - Other / Unknown,2010,37.0,No,O: No Injury,Male,Van,No,35.65832313,-80.45989373,Dry,60 - 75 MPH,Yield Sign,Clear,No,0,0,9
Yes,52.0,No,With Traffic,A: Suspected Serious Injury,Male,None - Rural Crash,Hoke,No,Friday,Motorist Overtaking Bicyclist,21.0,September,Motorist Overtaking - Other / Unknown,2010,42.03850604944766,Unknown,Unknown Injury,Unknown,Unknown,Yes,34.9577769,-79.19789774,Dry,50 - 55  MPH,No Control Present,Clear,No,1,0,9
Yes,42.0,Yes,With Traffic,C: Possible Injury,Male,None - Rural Crash,Robeson,Yes,Monday,Motorist Overtaking Bicyclist,19.0,September,Motorist Overtaking - Bicyclist Swerved,2010,28.0,No,O: No Injury,Male,Passenger Car,No,34.70202167,-79.15076211,Dry,50 - 55  MPH,"Double Yellow Line, No Passing Zone",Clear,No,0,0,9
No,29.0,No,With Traffic,C: Possible Injury,Male,Winston-Salem,Forsyth,No,Thursday,Motorist Right Turn / Merge,11.0,September,Motorist Right Turn on Red - Same Direction,2010,42.03850604944766,Missing,Unknown Injury,Unknown,Unknown,Yes,36.06862884,-80.22697802,Dry,30 - 35  MPH,Stop And Go Signal,Clear,No,1,0,9
Yes,18.0,No,With Traffic,B: Suspected Minor Injury,Female,Wilmington,New Hanover,No,Monday,Motorist Failed to Yield - Signalized Intersection,12.0,August,Motorist Drive Out - Signalized Intersection,2010,50.0,No,O: No Injury,Male,Passenger Car,No,34.24004313,-77.94670519,Dry,20 - 25  MPH,Stop And Go Signal,Clear,No,0,0,8
No,53.0,No,With Traffic,C: Possible Injury,Male,Chapel Hill,Orange,No,Wednesday,Bicyclist Overtaking Motorist,17.0,September,Bicyclist Overtaking - Extended Door,2010,42.0,No,O: No Injury,Female,Passenger Car,No,35.91198883,-79.05894941,Dry,20 - 25  MPH,"Double Yellow Line, No Passing Zone",Cloudy,No,0,0,9
Yes,15.0,No,With Traffic,B: Suspected Minor Injury,Male,None - Rural Crash,Lincoln,No,Sunday,Bicyclist Left Turn / Merge,16.0,August,Bicyclist Left Turn - Same Direction,2010,54.0,No,O: No Injury,Male,Passenger Car,No,35.51739551,-81.13306189,Dry,40 - 45  MPH,"Double Yellow Line, No Passing Zone",Clear,No,0,0,8
Yes,29.0,No,With Traffic,B: Suspected Minor Injury,Male,Durham,Durham,No,Monday,Motorist Left Turn / Merge,18.0,September,Motorist Left Turn - Opposite Direction,2010,43.0,No,C: Possible Injury,Male,Motorcycle,No,35.96364275,-78.90745429,Dry,20 - 25  MPH,Stop And Go Signal,Clear,No,0,0,9
No,37.0,Unknown,Facing Traffic,C: Possible Injury,Male,Wilmington,New Hanover,No,Monday,Motorist Failed to Yield - Midblock,18.0,August,Motorist Drive Out - Midblock - Unknown,2010,43.0,Unknown,O: No Injury,Female,Passenger Car,No,34.23908661,-77.91102699,Dry,30 - 35  MPH,No Control Present,Clear,No,0,0,8
No,24.0,No,With Traffic,O: No Injury,Male,Raleigh,Wake,No,Saturday,Motorist Overtaking Bicyclist,0.0,August,Motorist Overtaking - Other / Unknown,2010,49.0,Unknown,O: No Injury,Male,Unknown,Yes,35.78135431,-78.64750914,Dry,30 - 35  MPH,"Double Yellow Line, No Passing Zone",Clear,No,0,0,8
Yes,11.0,No,With Traffic,C: Possible Injury,Male,Raleigh,Wake,No,Sunday,Head-On,18.0,August,Head-On - Unknown,2010,40.0,No,O: No Injury,Female,Passenger Car,No,35.75314032,-78.60386137,Dry,20 - 25  MPH,No Control Present,Clear,No,0,0,8
No,46.0,No,With Traffic,C: Possible Injury,Male,Raleigh,Wake,No,Wednesday,Motorist Overtaking Bicyclist,16.0,July,Motorist Overtaking - Misjudged Space,2010,42.03850604944766,Missing,Unknown Injury,Unknown,Unknown,Yes,35.7826196,-78.65539759,Dry,30 - 35  MPH,Yield Sign,Clear,No,1,0,7
No,16.0,No,Not Applicable,O: No Injury,Male,Brevard,Transylvania,No,Friday,Non-Roadway,15.0,September,Non-Roadway,2010,18.0,No,O: No Injury,Male,Sport Utility,No,35.21831365,-82.7353698,Dry,5 - 15 MPH,No Control Present,Clear,No,0,0,9
No,29.0,No,With Traffic,B: Suspected Minor Injury,Male,Raleigh,Wake,No,Saturday,Motorist Left Turn / Merge,1.0,August,Motorist Left Turn - Opposite Direction,2010,24.0,No,O: No Injury,Male,Passenger Car,No,35.87540527,-78.72041964,Dry,30 - 35  MPH,Stop Sign,Clear,No,0,0,8
No,19.0,No,Not Applicable,O: No Injury,Male,Southern Pines,Moore,No,Friday,Non-Roadway,7.0,September,Non-Roadway,2010,24.0,No,O: No Injury,Female,Passenger Car,No,35.17608659,-79.38883691,Dry,Unknown,No Control Present,Clear,No,0,0,9
Yes,44.0,No,Facing Traffic,B: Suspected Minor Injury,Male,Leland,Brunswick,No,Saturday,Head-On,20.0,August,Head-On - Bicyclist,2010,42.03850604944766,Missing,Unknown Injury,Unknown,Unknown,Yes,34.23629004,-78.01351825,Dry,40 - 45  MPH,No Control Present,Clear,No,1,0,8
Yes,8.0,No,With Traffic,C: Possible Injury,Male,Huntersville,Mecklenburg,No,Friday,Loss of Control / Turning Error,16.0,September,Bicyclist Lost Control - Mechanical Problems,2010,73.0,No,O: No Injury,Male,Passenger Car,No,35.4212802,-80.87437618,Dry,30 - 35  MPH,Stop Sign,Clear,No,0,0,9
No,20.0,No,Unknown,B: Suspected Minor Injury,Male,Raleigh,Wake,No,Thursday,Other / Unknown - Insufficient Details,17.0,September,Unknown Approach Paths,2010,21.0,No,B: Suspected Minor Injury,Female,Passenger Car,No,35.78658722,-78.68092189,Dry,20 - 25  MPH,Stop Sign,Clear,No,0,0,9
Yes,26.0,No,Not Applicable,B: Suspected Minor Injury,Female,Wilmington,New Hanover,No,Monday,Bicyclist Failed to Yield - Midblock,18.0,September,Bicyclist Ride Out - Midblock - Unknown,2010,49.0,No,O: No Injury,Male,Passenger Car,No,34.24269052,-77.89217281,Dry,30 - 35  MPH,No Control Present,Clear,No,0,0,9
Yes,12.0,No,With Traffic,C: Possible Injury,Male,None - Rural Crash,Camden,No,Saturday,Loss of Control / Turning Error,18.0,September,Bicyclist Lost Control - Other / Unknown,2010,58.0,No,O: No Injury,Female,Sport Utility,No,36.33866619,-76.13074834,Dry,50 - 55  MPH,No Control Present,Clear,No,0,0,9
Yes,24.0,No,With Traffic,B: Suspected Minor Injury,Male,None - Rural Crash,Carteret,No,Friday,Motorist Overtaking Bicyclist,21.0,September,Motorist Overtaking - Other / Unknown,2010,21.0,Missing,C: Possible Injury,Male,Motorcycle,No,34.78076235,-76.57322908,Dry,50 - 55  MPH,"Double Yellow Line, No Passing Zone",Clear,No,0,0,9
Yes,11.0,No,With Traffic,B: Suspected Minor Injury,Male,Durham,Durham,No,Saturday,Motorist Failed to Yield - Signalized Intersection,17.0,September,Motorist Drive Through - Signalized Intersection,2010,44.0,No,O: No Injury,Female,Sport Utility,No,36.00984302,-78.90830964,Dry,30 - 35  MPH,Stop And Go Signal,Clear,No,0,0,9
Yes,41.0,No,With Traffic,B: Suspected Minor Injury,Male,None - Rural Crash,Caldwell,No,Sunday,Motorist Left Turn / Merge,9.0,September,Motorist Left Turn - Same Direction,2010,53.0,No,O: No Injury,Male,Motorcycle,No,36.04857083,-81.4732814,Dry,50 - 55  MPH,"Double Yellow Line, No Passing Zone",Clear,No,0,0,9
Yes,24.0,No,With Traffic,B: Suspected Minor Injury,Male,Chadbourn,Columbus,No,Wednesday,Motorist Right Turn / Merge,10.0,August,Motorist Right Turn - Same Direction,2010,31.0,No,O: No Injury,Female,Passenger Car,No,34.33063399,-78.82499765,Dry,30 - 35  MPH,No Control Present,Clear,No,0,0,8
Yes,52.0,No,With Traffic,B: Suspected Minor Injury,Male,Lumberton,Robeson,No,Monday,Motorist Failed to Yield - Sign-Controlled Intersection,19.0,September,Motorist Drive Out - Sign-Controlled Intersection,2010,68.0,No,O: No Injury,Male,Pickup,No,34.62399421,-79.00850486,Dry,30 - 35  MPH,Other,Clear,No,0,0,9
No,42.0,No,With Traffic,B: Suspected Minor Injury,Male,None - Rural Crash,Henderson,No,Monday,Motorist Right Turn / Merge,13.0,September,Motorist Right Turn - Same Direction,2010,41.0,No,O: No Injury,Male,Pickup,No,35.39480177,-82.4986854,Dry,40 - 45  MPH,No Control Present,Clear,No,0,0,9
No,21.0,No,With Traffic,C: Possible Injury,Female,Carrboro,Orange,No,Thursday,Bicyclist Left Turn / Merge,7.0,September,Bicyclist Left Turn - Opposite Direction,2010,47.0,No,O: No Injury,Female,Passenger Car,No,35.90706181,-79.06388934,Dry,20 - 25  MPH,Stop And Go Signal,Clear,No,0,0,9
Yes,52.0,No,Facing Traffic,C: Possible Injury,Male,Washington,Beaufort,No,Tuesday,Motorist Failed to Yield - Midblock,14.0,September,Motorist Drive Out - Commercial Driveway / Alley,2010,17.0,No,O: No Injury,Female,Passenger Car,No,35.54652531,-77.03274073,Dry,40 - 45  MPH,No Control Present,Clear,No,0,0,9
Yes,40.0,No,With Traffic,O: No Injury,Unknown,Charlotte,Mecklenburg,No,Tuesday,Motorist Left Turn / Merge,22.0,September,Motorist Left Turn - Opposite Direction,2010,27.0,No,O: No Injury,Male,Sport Utility,No,35.18873822,-80.87548855,Dry,30 - 35  MPH,Stop And Go Signal,Clear,No,0,0,9
No,17.0,No,With Traffic,C: Possible Injury,Male,Charlotte,Mecklenburg,No,Saturday,Motorist Overtaking Bicyclist,16.0,September,Motorist Overtaking - Other / Unknown,2010,42.03850604944766,Missing,Unknown Injury,Unknown,Unknown,Yes,35.20410384,-80.89236017,Dry,30 - 35  MPH,No Control Present,Cloudy,No,1,0,9
No,8.0,No,Unknown,C: Possible Injury,Female,Charlotte,Mecklenburg,No,Saturday,Bicyclist Failed to Yield - Sign-Controlled Intersection,12.0,September,Bicyclist Ride Through - Sign-Controlled Intersection,2010,66.0,No,O: No Injury,Male,Passenger Car,No,35.28063823,-80.81791911,Dry,20 - 25  MPH,Stop Sign,Cloudy,No,0,0,9
No,12.0,No,Facing Traffic,O: No Injury,Male,Charlotte,Mecklenburg,No,Thursday,Motorist Failed to Yield - Sign-Controlled Intersection,21.0,September,Motorist Drive Out - Sign-Controlled Intersection,2010,19.0,No,O: No Injury,Female,Passenger Car,No,35.2129188,-80.68708382,Dry,5 - 15 MPH,Stop Sign,Clear,No,0,0,9
Yes,37.0,No,With Traffic,C: Possible Injury,Male,None - Rural Crash,Union,No,Monday,Motorist Overtaking Bicyclist,19.0,September,Motorist Overtaking - Undetected Bicyclist,2010,55.0,No,O: No Injury,Male,Pickup,No,35.09061278,-80.49901038,Dry,40 - 45  MPH,"Double Yellow Line, No Passing Zone",Clear,No,0,0,9
Yes,51.0,Unknown,With Traffic,C: Possible Injury,Male,Newton,Catawba,No,Friday,Motorist Failed to Yield - Midblock,16.0,September,Motorist Drive Out - Commercial Driveway / Alley,2010,46.0,No,O: No Injury,Female,Passenger Car,No,35.66005956,-81.22166181,Dry,Unknown,No Control Present,Clear,No,0,0,9
No,24.0,No,With Traffic,B: Suspected Minor Injury,Male,Boone,Watauga,No,Friday,Motorist Left Turn / Merge,11.0,September,Motorist Left Turn - Opposite Direction,2010,25.0,No,O: No Injury,Female,Passenger Car,No,36.21256708,-81.68102409,Dry,20 - 25  MPH,"Double Yellow Line, No Passing Zone",Clear,No,0,0,9
No,19.0,No,With Traffic,B: Suspected Minor Injury,Female,Chapel Hill,Orange,No,Saturday,Motorist Right Turn / Merge,21.0,September,Motorist Right Turn - Same Direction,2010,42.03850604944766,Missing,Unknown Injury,Unknown,Passenger Car,Yes,35.90886051,-79.05933422,Dry,Unknown,No Control Present,Clear,No,1,0,9
No,23.0,No,With Traffic,C: Possible Injury,Male,Carrboro,Orange,No,Saturday,Motorist Overtaking Bicyclist,11.0,September,Motorist Overtaking - Misjudged Space,2010,42.03850604944766,Unknown,Unknown Injury,Unknown,Unknown,Yes,35.90349218,-79.07243322,Dry,20 - 25  MPH,No Control Present,Clear,No,1,0,9
Yes,52.0,No,Facing Traffic,O: No Injury,Male,Charlotte,Mecklenburg,No,Wednesday,Motorist Failed to Yield - Signalized Intersection,15.0,September,Motorist Drive Out - Right Turn on Red,2010,31.0,No,O: No Injury,Male,Passenger Car,No,35.22919777,-80.86128042,Dry,30 - 35  MPH,Stop And Go Signal,Clear,No,0,0,9
Yes,51.0,No,With Traffic,B: Suspected Minor Injury,Male,Durham,Durham,No,Monday,Motorist Left Turn / Merge,18.0,September,Motorist Left Turn - Opposite Direction,2010,37.0,No,O: No Injury,Female,Sport Utility,No,36.03746353,-78.93554562,Dry,30 - 35  MPH,Stop And Go Signal,Clear,No,0,0,9
Yes,48.0,No,With Traffic,B: Suspected Minor Injury,Male,Concord,Cabarrus,No,Tuesday,Bicyclist Failed to Yield - Signalized Intersection,16.0,September,Bicyclist Ride Out - Signalized  Intersection,2010,19.0,No,O: No Injury,Female,Passenger Car,No,35.39819177,-80.59975365,Dry,30 - 35  MPH,Stop And Go Signal,Clear,No,0,0,9
Yes,46.0,No,With Traffic,B: Suspected Minor Injury,Male,Asheville,Buncombe,No,Tuesday,Motorist Left Turn / Merge,18.0,September,Motorist Left Turn - Opposite Direction,2010,24.0,No,O: No Injury,Female,Sport Utility,No,35.57766229,-82.57627816,Dry,30 - 35  MPH,No Control Present,Clear,No,0,0,9
No,13.0,Unknown,Facing Traffic,C: Possible Injury,Male,Charlotte,Mecklenburg,No,Monday,Motorist Failed to Yield - Sign-Controlled Intersection,17.0,September,Motorist Drive Out - Sign-Controlled Intersection,2010,45.0,No,O: No Injury,Female,Passenger Car,No,35.13096906,-80.8539871,Dry,30 - 35  MPH,Stop Sign,Clear,No,0,0,9
No,10.0,No,With Traffic,B: Suspected Minor Injury,Male,Charlotte,Mecklenburg,No,Monday,Bicyclist Failed to Yield - Sign-Controlled Intersection,19.0,September,Bicyclist Ride Out - Sign-Controlled Intersection,2010,42.03850604944766,Missing,Unknown Injury,Unknown,Unknown,Yes,35.21628669,-80.90940158,Dry,30 - 35  MPH,Stop Sign,Clear,No,1,0,9
Yes,50.0,No,Facing Traffic,B: Suspected Minor Injury,Male,Raleigh,Wake,No,Tuesday,Motorist Failed to Yield - Signalized Intersection,23.0,August,Motorist Drive Out - Signalized Intersection,2010,38.0,No,O: No Injury,Female,Passenger Car,No,35.75378725,-78.64921265,Dry,40 - 45  MPH,Stop And Go Signal,Clear,No,0,0,8
Yes,38.0,No,With Traffic,B: Suspected Minor Injury,Male,Cary,Wake,No,Thursday,Motorist Left Turn / Merge,17.0,September,Motorist Left Turn - Opposite Direction,2010,42.0,No,O: No Injury,Female,Passenger Car,No,35.78575354,-78.82140457,Dry,40 - 45  MPH,No Control Present,Clear,No,0,0,9
Yes,25.0,No,With Traffic,C: Possible Injury,Male,Greensboro,Guilford,No,Saturday,Motorist Left Turn / Merge,20.0,September,Motorist Left Turn - Opposite Direction,2010,17.0,No,O: No Injury,Male,Passenger Car,No,36.0657177,-79.83194273,Dry,30 - 35  MPH,Stop Sign,Clear,No,0,0,9
No,58.0,No,With Traffic,B: Suspected Minor Injury,Male,None - Rural Crash,Guilford,No,Saturday,Motorist Overtaking Bicyclist,6.0,September,Motorist Overtaking - Other / Unknown,2010,39.0,No,O: No Injury,Male,Passenger Car,No,36.09731793,-79.99603339,Dry,40 - 45  MPH,"Double Yellow Line, No Passing Zone",Clear,No,0,0,9
Yes,15.0,No,With Traffic,C: Possible Injury,Male,None - Rural Crash,Beaufort,No,Friday,Motorist Overtaking Bicyclist,22.0,September,Motorist Overtaking - Misjudged Space,2010,25.0,No,O: No Injury,Male,Passenger Car,No,35.58532898,-77.09540047,Dry,50 - 55  MPH,No Control Present,Clear,No,0,0,9
Yes,34.0,No,With Traffic,C: Possible Injury,Male,Greensboro,Guilford,No,Sunday,Motorist Left Turn / Merge,17.0,September,Motorist Left Turn - Opposite Direction,2010,20.0,No,O: No Injury,Female,Passenger Car,No,36.06861851,-79.82315603,Dry,30 - 35  MPH,Flashing Stop And Go Signal,Clear,No,0,0,9
Yes,57.0,No,With Traffic,B: Suspected Minor Injury,Male,Fayetteville,Cumberland,No,Saturday,Motorist Overtaking Bicyclist,22.0,September,Motorist Overtaking - Other / Unknown,2010,49.0,No,O: No Injury,Male,Passenger Car,No,35.15118164,-78.87051659,Dry,40 - 45  MPH,No Control Present,Clear,No,0,0,9
Yes,55.0,Yes,With Traffic,C: Possible Injury,Male,None - Rural Crash,New Hanover,Yes,Monday,Loss of Control / Turning Error,19.0,September,Bicyclist Lost Control - Other / Unknown,2010,52.0,No,O: No Injury,Female,Passenger Car,No,34.19585189,-77.90633257,Dry,40 - 45  MPH,No Control Present,Clear,No,0,0,9
Yes,79.0,No,With Traffic,A: Suspected Serious Injury,Male,Rocky Mount,Edgecombe,No,Friday,Bicyclist Left Turn / Merge,5.0,August,Bicyclist Left Turn - Same Direction,2010,33.0,No,O: No Injury,Female,Passenger Car,No,35.90827277,-77.80556837,Dry,40 - 45  MPH,No Control Present,Cloudy,No,0,0,8