AmbulanceR,BikeAge,BikeAlcFlg,BikeDir,BikeInjury,BikeSex,City,County,CrashAlcoh,CrashDay,CrashGrp,CrashHour,CrashMonth,CrashType,CrashYear,DrvrAge,DrvrAlcFlg,DrvrInjury,DrvrSex,DrvrVehTyp,HitRun,Latitude,Longitude,RdConditio,SpeedLimit,TraffCntrl,Weather,Workzone,DrvrAgeImputedFlag,BikeAgeImputedFlag,MonthCode
Yes,27.0,No,With Traffic,C: Possible Injury,Male,Gastonia,Gaston,No,Sunday,Bicyclist Failed to Yield - Signalized Intersection,16.0,September,Bicyclist Ride Out - Signalized  Intersection,2010,52.0,No,O: No Injury,Female,Passenger Car,No,35.23873004,-81.19475809,Dry,30 - 35  MPH,Stop And Go Signal,Clear,No,0,0,9
Yes,48.0,Yes,Not Applicable,O: No Injury,Male,Sunset Beach,Brunswick,Yes,Tuesday,Bicyclist Failed to Yield - Midblock,8.0,September,Bicyclist Ride Out - Other Midblock,2010,38.0,No,B: Suspected Minor Injury,Female,Sport Utility,No,33.86996175,-78.50123901,Dry,30 - 35  MPH,No Control Present,Clear,No,0,0,9
No,48.0,No,With Traffic,B: Suspected Minor Injury,Male,Charlotte,Mecklenburg,No,Sunday,Motorist Overtaking Bicyclist,7.0,September,Motorist Overtaking - Undetected Bicyclist,2010,36.0,No,O: No Injury,Male,Pickup,No,35.24623021,-80.65899886,Dry,40 - 45  MPH,No Control Present,Clear,No,0,0,9
Yes,48.0,No,With Traffic,K: Killed,Male,None - Rural Crash,Randolph,No,Sunday,Loss of Control / Turning Error,7.0,September,Motorist Lost Control - Other / Unknown,2010,42.03850604944766,Unknown,Unknown Injury,Unknown,Pickup,Yes,35.84162518,-79.59876289,Dry,50 - 55  MPH,No Control Present,Clear,No,1,0,9
Yes,22.0,No,Facing Traffic,C: Possible Injury,Male,Mooresville,Iredell,No,Wednesday,Motorist Failed to Yield - Midblock,15.0,September,Motorist Drive Out - Other Midblock,2010,60.0,No,O: No Injury,Male,Sport Utility,No,35.58996936,-80.84259016,Dry,40 - 45  MPH,No Control Present,Clear,No,0,0,9
Yes,61.0,No,With Traffic,O: No Injury,Male,None - Rural Crash,Brunswick,No,Sunday,Bicyclist Left Turn / Merge,12.0,September,Bicyclist Left Turn - Same Direction,2010,40.0,No,O: No Injury,Female,Passenger Car,No,33.99479081,-78.58055831,Wet,50 - 55  MPH,No Control Present,Rain,No,0,0,9
Yes,21.0,No,Facing Traffic,B: Suspected Minor Injury,Male,Charlotte,Mecklenburg,No,Saturday,Crossing Paths - Other Circumstances,5.0,September,Signalized Intersection - Other / Unknown,2010,23.0,No,O: No Injury,Female,Passenger Car,No,35.22906395,-80.83137651,Dry,30 - 35  MPH,Stop And Go Signal,Clear,No,0,0,9
No,38.0,No,With Traffic,B: Suspected Minor Injury,Male,Charlotte,Mecklenburg,No,Thursday,Motorist Failed to Yield - Sign-Controlled Intersection,16.0,September,Motorist Drive Out - Sign-Controlled Intersection,2010,17.0,No,O: No Injury,Male,Sport Utility,No,35.05483214,-80.85333785,Dry,20 - 25  MPH,Stop Sign,Clear,No,0,0,9
Yes,58.0,No,With Traffic,B: Suspected Minor Injury,Male,Greensboro,Guilford,No,Wednesday,Motorist Overtaking Bicyclist,5.0,September,Motorist Overtaking - Other / Unknown,2010,29.0,No,O: No Injury,Male,Pickup,No,36.07896679,-79.9263861,Dry,40 - 45  MPH,No Control Present,Cloudy,No,0,0,9
Yes,61.0,No,With Traffic,C: Possible Injury,Male,Charlotte,Mecklenburg,No,Tuesday,Motorist Right Turn / Merge,12.0,September,Motorist Right Turn - Same Direction,2010,56.0,No,O: No Injury,Female,Passenger Car,No,35.1767076,-80.85093379,Dry,20 - 25  MPH,Stop Sign,Clear,No,0,0,9
No,59.0,No,With Traffic,O: No Injury,Male,Charlotte,Mecklenburg,No,Wednesday,Loss of Control / Turning Error,9.0,September,Bicyclist Lost Control - Other / Unknown,2010,49.0,No,O: No Injury,Male,Commercial Bus,No,35.29613198,-80.83958057,Dry,30 - 35  MPH,No Control Present,Clear,No,0,0,9
No,11.0,No,Facing Traffic,C: Possible Injury,Male,Hendersonville,Henderson,No,Sunday,Motorist Failed to Yield - Sign-Controlled Intersection,17.0,June,Motorist Drive Out - Sign-Controlled Intersection,2010,40.0,No,O: No Injury,Male,Passenger Car,No,35.31119386,-82.46151707,Dry,30 - 35  MPH,Stop Sign,Clear,No,0,0,6
Yes,36.0,No,Facing Traffic,C: Possible Injury,Male,High Point,Guilford,No,Friday,Crossing Paths - Other Circumstances,9.0,September,Sign-Controlled Intersection - Other / Unknown,2010,90.0,No,O: No Injury,Male,Passenger Car,No,35.94451536,-80.03407789,Dry,30 - 35  MPH,Stop Sign,Cloudy,No,0,0,9
No,40.0,No,With Traffic,C: Possible Injury,Male,High Point,Guilford,No,Thursday,Bicyclist Overtaking Motorist,12.0,September,Bicyclist Overtaking - Passing on Left,2010,35.0,No,O: No Injury,Male,Police,No,35.97434968,-80.01821484,Dry,30 - 35  MPH,No Control Present,Clear,No,0,0,9
Yes,52.0,No,With Traffic,C: Possible Injury,Male,Farmville,Pitt,No,Friday,Motorist Overtaking Bicyclist,7.0,September,Motorist Overtaking - Misjudged Space,2010,63.0,No,O: No Injury,Male,Pickup,No,35.58661029,-77.60625342,Dry,40 - 45  MPH,No Control Present,Clear,No,0,0,9
Yes,38.0,No,With Traffic,B: Suspected Minor Injury,Male,High Shoals,Gaston,No,Thursday,Motorist Overtaking Bicyclist,6.0,September,Motorist Overtaking - Undetected Bicyclist,2010,33.0,No,O: No Injury,Male,Truck/Trailer,No,35.40626703,-81.2099332,Wet,60 - 75 MPH,No Control Present,Clear,No,0,0,9
Yes,54.0,No,With Traffic,B: Suspected Minor Injury,Male,Chapel Hill,Orange,No,Wednesday,Motorist Overtaking Bicyclist,5.0,September,Motorist Overtaking - Other / Unknown,2010,55.0,No,O: No Injury,Male,Passenger Car,No,35.96970826,-79.07502611,Dry,40 - 45  MPH,Stop And Go Signal,Clear,No,0,0,9
Yes,10.0,No,With Traffic,C: Possible Injury,Male,None - Rural Crash,Dare,No,Wednesday,Bicyclist Left Turn / Merge,16.0,September,Bicyclist Left Turn - Same Direction,2010,65.0,No,O: No Injury,Female,Sport Utility,No,35.97032296,-75.6360823,Dry,30 - 35  MPH,"Double Yellow Line, No Passing Zone",Cloudy,No,0,0,9
Yes,48.0,Yes,With Traffic,C: Possible Injury,Male,None - Rural Crash,Sampson,Yes,Thursday,Loss of Control / Turning Error,23.0,September,Motorist Lost Control - Other / Unknown,2010,42.03850604944766,Missing,Unknown Injury,Unknown,Passenger Car,Yes,34.96466485,-78.51215601,Wet,50 - 55  MPH,"Double Yellow Line, No Passing Zone",Cloudy,No,1,0,9
No,45.0,No,With Traffic,C: Possible Injury,Male,Burlington,Alamance,No,Tuesday,Crossing Paths - Other Circumstances,17.0,September,Crossing Paths - Intersection - Other / Unknown,2010,42.0,No,O: No Injury,Male,Passenger Car,No,36.0676306,-79.42614028,Dry,40 - 45  MPH,No Control Present,Clear,No,0,0,9
Yes,15.0,No,Facing Traffic,C: Possible Injury,Male,Concord,Cabarrus,No,Tuesday,Crossing Paths - Other Circumstances,18.0,September,Sign-Controlled Intersection - Other / Unknown,2010,76.0,No,O: No Injury,Female,Passenger Car,No,35.41570057,-80.58693365,Dry,30 - 35  MPH,Stop Sign,Clear,No,0,0,9
Yes,59.0,No,With Traffic,C: Possible Injury,Male,None - Rural Crash,Hoke,No,Friday,Motorist Overtaking Bicyclist,11.0,October,Motorist Overtaking - Other / Unknown,2010,42.03850604944766,Unknown,Unknown Injury,Unknown,Passenger Car,Yes,34.99989456,-79.2119654,Dry,50 - 55  MPH,No Control Present,Clear,No,1,0,10
Yes,20.0,No,With Traffic,C: Possible Injury,Male,Cary,Wake,No,Friday,Crossing Paths - Other Circumstances,12.0,October,Signalized Intersection - Other / Unknown,2010,52.0,No,O: No Injury,Male,Sport Utility,No,35.76742515,-78.78260403,Dry,30 - 35  MPH,Stop And Go Signal,Cloudy,No,0,0,10
No,49.0,No,With Traffic,B: Suspected Minor Injury,Female,Pineville,Mecklenburg,No,Saturday,Crossing Paths - Other Circumstances,8.0,September,Signalized Intersection - Other / Unknown,2010,80.0,No,O: No Injury,Male,Passenger Car,No,35.09484063,-80.8663849,Dry,30 - 35  MPH,Stop And Go Signal,Clear,No,0,0,9
Yes,28.0,No,Facing Traffic,C: Possible Injury,Male,Pineville,Mecklenburg,No,Friday,Motorist Failed to Yield - Sign-Controlled Intersection,11.0,August,Motorist Drive Through - Sign-Controlled Intersection,2010,20.0,No,O: No Injury,Male,Pickup,No,35.09008672,-80.88576454,Dry,30 - 35  MPH,Stop Sign,Clear,No,0,0,8
No,24.0,No,Not Applicable,C: Possible Injury,Male,Pineville,Mecklenburg,Yes,Thursday,Non-Roadway,22.0,August,Non-Roadway,2010,39.0,Yes,O: No Injury,Male,Pickup,No,35.09418727,-80.86734497,Wet,5 - 15 MPH,No Control Present,Rain,No,0,0,8
Yes,49.0,No,With Traffic,B: Suspected Minor Injury,Male,None - Rural Crash,Iredell,No,Saturday,Motorist Failed to Yield - Midblock,19.0,October,Motorist Drive Out - Other Midblock,2010,43.0,No,O: No Injury,Male,Pickup,No,35.78252714,-81.00419447,Dry,40 - 45  MPH,"Double Yellow Line, No Passing Zone",Clear,No,0,0,10
No,17.0,No,With Traffic,A: Suspected Serious Injury,Male,None - Rural Crash,New Hanover,No,Tuesday,Motorist Overtaking Bicyclist,6.0,October,Motorist Overtaking - Other / Unknown,2010,44.0,No,O: No Injury,Female,Sport Utility,No,34.26411915,-77.83288942,Dry,40 - 45  MPH,No Control Present,Clear,No,0,0,10
Yes,32.0,No,With Traffic,C: Possible Injury,Male,Chapel Hill,Orange,No,Tuesday,Motorist Overtaking Bicyclist,19.0,September,Motorist Overtaking - Undetected Bicyclist,2010,61.0,No,O: No Injury,Female,Passenger Car,No,35.93969454,-79.05468263,Dry,30 - 35  MPH,No Control Present,Clear,No,0,0,9
Yes,59.0,No,With Traffic,B: Suspected Minor Injury,Male,Charlotte,Mecklenburg,No,Wednesday,Motorist Failed to Yield - Sign-Controlled Intersection,19.0,September,Motorist Drive Out - Sign-Controlled Intersection,2010,53.0,No,O: No Injury,Male,Pickup,No,35.30741309,-80.84683123,Wet,40 - 45  MPH,Stop Sign,Rain,No,0,0,9
No,22.0,No,Facing Traffic,C: Possible Injury,Female,Fayetteville,Cumberland,No,Monday,Motorist Failed to Yield - Midblock,15.0,October,Motorist Drive Out - Other Midblock,2010,56.0,No,O: No Injury,Male,Passenger Car,No,35.08650262,-78.97817588,Dry,40 - 45  MPH,No Control Present,Clear,No,0,0,10
Yes,62.0,No,With Traffic,B: Suspected Minor Injury,Male,Hickory,Catawba,No,Monday,Motorist Failed to Yield - Signalized Intersection,12.0,September,Motorist Drive Out - Signalized Intersection,2010,56.0,No,O: No Injury,Male,Passenger Car,No,35.72906795,-81.36099466,Wet,30 - 35  MPH,Stop And Go Signal,Cloudy,No,0,0,9
Yes,23.0,No,With Traffic,B: Suspected Minor Injury,Male,Wilmington,New Hanover,No,Tuesday,Bicyclist Overtaking Motorist,16.0,September,Bicyclist Overtaking - Passing on Right,2010,60.0,No,O: No Injury,Male,Van,No,34.23899033,-77.93163261,Dry,20 - 25  MPH,No Control Present,Clear,No,0,0,9
Yes,13.0,No,With Traffic,C: Possible Injury,Male,None - Rural Crash,Northampton,No,Saturday,Motorist Overtaking Bicyclist,11.0,September,Motorist Overtaking - Bicyclist Swerved,2010,81.0,No,O: No Injury,Male,Pickup,No,36.48871662,-77.20150628,Dry,50 - 55  MPH,"Double Yellow Line, No Passing Zone",Clear,No,0,0,9
Yes,57.0,No,Facing Traffic,B: Suspected Minor Injury,Male,Charlotte,Mecklenburg,No,Friday,Motorist Failed to Yield - Signalized Intersection,16.0,October,Motorist Drive Out - Right Turn on Red,2010,37.0,No,O: No Injury,Male,Sport Utility,No,35.21229555,-80.76271946,Dry,30 - 35  MPH,Stop And Go Signal,Clear,No,0,0,10
No,36.0,No,With Traffic,C: Possible Injury,Male,Durham,Durham,No,Friday,Crossing Paths - Other Circumstances,7.0,October,Crossing Paths - Intersection - Other / Unknown,2010,23.0,No,O: No Injury,Male,Passenger Car,No,35.97247069,-78.93757782,Dry,20 - 25  MPH,No Control Present,Clear,No,0,0,10
No,38.0,No,With Traffic,B: Suspected Minor Injury,Male,Charlotte,Mecklenburg,No,Saturday,Motorist Left Turn / Merge,10.0,October,Motorist Left Turn - Opposite Direction,2010,53.0,No,O: No Injury,Male,Passenger Car,No,35.06643212,-80.84499114,Dry,40 - 45  MPH,Stop And Go Signal,Clear,No,0,0,10
Yes,28.0,No,With Traffic,B: Suspected Minor Injury,Male,Charlotte,Mecklenburg,No,Thursday,Crossing Paths - Other Circumstances,23.0,September,Crossing Paths - Intersection - Other / Unknown,2010,19.0,No,O: No Injury,Male,Passenger Car,No,35.29812762,-80.95883827,Wet,20 - 25  MPH,No Control Present,Rain,No,0,0,9
Yes,46.0,No,With Traffic,B: Suspected Minor Injury,Male,Charlotte,Mecklenburg,No,Sunday,Motorist Right Turn / Merge,13.0,October,Motorist Right Turn - Same Direction,2010,32.0,No,O: No Injury,Male,Passenger Car,No,35.20097854,-80.84347779,Dry,30 - 35  MPH,No Control Present,Cloudy,No,0,0,10
Yes,25.0,No,With Traffic,B: Suspected Minor Injury,Female,Charlotte,Mecklenburg,No,Friday,Motorist Left Turn / Merge,15.0,October,Motorist Left Turn - Opposite Direction,2010,85.0,No,O: No Injury,Male,Passenger Car,No,35.22207842,-80.84114036,Dry,30 - 35  MPH,Stop And Go Signal,Clear,No,0,0,10
Yes,12.0,No,With Traffic,B: Suspected Minor Injury,Male,None - Rural Crash,Cleveland,No,Saturday,Bicyclist Failed to Yield - Midblock,9.0,October,Bicyclist Ride Out - Other Midblock,2010,37.0,No,O: No Injury,Female,Passenger Car,No,35.28767115,-81.64032807,Dry,50 - 55  MPH,"Double Yellow Line, No Passing Zone",Clear,No,0,0,10
Yes,39.0,No,Facing Traffic,B: Suspected Minor Injury,Female,Swansboro,Onslow,Yes,Saturday,Motorist Failed to Yield - Midblock,12.0,October,Motorist Drive Out - Commercial Driveway / Alley,2010,43.0,Yes,O: No Injury,Female,Passenger Car,No,34.68474489,-77.11464832,Dry,50 - 55  MPH,No Control Present,Clear,No,0,0,10
Yes,48.0,No,With Traffic,B: Suspected Minor Injury,Male,None - Rural Crash,Henderson,No,Sunday,Motorist Left Turn / Merge,15.0,October,Motorist Left Turn - Opposite Direction,2010,74.0,No,O: No Injury,Female,Passenger Car,No,35.34095844,-82.53001901,Dry,30 - 35  MPH,"Double Yellow Line, No Passing Zone",Clear,No,0,0,10
Yes,7.0,No,Not Applicable,B: Suspected Minor Injury,Male,None - Rural Crash,Gaston,No,Saturday,Non-Roadway,19.0,October,Non-Roadway,2010,45.0,No,O: No Injury,Male,Van,No,35.31340701,-81.15108565,Dry,5 - 15 MPH,No Control Present,Clear,No,0,0,10
Yes,12.0,No,Facing Traffic,B: Suspected Minor Injury,Male,Raleigh,Wake,No,Thursday,Motorist Right Turn / Merge,17.0,September,Motorist Right Turn - Opposite Direction,2010,22.0,No,O: No Injury,Female,Passenger Car,No,35.84288606,-78.57332314,Dry,40 - 45  MPH,Stop And Go Signal,Cloudy,No,0,0,9
No,48.0,No,Facing Traffic,B: Suspected Minor Injury,Male,Raleigh,Wake,No,Thursday,Motorist Failed to Yield - Sign-Controlled Intersection,18.0,September,Motorist Drive Out - Sign-Controlled Intersection,2010,17.0,No,O: No Injury,Male,Passenger Car,No,35.89435214,-78.63541789,Dry,30 - 35  MPH,Stop Sign,Clear,No,0,0,9
Yes,58.0,No,With Traffic,B: Suspected Minor Injury,Female,None - Rural Crash,Robeson,No,Friday,Motorist Overtaking Bicyclist,11.0,October,Motorist Overtaking - Misjudged Space,2010,57.0,No,O: No Injury,Female,Passenger Car,No,34.62065708,-78.95474192,Dry,50 - 55  MPH,"Double Yellow Line, No Passing Zone",Clear,No,0,0,10
Yes,25.0,No,Not Applicable,B: Suspected Minor Injury,Male,Wilmington,New Hanover,No,Thursday,Crossing Paths - Other Circumstances,14.0,September,Crossing Paths - Intersection - Other / Unknown,2010,29.0,No,O: No Injury,Male,Passenger Car,No,34.23907658,-77.85204175,Dry,40 - 45  MPH,No Control Present,Clear,No,0,0,9
Yes,51.0,Unknown,Facing Traffic,C: Possible Injury,Male,Raleigh,Wake,No,Wednesday,Head-On,17.0,August,Head-On - Bicyclist,2010,25.0,No,O: No Injury,Male,Passenger Car,No,35.74362549,-78.64701464,Dry,30 - 35  MPH,No Control Present,Clear,No,0,0,8
Yes,39.0,No,With Traffic,O: No Injury,Female,Raleigh,Wake,No,Thursday,Loss of Control / Turning Error,9.0,September,Bicyclist Turning Error - Right Turn,2010,23.0,No,O: No Injury,Female,Sport Utility,No,35.79158514,-78.63019218,Dry,30 - 35  MPH,Stop Sign,Clear,No,0,0,9
No,29.0,No,Facing Traffic,O: No Injury,Male,Raleigh,Wake,No,Wednesday,Crossing Paths - Other Circumstances,14.0,September,Signalized Intersection - Other / Unknown,2010,51.0,No,O: No Injury,Male,"Light Truck (Mini-Van, Panel)",No,35.78920895,-78.67436747,Dry,30 - 35  MPH,Stop And Go Signal,Clear,No,0,0,9
No,21.0,No,With Traffic,O: No Injury,Female,Havelock,Craven,No,Sunday,Motorist Failed to Yield - Sign-Controlled Intersection,20.0,September,Motorist Drive Out - Sign-Controlled Intersection,2010,17.0,No,O: No Injury,Female,Passenger Car,No,34.86767985,-76.89328951,Dry,20 - 25  MPH,Stop Sign,Cloudy,No,0,0,9
Yes,49.0,No,Unknown,B: Suspected Minor Injury,Male,Winston-Salem,Forsyth,No,Tuesday,Motorist Left Turn / Merge,17.0,October,Motorist Left Turn - Opposite Direction,2010,19.0,No,O: No Injury,Female,Passenger Car,No,36.09047392,-80.22810876,Unknown,30 - 35  MPH,Stop And Go Signal,Clear,No,0,0,10
Yes,16.0,No,Not Applicable,B: Suspected Minor Injury,Male,None - Rural Crash,Pamlico,No,Saturday,Crossing Paths - Other Circumstances,21.0,October,Crossing Paths - Intersection - Other / Unknown,2010,58.0,No,B: Suspected Minor Injury,Male,Motorcycle,No,35.1354516,-76.89673404,Dry,50 - 55  MPH,Stop Sign,Clear,No,0,0,10
Yes,20.0,No,Facing Traffic,O: No Injury,Male,Kitty Hawk,Dare,No,Tuesday,Motorist Failed to Yield - Sign-Controlled Intersection,15.0,September,Motorist Drive Out - Sign-Controlled Intersection,2010,16.0,No,O: No Injury,Male,Sport Utility,No,36.0600233,-75.68922364,Dry,20 - 25  MPH,Stop Sign,Clear,No,0,0,9
No,56.0,No,With Traffic,C: Possible Injury,Female,Asheville,Buncombe,No,Saturday,Motorist Left Turn / Merge,17.0,October,Motorist Left Turn - Opposite Direction,2010,81.0,No,O: No Injury,Female,Passenger Car,No,35.57765022,-82.59275892,Dry,20 - 25  MPH,Stop And Go Signal,Clear,No,0,0,10
Yes,53.0,No,With Traffic,B: Suspected Minor Injury,Male,Wilmington,New Hanover,No,Monday,Motorist Overtaking Bicyclist,21.0,October,Motorist Overtaking - Undetected Bicyclist,2010,22.0,No,O: No Injury,Female,Sport Utility,No,34.24368623,-77.86227552,Dry,30 - 35  MPH,No Control Present,Clear,No,0,0,10
Yes,16.0,No,With Traffic,C: Possible Injury,Male,Raleigh,Wake,No,Tuesday,Motorist Right Turn / Merge,15.0,September,Motorist Right Turn - Same Direction,2010,17.0,No,O: No Injury,Male,Passenger Car,No,35.85646747,-78.65061887,Dry,30 - 35  MPH,Stop And Go Signal,Clear,No,0,0,9
Yes,26.0,No,Facing Traffic,C: Possible Injury,Female,Statesville,Iredell,No,Thursday,Motorist Failed to Yield - Sign-Controlled Intersection,14.0,October,Motorist Drive Out - Sign-Controlled Intersection,2010,71.0,No,O: No Injury,Male,Passenger Car,No,35.79073416,-80.88098226,Dry,30 - 35  MPH,Stop Sign,Clear,No,0,0,10
No,31.0,No,With Traffic,B: Suspected Minor Injury,Male,Charlotte,Mecklenburg,No,Monday,Motorist Right Turn / Merge,16.0,October,Motorist Right Turn - Same Direction,2010,47.0,No,O: No Injury,Female,School Bus,No,35.23121248,-80.80805822,Dry,30 - 35  MPH,No Control Present,Clear,No,0,0,10
Yes,15.0,No,Not Applicable,C: Possible Injury,Male,None - Rural Crash,Chatham,No,Tuesday,Non-Roadway,17.0,October,Non-Roadway,2010,42.03850604944766,Unknown,Unknown Injury,Unknown,Unknown,Yes,35.77023847,-79.28527111,Dry,5 - 15 MPH,"Double Yellow Line, No Passing Zone",Clear,No,1,0,10
Yes,50.0,Unknown,With Traffic,A: Suspected Serious Injury,Male,Lenoir,Caldwell,No,Monday,Motorist Left Turn / Merge,9.0,October,Motorist Left Turn - Opposite Direction,2010,75.0,No,O: No Injury,Male,Sport Utility,No,35.9059161,-81.52867159,Dry,30 - 35  MPH,No Control Present,Clear,No,0,0,10
Yes,55.0,Yes,With Traffic,C: Possible Injury,Male,None - Rural Crash,Granville,Yes,Sunday,Bicyclist Left Turn / Merge,18.0,October,Bicyclist Left Turn - Same Direction,2010,37.0,Yes,O: No Injury,Male,Passenger Car,No,36.1422297,-78.57919003,Dry,50 - 55  MPH,No Control Present,Clear,No,0,0,10
Yes,20.0,No,With Traffic,B: Suspected Minor Injury,Male,Lenoir,Caldwell,No,Wednesday,Motorist Overtaking Bicyclist,20.0,October,Motorist Overtaking - Undetected Bicyclist,2010,40.0,No,O: No Injury,Male,Sport Utility,No,35.92353334,-81.54774555,Dry,40 - 45  MPH,No Control Present,Cloudy,No,0,0,10
Yes,31.0,No,With Traffic,C: Possible Injury,Male,None - Rural Crash,Buncombe,No,Thursday,Motorist Overtaking Bicyclist,17.0,October,Motorist Overtaking - Misjudged Space,2010,78.0,No,O: No Injury,Male,Pickup,No,35.56438733,-82.67328504,Dry,30 - 35  MPH,"Double Yellow Line, No Passing Zone",Clear,No,0,0,10
Yes,13.0,No,Not Applicable,C: Possible Injury,Male,Asheboro,Randolph,No,Tuesday,Bicyclist Failed to Yield - Midblock,17.0,October,Bicyclist Ride Out - Residential Driveway,2010,39.0,No,O: No Injury,Female,Passenger Car,No,35.7703696,-79.80863945,Dry,30 - 35  MPH,No Control Present,Clear,No,0,0,10
No,19.0,No,With Traffic,B: Suspected Minor Injury,Male,Boone,Watauga,No,Thursday,Motorist Left Turn / Merge,8.0,October,Motorist Left Turn - Opposite Direction,2010,22.0,No,O: No Injury,Male,Passenger Car,No,36.21240203,-81.68075819,Wet,20 - 25  MPH,No Control Present,Cloudy,No,0,0,10
Yes,26.0,No,With Traffic,Unknown Injury,Male,Elon College,Alamance,No,Wednesday,Motorist Overtaking Bicyclist,7.0,September,Motorist Overtaking - Other / Unknown,2010,35.0,Unknown,O: No Injury,Female,Unknown,Yes,36.10058975,-79.50920364,Dry,20 - 25  MPH,No Control Present,Clear,No,0,0,9
No,39.0,No,With Traffic,C: Possible Injury,Male,None - Rural Crash,Johnston,No,Tuesday,Motorist Overtaking Bicyclist,19.0,October,Motorist Overtaking - Other / Unknown,2010,42.03850604944766,Unknown,Unknown Injury,Unknown,Passenger Car,Yes,35.67323284,-78.48581287,Dry,40 - 45  MPH,"Double Yellow Line, No Passing Zone",Clear,No,1,0,10
Yes,9.0,No,Unknown,C: Possible Injury,Female,Charlotte,Mecklenburg,No,Friday,Other / Unknown - Insufficient Details,17.0,October,Unknown Approach Paths,2010,17.0,No,O: No Injury,Female,Sport Utility,No,35.27198861,-80.74405635,Dry,20 - 25  MPH,No Control Present,Clear,No,0,0,10
Yes,46.0,No,Facing Traffic,C: Possible Injury,Female,Charlotte,Mecklenburg,No,Wednesday,Motorist Failed to Yield - Midblock,16.0,October,Motorist Drive Out - Commercial Driveway / Alley,2010,59.0,No,O: No Injury,Male,"Light Truck (Mini-Van, Panel)",No,35.19784762,-80.76147478,Dry,30 - 35  MPH,No Control Present,Clear,No,0,0,10
Yes,10.0,No,With Traffic,B: Suspected Minor Injury,Male,Chapel Hill,Orange,No,Thursday,Bicyclist Failed to Yield - Sign-Controlled Intersection,15.0,October,Bicyclist Ride Through - Sign-Controlled Intersection,2010,21.0,No,O: No Injury,Male,"Single Unit Truck (2-Axle, 6-Tire)",No,35.9374739,-79.05032239,Dry,20 - 25  MPH,Stop Sign,Clear,No,0,0,10
Yes,61.0,No,With Traffic,B: Suspected Minor Injury,Male,Zebulon,Wake,No,Friday,Bicyclist Left Turn / Merge,18.0,October,Bicyclist Left Turn - Same Direction,2010,26.0,No,O: No Injury,Female,Passenger Car,No,35.83892515,-78.32454276,Dry,30 - 35  MPH,No Control Present,Clear,No,0,0,10
Yes,6.0,No,Not Applicable,B: Suspected Minor Injury,Female,None - Rural Crash,Burke,No,Thursday,Bicyclist Failed to Yield - Midblock,19.0,October,Bicyclist Ride Out - Commercial Driveway / Alley,2010,50.0,No,O: No Injury,Male,Pickup,No,35.67503736,-81.73400357,Dry,30 - 35  MPH,"Double Yellow Line, No Passing Zone",Clear,No,0,0,10
No,45.0,No,With Traffic,C: Possible Injury,Male,Greensboro,Guilford,No,Thursday,Motorist Right Turn / Merge,11.0,October,Motorist Right Turn - Same Direction,2010,46.0,No,O: No Injury,Male,Passenger Car,No,36.06381999,-79.8216167,Dry,30 - 35  MPH,No Control Present,Clear,No,0,0,10
Yes,47.0,Yes,Unknown,C: Possible Injury,Male,Greensboro,Guilford,Yes,Tuesday,Motorist Failed to Yield - Sign-Controlled Intersection,12.0,October,Motorist Drive Out - Sign-Controlled Intersection,2010,70.0,No,O: No Injury,Male,Sport Utility,No,36.08282193,-79.7894374,Dry,20 - 25  MPH,Stop Sign,Clear,No,0,0,10
Yes,25.0,No,Facing Traffic,C: Possible Injury,Male,Charlotte,Mecklenburg,No,Saturday,Bicyclist Failed to Yield - Signalized Intersection,9.0,June,Bicyclist Ride Through - Signalized Intersection,2010,23.0,No,O: No Injury,Female,Sport Utility,No,35.30046287,-80.75353011,Dry,40 - 45  MPH,Stop And Go Signal,Clear,No,0,0,6
Yes,16.0,No,With Traffic,B: Suspected Minor Injury,Male,None - Rural Crash,Union,No,Wednesday,Bicyclist Left Turn / Merge,18.0,October,Bicyclist Left Turn - Same Direction,2010,45.0,No,O: No Injury,Female,Van,No,35.01664994,-80.7091348,Dry,40 - 45  MPH,"Double Yellow Line, No Passing Zone",Clear,No,0,0,10
Yes,35.0,No,With Traffic,C: Possible Injury,Male,None - Rural Crash,Johnston,No,Wednesday,Motorist Overtaking Bicyclist,19.0,October,Motorist Overtaking - Misjudged Space,2010,56.0,No,O: No Injury,Male,Pickup,No,35.3993469,-78.50027048,Dry,50 - 55  MPH,"Double Yellow Line, No Passing Zone",Clear,No,0,0,10
Yes,23.0,No,With Traffic,B: Suspected Minor Injury,Female,Salisbury,Rowan,No,Wednesday,Motorist Overtaking Bicyclist,22.0,October,Motorist Overtaking - Other / Unknown,2010,42.03850604944766,Missing,Unknown Injury,Unknown,Van,Yes,35.65077309,-80.48696515,Dry,40 - 45  MPH,No Control Present,Clear,No,1,0,10
Yes,60.0,No,With Traffic,A: Suspected Serious Injury,Female,Wilmington,New Hanover,No,Friday,Motorist Failed to Yield - Sign-Controlled Intersection,14.0,October,Motorist Drive Out - Sign-Controlled Intersection,2010,33.0,No,O: No Injury,Female,Sport Utility,No,34.19715583,-77.92152938,Dry,40 - 45  MPH,Stop Sign,Clear,No,0,0,10