AmbulanceR,BikeAge,BikeAlcFlg,BikeDir,BikeInjury,BikeSex,City,County,CrashAlcoh,CrashDay,CrashGrp,CrashHour,CrashMonth,CrashType,CrashYear,DrvrAge,DrvrAlcFlg,DrvrInjury,DrvrSex,DrvrVehTyp,HitRun,Latitude,Longitude,RdConditio,SpeedLimit,TraffCntrl,Weather,Workzone,DrvrAgeImputedFlag,BikeAgeImputedFlag,MonthCode
Yes,52.0,No,With Traffic,C: Possible Injury,Male,Lumberton,Robeson,No,Thursday,Motorist Overtaking Bicyclist,19.0,October,Motorist Overtaking - Misjudged Space,2010,38.0,No,O: No Injury,Female,Sport Utility,No,34.69517181,-79.01346056,Dry,40 - 45  MPH,No Control Present,Clear,No,0,0,10
Yes,53.0,No,With Traffic,B: Suspected Minor Injury,Male,None - Rural Crash,Johnston,No,Thursday,Bicyclist Left Turn / Merge,10.0,October,Bicyclist Left Turn - Same Direction,2010,34.0,No,O: No Injury,Male,Pickup,No,35.26027483,-78.40729648,Dry,50 - 55  MPH,"Double Yellow Line, No Passing Zone",Clear,No,0,0,10
Yes,8.0,No,Not Applicable,B: Suspected Minor Injury,Male,Burlington,Alamance,No,Saturday,Bicyclist Failed to Yield - Midblock,17.0,October,Bicyclist Ride Out - Other Midblock,2010,49.0,No,O: No Injury,Male,Passenger Car,No,36.08616629,-79.4362817,Dry,30 - 35  MPH,No Control Present,Clear,No,0,0,10
No,52.0,No,With Traffic,C: Possible Injury,Female,New Bern,Craven,No,Tuesday,Motorist Failed to Yield - Sign-Controlled Intersection,18.0,October,Motorist Drive Out - Sign-Controlled Intersection,2010,42.0,No,O: No Injury,Male,Passenger Car,No,35.10674106,-77.05015401,Dry,20 - 25  MPH,Stop Sign,Clear,No,0,0,10
No,9.0,No,Not Applicable,C: Possible Injury,Male,None - Rural Crash,Brunswick,No,Tuesday,Non-Roadway,16.0,October,Non-Roadway,2010,24.0,No,O: No Injury,Male,Passenger Car,No,34.01963736,-78.46999221,Dry,5 - 15 MPH,No Control Present,Clear,No,0,0,10
Yes,31.0,No,With Traffic,C: Possible Injury,Male,Raleigh,Wake,No,Wednesday,Crossing Paths - Other Circumstances,9.0,September,Crossing Paths - Intersection - Other / Unknown,2010,54.0,No,O: No Injury,Male,Passenger Car,No,35.78447008,-78.63467829,Dry,30 - 35  MPH,No Control Present,Clear,No,0,0,9
Yes,25.0,No,With Traffic,B: Suspected Minor Injury,Male,None - Rural Crash,Rutherford,No,Tuesday,Motorist Overtaking Bicyclist,20.0,October,Motorist Overtaking - Misjudged Space,2010,36.0,No,O: No Injury,Female,Passenger Car,No,35.33342411,-81.91065421,Dry,40 - 45  MPH,"Double Yellow Line, No Passing Zone",Clear,No,0,0,10
No,47.0,No,Unknown,C: Possible Injury,Male,Gibsonville,Guilford,Yes,Thursday,Other / Unknown - Insufficient Details,0.0,October,Unknown Approach Paths,2010,28.0,Yes,O: No Injury,Male,Passenger Car,No,36.10054068,-79.54199231,Dry,30 - 35  MPH,No Control Present,Clear,No,0,0,10
Yes,20.0,No,With Traffic,B: Suspected Minor Injury,Male,Chapel Hill,Orange,No,Sunday,Bicyclist Overtaking Motorist,20.0,October,Bicyclist Overtaking - Parked Vehicle,2010,42.03850604944766,Missing,Unknown Injury,Unknown,Passenger Car,No,35.91462015,-79.05186414,Dry,20 - 25  MPH,No Control Present,Clear,No,1,0,10
No,55.0,No,With Traffic,C: Possible Injury,Male,Charlotte,Mecklenburg,No,Saturday,Bicyclist Overtaking Motorist,14.0,October,Bicyclist Overtaking - Parked Vehicle,2010,42.03850604944766,Missing,Unknown Injury,Unknown,Passenger Car,No,35.03419494,-80.79219108,Dry,30 - 35  MPH,No Control Present,Clear,No,1,0,10
Yes,18.0,No,Not Applicable,B: Suspected Minor Injury,Male,Rockwell,Rowan,No,Tuesday,Bicyclist Failed to Yield - Midblock,18.0,October,Bicyclist Ride Out - Commercial Driveway / Alley,2010,79.0,No,O: No Injury,Male,Passenger Car,No,35.56008839,-80.41513809,Dry,30 - 35  MPH,No Control Present,Clear,No,0,0,10
Yes,38.0,No,With Traffic,B: Suspected Minor Injury,Male,Chapel Hill,Orange,No,Saturday,Motorist Left Turn / Merge,16.0,October,Motorist Left Turn - Opposite Direction,2010,68.0,No,O: No Injury,Female,Passenger Car,No,35.91113625,-79.06375404,Dry,20 - 25  MPH,Stop And Go Signal,Clear,No,0,0,10
Yes,60.0,No,With Traffic,B: Suspected Minor Injury,Male,Raleigh,Wake,No,Tuesday,Motorist Failed to Yield - Sign-Controlled Intersection,8.0,September,Motorist Drive Out - Sign-Controlled Intersection,2010,33.0,No,O: No Injury,Female,Passenger Car,No,35.89551324,-78.59953931,Dry,40 - 45  MPH,Stop Sign,Clear,No,0,0,9
Yes,22.0,No,With Traffic,C: Possible Injury,Female,Raleigh,Wake,No,Wednesday,Bicyclist Failed to Yield - Sign-Controlled Intersection,18.0,September,Bicyclist Ride Through - Sign-Controlled Intersection,2010,36.0,No,O: No Injury,Male,Passenger Car,No,35.7849622,-78.64902801,Dry,30 - 35  MPH,Stop Sign,Clear,No,0,0,9
Yes,37.0,No,Facing Traffic,C: Possible Injury,Male,Greensboro,Guilford,No,Monday,Motorist Failed to Yield - Sign-Controlled Intersection,19.0,October,Motorist Drive Through - Sign-Controlled Intersection,2010,42.03850604944766,Missing,Unknown Injury,Unknown,Unknown,Yes,36.06385968,-79.82651009,Dry,30 - 35  MPH,Other,Cloudy,No,1,0,10
Yes,50.0,No,With Traffic,C: Possible Injury,Male,None - Rural Crash,Wayne,No,Friday,Motorist Overtaking Bicyclist,7.0,October,Motorist Overtaking - Undetected Bicyclist,2010,41.0,No,O: No Injury,Female,Sport Utility,No,35.40911798,-78.08768575,Dry,50 - 55  MPH,"Double Yellow Line, No Passing Zone",Clear,No,0,0,10
No,11.0,No,Not Applicable,B: Suspected Minor Injury,Female,Durham,Durham,No,Friday,Non-Roadway,16.0,October,Non-Roadway,2010,24.0,No,O: No Injury,Female,Passenger Car,No,35.90738527,-78.98196097,Dry,5 - 15 MPH,No Control Present,Clear,No,0,0,10
Yes,8.0,No,Not Applicable,A: Suspected Serious Injury,Female,Charlotte,Mecklenburg,No,Saturday,Bicyclist Failed to Yield - Midblock,13.0,October,Bicyclist Ride Out - Residential Driveway,2010,60.0,No,O: No Injury,Male,Passenger Car,No,35.21443453,-80.87941437,Dry,20 - 25  MPH,No Control Present,Clear,No,0,0,10
Yes,15.0,No,With Traffic,B: Suspected Minor Injury,Male,Mooresville,Iredell,No,Wednesday,Crossing Paths - Other Circumstances,17.0,October,Crossing Paths - Uncontrolled Intersection,2010,62.0,No,O: No Injury,Female,Sport Utility,No,35.579929,-80.816585,Dry,30 - 35  MPH,No Control Present,Clear,No,0,0,10
Yes,50.0,No,With Traffic,B: Suspected Minor Injury,Male,Hickory,Catawba,No,Wednesday,Motorist Right Turn / Merge,17.0,October,Motorist Right Turn - Same Direction,2010,49.0,No,O: No Injury,Female,Van,No,35.76984938,-81.32917679,Dry,30 - 35  MPH,No Control Present,Clear,No,0,0,10
Yes,47.0,Unknown,With Traffic,A: Suspected Serious Injury,Male,Fayetteville,Cumberland,No,Wednesday,Bicyclist Failed to Yield - Sign-Controlled Intersection,20.0,October,Bicyclist Ride Through - Sign-Controlled Intersection,2010,66.0,No,O: No Injury,Female,Passenger Car,No,35.02966595,-78.87180744,Dry,50 - 55  MPH,Stop Sign,Clear,No,0,0,10
No,21.0,No,With Traffic,B: Suspected Minor Injury,Male,Greensboro,Guilford,No,Wednesday,Motorist Right Turn / Merge,15.0,October,Motorist Right Turn - Same Direction,2010,42.03850604944766,Missing,Unknown Injury,Unknown,Unknown,Yes,36.09906554,-79.81943507,Dry,30 - 35  MPH,Stop Sign,Clear,No,1,0,10
Yes,31.0,No,Facing Traffic,B: Suspected Minor Injury,Male,High Point,Guilford,No,Monday,Bicyclist Right Turn / Merge,17.0,October,Bicyclist Right Turn - Same Direction,2010,61.0,No,O: No Injury,Male,Van,No,35.95517011,-80.01081543,Dry,30 - 35  MPH,Stop Sign,Clear,No,0,0,10
Yes,20.0,No,With Traffic,B: Suspected Minor Injury,Female,Chapel Hill,Orange,No,Thursday,Parallel Paths - Other Circumstances,15.0,October,Bicyclist Ride Out - Parallel Path,2010,27.0,No,Unknown Injury,Male,Other Bus,No,35.90320608,-79.0479283,Dry,20 - 25  MPH,Stop And Go Signal,Clear,No,0,0,10
Yes,52.0,No,Facing Traffic,C: Possible Injury,Male,Wilmington,New Hanover,No,Tuesday,Bicyclist Failed to Yield - Signalized Intersection,15.0,October,Bicyclist Ride Through - Signalized Intersection,2010,36.0,No,O: No Injury,Male,Passenger Car,No,34.24034362,-77.90465006,Dry,30 - 35  MPH,Stop And Go Signal,Clear,No,0,0,10
Yes,18.0,No,With Traffic,B: Suspected Minor Injury,Male,High Point,Guilford,No,Friday,Motorist Overtaking Bicyclist,17.0,October,Motorist Overtaking - Other / Unknown,2010,42.03850604944766,Missing,Unknown Injury,Unknown,Unknown,Yes,35.94185155,-80.00431637,Dry,30 - 35  MPH,No Control Present,Clear,No,1,0,10
Yes,22.0,No,Facing Traffic,C: Possible Injury,Female,Laurinburg,Scotland,No,Sunday,Backing Vehicle,16.0,October,Backing Vehicle,2010,21.0,No,O: No Injury,Female,Passenger Car,No,34.76805086,-79.4744558,Dry,30 - 35  MPH,No Control Present,Clear,No,0,0,10
Yes,22.0,No,Facing Traffic,C: Possible Injury,Male,None - Rural Crash,Robeson,No,Tuesday,Head-On,21.0,October,Head-On - Bicyclist,2010,53.0,No,O: No Injury,Male,Pickup,No,34.71007629,-79.35130888,Dry,50 - 55  MPH,"Double Yellow Line, No Passing Zone",Clear,No,0,0,10
Yes,64.0,No,With Traffic,C: Possible Injury,Male,Charlotte,Mecklenburg,No,Wednesday,Motorist Right Turn / Merge,15.0,October,Motorist Right Turn on Red - Same Direction,2010,26.0,No,O: No Injury,Male,Van,No,35.27230811,-80.85442355,Dry,30 - 35  MPH,Stop And Go Signal,Clear,No,0,0,10
No,12.0,No,With Traffic,B: Suspected Minor Injury,Male,Lumberton,Robeson,No,Friday,Bicyclist Failed to Yield - Sign-Controlled Intersection,17.0,October,Bicyclist Ride Through - Sign-Controlled Intersection,2010,38.0,No,O: No Injury,Male,Passenger Car,No,34.61437228,-78.99233661,Dry,20 - 25  MPH,Stop Sign,Clear,No,0,0,10
Yes,48.0,Unknown,With Traffic,K: Killed,Male,Charlotte,Mecklenburg,No,Friday,Motorist Overtaking Bicyclist,12.0,October,Motorist Overtaking - Bicyclist Swerved,2010,20.0,No,O: No Injury,Male,Pickup,No,35.24179502,-80.98434266,Dry,50 - 55  MPH,No Control Present,Clear,No,0,0,10
Yes,53.0,No,With Traffic,B: Suspected Minor Injury,Male,Rocky Mount,Nash,No,Friday,Crossing Paths - Other Circumstances,17.0,September,Crossing Paths - Uncontrolled Intersection,2010,41.0,No,O: No Injury,Female,Passenger Car,No,35.93051251,-77.81366767,Dry,30 - 35  MPH,No Control Present,Clear,No,0,0,9
Yes,10.0,No,Not Applicable,B: Suspected Minor Injury,Male,Cary,Wake,No,Sunday,Bicyclist Failed to Yield - Midblock,12.0,October,Bicyclist Ride Out - Residential Driveway,2010,42.0,No,O: No Injury,Male,Pickup,No,35.79605281,-78.85487248,Dry,20 - 25  MPH,No Control Present,Clear,No,0,0,10
No,21.0,No,With Traffic,O: No Injury,Male,Charlotte,Mecklenburg,No,Friday,Head-On,21.0,October,Head-On - Motorist,2010,42.03850604944766,Missing,Unknown Injury,Unknown,Unknown,Yes,35.22943454,-80.83990675,Dry,20 - 25  MPH,Stop And Go Signal,Clear,No,1,0,10
Yes,56.0,No,With Traffic,K: Killed,Male,None - Rural Crash,Nash,No,Friday,Motorist Overtaking Bicyclist,17.0,October,Motorist Overtaking - Other / Unknown,2010,21.0,No,O: No Injury,Male,Passenger Car,No,36.16287646,-77.9758722,Dry,50 - 55  MPH,"Double Yellow Line, No Passing Zone",Clear,No,0,0,10
Yes,55.0,No,With Traffic,C: Possible Injury,Male,None - Rural Crash,Buncombe,No,Monday,Motorist Overtaking Bicyclist,7.0,November,Motorist Overtaking - Misjudged Space,2010,86.0,No,O: No Injury,Male,Passenger Car,No,35.6207493,-82.47210972,Dry,30 - 35  MPH,"Double Yellow Line, No Passing Zone",Clear,No,0,0,11
Yes,20.0,No,With Traffic,B: Suspected Minor Injury,Male,Raleigh,Wake,No,Monday,Bicyclist Overtaking Motorist,12.0,October,Bicyclist Overtaking - Passing on Left,2010,27.0,No,O: No Injury,Female,Passenger Car,No,35.78502538,-78.66561224,Wet,5 - 15 MPH,No Control Present,Cloudy,No,0,0,10
Yes,18.0,No,With Traffic,B: Suspected Minor Injury,Female,Boone,Watauga,No,Wednesday,Bicyclist Failed to Yield - Signalized Intersection,16.0,October,Bicyclist Ride Out - Signalized  Intersection,2010,58.0,No,O: No Injury,Male,"Light Truck (Mini-Van, Panel)",No,36.20544089,-81.66954982,Dry,30 - 35  MPH,Stop And Go Signal,Clear,No,0,0,10
No,42.0,No,Facing Traffic,Unknown Injury,Male,Williamston,Martin,No,Tuesday,Motorist Failed to Yield - Midblock,15.0,October,Motorist Drive Out - Commercial Driveway / Alley,2010,23.0,No,O: No Injury,Male,Passenger Car,No,35.84483142,-77.06093631,Dry,Unknown,Stop Sign,Clear,No,0,0,10
Yes,20.0,No,Facing Traffic,C: Possible Injury,Male,Gastonia,Gaston,No,Saturday,Motorist Failed to Yield - Signalized Intersection,13.0,October,Motorist Drive Out - Signalized Intersection,2010,49.0,No,O: No Injury,Male,Passenger Car,No,35.2652601,-81.1976274,Dry,30 - 35  MPH,Stop And Go Signal,Clear,No,0,0,10
Yes,21.0,No,Facing Traffic,B: Suspected Minor Injury,Male,Chapel Hill,Orange,No,Thursday,Motorist Failed to Yield - Midblock,23.0,October,Motorist Drive Out - Commercial Driveway / Alley,2010,23.0,No,O: No Injury,Male,Passenger Car,No,35.91180544,-79.06203494,Dry,20 - 25  MPH,No Control Present,Clear,No,0,0,10
No,23.0,No,With Traffic,C: Possible Injury,Female,Greensboro,Guilford,No,Thursday,Motorist Right Turn / Merge,19.0,October,Motorist Right Turn - Same Direction,2010,42.03850604944766,Missing,Unknown Injury,Unknown,Passenger Car,Yes,36.08783115,-79.83305041,Dry,30 - 35  MPH,Flashing Stop And Go Signal,Clear,No,1,0,10
Yes,26.0,No,Facing Traffic,C: Possible Injury,Male,Greensboro,Guilford,No,Thursday,Bicyclist Failed to Yield - Signalized Intersection,8.0,October,Bicyclist Ride Through - Signalized Intersection,2010,37.0,No,O: No Injury,Male,Passenger Car,No,36.04287865,-79.84256982,Dry,30 - 35  MPH,Stop And Go Signal,Cloudy,No,0,0,10
No,45.0,No,Not Applicable,O: No Injury,Male,Wilson,Wilson,No,Friday,Bicyclist Failed to Yield - Midblock,15.0,October,Bicyclist Ride Out - Other Midblock,2010,32.0,No,Unknown Injury,Female,Sport Utility,No,35.73834809,-77.91123494,Dry,30 - 35  MPH,No Control Present,Clear,No,0,0,10
Yes,43.0,Unknown,With Traffic,A: Suspected Serious Injury,Male,Wilson,Wilson,No,Friday,Motorist Overtaking Bicyclist,19.0,October,Motorist Overtaking - Bicyclist Swerved,2010,44.0,No,O: No Injury,Male,Passenger Car,No,35.70769957,-77.92634403,Dry,40 - 45  MPH,No Control Present,Clear,No,0,0,10
No,22.0,No,With Traffic,O: No Injury,Male,Salisbury,Rowan,No,Thursday,Motorist Overtaking Bicyclist,18.0,October,Motorist Overtaking - Other / Unknown,2010,33.0,No,O: No Injury,Male,Passenger Car,No,35.67823074,-80.45076842,Dry,30 - 35  MPH,No Control Present,Clear,No,0,0,10
Yes,23.0,No,With Traffic,B: Suspected Minor Injury,Female,Boone,Watauga,No,Tuesday,Motorist Left Turn / Merge,7.0,November,Motorist Left Turn - Opposite Direction,2010,26.0,No,O: No Injury,Female,Passenger Car,No,36.21257419,-81.68099469,Dry,20 - 25  MPH,No Control Present,Clear,No,0,0,11
Yes,59.0,No,With Traffic,B: Suspected Minor Injury,Male,Durham,Durham,No,Saturday,Motorist Overtaking Bicyclist,10.0,September,Motorist Overtaking - Misjudged Space,2010,38.0,No,O: No Injury,Female,Passenger Car,No,35.9009254,-78.95959072,Dry,30 - 35  MPH,Stop And Go Signal,Clear,No,0,0,9
Yes,14.0,No,Facing Traffic,B: Suspected Minor Injury,Male,Greensboro,Guilford,No,Sunday,Bicyclist Failed to Yield - Sign-Controlled Intersection,12.0,October,Bicyclist Ride Through - Sign-Controlled Intersection,2010,71.0,No,O: No Injury,Male,Passenger Car,No,36.06304044,-79.79097685,Dry,30 - 35  MPH,Stop Sign,Clear,No,0,0,10
Yes,41.0,No,With Traffic,C: Possible Injury,Male,None - Rural Crash,Granville,No,Thursday,Motorist Overtaking Bicyclist,7.0,October,Motorist Overtaking - Misjudged Space,2010,83.0,No,O: No Injury,Male,Pickup,No,36.36549403,-78.59150467,Wet,50 - 55  MPH,"Double Yellow Line, No Passing Zone",Cloudy,No,0,0,10
Yes,32.0,No,With Traffic,B: Suspected Minor Injury,Male,None - Rural Crash,Guilford,No,Thursday,Motorist Overtaking Bicyclist,6.0,November,Motorist Overtaking - Undetected Bicyclist,2010,49.0,No,O: No Injury,Male,Passenger Car,No,36.02340134,-79.70552508,Wet,40 - 45  MPH,No Control Present,Cloudy,No,0,0,11
Yes,69.0,No,With Traffic,C: Possible Injury,Male,Raleigh,Wake,No,Wednesday,Motorist Failed to Yield - Signalized Intersection,13.0,October,Motorist Drive Out - Signalized Intersection,2010,42.03850604944766,Missing,Unknown Injury,Unknown,Unknown,Yes,35.77221122,-78.68523764,Dry,30 - 35  MPH,Stop Sign,Clear,No,1,0,10
Yes,69.0,No,With Traffic,K: Killed,Male,None - Rural Crash,Carteret,No,Thursday,Loss of Control / Turning Error,9.0,November,Motorist Lost Control - Other / Unknown,2010,42.0,No,O: No Injury,Male,Pickup,No,34.75624739,-76.84733164,Dry,50 - 55  MPH,No Control Present,Clear,No,0,0,11
Yes,19.0,No,With Traffic,B: Suspected Minor Injury,Male,None - Rural Crash,Burke,No,Monday,Motorist Overtaking Bicyclist,20.0,November,Motorist Overtaking - Other / Unknown,2010,19.0,No,O: No Injury,Male,Pickup,No,35.72501364,-81.54229051,Dry,50 - 55  MPH,"Double Yellow Line, No Passing Zone",Clear,No,0,0,11
Yes,61.0,No,With Traffic,C: Possible Injury,Male,Unionville,Union,No,Saturday,Motorist Left Turn / Merge,18.0,November,Motorist Left Turn - Opposite Direction,2010,25.0,No,O: No Injury,Female,Sport Utility,No,35.05034664,-80.55732584,Dry,40 - 45  MPH,"Double Yellow Line, No Passing Zone",Clear,No,0,0,11
Yes,51.0,No,Facing Traffic,C: Possible Injury,Male,Raleigh,Wake,No,Thursday,Motorist Failed to Yield - Sign-Controlled Intersection,19.0,October,Motorist Drive Out - Sign-Controlled Intersection,2010,28.0,No,O: No Injury,Male,Sport Utility,No,35.78411686,-78.69532731,Dry,30 - 35  MPH,Stop Sign,Clear,No,0,0,10
Yes,23.0,No,With Traffic,B: Suspected Minor Injury,Male,Raleigh,Wake,No,Thursday,Motorist Failed to Yield - Sign-Controlled Intersection,17.0,October,Motorist Drive Out - Sign-Controlled Intersection,2010,42.03850604944766,Unknown,Unknown Injury,Unknown,Unknown,Yes,35.82486225,-78.70854416,Dry,30 - 35  MPH,Stop Sign,Clear,No,1,0,10
Yes,19.0,Unknown,With Traffic,B: Suspected Minor Injury,Female,Carolina Beach,New Hanover,Yes,Thursday,Motorist Failed to Yield - Midblock,20.0,October,Motorist Drive Out - Other Midblock,2010,59.0,Yes,O: No Injury,Male,Pickup,No,34.03272723,-77.89444753,Dry,20 - 25  MPH,No Control Present,Cloudy,No,0,0,10
No,24.0,No,With Traffic,O: No Injury,Male,Raleigh,Wake,No,Sunday,Bicyclist Left Turn / Merge,0.0,October,Bicyclist Left Turn - Opposite Direction,2010,19.0,No,O: No Injury,Male,Passenger Car,No,35.776927,-78.639276,Dry,30 - 35  MPH,Stop And Go Signal,Clear,No,0,0,10
Yes,32.52649525389365,Unknown,Not Applicable,Unknown Injury,Unknown,None - Rural Crash,Cleveland,No,Tuesday,Non-Roadway,19.0,November,Non-Roadway,2010,66.0,No,O: No Injury,Male,Passenger Car,No,35.29338072,-81.48697679,Dry,5 - 15 MPH,No Control Present,Clear,No,0,1,11
Yes,17.0,No,Not Applicable,C: Possible Injury,Male,Kinston,Lenoir,No,Friday,Crossing Paths - Other Circumstances,17.0,October,Crossing Paths - Intersection - Other / Unknown,2010,81.0,No,O: No Injury,Female,Van,Yes,35.2626517,-77.57100828,Dry,30 - 35  MPH,No Control Present,Clear,No,0,0,10
Yes,36.0,No,With Traffic,B: Suspected Minor Injury,Male,Lincolnton,Lincoln,No,Wednesday,Motorist Overtaking Bicyclist,19.0,October,Motorist Overtaking - Undetected Bicyclist,2010,55.0,No,O: No Injury,Female,Passenger Car,No,35.4755862,-81.23984449,Wet,30 - 35  MPH,"Double Yellow Line, No Passing Zone",Cloudy,No,0,0,10
Yes,17.0,No,With Traffic,C: Possible Injury,Male,Winterville,Pitt,No,Thursday,Bicyclist Failed to Yield - Signalized Intersection,12.0,October,Bicyclist Ride Through - Signalized Intersection,2010,29.0,No,O: No Injury,Female,Sport Utility,No,35.53539783,-77.40724835,Dry,50 - 55  MPH,Stop And Go Signal,Clear,No,0,0,10
Yes,60.0,No,Facing Traffic,B: Suspected Minor Injury,Male,None - Rural Crash,Gates,No,Wednesday,Head-On,16.0,November,Head-On - Bicyclist,2010,30.0,No,O: No Injury,Male,Van,No,36.4789849,-76.7139016,Dry,50 - 55  MPH,No Control Present,Clear,No,0,0,11
Yes,63.0,No,With Traffic,B: Suspected Minor Injury,Male,None - Rural Crash,Onslow,No,Monday,Motorist Overtaking Bicyclist,22.0,November,Motorist Overtaking - Misjudged Space,2010,42.03850604944766,Unknown,Unknown Injury,Unknown,Passenger Car,Yes,34.52616687,-77.4315943,Dry,40 - 45  MPH,"Double Yellow Line, No Passing Zone",Clear,No,1,0,11
Yes,48.0,No,Facing Traffic,C: Possible Injury,Male,None - Rural Crash,Currituck,No,Friday,Motorist Failed to Yield - Sign-Controlled Intersection,11.0,September,Motorist Drive Out - Sign-Controlled Intersection,2010,25.0,No,O: No Injury,Male,Passenger Car,No,36.49313,-76.16467853,Dry,20 - 25  MPH,Stop Sign,Clear,No,0,0,9
No,40.0,Unknown,Facing Traffic,Unknown Injury,Male,Cary,Wake,No,Thursday,Crossing Paths - Other Circumstances,11.0,November,Crossing Paths - Intersection - Other / Unknown,2010,35.0,No,O: No Injury,Male,Passenger Car,No,35.77352205,-78.78158297,Dry,30 - 35  MPH,No Control Present,Clear,No,0,0,11
No,12.0,No,With Traffic,O: No Injury,Male,Durham,Durham,No,Saturday,Loss of Control / Turning Error,10.0,November,Bicyclist Turning Error - Right Turn,2010,67.0,No,O: No Injury,Female,Passenger Car,No,35.96217675,-78.89824826,Dry,20 - 25  MPH,Stop Sign,Clear,No,0,0,11
Yes,17.0,No,With Traffic,B: Suspected Minor Injury,Male,None - Rural Crash,Johnston,No,Friday,Motorist Overtaking Bicyclist,18.0,November,Motorist Overtaking - Other / Unknown,2010,37.0,No,O: No Injury,Female,Passenger Car,No,35.43231597,-78.41014027,Dry,50 - 55  MPH,"Double Yellow Line, No Passing Zone",Clear,No,0,0,11
Yes,59.0,No,With Traffic,B: Suspected Minor Injury,Male,None - Rural Crash,New Hanover,No,Saturday,Motorist Left Turn / Merge,13.0,November,Motorist Left Turn - Same Direction,2010,32.0,No,O: No Injury,Female,Passenger Car,No,34.25463607,-77.95710315,Dry,50 - 55  MPH,Other,Clear,No,0,0,11
No,23.0,No,With Traffic,B: Suspected Minor Injury,Male,Charlotte,Mecklenburg,No,Tuesday,Loss of Control / Turning Error,6.0,October,Motorist Turning Error - Right Turn,2010,48.0,No,O: No Injury,Male,Pickup,No,35.22039436,-80.81334322,Dry,30 - 35  MPH,Stop And Go Signal,Clear,No,0,0,10
No,65.0,No,Facing Traffic,O: No Injury,Male,Smithfield,Johnston,No,Monday,Motorist Failed to Yield - Midblock,15.0,November,Motorist Drive Out - Commercial Driveway / Alley,2010,42.03850604944766,Missing,Unknown Injury,Unknown,Unknown,Yes,35.51902889,-78.31591684,Dry,Unknown,No Control Present,Clear,No,1,0,11
Yes,12.0,No,With Traffic,B: Suspected Minor Injury,Male,Charlotte,Mecklenburg,No,Tuesday,Bicyclist Failed to Yield - Signalized Intersection,12.0,November,Bicyclist Ride Through - Signalized Intersection,2010,55.0,No,O: No Injury,Male,Pickup,No,35.19577512,-80.87726732,Dry,40 - 45  MPH,Stop And Go Signal,Clear,No,0,0,11
Yes,63.0,No,Facing Traffic,B: Suspected Minor Injury,Male,Vander,Cumberland,No,Thursday,Head-On,19.0,October,Head-On - Bicyclist,2010,17.0,No,O: No Injury,Male,Pickup,No,35.01892977,-78.71793462,Dry,50 - 55  MPH,"Double Yellow Line, No Passing Zone",Clear,No,0,0,10
No,19.0,No,With Traffic,Unknown Injury,Male,Greenville,Pitt,No,Wednesday,Motorist Left Turn / Merge,12.0,October,Motorist Left Turn - Opposite Direction,2010,58.0,No,O: No Injury,Female,Passenger Car,No,35.6027316,-77.36219351,Dry,5 - 15 MPH,No Control Present,Clear,No,0,0,10
Yes,40.0,No,With Traffic,A: Suspected Serious Injury,Male,None - Rural Crash,Pender,No,Saturday,Motorist Overtaking Bicyclist,12.0,November,Motorist Overtaking - Other / Unknown,2010,30.0,No,O: No Injury,Male,Pickup,No,34.49349662,-78.05420787,Dry,50 - 55  MPH,"Double Yellow Line, No Passing Zone",Clear,No,0,0,11
No,36.0,No,Unknown,Unknown Injury,Male,Andrews,Cherokee,No,Tuesday,Motorist Failed to Yield - Midblock,20.0,September,Motorist Drive Out - Commercial Driveway / Alley,2010,19.0,No,O: No Injury,Male,Pickup,No,35.199893,-83.8302997,Dry,30 - 35  MPH,No Control Present,Cloudy,No,0,0,9
Yes,28.0,Yes,With Traffic,A: Suspected Serious Injury,Male,Winston-Salem,Forsyth,Yes,Wednesday,Motorist Left Turn / Merge,21.0,November,Motorist Left Turn - Opposite Direction,2010,36.0,No,O: No Injury,Male,Passenger Car,No,36.09764139,-80.26699828,Dry,30 - 35  MPH,Stop And Go Signal,Clear,No,0,0,11
Yes,55.0,Yes,Facing Traffic,C: Possible Injury,Male,Gastonia,Gaston,Yes,Tuesday,Motorist Failed to Yield - Signalized Intersection,13.0,November,Motorist Drive Out - Right Turn on Red,2010,52.0,No,O: No Injury,Male,Pickup,No,35.2624665,-81.16836908,Dry,30 - 35  MPH,Stop And Go Signal,Clear,No,0,0,11
Yes,57.0,No,Facing Traffic,C: Possible Injury,Male,Gastonia,Gaston,No,Wednesday,Motorist Failed to Yield - Signalized Intersection,15.0,November,Motorist Drive Out - Right Turn on Red,2010,65.0,No,O: No Injury,Male,Pickup,No,35.23366657,-81.19419098,Dry,40 - 45  MPH,Stop And Go Signal,Clear,No,0,0,11
Yes,55.0,No,With Traffic,K: Killed,Male,None - Rural Crash,Nash,No,Friday,Motorist Overtaking Bicyclist,13.0,November,Motorist Overtaking - Other / Unknown,2010,32.0,No,O: No Injury,Female,"Light Truck (Mini-Van, Panel)",No,36.02705676,-77.96428148,Dry,40 - 45  MPH,No Control Present,Clear,No,0,0,11