AmbulanceR,BikeAge,BikeAlcFlg,BikeDir,BikeInjury,BikeSex,City,County,CrashAlcoh,CrashDay,CrashGrp,CrashHour,CrashMonth,CrashType,CrashYear,DrvrAge,DrvrAlcFlg,DrvrInjury,DrvrSex,DrvrVehTyp,HitRun,Latitude,Longitude,RdConditio,SpeedLimit,TraffCntrl,Weather,Workzone,DrvrAgeImputedFlag,BikeAgeImputedFlag,MonthCode
No,2.0,No,Unknown,B: Suspected Minor Injury,Female,Raleigh,Wake,No,Monday,Backing Vehicle,17.0,November,Backing Vehicle,2010,42.03850604944766,Missing,Unknown Injury,Unknown,Unknown,Yes,35.78849344,-78.71089796,Dry,30 - 35  MPH,No Control Present,Clear,No,1,0,11
Yes,22.0,Yes,With Traffic,C: Possible Injury,Male,Raleigh,Wake,Yes,Thursday,Motorist Left Turn / Merge,23.0,October,Motorist Left Turn - Opposite Direction,2010,20.0,No,O: No Injury,Male,Passenger Car,No,35.77984207,-78.64462784,Dry,30 - 35  MPH,No Control Present,Clear,No,0,0,10
No,23.0,No,With Traffic,O: No Injury,Female,Raleigh,Wake,No,Friday,Motorist Failed to Yield - Midblock,16.0,October,Motorist Drive Out - Commercial Driveway / Alley,2010,68.0,No,O: No Injury,Female,Passenger Car,No,35.79199199,-78.66218928,Dry,5 - 15 MPH,No Control Present,Clear,No,0,0,10
Yes,26.0,No,With Traffic,C: Possible Injury,Male,Asheville,Buncombe,No,Wednesday,Motorist Failed to Yield - Sign-Controlled Intersection,17.0,November,Motorist Drive Out - Sign-Controlled Intersection,2010,73.0,No,O: No Injury,Female,Passenger Car,No,35.58391692,-82.56999816,Dry,30 - 35  MPH,Stop Sign,Clear,No,0,0,11
Yes,13.0,No,With Traffic,C: Possible Injury,Male,Charlotte,Mecklenburg,No,Monday,Bicyclist Failed to Yield - Signalized Intersection,16.0,November,Bicyclist Ride Through - Signalized Intersection,2010,73.0,No,O: No Injury,Female,Sport Utility,No,35.15487647,-80.83086986,Dry,30 - 35  MPH,No Control Present,Cloudy,No,0,0,11
Yes,72.0,No,With Traffic,B: Suspected Minor Injury,Male,Carthage,Moore,No,Sunday,Motorist Overtaking Bicyclist,8.0,November,Motorist Overtaking - Other / Unknown,2010,76.0,No,O: No Injury,Male,Pickup,No,35.32473704,-79.40234113,Dry,40 - 45  MPH,No Control Present,Clear,No,0,0,11
Yes,45.0,No,Not Applicable,C: Possible Injury,Male,Fayetteville,Cumberland,No,Wednesday,Non-Roadway,18.0,November,Non-Roadway,2010,31.0,No,O: No Injury,Female,Sport Utility,No,35.05230984,-79.04470528,Dry,20 - 25  MPH,No Control Present,Clear,No,0,0,11
No,43.0,No,With Traffic,Unknown Injury,Unknown,Fayetteville,Cumberland,No,Friday,Motorist Failed to Yield - Midblock,8.0,November,Motorist Drive Out - Commercial Driveway / Alley,2010,42.03850604944766,Missing,Unknown Injury,Unknown,Unknown,Yes,35.04342153,-78.95513109,Dry,Unknown,No Control Present,Clear,No,1,0,11
Yes,51.0,No,With Traffic,A: Suspected Serious Injury,Male,None - Rural Crash,Guilford,No,Thursday,Motorist Overtaking Bicyclist,7.0,November,Motorist Overtaking - Other / Unknown,2010,30.0,No,O: No Injury,Male,Van,No,36.01887332,-79.96786044,Dry,30 - 35  MPH,"Double Yellow Line, No Passing Zone",Clear,No,0,0,11
No,42.0,No,Facing Traffic,C: Possible Injury,Male,Laurinburg,Scotland,No,Thursday,Motorist Failed to Yield - Sign-Controlled Intersection,11.0,November,Motorist Drive Out - Sign-Controlled Intersection,2010,42.03850604944766,Missing,Unknown Injury,Unknown,Unknown,Yes,34.77602504,-79.46811448,Dry,30 - 35  MPH,Stop Sign,Clear,No,1,0,11
Yes,64.0,No,Not Applicable,C: Possible Injury,Female,Forest City,Rutherford,No,Monday,Non-Roadway,15.0,November,Non-Roadway,2010,35.0,No,O: No Injury,Female,Sport Utility,No,35.31989082,-81.85886995,Wet,20 - 25  MPH,No Control Present,Rain,No,0,0,11
No,24.0,No,Facing Traffic,O: No Injury,Male,Elizabeth City,Pasquotank,No,Sunday,Crossing Paths - Other Circumstances,15.0,November,Crossing Paths - Intersection - Other / Unknown,2010,40.0,No,O: No Injury,Male,Police,No,36.29662834,-76.2227973,Dry,20 - 25  MPH,No Control Present,Clear,No,0,0,11
No,33.0,No,With Traffic,C: Possible Injury,Male,Asheville,Buncombe,No,Friday,Motorist Failed to Yield - Sign-Controlled Intersection,13.0,November,Motorist Drive Out - Sign-Controlled Intersection,2010,35.0,No,O: No Injury,Female,Sport Utility,No,35.60089445,-82.55542315,Dry,30 - 35  MPH,Stop Sign,Clear,No,0,0,11
Yes,22.0,No,With Traffic,B: Suspected Minor Injury,Male,Greensboro,Guilford,No,Friday,Motorist Left Turn / Merge,9.0,November,Motorist Left Turn - Opposite Direction,2010,50.0,No,O: No Injury,Female,Passenger Car,No,36.06812573,-79.78996096,Dry,20 - 25  MPH,Stop Sign,Clear,No,0,0,11
Yes,12.0,No,With Traffic,C: Possible Injury,Male,None - Rural Crash,New Hanover,No,Wednesday,Bicyclist Failed to Yield - Sign-Controlled Intersection,14.0,November,Bicyclist Ride Through - Sign-Controlled Intersection,2010,31.0,No,O: No Injury,Male,Pickup,No,34.11045325,-77.90479871,Dry,30 - 35  MPH,Stop Sign,Clear,No,0,0,11
Yes,55.0,Yes,With Traffic,B: Suspected Minor Injury,Male,None - Rural Crash,Greene,Yes,Tuesday,Motorist Overtaking Bicyclist,21.0,November,Motorist Overtaking - Other / Unknown,2010,20.0,No,O: No Injury,Female,Sport Utility,No,35.43923572,-77.55869863,Dry,50 - 55  MPH,No Control Present,Clear,No,0,0,11
Yes,7.0,No,Not Applicable,C: Possible Injury,Male,None - Rural Crash,Catawba,No,Saturday,Bicyclist Failed to Yield - Midblock,13.0,November,Bicyclist Ride Out - Residential Driveway,2010,41.0,No,O: No Injury,Male,Van,No,35.60821748,-81.31936091,Dry,40 - 45  MPH,"Double Yellow Line, No Passing Zone",Clear,No,0,0,11
Yes,25.0,No,With Traffic,C: Possible Injury,Male,None - Rural Crash,Wake,No,Tuesday,Motorist Left Turn / Merge,6.0,November,Motorist Left Turn - Opposite Direction,2010,68.0,No,C: Possible Injury,Male,Passenger Car,No,35.70896614,-78.71018428,Dry,40 - 45  MPH,"Double Yellow Line, No Passing Zone",Clear,No,0,0,11
Yes,13.0,No,With Traffic,B: Suspected Minor Injury,Male,None - Rural Crash,Wake,No,Saturday,Motorist Overtaking Bicyclist,16.0,November,Motorist Overtaking - Misjudged Space,2010,32.0,No,O: No Injury,Female,Passenger Car,No,35.72191939,-78.55423007,Dry,30 - 35  MPH,No Control Present,Clear,No,0,0,11
Yes,26.0,No,With Traffic,B: Suspected Minor Injury,Male,Burlington,Alamance,No,Thursday,Bicyclist Failed to Yield - Sign-Controlled Intersection,8.0,November,Bicyclist Ride Out - Sign-Controlled Intersection,2010,36.0,No,O: No Injury,Male,Passenger Car,No,36.09951082,-79.43818944,Dry,30 - 35  MPH,Stop Sign,Clear,No,0,0,11
Yes,19.0,No,Facing Traffic,B: Suspected Minor Injury,Female,Wilmington,New Hanover,No,Thursday,Crossing Paths - Other Circumstances,8.0,November,Crossing Paths - Intersection - Other / Unknown,2010,58.0,No,O: No Injury,Male,Passenger Car,No,34.23795852,-77.91792846,Dry,30 - 35  MPH,No Control Present,Clear,No,0,0,11
Yes,81.0,No,Facing Traffic,B: Suspected Minor Injury,Male,Wilmington,New Hanover,No,Wednesday,Motorist Failed to Yield - Sign-Controlled Intersection,15.0,November,Motorist Drive Out - Sign-Controlled Intersection,2010,22.0,No,O: No Injury,Female,Passenger Car,No,34.23259686,-77.82882963,Dry,20 - 25  MPH,Stop Sign,Clear,No,0,0,11
Yes,25.0,No,With Traffic,B: Suspected Minor Injury,Male,Wilmington,New Hanover,No,Sunday,Motorist Left Turn / Merge,17.0,November,Motorist Left Turn - Opposite Direction,2010,57.0,No,O: No Injury,Female,Sport Utility,No,34.2163406,-77.89126121,Dry,40 - 45  MPH,No Control Present,Clear,No,0,0,11
Yes,17.0,No,Facing Traffic,B: Suspected Minor Injury,Male,Raleigh,Wake,No,Sunday,Bicyclist Failed to Yield - Midblock,1.0,October,Bicyclist Ride Out - Commercial Driveway / Alley,2010,27.0,No,O: No Injury,Female,Passenger Car,No,35.84279599,-78.67904014,Dry,30 - 35  MPH,No Control Present,Clear,No,0,0,10
No,38.0,No,With Traffic,B: Suspected Minor Injury,Male,Wadesboro,Anson,No,Friday,Motorist Overtaking Bicyclist,19.0,November,Motorist Overtaking - Bicyclist Swerved,2010,42.03850604944766,Missing,Unknown Injury,Unknown,Passenger Car,Yes,34.97598093,-80.0853438,Dry,30 - 35  MPH,No Control Present,Clear,No,1,0,11
No,47.0,No,With Traffic,B: Suspected Minor Injury,Male,Asheville,Buncombe,No,Friday,Motorist Failed to Yield - Sign-Controlled Intersection,17.0,November,Motorist Drive Out - Sign-Controlled Intersection,2010,35.0,No,O: No Injury,Female,Sport Utility,No,35.57655375,-82.60924201,Dry,30 - 35  MPH,Stop Sign,Clear,No,0,0,11
Yes,10.0,No,With Traffic,A: Suspected Serious Injury,Male,None - Rural Crash,Dare,No,Tuesday,Bicyclist Failed to Yield - Sign-Controlled Intersection,16.0,November,Bicyclist Ride Through - Sign-Controlled Intersection,2010,46.0,No,O: No Injury,Male,Van,No,36.0141553,-75.71266466,Dry,20 - 25  MPH,"Double Yellow Line, No Passing Zone",Cloudy,No,0,0,11
Yes,27.0,No,With Traffic,C: Possible Injury,Male,High Point,Guilford,No,Wednesday,Backing Vehicle,15.0,November,Backing Vehicle,2010,39.0,No,O: No Injury,Male,Passenger Car,No,35.98946056,-79.96020714,Dry,30 - 35  MPH,Stop Sign,Clear,No,0,0,11
No,53.0,No,Not Applicable,B: Suspected Minor Injury,Male,Charlotte,Mecklenburg,No,Wednesday,Other / Unusual Circumstances,14.0,November,Motorist Intentionally Caused,2010,42.0,No,O: No Injury,Male,Pickup,No,35.20133392,-80.87303362,Dry,30 - 35  MPH,No Control Present,Clear,No,0,0,11
Yes,12.0,No,Facing Traffic,C: Possible Injury,Male,Fayetteville,Cumberland,No,Tuesday,Bicyclist Right Turn / Merge,6.0,November,Bicyclist Right Turn - Same Direction,2010,55.0,No,O: No Injury,Male,Pickup,No,35.01355387,-79.00567718,Dry,40 - 45  MPH,No Control Present,Clear,No,0,0,11
No,20.0,No,Facing Traffic,C: Possible Injury,Male,Durham,Durham,No,Monday,Crossing Paths - Other Circumstances,11.0,November,Crossing Paths - Intersection - Other / Unknown,2010,42.03850604944766,Unknown,Unknown Injury,Unknown,Passenger Car,Yes,35.91736724,-78.93097568,Dry,5 - 15 MPH,No Control Present,Clear,No,1,0,11
No,15.0,No,Facing Traffic,C: Possible Injury,Male,None - Rural Crash,New Hanover,No,Monday,Head-On,16.0,November,Head-On - Bicyclist,2010,70.0,No,O: No Injury,Female,Passenger Car,No,34.28381364,-77.79571496,Dry,30 - 35  MPH,No Control Present,Cloudy,No,0,0,11
No,51.0,No,Not Applicable,B: Suspected Minor Injury,Male,Charlotte,Mecklenburg,No,Sunday,Non-Roadway,17.0,November,Non-Roadway,2010,36.0,No,O: No Injury,Male,Passenger Car,No,35.26387964,-80.85463671,Dry,5 - 15 MPH,No Control Present,Clear,No,0,0,11
No,37.0,No,Unknown,Unknown Injury,Male,Davidson,Mecklenburg,No,Sunday,Other / Unknown - Insufficient Details,12.0,November,Unknown Approach Paths,2010,47.0,No,O: No Injury,Female,Sport Utility,No,35.48386688,-80.81985095,Dry,30 - 35  MPH,Yield Sign,Clear,No,0,0,11
No,47.0,No,Facing Traffic,C: Possible Injury,Male,Wilmington,New Hanover,No,Monday,Loss of Control / Turning Error,12.0,November,Bicyclist Turning Error - Other,2010,25.0,No,O: No Injury,Female,Passenger Car,No,34.21667914,-77.94366671,Dry,30 - 35  MPH,Stop And Go Signal,Clear,No,0,0,11
Yes,45.0,No,With Traffic,C: Possible Injury,Male,Winston-Salem,Forsyth,No,Wednesday,Motorist Failed to Yield - Signalized Intersection,7.0,November,Motorist Drive Out - Signalized Intersection,2010,78.0,No,O: No Injury,Male,Passenger Car,No,36.08329102,-80.29522385,Dry,20 - 25  MPH,Stop And Go Signal,Clear,No,0,0,11
Yes,28.0,Yes,Facing Traffic,B: Suspected Minor Injury,Male,None - Rural Crash,Franklin,Yes,Friday,Motorist Overtaking Bicyclist,18.0,December,Motorist Overtaking - Bicyclist Swerved,2010,47.0,No,O: No Injury,Female,Pickup,No,35.99793407,-78.27756573,Dry,40 - 45  MPH,"Double Yellow Line, No Passing Zone",Clear,No,0,0,12
Yes,39.0,No,With Traffic,B: Suspected Minor Injury,Male,Asheville,Buncombe,No,Sunday,Motorist Left Turn / Merge,18.0,November,Motorist Left Turn - Opposite Direction,2010,57.0,No,O: No Injury,Male,Van,No,35.59895046,-82.55353251,Dry,30 - 35  MPH,Flashing Stop And Go Signal,Clear,No,0,0,11
Yes,53.0,No,With Traffic,B: Suspected Minor Injury,Male,Raleigh,Wake,No,Tuesday,Loss of Control / Turning Error,6.0,November,Motorist Turning Error - Left Turn,2010,49.0,No,O: No Injury,Male,Van,No,35.78667191,-78.66405944,Dry,20 - 25  MPH,Stop And Go Signal,Clear,No,0,0,11
No,32.52649525389365,No,Facing Traffic,O: No Injury,Male,Henderson,Vance,No,Sunday,Motorist Failed to Yield - Sign-Controlled Intersection,12.0,November,Motorist Drive Out - Sign-Controlled Intersection,2010,68.0,No,O: No Injury,Female,Passenger Car,No,36.32339033,-78.41264861,Dry,20 - 25  MPH,Stop Sign,Clear,No,0,1,11
Yes,23.0,No,With Traffic,C: Possible Injury,Male,Fayetteville,Cumberland,No,Thursday,Motorist Overtaking Bicyclist,15.0,November,Motorist Overtaking - Misjudged Space,2010,42.03850604944766,Missing,Unknown Injury,Unknown,Unknown,Yes,35.01218449,-78.90910463,Dry,30 - 35  MPH,No Control Present,Clear,No,1,0,11
No,10.0,No,Not Applicable,B: Suspected Minor Injury,Male,Angier,Harnett,No,Wednesday,Crossing Paths - Other Circumstances,18.0,October,Crossing Paths - Intersection - Other / Unknown,2010,34.0,No,O: No Injury,Male,Passenger Car,No,35.50707563,-78.73690717,Dry,30 - 35  MPH,No Control Present,Cloudy,No,0,0,10
Yes,55.0,Yes,Unknown,C: Possible Injury,Male,Williamston,Martin,Yes,Friday,Parallel Paths - Other Circumstances,17.0,November,Parallel Paths - Other / Unknown,2010,42.03850604944766,Missing,Unknown Injury,Unknown,Unknown,Yes,35.83996738,-77.08651176,Dry,Unknown,No Control Present,Clear,No,1,0,11
No,39.0,No,With Traffic,C: Possible Injury,Male,Charlotte,Mecklenburg,No,Monday,Motorist Left Turn / Merge,8.0,November,Motorist Left Turn - Opposite Direction,2010,40.0,No,O: No Injury,Male,Passenger Car,No,35.37531442,-80.7852179,Dry,30 - 35  MPH,Stop Sign,Cloudy,No,0,0,11
No,21.0,No,Facing Traffic,O: No Injury,Male,Raleigh,Wake,No,Tuesday,Motorist Failed to Yield - Midblock,11.0,November,Motorist Drive Out - Commercial Driveway / Alley,2010,24.0,No,O: No Injury,Male,Passenger Car,No,35.76962132,-78.69049032,Dry,5 - 15 MPH,No Control Present,Clear,No,0,0,11
No,14.0,No,With Traffic,C: Possible Injury,Male,Raleigh,Wake,No,Thursday,Motorist Left Turn / Merge,7.0,November,Motorist Left Turn - Opposite Direction,2010,39.0,No,O: No Injury,Female,Passenger Car,No,35.85632223,-78.65038165,Dry,20 - 25  MPH,Stop And Go Signal,Clear,No,0,0,11
Yes,41.0,No,With Traffic,B: Suspected Minor Injury,Male,Raleigh,Wake,No,Monday,Motorist Left Turn / Merge,10.0,November,Motorist Left Turn - Opposite Direction,2010,23.0,No,O: No Injury,Male,Passenger Car,No,35.77906415,-78.67673063,Dry,40 - 45  MPH,No Control Present,Clear,No,0,0,11
No,8.0,No,With Traffic,C: Possible Injury,Male,Ayden,Pitt,No,Friday,Motorist Overtaking Bicyclist,17.0,October,Motorist Overtaking - Bicyclist Swerved,2010,31.0,No,O: No Injury,Male,Pickup,No,35.478115,-77.409762,Dry,30 - 35  MPH,No Control Present,Clear,No,0,0,10
Yes,44.0,Yes,With Traffic,C: Possible Injury,Male,High Point,Guilford,Yes,Saturday,Crossing Paths - Other Circumstances,23.0,November,Crossing Paths - Intersection - Other / Unknown,2010,38.0,No,O: No Injury,Male,Passenger Car,No,35.94264195,-80.01250326,Dry,30 - 35  MPH,Yield Sign,Clear,No,0,0,11
Yes,50.0,No,With Traffic,C: Possible Injury,Male,None - Rural Crash,Yadkin,No,Sunday,Motorist Overtaking Bicyclist,16.0,December,Motorist Overtaking - Misjudged Space,2010,74.0,No,O: No Injury,Male,Pickup,No,36.153612,-80.472146,Dry,50 - 55  MPH,"Double Yellow Line, No Passing Zone",Clear,No,0,0,12
No,14.0,No,With Traffic,O: No Injury,Male,None - Rural Crash,New Hanover,No,Thursday,Motorist Overtaking Bicyclist,17.0,December,Motorist Overtaking - Misjudged Space,2010,32.0,No,O: No Injury,Female,Passenger Car,No,34.2150054,-77.92633389,Dry,50 - 55  MPH,No Control Present,Clear,No,0,0,12
Yes,37.0,No,With Traffic,A: Suspected Serious Injury,Male,Raleigh,Wake,Yes,Sunday,Motorist Overtaking Bicyclist,3.0,November,Motorist Overtaking - Other / Unknown,2010,30.0,Yes,O: No Injury,Female,Passenger Car,No,35.78002954,-78.59852273,Dry,40 - 45  MPH,No Control Present,Clear,No,0,0,11
No,18.0,No,With Traffic,C: Possible Injury,Male,Raleigh,Wake,No,Saturday,Motorist Right Turn / Merge,12.0,November,Motorist Right Turn - Same Direction,2010,46.0,No,O: No Injury,Female,"Light Truck (Mini-Van, Panel)",No,35.82477612,-78.70843448,Dry,30 - 35  MPH,Stop Sign,Clear,No,0,0,11
Yes,54.0,No,Not Applicable,C: Possible Injury,Male,Lumberton,Robeson,No,Friday,Bicyclist Failed to Yield - Midblock,17.0,November,Bicyclist Ride Out - Other Midblock,2010,42.0,No,Unknown Injury,Female,Passenger Car,No,34.62815102,-78.98720495,Dry,40 - 45  MPH,No Control Present,Clear,No,0,0,11
Yes,63.0,No,With Traffic,C: Possible Injury,Male,Chapel Hill,Orange,No,Tuesday,Motorist Left Turn / Merge,9.0,November,Motorist Left Turn - Opposite Direction,2010,58.0,No,O: No Injury,Male,Passenger Car,No,35.92767991,-79.03016928,Dry,30 - 35  MPH,Stop And Go Signal,Clear,No,0,0,11
Yes,43.0,No,Unknown,C: Possible Injury,Male,Charlotte,Mecklenburg,No,Monday,Crossing Paths - Other Circumstances,16.0,September,Signalized Intersection - Other / Unknown,2010,46.0,No,O: No Injury,Female,Passenger Car,No,35.24040242,-80.91971777,Wet,30 - 35  MPH,Stop And Go Signal,Rain,No,0,0,9
Yes,29.0,No,Not Applicable,B: Suspected Minor Injury,Female,Charlotte,Mecklenburg,No,Wednesday,Bicyclist Failed to Yield - Midblock,16.0,December,Bicyclist Ride Out - Midblock - Unknown,2010,23.0,No,O: No Injury,Male,Sport Utility,No,35.29959959,-80.73518001,"Water (Standing, Moving)",50 - 55  MPH,No Control Present,Clear,No,0,0,12
Yes,47.0,No,Facing Traffic,C: Possible Injury,Male,Hendersonville,Henderson,No,Tuesday,Motorist Failed to Yield - Midblock,11.0,November,Motorist Drive Out - Commercial Driveway / Alley,2010,63.0,No,O: No Injury,Male,Passenger Car,No,35.31958645,-82.461647,Dry,30 - 35  MPH,No Control Present,Clear,No,0,0,11
Yes,32.0,No,With Traffic,C: Possible Injury,Male,Wilmington,New Hanover,No,Friday,Motorist Left Turn / Merge,16.0,December,Motorist Left Turn - Opposite Direction,2010,68.0,No,O: No Injury,Male,Sport Utility,No,34.21016786,-77.83691849,Dry,40 - 45  MPH,Stop And Go Signal,Clear,No,0,0,12
No,34.0,No,With Traffic,B: Suspected Minor Injury,Male,Davidson,Mecklenburg,No,Thursday,Motorist Overtaking Bicyclist,12.0,December,Motorist Overtaking - Misjudged Space,2010,52.0,No,O: No Injury,Male,Sport Utility,No,35.46284885,-80.80723334,Dry,20 - 25  MPH,No Control Present,Clear,No,0,0,12
Yes,17.0,No,Facing Traffic,C: Possible Injury,Male,Newton,Catawba,No,Saturday,Motorist Failed to Yield - Sign-Controlled Intersection,18.0,November,Motorist Drive Out - Sign-Controlled Intersection,2010,42.03850604944766,Missing,Unknown Injury,Unknown,Unknown,Yes,35.69447923,-81.21807049,Dry,30 - 35  MPH,Stop Sign,Clear,No,1,0,11
No,14.0,No,With Traffic,O: No Injury,Male,None - Rural Crash,Beaufort,No,Tuesday,Motorist Overtaking Bicyclist,16.0,November,Motorist Overtaking - Bicyclist Swerved,2010,76.0,No,O: No Injury,Female,Passenger Car,No,35.53246998,-77.02092865,Dry,30 - 35  MPH,No Control Present,Cloudy,No,0,0,11
Yes,44.0,Yes,Facing Traffic,C: Possible Injury,Male,Cary,Wake,Yes,Tuesday,Motorist Failed to Yield - Sign-Controlled Intersection,10.0,December,Motorist Drive Out - Sign-Controlled Intersection,2010,43.0,No,O: No Injury,Male,Passenger Car,No,35.79640477,-78.75920198,Dry,20 - 25  MPH,Stop Sign,Clear,No,0,0,12
Yes,45.0,No,With Traffic,C: Possible Injury,Male,None - Rural Crash,Harnett,No,Wednesday,Motorist Overtaking Bicyclist,8.0,December,Motorist Overtaking - Misjudged Space,2010,53.0,No,O: No Injury,Female,Passenger Car,No,35.27476179,-79.06883525,Dry,50 - 55  MPH,No Control Present,Clear,No,0,0,12
Yes,35.0,Unknown,With Traffic,K: Killed,Female,Asheville,Buncombe,No,Friday,Motorist Overtaking Bicyclist,18.0,November,Motorist Overtaking - Undetected Bicyclist,2010,48.0,No,O: No Injury,Female,Passenger Car,No,35.60030773,-82.53156038,Dry,30 - 35  MPH,"Double Yellow Line, No Passing Zone",Cloudy,No,0,0,11
Yes,53.0,No,With Traffic,C: Possible Injury,Female,Raleigh,Wake,No,Tuesday,Bicyclist Left Turn / Merge,17.0,November,Bicyclist Left Turn - Same Direction,2010,20.0,No,O: No Injury,Male,Passenger Car,No,35.88293958,-78.67988411,Wet,40 - 45  MPH,No Control Present,Rain,No,0,0,11
Yes,48.0,No,With Traffic,C: Possible Injury,Male,Lumberton,Robeson,No,Saturday,Motorist Overtaking Bicyclist,0.0,December,Motorist Overtaking - Undetected Bicyclist,2010,21.0,No,O: No Injury,Male,Passenger Car,No,34.64791636,-79.01444963,Dry,60 - 75 MPH,No Control Present,Clear,No,0,0,12
No,22.0,No,With Traffic,C: Possible Injury,Male,None - Rural Crash,Buncombe,No,Sunday,Bicyclist Left Turn / Merge,14.0,December,Bicyclist Left Turn - Same Direction,2010,42.03850604944766,Unknown,Unknown Injury,Unknown,Passenger Car,Yes,35.61253232,-82.45269304,Dry,20 - 25  MPH,"Double Yellow Line, No Passing Zone",Clear,No,1,0,12
Yes,30.0,No,Facing Traffic,C: Possible Injury,Male,Raleigh,Wake,No,Saturday,Motorist Failed to Yield - Sign-Controlled Intersection,16.0,November,Motorist Drive Out - Sign-Controlled Intersection,2010,45.0,No,O: No Injury,Male,Pickup,No,35.85519622,-78.61545547,Dry,20 - 25  MPH,Stop Sign,Clear,No,0,0,11
Yes,18.0,No,With Traffic,B: Suspected Minor Injury,Male,Raleigh,Wake,No,Monday,Loss of Control / Turning Error,16.0,December,Bicyclist Lost Control - Mechanical Problems,2010,70.0,No,O: No Injury,Male,Passenger Car,No,35.96246734,-78.55278949,Dry,30 - 35  MPH,Stop Sign,Clear,No,0,0,12
Yes,19.0,No,Not Applicable,C: Possible Injury,Male,Raleigh,Wake,No,Friday,Crossing Paths - Other Circumstances,18.0,December,Crossing Paths - Uncontrolled Intersection,2010,63.0,No,O: No Injury,Male,Sport Utility,No,35.76449598,-78.63235067,Dry,20 - 25  MPH,No Control Present,Clear,No,0,0,12
Yes,11.0,No,With Traffic,C: Possible Injury,Male,None - Rural Crash,Dare,No,Thursday,Motorist Overtaking Bicyclist,10.0,November,Motorist Overtaking - Bicyclist Swerved,2010,57.0,No,O: No Injury,Female,Sport Utility,No,35.90388818,-75.77333393,Dry,30 - 35  MPH,"Double Yellow Line, No Passing Zone",Cloudy,No,0,0,11
Yes,21.0,No,Facing Traffic,B: Suspected Minor Injury,Male,Rocky Mount,Nash,No,Tuesday,Motorist Failed to Yield - Sign-Controlled Intersection,15.0,November,Motorist Drive Out - Sign-Controlled Intersection,2010,38.0,No,O: No Injury,Female,Sport Utility,No,35.93059361,-77.8200776,Wet,30 - 35  MPH,Stop Sign,Rain,No,0,0,11
No,57.0,No,Facing Traffic,O: No Injury,Male,Rocky Mount,Nash,No,Sunday,Motorist Failed to Yield - Midblock,13.0,November,Motorist Drive Out - Commercial Driveway / Alley,2010,44.0,No,O: No Injury,Female,Sport Utility,No,35.93088986,-77.81326196,Dry,30 - 35  MPH,Stop Sign,Clear,No,0,0,11
Yes,11.0,No,With Traffic,B: Suspected Minor Injury,Male,Havelock,Craven,No,Friday,Motorist Left Turn / Merge,15.0,November,Motorist Left Turn - Opposite Direction,2010,42.0,No,O: No Injury,Male,Passenger Car,No,34.87734103,-76.89689651,Dry,5 - 15 MPH,No Control Present,Clear,No,0,0,11
Yes,50.0,No,With Traffic,B: Suspected Minor Injury,Male,None - Rural Crash,Wilson,No,Saturday,Motorist Overtaking Bicyclist,6.0,December,Motorist Overtaking - Other / Unknown,2010,28.0,Unknown,Unknown Injury,Female,Sport Utility,No,35.77779332,-77.85770902,Dry,50 - 55  MPH,No Control Present,Clear,No,0,0,12
Yes,15.0,No,With Traffic,B: Suspected Minor Injury,Male,None - Rural Crash,Forsyth,No,Thursday,Motorist Overtaking Bicyclist,18.0,December,Motorist Overtaking - Other / Unknown,2010,25.0,No,O: No Injury,Male,Passenger Car,No,36.17522498,-80.08863672,Dry,40 - 45  MPH,"Double Yellow Line, No Passing Zone",Clear,No,0,0,12
No,61.0,No,With Traffic,C: Possible Injury,Male,None - Rural Crash,New Hanover,No,Friday,Bicyclist Failed to Yield - Signalized Intersection,13.0,December,Bicyclist Ride Through - Signalized Intersection,2010,76.0,No,O: No Injury,Male,Passenger Car,No,34.2670642,-77.92170385,Dry,40 - 45  MPH,Stop And Go Signal,Clear,No,0,0,12
No,9.0,No,With Traffic,C: Possible Injury,Male,Durham,Durham,No,Saturday,Motorist Overtaking Bicyclist,17.0,December,Motorist Overtaking - Other / Unknown,2010,22.0,No,O: No Injury,Female,Passenger Car,No,36.00118163,-78.88575107,Wet,30 - 35  MPH,No Control Present,Rain,No,0,0,12
Yes,48.0,No,With Traffic,C: Possible Injury,Male,None - Rural Crash,Robeson,No,Friday,Motorist Overtaking Bicyclist,20.0,November,Motorist Overtaking - Other / Unknown,2010,42.03850604944766,Missing,Unknown Injury,Unknown,Unknown,Yes,34.56304661,-79.0596822,Dry,50 - 55  MPH,No Control Present,Clear,No,1,0,11
Yes,40.0,No,Not Applicable,B: Suspected Minor Injury,Male,Wilmington,New Hanover,No,Tuesday,Bicyclist Failed to Yield - Midblock,11.0,December,Bicyclist Ride Out - Other Midblock,2010,49.0,No,O: No Injury,Female,Passenger Car,No,34.26176756,-77.82810223,Dry,Unknown,No Control Present,Clear,No,0,0,12