AmbulanceR,BikeAge,BikeAlcFlg,BikeDir,BikeInjury,BikeSex,City,County,CrashAlcoh,CrashDay,CrashGrp,CrashHour,CrashMonth,CrashType,CrashYear,DrvrAge,DrvrAlcFlg,DrvrInjury,DrvrSex,DrvrVehTyp,HitRun,Latitude,Longitude,RdConditio,SpeedLimit,TraffCntrl,Weather,Workzone,DrvrAgeImputedFlag,BikeAgeImputedFlag,MonthCode
Yes,42.0,Yes,With Traffic,B: Suspected Minor Injury,Male,Landis,Rowan,Yes,Friday,Loss of Control / Turning Error,18.0,July,Bicylist Lost Control - Alcohol / Drug Impairment,2010,44.0,Unknown,O: No Injury,Female,Sport Utility,No,35.54598737,-80.61109529,Dry,30 - 35  MPH,Stop Sign,Clear,No,0,0,7
No,43.0,No,With Traffic,C: Possible Injury,Male,Charlotte,Mecklenburg,No,Saturday,Motorist Failed to Yield - Sign-Controlled Intersection,14.0,December,Motorist Drive Out - Sign-Controlled Intersection,2010,61.0,No,O: No Injury,Male,Passenger Car,No,35.18176667,-80.83824364,Dry,30 - 35  MPH,Stop Sign,Clear,No,0,0,12
No,32.0,No,With Traffic,O: No Injury,Male,Raleigh,Wake,No,Saturday,Motorist Overtaking Bicyclist,8.0,December,Motorist Overtaking - Bicyclist Swerved,2010,35.0,No,O: No Injury,Male,Passenger Car,No,35.83591715,-78.58203575,Dry,40 - 45  MPH,No Control Present,Cloudy,No,0,0,12
Yes,37.0,No,With Traffic,C: Possible Injury,Male,Raleigh,Wake,No,Monday,Parallel Paths - Other Circumstances,20.0,December,Bicyclist Ride Out - Parallel Path,2010,56.0,No,O: No Injury,Female,Passenger Car,No,35.82371207,-78.63283553,Dry,30 - 35  MPH,Stop And Go Signal,Clear,No,0,0,12
Yes,42.0,Unknown,With Traffic,C: Possible Injury,Female,None - Rural Crash,Person,No,Monday,Motorist Overtaking Bicyclist,18.0,January,Motorist Overtaking - Undetected Bicyclist,2011,40.0,No,O: No Injury,Female,Van,No,36.39219334,-78.93699927,Dry,50 - 55  MPH,"Double Yellow Line, No Passing Zone",Clear,No,0,0,1
No,60.0,No,Facing Traffic,O: No Injury,Male,Wilmington,New Hanover,No,Wednesday,Motorist Failed to Yield - Midblock,16.0,December,Motorist Drive Out - Commercial Driveway / Alley,2010,23.0,No,O: No Injury,Female,Motorcycle,No,34.23907354,-77.91102155,Dry,30 - 35  MPH,No Control Present,Clear,No,0,0,12
Yes,11.0,No,Not Applicable,C: Possible Injury,Female,Cary,Wake,No,Thursday,Non-Roadway,16.0,January,Non-Roadway,2011,42.03850604944766,No,Unknown Injury,Unknown,Sport Utility,Yes,35.812261,-78.78581,Dry,5 - 15 MPH,No Control Present,Clear,No,1,0,1
Yes,13.0,No,With Traffic,C: Possible Injury,Male,None - Rural Crash,Pitt,No,Thursday,Head-On,17.0,January,Head-On - Bicyclist,2011,26.0,No,O: No Injury,Male,Passenger Car,No,35.51318391,-77.23422668,Dry,50 - 55  MPH,"Double Yellow Line, No Passing Zone",Clear,No,0,0,1
Yes,43.0,No,With Traffic,C: Possible Injury,Male,High Point,Guilford,No,Friday,Motorist Overtaking Bicyclist,13.0,December,Motorist Overtaking - Misjudged Space,2010,42.03850604944766,Missing,Unknown Injury,Unknown,Unknown,Yes,35.96281427,-79.99281257,Dry,Unknown,Stop Sign,Clear,No,1,0,12
Yes,44.0,No,With Traffic,C: Possible Injury,Male,None - Rural Crash,Randolph,No,Friday,Motorist Failed to Yield - Midblock,7.0,January,Motorist Drive Out - Other Midblock,2011,25.0,No,O: No Injury,Female,Passenger Car,No,35.67314617,-79.8203891,Dry,40 - 45  MPH,No Control Present,Clear,No,0,0,1
Yes,53.0,Yes,With Traffic,C: Possible Injury,Male,None - Rural Crash,Halifax,Yes,Monday,Motorist Overtaking Bicyclist,17.0,January,Motorist Overtaking - Undetected Bicyclist,2011,40.0,No,O: No Injury,Male,Pickup,No,36.44889822,-77.76982302,Dry,50 - 55  MPH,"Double Yellow Line, No Passing Zone",Clear,No,0,0,1
Yes,10.0,No,Facing Traffic,B: Suspected Minor Injury,Male,Mooresville,Iredell,No,Monday,Motorist Right Turn / Merge,15.0,December,Motorist Right Turn - Opposite Direction,2010,66.0,No,O: No Injury,Male,Passenger Car,No,35.59538307,-80.81678802,Dry,40 - 45  MPH,Stop And Go Signal,Clear,No,0,0,12
Yes,23.0,No,With Traffic,A: Suspected Serious Injury,Male,Greensboro,Guilford,No,Tuesday,Motorist Overtaking Bicyclist,3.0,December,Motorist Overtaking - Undetected Bicyclist,2010,54.0,No,O: No Injury,Male,Van,No,36.0932785,-79.78856104,Dry,30 - 35  MPH,No Control Present,Clear,No,0,0,12
No,46.0,No,Facing Traffic,O: No Injury,Male,Durham,Durham,No,Wednesday,Motorist Overtaking Bicyclist,14.0,January,Motorist Overtaking - Misjudged Space,2011,42.03850604944766,Missing,Unknown Injury,Unknown,Van,Yes,36.02161,-78.936117,Dry,30 - 35  MPH,Stop And Go Signal,Clear,No,1,0,1
Yes,49.0,No,With Traffic,B: Suspected Minor Injury,Male,None - Rural Crash,Buncombe,No,Saturday,Motorist Left Turn / Merge,10.0,September,Motorist Left Turn - Opposite Direction,2010,55.0,No,O: No Injury,Male,Passenger Car,No,35.62047336,-82.57669404,Dry,30 - 35  MPH,No Control Present,Clear,No,0,0,9
No,41.0,No,Facing Traffic,B: Suspected Minor Injury,Male,Wilson,Wilson,No,Tuesday,Motorist Failed to Yield - Midblock,13.0,November,Motorist Drive Out - Other Midblock,2010,54.0,No,O: No Injury,Male,Passenger Car,No,35.71511221,-77.92412563,Dry,30 - 35  MPH,No Control Present,Clear,No,0,0,11
Yes,42.0,No,With Traffic,B: Suspected Minor Injury,Male,Wilson,Wilson,No,Wednesday,Motorist Overtaking Bicyclist,11.0,November,Motorist Overtaking - Other / Unknown,2010,42.03850604944766,Missing,Unknown Injury,Unknown,Unknown,Yes,35.71439148,-77.89772966,Dry,30 - 35  MPH,No Control Present,Clear,No,1,0,11
Yes,36.0,No,With Traffic,C: Possible Injury,Male,Greensboro,Guilford,No,Monday,Motorist Overtaking Bicyclist,16.0,January,Motorist Overtaking - Undetected Bicyclist,2011,69.0,No,O: No Injury,Male,Passenger Car,No,36.06216561,-79.86004464,Dry,40 - 45  MPH,No Control Present,Clear,No,0,0,1
No,19.0,No,Facing Traffic,C: Possible Injury,Male,Wilmington,New Hanover,No,Wednesday,Motorist Failed to Yield - Midblock,12.0,November,Motorist Drive Out - Other Midblock,2010,62.0,No,O: No Injury,Male,Passenger Car,No,34.23751945,-77.87482638,Dry,5 - 15 MPH,No Control Present,Clear,No,0,0,11
No,17.0,No,Facing Traffic,C: Possible Injury,Male,Cary,Wake,No,Friday,Motorist Failed to Yield - Sign-Controlled Intersection,17.0,January,Motorist Drive Out - Sign-Controlled Intersection,2011,17.0,No,O: No Injury,Female,Sport Utility,No,35.74997,-78.812727,Dry,20 - 25  MPH,Stop Sign,Clear,No,0,0,1
No,40.0,No,Facing Traffic,B: Suspected Minor Injury,Female,Woodfin,Buncombe,No,Friday,Head-On,18.0,August,Head-On - Bicyclist,2010,32.0,No,O: No Injury,Female,Passenger Car,No,35.61933977,-82.60507116,Wet,30 - 35  MPH,No Control Present,Rain,No,0,0,8
Yes,53.0,No,With Traffic,C: Possible Injury,Male,Greensboro,Guilford,No,Thursday,Motorist Overtaking Bicyclist,5.0,December,Motorist Overtaking - Misjudged Space,2010,56.0,No,O: No Injury,Male,Passenger Car,No,36.08842453,-79.92316276,Dry,40 - 45  MPH,No Control Present,Clear,No,0,0,12
Yes,9.0,No,Not Applicable,B: Suspected Minor Injury,Female,None - Rural Crash,Robeson,No,Monday,Non-Roadway,12.0,January,Non-Roadway,2011,66.0,No,O: No Injury,Male,Passenger Car,No,34.64756335,-79.05480079,Dry,50 - 55  MPH,No Control Present,Clear,No,0,0,1
Yes,36.0,No,With Traffic,A: Suspected Serious Injury,Male,None - Rural Crash,Johnston,No,Friday,Motorist Overtaking Bicyclist,19.0,January,Motorist Overtaking - Undetected Bicyclist,2011,40.0,No,O: No Injury,Male,Pickup,No,35.61813473,-78.42399249,Dry,50 - 55  MPH,No Control Present,Clear,No,0,0,1
Yes,12.0,No,Not Applicable,B: Suspected Minor Injury,Male,None - Rural Crash,Lenoir,No,Friday,Bicyclist Failed to Yield - Midblock,16.0,January,Bicyclist Ride Out - Residential Driveway,2011,42.03850604944766,Unknown,Unknown Injury,Unknown,Unknown,Yes,35.31690003,-77.76469861,Dry,50 - 55  MPH,"Double Yellow Line, No Passing Zone",Clear,No,1,0,1
Yes,12.0,No,Not Applicable,B: Suspected Minor Injury,Female,None - Rural Crash,Randolph,No,Sunday,Bicyclist Failed to Yield - Midblock,12.0,January,Bicyclist Ride Out - Other Midblock,2011,33.0,No,O: No Injury,Female,Passenger Car,No,35.85252211,-79.79441932,Dry,30 - 35  MPH,No Control Present,Clear,No,0,0,1
Yes,47.0,No,With Traffic,O: No Injury,Male,Rocky Mount,Nash,No,Saturday,Motorist Right Turn / Merge,15.0,December,Motorist Right Turn - Same Direction,2010,19.0,No,B: Suspected Minor Injury,Male,Passenger Car,No,35.97831114,-77.80613956,Dry,30 - 35  MPH,Stop And Go Signal,Clear,No,0,0,12
No,14.0,No,Facing Traffic,B: Suspected Minor Injury,Male,Stanley,Gaston,No,Thursday,Loss of Control / Turning Error,16.0,July,Bicyclist Lost Control - Mechanical Problems,2010,30.0,No,O: No Injury,Female,Passenger Car,No,35.358464,-81.095238,Dry,20 - 25  MPH,Stop Sign,Clear,No,0,0,7
No,34.0,No,With Traffic,B: Suspected Minor Injury,Male,Greensboro,Guilford,No,Tuesday,Motorist Failed to Yield - Sign-Controlled Intersection,13.0,January,Motorist Drive Out - Sign-Controlled Intersection,2011,45.0,No,B: Suspected Minor Injury,Male,Passenger Car,No,36.06819059,-79.79012574,Dry,20 - 25  MPH,Stop Sign,Cloudy,No,0,0,1
No,54.0,No,With Traffic,O: No Injury,Male,Smithfield,Johnston,No,Wednesday,Motorist Right Turn / Merge,12.0,January,Motorist Right Turn - Same Direction,2011,45.0,No,O: No Injury,Female,Sport Utility,No,35.52001991,-78.31030304,Dry,30 - 35  MPH,Stop And Go Signal,Clear,No,0,0,1
Yes,21.0,No,With Traffic,C: Possible Injury,Male,None - Rural Crash,Pitt,No,Thursday,Bicyclist Failed to Yield - Sign-Controlled Intersection,15.0,February,Bicyclist Ride Through - Sign-Controlled Intersection,2011,54.0,No,O: No Injury,Male,Single Unit Truck (3 Or More Axles),No,35.66247294,-77.38970113,Dry,50 - 55  MPH,Stop Sign,Cloudy,No,0,0,2
No,21.0,No,With Traffic,B: Suspected Minor Injury,Male,Raleigh,Wake,No,Wednesday,Motorist Right Turn / Merge,13.0,January,Motorist Right Turn - Same Direction,2011,59.0,No,O: No Injury,Female,Passenger Car,No,35.79146,-78.662824,Dry,30 - 35  MPH,No Control Present,Clear,No,0,0,1
No,13.0,No,Facing Traffic,C: Possible Injury,Male,Raleigh,Wake,No,Thursday,Motorist Failed to Yield - Sign-Controlled Intersection,17.0,January,Motorist Drive Out - Sign-Controlled Intersection,2011,25.0,No,O: No Injury,Female,Passenger Car,No,35.872066,-78.658158,Dry,30 - 35  MPH,Stop Sign,Clear,No,0,0,1
No,46.0,No,With Traffic,K: Killed,Male,Monroe,Union,Yes,Thursday,Motorist Overtaking Bicyclist,23.0,January,Motorist Overtaking - Other / Unknown,2011,31.0,Yes,O: No Injury,Male,Passenger Car,No,35.04009824,-80.60103786,Dry,40 - 45  MPH,No Control Present,Clear,No,0,0,1
Yes,51.0,No,Facing Traffic,C: Possible Injury,Male,Greensboro,Guilford,No,Friday,Crossing Paths - Other Circumstances,13.0,January,Sign-Controlled Intersection - Other / Unknown,2011,21.0,No,O: No Injury,Male,Passenger Car,No,36.07577792,-79.89391944,Dry,Unknown,Stop Sign,Clear,No,0,0,1
Yes,52.0,No,With Traffic,C: Possible Injury,Male,Washington,Beaufort,No,Saturday,Motorist Overtaking Bicyclist,18.0,January,Motorist Overtaking - Misjudged Space,2011,72.0,No,O: No Injury,Female,Sport Utility,No,35.55909266,-77.04331238,Dry,40 - 45  MPH,No Control Present,Clear,No,0,0,1
No,38.0,No,With Traffic,B: Suspected Minor Injury,Male,Winston-Salem,Forsyth,No,Monday,Motorist Left Turn / Merge,19.0,January,Motorist Left Turn - Opposite Direction,2011,25.0,No,O: No Injury,Male,Passenger Car,No,36.07180505,-80.23939509,Dry,30 - 35  MPH,Stop And Go Signal,Clear,No,0,0,1
Yes,57.0,No,Facing Traffic,B: Suspected Minor Injury,Male,Pineville,Mecklenburg,No,Friday,Motorist Failed to Yield - Sign-Controlled Intersection,9.0,January,Motorist Drive Out - Sign-Controlled Intersection,2011,46.0,No,O: No Injury,Male,Passenger Car,No,35.09558818,-80.86352755,Dry,30 - 35  MPH,Stop Sign,Cloudy,No,0,0,1
Yes,15.0,No,With Traffic,B: Suspected Minor Injury,Male,Matthews,Mecklenburg,No,Sunday,Bicyclist Failed to Yield - Signalized Intersection,19.0,January,Bicyclist Ride Out - Signalized  Intersection,2011,54.0,No,O: No Injury,Male,Pickup,No,35.10814273,-80.72918725,Dry,30 - 35  MPH,Stop And Go Signal,Clear,No,0,0,1
Yes,48.0,No,With Traffic,Unknown Injury,Male,Chapel Hill,Orange,No,Wednesday,Motorist Right Turn / Merge,17.0,February,Motorist Right Turn - Same Direction,2011,28.0,No,O: No Injury,Male,Van,No,35.9131773,-79.05876019,Dry,20 - 25  MPH,Stop And Go Signal,Clear,No,0,0,2
Yes,18.0,No,Facing Traffic,C: Possible Injury,Male,Charlotte,Mecklenburg,No,Wednesday,Motorist Failed to Yield - Midblock,9.0,February,Motorist Drive Out - Commercial Driveway / Alley,2011,47.0,No,O: No Injury,Male,Sport Utility,No,35.202936,-80.73884,Wet,20 - 25  MPH,No Control Present,Clear,No,0,0,2
Yes,28.0,Yes,Not Applicable,K: Killed,Female,None - Rural Crash,Bertie,Yes,Sunday,Bicyclist Failed to Yield - Midblock,18.0,January,Bicyclist Ride Out - Residential Driveway,2011,33.0,No,O: No Injury,Male,Pickup,No,36.22697424,-76.77065186,Dry,50 - 55  MPH,No Control Present,Clear,No,0,0,1
No,49.0,Yes,With Traffic,B: Suspected Minor Injury,Male,Winston-Salem,Forsyth,Yes,Saturday,Bicyclist Overtaking Motorist,23.0,January,Bicyclist Overtaking - Parked Vehicle,2011,42.03850604944766,Missing,Unknown Injury,Unknown,Single Unit Truck (3 Or More Axles),No,36.11725232,-80.24633608,Dry,30 - 35  MPH,No Control Present,Clear,No,1,0,1
No,49.0,Yes,Facing Traffic,O: No Injury,Male,None - Rural Crash,Robeson,Yes,Friday,Head-On,18.0,February,Head-On - Bicyclist,2011,77.0,No,O: No Injury,Male,"EMS Vehicle, Ambulance, Rescue Squad",No,34.565275,-79.05735818,Dry,50 - 55  MPH,No Control Present,Clear,No,0,0,2
No,83.0,No,With Traffic,B: Suspected Minor Injury,Male,Hampstead,Pender,No,Monday,Motorist Overtaking Bicyclist,9.0,February,Motorist Overtaking - Misjudged Space,2011,42.03850604944766,Unknown,Unknown Injury,Unknown,Passenger Car,Yes,34.39926359,-77.64954515,Dry,Unknown,No Control Present,Clear,No,1,0,2
Yes,37.0,No,Facing Traffic,C: Possible Injury,Male,Fayetteville,Cumberland,No,Friday,Motorist Failed to Yield - Sign-Controlled Intersection,18.0,February,Motorist Drive Out - Sign-Controlled Intersection,2011,42.03850604944766,Missing,Unknown Injury,Unknown,Unknown,Yes,35.1318077,-78.90048986,Wet,40 - 45  MPH,Stop Sign,Rain,No,1,0,2
Yes,23.0,No,Facing Traffic,B: Suspected Minor Injury,Male,Wilmington,New Hanover,No,Thursday,Motorist Failed to Yield - Midblock,17.0,January,Motorist Drive Out - Commercial Driveway / Alley,2011,44.0,No,O: No Injury,Male,"Single Unit Truck (2-Axle, 6-Tire)",No,34.24178158,-77.89479892,Dry,5 - 15 MPH,No Control Present,Clear,No,0,0,1
No,25.0,Yes,Not Applicable,O: No Injury,Female,Raleigh,Wake,Yes,Saturday,Bicyclist Failed to Yield - Midblock,16.0,January,Bicyclist Ride Out - Commercial Driveway / Alley,2011,34.0,No,O: No Injury,Male,Passenger Car,No,35.78099,-78.655823,Dry,30 - 35  MPH,No Control Present,Clear,No,0,0,1
Yes,7.0,No,With Traffic,B: Suspected Minor Injury,Male,Yanceyville,Caswell,No,Sunday,Bicyclist Failed to Yield - Sign-Controlled Intersection,16.0,February,Bicyclist Ride Through - Sign-Controlled Intersection,2011,24.0,No,O: No Injury,Female,Passenger Car,No,36.40723962,-79.34360183,Dry,30 - 35  MPH,No Control Present,Clear,No,0,0,2
Yes,27.0,No,With Traffic,B: Suspected Minor Injury,Male,Durham,Durham,No,Tuesday,Motorist Overtaking Bicyclist,18.0,February,Motorist Overtaking - Other / Unknown,2011,42.03850604944766,Missing,Unknown Injury,Unknown,Sport Utility,Yes,35.961515,-78.976913,Dry,40 - 45  MPH,No Control Present,Clear,No,1,0,2
No,33.0,No,With Traffic,C: Possible Injury,Male,Goldsboro,Wayne,No,Friday,Motorist Overtaking Bicyclist,6.0,February,Motorist Overtaking - Other / Unknown,2011,42.03850604944766,Missing,Unknown Injury,Unknown,Unknown,Yes,35.36650114,-77.9337046,Wet,40 - 45  MPH,"Double Yellow Line, No Passing Zone",Rain,No,1,0,2
Yes,26.0,No,With Traffic,B: Suspected Minor Injury,Female,Durham,Durham,No,Tuesday,Motorist Left Turn / Merge,9.0,February,Motorist Left Turn - Opposite Direction,2011,21.0,No,O: No Injury,Male,Passenger Car,No,35.997957,-78.927173,Dry,30 - 35  MPH,No Control Present,Clear,No,0,0,2
No,45.0,No,With Traffic,C: Possible Injury,Male,Charlotte,Mecklenburg,No,Sunday,Motorist Overtaking Bicyclist,22.0,February,Motorist Overtaking - Undetected Bicyclist,2011,31.0,No,O: No Injury,Male,Sport Utility,No,35.346159,-80.795615,Dry,30 - 35  MPH,No Control Present,Clear,No,0,0,2
Yes,40.0,No,Facing Traffic,C: Possible Injury,Male,Raleigh,Wake,No,Friday,Motorist Failed to Yield - Midblock,15.0,January,Motorist Drive Out - Commercial Driveway / Alley,2011,32.0,No,O: No Injury,Male,Passenger Car,No,35.799128,-78.568369,Dry,5 - 15 MPH,No Control Present,Clear,No,0,0,1
Yes,48.0,No,With Traffic,K: Killed,Male,Raleigh,Wake,No,Thursday,Bicyclist Failed to Yield - Sign-Controlled Intersection,12.0,January,Bicyclist Ride Through - Sign-Controlled Intersection,2011,57.0,No,O: No Injury,Female,School Bus,No,35.774431,-78.621533,Dry,40 - 45  MPH,Stop And Go Signal,Clear,No,0,0,1
Yes,29.0,No,Facing Traffic,B: Suspected Minor Injury,Male,Raleigh,Wake,Yes,Monday,Head-On,2.0,January,Head-On - Motorist,2011,24.0,Yes,O: No Injury,Male,Passenger Car,No,35.780812,-78.649197,Dry,30 - 35  MPH,No Control Present,Clear,No,0,0,1
Yes,53.0,No,With Traffic,B: Suspected Minor Injury,Male,None - Rural Crash,Nash,No,Saturday,Motorist Overtaking Bicyclist,10.0,February,Motorist Overtaking - Other / Unknown,2011,55.0,No,O: No Injury,Male,Pickup,No,35.86027871,-78.13473301,Dry,50 - 55  MPH,"Double Yellow Line, No Passing Zone",Clear,No,0,0,2
Yes,13.0,No,With Traffic,A: Suspected Serious Injury,Male,Raleigh,Wake,No,Friday,Bicyclist Failed to Yield - Sign-Controlled Intersection,13.0,December,Bicyclist Ride Through - Sign-Controlled Intersection,2010,77.0,No,O: No Injury,Male,Van,No,35.76730532,-78.60859482,Dry,20 - 25  MPH,Stop Sign,Clear,No,0,0,12
No,44.0,No,With Traffic,C: Possible Injury,Male,Charlotte,Mecklenburg,No,Monday,Motorist Failed to Yield - Sign-Controlled Intersection,10.0,February,Motorist Drive Out - Sign-Controlled Intersection,2011,42.03850604944766,Missing,Unknown Injury,Unknown,Unknown,Yes,35.218368,-80.853837,Dry,30 - 35  MPH,Stop Sign,Cloudy,No,1,0,2
No,47.0,No,Facing Traffic,C: Possible Injury,Male,Weldon,Halifax,No,Thursday,Loss of Control / Turning Error,11.0,October,Motorist Lost Control - Mechanical Problems,2010,76.0,No,O: No Injury,Female,Passenger Car,No,36.4128421,-77.61599489,Dry,40 - 45  MPH,No Control Present,Clear,No,0,0,10
No,35.0,No,With Traffic,O: No Injury,Male,None - Rural Crash,Randolph,No,Thursday,Motorist Overtaking Bicyclist,15.0,February,Motorist Overtaking - Other / Unknown,2011,80.0,No,O: No Injury,Male,Passenger Car,No,35.82222349,-79.95026982,Dry,40 - 45  MPH,"Double Yellow Line, No Passing Zone",Clear,No,0,0,2
No,48.0,Yes,Not Applicable,C: Possible Injury,Male,Charlotte,Mecklenburg,Yes,Monday,Loss of Control / Turning Error,18.0,February,Bicylist Lost Control - Alcohol / Drug Impairment,2011,20.0,No,O: No Injury,Female,Passenger Car,No,35.24629,-80.899543,Dry,30 - 35  MPH,No Control Present,Clear,No,0,0,2
Yes,45.0,No,Facing Traffic,C: Possible Injury,Male,Greensboro,Guilford,No,Thursday,Loss of Control / Turning Error,16.0,February,Bicyclist Lost Control - Mechanical Problems,2011,38.0,No,O: No Injury,Male,Pickup,No,36.06305514,-79.80911223,Dry,30 - 35  MPH,No Control Present,Clear,No,0,0,2
Yes,20.0,No,Not Applicable,B: Suspected Minor Injury,Male,Charlotte,Mecklenburg,No,Wednesday,Bicyclist Failed to Yield - Midblock,14.0,February,Multiple Threat - Midblock,2011,35.0,No,O: No Injury,Male,Sport Utility,No,35.213835,-80.755826,Dry,30 - 35  MPH,No Control Present,Clear,No,0,0,2
Yes,24.0,No,Facing Traffic,C: Possible Injury,Male,Durham,Durham,No,Thursday,Motorist Failed to Yield - Signalized Intersection,18.0,February,Motorist Drive Out - Right Turn on Red,2011,70.0,No,O: No Injury,Male,Sport Utility,No,36.037548,-78.935506,Dry,30 - 35  MPH,Stop And Go Signal,Clear,Yes,0,0,2
Yes,30.0,No,With Traffic,C: Possible Injury,Female,Albemarle,Stanly,No,Wednesday,Motorist Overtaking Bicyclist,19.0,February,Motorist Overtaking - Undetected Bicyclist,2011,66.0,No,O: No Injury,Male,Pickup,No,35.34252101,-80.18165405,Dry,40 - 45  MPH,No Control Present,Clear,No,0,0,2
Yes,32.52649525389365,No,With Traffic,B: Suspected Minor Injury,Male,Wilmington,New Hanover,No,Tuesday,Bicyclist Failed to Yield - Signalized Intersection,17.0,February,Bicyclist Ride Through - Signalized Intersection,2011,33.0,Unknown,Unknown Injury,Male,Sport Utility,No,34.24239651,-77.89229257,Dry,40 - 45  MPH,Stop And Go Signal,Clear,No,0,1,2
No,46.0,Yes,With Traffic,C: Possible Injury,Male,Durham,Durham,Yes,Thursday,Bicyclist Failed to Yield - Signalized Intersection,21.0,February,Bicyclist Ride Through - Signalized Intersection,2011,43.0,No,O: No Injury,Male,Passenger Car,No,35.997582,-78.898491,Wet,20 - 25  MPH,Stop And Go Signal,Cloudy,No,0,0,2
Yes,52.0,No,With Traffic,B: Suspected Minor Injury,Male,None - Rural Crash,Pitt,No,Friday,Motorist Failed to Yield - Sign-Controlled Intersection,7.0,February,Motorist Drive Out - Sign-Controlled Intersection,2011,21.0,No,O: No Injury,Female,Passenger Car,No,35.62991679,-77.32958571,Wet,50 - 55  MPH,Stop Sign,Clear,No,0,0,2
No,7.0,No,Not Applicable,C: Possible Injury,Male,Charlotte,Mecklenburg,No,Wednesday,Bicyclist Failed to Yield - Midblock,17.0,February,Bicyclist Ride Out - Residential Driveway,2011,29.0,No,O: No Injury,Female,Passenger Car,No,35.13845,-80.897763,Dry,20 - 25  MPH,No Control Present,Clear,No,0,0,2
Yes,14.0,No,Facing Traffic,C: Possible Injury,Male,Laurinburg,Scotland,No,Sunday,Motorist Failed to Yield - Sign-Controlled Intersection,16.0,February,Motorist Drive Out - Sign-Controlled Intersection,2011,63.0,No,O: No Injury,Female,Passenger Car,No,34.78286106,-79.46008339,Dry,30 - 35  MPH,Stop Sign,Clear,No,0,0,2
Yes,23.0,No,With Traffic,A: Suspected Serious Injury,Male,Salisbury,Rowan,No,Tuesday,Motorist Overtaking Bicyclist,19.0,February,Motorist Overtaking - Undetected Bicyclist,2011,32.0,No,O: No Injury,Male,Pickup,No,35.62983998,-80.52236876,Dry,50 - 55  MPH,No Control Present,Clear,No,0,0,2
No,15.0,No,Not Applicable,C: Possible Injury,Male,Durham,Durham,No,Wednesday,Crossing Paths - Other Circumstances,23.0,February,Crossing Paths - Intersection - Other / Unknown,2011,42.03850604944766,No,Unknown Injury,Unknown,Van,Yes,36.005018,-78.866886,Dry,Unknown,No Control Present,Clear,No,1,0,2
No,10.0,No,With Traffic,C: Possible Injury,Male,Charlotte,Mecklenburg,No,Monday,Motorist Right Turn / Merge,16.0,February,Motorist Right Turn - Same Direction,2011,29.0,No,O: No Injury,Female,School Bus,No,35.226242,-80.833229,Dry,20 - 25  MPH,No Control Present,Clear,No,0,0,2
No,28.0,No,With Traffic,C: Possible Injury,Male,Charlotte,Mecklenburg,No,Saturday,Motorist Left Turn / Merge,10.0,February,Motorist Left Turn - Opposite Direction,2011,55.0,No,O: No Injury,Male,"Light Truck (Mini-Van, Panel)",No,35.24283,-80.843126,Dry,30 - 35  MPH,Stop Sign,Clear,No,0,0,2
Yes,18.0,No,Facing Traffic,C: Possible Injury,Female,Wilmington,New Hanover,No,Friday,Motorist Failed to Yield - Midblock,14.0,February,Motorist Drive Out - Commercial Driveway / Alley,2011,23.0,No,O: No Injury,Male,Sport Utility,No,34.23692893,-77.82822868,Dry,Unknown,Stop Sign,Clear,No,0,0,2
No,52.0,No,With Traffic,B: Suspected Minor Injury,Male,Charlotte,Mecklenburg,No,Tuesday,Motorist Left Turn / Merge,7.0,February,Motorist Left Turn - Opposite Direction,2011,38.0,No,O: No Injury,Female,Passenger Car,No,35.151834,-80.868403,Dry,20 - 25  MPH,No Control Present,Clear,No,0,0,2
Yes,8.0,No,With Traffic,C: Possible Injury,Female,Greensboro,Guilford,No,Wednesday,Bicyclist Failed to Yield - Sign-Controlled Intersection,17.0,February,Bicyclist Ride Through - Sign-Controlled Intersection,2011,26.0,No,O: No Injury,Male,Passenger Car,No,36.051497,-79.84791,Dry,20 - 25  MPH,Stop Sign,Clear,No,0,0,2
No,22.0,No,Not Applicable,O: No Injury,Male,Salisbury,Rowan,No,Thursday,Non-Roadway,11.0,March,Non-Roadway,2011,28.0,Missing,O: No Injury,Male,Pickup,No,35.69158435,-80.48219938,Dry,30 - 35  MPH,No Control Present,Clear,No,0,0,3
Yes,40.0,Unknown,With Traffic,K: Killed,Male,None - Rural Crash,Brunswick,No,Thursday,Motorist Overtaking Bicyclist,18.0,March,Motorist Overtaking - Other / Unknown,2011,53.0,No,O: No Injury,Male,Passenger Car,No,34.16698129,-78.08901597,Dry,50 - 55  MPH,No Control Present,Clear,No,0,0,3
Yes,56.0,Yes,Not Applicable,B: Suspected Minor Injury,Male,Rocky Mount,Nash,Yes,Tuesday,Non-Roadway,18.0,January,Non-Roadway,2011,48.0,No,O: No Injury,Male,Pickup,No,35.97100323,-77.80988753,Wet,5 - 15 MPH,No Control Present,Cloudy,No,0,0,1
Yes,60.0,No,With Traffic,C: Possible Injury,Male,Charlotte,Mecklenburg,No,Wednesday,Motorist Left Turn / Merge,9.0,February,Motorist Left Turn - Opposite Direction,2011,23.0,No,O: No Injury,Female,Passenger Car,No,35.26128,-80.843126,Dry,30 - 35  MPH,Stop And Go Signal,Cloudy,No,0,0,2