AmbulanceR,BikeAge,BikeAlcFlg,BikeDir,BikeInjury,BikeSex,City,County,CrashAlcoh,CrashDay,CrashGrp,CrashHour,CrashMonth,CrashType,CrashYear,DrvrAge,DrvrAlcFlg,DrvrInjury,DrvrSex,DrvrVehTyp,HitRun,Latitude,Longitude,RdConditio,SpeedLimit,TraffCntrl,Weather,Workzone,DrvrAgeImputedFlag,BikeAgeImputedFlag,MonthCode
No,36.0,Unknown,With Traffic,C: Possible Injury,Male,Asheville,Buncombe,No,Wednesday,Bicyclist Overtaking Motorist,12.0,February,Bicyclist Overtaking - Passing on Right,2011,19.0,No,O: No Injury,Male,Passenger Car,No,35.5963917,-82.54881145,Dry,30 - 35  MPH,No Control Present,Clear,No,0,0,2
Yes,49.0,No,With Traffic,B: Suspected Minor Injury,Male,Apex,Wake,No,Monday,Motorist Left Turn / Merge,6.0,March,Motorist Left Turn - Opposite Direction,2011,28.0,No,O: No Injury,Male,Pickup,No,35.727175,-78.854147,Dry,50 - 55  MPH,Stop And Go Signal,Clear,No,0,0,3
No,18.0,Yes,Not Applicable,C: Possible Injury,Male,Greensboro,Guilford,Yes,Thursday,Bicyclist Failed to Yield - Midblock,18.0,February,Bicyclist Ride Out - Other Midblock,2011,53.0,No,O: No Injury,Male,Sport Utility,No,36.06207942,-79.81595848,Wet,30 - 35  MPH,Stop And Go Signal,Cloudy,No,0,0,2
No,21.0,No,With Traffic,O: No Injury,Male,Asheville,Buncombe,No,Friday,Loss of Control / Turning Error,10.0,February,Bicyclist Lost Control - Mechanical Problems,2011,44.0,No,O: No Injury,Female,Passenger Car,No,35.59764025,-82.53605236,Dry,30 - 35  MPH,Stop And Go Signal,Clear,No,0,0,2
No,18.0,No,With Traffic,C: Possible Injury,Male,None - Rural Crash,Sampson,No,Tuesday,Bicyclist Left Turn / Merge,15.0,March,Bicyclist Left Turn - Same Direction,2011,29.0,Missing,O: No Injury,Female,Sport Utility,No,34.95778513,-78.42857895,Dry,Unknown,"Double Yellow Line, No Passing Zone",Clear,No,0,0,3
Yes,27.0,No,Facing Traffic,A: Suspected Serious Injury,Male,Rocky Mount,Edgecombe,No,Tuesday,Head-On,7.0,February,Head-On - Bicyclist,2011,42.0,No,O: No Injury,Male,Pickup,No,35.94499777,-77.78241301,Dry,30 - 35  MPH,Stop Sign,Clear,No,0,0,2
No,58.0,No,With Traffic,O: No Injury,Male,Charlotte,Mecklenburg,No,Thursday,Motorist Right Turn / Merge,16.0,February,Motorist Right Turn - Same Direction,2011,40.0,No,O: No Injury,Male,Police,No,35.213518,-80.884035,Dry,30 - 35  MPH,Stop And Go Signal,Cloudy,No,0,0,2
Yes,19.0,No,With Traffic,B: Suspected Minor Injury,Male,Greensboro,Guilford,No,Friday,Bicyclist Overtaking Motorist,9.0,February,Bicyclist Overtaking - Other / Unknown,2011,38.0,No,O: No Injury,Male,Commercial Bus,No,36.06381207,-79.82195029,Dry,30 - 35  MPH,No Control Present,Cloudy,No,0,0,2
No,32.52649525389365,No,With Traffic,B: Suspected Minor Injury,Male,Kinston,Lenoir,No,Thursday,Motorist Failed to Yield - Signalized Intersection,20.0,February,Motorist Drive Out - Signalized Intersection,2011,42.03850604944766,Unknown,Unknown Injury,Unknown,Unknown,Yes,35.28368889,-77.58059097,Dry,30 - 35  MPH,Stop And Go Signal,Clear,No,1,1,2
No,68.0,No,With Traffic,B: Suspected Minor Injury,Male,None - Rural Crash,New Hanover,No,Wednesday,Motorist Failed to Yield - Sign-Controlled Intersection,13.0,March,Motorist Drive Out - Sign-Controlled Intersection,2011,61.0,No,O: No Injury,Female,Van,No,34.16378261,-77.89151488,Dry,30 - 35  MPH,Stop Sign,Clear,No,0,0,3
No,19.0,No,Facing Traffic,Unknown Injury,Male,Wilmington,New Hanover,No,Tuesday,Motorist Failed to Yield - Midblock,17.0,March,Motorist Drive Out - Commercial Driveway / Alley,2011,60.0,No,O: No Injury,Female,Passenger Car,No,34.23931126,-77.86619438,Dry,30 - 35  MPH,No Control Present,Clear,No,0,0,3
No,54.0,Yes,With Traffic,O: No Injury,Male,Fayetteville,Cumberland,Yes,Friday,Motorist Overtaking Bicyclist,19.0,March,Motorist Overtaking - Other / Unknown,2011,27.0,No,O: No Injury,Female,Passenger Car,No,35.05761451,-79.01780256,Dry,40 - 45  MPH,No Control Present,Cloudy,No,0,0,3
No,12.0,No,With Traffic,B: Suspected Minor Injury,Female,None - Rural Crash,Transylvania,No,Sunday,Bicyclist Failed to Yield - Sign-Controlled Intersection,13.0,March,Bicyclist Ride Through - Sign-Controlled Intersection,2011,73.0,No,O: No Injury,Female,Passenger Car,No,35.223881,-82.746973,Dry,20 - 25  MPH,Stop Sign,Clear,No,0,0,3
Yes,27.0,No,Not Applicable,B: Suspected Minor Injury,Male,Charlotte,Mecklenburg,No,Saturday,Non-Roadway,15.0,March,Non-Roadway,2011,66.0,No,O: No Injury,Male,Passenger Car,No,35.211464,-80.926007,Wet,20 - 25  MPH,No Control Present,Rain,No,0,0,3
Yes,44.0,No,With Traffic,C: Possible Injury,Male,Clemmons,Forsyth,No,Monday,Bicyclist Failed to Yield - Signalized Intersection,13.0,March,Bicyclist Ride Through - Signalized Intersection,2011,50.0,No,O: No Injury,Male,Pickup,No,36.03409008,-80.38413247,Dry,60 - 75 MPH,Stop And Go Signal,Clear,No,0,0,3
Yes,5.0,No,Not Applicable,C: Possible Injury,Male,Greensboro,Guilford,No,Tuesday,Bicyclist Failed to Yield - Midblock,16.0,March,Bicyclist Ride Out - Residential Driveway,2011,20.0,No,O: No Injury,Female,Passenger Car,No,36.044804,-79.861786,Dry,30 - 35  MPH,No Control Present,Clear,No,0,0,3
Yes,47.0,No,With Traffic,B: Suspected Minor Injury,Female,Tarboro,Edgecombe,No,Thursday,Parallel Paths - Other Circumstances,18.0,March,Bicyclist Ride Out - Parallel Path,2011,22.0,No,O: No Injury,Male,Passenger Car,No,35.90313734,-77.55139236,Wet,30 - 35  MPH,No Control Present,Rain,No,0,0,3
No,50.0,No,Unknown,C: Possible Injury,Male,Charlotte,Mecklenburg,No,Thursday,Crossing Paths - Other Circumstances,17.0,March,Crossing Paths - Intersection - Other / Unknown,2011,20.0,No,O: No Injury,Male,Sport Utility,No,35.13774,-80.879297,Dry,30 - 35  MPH,Stop And Go Signal,Cloudy,No,0,0,3
Yes,25.0,No,Facing Traffic,B: Suspected Minor Injury,Male,Wilmington,New Hanover,No,Tuesday,Motorist Failed to Yield - Sign-Controlled Intersection,13.0,March,Motorist Drive Out - Sign-Controlled Intersection,2011,21.0,No,O: No Injury,Female,Sport Utility,No,34.234806,-77.88808003,Dry,20 - 25  MPH,Stop Sign,Clear,No,0,0,3
No,2.0,No,Not Applicable,C: Possible Injury,Male,Salisbury,Rowan,No,Thursday,Other / Unusual Circumstances,19.0,March,Play Vehicle-Related,2011,66.0,No,O: No Injury,Female,Pickup,No,35.67491803,-80.49353114,Dry,30 - 35  MPH,No Control Present,Clear,No,0,0,3
Yes,48.0,No,With Traffic,A: Suspected Serious Injury,Male,None - Rural Crash,Gates,No,Wednesday,Bicyclist Failed to Yield - Sign-Controlled Intersection,16.0,March,Bicyclist Ride Through - Sign-Controlled Intersection,2011,22.0,No,B: Suspected Minor Injury,Female,Passenger Car,No,36.4984652,-76.73025556,Dry,50 - 55  MPH,Stop Sign,Clear,No,0,0,3
Yes,22.0,No,With Traffic,C: Possible Injury,Male,Asheville,Buncombe,No,Thursday,Motorist Left Turn / Merge,16.0,March,Motorist Left Turn - Opposite Direction,2011,70.0,No,O: No Injury,Female,Pickup,No,35.59114975,-82.55651604,Dry,20 - 25  MPH,Stop And Go Signal,Cloudy,No,0,0,3
Yes,60.0,No,With Traffic,B: Suspected Minor Injury,Male,Raleigh,Wake,No,Monday,Motorist Failed to Yield - Midblock,9.0,February,Motorist Drive Out - Commercial Driveway / Alley,2011,20.0,No,O: No Injury,Male,Passenger Car,No,35.772738,-78.633587,Dry,30 - 35  MPH,Stop And Go Signal,Clear,No,0,0,2
No,59.0,No,With Traffic,C: Possible Injury,Male,Raleigh,Wake,No,Friday,Motorist Right Turn / Merge,21.0,February,Motorist Right Turn - Same Direction,2011,42.03850604944766,Missing,Unknown Injury,Unknown,Unknown,Yes,35.780003,-78.613534,Dry,40 - 45  MPH,Stop And Go Signal,Clear,No,1,0,2
No,15.0,No,Not Applicable,Unknown Injury,Male,Fayetteville,Cumberland,No,Friday,Non-Roadway,16.0,March,Non-Roadway,2011,42.03850604944766,Missing,Unknown Injury,Unknown,Unknown,Yes,35.098313,-78.918049,Dry,20 - 25  MPH,No Control Present,Clear,No,1,0,3
Yes,48.0,No,With Traffic,B: Suspected Minor Injury,Male,Greensboro,Guilford,No,Sunday,Motorist Overtaking Bicyclist,14.0,March,Motorist Overtaking - Other / Unknown,2011,18.0,No,O: No Injury,Male,Passenger Car,No,36.01504953,-79.89680697,Dry,40 - 45  MPH,Stop And Go Signal,Clear,No,0,0,3
Yes,36.0,No,Facing Traffic,B: Suspected Minor Injury,Male,Greenville,Pitt,No,Sunday,Bicyclist Failed to Yield - Signalized Intersection,11.0,March,Bicyclist Ride Out - Signalized  Intersection,2011,73.0,No,O: No Injury,Male,Sport Utility,No,35.61312256,-77.39289018,Wet,40 - 45  MPH,Stop And Go Signal,Rain,No,0,0,3
Yes,16.0,No,With Traffic,C: Possible Injury,Male,None - Rural Crash,Moore,No,Tuesday,Motorist Overtaking Bicyclist,10.0,March,Motorist Overtaking - Other / Unknown,2011,42.03850604944766,Unknown,Unknown Injury,Unknown,Pickup,Yes,35.33279078,-79.328725,Dry,50 - 55  MPH,No Control Present,Clear,No,1,0,3
Yes,7.0,No,With Traffic,C: Possible Injury,Male,None - Rural Crash,Johnston,No,Wednesday,Bicyclist Failed to Yield - Sign-Controlled Intersection,17.0,March,Bicyclist Ride Through - Sign-Controlled Intersection,2011,58.0,No,O: No Injury,Female,Passenger Car,No,35.65023922,-78.38416943,Dry,5 - 15 MPH,Stop Sign,Clear,No,0,0,3
Yes,59.0,No,With Traffic,C: Possible Injury,Male,Cary,Wake,No,Wednesday,Motorist Left Turn / Merge,17.0,March,Motorist Left Turn - Opposite Direction,2011,23.0,No,O: No Injury,Female,Passenger Car,No,35.811757,-78.794828,Dry,20 - 25  MPH,Stop And Go Signal,Clear,No,0,0,3
Yes,53.0,No,With Traffic,C: Possible Injury,Male,Kinston,Lenoir,No,Thursday,Loss of Control / Turning Error,7.0,March,Motorist Lost Control - Other / Unknown,2011,64.0,No,O: No Injury,Male,Van,No,35.26173315,-77.64653909,Dry,40 - 45  MPH,No Control Present,Clear,No,0,0,3
Yes,52.0,No,With Traffic,A: Suspected Serious Injury,Male,Wrightsville Beach,New Hanover,No,Saturday,Crossing Paths - Other Circumstances,12.0,February,Crossing Paths - Midblock - Other / Unknown,2011,42.03850604944766,Missing,Unknown Injury,Unknown,Passenger Car,No,34.21260931,-77.7923382,Dry,20 - 25  MPH,No Control Present,Clear,No,1,0,2
No,20.0,No,With Traffic,O: No Injury,Male,Greenville,Pitt,No,Wednesday,Bicyclist Failed to Yield - Signalized Intersection,12.0,February,Bicyclist Failed to Clear - Trapped,2011,27.0,No,O: No Injury,Female,Passenger Car,No,35.55945675,-77.36539385,Dry,5 - 15 MPH,Stop And Go Signal,Clear,No,0,0,2
No,16.0,No,Facing Traffic,O: No Injury,Male,Wrightsville Beach,New Hanover,No,Sunday,Parallel Paths - Other Circumstances,16.0,January,Parallel Paths - Other / Unknown,2011,45.0,No,O: No Injury,Female,Sport Utility,No,34.21377281,-77.80550181,Dry,30 - 35  MPH,No Control Present,Clear,No,0,0,1
Yes,20.0,No,Unknown,B: Suspected Minor Injury,Male,Charlotte,Mecklenburg,No,Monday,Parallel Paths - Other Circumstances,15.0,March,Motorist Turn / Merge - Other / Unknown,2011,22.0,No,O: No Injury,Female,Passenger Car,No,35.226414,-80.844207,Dry,20 - 25  MPH,No Control Present,Clear,No,0,0,3
No,71.0,No,With Traffic,B: Suspected Minor Injury,Male,Davidson,Mecklenburg,No,Saturday,Motorist Failed to Yield - Sign-Controlled Intersection,14.0,March,Motorist Drive Out - Sign-Controlled Intersection,2011,49.0,No,O: No Injury,Female,Passenger Car,No,35.46423709,-80.81104871,Dry,20 - 25  MPH,"Double Yellow Line, No Passing Zone",Clear,No,0,0,3
Yes,46.0,No,With Traffic,B: Suspected Minor Injury,Male,Charlotte,Mecklenburg,No,Friday,Motorist Left Turn / Merge,6.0,March,Motorist Left Turn - Opposite Direction,2011,41.0,No,O: No Injury,Male,Passenger Car,No,35.125866,-80.980547,Dry,40 - 45  MPH,Stop Sign,Clear,No,0,0,3
No,15.0,No,With Traffic,O: No Injury,Male,Charlotte,Mecklenburg,No,Saturday,Motorist Right Turn / Merge,15.0,March,Motorist Right Turn - Same Direction,2011,55.0,No,O: No Injury,Male,Passenger Car,No,35.252759,-80.808105,Dry,40 - 45  MPH,No Control Present,Clear,No,0,0,3
Yes,18.0,No,Not Applicable,A: Suspected Serious Injury,Male,Jacksonville,Onslow,No,Saturday,Bicyclist Failed to Yield - Midblock,13.0,March,Multiple Threat - Midblock,2011,29.0,No,O: No Injury,Female,Passenger Car,No,34.76059475,-77.41564508,Dry,40 - 45  MPH,"Double Yellow Line, No Passing Zone",Clear,No,0,0,3
No,28.0,No,Facing Traffic,C: Possible Injury,Male,Charlotte,Mecklenburg,No,Thursday,Motorist Left Turn / Merge,16.0,March,Motorist Left Turn - Same Direction,2011,46.0,No,O: No Injury,Male,Passenger Car,No,35.226414,-80.844207,Dry,20 - 25  MPH,Stop And Go Signal,Clear,No,0,0,3
Yes,14.0,No,Facing Traffic,C: Possible Injury,Male,Charlotte,Mecklenburg,No,Saturday,Motorist Failed to Yield - Signalized Intersection,19.0,March,Motorist Drive Out - Right Turn on Red,2011,42.03850604944766,No,O: No Injury,Male,Sport Utility,No,35.228143,-80.775336,Dry,30 - 35  MPH,Stop And Go Signal,Cloudy,No,1,0,3
Yes,55.0,No,With Traffic,C: Possible Injury,Male,Durham,Durham,No,Thursday,Motorist Failed to Yield - Signalized Intersection,16.0,March,Motorist Drive Out - Signalized Intersection,2011,45.0,No,O: No Injury,Male,Passenger Car,No,36.010034,-78.922029,Dry,30 - 35  MPH,Stop And Go Signal,Cloudy,No,0,0,3
Yes,6.0,No,With Traffic,C: Possible Injury,Female,None - Rural Crash,Union,No,Thursday,Backing Vehicle,16.0,March,Backing Vehicle,2011,73.0,No,O: No Injury,Female,Passenger Car,Yes,35.00690112,-80.42770789,Dry,30 - 35  MPH,No Control Present,Clear,No,0,0,3
Yes,34.0,No,With Traffic,B: Suspected Minor Injury,Female,Fayetteville,Cumberland,No,Friday,Motorist Overtaking Bicyclist,1.0,March,Motorist Overtaking - Other / Unknown,2011,42.03850604944766,Missing,Unknown Injury,Unknown,Unknown,Yes,35.111655,-78.960939,Dry,Unknown,No Control Present,Clear,Yes,1,0,3
No,29.0,No,With Traffic,C: Possible Injury,Male,Fayetteville,Cumberland,No,Wednesday,Motorist Failed to Yield - Signalized Intersection,7.0,March,Motorist Drive Through - Signalized Intersection,2011,54.0,No,O: No Injury,Male,Passenger Car,No,35.04803,-78.86505,Wet,30 - 35  MPH,Stop And Go Signal,Clear,No,0,0,3
Yes,15.0,No,With Traffic,C: Possible Injury,Male,None - Rural Crash,Catawba,No,Monday,Bicyclist Left Turn / Merge,13.0,March,Bicyclist Left Turn - Same Direction,2011,42.03850604944766,Missing,Unknown Injury,Unknown,Van,Yes,35.75388481,-81.14813943,Dry,50 - 55  MPH,"Double Yellow Line, No Passing Zone",Clear,No,1,0,3
Yes,22.0,Unknown,Facing Traffic,K: Killed,Male,None - Rural Crash,Pitt,No,Thursday,Head-On,20.0,March,Head-On - Bicyclist,2011,20.0,No,O: No Injury,Male,Sport Utility,No,35.65704101,-77.40779216,Dry,40 - 45  MPH,No Control Present,Clear,No,0,0,3
Yes,31.0,No,With Traffic,B: Suspected Minor Injury,Male,Carrboro,Orange,No,Tuesday,Bicyclist Overtaking Motorist,12.0,March,Bicyclist Overtaking - Parked Vehicle,2011,42.03850604944766,Missing,Unknown Injury,Unknown,Commercial Bus,No,35.92554415,-79.09195422,Dry,30 - 35  MPH,"Double Yellow Line, No Passing Zone",Clear,No,1,0,3
Yes,60.0,No,With Traffic,C: Possible Injury,Female,Monroe,Union,No,Thursday,Bicyclist Failed to Yield - Sign-Controlled Intersection,20.0,March,Bicyclist Ride Out - Sign-Controlled Intersection,2011,76.0,No,O: No Injury,Male,Van,No,35.01803334,-80.60576152,Dry,40 - 45  MPH,Stop Sign,Clear,No,0,0,3
No,35.0,No,Facing Traffic,C: Possible Injury,Male,Concord,Cabarrus,No,Wednesday,Motorist Failed to Yield - Sign-Controlled Intersection,16.0,January,Motorist Drive Out - Sign-Controlled Intersection,2010,42.03850604944766,Unknown,Unknown Injury,Unknown,"Light Truck (Mini-Van, Panel)",Yes,35.41191001,-80.58300961,Dry,20 - 25  MPH,Stop Sign,Clear,No,1,0,1
No,12.0,No,Not Applicable,C: Possible Injury,Male,Charlotte,Mecklenburg,No,Thursday,Crossing Paths - Other Circumstances,17.0,March,Crossing Paths - Intersection - Other / Unknown,2011,61.0,No,O: No Injury,Female,Passenger Car,No,35.256828,-80.738557,Dry,40 - 45  MPH,Stop Sign,Clear,No,0,0,3
No,6.0,No,With Traffic,O: No Injury,Male,Raleigh,Wake,No,Saturday,Loss of Control / Turning Error,16.0,March,Bicyclist Lost Control - Mechanical Problems,2011,51.0,No,O: No Injury,Female,Passenger Car,No,35.782092,-78.625639,Dry,30 - 35  MPH,Stop Sign,Clear,No,0,0,3
No,25.0,No,With Traffic,C: Possible Injury,Male,Raleigh,Wake,No,Friday,Motorist Failed to Yield - Signalized Intersection,11.0,March,Motorist Drive Out - Signalized Intersection,2011,81.0,No,O: No Injury,Female,Passenger Car,No,35.799295,-78.660462,Dry,30 - 35  MPH,Stop And Go Signal,Cloudy,No,0,0,3
No,48.0,No,With Traffic,B: Suspected Minor Injury,Male,None - Rural Crash,Union,No,Saturday,Motorist Overtaking Bicyclist,11.0,March,Motorist Overtaking - Misjudged Space,2011,39.0,No,O: No Injury,Male,Pickup,No,34.9004542,-80.50725618,Dry,50 - 55  MPH,"Double Yellow Line, No Passing Zone",Clear,No,0,0,3
Yes,11.0,No,With Traffic,B: Suspected Minor Injury,Male,None - Rural Crash,Rowan,No,Saturday,Motorist Overtaking Bicyclist,17.0,April,Motorist Overtaking - Bicyclist Swerved,2011,30.0,No,O: No Injury,Female,Sport Utility,No,35.50391468,-80.49662469,Dry,50 - 55  MPH,"Double Yellow Line, No Passing Zone",Clear,No,0,0,4
Yes,10.0,No,With Traffic,C: Possible Injury,Male,Raleigh,Wake,No,Saturday,Bicyclist Left Turn / Merge,17.0,March,Bicyclist Left Turn - Opposite Direction,2011,23.0,No,O: No Injury,Female,Sport Utility,No,35.870699,-78.525476,Dry,20 - 25  MPH,No Control Present,Clear,No,0,0,3
Yes,20.0,No,Facing Traffic,C: Possible Injury,Male,Cary,Wake,No,Monday,Motorist Failed to Yield - Midblock,15.0,April,Motorist Drive Out - Commercial Driveway / Alley,2011,49.0,No,O: No Injury,Female,Passenger Car,No,35.771222,-78.781741,Dry,30 - 35  MPH,No Control Present,Clear,No,0,0,4
No,32.52649525389365,Missing,With Traffic,Unknown Injury,Unknown,Wilmington,New Hanover,No,Saturday,Motorist Left Turn / Merge,16.0,March,Motorist Left Turn - Opposite Direction,2011,66.0,No,O: No Injury,Female,Passenger Car,No,34.16711443,-77.94616162,Dry,40 - 45  MPH,No Control Present,Cloudy,No,0,1,3
Yes,12.0,No,With Traffic,B: Suspected Minor Injury,Male,None - Rural Crash,Robeson,No,Friday,Bicyclist Left Turn / Merge,15.0,April,Bicyclist Left Turn - Same Direction,2011,75.0,No,O: No Injury,Male,Pickup,No,34.81757395,-79.15727615,Dry,50 - 55  MPH,No Control Present,Clear,No,0,0,4
No,31.0,No,With Traffic,O: No Injury,Male,Durham,Durham,No,Monday,Motorist Right Turn / Merge,7.0,April,Motorist Right Turn - Same Direction,2011,68.0,No,O: No Injury,Male,School Bus,No,35.983214,-78.93069,Dry,30 - 35  MPH,No Control Present,Clear,No,0,0,4
Yes,16.0,No,With Traffic,B: Suspected Minor Injury,Male,Charlotte,Mecklenburg,No,Thursday,Motorist Overtaking Bicyclist,21.0,March,Motorist Overtaking - Other / Unknown,2011,42.03850604944766,Missing,Unknown Injury,Unknown,Unknown,Yes,35.21544,-80.780798,Dry,30 - 35  MPH,No Control Present,Rain,No,1,0,3
Yes,50.0,No,With Traffic,A: Suspected Serious Injury,Male,None - Rural Crash,Martin,No,Tuesday,Bicyclist Left Turn / Merge,8.0,March,Bicyclist Left Turn - Same Direction,2011,44.0,No,O: No Injury,Female,Sport Utility,No,35.77156119,-77.03807133,Dry,50 - 55  MPH,"Double Yellow Line, No Passing Zone",Clear,No,0,0,3
No,61.0,No,Facing Traffic,C: Possible Injury,Male,Concord,Cabarrus,No,Thursday,Motorist Failed to Yield - Sign-Controlled Intersection,16.0,March,Motorist Drive Out - Sign-Controlled Intersection,2011,64.0,No,O: No Injury,Male,Passenger Car,No,35.43642343,-80.60440101,Dry,30 - 35  MPH,Stop Sign,Cloudy,No,0,0,3
No,19.0,No,Facing Traffic,O: No Injury,Male,Boone,Watauga,No,Thursday,Motorist Failed to Yield - Sign-Controlled Intersection,20.0,March,Motorist Drive Out - Sign-Controlled Intersection,2011,21.0,No,O: No Injury,Female,Sport Utility,No,36.20252115,-81.66428712,Wet,20 - 25  MPH,Stop Sign,Rain,No,0,0,3
Yes,46.0,No,With Traffic,K: Killed,Male,None - Rural Crash,New Hanover,Yes,Sunday,Motorist Overtaking Bicyclist,9.0,April,Motorist Overtaking - Other / Unknown,2011,63.0,Yes,O: No Injury,Male,Passenger Car,No,34.09924126,-77.92155984,Dry,50 - 55  MPH,No Control Present,Clear,No,0,0,4
Yes,20.0,No,With Traffic,A: Suspected Serious Injury,Male,None - Rural Crash,Craven,No,Thursday,Motorist Overtaking Bicyclist,7.0,April,Motorist Overtaking - Other / Unknown,2011,41.0,No,O: No Injury,Female,Sport Utility,No,35.28879017,-77.38743575,Dry,50 - 55  MPH,No Control Present,Clear,No,0,0,4
Yes,13.0,No,With Traffic,C: Possible Injury,Female,Apex,Wake,No,Saturday,Bicyclist Left Turn / Merge,13.0,April,Bicyclist Left Turn - Same Direction,2011,57.0,No,O: No Injury,Female,Passenger Car,No,35.735463,-78.834211,Dry,40 - 45  MPH,No Control Present,Cloudy,No,0,0,4
Yes,25.0,No,Facing Traffic,C: Possible Injury,Male,Raleigh,Wake,No,Tuesday,Parallel Paths - Other Circumstances,16.0,March,Bicyclist Ride Out - Parallel Path,2011,45.0,No,O: No Injury,Female,Passenger Car,No,35.855184,-78.580973,Dry,40 - 45  MPH,Stop And Go Signal,Clear,No,0,0,3
Yes,44.0,Yes,With Traffic,B: Suspected Minor Injury,Male,Raleigh,Wake,Yes,Sunday,Motorist Overtaking Bicyclist,20.0,March,Motorist Overtaking - Undetected Bicyclist,2011,20.0,No,O: No Injury,Male,Passenger Car,No,35.780632,-78.645736,Dry,40 - 45  MPH,No Control Present,Clear,No,0,0,3
No,11.0,No,With Traffic,O: No Injury,Male,Cary,Wake,No,Monday,Bicyclist Failed to Yield - Signalized Intersection,6.0,April,Bicyclist Ride Out - Signalized  Intersection,2011,42.03850604944766,Unknown,Unknown Injury,Unknown,Passenger Car,Yes,35.794262,-78.798883,Dry,30 - 35  MPH,Stop And Go Signal,Clear,No,1,0,4
Yes,35.0,No,With Traffic,B: Suspected Minor Injury,Male,None - Rural Crash,Buncombe,No,Thursday,Motorist Overtaking Bicyclist,17.0,April,Motorist Overtaking - Misjudged Space,2011,33.0,No,O: No Injury,Male,Pickup,No,35.71681847,-82.62691381,Dry,50 - 55  MPH,"Double Yellow Line, No Passing Zone",Clear,No,0,0,4
Yes,20.0,No,With Traffic,C: Possible Injury,Male,Mount Olive,Wayne,No,Friday,Bicyclist Failed to Yield - Sign-Controlled Intersection,14.0,April,Bicyclist Ride Out - Sign-Controlled Intersection,2011,50.0,No,O: No Injury,Male,"Single Unit Truck (2-Axle, 6-Tire)",No,35.20451845,-78.06464305,Dry,30 - 35  MPH,No Control Present,Clear,No,0,0,4
Yes,45.0,Yes,With Traffic,A: Suspected Serious Injury,Male,Charlotte,Mecklenburg,Yes,Monday,Bicyclist Failed to Yield - Signalized Intersection,15.0,April,Bicyclist Ride Through - Signalized Intersection,2011,49.0,No,O: No Injury,Female,Sport Utility,No,35.260445,-80.836945,Dry,30 - 35  MPH,Stop And Go Signal,Clear,No,0,0,4
No,14.0,No,Facing Traffic,C: Possible Injury,Male,Ahoskie,Hertford,No,Wednesday,Crossing Paths - Other Circumstances,12.0,March,Sign-Controlled Intersection - Other / Unknown,2011,40.0,No,O: No Injury,Female,Passenger Car,No,36.27866056,-76.97929279,Dry,20 - 25  MPH,Stop Sign,Clear,No,0,0,3
Yes,37.0,No,With Traffic,C: Possible Injury,Male,Cary,Wake,No,Wednesday,Motorist Left Turn / Merge,13.0,April,Motorist Left Turn - Opposite Direction,2011,69.0,No,O: No Injury,Male,Van,No,35.802197,-78.786607,Dry,40 - 45  MPH,Stop And Go Signal,Clear,No,0,0,4
Yes,13.0,No,With Traffic,B: Suspected Minor Injury,Male,High Point,Guilford,No,Sunday,Bicyclist Failed to Yield - Sign-Controlled Intersection,14.0,April,Bicyclist Ride Out - Sign-Controlled Intersection,2011,42.03850604944766,Missing,Unknown Injury,Unknown,Passenger Car,Yes,35.97326854,-80.01120387,Dry,30 - 35  MPH,Stop Sign,Clear,No,1,0,4
Yes,21.0,No,With Traffic,B: Suspected Minor Injury,Male,Jamestown,Guilford,No,Saturday,Motorist Left Turn / Merge,9.0,February,Motorist Left Turn - Opposite Direction,2010,21.0,No,O: No Injury,Female,Sport Utility,No,35.99746718,-79.91635388,Dry,20 - 25  MPH,Stop Sign,Clear,No,0,0,2
Yes,51.0,Unknown,Not Applicable,A: Suspected Serious Injury,Male,Burlington,Alamance,No,Monday,Crossing Paths - Other Circumstances,19.0,April,Crossing Paths - Uncontrolled Intersection,2011,26.0,No,O: No Injury,Female,Passenger Car,No,36.0922383,-79.42931473,Dry,30 - 35  MPH,Stop And Go Signal,Cloudy,No,0,0,4
No,21.0,No,With Traffic,C: Possible Injury,Male,Durham,Durham,No,Thursday,Motorist Overtaking Bicyclist,17.0,April,Motorist Overtaking - Other / Unknown,2011,66.0,Unknown,O: No Injury,Male,Passenger Car,No,35.985895,-78.839957,Dry,30 - 35  MPH,No Control Present,Clear,No,0,0,4
No,4.0,No,Not Applicable,C: Possible Injury,Male,Salisbury,Rowan,No,Sunday,Bicyclist Failed to Yield - Midblock,15.0,April,Bicyclist Ride Out - Residential Driveway,2011,39.0,No,O: No Injury,Female,Passenger Car,No,35.65964675,-80.49246644,Dry,30 - 35  MPH,No Control Present,Clear,No,0,0,4
Yes,9.0,No,Not Applicable,B: Suspected Minor Injury,Female,Winston-Salem,Forsyth,No,Sunday,Non-Roadway,18.0,April,Non-Roadway,2011,50.0,No,O: No Injury,Male,Passenger Car,No,36.07158972,-80.29087321,Dry,Unknown,No Control Present,Clear,No,0,0,4
No,45.0,No,With Traffic,C: Possible Injury,Male,None - Rural Crash,Lee,No,Thursday,Motorist Failed to Yield - Midblock,12.0,April,Motorist Drive Out - Residential Driveway,2011,39.0,No,O: No Injury,Male,Pickup,No,35.43780689,-79.09823441,Dry,50 - 55  MPH,No Control Present,Clear,No,0,0,4