AmbulanceR,BikeAge,BikeAlcFlg,BikeDir,BikeInjury,BikeSex,City,County,CrashAlcoh,CrashDay,CrashGrp,CrashHour,CrashMonth,CrashType,CrashYear,DrvrAge,DrvrAlcFlg,DrvrInjury,DrvrSex,DrvrVehTyp,HitRun,Latitude,Longitude,RdConditio,SpeedLimit,TraffCntrl,Weather,Workzone,DrvrAgeImputedFlag,BikeAgeImputedFlag,MonthCode
Yes,53.0,No,With Traffic,C: Possible Injury,Male,None - Rural Crash,Cumberland,No,Friday,Motorist Failed to Yield - Sign-Controlled Intersection,18.0,April,Motorist Drive Out - Sign-Controlled Intersection,2011,46.0,No,O: No Injury,Male,Passenger Car,No,35.01269667,-78.91904777,Dry,40 - 45  MPH,Stop Sign,Clear,No,0,0,4
Yes,46.0,Yes,With Traffic,C: Possible Injury,Male,Kinston,Lenoir,Yes,Tuesday,Bicyclist Failed to Yield - Sign-Controlled Intersection,20.0,April,Bicyclist Ride Out - Sign-Controlled Intersection,2011,67.0,No,O: No Injury,Male,Passenger Car,No,35.25717559,-77.57010694,Dry,20 - 25  MPH,Stop Sign,Clear,No,0,0,4
Yes,26.0,No,With Traffic,B: Suspected Minor Injury,Male,Charlotte,Mecklenburg,No,Wednesday,Loss of Control / Turning Error,6.0,April,Motorist Turning Error - Other,2011,46.0,No,O: No Injury,Female,Sport Utility,No,35.205808,-80.810423,Dry,30 - 35  MPH,Stop And Go Signal,Clear,No,0,0,4
Yes,34.0,No,With Traffic,C: Possible Injury,Male,Charlotte,Mecklenburg,No,Saturday,Motorist Left Turn / Merge,12.0,April,Motorist Left Turn - Opposite Direction,2011,24.0,No,O: No Injury,Female,Passenger Car,No,35.22492,-80.846379,Dry,30 - 35  MPH,Stop And Go Signal,Clear,No,0,0,4
Yes,46.0,Unknown,With Traffic,C: Possible Injury,Male,Charlotte,Mecklenburg,No,Tuesday,Motorist Overtaking Bicyclist,16.0,April,Motorist Overtaking - Misjudged Space,2011,42.03850604944766,Missing,Unknown Injury,Unknown,Unknown,Yes,35.217038,-80.869936,Dry,30 - 35  MPH,No Control Present,Cloudy,No,1,0,4
Yes,12.0,No,With Traffic,C: Possible Injury,Female,None - Rural Crash,Onslow,No,Wednesday,Bicyclist Failed to Yield - Sign-Controlled Intersection,17.0,April,Bicyclist Ride Out - Sign-Controlled Intersection,2011,32.0,No,O: No Injury,Female,Passenger Car,No,34.74453245,-77.48234552,Dry,40 - 45  MPH,Stop Sign,Clear,No,0,0,4
Yes,44.0,Yes,With Traffic,C: Possible Injury,Male,None - Rural Crash,Orange,Yes,Thursday,Motorist Overtaking Bicyclist,0.0,April,Motorist Overtaking - Other / Unknown,2011,42.03850604944766,Unknown,Unknown Injury,Unknown,Unknown,Yes,36.03221798,-78.98962296,Dry,40 - 45  MPH,"Double Yellow Line, No Passing Zone",Clear,No,1,0,4
Yes,42.0,No,With Traffic,B: Suspected Minor Injury,Female,Raleigh,Wake,No,Thursday,Motorist Left Turn / Merge,14.0,April,Motorist Left Turn - Opposite Direction,2011,20.0,No,O: No Injury,Female,Sport Utility,No,35.820642,-78.652962,Dry,30 - 35  MPH,No Control Present,Clear,No,0,0,4
No,41.0,No,Facing Traffic,O: No Injury,Male,Raleigh,Wake,No,Wednesday,Backing Vehicle,14.0,April,Backing Vehicle,2011,46.0,No,O: No Injury,Female,Sport Utility,No,35.79285,-78.662824,Dry,30 - 35  MPH,No Control Present,Clear,No,0,0,4
Yes,44.0,No,Facing Traffic,C: Possible Injury,Male,Raleigh,Wake,No,Wednesday,Motorist Failed to Yield - Midblock,19.0,April,Motorist Drive Out - Commercial Driveway / Alley,2011,21.0,No,O: No Injury,Male,Passenger Car,No,35.784765,-78.689545,Dry,5 - 15 MPH,No Control Present,Clear,No,0,0,4
Yes,15.0,No,With Traffic,C: Possible Injury,Male,None - Rural Crash,Pasquotank,No,Friday,Bicyclist Left Turn / Merge,15.0,April,Bicyclist Left Turn - Same Direction,2011,32.0,No,O: No Injury,Female,Van,No,36.33662936,-76.27123629,Dry,20 - 25  MPH,No Control Present,Clear,No,0,0,4
No,18.0,No,With Traffic,A: Suspected Serious Injury,Male,None - Rural Crash,Onslow,No,Saturday,Motorist Left Turn / Merge,22.0,April,Motorist Left Turn - Opposite Direction,2011,42.03850604944766,Missing,Unknown Injury,Unknown,Van,Yes,34.72732913,-77.3159642,Dry,30 - 35  MPH,No Control Present,Clear,No,1,0,4
Yes,53.0,Yes,With Traffic,C: Possible Injury,Male,Clinton,Sampson,Yes,Wednesday,Bicyclist Failed to Yield - Signalized Intersection,17.0,April,Bicyclist Ride Out - Signalized  Intersection,2011,41.0,No,O: No Injury,Female,Passenger Car,No,34.997596,-78.309167,Dry,30 - 35  MPH,Stop And Go Signal,Clear,No,0,0,4
Yes,17.0,No,With Traffic,B: Suspected Minor Injury,Male,Cary,Wake,No,Saturday,Motorist Left Turn / Merge,21.0,April,Motorist Left Turn - Opposite Direction,2011,32.0,No,O: No Injury,Male,Passenger Car,No,35.79154,-78.781116,Dry,30 - 35  MPH,Stop Sign,Clear,No,0,0,4
No,5.0,No,Not Applicable,C: Possible Injury,Male,Wilson,Wilson,No,Sunday,Non-Roadway,13.0,January,Non-Roadway,2011,25.0,No,O: No Injury,Male,Sport Utility,No,35.731609,-77.918072,Dry,30 - 35  MPH,No Control Present,Clear,No,0,0,1
No,47.0,Yes,With Traffic,Unknown Injury,Unknown,Lumberton,Robeson,Yes,Tuesday,Motorist Left Turn / Merge,5.0,April,Motorist Left Turn - Same Direction,2011,27.0,Yes,O: No Injury,Male,Passenger Car,No,34.62373807,-79.0059654,Dry,30 - 35  MPH,No Control Present,Cloudy,No,0,0,4
Yes,19.0,No,With Traffic,B: Suspected Minor Injury,Male,Lumberton,Robeson,No,Wednesday,Bicyclist Failed to Yield - Sign-Controlled Intersection,20.0,April,Bicyclist Ride Out - Sign-Controlled Intersection,2011,53.0,No,O: No Injury,Male,Passenger Car,No,34.61033403,-78.97291421,Dry,40 - 45  MPH,Stop Sign,Cloudy,No,0,0,4
Yes,49.0,No,Facing Traffic,C: Possible Injury,Male,Dunn,Harnett,No,Saturday,Head-On,20.0,April,Head-On - Bicyclist,2011,21.0,No,O: No Injury,Female,Sport Utility,No,35.30449731,-78.606155,Wet,30 - 35  MPH,Stop Sign,Clear,No,0,0,4
Yes,23.0,No,With Traffic,A: Suspected Serious Injury,Female,None - Rural Crash,Orange,No,Thursday,Motorist Right Turn / Merge,17.0,April,Motorist Right Turn - Same Direction,2011,25.0,No,O: No Injury,Female,Passenger Car,No,35.94703564,-79.13043501,Dry,50 - 55  MPH,"Double Yellow Line, No Passing Zone",Clear,No,0,0,4
Yes,48.0,No,With Traffic,B: Suspected Minor Injury,Male,Charlotte,Mecklenburg,No,Tuesday,Motorist Left Turn / Merge,19.0,April,Motorist Left Turn - Opposite Direction,2011,26.0,No,O: No Injury,Male,Passenger Car,No,35.152274,-80.959817,Dry,40 - 45  MPH,No Control Present,Clear,No,0,0,4
Yes,61.0,No,With Traffic,C: Possible Injury,Male,Knightdale,Wake,No,Wednesday,Motorist Failed to Yield - Signalized Intersection,20.0,April,Motorist Drive Out - Right Turn on Red,2011,43.0,No,O: No Injury,Male,Passenger Car,No,35.795056,-78.51729,Dry,40 - 45  MPH,Stop And Go Signal,Clear,No,0,0,4
No,21.0,No,With Traffic,O: No Injury,Male,Durham,Durham,No,Wednesday,Motorist Right Turn / Merge,7.0,April,Motorist Right Turn - Same Direction,2011,42.03850604944766,Missing,Unknown Injury,Unknown,Passenger Car,Yes,36.017794,-78.957801,Dry,30 - 35  MPH,No Control Present,Clear,No,1,0,4
Yes,48.0,No,With Traffic,B: Suspected Minor Injury,Male,High Point,Guilford,No,Thursday,Motorist Left Turn / Merge,18.0,April,Motorist Left Turn - Opposite Direction,2011,17.0,No,O: No Injury,Female,Passenger Car,No,36.03990536,-79.94061945,Dry,30 - 35  MPH,Stop And Go Signal,Clear,No,0,0,4
No,30.0,No,Facing Traffic,Unknown Injury,Male,Wrightsville Beach,New Hanover,No,Monday,Motorist Failed to Yield - Midblock,13.0,April,Motorist Drive Out - Commercial Driveway / Alley,2011,26.0,No,O: No Injury,Male,Van,No,34.21385527,-77.80582479,Dry,5 - 15 MPH,Stop Sign,Clear,No,0,0,4
Yes,64.0,No,With Traffic,B: Suspected Minor Injury,Male,None - Rural Crash,Onslow,No,Tuesday,Motorist Overtaking Bicyclist,6.0,April,Motorist Overtaking - Misjudged Space,2011,30.0,No,O: No Injury,Male,Passenger Car,No,34.77112108,-77.3557047,Unknown,40 - 45  MPH,No Control Present,Clear,No,0,0,4
No,44.0,No,With Traffic,C: Possible Injury,Male,Matthews,Mecklenburg,No,Wednesday,Motorist Failed to Yield - Signalized Intersection,10.0,April,Motorist Drive Through - Signalized Intersection,2011,25.0,No,O: No Injury,Female,Van,No,35.11832501,-80.72021575,Dry,20 - 25  MPH,Stop And Go Signal,Cloudy,No,0,0,4
No,54.0,No,With Traffic,C: Possible Injury,Male,None - Rural Crash,Durham,No,Friday,Bicyclist Overtaking Motorist,13.0,April,Bicyclist Overtaking - Passing on Right,2011,68.0,No,O: No Injury,Female,Van,No,36.087139,-78.91287,Dry,50 - 55  MPH,"Double Yellow Line, No Passing Zone",Clear,No,0,0,4
Yes,60.0,No,With Traffic,C: Possible Injury,Male,Durham,Durham,No,Friday,Motorist Left Turn / Merge,7.0,April,Motorist Left Turn - Opposite Direction,2011,53.0,No,O: No Injury,Female,Sport Utility,No,35.996972,-78.90387,Dry,20 - 25  MPH,Stop And Go Signal,Clear,No,0,0,4
No,56.0,No,With Traffic,O: No Injury,Male,None - Rural Crash,Forsyth,No,Saturday,Motorist Overtaking Bicyclist,11.0,April,Motorist Overtaking - Misjudged Space,2011,47.0,No,O: No Injury,Male,Sport Utility,No,36.24708521,-80.08586751,Dry,40 - 45  MPH,No Control Present,Clear,No,0,0,4
No,37.0,No,With Traffic,O: No Injury,Male,None - Rural Crash,Rockingham,No,Sunday,Bicyclist Right Turn / Merge,13.0,May,Bicyclist Right Turn - Same Direction,2011,38.0,No,O: No Injury,Male,Passenger Car,No,36.30900231,-79.99342362,Dry,50 - 55  MPH,"Double Yellow Line, No Passing Zone",Cloudy,No,0,0,5
No,71.0,No,Facing Traffic,C: Possible Injury,Male,Wilmington,New Hanover,No,Wednesday,Motorist Failed to Yield - Signalized Intersection,9.0,April,Motorist Drive Out - Right Turn on Red,2011,20.0,No,O: No Injury,Female,Sport Utility,No,34.24223824,-77.82748993,Dry,40 - 45  MPH,Stop And Go Signal,Clear,No,0,0,4
Yes,18.0,No,With Traffic,C: Possible Injury,Male,Raleigh,Wake,No,Tuesday,Motorist Left Turn / Merge,17.0,April,Motorist Left Turn - Opposite Direction,2011,22.0,No,O: No Injury,Male,Passenger Car,No,35.789148,-78.674438,Dry,30 - 35  MPH,Stop And Go Signal,Cloudy,No,0,0,4
Yes,18.0,No,With Traffic,B: Suspected Minor Injury,Male,Gastonia,Gaston,No,Friday,Crossing Paths - Other Circumstances,14.0,April,Signalized Intersection - Other / Unknown,2011,47.0,No,O: No Injury,Male,Passenger Car,No,35.26428854,-81.20043818,Dry,30 - 35  MPH,Stop And Go Signal,Cloudy,No,0,0,4
Yes,16.0,No,Not Applicable,O: No Injury,Male,None - Rural Crash,Brunswick,No,Wednesday,Non-Roadway,18.0,April,Non-Roadway,2011,66.0,No,O: No Injury,Male,Van,No,33.98110642,-78.3720539,Dry,Unknown,No Control Present,Clear,No,0,0,4
No,21.0,Unknown,With Traffic,B: Suspected Minor Injury,Male,None - Rural Crash,New Hanover,No,Friday,Motorist Failed to Yield - Sign-Controlled Intersection,17.0,April,Motorist Drive Out - Sign-Controlled Intersection,2011,43.0,No,O: No Injury,Female,Sport Utility,No,34.07348896,-77.89531821,Dry,50 - 55  MPH,Stop Sign,Clear,No,0,0,4
Yes,45.0,No,With Traffic,A: Suspected Serious Injury,Male,None - Rural Crash,Pitt,No,Friday,Motorist Overtaking Bicyclist,19.0,April,Motorist Overtaking - Other / Unknown,2011,57.0,No,O: No Injury,Male,Pickup,No,35.47150125,-77.39055612,Dry,50 - 55  MPH,No Control Present,Clear,No,0,0,4
No,44.0,No,Not Applicable,C: Possible Injury,Male,Greenville,Pitt,No,Tuesday,Bicyclist Failed to Yield - Signalized Intersection,14.0,November,Bicyclist Ride Through - Signalized Intersection,2010,36.0,No,O: No Injury,Male,Passenger Car,No,35.61676251,-77.39129885,Dry,50 - 55  MPH,Stop And Go Signal,Clear,No,0,0,11
Yes,54.0,No,With Traffic,C: Possible Injury,Male,Wrightsville Beach,New Hanover,No,Friday,Motorist Failed to Yield - Sign-Controlled Intersection,13.0,April,Motorist Drive Out - Sign-Controlled Intersection,2011,45.0,No,O: No Injury,Male,Van,No,34.21025662,-77.79958041,Dry,5 - 15 MPH,Stop Sign,Cloudy,No,0,0,4
Yes,10.0,No,Not Applicable,C: Possible Injury,Male,Greensboro,Guilford,No,Wednesday,Bicyclist Failed to Yield - Midblock,15.0,April,Bicyclist Ride Out - Other Midblock,2011,21.0,No,O: No Injury,Female,Passenger Car,No,36.07225364,-79.88086089,Dry,30 - 35  MPH,No Control Present,Clear,No,0,0,4
Yes,25.0,No,With Traffic,O: No Injury,Male,Greensboro,Guilford,No,Sunday,Motorist Failed to Yield - Signalized Intersection,1.0,April,Motorist Drive Through - Signalized Intersection,2011,24.0,No,O: No Injury,Female,Passenger Car,No,36.07821553,-79.79378588,Dry,30 - 35  MPH,Stop And Go Signal,Clear,No,0,0,4
Yes,12.0,No,Not Applicable,B: Suspected Minor Injury,Male,Charlotte,Mecklenburg,No,Monday,Non-Roadway,19.0,April,Non-Roadway,2011,42.03850604944766,Missing,Unknown Injury,Unknown,Unknown,Yes,35.224622,-80.894145,Dry,5 - 15 MPH,Stop Sign,Clear,No,1,0,4
Yes,4.0,No,With Traffic,C: Possible Injury,Male,None - Rural Crash,Richmond,No,Sunday,Loss of Control / Turning Error,16.0,May,Bicyclist Lost Control - Mechanical Problems,2011,41.0,No,O: No Injury,Female,Sport Utility,No,34.9018375,-79.77927017,Dry,30 - 35  MPH,No Control Present,Clear,No,0,0,5
Yes,5.0,No,With Traffic,B: Suspected Minor Injury,Male,Wilmington,New Hanover,No,Sunday,Motorist Overtaking Bicyclist,17.0,April,Motorist Overtaking - Other / Unknown,2011,42.03850604944766,Missing,Unknown Injury,Unknown,Unknown,Yes,34.24618097,-77.90069712,Dry,20 - 25  MPH,No Control Present,Clear,No,1,0,4
No,4.0,No,Facing Traffic,B: Suspected Minor Injury,Male,Mooresville,Iredell,No,Tuesday,Crossing Paths - Other Circumstances,16.0,April,Crossing Paths - Intersection - Other / Unknown,2011,34.0,No,O: No Injury,Male,Pickup,No,35.58296696,-80.82437475,Dry,30 - 35  MPH,No Control Present,Clear,No,0,0,4
Yes,48.0,No,Facing Traffic,C: Possible Injury,Male,Chapel Hill,Orange,No,Friday,Bicyclist Failed to Yield - Signalized Intersection,16.0,April,Bicyclist Ride Out - Signalized  Intersection,2011,43.0,No,O: No Injury,Female,Van,No,35.96407796,-79.05823992,Wet,30 - 35  MPH,Stop And Go Signal,Rain,No,0,0,4
Yes,49.0,No,Facing Traffic,B: Suspected Minor Injury,Male,None - Rural Crash,Columbus,No,Thursday,Motorist Left Turn / Merge,20.0,April,Motorist Left Turn - Same Direction,2011,42.03850604944766,Missing,Unknown Injury,Unknown,Passenger Car,Yes,34.32218463,-78.8809855,Dry,50 - 55  MPH,No Control Present,Cloudy,No,1,0,4
Yes,37.0,No,With Traffic,B: Suspected Minor Injury,Male,Charlotte,Mecklenburg,No,Wednesday,Motorist Failed to Yield - Signalized Intersection,19.0,April,Motorist Drive Out - Signalized Intersection,2011,26.0,No,O: No Injury,Female,Passenger Car,No,35.230597,-80.842901,Dry,20 - 25  MPH,Stop And Go Signal,Clear,No,0,0,4
Yes,43.0,No,Facing Traffic,B: Suspected Minor Injury,Male,Wilmington,New Hanover,No,Wednesday,Motorist Failed to Yield - Midblock,9.0,April,Motorist Drive Out - Commercial Driveway / Alley,2011,67.0,No,O: No Injury,Male,Passenger Car,No,34.19537187,-77.93668188,Dry,40 - 45  MPH,No Control Present,Clear,No,0,0,4
Yes,49.0,Unknown,Not Applicable,C: Possible Injury,Female,Kinston,Lenoir,No,Saturday,Non-Roadway,15.0,April,Non-Roadway,2011,28.0,No,O: No Injury,Female,Passenger Car,No,35.27920296,-77.57554503,Dry,20 - 25  MPH,No Control Present,Clear,No,0,0,4
Yes,17.0,No,With Traffic,B: Suspected Minor Injury,Male,None - Rural Crash,Wake,No,Thursday,Bicyclist Left Turn / Merge,20.0,May,Bicyclist Left Turn - Same Direction,2011,22.0,No,O: No Injury,Female,Passenger Car,No,35.859037,-78.545883,Dry,40 - 45  MPH,"Double Yellow Line, No Passing Zone",Clear,No,0,0,5
Yes,8.0,No,With Traffic,B: Suspected Minor Injury,Male,Troutman,Iredell,No,Wednesday,Motorist Overtaking Bicyclist,17.0,April,Motorist Overtaking - Bicyclist Swerved,2011,25.0,No,O: No Injury,Female,Passenger Car,No,35.69468234,-80.90016573,Dry,20 - 25  MPH,No Control Present,Clear,No,0,0,4
No,19.0,No,With Traffic,C: Possible Injury,Male,None - Rural Crash,Guilford,No,Friday,Motorist Failed to Yield - Midblock,9.0,April,Motorist Drive Out - Commercial Driveway / Alley,2011,40.0,Unknown,O: No Injury,Male,Passenger Car,No,36.00956325,-79.80520961,Dry,Unknown,No Control Present,Clear,No,0,0,4
Yes,52.0,No,With Traffic,B: Suspected Minor Injury,Male,Durham,Durham,No,Thursday,Motorist Left Turn / Merge,13.0,May,Motorist Left Turn - Opposite Direction,2011,48.0,No,O: No Injury,Female,Sport Utility,No,35.903276,-78.922822,Dry,40 - 45  MPH,No Control Present,Clear,No,0,0,5
Yes,40.0,No,With Traffic,C: Possible Injury,Male,None - Rural Crash,Iredell,No,Thursday,Motorist Overtaking Bicyclist,18.0,May,Motorist Overtaking - Bicyclist Swerved,2011,17.0,No,O: No Injury,Male,Passenger Car,No,35.53621609,-80.91897825,Dry,40 - 45  MPH,"Double Yellow Line, No Passing Zone",Clear,No,0,0,5
Yes,21.0,No,With Traffic,B: Suspected Minor Injury,Male,Winston-Salem,Forsyth,No,Wednesday,Motorist Left Turn / Merge,13.0,April,Motorist Left Turn - Opposite Direction,2011,25.0,No,O: No Injury,Female,Sport Utility,No,36.12755576,-80.30015927,Wet,30 - 35  MPH,No Control Present,Rain,No,0,0,4
No,28.0,No,With Traffic,Unknown Injury,Female,None - Rural Crash,Mecklenburg,No,Saturday,Motorist Overtaking Bicyclist,13.0,April,Motorist Overtaking - Other / Unknown,2011,46.0,No,O: No Injury,Male,Sport Utility,No,35.44284207,-80.77557497,Dry,50 - 55  MPH,No Control Present,Clear,No,0,0,4
No,48.0,No,Facing Traffic,B: Suspected Minor Injury,Male,Charlotte,Mecklenburg,No,Tuesday,Motorist Failed to Yield - Midblock,21.0,April,Motorist Drive Out - Commercial Driveway / Alley,2011,60.0,No,O: No Injury,Male,Pickup,No,35.270477,-80.85528,Dry,40 - 45  MPH,No Control Present,Clear,No,0,0,4
Yes,42.0,No,With Traffic,B: Suspected Minor Injury,Male,Apex,Wake,No,Sunday,Bicyclist Overtaking Motorist,14.0,May,Bicyclist Overtaking - Other / Unknown,2011,33.0,No,O: No Injury,Male,Sport Utility,No,35.726234,-78.851433,Dry,30 - 35  MPH,Stop Sign,Clear,No,0,0,5
Yes,17.0,No,Not Applicable,C: Possible Injury,Female,Waynesville,Haywood,No,Thursday,Crossing Paths - Other Circumstances,19.0,April,Crossing Paths - Uncontrolled Intersection,2011,43.0,No,O: No Injury,Female,Pickup,No,35.47382548,-82.9859861,Dry,20 - 25  MPH,No Control Present,Clear,No,0,0,4
Yes,41.0,No,With Traffic,C: Possible Injury,Male,None - Rural Crash,Lee,No,Monday,Motorist Overtaking Bicyclist,16.0,May,Motorist Overtaking - Undetected Bicyclist,2011,80.0,No,O: No Injury,Male,Passenger Car,No,35.44502678,-79.1638499,Dry,50 - 55  MPH,No Control Present,Clear,No,0,0,5
Yes,65.0,No,With Traffic,C: Possible Injury,Male,None - Rural Crash,Greene,No,Tuesday,Bicyclist Left Turn / Merge,14.0,May,Bicyclist Left Turn - Same Direction,2011,57.0,No,O: No Injury,Female,Sport Utility,No,35.39257859,-77.66573808,Dry,50 - 55  MPH,No Control Present,Clear,No,0,0,5
Yes,5.0,No,Unknown,B: Suspected Minor Injury,Male,Clayton,Johnston,No,Tuesday,Bicyclist Failed to Yield - Midblock,18.0,April,Bicyclist Ride Out - Other Midblock,2011,33.0,No,O: No Injury,Male,Pickup,No,35.63417648,-78.44046043,Dry,20 - 25  MPH,No Control Present,Cloudy,No,0,0,4
No,32.52649525389365,Missing,Facing Traffic,Unknown Injury,Unknown,Durham,Durham,No,Tuesday,Crossing Paths - Other Circumstances,14.0,May,Crossing Paths - Intersection - Other / Unknown,2011,66.0,No,O: No Injury,Female,Passenger Car,No,36.024128,-78.917973,Dry,20 - 25  MPH,Stop Sign,Clear,No,0,1,5
Yes,61.0,No,With Traffic,C: Possible Injury,Male,Murfreesboro,Hertford,No,Wednesday,Bicyclist Left Turn / Merge,14.0,April,Bicyclist Left Turn - Same Direction,2011,77.0,No,O: No Injury,Female,Passenger Car,No,36.441668,-77.119091,Dry,30 - 35  MPH,"Double Yellow Line, No Passing Zone",Clear,No,0,0,4
Yes,3.0,No,Unknown,C: Possible Injury,Female,Raleigh,Wake,No,Thursday,Bicyclist Failed to Yield - Midblock,12.0,April,Bicyclist Ride Out - Midblock - Unknown,2011,50.0,No,O: No Injury,Male,Motorcycle,No,35.773928,-78.627197,Dry,30 - 35  MPH,No Control Present,Clear,No,0,0,4
Yes,48.0,No,Facing Traffic,C: Possible Injury,Male,Raleigh,Wake,No,Tuesday,Loss of Control / Turning Error,17.0,May,Bicyclist Turning Error - Left Turn,2011,63.0,No,O: No Injury,Female,Passenger Car,No,35.780903,-78.629697,Dry,30 - 35  MPH,Stop And Go Signal,Clear,No,0,0,5
Yes,14.0,No,With Traffic,B: Suspected Minor Injury,Female,Raleigh,Wake,No,Tuesday,Loss of Control / Turning Error,19.0,May,Motorist Lost Control - Other / Unknown,2011,42.03850604944766,Missing,Unknown Injury,Unknown,Unknown,Yes,35.773229,-78.692301,Dry,30 - 35  MPH,No Control Present,Clear,No,1,0,5
Yes,54.0,No,Facing Traffic,B: Suspected Minor Injury,Male,Raleigh,Wake,No,Sunday,Bicyclist Failed to Yield - Signalized Intersection,23.0,April,Bicyclist Ride Out - Signalized  Intersection,2011,81.0,No,O: No Injury,Male,Passenger Car,No,35.767802,-78.624768,Dry,30 - 35  MPH,Stop And Go Signal,Clear,No,0,0,4
Yes,18.0,No,With Traffic,B: Suspected Minor Injury,Female,Raleigh,Wake,No,Sunday,Motorist Failed to Yield - Sign-Controlled Intersection,23.0,May,Motorist Drive Out - Sign-Controlled Intersection,2011,44.0,No,O: No Injury,Male,Passenger Car,No,35.783145,-78.665268,Dry,30 - 35  MPH,Yield Sign,Clear,No,0,0,5
No,18.0,No,Facing Traffic,C: Possible Injury,Male,Raleigh,Wake,No,Tuesday,Bicyclist Failed to Yield - Signalized Intersection,5.0,April,Bicyclist Ride Through - Signalized Intersection,2011,42.0,No,O: No Injury,Female,Passenger Car,No,35.797956,-78.556528,Dry,30 - 35  MPH,Stop And Go Signal,Clear,No,0,0,4
No,13.0,No,Facing Traffic,B: Suspected Minor Injury,Male,Cary,Wake,No,Thursday,Motorist Failed to Yield - Signalized Intersection,7.0,April,Motorist Drive Out - Right Turn on Red,2011,22.0,No,O: No Injury,Female,Sport Utility,No,35.77329,-78.84775,Dry,30 - 35  MPH,Stop And Go Signal,Clear,No,0,0,4
No,26.0,No,With Traffic,O: No Injury,Male,Durham,Durham,No,Tuesday,Motorist Left Turn / Merge,17.0,May,Motorist Left Turn - Opposite Direction,2011,65.0,No,O: No Injury,Male,Passenger Car,No,35.994775,-78.902757,Dry,30 - 35  MPH,No Control Present,Clear,No,0,0,5
No,52.0,No,With Traffic,C: Possible Injury,Female,None - Rural Crash,Franklin,No,Tuesday,Motorist Overtaking Bicyclist,7.0,May,Motorist Overtaking - Misjudged Space,2011,57.0,No,O: No Injury,Female,Passenger Car,No,36.08531346,-78.51870839,Dry,50 - 55  MPH,"Double Yellow Line, No Passing Zone",Clear,No,0,0,5
Yes,50.0,No,Facing Traffic,B: Suspected Minor Injury,Female,Cary,Wake,No,Monday,Motorist Failed to Yield - Sign-Controlled Intersection,17.0,May,Motorist Drive Out - Sign-Controlled Intersection,2011,26.0,No,O: No Injury,Male,Sport Utility,No,35.79119,-78.825424,Dry,20 - 25  MPH,Stop Sign,Clear,No,0,0,5
Yes,7.0,No,With Traffic,C: Possible Injury,Female,Wilmington,New Hanover,No,Thursday,Motorist Right Turn / Merge,14.0,April,Motorist Right Turn - Same Direction,2011,41.0,No,O: No Injury,Female,Sport Utility,No,34.24897683,-77.90779667,Dry,20 - 25  MPH,No Control Present,Clear,No,0,0,4
Yes,64.0,No,Facing Traffic,B: Suspected Minor Injury,Male,None - Rural Crash,New Hanover,No,Tuesday,Motorist Failed to Yield - Sign-Controlled Intersection,16.0,May,Motorist Drive Out - Sign-Controlled Intersection,2011,61.0,No,O: No Injury,Male,Sport Utility,No,34.23158521,-77.87599837,Dry,40 - 45  MPH,Stop Sign,Clear,No,0,0,5
Yes,29.0,No,Facing Traffic,C: Possible Injury,Male,Morrisville,Wake,No,Wednesday,Motorist Failed to Yield - Midblock,11.0,May,Motorist Drive Out - Commercial Driveway / Alley,2011,59.0,No,O: No Injury,Male,Sport Utility,No,35.807135,-78.812094,Dry,40 - 45  MPH,No Control Present,Clear,Yes,0,0,5
No,46.0,No,With Traffic,C: Possible Injury,Male,None - Rural Crash,Sampson,No,Tuesday,Motorist Overtaking Bicyclist,21.0,May,Motorist Overtaking - Other / Unknown,2011,60.0,No,O: No Injury,Female,Passenger Car,No,34.82096694,-78.35814603,Wet,50 - 55  MPH,"Double Yellow Line, No Passing Zone",Cloudy,No,0,0,5
No,23.0,No,Facing Traffic,O: No Injury,Male,Charlotte,Mecklenburg,No,Monday,Motorist Failed to Yield - Midblock,19.0,May,Motorist Drive Out - Commercial Driveway / Alley,2011,42.03850604944766,Missing,Unknown Injury,Unknown,Taxicab,Yes,35.225653,-80.845304,Dry,5 - 15 MPH,No Control Present,Clear,No,1,0,5
Yes,8.0,No,Not Applicable,B: Suspected Minor Injury,Male,Charlotte,Mecklenburg,No,Sunday,Bicyclist Failed to Yield - Sign-Controlled Intersection,14.0,May,Bicyclist Ride Through - Sign-Controlled Intersection,2011,19.0,No,O: No Injury,Male,Passenger Car,No,35.24216,-80.801848,Dry,20 - 25  MPH,Stop Sign,Clear,No,0,0,5
Yes,9.0,No,Unknown,B: Suspected Minor Injury,Male,Charlotte,Mecklenburg,No,Wednesday,Parallel Paths - Other Circumstances,19.0,May,Parallel Paths - Other / Unknown,2011,42.03850604944766,Missing,Unknown Injury,Unknown,Unknown,Yes,35.245484,-80.844181,Dry,20 - 25  MPH,No Control Present,Clear,No,1,0,5
Yes,34.0,No,Facing Traffic,C: Possible Injury,Male,Charlotte,Mecklenburg,No,Friday,Motorist Failed to Yield - Midblock,14.0,May,Motorist Drive Out - Other Midblock,2011,30.0,No,O: No Injury,Female,Passenger Car,No,35.231013,-80.837661,Dry,5 - 15 MPH,No Control Present,Clear,No,0,0,5
Yes,12.0,No,Facing Traffic,C: Possible Injury,Male,Washington,Beaufort,No,Tuesday,Crossing Paths - Other Circumstances,19.0,May,Crossing Paths - Intersection - Other / Unknown,2011,72.0,No,O: No Injury,Female,Passenger Car,No,35.54143081,-77.05364591,Dry,20 - 25  MPH,No Control Present,Clear,No,0,0,5