AmbulanceR,BikeAge,BikeAlcFlg,BikeDir,BikeInjury,BikeSex,City,County,CrashAlcoh,CrashDay,CrashGrp,CrashHour,CrashMonth,CrashType,CrashYear,DrvrAge,DrvrAlcFlg,DrvrInjury,DrvrSex,DrvrVehTyp,HitRun,Latitude,Longitude,RdConditio,SpeedLimit,TraffCntrl,Weather,Workzone,DrvrAgeImputedFlag,BikeAgeImputedFlag,MonthCode
No,20.0,No,Facing Traffic,B: Suspected Minor Injury,Female,Boone,Watauga,No,Friday,Motorist Failed to Yield - Midblock,16.0,May,Motorist Drive Out - Commercial Driveway / Alley,2011,49.0,No,O: No Injury,Male,Sport Utility,No,36.2035732,-81.66631323,Dry,30 - 35  MPH,No Control Present,Clear,No,0,0,5
Yes,54.0,No,Unknown,A: Suspected Serious Injury,Male,Carrboro,Orange,No,Monday,Crossing Paths - Other Circumstances,7.0,April,Crossing Paths - Intersection - Other / Unknown,2011,49.0,No,O: No Injury,Female,Van,No,35.91740169,-79.09414247,Dry,40 - 45  MPH,Stop And Go Signal,Cloudy,No,0,0,4
No,28.0,No,With Traffic,B: Suspected Minor Injury,Male,Charlotte,Mecklenburg,No,Wednesday,Motorist Right Turn / Merge,19.0,May,Motorist Right Turn - Same Direction,2011,65.0,No,O: No Injury,Female,Pickup,No,35.255301,-80.873886,Dry,30 - 35  MPH,No Control Present,Clear,No,0,0,5
No,6.0,No,Not Applicable,C: Possible Injury,Male,Charlotte,Mecklenburg,No,Thursday,Crossing Paths - Other Circumstances,17.0,May,Crossing Paths - Intersection - Other / Unknown,2011,47.0,No,O: No Injury,Female,Sport Utility,No,35.190779,-80.866272,Dry,30 - 35  MPH,No Control Present,Clear,No,0,0,5
Yes,44.0,No,With Traffic,B: Suspected Minor Injury,Male,Huntersville,Mecklenburg,No,Wednesday,Motorist Right Turn / Merge,11.0,May,Motorist Right Turn - Same Direction,2011,32.0,No,O: No Injury,Male,Pickup,No,35.39726703,-80.86399816,Dry,30 - 35  MPH,No Control Present,Cloudy,No,0,0,5
Yes,52.0,No,With Traffic,C: Possible Injury,Male,Charlotte,Mecklenburg,No,Friday,Motorist Overtaking Bicyclist,1.0,May,Motorist Overtaking - Undetected Bicyclist,2011,33.0,No,O: No Injury,Female,Passenger Car,No,35.253835,-80.85598,"Water (Standing, Moving)",30 - 35  MPH,No Control Present,Clear,No,0,0,5
No,50.0,No,With Traffic,C: Possible Injury,Female,Swansboro,Onslow,No,Thursday,Bicyclist Failed to Yield - Signalized Intersection,7.0,April,Bicyclist Ride Out - Signalized  Intersection,2011,35.0,No,O: No Injury,Male,Van,No,34.69306095,-77.13011827,Dry,30 - 35  MPH,Stop And Go Signal,Cloudy,No,0,0,4
Yes,7.0,No,Not Applicable,C: Possible Injury,Male,Wilmington,New Hanover,No,Wednesday,Other / Unknown - Insufficient Details,23.0,April,Unknown Approach Paths,2011,58.0,No,O: No Injury,Female,Passenger Car,No,34.20500876,-77.89587015,Dry,Unknown,No Control Present,Clear,No,0,0,4
No,26.0,No,With Traffic,O: No Injury,Male,None - Rural Crash,Wayne,No,Friday,Loss of Control / Turning Error,8.0,May,Motorist Turning Error - Left Turn,2011,32.0,No,O: No Injury,Male,Passenger Car,No,35.34141355,-78.0013868,Dry,40 - 45  MPH,Stop And Go Signal,Clear,No,0,0,5
Yes,73.0,No,With Traffic,C: Possible Injury,Male,None - Rural Crash,Harnett,No,Friday,Motorist Overtaking Bicyclist,12.0,May,Motorist Overtaking - Misjudged Space,2011,17.0,No,O: No Injury,Male,Pickup,No,35.34212848,-79.04865819,Dry,50 - 55  MPH,"Double Yellow Line, No Passing Zone",Clear,No,0,0,5
Yes,17.0,No,Not Applicable,B: Suspected Minor Injury,Male,Brevard,Transylvania,No,Saturday,Bicyclist Failed to Yield - Signalized Intersection,14.0,May,Bicyclist Ride Through - Signalized Intersection,2011,33.0,No,O: No Injury,Male,Passenger Car,No,35.24951935,-82.72182217,Dry,40 - 45  MPH,Stop And Go Signal,Clear,No,0,0,5
Yes,33.0,No,With Traffic,B: Suspected Minor Injury,Male,Durham,Durham,No,Sunday,Motorist Failed to Yield - Midblock,12.0,May,Motorist Drive Out - Other Midblock,2011,39.0,No,O: No Injury,Male,Sport Utility,No,35.933767,-78.888181,Dry,5 - 15 MPH,No Control Present,Clear,No,0,0,5
No,14.0,Unknown,Facing Traffic,C: Possible Injury,Male,Laurinburg,Scotland,No,Saturday,Bicyclist Failed to Yield - Sign-Controlled Intersection,18.0,April,Bicyclist Ride Through - Sign-Controlled Intersection,2011,80.0,No,O: No Injury,Male,Pickup,No,34.77409069,-79.44493,Dry,20 - 25  MPH,Stop Sign,Clear,No,0,0,4
No,12.0,No,With Traffic,O: No Injury,Male,None - Rural Crash,Halifax,No,Wednesday,Motorist Overtaking Bicyclist,19.0,May,Motorist Overtaking - Bicyclist Swerved,2011,64.0,No,O: No Injury,Male,Passenger Car,No,36.31146544,-77.68478777,Dry,50 - 55  MPH,"Double Yellow Line, No Passing Zone",Clear,No,0,0,5
Yes,51.0,No,With Traffic,B: Suspected Minor Injury,Female,Asheville,Buncombe,No,Thursday,Motorist Overtaking Bicyclist,20.0,May,Motorist Overtaking - Misjudged Space,2011,42.03850604944766,Missing,Unknown Injury,Unknown,Passenger Car,Yes,35.59739655,-82.56023364,Dry,30 - 35  MPH,No Control Present,Clear,No,1,0,5
No,13.0,No,Facing Traffic,C: Possible Injury,Male,Charlotte,Mecklenburg,No,Thursday,Motorist Failed to Yield - Midblock,18.0,April,Motorist Drive Out - Commercial Driveway / Alley,2011,26.0,No,O: No Injury,Male,Passenger Car,No,35.247134,-80.817895,Dry,20 - 25  MPH,No Control Present,Clear,No,0,0,4
Yes,29.0,No,With Traffic,C: Possible Injury,Male,None - Rural Crash,Pitt,No,Sunday,Loss of Control / Turning Error,18.0,May,Motorist Lost Control - Other / Unknown,2011,42.03850604944766,Missing,Unknown Injury,Unknown,Sport Utility,Yes,35.62595726,-77.19179504,Dry,50 - 55  MPH,No Control Present,Clear,No,1,0,5
Yes,27.0,No,With Traffic,B: Suspected Minor Injury,Male,Asheville,Buncombe,No,Thursday,Bicyclist Overtaking Motorist,13.0,May,Bicyclist Overtaking - Passing on Left,2011,25.0,No,O: No Injury,Female,Passenger Car,No,35.59677361,-82.54818729,Dry,30 - 35  MPH,No Control Present,Clear,No,0,0,5
Yes,43.0,No,With Traffic,B: Suspected Minor Injury,Male,None - Rural Crash,Durham,No,Sunday,Motorist Overtaking Bicyclist,21.0,May,Motorist Overtaking - Other / Unknown,2011,17.0,No,O: No Injury,Male,Passenger Car,No,35.983787,-78.831065,Dry,40 - 45  MPH,No Control Present,Clear,No,0,0,5
Yes,32.0,No,With Traffic,B: Suspected Minor Injury,Male,Charlotte,Mecklenburg,No,Saturday,Motorist Right Turn / Merge,8.0,April,Motorist Right Turn - Same Direction,2011,46.0,No,O: No Injury,Male,Sport Utility,No,35.341578,-80.767541,Dry,40 - 45  MPH,Stop Sign,Clear,No,0,0,4
Yes,50.0,No,Not Applicable,B: Suspected Minor Injury,Male,None - Rural Crash,New Hanover,No,Wednesday,Non-Roadway,15.0,May,Non-Roadway,2011,42.03850604944766,Missing,Unknown Injury,Unknown,Sport Utility,No,34.28774808,-77.92174956,Dry,Unknown,No Control Present,Clear,No,1,0,5
No,4.0,No,Not Applicable,O: No Injury,Male,Durham,Durham,No,Tuesday,Bicyclist Failed to Yield - Midblock,19.0,May,Bicyclist Ride Out - Residential Driveway,2011,38.0,No,O: No Injury,Female,Passenger Car,No,35.961024,-78.908722,Dry,20 - 25  MPH,No Control Present,Clear,No,0,0,5
Yes,56.0,No,With Traffic,A: Suspected Serious Injury,Male,None - Rural Crash,Robeson,No,Tuesday,Motorist Overtaking Bicyclist,23.0,May,Motorist Overtaking - Other / Unknown,2011,66.0,No,O: No Injury,Male,Pickup,No,34.86195349,-79.10571858,Wet,50 - 55  MPH,No Control Present,Rain,No,0,0,5
Yes,64.0,No,With Traffic,A: Suspected Serious Injury,Male,Matthews,Mecklenburg,No,Monday,Motorist Overtaking Bicyclist,16.0,May,Motorist Overtaking - Other / Unknown,2011,47.0,No,O: No Injury,Female,Passenger Car,No,35.11417516,-80.75374588,Dry,40 - 45  MPH,No Control Present,Clear,No,0,0,5
Yes,71.0,No,Facing Traffic,C: Possible Injury,Male,Tarboro,Edgecombe,No,Saturday,Motorist Failed to Yield - Midblock,14.0,May,Motorist Drive Out - Commercial Driveway / Alley,2011,20.0,No,O: No Injury,Male,Passenger Car,No,35.91615865,-77.54671362,Dry,30 - 35  MPH,No Control Present,Clear,No,0,0,5
Yes,12.0,No,With Traffic,B: Suspected Minor Injury,Male,Durham,Durham,No,Thursday,Bicyclist Left Turn / Merge,18.0,May,Bicyclist Left Turn - Same Direction,2011,21.0,No,O: No Injury,Female,Passenger Car,No,35.980185,-78.905209,Dry,30 - 35  MPH,No Control Present,Clear,No,0,0,5
Yes,21.0,No,With Traffic,C: Possible Injury,Male,None - Rural Crash,Watauga,No,Saturday,Head-On,16.0,May,Head-On - Bicyclist,2011,35.0,No,O: No Injury,Male,Pickup,No,36.21060046,-81.69873585,Dry,50 - 55  MPH,No Control Present,Clear,No,0,0,5
Yes,15.0,No,With Traffic,C: Possible Injury,Male,None - Rural Crash,Madison,Yes,Wednesday,Motorist Overtaking Bicyclist,21.0,May,Motorist Overtaking - Undetected Bicyclist,2011,29.0,No,O: No Injury,Male,Sport Utility,No,35.83820226,-82.71603163,Dry,40 - 45  MPH,"Double Yellow Line, No Passing Zone",Clear,No,0,0,5
Yes,69.0,No,Facing Traffic,B: Suspected Minor Injury,Female,None - Rural Crash,Currituck,No,Saturday,Bicyclist Failed to Yield - Sign-Controlled Intersection,10.0,May,Bicyclist Ride Through - Sign-Controlled Intersection,2011,33.0,No,O: No Injury,Female,Passenger Car,No,36.37855443,-75.83020605,Dry,30 - 35  MPH,Stop Sign,Clear,No,0,0,5
No,33.0,No,Facing Traffic,C: Possible Injury,Male,Fayetteville,Cumberland,No,Monday,Motorist Failed to Yield - Midblock,18.0,May,Motorist Drive Out - Commercial Driveway / Alley,2011,28.0,No,O: No Injury,Female,Passenger Car,No,35.13426281,-78.87674171,Dry,40 - 45  MPH,No Control Present,Clear,No,0,0,5
No,32.0,No,With Traffic,B: Suspected Minor Injury,Female,Charlotte,Mecklenburg,No,Monday,Motorist Failed to Yield - Sign-Controlled Intersection,15.0,May,Motorist Drive Out - Sign-Controlled Intersection,2011,42.0,No,O: No Injury,Female,Sport Utility,No,35.1449,-80.84508,Dry,30 - 35  MPH,Stop Sign,Clear,No,0,0,5
Yes,54.0,No,With Traffic,C: Possible Injury,Male,Greensboro,Guilford,No,Tuesday,Motorist Failed to Yield - Sign-Controlled Intersection,16.0,May,Motorist Drive Out - Sign-Controlled Intersection,2011,16.0,No,O: No Injury,Female,Passenger Car,No,36.01531781,-79.80057738,Wet,30 - 35  MPH,Stop Sign,Rain,No,0,0,5
No,53.0,No,Facing Traffic,C: Possible Injury,Female,Greensboro,Guilford,No,Tuesday,Motorist Failed to Yield - Sign-Controlled Intersection,13.0,May,Motorist Drive Out - Sign-Controlled Intersection,2011,27.0,No,O: No Injury,Female,Passenger Car,No,36.06476832,-79.78258178,Dry,30 - 35  MPH,Stop Sign,Cloudy,No,0,0,5
Yes,8.0,No,With Traffic,C: Possible Injury,Female,Henderson,Vance,Yes,Monday,Bicyclist Failed to Yield - Sign-Controlled Intersection,18.0,May,Bicyclist Ride Through - Sign-Controlled Intersection,2011,19.0,Yes,O: No Injury,Male,Pickup,No,36.33039297,-78.39455394,Dry,30 - 35  MPH,Stop Sign,Clear,No,0,0,5
Yes,44.0,No,Not Applicable,C: Possible Injury,Male,Fayetteville,Cumberland,No,Friday,Motorist Failed to Yield - Midblock,16.0,May,Motorist Drive Out - Commercial Driveway / Alley,2011,58.0,No,O: No Injury,Male,Passenger Car,No,35.08885334,-78.92659722,Dry,40 - 45  MPH,No Control Present,Cloudy,No,0,0,5
Yes,16.0,No,With Traffic,B: Suspected Minor Injury,Male,None - Rural Crash,Onslow,No,Tuesday,Bicyclist Left Turn / Merge,16.0,May,Bicyclist Left Turn - Same Direction,2011,31.0,No,O: No Injury,Female,Passenger Car,No,34.90234346,-77.54445999,Dry,40 - 45  MPH,No Control Present,Clear,No,0,0,5
Yes,13.0,No,With Traffic,C: Possible Injury,Female,None - Rural Crash,Lenoir,No,Monday,Motorist Overtaking Bicyclist,19.0,May,Motorist Overtaking - Other / Unknown,2011,42.03850604944766,Unknown,Unknown Injury,Unknown,Passenger Car,Yes,35.32684356,-77.67483954,"Sand, Mud, Dirt, Gravel",5 - 15 MPH,No Control Present,Clear,No,1,0,5
Yes,26.0,No,With Traffic,B: Suspected Minor Injury,Male,None - Rural Crash,Rowan,No,Wednesday,Bicyclist Left Turn / Merge,21.0,June,Bicyclist Left Turn - Same Direction,2011,60.0,No,O: No Injury,Male,Van,No,35.5453234,-80.5201612,Dry,50 - 55  MPH,"Double Yellow Line, No Passing Zone",Clear,No,0,0,6
Yes,21.0,No,Facing Traffic,C: Possible Injury,Female,Greensboro,Guilford,No,Thursday,Motorist Failed to Yield - Midblock,14.0,May,Motorist Drive Out - Commercial Driveway / Alley,2011,57.0,No,O: No Injury,Male,Pickup,No,36.08834641,-79.88821029,Dry,Unknown,No Control Present,Clear,No,0,0,5
No,54.0,No,With Traffic,Unknown Injury,Male,Wilmington,New Hanover,No,Wednesday,Motorist Right Turn / Merge,13.0,May,Motorist Right Turn - Same Direction,2011,44.0,No,Unknown Injury,Male,Van,No,34.17573545,-77.89437418,Unknown,Unknown,No Control Present,Clear,No,0,0,5
Yes,18.0,No,Facing Traffic,C: Possible Injury,Male,Asheville,Buncombe,No,Sunday,Loss of Control / Turning Error,12.0,May,Bicyclist Lost Control - Mechanical Problems,2011,68.0,No,O: No Injury,Female,Passenger Car,No,35.57176133,-82.58262498,Dry,30 - 35  MPH,Flashing Stop And Go Signal,Clear,No,0,0,5
Yes,41.0,No,With Traffic,B: Suspected Minor Injury,Male,None - Rural Crash,Yadkin,No,Tuesday,Motorist Left Turn / Merge,18.0,May,Motorist Left Turn - Opposite Direction,2011,22.0,No,O: No Injury,Female,Passenger Car,No,36.0639261,-80.60826251,Dry,50 - 55  MPH,"Double Yellow Line, No Passing Zone",Clear,No,0,0,5
Yes,51.0,Yes,Not Applicable,K: Killed,Female,Lumberton,Robeson,Yes,Friday,Bicyclist Failed to Yield - Midblock,23.0,June,Bicyclist Ride Out - Midblock - Unknown,2011,53.0,No,O: No Injury,Male,Pickup,No,34.59008587,-79.04286875,Dry,50 - 55  MPH,No Control Present,Clear,No,0,0,6
Yes,44.0,No,With Traffic,C: Possible Injury,Male,Wesley Chapel,Union,No,Saturday,Motorist Overtaking Bicyclist,17.0,June,Motorist Overtaking - Other / Unknown,2011,53.0,No,O: No Injury,Male,"Light Truck (Mini-Van, Panel)",No,34.99690967,-80.69907986,Dry,40 - 45  MPH,"Double Yellow Line, No Passing Zone",Clear,No,0,0,6
Yes,20.0,No,Unknown,B: Suspected Minor Injury,Male,Lumberton,Robeson,No,Wednesday,Bicyclist Failed to Yield - Sign-Controlled Intersection,13.0,May,Bicyclist Ride Through - Sign-Controlled Intersection,2011,42.03850604944766,Missing,Unknown Injury,Unknown,Unknown,Yes,34.61126504,-78.97462488,Dry,5 - 15 MPH,Stop Sign,Clear,No,1,0,5
Yes,21.0,No,Not Applicable,C: Possible Injury,Male,Goldsboro,Wayne,No,Friday,Bicyclist Failed to Yield - Midblock,14.0,May,Bicyclist Ride Out - Other Midblock,2011,43.0,No,O: No Injury,Female,Sport Utility,No,35.37067656,-77.95373059,Dry,30 - 35  MPH,Other,Clear,No,0,0,5
Yes,9.0,No,Facing Traffic,B: Suspected Minor Injury,Male,Apex,Wake,No,Thursday,Parallel Paths - Other Circumstances,18.0,June,Bicyclist Ride Out - Parallel Path,2011,34.0,No,O: No Injury,Male,Passenger Car,No,35.746438,-78.87728,Dry,20 - 25  MPH,"Double Yellow Line, No Passing Zone",Clear,No,0,0,6
No,14.0,No,Facing Traffic,B: Suspected Minor Injury,Male,Raleigh,Wake,No,Monday,Motorist Failed to Yield - Sign-Controlled Intersection,12.0,May,Motorist Drive Out - Sign-Controlled Intersection,2011,36.0,No,O: No Injury,Male,Sport Utility,No,35.939267,-78.566267,Dry,30 - 35  MPH,Stop Sign,Clear,No,0,0,5
Yes,15.0,No,With Traffic,B: Suspected Minor Injury,Male,None - Rural Crash,Iredell,No,Friday,Motorist Overtaking Bicyclist,21.0,June,Motorist Overtaking - Other / Unknown,2011,28.0,No,O: No Injury,Male,Passenger Car,No,35.70990146,-80.77722855,Dry,50 - 55  MPH,No Control Present,Clear,No,0,0,6
Yes,52.0,No,With Traffic,B: Suspected Minor Injury,Male,None - Rural Crash,New Hanover,No,Saturday,Motorist Left Turn / Merge,20.0,June,Motorist Left Turn - Opposite Direction,2011,70.0,No,O: No Injury,Male,Passenger Car,No,34.26758517,-77.81305391,Dry,30 - 35  MPH,"Double Yellow Line, No Passing Zone",Clear,No,0,0,6
Yes,50.0,No,With Traffic,B: Suspected Minor Injury,Male,Statesville,Iredell,No,Saturday,Crossing Paths - Other Circumstances,8.0,May,Crossing Paths - Intersection - Other / Unknown,2011,71.0,No,O: No Injury,Male,Pickup,No,35.80485276,-80.88209372,Dry,30 - 35  MPH,No Control Present,Cloudy,No,0,0,5
Yes,60.0,No,With Traffic,B: Suspected Minor Injury,Male,Davidson,Mecklenburg,No,Saturday,Bicyclist Failed to Yield - Sign-Controlled Intersection,9.0,May,Bicyclist Ride Through - Sign-Controlled Intersection,2011,47.0,No,O: No Injury,Male,Pickup,No,35.47139673,-80.78723283,Dry,20 - 25  MPH,Stop Sign,Cloudy,No,0,0,5
Yes,8.0,No,Facing Traffic,B: Suspected Minor Injury,Male,Monroe,Union,No,Sunday,Head-On,19.0,May,Head-On - Bicyclist,2011,26.0,No,O: No Injury,Male,Passenger Car,No,34.99067135,-80.50137386,Dry,30 - 35  MPH,No Control Present,Clear,No,0,0,5
No,48.0,No,With Traffic,C: Possible Injury,Male,Chapel Hill,Orange,No,Monday,Motorist Overtaking Bicyclist,13.0,May,Motorist Overtaking - Misjudged Space,2011,42.03850604944766,Missing,Unknown Injury,Unknown,Unknown,Yes,35.90934544,-79.02691676,Dry,40 - 45  MPH,No Control Present,Clear,No,1,0,5
No,40.0,No,With Traffic,C: Possible Injury,Male,Salisbury,Rowan,No,Monday,Motorist Right Turn / Merge,15.0,June,Motorist Right Turn - Same Direction,2011,50.0,No,O: No Injury,Female,Sport Utility,Yes,35.65725089,-80.48766291,Dry,30 - 35  MPH,Stop And Go Signal,Clear,No,0,0,6
No,17.0,No,With Traffic,B: Suspected Minor Injury,Male,None - Rural Crash,Robeson,No,Monday,Bicyclist Left Turn / Merge,18.0,June,Bicyclist Left Turn - Same Direction,2011,25.0,No,O: No Injury,Male,Pickup,No,34.62499868,-79.12745929,Dry,50 - 55  MPH,"Double Yellow Line, No Passing Zone",Clear,No,0,0,6
No,32.52649525389365,Missing,Facing Traffic,Unknown Injury,Unknown,Raleigh,Wake,No,Monday,Head-On,7.0,May,Head-On - Bicyclist,2011,35.0,No,O: No Injury,Male,Sport Utility,No,35.782424,-78.678695,Dry,20 - 25  MPH,Stop And Go Signal,Clear,No,0,1,5
No,28.0,No,Not Applicable,C: Possible Injury,Male,Charlotte,Mecklenburg,No,Wednesday,Crossing Paths - Other Circumstances,14.0,May,Crossing Paths - Intersection - Other / Unknown,2011,40.0,No,O: No Injury,Female,Passenger Car,No,35.233708,-80.842684,Dry,30 - 35  MPH,No Control Present,Clear,No,0,0,5
No,17.0,No,With Traffic,C: Possible Injury,Male,Apex,Wake,No,Monday,Motorist Failed to Yield - Sign-Controlled Intersection,15.0,June,Motorist Drive Out - Sign-Controlled Intersection,2011,17.0,No,O: No Injury,Male,Passenger Car,No,35.69018,-78.83392,Dry,40 - 45  MPH,Stop Sign,Clear,No,0,0,6
Yes,9.0,No,Facing Traffic,A: Suspected Serious Injury,Female,Raleigh,Wake,No,Sunday,Bicyclist Failed to Yield - Sign-Controlled Intersection,16.0,May,Bicyclist Ride Through - Sign-Controlled Intersection,2011,41.0,No,O: No Injury,Male,Sport Utility,No,35.854854,-78.635433,Dry,30 - 35  MPH,Stop Sign,Clear,No,0,0,5
Yes,19.0,No,With Traffic,C: Possible Injury,Male,Asheville,Buncombe,No,Monday,Bicyclist Failed to Yield - Signalized Intersection,19.0,May,Bicyclist Ride Through - Signalized Intersection,2011,70.0,No,O: No Injury,Male,Passenger Car,No,35.59555176,-82.55184574,Dry,20 - 25  MPH,Stop And Go Signal,Clear,No,0,0,5
No,12.0,No,Not Applicable,C: Possible Injury,Male,Asheville,Buncombe,No,Tuesday,Bicyclist Failed to Yield - Midblock,17.0,May,Bicyclist Ride Out - Residential Driveway,2011,25.0,No,O: No Injury,Female,Van,No,35.58471137,-82.60098585,Dry,20 - 25  MPH,No Control Present,Clear,No,0,0,5
Yes,75.0,No,With Traffic,O: No Injury,Female,Gastonia,Gaston,No,Sunday,Motorist Overtaking Bicyclist,15.0,May,Motorist Overtaking - Other / Unknown,2011,52.0,No,C: Possible Injury,Male,Passenger Car,No,35.28568817,-81.23980545,Dry,40 - 45  MPH,Stop And Go Signal,Clear,No,0,0,5
No,13.0,No,With Traffic,B: Suspected Minor Injury,Female,Durham,Durham,No,Friday,Loss of Control / Turning Error,19.0,June,"Bicyclist Lost Control - Oversteering, Improper Braking, Speed",2011,42.03850604944766,Missing,Unknown Injury,Unknown,Passenger Car,No,35.995472,-78.919512,Dry,30 - 35  MPH,No Control Present,Clear,No,1,0,6
Yes,18.0,No,With Traffic,B: Suspected Minor Injury,Male,None - Rural Crash,Wake,No,Friday,Motorist Overtaking Bicyclist,18.0,June,Motorist Overtaking - Bicyclist Swerved,2011,44.0,No,O: No Injury,Male,Motor Home/Recreational Vehicle,No,35.977851,-78.443831,Dry,50 - 55  MPH,"Double Yellow Line, No Passing Zone",Clear,No,0,0,6
No,30.0,No,With Traffic,C: Possible Injury,Male,None - Rural Crash,Cabarrus,No,Saturday,Bicyclist Left Turn / Merge,20.0,June,Bicyclist Left Turn - Same Direction,2011,81.0,No,O: No Injury,Female,Passenger Car,No,35.44624997,-80.54748588,Dry,50 - 55  MPH,No Control Present,Clear,No,0,0,6
Yes,37.0,No,Facing Traffic,C: Possible Injury,Female,None - Rural Crash,Brunswick,No,Thursday,Motorist Failed to Yield - Midblock,16.0,June,Motorist Drive Out - Midblock - Unknown,2011,40.0,No,O: No Injury,Female,Passenger Car,No,33.93677871,-78.02551861,Dry,5 - 15 MPH,No Control Present,Clear,No,0,0,6
No,34.0,No,With Traffic,B: Suspected Minor Injury,Male,Charlotte,Mecklenburg,No,Friday,Motorist Failed to Yield - Sign-Controlled Intersection,18.0,May,Motorist Drive Out - Sign-Controlled Intersection,2011,36.0,No,O: No Injury,Female,Passenger Car,No,35.198959,-80.840555,Dry,30 - 35  MPH,Stop Sign,Clear,No,0,0,5
Yes,48.0,No,With Traffic,C: Possible Injury,Female,Jacksonville,Onslow,No,Tuesday,Motorist Failed to Yield - Sign-Controlled Intersection,6.0,May,Motorist Drive Out - Sign-Controlled Intersection,2011,33.0,No,O: No Injury,Male,Van,No,34.76811815,-77.38773843,Dry,30 - 35  MPH,Stop Sign,Clear,No,0,0,5
Yes,14.0,No,With Traffic,B: Suspected Minor Injury,Male,Asheboro,Randolph,No,Tuesday,Bicyclist Left Turn / Merge,7.0,May,Bicyclist Left Turn - Same Direction,2011,27.0,No,O: No Injury,Female,Passenger Car,No,35.69781183,-79.820442,Dry,30 - 35  MPH,No Control Present,Clear,No,0,0,5
No,10.0,No,Not Applicable,C: Possible Injury,Male,Zebulon,Wake,No,Saturday,Parallel Paths - Other Circumstances,15.0,June,Parallel Paths - Other / Unknown,2011,18.0,No,O: No Injury,Female,Passenger Car,No,35.82028,-78.327339,Dry,30 - 35  MPH,Stop Sign,Clear,No,0,0,6
Yes,19.0,No,With Traffic,C: Possible Injury,Male,None - Rural Crash,Randolph,No,Sunday,Motorist Overtaking Bicyclist,1.0,June,Motorist Overtaking - Other / Unknown,2011,42.03850604944766,Missing,Unknown Injury,Unknown,Passenger Car,Yes,35.8850275,-79.80563579,Dry,Unknown,"Double Yellow Line, No Passing Zone",Clear,No,1,0,6
No,21.0,No,With Traffic,C: Possible Injury,Male,None - Rural Crash,Currituck,No,Monday,Bicyclist Left Turn / Merge,19.0,June,Bicyclist Left Turn - Same Direction,2011,30.0,No,O: No Injury,Female,Passenger Car,No,36.31970687,-75.81512328,Dry,40 - 45  MPH,No Control Present,Clear,No,0,0,6
Yes,29.0,No,With Traffic,B: Suspected Minor Injury,Male,Charlotte,Mecklenburg,No,Thursday,Motorist Left Turn / Merge,19.0,May,Motorist Left Turn - Opposite Direction,2011,30.0,No,O: No Injury,Female,Passenger Car,No,35.16269,-80.900559,Dry,40 - 45  MPH,No Control Present,Clear,No,0,0,5
Yes,20.0,No,Facing Traffic,B: Suspected Minor Injury,Female,Cherokee Reservation,Swain,No,Tuesday,Motorist Right Turn / Merge,7.0,June,Motorist Right Turn - Opposite Direction,2011,49.0,No,O: No Injury,Male,Pickup,No,35.47708067,-83.32049144,Dry,40 - 45  MPH,Flashing Signal With Stop Sign,Clear,No,0,0,6
Yes,17.0,No,Facing Traffic,B: Suspected Minor Injury,Male,Fayetteville,Cumberland,No,Tuesday,Motorist Right Turn / Merge,0.0,May,Motorist Right Turn - Opposite Direction,2011,42.03850604944766,Missing,Unknown Injury,Unknown,Unknown,Yes,35.03752919,-79.00717086,Dry,40 - 45  MPH,Stop And Go Signal,Clear,No,1,0,5
Yes,45.0,No,Facing Traffic,C: Possible Injury,Male,Mooresville,Iredell,No,Friday,Motorist Failed to Yield - Sign-Controlled Intersection,12.0,May,Motorist Drive Out - Sign-Controlled Intersection,2011,42.0,No,O: No Injury,Female,Passenger Car,No,35.58823005,-80.79760508,Dry,30 - 35  MPH,Stop Sign,Clear,No,0,0,5
Yes,23.0,No,Facing Traffic,C: Possible Injury,Male,Chapel Hill,Orange,No,Friday,Motorist Failed to Yield - Sign-Controlled Intersection,10.0,May,Motorist Drive Out - Sign-Controlled Intersection,2011,28.0,No,O: No Injury,Female,Sport Utility,No,35.93046442,-79.05488866,Dry,5 - 15 MPH,Stop Sign,Clear,No,0,0,5
Yes,51.0,No,With Traffic,A: Suspected Serious Injury,Male,Charlotte,Mecklenburg,No,Friday,Motorist Overtaking Bicyclist,23.0,May,Motorist Overtaking - Other / Unknown,2011,42.03850604944766,Missing,Unknown Injury,Unknown,Unknown,Yes,35.274687,-80.697423,Dry,30 - 35  MPH,No Control Present,Cloudy,No,1,0,5
No,40.0,No,With Traffic,O: No Injury,Male,None - Rural Crash,Henderson,No,Wednesday,Motorist Left Turn / Merge,18.0,June,Motorist Left Turn - Opposite Direction,2011,20.0,No,O: No Injury,Female,Passenger Car,No,35.30221572,-82.4319331,Wet,30 - 35  MPH,"Double Yellow Line, No Passing Zone",Cloudy,No,0,0,6
Yes,26.0,No,Unknown,C: Possible Injury,Female,Durham,Durham,No,Wednesday,Crossing Paths - Other Circumstances,18.0,June,Crossing Paths - Intersection - Other / Unknown,2011,25.0,No,O: No Injury,Female,Passenger Car,No,36.012163,-78.905537,Dry,30 - 35  MPH,Stop Sign,Clear,No,0,0,6