AmbulanceR,BikeAge,BikeAlcFlg,BikeDir,BikeInjury,BikeSex,City,County,CrashAlcoh,CrashDay,CrashGrp,CrashHour,CrashMonth,CrashType,CrashYear,DrvrAge,DrvrAlcFlg,DrvrInjury,DrvrSex,DrvrVehTyp,HitRun,Latitude,Longitude,RdConditio,SpeedLimit,TraffCntrl,Weather,Workzone,DrvrAgeImputedFlag,BikeAgeImputedFlag,MonthCode
No,32.52649525389365,Missing,With Traffic,Unknown Injury,Unknown,Asheville,Buncombe,No,Friday,Motorist Overtaking Bicyclist,13.0,May,Motorist Overtaking - Other / Unknown,2011,59.0,No,O: No Injury,Female,Passenger Car,No,35.55838187,-82.53858977,Dry,40 - 45  MPH,No Control Present,Clear,No,0,1,5
Yes,6.0,No,With Traffic,A: Suspected Serious Injury,Male,Raleigh,Wake,Yes,Sunday,Bicyclist Failed to Yield - Sign-Controlled Intersection,15.0,May,Bicyclist Ride Through - Sign-Controlled Intersection,2011,50.0,Yes,O: No Injury,Female,Sport Utility,No,35.772096,-78.638614,Dry,5 - 15 MPH,Stop Sign,Clear,No,0,0,5
No,12.0,No,Unknown,C: Possible Injury,Male,Durham,Durham,No,Wednesday,Bicyclist Failed to Yield - Sign-Controlled Intersection,20.0,June,Bicyclist Ride Out - Sign-Controlled Intersection,2011,48.0,No,O: No Injury,Female,Passenger Car,No,36.001561,-78.866812,Dry,30 - 35  MPH,Stop Sign,Clear,No,0,0,6
No,55.0,No,Not Applicable,B: Suspected Minor Injury,Male,Hendersonville,Henderson,No,Tuesday,Non-Roadway,12.0,May,Non-Roadway,2011,42.03850604944766,Missing,Unknown Injury,Unknown,Unknown,Yes,35.29291279,-82.42783933,Dry,20 - 25  MPH,No Control Present,Cloudy,No,1,0,5
No,41.0,No,With Traffic,B: Suspected Minor Injury,Male,None - Rural Crash,Wake,No,Wednesday,Crossing Paths - Other Circumstances,21.0,May,Crossing Paths - Uncontrolled Intersection,2011,23.0,No,O: No Injury,Female,Passenger Car,No,35.807807,-78.729582,Dry,5 - 15 MPH,No Control Present,Rain,No,0,0,5
No,14.0,No,Facing Traffic,B: Suspected Minor Injury,Male,Raleigh,Wake,No,Wednesday,Motorist Failed to Yield - Midblock,15.0,May,Motorist Drive Out - Commercial Driveway / Alley,2011,62.0,No,O: No Injury,Male,Pickup,No,35.834787,-78.605288,Dry,5 - 15 MPH,No Control Present,Clear,No,0,0,5
No,32.0,No,With Traffic,B: Suspected Minor Injury,Male,Wilmington,New Hanover,No,Thursday,Motorist Failed to Yield - Sign-Controlled Intersection,7.0,May,Motorist Drive Out - Sign-Controlled Intersection,2011,23.0,No,O: No Injury,Male,School Bus,No,34.24890121,-77.88972962,Dry,40 - 45  MPH,Stop Sign,Clear,No,0,0,5
No,20.0,No,Not Applicable,C: Possible Injury,Male,Charlotte,Mecklenburg,No,Sunday,Bicyclist Failed to Yield - Midblock,18.0,May,Bicyclist Ride Out - Other Midblock,2011,18.0,No,O: No Injury,Female,Passenger Car,No,35.174223,-80.878891,Dry,30 - 35  MPH,Stop And Go Signal,Clear,No,0,0,5
No,8.0,No,Facing Traffic,C: Possible Injury,Male,None - Rural Crash,Craven,No,Monday,Bicyclist Right Turn / Merge,18.0,June,Bicyclist Right Turn - Same Direction,2011,20.0,No,O: No Injury,Male,Passenger Car,No,35.08896865,-76.94926468,Dry,30 - 35  MPH,No Control Present,Clear,No,0,0,6
Yes,28.0,No,With Traffic,B: Suspected Minor Injury,Male,None - Rural Crash,Wake,No,Saturday,Motorist Overtaking Bicyclist,6.0,June,Motorist Overtaking - Misjudged Space,2011,42.03850604944766,Unknown,Unknown Injury,Unknown,Passenger Car,Yes,35.630229,-78.752859,Dry,40 - 45  MPH,"Double Yellow Line, No Passing Zone",Clear,No,1,0,6
Yes,41.0,Yes,Facing Traffic,O: No Injury,Male,None - Rural Crash,Lee,Yes,Friday,Head-On,22.0,June,Head-On - Bicyclist,2011,35.0,No,O: No Injury,Male,Passenger Car,No,35.45515946,-79.28785919,Dry,50 - 55  MPH,"Double Yellow Line, No Passing Zone",Clear,No,0,0,6
No,20.0,No,With Traffic,C: Possible Injury,Male,High Point,Guilford,No,Monday,Bicyclist Failed to Yield - Signalized Intersection,9.0,May,Bicyclist Ride Through - Signalized Intersection,2011,28.0,No,O: No Injury,Female,Passenger Car,No,35.98261149,-80.02313751,Dry,30 - 35  MPH,Stop And Go Signal,Clear,No,0,0,5
No,37.0,No,Facing Traffic,O: No Injury,Male,Roanoke Rapids,Halifax,No,Monday,Motorist Failed to Yield - Signalized Intersection,10.0,May,Motorist Drive Out - Right Turn on Red,2011,63.0,No,O: No Injury,Male,Pickup,No,36.46449259,-77.65284878,Dry,20 - 25  MPH,Stop And Go Signal,Clear,No,0,0,5
No,43.0,No,With Traffic,C: Possible Injury,Male,Wilmington,New Hanover,No,Monday,Motorist Failed to Yield - Sign-Controlled Intersection,15.0,May,Motorist Drive Through - Sign-Controlled Intersection,2011,42.03850604944766,Missing,Unknown Injury,Unknown,Unknown,Yes,34.22606376,-77.93682405,Dry,20 - 25  MPH,Stop Sign,Clear,No,1,0,5
No,43.0,No,With Traffic,C: Possible Injury,Male,Smithfield,Johnston,No,Tuesday,Motorist Failed to Yield - Sign-Controlled Intersection,16.0,May,Motorist Drive Out - Sign-Controlled Intersection,2011,62.0,No,O: No Injury,Female,Passenger Car,No,35.51540119,-78.34150948,Dry,20 - 25  MPH,Stop Sign,Clear,No,0,0,5
Yes,15.0,No,Facing Traffic,B: Suspected Minor Injury,Male,Garner,Wake,No,Thursday,Motorist Failed to Yield - Midblock,16.0,June,Motorist Drive Out - Commercial Driveway / Alley,2011,47.0,No,O: No Injury,Female,Pickup,No,35.722547,-78.652698,Dry,5 - 15 MPH,Stop Sign,Clear,No,0,0,6
No,21.0,No,Not Applicable,O: No Injury,Male,Raleigh,Wake,No,Thursday,Non-Roadway,16.0,June,Non-Roadway,2011,42.03850604944766,Missing,Unknown Injury,Unknown,Unknown,Yes,35.774126,-78.637454,Dry,30 - 35  MPH,No Control Present,Clear,No,1,0,6
Yes,13.0,No,With Traffic,C: Possible Injury,Male,None - Rural Crash,Lenoir,No,Saturday,Motorist Overtaking Bicyclist,19.0,June,Motorist Overtaking - Bicyclist Swerved,2011,34.0,No,O: No Injury,Female,Passenger Car,No,35.31127871,-77.80383041,Dry,40 - 45  MPH,No Control Present,Clear,No,0,0,6
No,19.0,No,Facing Traffic,O: No Injury,Female,Mooresville,Iredell,No,Friday,Motorist Left Turn / Merge,14.0,June,Motorist Left Turn - Same Direction,2011,44.0,No,B: Suspected Minor Injury,Male,Van,No,35.5861868,-80.81934906,Dry,30 - 35  MPH,Stop Sign,Clear,No,0,0,6
Yes,54.0,Yes,Not Applicable,Unknown Injury,Male,Kinston,Lenoir,Yes,Thursday,Bicyclist Failed to Yield - Midblock,21.0,May,Bicyclist Ride Out - Other Midblock,2011,42.03850604944766,Missing,Unknown Injury,Unknown,Unknown,Yes,35.265219,-77.57219256,Dry,30 - 35  MPH,No Control Present,Clear,No,1,0,5
No,17.0,No,With Traffic,O: No Injury,Male,Kinston,Lenoir,No,Saturday,Motorist Failed to Yield - Midblock,20.0,May,Motorist Drive Out - Commercial Driveway / Alley,2011,42.03850604944766,Missing,Unknown Injury,Unknown,Unknown,Yes,35.276684,-77.581972,Dry,20 - 25  MPH,No Control Present,Clear,No,1,0,5
Yes,36.0,No,Facing Traffic,C: Possible Injury,Female,Cary,Wake,No,Wednesday,Motorist Failed to Yield - Sign-Controlled Intersection,8.0,June,Motorist Drive Out - Sign-Controlled Intersection,2011,34.0,No,O: No Injury,Male,Passenger Car,No,35.76179,-78.783419,Dry,30 - 35  MPH,Stop And Go Signal,Clear,No,0,0,6
Yes,21.0,No,With Traffic,C: Possible Injury,Female,Durham,Durham,No,Thursday,Motorist Left Turn / Merge,9.0,June,Motorist Left Turn - Same Direction,2011,63.0,No,O: No Injury,Female,Van,No,35.994032,-78.898619,Dry,5 - 15 MPH,No Control Present,Clear,No,0,0,6
No,21.0,No,Facing Traffic,O: No Injury,Male,Charlotte,Mecklenburg,No,Thursday,Motorist Failed to Yield - Sign-Controlled Intersection,7.0,June,Motorist Drive Out - Sign-Controlled Intersection,2011,33.0,No,O: No Injury,Male,Passenger Car,No,35.21313,-80.827858,Dry,30 - 35  MPH,Stop Sign,Clear,No,0,0,6
No,12.0,No,Not Applicable,C: Possible Injury,Male,Monroe,Union,No,Thursday,Non-Roadway,19.0,June,Non-Roadway,2011,42.03850604944766,Missing,Unknown Injury,Unknown,Pickup,Yes,34.99028047,-80.54036335,Unknown,20 - 25  MPH,No Control Present,Other,No,1,0,6
Yes,35.0,No,With Traffic,A: Suspected Serious Injury,Male,Winston-Salem,Forsyth,No,Saturday,Motorist Failed to Yield - Sign-Controlled Intersection,4.0,June,Motorist Drive Out - Sign-Controlled Intersection,2011,49.0,No,O: No Injury,Female,"Light Truck (Mini-Van, Panel)",No,36.09573575,-80.26329639,"Water (Standing, Moving)",20 - 25  MPH,Stop Sign,Clear,No,0,0,6
Yes,45.0,No,With Traffic,B: Suspected Minor Injury,Male,Winston-Salem,Forsyth,No,Monday,Motorist Left Turn / Merge,8.0,June,Motorist Left Turn - Opposite Direction,2011,78.0,No,O: No Injury,Female,Passenger Car,No,36.11459304,-80.28246516,Dry,30 - 35  MPH,No Control Present,Clear,No,0,0,6
No,10.0,No,With Traffic,B: Suspected Minor Injury,Male,None - Rural Crash,Iredell,No,Sunday,Motorist Overtaking Bicyclist,11.0,June,Motorist Overtaking - Bicyclist Swerved,2011,23.0,No,O: No Injury,Male,Passenger Car,No,35.77856698,-80.83987792,Dry,30 - 35  MPH,No Control Present,Clear,No,0,0,6
Yes,23.0,No,Facing Traffic,B: Suspected Minor Injury,Male,Garner,Wake,No,Monday,Motorist Failed to Yield - Sign-Controlled Intersection,13.0,June,Motorist Drive Out - Sign-Controlled Intersection,2011,37.0,No,O: No Injury,Male,Pickup,No,35.726235,-78.626188,Dry,30 - 35  MPH,Stop Sign,Clear,No,0,0,6
Yes,52.0,No,With Traffic,B: Suspected Minor Injury,Male,None - Rural Crash,Wake,No,Wednesday,Bicyclist Left Turn / Merge,18.0,June,Bicyclist Left Turn - Same Direction,2011,49.0,No,O: No Injury,Female,Passenger Car,No,35.95153,-78.681525,Dry,50 - 55  MPH,No Control Present,Clear,No,0,0,6
No,17.0,No,Facing Traffic,B: Suspected Minor Injury,Male,Fayetteville,Cumberland,No,Tuesday,Motorist Failed to Yield - Sign-Controlled Intersection,20.0,May,Motorist Drive Out - Sign-Controlled Intersection,2011,38.0,No,O: No Injury,Female,Van,No,35.00724548,-78.99981474,Dry,20 - 25  MPH,Stop Sign,Clear,No,0,0,5
Yes,52.0,Yes,With Traffic,C: Possible Injury,Male,Salisbury,Rowan,Yes,Tuesday,Parallel Paths - Other Circumstances,17.0,June,Bicyclist Ride Out - Parallel Path,2011,26.0,No,O: No Injury,Female,Passenger Car,No,35.66009516,-80.48023837,Dry,30 - 35  MPH,No Control Present,Clear,No,0,0,6
Yes,12.0,No,With Traffic,B: Suspected Minor Injury,Male,Raleigh,Wake,No,Saturday,Motorist Right Turn / Merge,12.0,June,Motorist Right Turn - Same Direction,2011,19.0,No,O: No Injury,Female,Passenger Car,No,35.757277,-78.699818,Dry,40 - 45  MPH,Stop Sign,Clear,No,0,0,6
Yes,35.0,No,Facing Traffic,B: Suspected Minor Injury,Male,Charlotte,Mecklenburg,No,Monday,Motorist Failed to Yield - Midblock,10.0,June,Motorist Drive Out - Commercial Driveway / Alley,2011,39.0,No,O: No Injury,Female,Passenger Car,No,35.219497,-80.836149,Dry,30 - 35  MPH,Stop Sign,Clear,No,0,0,6
Yes,14.0,No,Facing Traffic,C: Possible Injury,Male,Cary,Wake,No,Monday,Motorist Failed to Yield - Sign-Controlled Intersection,16.0,June,Motorist Drive Out - Sign-Controlled Intersection,2011,63.0,No,O: No Injury,Male,Passenger Car,No,35.720181,-78.786668,Dry,20 - 25  MPH,Stop Sign,Clear,No,0,0,6
Yes,18.0,No,Not Applicable,B: Suspected Minor Injury,Male,None - Rural Crash,Buncombe,No,Tuesday,Crossing Paths - Other Circumstances,13.0,June,Crossing Paths - Uncontrolled Intersection,2011,76.0,No,C: Possible Injury,Male,Passenger Car,No,35.5935456,-82.55634745,Dry,30 - 35  MPH,"Double Yellow Line, No Passing Zone",Cloudy,No,0,0,6
Yes,74.0,No,With Traffic,C: Possible Injury,Male,None - Rural Crash,Transylvania,No,Saturday,Motorist Overtaking Bicyclist,12.0,June,Motorist Overtaking - Bicyclist Swerved,2011,51.0,No,O: No Injury,Male,Sport Utility,No,35.23598162,-82.61387333,Dry,40 - 45  MPH,"Double Yellow Line, No Passing Zone",Clear,No,0,0,6
Yes,59.0,No,Unknown,C: Possible Injury,Male,Henderson,Vance,No,Wednesday,Motorist Right Turn / Merge,15.0,June,Motorist Right Turn - Opposite Direction,2011,29.0,Unknown,Unknown Injury,Male,Unknown,Yes,36.32772504,-78.3944274,Dry,30 - 35  MPH,Yield Sign,Clear,No,0,0,6
Yes,26.0,No,Facing Traffic,C: Possible Injury,Female,Charlotte,Mecklenburg,No,Wednesday,Motorist Failed to Yield - Sign-Controlled Intersection,11.0,June,Motorist Drive Out - Sign-Controlled Intersection,2011,49.0,No,O: No Injury,Female,Passenger Car,No,35.199729,-80.825618,Dry,20 - 25  MPH,Stop Sign,Clear,No,0,0,6
No,12.0,No,With Traffic,O: No Injury,Male,Asheville,Buncombe,No,Saturday,Bicyclist Failed to Yield - Sign-Controlled Intersection,12.0,June,Bicyclist Ride Out - Sign-Controlled Intersection,2011,42.03850604944766,Missing,Unknown Injury,Unknown,Unknown,Yes,35.57783351,-82.57963097,Dry,20 - 25  MPH,Stop Sign,Clear,No,1,0,6
No,56.0,No,With Traffic,C: Possible Injury,Female,None - Rural Crash,Davidson,No,Monday,Motorist Overtaking Bicyclist,10.0,June,Motorist Overtaking - Misjudged Space,2011,62.0,No,O: No Injury,Female,Passenger Car,No,35.96823493,-80.09267115,Dry,50 - 55  MPH,"Double Yellow Line, No Passing Zone",Clear,No,0,0,6
Yes,18.0,No,With Traffic,A: Suspected Serious Injury,Male,Asheville,Buncombe,Yes,Saturday,Motorist Overtaking Bicyclist,23.0,May,Motorist Overtaking - Undetected Bicyclist,2011,47.0,Yes,O: No Injury,Male,Passenger Car,No,35.56481561,-82.49973915,Dry,50 - 55  MPH,Other,Clear,No,0,0,5
Yes,12.0,No,With Traffic,B: Suspected Minor Injury,Male,Washington,Beaufort,No,Tuesday,Loss of Control / Turning Error,21.0,June,Bicyclist Lost Control - Mechanical Problems,2011,19.0,No,O: No Injury,Male,Passenger Car,No,35.54417586,-77.03691009,Dry,30 - 35  MPH,Stop Sign,Clear,No,0,0,6
Yes,49.0,No,With Traffic,C: Possible Injury,Male,Winston-Salem,Forsyth,No,Monday,Crossing Paths - Other Circumstances,19.0,May,Crossing Paths - Intersection - Other / Unknown,2011,23.0,No,O: No Injury,Male,Passenger Car,No,36.12203038,-80.22230437,Dry,30 - 35  MPH,Flashing Signal With Stop Sign,Clear,No,0,0,5
No,24.0,No,With Traffic,O: No Injury,Male,Pinehurst,Moore,No,Tuesday,Motorist Left Turn / Merge,7.0,June,Motorist Left Turn - Opposite Direction,2011,19.0,No,O: No Injury,Female,Passenger Car,No,35.20315411,-79.44584036,Dry,40 - 45  MPH,Yield Sign,Clear,No,0,0,6
Yes,50.0,Unknown,Facing Traffic,B: Suspected Minor Injury,Male,Wilmington,New Hanover,No,Monday,Bicyclist Right Turn / Merge,19.0,June,Bicyclist Right Turn - Same Direction,2011,49.0,No,O: No Injury,Male,Pickup,No,34.24168205,-77.89586953,Dry,30 - 35  MPH,Stop And Go Signal,Clear,No,0,0,6
No,23.0,No,Not Applicable,O: No Injury,Male,Durham,Durham,No,Monday,Non-Roadway,21.0,June,Non-Roadway,2011,34.0,No,O: No Injury,Male,Police,No,35.992588,-78.881869,Dry,5 - 15 MPH,No Control Present,Clear,No,0,0,6
No,14.0,No,With Traffic,O: No Injury,Male,Mooresville,Iredell,No,Thursday,Motorist Overtaking Bicyclist,16.0,June,Motorist Overtaking - Misjudged Space,2011,40.0,No,O: No Injury,Female,Sport Utility,No,35.53853943,-80.79212414,Dry,20 - 25  MPH,No Control Present,Clear,No,0,0,6
Yes,60.0,No,With Traffic,B: Suspected Minor Injury,Male,None - Rural Crash,Wilkes,No,Wednesday,Loss of Control / Turning Error,9.0,June,Motorist Lost Control - Other / Unknown,2011,61.0,No,O: No Injury,Male,Van,No,36.14566923,-81.27480649,Dry,50 - 55  MPH,No Control Present,Clear,No,0,0,6
Yes,11.0,No,With Traffic,B: Suspected Minor Injury,Female,Jacksonville,Onslow,No,Monday,Head-On,17.0,June,Head-On - Motorist,2011,23.0,No,C: Possible Injury,Male,Motorcycle,No,34.76683779,-77.36971116,Dry,20 - 25  MPH,No Control Present,Clear,No,0,0,6
Yes,52.0,No,With Traffic,A: Suspected Serious Injury,Male,None - Rural Crash,Johnston,No,Wednesday,Motorist Overtaking Bicyclist,15.0,June,Motorist Overtaking - Misjudged Space,2011,21.0,No,O: No Injury,Male,Passenger Car,No,35.69007761,-78.3807081,Dry,40 - 45  MPH,"Double Yellow Line, No Passing Zone",Clear,No,0,0,6
Yes,60.0,No,With Traffic,K: Killed,Male,None - Rural Crash,Brunswick,No,Monday,Bicyclist Left Turn / Merge,14.0,June,Bicyclist Left Turn - Same Direction,2011,51.0,No,O: No Injury,Male,"Single Unit Truck (2-Axle, 6-Tire)",No,34.13099653,-78.09914129,Dry,50 - 55  MPH,No Control Present,Clear,No,0,0,6
Yes,15.0,No,With Traffic,C: Possible Injury,Male,Durham,Durham,No,Thursday,Bicyclist Left Turn / Merge,14.0,June,Bicyclist Left Turn - Same Direction,2011,20.0,No,O: No Injury,Male,Passenger Car,No,36.040267,-78.91214,Dry,30 - 35  MPH,No Control Present,Clear,No,0,0,6
Yes,59.0,No,With Traffic,B: Suspected Minor Injury,Male,None - Rural Crash,Johnston,No,Friday,Motorist Left Turn / Merge,1.0,July,Motorist Left Turn - Opposite Direction,2011,23.0,No,O: No Injury,Male,Pickup,No,35.57860821,-78.14056674,Dry,50 - 55  MPH,No Control Present,Clear,No,0,0,7
No,57.0,No,With Traffic,A: Suspected Serious Injury,Male,Madison,Rockingham,No,Monday,Bicyclist Failed to Yield - Signalized Intersection,16.0,May,Bicyclist Ride Through - Signalized Intersection,2011,47.0,No,O: No Injury,Male,Pickup,No,36.38752535,-79.9595999,Dry,20 - 25  MPH,Stop And Go Signal,Clear,No,0,0,5
No,22.0,No,With Traffic,B: Suspected Minor Injury,Male,Boone,Watauga,No,Sunday,Motorist Overtaking Bicyclist,21.0,June,Motorist Overtaking - Misjudged Space,2011,42.03850604944766,Missing,Unknown Injury,Unknown,Unknown,Yes,36.22204706,-81.6956164,Unknown,30 - 35  MPH,"Double Yellow Line, No Passing Zone",Other,No,1,0,6
Yes,34.0,No,With Traffic,B: Suspected Minor Injury,Male,Jacksonville,Onslow,No,Friday,Bicyclist Left Turn / Merge,8.0,May,Bicyclist Left Turn - Same Direction,2011,48.0,No,O: No Injury,Male,Truck/Trailer,No,34.75229759,-77.44957356,Dry,40 - 45  MPH,No Control Present,Clear,No,0,0,5
No,52.0,No,With Traffic,C: Possible Injury,Male,Siler City,Chatham,No,Thursday,Motorist Overtaking Bicyclist,1.0,June,Motorist Overtaking - Undetected Bicyclist,2011,42.03850604944766,Missing,Unknown Injury,Unknown,Unknown Heavy Truck,Yes,35.733268,-79.46001283,Dry,40 - 45  MPH,No Control Present,Clear,No,1,0,6
Yes,20.0,No,With Traffic,C: Possible Injury,Male,Charlotte,Mecklenburg,No,Tuesday,Motorist Failed to Yield - Midblock,15.0,June,Motorist Drive Out - Residential Driveway,2011,33.0,No,O: No Injury,Male,Pickup,No,35.260854,-80.819741,Dry,30 - 35  MPH,No Control Present,Clear,No,0,0,6
No,32.0,No,Facing Traffic,C: Possible Injury,Female,Wilmington,New Hanover,No,Wednesday,Motorist Failed to Yield - Sign-Controlled Intersection,17.0,June,Motorist Drive Out - Sign-Controlled Intersection,2011,47.0,No,O: No Injury,Female,Sport Utility,No,34.19453156,-77.91308095,Dry,20 - 25  MPH,Stop Sign,Clear,No,0,0,6
No,78.0,No,With Traffic,C: Possible Injury,Male,Wilmington,New Hanover,No,Wednesday,Motorist Failed to Yield - Signalized Intersection,11.0,June,Motorist Drive Out - Right Turn on Red,2011,22.0,No,O: No Injury,Female,Passenger Car,No,34.24014844,-77.90437626,Dry,40 - 45  MPH,Flashing Stop And Go Signal,Clear,No,0,0,6
Yes,50.0,No,With Traffic,B: Suspected Minor Injury,Male,Apex,Wake,No,Monday,Bicyclist Overtaking Motorist,10.0,July,Bicyclist Overtaking - Other / Unknown,2011,63.0,No,O: No Injury,Female,Passenger Car,No,35.74377,-78.821262,Dry,30 - 35  MPH,"Double Yellow Line, No Passing Zone",Clear,No,0,0,7
No,21.0,Unknown,With Traffic,O: No Injury,Male,Durham,Durham,No,Tuesday,Motorist Right Turn / Merge,18.0,July,Motorist Right Turn - Same Direction,2011,29.0,No,O: No Injury,Female,Passenger Car,No,36.017181,-78.900106,Dry,5 - 15 MPH,Stop And Go Signal,Clear,No,0,0,7
No,22.0,No,With Traffic,Unknown Injury,Male,Charlotte,Mecklenburg,No,Friday,Motorist Overtaking Bicyclist,14.0,June,Motorist Overtaking - Other / Unknown,2011,42.03850604944766,Missing,Unknown Injury,Unknown,Unknown,Yes,35.204581,-80.785095,Dry,30 - 35  MPH,No Control Present,Clear,No,1,0,6
No,40.0,Yes,With Traffic,B: Suspected Minor Injury,Male,Charlotte,Mecklenburg,Yes,Saturday,Loss of Control / Turning Error,13.0,June,Bicylist Lost Control - Alcohol / Drug Impairment,2011,29.0,No,O: No Injury,Male,Pickup,No,35.329806,-80.825918,Dry,30 - 35  MPH,No Control Present,Clear,No,0,0,6
Yes,14.0,No,With Traffic,B: Suspected Minor Injury,Female,None - Rural Crash,Pasquotank,No,Sunday,Motorist Overtaking Bicyclist,19.0,June,Motorist Overtaking - Other / Unknown,2011,42.03850604944766,Missing,Unknown Injury,Unknown,Unknown,Yes,36.22022115,-76.27642873,Dry,30 - 35  MPH,"Double Yellow Line, No Passing Zone",Clear,No,1,0,6
No,19.0,No,Facing Traffic,B: Suspected Minor Injury,Male,Fayetteville,Cumberland,No,Tuesday,Motorist Failed to Yield - Signalized Intersection,17.0,June,Motorist Drive Out - Signalized Intersection,2011,34.0,No,O: No Injury,Female,"Light Truck (Mini-Van, Panel)",No,35.07768896,-78.95860581,Dry,40 - 45  MPH,Stop And Go Signal,Cloudy,No,0,0,6
Yes,17.0,No,With Traffic,C: Possible Injury,Male,None - Rural Crash,Scotland,No,Saturday,Motorist Overtaking Bicyclist,1.0,July,Motorist Overtaking - Bicyclist Swerved,2011,74.0,No,O: No Injury,Male,Passenger Car,No,34.71652913,-79.51377933,Dry,50 - 55  MPH,No Control Present,Clear,No,0,0,7
Yes,18.0,No,Facing Traffic,Unknown Injury,Male,Charlotte,Mecklenburg,No,Saturday,Loss of Control / Turning Error,13.0,June,"Bicyclist Lost Control - Oversteering, Improper Braking, Speed",2011,46.0,No,O: No Injury,Male,Pickup,No,35.248709,-80.754185,Dry,30 - 35  MPH,Stop Sign,Clear,No,0,0,6
Yes,6.0,No,Not Applicable,A: Suspected Serious Injury,Male,High Point,Guilford,No,Monday,Non-Roadway,19.0,June,Non-Roadway,2011,42.0,No,O: No Injury,Female,Passenger Car,No,35.95716961,-79.99844833,Dry,Unknown,No Control Present,Clear,No,0,0,6
Yes,11.0,No,With Traffic,C: Possible Injury,Male,Charlotte,Mecklenburg,No,Monday,Motorist Failed to Yield - Midblock,13.0,June,Motorist Drive Out - Commercial Driveway / Alley,2011,54.0,No,O: No Injury,Male,Pickup,No,35.232116,-80.827228,Dry,20 - 25  MPH,No Control Present,Clear,No,0,0,6
Yes,21.0,No,With Traffic,C: Possible Injury,Male,Winston-Salem,Forsyth,No,Tuesday,Motorist Overtaking Bicyclist,22.0,June,Motorist Overtaking - Other / Unknown,2011,42.03850604944766,Missing,Unknown Injury,Unknown,Passenger Car,Yes,36.11733088,-80.25707639,Dry,30 - 35  MPH,No Control Present,Clear,No,1,0,6
Yes,31.0,Yes,With Traffic,B: Suspected Minor Injury,Male,Raleigh,Wake,Yes,Saturday,Motorist Left Turn / Merge,23.0,July,Motorist Left Turn - Opposite Direction,2011,21.0,No,O: No Injury,Male,Passenger Car,No,35.780498,-78.641712,Dry,30 - 35  MPH,Stop And Go Signal,Clear,No,0,0,7
Yes,53.0,No,With Traffic,C: Possible Injury,Male,Southern Pines,Moore,No,Tuesday,Loss of Control / Turning Error,12.0,June,Motorist Turning Error - Left Turn,2011,68.0,No,O: No Injury,Female,Passenger Car,No,35.18125746,-79.40475279,Dry,20 - 25  MPH,Stop Sign,Clear,No,0,0,6
No,38.0,No,With Traffic,O: No Injury,Male,Siler City,Chatham,No,Wednesday,Bicyclist Failed to Yield - Sign-Controlled Intersection,20.0,June,Bicyclist Ride Out - Sign-Controlled Intersection,2011,65.0,No,O: No Injury,Female,Passenger Car,No,35.72625805,-79.46397633,Dry,30 - 35  MPH,Stop Sign,Clear,No,0,0,6
Yes,9.0,No,Not Applicable,C: Possible Injury,Female,Mooresville,Iredell,No,Wednesday,Non-Roadway,18.0,June,Non-Roadway,2011,63.0,No,O: No Injury,Female,Van,No,35.59507612,-80.80979558,Dry,5 - 15 MPH,No Control Present,Clear,No,0,0,6
Yes,16.0,No,Not Applicable,K: Killed,Male,Monroe,Union,No,Wednesday,Bicyclist Failed to Yield - Midblock,12.0,June,Multiple Threat - Midblock,2011,18.0,No,O: No Injury,Female,Passenger Car,No,35.00959232,-80.5629419,Dry,40 - 45  MPH,No Control Present,Clear,No,0,0,6
No,12.0,No,Not Applicable,B: Suspected Minor Injury,Male,High Point,Guilford,No,Wednesday,Bicyclist Failed to Yield - Midblock,19.0,June,Bicyclist Ride Out - Commercial Driveway / Alley,2011,42.03850604944766,Missing,Unknown Injury,Unknown,Unknown,Yes,35.99917071,-80.03710356,Dry,Unknown,No Control Present,Clear,No,1,0,6
No,46.0,No,With Traffic,B: Suspected Minor Injury,Male,Duck,Dare,No,Saturday,Motorist Left Turn / Merge,8.0,June,Motorist Left Turn - Opposite Direction,2011,57.0,No,O: No Injury,Female,Sport Utility,No,36.19572676,-75.76228349,Dry,30 - 35  MPH,No Control Present,Clear,No,0,0,6
Yes,51.0,No,Facing Traffic,B: Suspected Minor Injury,Male,Charlotte,Mecklenburg,No,Thursday,Bicyclist Failed to Yield - Signalized Intersection,8.0,June,Bicyclist Ride Out - Signalized  Intersection,2011,41.0,No,O: No Injury,Female,Passenger Car,No,35.190635,-80.810948,Dry,30 - 35  MPH,Stop And Go Signal,Cloudy,No,0,0,6
Yes,51.0,Yes,Not Applicable,B: Suspected Minor Injury,Male,Charlotte,Mecklenburg,Yes,Thursday,Non-Roadway,19.0,June,Non-Roadway,2011,48.0,No,O: No Injury,Male,Sport Utility,No,35.270402,-80.837526,Dry,5 - 15 MPH,No Control Present,Clear,No,0,0,6
Yes,16.0,No,With Traffic,B: Suspected Minor Injury,Male,Wrightsville Beach,New Hanover,No,Thursday,Parallel Paths - Other Circumstances,13.0,June,Bicyclist Ride Out - Parallel Path,2011,39.0,No,O: No Injury,Male,"Light Truck (Mini-Van, Panel)",No,34.21608112,-77.79286892,Dry,5 - 15 MPH,No Control Present,Clear,No,0,0,6
No,46.0,No,With Traffic,B: Suspected Minor Injury,Male,Charlotte,Mecklenburg,No,Friday,Motorist Right Turn / Merge,11.0,June,Motorist Right Turn - Same Direction,2011,47.0,No,O: No Injury,Female,Passenger Car,No,35.329173,-80.751797,Dry,40 - 45  MPH,Stop And Go Signal,Clear,No,0,0,6