AmbulanceR,BikeAge,BikeAlcFlg,BikeDir,BikeInjury,BikeSex,City,County,CrashAlcoh,CrashDay,CrashGrp,CrashHour,CrashMonth,CrashType,CrashYear,DrvrAge,DrvrAlcFlg,DrvrInjury,DrvrSex,DrvrVehTyp,HitRun,Latitude,Longitude,RdConditio,SpeedLimit,TraffCntrl,Weather,Workzone,DrvrAgeImputedFlag,BikeAgeImputedFlag,MonthCode
No,41.0,No,With Traffic,B: Suspected Minor Injury,Male,Matthews,Mecklenburg,No,Tuesday,Motorist Left Turn / Merge,20.0,June,Motorist Left Turn - Opposite Direction,2011,36.0,No,O: No Injury,Female,Passenger Car,No,35.13161713,-80.67391366,Dry,20 - 25  MPH,No Control Present,Clear,No,0,0,6
No,16.0,No,With Traffic,C: Possible Injury,Male,Whiteville,Columbus,No,Monday,Motorist Overtaking Bicyclist,17.0,June,Motorist Overtaking - Bicyclist Swerved,2011,26.0,No,O: No Injury,Female,Passenger Car,No,34.33087291,-78.68675295,Dry,30 - 35  MPH,No Control Present,Clear,No,0,0,6
No,16.0,No,Not Applicable,C: Possible Injury,Male,Garner,Wake,No,Tuesday,Non-Roadway,17.0,July,Non-Roadway,2011,33.0,No,O: No Injury,Female,Passenger Car,No,35.694274,-78.615867,Dry,30 - 35  MPH,No Control Present,Cloudy,No,0,0,7
No,38.0,No,With Traffic,B: Suspected Minor Injury,Female,Southern Shores,Dare,No,Tuesday,Crossing Paths - Other Circumstances,13.0,June,Sign-Controlled Intersection - Other / Unknown,2011,43.0,No,O: No Injury,Female,Passenger Car,No,36.14436828,-75.73969826,Dry,Unknown,Stop Sign,Clear,No,0,0,6
Yes,17.0,Yes,With Traffic,C: Possible Injury,Male,None - Rural Crash,Cleveland,Yes,Monday,Bicyclist Failed to Yield - Sign-Controlled Intersection,21.0,July,Bicyclist Ride Through - Sign-Controlled Intersection,2011,36.0,No,O: No Injury,Male,Passenger Car,No,35.41904726,-81.64414849,Dry,50 - 55  MPH,Stop Sign,Clear,No,0,0,7
Yes,73.0,No,Facing Traffic,B: Suspected Minor Injury,Male,Wilmington,New Hanover,No,Wednesday,Motorist Failed to Yield - Sign-Controlled Intersection,18.0,June,Motorist Drive Out - Sign-Controlled Intersection,2011,21.0,No,O: No Injury,Male,Passenger Car,No,34.23039211,-77.887127,Dry,30 - 35  MPH,Stop Sign,Clear,No,0,0,6
Yes,28.0,No,With Traffic,C: Possible Injury,Male,Wrightsville Beach,New Hanover,No,Saturday,Bicyclist Overtaking Motorist,8.0,June,Bicyclist Overtaking - Passing on Right,2011,63.0,No,O: No Injury,Female,Passenger Car,No,34.22706774,-77.78258879,Dry,20 - 25  MPH,Stop Sign,Clear,No,0,0,6
Yes,12.0,No,With Traffic,C: Possible Injury,Male,Ramseur,Randolph,No,Sunday,Bicyclist Failed to Yield - Signalized Intersection,21.0,June,Bicyclist Ride Out - Signalized  Intersection,2011,54.0,No,O: No Injury,Female,Passenger Car,No,35.73757832,-79.65533155,Dry,30 - 35  MPH,Stop And Go Signal,Clear,No,0,0,6
No,47.0,No,With Traffic,B: Suspected Minor Injury,Male,Charlotte,Mecklenburg,No,Monday,Bicyclist Failed to Yield - Sign-Controlled Intersection,19.0,June,Bicyclist Ride Out - Sign-Controlled Intersection,2011,34.0,No,O: No Injury,Male,Passenger Car,No,35.196251,-80.82773,Dry,30 - 35  MPH,Stop Sign,Clear,No,0,0,6
No,20.0,No,With Traffic,B: Suspected Minor Injury,Male,Asheville,Buncombe,No,Tuesday,Motorist Failed to Yield - Sign-Controlled Intersection,15.0,July,Motorist Drive Out - Sign-Controlled Intersection,2011,72.0,No,O: No Injury,Male,Passenger Car,No,35.573967,-82.554109,Dry,20 - 25  MPH,Stop Sign,Clear,No,0,0,7
Yes,42.0,Yes,Facing Traffic,B: Suspected Minor Injury,Male,Winston-Salem,Forsyth,Yes,Thursday,Head-On,14.0,June,Head-On - Bicyclist,2011,42.0,No,O: No Injury,Male,Pickup,No,36.1052228,-80.25761938,Dry,30 - 35  MPH,Stop And Go Signal,Cloudy,No,0,0,6
Yes,9.0,No,With Traffic,B: Suspected Minor Injury,Female,Gastonia,Gaston,No,Sunday,Bicyclist Failed to Yield - Sign-Controlled Intersection,17.0,June,Bicyclist Ride Out - Sign-Controlled Intersection,2011,24.0,No,O: No Injury,Male,Sport Utility,No,35.24810979,-81.22539353,Dry,30 - 35  MPH,No Control Present,Clear,No,0,0,6
Yes,6.0,No,With Traffic,B: Suspected Minor Injury,Female,Rocky Mount,Nash,No,Wednesday,Bicyclist Failed to Yield - Sign-Controlled Intersection,16.0,May,Bicyclist Ride Through - Sign-Controlled Intersection,2011,19.0,No,O: No Injury,Female,Sport Utility,No,35.96809461,-77.88662163,Dry,5 - 15 MPH,Stop Sign,Clear,No,0,0,5
Yes,21.0,No,Facing Traffic,C: Possible Injury,Male,Wilmington,New Hanover,No,Sunday,Motorist Failed to Yield - Sign-Controlled Intersection,17.0,May,Motorist Drive Out - Sign-Controlled Intersection,2011,20.0,No,O: No Injury,Male,Passenger Car,No,34.21879102,-77.81370088,Dry,30 - 35  MPH,Stop Sign,Clear,No,0,0,5
Yes,15.0,No,Facing Traffic,B: Suspected Minor Injury,Male,Carolina Beach,New Hanover,No,Saturday,Motorist Left Turn / Merge,14.0,June,Motorist Left Turn - Opposite Direction,2011,58.0,No,O: No Injury,Male,Sport Utility,No,34.01430443,-77.90021307,Dry,30 - 35  MPH,No Control Present,Clear,No,0,0,6
No,36.0,Yes,With Traffic,B: Suspected Minor Injury,Male,Carolina Beach,New Hanover,Yes,Saturday,Bicyclist Left Turn / Merge,18.0,June,Bicyclist Left Turn - Same Direction,2011,60.0,No,O: No Injury,Female,Passenger Car,No,34.02402754,-77.89673016,Dry,20 - 25  MPH,Stop Sign,Clear,No,0,0,6
Yes,17.0,No,Facing Traffic,C: Possible Injury,Male,Raleigh,Wake,No,Monday,Loss of Control / Turning Error,15.0,July,Bicyclist Lost Control - Other / Unknown,2011,38.0,No,O: No Injury,Female,Van,No,35.918103,-78.743321,Dry,5 - 15 MPH,No Control Present,Clear,No,0,0,7
No,16.0,No,With Traffic,B: Suspected Minor Injury,Female,Raleigh,Wake,No,Monday,Bicyclist Failed to Yield - Signalized Intersection,16.0,July,Bicyclist Ride Through - Signalized Intersection,2011,30.0,No,O: No Injury,Female,Passenger Car,No,35.794215,-78.672943,Dry,30 - 35  MPH,Stop And Go Signal,Clear,No,0,0,7
No,28.0,No,With Traffic,B: Suspected Minor Injury,Male,Wilmington,New Hanover,No,Thursday,Motorist Overtaking Bicyclist,2.0,June,Motorist Overtaking - Other / Unknown,2011,42.03850604944766,Missing,Unknown Injury,Unknown,Unknown,Yes,34.22821784,-77.94199092,Dry,Unknown,No Control Present,Clear,No,1,0,6
Yes,19.0,No,With Traffic,O: No Injury,Male,None - Rural Crash,Wake,No,Sunday,Bicyclist Left Turn / Merge,17.0,July,Bicyclist Left Turn - Same Direction,2011,39.0,No,O: No Injury,Female,Passenger Car,No,35.747613,-78.591455,Dry,40 - 45  MPH,No Control Present,Clear,No,0,0,7
No,48.0,Yes,With Traffic,O: No Injury,Male,None - Rural Crash,Pitt,Yes,Thursday,Motorist Overtaking Bicyclist,21.0,July,Motorist Overtaking - Undetected Bicyclist,2011,37.0,No,O: No Injury,Female,Passenger Car,No,35.67160459,-77.36550567,Dry,40 - 45  MPH,No Control Present,Clear,No,0,0,7
No,61.0,No,With Traffic,B: Suspected Minor Injury,Male,Belmont,Gaston,No,Tuesday,Motorist Overtaking Bicyclist,5.0,May,Motorist Overtaking - Other / Unknown,2011,19.0,No,O: No Injury,Male,Passenger Car,No,35.25596582,-81.05119665,Dry,40 - 45  MPH,No Control Present,Clear,No,0,0,5
Yes,25.0,No,With Traffic,C: Possible Injury,Male,Raleigh,Wake,No,Friday,Bicyclist Failed to Yield - Signalized Intersection,0.0,July,Bicyclist Failed to Clear - Trapped,2011,28.0,No,O: No Injury,Female,Sport Utility,No,35.839546,-78.642188,Dry,40 - 45  MPH,Stop And Go Signal,Clear,No,0,0,7
No,22.0,No,Facing Traffic,C: Possible Injury,Male,None - Rural Crash,Alamance,No,Thursday,Motorist Failed to Yield - Midblock,16.0,May,Motorist Drive Out - Other Midblock,2010,58.0,No,O: No Injury,Female,Passenger Car,No,36.10313072,-79.50022441,Dry,20 - 25  MPH,No Control Present,Clear,No,0,0,5
Yes,22.0,No,With Traffic,C: Possible Injury,Male,None - Rural Crash,Alamance,No,Monday,Motorist Right Turn / Merge,14.0,April,Motorist Right Turn - Same Direction,2010,39.0,No,O: No Injury,Female,"Single Unit Truck (2-Axle, 6-Tire)",No,36.10351076,-79.49731146,Dry,20 - 25  MPH,Stop And Go Signal,Clear,No,0,0,4
Yes,19.0,No,Not Applicable,C: Possible Injury,Male,None - Rural Crash,Alamance,No,Thursday,Bicyclist Failed to Yield - Signalized Intersection,18.0,April,Bicyclist Ride Through - Signalized Intersection,2010,39.0,No,O: No Injury,Female,Sport Utility,No,36.10305415,-79.50249823,Dry,20 - 25  MPH,Stop And Go Signal,Clear,No,0,0,4
No,17.0,No,Not Applicable,O: No Injury,Male,None - Rural Crash,Cumberland,No,Friday,Bicyclist Failed to Yield - Midblock,12.0,July,Bicyclist Ride Out - Other Midblock,2011,44.0,No,O: No Injury,Male,Pickup,No,34.99010033,-78.90412075,Dry,40 - 45  MPH,"Double Yellow Line, No Passing Zone",Clear,No,0,0,7
Yes,15.0,No,With Traffic,B: Suspected Minor Injury,Male,Fayetteville,Cumberland,No,Saturday,Head-On,13.0,April,Head-On - Bicyclist,2011,38.0,No,O: No Injury,Female,Passenger Car,No,35.06244109,-79.00000124,Dry,20 - 25  MPH,No Control Present,Clear,No,0,0,4
No,48.0,No,With Traffic,C: Possible Injury,Female,None - Rural Crash,Lee,No,Saturday,Motorist Overtaking Bicyclist,11.0,July,Motorist Overtaking - Misjudged Space,2011,80.0,No,O: No Injury,Male,Pickup,No,35.41544835,-79.17261637,Dry,50 - 55  MPH,"Double Yellow Line, No Passing Zone",Clear,No,0,0,7
Yes,33.0,No,With Traffic,C: Possible Injury,Male,Princeville,Edgecombe,No,Saturday,Bicyclist Left Turn / Merge,14.0,July,Bicyclist Left Turn - Same Direction,2011,82.0,No,O: No Injury,Male,Sport Utility,No,35.88712803,-77.52999022,Dry,30 - 35  MPH,"Double Yellow Line, No Passing Zone",Clear,No,0,0,7
Yes,17.0,No,With Traffic,B: Suspected Minor Injury,Male,Goldsboro,Wayne,No,Sunday,Bicyclist Failed to Yield - Sign-Controlled Intersection,19.0,June,Bicyclist Ride Out - Sign-Controlled Intersection,2011,63.0,No,O: No Injury,Female,Sport Utility,No,35.38487555,-77.96818681,Dry,20 - 25  MPH,Stop Sign,Clear,No,0,0,6
No,61.0,No,With Traffic,B: Suspected Minor Injury,Male,None - Rural Crash,Wake,No,Sunday,Motorist Overtaking Bicyclist,13.0,June,Motorist Overtaking - Other / Unknown,2011,83.0,No,O: No Injury,Female,Passenger Car,No,35.918514,-78.546524,Dry,50 - 55  MPH,Stop And Go Signal,Clear,No,0,0,6
Yes,13.0,No,Not Applicable,C: Possible Injury,Male,Roanoke Rapids,Halifax,No,Monday,Loss of Control / Turning Error,20.0,June,Bicyclist Lost Control - Mechanical Problems,2011,41.0,No,Unknown Injury,Male,Sport Utility,No,36.47028553,-77.64671002,Dry,20 - 25  MPH,No Control Present,Clear,No,0,0,6
Yes,18.0,No,With Traffic,B: Suspected Minor Injury,Male,Wilmington,New Hanover,No,Tuesday,Motorist Right Turn / Merge,16.0,June,Motorist Right Turn on Red - Same Direction,2011,27.0,No,O: No Injury,Male,Passenger Car,No,34.23854177,-77.8279687,Dry,30 - 35  MPH,Stop And Go Signal,Clear,No,0,0,6
Yes,43.0,No,With Traffic,B: Suspected Minor Injury,Female,Durham,Durham,No,Tuesday,Motorist Left Turn / Merge,18.0,July,Motorist Left Turn - Opposite Direction,2011,42.03850604944766,Missing,Unknown Injury,Unknown,Sport Utility,Yes,35.946032,-78.921656,Dry,40 - 45  MPH,Stop And Go Signal,Clear,No,1,0,7
No,60.0,No,Facing Traffic,B: Suspected Minor Injury,Male,Charlotte,Mecklenburg,No,Wednesday,Motorist Left Turn / Merge,19.0,June,Motorist Left Turn - Same Direction,2011,61.0,No,O: No Injury,Male,Passenger Car,No,35.200212,-80.889197,Dry,30 - 35  MPH,No Control Present,Clear,No,0,0,6
Yes,47.0,Yes,With Traffic,C: Possible Injury,Male,None - Rural Crash,Jones,Yes,Monday,Motorist Overtaking Bicyclist,16.0,July,Motorist Overtaking - Other / Unknown,2011,34.0,No,O: No Injury,Male,Sport Utility,No,34.94961799,-77.24237905,Dry,50 - 55  MPH,"Double Yellow Line, No Passing Zone",Clear,No,0,0,7
Yes,55.0,No,Facing Traffic,B: Suspected Minor Injury,Male,Wilson,Wilson,No,Sunday,Motorist Failed to Yield - Midblock,12.0,June,Motorist Drive Out - Commercial Driveway / Alley,2011,52.0,No,O: No Injury,Female,Passenger Car,No,35.715828,-77.892191,Dry,40 - 45  MPH,No Control Present,Clear,No,0,0,6
Yes,11.0,No,Not Applicable,C: Possible Injury,Male,Wilson,Wilson,No,Monday,Bicyclist Failed to Yield - Midblock,12.0,April,Bicyclist Ride Out - Residential Driveway,2011,25.0,No,O: No Injury,Female,Sport Utility,No,35.728546,-77.911745,Dry,30 - 35  MPH,No Control Present,Clear,No,0,0,4
Yes,50.0,Unknown,Unknown,C: Possible Injury,Male,Wilson,Wilson,No,Sunday,Other / Unknown - Insufficient Details,0.0,May,Unknown Approach Paths,2011,42.03850604944766,Missing,Unknown Injury,Unknown,Unknown,Yes,35.722998,-77.904356,Unknown,30 - 35  MPH,Stop And Go Signal,Cloudy,No,1,0,5
Yes,17.0,No,With Traffic,C: Possible Injury,Male,None - Rural Crash,Carteret,No,Thursday,Bicyclist Left Turn / Merge,11.0,July,Bicyclist Left Turn - Same Direction,2011,25.0,No,O: No Injury,Female,Passenger Car,No,34.68856589,-77.07026793,Dry,30 - 35  MPH,No Control Present,Clear,No,0,0,7
Yes,26.0,No,With Traffic,B: Suspected Minor Injury,Male,Raleigh,Wake,No,Friday,Bicyclist Overtaking Motorist,9.0,July,Bicyclist Overtaking - Passing on Right,2011,20.0,No,O: No Injury,Female,Passenger Car,No,35.786243,-78.674946,Dry,20 - 25  MPH,Stop And Go Signal,Clear,No,0,0,7
Yes,51.0,No,With Traffic,B: Suspected Minor Injury,Male,Waxhaw,Union,No,Saturday,Loss of Control / Turning Error,7.0,July,Motorist Turning Error - Left Turn,2011,42.0,No,O: No Injury,Male,Sport Utility,No,34.94688557,-80.77357652,Dry,40 - 45  MPH,Stop And Go Signal,Clear,No,0,0,7
Yes,15.0,No,With Traffic,B: Suspected Minor Injury,Male,Charlotte,Mecklenburg,No,Saturday,Motorist Right Turn / Merge,21.0,July,Motorist Right Turn - Same Direction,2011,24.0,No,O: No Injury,Male,"Light Truck (Mini-Van, Panel)",No,35.214036,-80.771206,Dry,30 - 35  MPH,Stop And Go Signal,Clear,No,0,0,7
Yes,3.0,No,Not Applicable,B: Suspected Minor Injury,Male,Jacksonville,Onslow,No,Saturday,Non-Roadway,17.0,July,Non-Roadway,2011,59.0,No,O: No Injury,Female,Passenger Car,No,34.7887637,-77.42686939,Dry,5 - 15 MPH,No Control Present,Clear,No,0,0,7
Yes,17.0,No,Not Applicable,C: Possible Injury,Male,Raleigh,Wake,No,Wednesday,Bicyclist Failed to Yield - Midblock,18.0,July,Bicyclist Ride Out - Other Midblock,2011,33.0,No,O: No Injury,Male,Passenger Car,No,35.785719,-78.54677,Dry,20 - 25  MPH,No Control Present,Clear,No,0,0,7
Yes,57.0,No,With Traffic,B: Suspected Minor Injury,Male,Charlotte,Mecklenburg,No,Monday,Motorist Failed to Yield - Midblock,13.0,July,Motorist Drive Out - Commercial Driveway / Alley,2011,52.0,No,O: No Injury,Female,"Light Truck (Mini-Van, Panel)",No,35.081163,-80.730297,Dry,40 - 45  MPH,Stop Sign,Clear,No,0,0,7
No,20.0,No,Not Applicable,C: Possible Injury,Male,Rutherfordton,Rutherford,No,Monday,Non-Roadway,18.0,July,Non-Roadway,2011,26.0,No,O: No Injury,Male,Passenger Car,No,35.36216926,-81.94285499,Dry,30 - 35  MPH,No Control Present,Clear,No,0,0,7
Yes,56.0,Unknown,With Traffic,B: Suspected Minor Injury,Male,Wilmington,New Hanover,No,Monday,Motorist Overtaking Bicyclist,17.0,July,Motorist Overtaking - Other / Unknown,2011,85.0,No,O: No Injury,Male,Passenger Car,No,34.2196601,-77.86168011,Dry,30 - 35  MPH,No Control Present,Clear,No,0,0,7
No,10.0,No,With Traffic,Unknown Injury,Unknown,Cramerton,Gaston,No,Tuesday,Motorist Overtaking Bicyclist,11.0,July,Motorist Overtaking - Other / Unknown,2011,42.03850604944766,Missing,Unknown Injury,Unknown,Unknown,Yes,35.24773893,-81.08183987,Dry,30 - 35  MPH,No Control Present,Cloudy,No,1,0,7
Yes,55.0,No,With Traffic,A: Suspected Serious Injury,Male,None - Rural Crash,Edgecombe,No,Sunday,Motorist Overtaking Bicyclist,6.0,July,Motorist Overtaking - Other / Unknown,2011,75.0,No,O: No Injury,Male,Pickup,No,35.96194164,-77.65857319,Dry,50 - 55  MPH,No Control Present,Cloudy,No,0,0,7
Yes,41.0,No,Facing Traffic,A: Suspected Serious Injury,Female,None - Rural Crash,New Hanover,No,Saturday,Motorist Failed to Yield - Midblock,13.0,July,Motorist Drive Out - Other Midblock,2011,55.0,No,O: No Injury,Female,Sport Utility,No,34.07940507,-77.89463652,Dry,40 - 45  MPH,No Control Present,Clear,No,0,0,7
Yes,50.0,No,With Traffic,B: Suspected Minor Injury,Female,None - Rural Crash,Currituck,No,Saturday,Motorist Overtaking Bicyclist,5.0,July,Motorist Overtaking - Undetected Bicyclist,2011,46.0,No,O: No Injury,Male,"Single Unit Truck (2-Axle, 6-Tire)",No,36.30074485,-76.20223565,Dry,50 - 55  MPH,No Control Present,Clear,No,0,0,7
Yes,14.0,No,With Traffic,A: Suspected Serious Injury,Male,None - Rural Crash,Onslow,No,Sunday,Bicyclist Right Turn / Merge,20.0,July,Bicyclist Right Turn - Same Direction,2011,46.0,No,O: No Injury,Female,Passenger Car,No,34.74419507,-77.4895239,Dry,40 - 45  MPH,No Control Present,Clear,No,0,0,7
No,14.0,No,With Traffic,B: Suspected Minor Injury,Male,Lumberton,Robeson,No,Sunday,Bicyclist Left Turn / Merge,19.0,July,Bicyclist Left Turn - Opposite Direction,2011,72.0,No,O: No Injury,Male,Passenger Car,No,34.61149385,-78.97539447,Wet,30 - 35  MPH,No Control Present,Rain,No,0,0,7
No,44.0,No,Facing Traffic,C: Possible Injury,Male,Concord,Cabarrus,No,Thursday,Motorist Failed to Yield - Midblock,16.0,July,Motorist Drive Out - Commercial Driveway / Alley,2011,29.0,No,O: No Injury,Male,Passenger Car,No,35.44143799,-80.60789313,Dry,Unknown,No Control Present,Cloudy,No,0,0,7
Yes,10.0,No,Not Applicable,B: Suspected Minor Injury,Female,Charlotte,Mecklenburg,No,Thursday,Crossing Paths - Other Circumstances,13.0,July,Crossing Paths - Intersection - Other / Unknown,2011,45.0,No,O: No Injury,Male,Passenger Car,No,35.082038,-80.832559,Dry,5 - 15 MPH,Stop Sign,Clear,No,0,0,7
Yes,67.0,No,With Traffic,B: Suspected Minor Injury,Male,None - Rural Crash,Brunswick,No,Monday,Motorist Overtaking Bicyclist,9.0,July,Motorist Overtaking - Misjudged Space,2011,27.0,No,O: No Injury,Male,Van,No,33.94057562,-78.02448917,Dry,40 - 45  MPH,"Double Yellow Line, No Passing Zone",Cloudy,No,0,0,7
Yes,38.0,No,With Traffic,B: Suspected Minor Injury,Female,Fletcher,Henderson,No,Friday,Loss of Control / Turning Error,10.0,July,Bicyclist Turning Error - Left Turn,2011,33.0,No,O: No Injury,Male,Pickup,No,35.44047134,-82.47483039,Dry,20 - 25  MPH,No Control Present,Clear,No,0,0,7
Yes,10.0,No,Not Applicable,B: Suspected Minor Injury,Male,Charlotte,Mecklenburg,No,Saturday,Non-Roadway,18.0,July,Non-Roadway,2011,21.0,No,O: No Injury,Female,Passenger Car,No,35.295208,-80.727077,Dry,5 - 15 MPH,No Control Present,Clear,No,0,0,7
Yes,72.0,No,With Traffic,K: Killed,Male,Carrboro,Orange,No,Saturday,Motorist Overtaking Bicyclist,10.0,July,Motorist Overtaking - Bicyclist Swerved,2011,70.0,No,O: No Injury,Male,Passenger Car,No,35.91006101,-79.07449284,Dry,20 - 25  MPH,No Control Present,Clear,No,0,0,7
Yes,40.0,Unknown,Facing Traffic,C: Possible Injury,Male,Wilmington,New Hanover,No,Saturday,Bicyclist Failed to Yield - Signalized Intersection,2.0,July,Bicyclist Ride Out - Signalized  Intersection,2011,38.0,No,O: No Injury,Male,Passenger Car,No,34.22545438,-77.94475219,Dry,30 - 35  MPH,Stop And Go Signal,Clear,No,0,0,7
Yes,22.0,No,With Traffic,A: Suspected Serious Injury,Male,Asheboro,Randolph,No,Sunday,Motorist Overtaking Bicyclist,20.0,July,Motorist Overtaking - Other / Unknown,2011,42.03850604944766,Missing,Unknown Injury,Unknown,Unknown,Yes,35.76328571,-79.80645901,"Water (Standing, Moving)",40 - 45  MPH,No Control Present,Clear,No,1,0,7
Yes,37.0,No,With Traffic,C: Possible Injury,Male,Boone,Watauga,No,Tuesday,Other / Unusual Circumstances,23.0,July,Bicycle Only,2011,42.03850604944766,Missing,Unknown Injury,Unknown,Unknown,No,36.21742888,-81.68160808,Dry,Unknown,"Double Yellow Line, No Passing Zone",Clear,No,1,0,7
No,12.0,No,Facing Traffic,C: Possible Injury,Male,None - Rural Crash,New Hanover,No,Tuesday,Bicyclist Failed to Yield - Sign-Controlled Intersection,18.0,July,Bicyclist Ride Through - Sign-Controlled Intersection,2011,57.0,No,O: No Injury,Male,Pickup,No,34.31164726,-77.88223308,Wet,30 - 35  MPH,Stop Sign,Cloudy,No,0,0,7
No,30.0,Unknown,With Traffic,Unknown Injury,Male,High Point,Guilford,No,Monday,Motorist Left Turn / Merge,23.0,July,Motorist Left Turn - Opposite Direction,2011,42.03850604944766,Missing,Unknown Injury,Unknown,Passenger Car,Yes,35.95387139,-79.99290491,Dry,30 - 35  MPH,No Control Present,Cloudy,No,1,0,7
Yes,42.0,No,Facing Traffic,C: Possible Injury,Female,Duck,Dare,No,Tuesday,Motorist Failed to Yield - Midblock,10.0,July,Motorist Drive Out - Other Midblock,2011,58.0,No,O: No Injury,Male,Pickup,No,36.1831477,-75.75718187,Dry,30 - 35  MPH,Stop Sign,Clear,No,0,0,7
No,13.0,No,With Traffic,O: No Injury,Male,Raleigh,Wake,No,Tuesday,Bicyclist Left Turn / Merge,14.0,July,Bicyclist Left Turn - Same Direction,2011,54.0,No,O: No Injury,Female,Passenger Car,No,35.882965,-78.679194,Dry,30 - 35  MPH,Stop And Go Signal,Clear,No,0,0,7
Yes,57.0,Unknown,With Traffic,K: Killed,Male,None - Rural Crash,Onslow,No,Wednesday,Motorist Overtaking Bicyclist,16.0,July,Motorist Overtaking - Bicyclist Swerved,2011,52.0,No,O: No Injury,Male,Motorcycle,No,34.75513807,-77.5516687,Dry,50 - 55  MPH,No Control Present,Clear,No,0,0,7
No,34.0,No,Facing Traffic,C: Possible Injury,Male,Wilmington,New Hanover,No,Friday,Crossing Paths - Other Circumstances,21.0,July,Signalized Intersection - Other / Unknown,2011,42.03850604944766,Missing,Unknown Injury,Unknown,Unknown,Yes,34.2048044,-77.9241274,Dry,Unknown,Stop And Go Signal,Clear,No,1,0,7
No,30.0,No,With Traffic,C: Possible Injury,Male,Durham,Durham,No,Thursday,Motorist Right Turn / Merge,18.0,July,Motorist Right Turn - Same Direction,2011,42.03850604944766,Missing,Unknown Injury,Unknown,Sport Utility,Yes,35.947929,-78.923815,Dry,40 - 45  MPH,Stop And Go Signal,Clear,No,1,0,7
Yes,20.0,No,With Traffic,B: Suspected Minor Injury,Female,Raleigh,Wake,No,Wednesday,Loss of Control / Turning Error,23.0,July,Bicyclist Lost Control - Other / Unknown,2011,33.0,No,O: No Injury,Male,Passenger Car,No,35.836596,-78.621603,Dry,30 - 35  MPH,Stop Sign,Clear,No,0,0,7
No,17.0,No,With Traffic,O: No Injury,Male,Cary,Wake,No,Wednesday,Motorist Failed to Yield - Sign-Controlled Intersection,16.0,June,Motorist Drive Out - Sign-Controlled Intersection,2011,42.03850604944766,Missing,Unknown Injury,Unknown,Unknown,Yes,35.776983,-78.834865,Dry,Unknown,Stop Sign,Clear,No,1,0,6
No,19.0,No,With Traffic,C: Possible Injury,Female,Duck,Dare,No,Tuesday,Motorist Failed to Yield - Sign-Controlled Intersection,15.0,July,Motorist Drive Out - Sign-Controlled Intersection,2011,68.0,No,O: No Injury,Male,Passenger Car,No,36.15782261,-75.74961614,Dry,5 - 15 MPH,Stop Sign,Clear,No,0,0,7
Yes,56.0,No,Not Applicable,C: Possible Injury,Male,Holly Springs,Wake,No,Friday,Bicyclist Failed to Yield - Midblock,9.0,July,Bicyclist Ride Out - Residential Driveway,2011,37.0,No,O: No Injury,Female,Passenger Car,No,35.646455,-78.835319,Dry,30 - 35  MPH,No Control Present,Clear,No,0,0,7
No,38.0,No,Not Applicable,C: Possible Injury,Male,None - Rural Crash,Hyde,No,Thursday,Bicyclist Failed to Yield - Midblock,12.0,July,Bicyclist Ride Out - Residential Driveway,2011,62.0,No,B: Suspected Minor Injury,Male,Motorcycle,No,35.11021317,-75.97738327,Dry,20 - 25  MPH,No Control Present,Clear,No,0,0,7
Yes,18.0,No,With Traffic,B: Suspected Minor Injury,Male,None - Rural Crash,New Hanover,No,Saturday,Backing Vehicle,17.0,July,Backing Vehicle,2011,80.0,No,O: No Injury,Female,Passenger Car,No,34.25867109,-77.86040372,Dry,30 - 35  MPH,No Control Present,Clear,No,0,0,7
No,17.0,No,Not Applicable,O: No Injury,Male,None - Rural Crash,Cumberland,No,Wednesday,Bicyclist Failed to Yield - Midblock,16.0,July,Bicyclist Ride Out - Other Midblock,2011,62.0,No,O: No Injury,Male,Sport Utility,No,34.99952412,-78.89780578,Dry,40 - 45  MPH,No Control Present,Clear,No,0,0,7
No,28.0,Unknown,With Traffic,C: Possible Injury,Male,Asheville,Buncombe,No,Wednesday,Motorist Left Turn / Merge,0.0,June,Motorist Left Turn - Opposite Direction,2011,37.0,Unknown,O: No Injury,Female,Passenger Car,No,35.54184051,-82.53243899,Wet,40 - 45  MPH,No Control Present,Rain,No,0,0,6
No,47.0,No,Facing Traffic,B: Suspected Minor Injury,Female,Lumberton,Robeson,No,Saturday,Bicyclist Failed to Yield - Signalized Intersection,18.0,July,Bicyclist Ride Through - Signalized Intersection,2011,56.0,No,O: No Injury,Male,Passenger Car,No,34.6153949,-79.06855794,Dry,30 - 35  MPH,Stop And Go Signal,Clear,No,0,0,7
Yes,52.0,No,With Traffic,C: Possible Injury,Male,Charlotte,Mecklenburg,Yes,Saturday,Motorist Overtaking Bicyclist,0.0,July,Motorist Overtaking - Undetected Bicyclist,2011,22.0,Yes,O: No Injury,Male,Passenger Car,No,35.21561,-80.81545,Dry,30 - 35  MPH,No Control Present,Cloudy,No,0,0,7
Yes,10.0,No,Not Applicable,B: Suspected Minor Injury,Male,Charlotte,Mecklenburg,No,Saturday,Non-Roadway,20.0,July,Non-Roadway,2011,40.0,No,O: No Injury,Male,Pickup,No,35.272987,-80.772105,Dry,5 - 15 MPH,No Control Present,Clear,No,0,0,7
Yes,37.0,No,With Traffic,C: Possible Injury,Male,Pinehurst,Moore,No,Saturday,Motorist Left Turn / Merge,9.0,July,Motorist Left Turn - Opposite Direction,2011,52.0,No,O: No Injury,Male,Passenger Car,No,35.20060943,-79.46840358,Dry,20 - 25  MPH,Stop Sign,Clear,No,0,0,7