AmbulanceR,BikeAge,BikeAlcFlg,BikeDir,BikeInjury,BikeSex,City,County,CrashAlcoh,CrashDay,CrashGrp,CrashHour,CrashMonth,CrashType,CrashYear,DrvrAge,DrvrAlcFlg,DrvrInjury,DrvrSex,DrvrVehTyp,HitRun,Latitude,Longitude,RdConditio,SpeedLimit,TraffCntrl,Weather,Workzone,DrvrAgeImputedFlag,BikeAgeImputedFlag,MonthCode
No,37.0,No,With Traffic,Unknown Injury,Female,Charlotte,Mecklenburg,No,Sunday,Motorist Failed to Yield - Sign-Controlled Intersection,1.0,July,Motorist Drive Out - Sign-Controlled Intersection,2011,42.03850604944766,Missing,Unknown Injury,Unknown,Unknown,Yes,35.218266,-80.811122,Dry,30 - 35  MPH,Stop Sign,Clear,No,1,0,7
Yes,16.0,No,Facing Traffic,B: Suspected Minor Injury,Male,Fayetteville,Cumberland,No,Tuesday,Motorist Right Turn / Merge,21.0,July,Motorist Right Turn - Opposite Direction,2011,26.0,No,O: No Injury,Male,Passenger Car,No,35.02571854,-78.94228942,Dry,40 - 45  MPH,Stop And Go Signal,Clear,No,0,0,7
Yes,26.0,No,With Traffic,C: Possible Injury,Male,Goldsboro,Wayne,No,Wednesday,Motorist Failed to Yield - Midblock,17.0,July,Motorist Drive Out - Commercial Driveway / Alley,2011,62.0,No,O: No Injury,Female,Pickup,No,35.38161561,-77.98620627,Dry,Unknown,No Control Present,Clear,No,0,0,7
Yes,50.0,No,Facing Traffic,B: Suspected Minor Injury,Male,None - Rural Crash,Johnston,No,Monday,Head-On,21.0,August,Head-On - Bicyclist,2011,57.0,No,O: No Injury,Male,Van,No,35.31494536,-78.45771219,Dry,50 - 55  MPH,"Double Yellow Line, No Passing Zone",Clear,No,0,0,8
No,40.0,No,With Traffic,C: Possible Injury,Male,Fayetteville,Cumberland,No,Wednesday,Motorist Failed to Yield - Sign-Controlled Intersection,6.0,July,Motorist Drive Out - Sign-Controlled Intersection,2011,22.0,No,O: No Injury,Male,Passenger Car,No,35.02065694,-78.94011577,Dry,30 - 35  MPH,Stop Sign,Cloudy,No,0,0,7
Yes,32.0,No,With Traffic,O: No Injury,Male,Raleigh,Wake,No,Saturday,Parallel Paths - Other Circumstances,5.0,July,Parallel Paths - Other / Unknown,2011,20.0,No,O: No Injury,Male,"Light Truck (Mini-Van, Panel)",Yes,35.77827,-78.639194,Dry,5 - 15 MPH,No Control Present,Clear,No,0,0,7
Yes,26.0,No,With Traffic,B: Suspected Minor Injury,Male,Elizabeth City,Pasquotank,No,Monday,Motorist Failed to Yield - Sign-Controlled Intersection,15.0,July,Motorist Drive Out - Sign-Controlled Intersection,2011,27.0,Unknown,O: No Injury,Male,Passenger Car,Yes,36.267452,-76.199106,Dry,40 - 45  MPH,Stop Sign,Clear,No,0,0,7
No,51.0,No,With Traffic,B: Suspected Minor Injury,Male,Cary,Wake,No,Monday,Motorist Right Turn / Merge,7.0,July,Motorist Right Turn - Same Direction,2011,41.0,No,O: No Injury,Male,Passenger Car,No,35.803003,-78.78676,Dry,20 - 25  MPH,Stop Sign,Clear,No,0,0,7
Yes,12.0,No,With Traffic,B: Suspected Minor Injury,Male,Charlotte,Mecklenburg,No,Tuesday,Bicyclist Left Turn / Merge,13.0,July,Bicyclist Left Turn - Opposite Direction,2011,74.0,No,O: No Injury,Male,Passenger Car,No,35.20113,-80.731369,Dry,30 - 35  MPH,No Control Present,Clear,No,0,0,7
Yes,61.0,No,With Traffic,B: Suspected Minor Injury,Male,Concord,Cabarrus,No,Thursday,Motorist Failed to Yield - Sign-Controlled Intersection,18.0,July,Motorist Drive Out - Sign-Controlled Intersection,2011,68.0,No,O: No Injury,Female,Passenger Car,No,35.3962444,-80.5677951,Dry,30 - 35  MPH,Stop Sign,Clear,No,0,0,7
Yes,22.0,No,Facing Traffic,B: Suspected Minor Injury,Male,Charlotte,Mecklenburg,No,Friday,Motorist Failed to Yield - Sign-Controlled Intersection,17.0,July,Motorist Drive Out - Sign-Controlled Intersection,2011,64.0,No,O: No Injury,Male,Van,No,35.278833,-80.775891,Dry,20 - 25  MPH,No Control Present,Clear,No,0,0,7
No,14.0,No,With Traffic,C: Possible Injury,Male,Charlotte,Mecklenburg,No,Saturday,Bicyclist Overtaking Motorist,16.0,June,Bicyclist Overtaking - Other / Unknown,2011,42.03850604944766,Missing,Unknown Injury,Unknown,Passenger Car,No,35.3863,-80.764237,Dry,20 - 25  MPH,No Control Present,Clear,No,1,0,6
Yes,31.0,No,With Traffic,A: Suspected Serious Injury,Male,Charlotte,Mecklenburg,Yes,Thursday,Motorist Overtaking Bicyclist,21.0,July,Motorist Overtaking - Misjudged Space,2011,42.0,Yes,O: No Injury,Male,Sport Utility,Yes,35.224069,-80.88613,Wet,40 - 45  MPH,No Control Present,Rain,No,0,0,7
Yes,32.52649525389365,Missing,With Traffic,Unknown Injury,Unknown,Wilmington,New Hanover,No,Wednesday,Bicyclist Left Turn / Merge,12.0,July,Bicyclist Left Turn - Same Direction,2011,38.0,No,O: No Injury,Female,Passenger Car,No,34.19299342,-77.91980648,Dry,40 - 45  MPH,No Control Present,Clear,No,0,1,7
Yes,42.0,Yes,With Traffic,B: Suspected Minor Injury,Male,Tabor City,Columbus,Yes,Saturday,Motorist Overtaking Bicyclist,0.0,July,Motorist Overtaking - Other / Unknown,2011,44.0,No,O: No Injury,Male,Pickup,No,34.13981495,-78.86929896,Dry,50 - 55  MPH,No Control Present,Clear,No,0,0,7
Yes,46.0,No,With Traffic,C: Possible Injury,Female,Charlotte,Mecklenburg,No,Saturday,Motorist Overtaking Bicyclist,3.0,July,Motorist Overtaking - Misjudged Space,2011,42.03850604944766,Missing,Unknown Injury,Unknown,Unknown,Yes,35.29455,-80.838961,Dry,40 - 45  MPH,No Control Present,Clear,No,1,0,7
No,13.0,No,With Traffic,C: Possible Injury,Male,Charlotte,Mecklenburg,No,Monday,Loss of Control / Turning Error,15.0,July,"Bicyclist Lost Control - Oversteering, Improper Braking, Speed",2011,37.0,No,C: Possible Injury,Female,Passenger Car,No,35.22514,-80.843126,Dry,5 - 15 MPH,No Control Present,Cloudy,No,0,0,7
No,48.0,No,Facing Traffic,C: Possible Injury,Male,Winston-Salem,Forsyth,No,Thursday,Motorist Failed to Yield - Midblock,12.0,July,Motorist Drive Out - Commercial Driveway / Alley,2011,22.0,No,O: No Injury,Female,Pickup,No,36.08251996,-80.25759724,Dry,Unknown,No Control Present,Clear,No,0,0,7
Yes,61.0,No,Not Applicable,C: Possible Injury,Male,High Point,Guilford,No,Saturday,Bicyclist Failed to Yield - Midblock,16.0,July,Bicyclist Ride Out - Commercial Driveway / Alley,2011,37.0,No,O: No Injury,Female,Sport Utility,No,35.98016133,-79.98001064,Dry,30 - 35  MPH,No Control Present,Cloudy,No,0,0,7
Yes,55.0,Yes,With Traffic,C: Possible Injury,Male,Edenton,Chowan,Yes,Saturday,Bicyclist Failed to Yield - Sign-Controlled Intersection,2.0,July,Bicyclist Ride Through - Sign-Controlled Intersection,2011,54.0,No,O: No Injury,Female,Sport Utility,No,36.06348877,-76.61042492,Dry,30 - 35  MPH,Flashing Signal With Stop Sign,Clear,No,0,0,7
Yes,56.0,No,Facing Traffic,C: Possible Injury,Male,High Point,Guilford,No,Monday,Bicyclist Failed to Yield - Signalized Intersection,10.0,July,Bicyclist Ride Through - Signalized Intersection,2011,51.0,No,O: No Injury,Female,Other Bus,No,35.95779786,-80.00845302,Dry,30 - 35  MPH,Stop And Go Signal,Clear,No,0,0,7
Yes,33.0,Unknown,With Traffic,B: Suspected Minor Injury,Male,Raleigh,Wake,No,Monday,Parallel Paths - Other Circumstances,20.0,August,Parallel Paths - Other / Unknown,2011,42.03850604944766,Missing,Unknown Injury,Unknown,Unknown,Yes,35.89015,-78.697605,Dry,40 - 45  MPH,No Control Present,Clear,No,1,0,8
Yes,29.0,No,With Traffic,C: Possible Injury,Male,Raleigh,Wake,No,Wednesday,Motorist Left Turn / Merge,16.0,August,Motorist Left Turn - Opposite Direction,2011,21.0,No,O: No Injury,Female,Passenger Car,No,35.793124,-78.672978,Dry,30 - 35  MPH,No Control Present,Clear,No,0,0,8
Yes,18.0,No,With Traffic,C: Possible Injury,Female,Raleigh,Wake,No,Wednesday,Motorist Failed to Yield - Sign-Controlled Intersection,21.0,August,Motorist Drive Out - Sign-Controlled Intersection,2011,63.0,No,O: No Injury,Male,Sport Utility,No,35.886996,-78.733789,Dry,30 - 35  MPH,Stop Sign,Clear,No,0,0,8
Yes,8.0,No,Not Applicable,A: Suspected Serious Injury,Male,None - Rural Crash,Granville,No,Friday,Bicyclist Failed to Yield - Midblock,19.0,August,Bicyclist Ride Out - Residential Driveway,2011,27.0,No,O: No Injury,Female,Passenger Car,No,36.30042534,-78.79389777,Dry,50 - 55  MPH,No Control Present,Clear,No,0,0,8
Yes,14.0,No,With Traffic,C: Possible Injury,Male,Albemarle,Stanly,No,Friday,Motorist Failed to Yield - Sign-Controlled Intersection,9.0,July,Motorist Drive Out - Sign-Controlled Intersection,2011,53.0,No,O: No Injury,Female,Passenger Car,No,35.38745566,-80.19449198,Dry,20 - 25  MPH,Stop Sign,Clear,No,0,0,7
Yes,21.0,No,Facing Traffic,C: Possible Injury,Male,Raleigh,Wake,No,Monday,Motorist Failed to Yield - Sign-Controlled Intersection,14.0,August,Motorist Drive Out - Sign-Controlled Intersection,2011,20.0,No,O: No Injury,Female,Sport Utility,No,35.824353,-78.569208,Dry,30 - 35  MPH,Stop Sign,Clear,No,0,0,8
No,56.0,No,With Traffic,B: Suspected Minor Injury,Male,None - Rural Crash,Bladen,No,Monday,Motorist Overtaking Bicyclist,18.0,August,Motorist Overtaking - Other / Unknown,2011,42.03850604944766,Missing,Unknown Injury,Unknown,Passenger Car,Yes,34.62808145,-78.66302067,Dry,50 - 55  MPH,No Control Present,Clear,No,1,0,8
Yes,18.0,No,With Traffic,B: Suspected Minor Injury,Male,Charlotte,Mecklenburg,No,Tuesday,Bicyclist Left Turn / Merge,20.0,July,Bicyclist Left Turn - Same Direction,2011,40.0,No,O: No Injury,Female,Passenger Car,No,35.295401,-80.814595,Dry,30 - 35  MPH,No Control Present,Clear,No,0,0,7
No,16.0,No,Facing Traffic,C: Possible Injury,Male,Chapel Hill,Orange,No,Tuesday,Motorist Failed to Yield - Midblock,15.0,July,Motorist Drive Out - Commercial Driveway / Alley,2011,19.0,No,O: No Injury,Female,Passenger Car,No,35.91188048,-79.05874986,Dry,5 - 15 MPH,No Control Present,Clear,No,0,0,7
Yes,50.0,No,With Traffic,C: Possible Injury,Male,Carolina Beach,New Hanover,No,Sunday,Motorist Failed to Yield - Midblock,9.0,July,Motorist Drive Out - Other Midblock,2011,36.0,No,O: No Injury,Male,Passenger Car,No,34.01814077,-77.89871193,Dry,30 - 35  MPH,No Control Present,Clear,No,0,0,7
Yes,15.0,Yes,With Traffic,B: Suspected Minor Injury,Male,Charlotte,Mecklenburg,Yes,Monday,Motorist Right Turn / Merge,20.0,August,Motorist Right Turn - Same Direction,2011,20.0,No,O: No Injury,Male,Sport Utility,No,35.237259,-80.798862,Dry,30 - 35  MPH,Stop Sign,Clear,No,0,0,8
No,32.0,No,Not Applicable,O: No Injury,Male,Wilmington,New Hanover,No,Saturday,Bicyclist Failed to Yield - Midblock,21.0,July,Bicyclist Ride Out - Other Midblock,2011,30.0,No,O: No Injury,Female,Passenger Car,No,34.22013331,-77.81618003,Dry,40 - 45  MPH,No Control Present,Clear,No,0,0,7
Yes,40.0,No,With Traffic,C: Possible Injury,Male,None - Rural Crash,Moore,No,Wednesday,Motorist Overtaking Bicyclist,7.0,August,Motorist Overtaking - Misjudged Space,2011,64.0,No,O: No Injury,Male,Passenger Car,No,35.24339793,-79.35186498,Dry,50 - 55  MPH,"Double Yellow Line, No Passing Zone",Clear,No,0,0,8
Yes,20.0,Yes,With Traffic,B: Suspected Minor Injury,Male,Charlotte,Mecklenburg,Yes,Wednesday,Motorist Overtaking Bicyclist,2.0,August,Motorist Overtaking - Other / Unknown,2011,42.03850604944766,Missing,Unknown Injury,Unknown,Unknown,Yes,35.264566,-80.975336,Dry,40 - 45  MPH,No Control Present,Clear,No,1,0,8
No,55.0,No,With Traffic,O: No Injury,Male,Troutman,Iredell,No,Saturday,Backing Vehicle,10.0,July,Backing Vehicle,2011,35.0,No,O: No Injury,Male,Pickup,No,35.71135686,-80.89281001,Dry,Unknown,No Control Present,Cloudy,No,0,0,7
Yes,39.0,No,Facing Traffic,C: Possible Injury,Female,Chapel Hill,Orange,No,Thursday,Motorist Failed to Yield - Sign-Controlled Intersection,16.0,August,Motorist Drive Out - Sign-Controlled Intersection,2011,54.0,No,O: No Injury,Male,Passenger Car,No,35.90737355,-79.02094376,Dry,20 - 25  MPH,No Control Present,Clear,No,0,0,8
Yes,43.0,Yes,With Traffic,K: Killed,Male,Gibsonville,Alamance,Yes,Sunday,Motorist Overtaking Bicyclist,20.0,July,Motorist Overtaking - Other / Unknown,2011,28.0,Unknown,O: No Injury,Male,Unknown,Yes,36.10032824,-79.53355953,Dry,30 - 35  MPH,Stop Sign,Cloudy,No,0,0,7
No,63.0,No,Facing Traffic,C: Possible Injury,Male,Winston-Salem,Forsyth,No,Friday,Motorist Failed to Yield - Midblock,16.0,July,Motorist Drive Out - Commercial Driveway / Alley,2011,20.0,No,O: No Injury,Female,Sport Utility,No,36.09350742,-80.27930107,Dry,30 - 35  MPH,No Control Present,Clear,No,0,0,7
Yes,45.0,No,With Traffic,B: Suspected Minor Injury,Female,None - Rural Crash,Union,No,Thursday,Motorist Failed to Yield - Sign-Controlled Intersection,12.0,August,Motorist Drive Out - Sign-Controlled Intersection,2011,34.0,No,O: No Injury,Male,Pickup,No,34.95720244,-80.60264813,Dry,40 - 45  MPH,Stop Sign,Clear,No,0,0,8
Yes,7.0,No,Not Applicable,B: Suspected Minor Injury,Male,None - Rural Crash,Pasquotank,No,Wednesday,Bicyclist Failed to Yield - Midblock,15.0,August,Bicyclist Ride Out - Commercial Driveway / Alley,2011,72.0,No,O: No Injury,Male,Sport Utility,No,36.41222744,-76.33488709,Dry,50 - 55  MPH,No Control Present,Clear,No,0,0,8
Yes,50.0,No,With Traffic,A: Suspected Serious Injury,Female,Summerfield,Guilford,No,Friday,Motorist Left Turn / Merge,18.0,August,Motorist Left Turn - Opposite Direction,2011,36.0,No,O: No Injury,Female,"Light Truck (Mini-Van, Panel)",No,36.20943755,-79.82592261,Wet,40 - 45  MPH,"Double Yellow Line, No Passing Zone",Rain,No,0,0,8
No,13.0,No,Facing Traffic,Unknown Injury,Male,Grimesland,Pitt,No,Tuesday,Motorist Failed to Yield - Sign-Controlled Intersection,11.0,August,Motorist Drive Out - Sign-Controlled Intersection,2011,33.0,No,O: No Injury,Female,Passenger Car,No,35.56508315,-77.19547751,Dry,30 - 35  MPH,Warning Sign,Clear,No,0,0,8
Yes,12.0,No,With Traffic,B: Suspected Minor Injury,Female,None - Rural Crash,Hertford,No,Sunday,Bicyclist Failed to Yield - Sign-Controlled Intersection,11.0,August,Bicyclist Ride Through - Sign-Controlled Intersection,2011,20.0,No,O: No Injury,Female,Passenger Car,No,36.25545928,-76.98775131,Dry,50 - 55  MPH,Stop Sign,Clear,No,0,0,8
Yes,36.0,No,With Traffic,A: Suspected Serious Injury,Male,None - Rural Crash,Buncombe,No,Sunday,Motorist Left Turn / Merge,17.0,August,Motorist Left Turn - Opposite Direction,2011,44.0,No,O: No Injury,Female,Sport Utility,No,35.63290153,-82.41839085,Dry,30 - 35  MPH,"Double Yellow Line, No Passing Zone",Clear,No,0,0,8
Yes,26.0,No,With Traffic,B: Suspected Minor Injury,Male,Durham,Durham,No,Thursday,Bicyclist Failed to Yield - Sign-Controlled Intersection,17.0,August,Bicyclist Ride Out - Sign-Controlled Intersection,2011,25.0,No,Unknown Injury,Female,Sport Utility,No,35.973964,-78.931929,Dry,30 - 35  MPH,Stop Sign,Clear,No,0,0,8
Yes,19.0,No,With Traffic,B: Suspected Minor Injury,Male,Charlotte,Mecklenburg,No,Monday,Motorist Right Turn / Merge,14.0,August,Motorist Right Turn on Red - Same Direction,2011,49.0,No,O: No Injury,Female,Pickup,No,35.241068,-80.796743,Dry,30 - 35  MPH,Stop And Go Signal,Clear,No,0,0,8
No,21.0,No,With Traffic,O: No Injury,Male,Raleigh,Wake,No,Saturday,Bicyclist Overtaking Motorist,23.0,August,Bicyclist Overtaking - Passing on Right,2011,48.0,No,O: No Injury,Male,Passenger Car,No,35.775592,-78.639346,Dry,30 - 35  MPH,Stop And Go Signal,Clear,No,0,0,8
Yes,12.0,No,With Traffic,B: Suspected Minor Injury,Male,Raleigh,Wake,No,Sunday,Bicyclist Failed to Yield - Sign-Controlled Intersection,19.0,August,Bicyclist Ride Through - Sign-Controlled Intersection,2011,26.0,No,O: No Injury,Male,Passenger Car,Yes,35.768833,-78.602234,Dry,20 - 25  MPH,Stop Sign,Clear,No,0,0,8
Yes,14.0,No,With Traffic,C: Possible Injury,Male,None - Rural Crash,New Hanover,No,Sunday,Bicyclist Left Turn / Merge,14.0,August,Bicyclist Left Turn - Same Direction,2011,48.0,No,O: No Injury,Male,Pickup,No,34.13515108,-77.87706703,Dry,40 - 45  MPH,"Double Yellow Line, No Passing Zone",Clear,No,0,0,8
No,17.0,No,Facing Traffic,B: Suspected Minor Injury,Male,Duck,Dare,No,Sunday,Motorist Failed to Yield - Midblock,10.0,July,Motorist Drive Out - Commercial Driveway / Alley,2011,37.0,No,O: No Injury,Female,Sport Utility,No,36.16579092,-75.75330634,Dry,Unknown,No Control Present,Clear,No,0,0,7
Yes,66.0,No,With Traffic,B: Suspected Minor Injury,Male,Wilmington,New Hanover,No,Saturday,Motorist Overtaking Bicyclist,16.0,August,Motorist Overtaking - Bicyclist Swerved,2011,56.0,No,O: No Injury,Male,Passenger Car,No,34.23882707,-77.93314112,Dry,20 - 25  MPH,No Control Present,Clear,No,0,0,8
No,51.0,No,Facing Traffic,B: Suspected Minor Injury,Female,Jacksonville,Onslow,No,Sunday,Motorist Failed to Yield - Midblock,11.0,July,Motorist Drive Out - Commercial Driveway / Alley,2011,42.03850604944766,Missing,Unknown Injury,Unknown,Unknown,Yes,34.76025621,-77.4158396,Dry,Unknown,No Control Present,Clear,No,1,0,7
Yes,17.0,No,With Traffic,C: Possible Injury,Male,Hendersonville,Henderson,No,Wednesday,Bicyclist Left Turn / Merge,11.0,July,Bicyclist Left Turn - Opposite Direction,2011,52.0,No,O: No Injury,Male,Pickup,No,35.30681248,-82.45501152,Dry,30 - 35  MPH,Stop And Go Signal,Clear,No,0,0,7
Yes,25.0,No,With Traffic,B: Suspected Minor Injury,Male,Winston-Salem,Forsyth,No,Monday,Motorist Failed to Yield - Signalized Intersection,9.0,August,Motorist Drive Through - Signalized Intersection,2011,42.03850604944766,Unknown,Unknown Injury,Unknown,Unknown,Yes,36.06983953,-80.27723318,Dry,40 - 45  MPH,Stop And Go Signal,Clear,No,1,0,8
Yes,20.0,No,Facing Traffic,C: Possible Injury,Male,Charlotte,Mecklenburg,No,Monday,Motorist Failed to Yield - Midblock,15.0,August,Motorist Drive Out - Commercial Driveway / Alley,2011,57.0,No,O: No Injury,Female,Sport Utility,No,35.223737,-80.839017,Dry,30 - 35  MPH,No Control Present,Clear,No,0,0,8
No,46.0,No,Not Applicable,O: No Injury,Male,Fayetteville,Cumberland,No,Saturday,Motorist Left Turn / Merge,13.0,August,Motorist Left Turn - Opposite Direction,2011,57.0,No,O: No Injury,Male,Pickup,No,35.09896805,-78.91442627,Dry,40 - 45  MPH,No Control Present,Clear,No,0,0,8
No,23.0,No,With Traffic,B: Suspected Minor Injury,Female,None - Rural Crash,Wake,No,Wednesday,Motorist Overtaking Bicyclist,22.0,July,Motorist Overtaking - Other / Unknown,2011,42.03850604944766,Missing,Unknown Injury,Unknown,Passenger Car,Yes,35.979873,-78.509722,Dry,40 - 45  MPH,"Double Yellow Line, No Passing Zone",Clear,No,1,0,7
Yes,13.0,No,Unknown,C: Possible Injury,Female,Durham,Durham,No,Wednesday,Head-On,2.0,August,Head-On - Unknown,2011,42.03850604944766,Missing,Unknown Injury,Unknown,Passenger Car,Yes,35.984332,-78.904887,Dry,20 - 25  MPH,No Control Present,Clear,No,1,0,8
Yes,34.0,No,With Traffic,C: Possible Injury,Male,Charlotte,Mecklenburg,No,Wednesday,Motorist Left Turn / Merge,18.0,August,Motorist Left Turn - Opposite Direction,2011,53.0,No,O: No Injury,Male,"Light Truck (Mini-Van, Panel)",No,35.200679,-80.842929,Dry,30 - 35  MPH,No Control Present,Clear,No,0,0,8
No,41.0,No,With Traffic,C: Possible Injury,Male,Charlotte,Mecklenburg,No,Thursday,Motorist Right Turn / Merge,8.0,August,Motorist Right Turn - Same Direction,2011,66.0,No,O: No Injury,Male,Passenger Car,No,35.147769,-80.925597,Dry,40 - 45  MPH,No Control Present,Cloudy,No,0,0,8
No,15.0,No,Facing Traffic,C: Possible Injury,Male,Winston-Salem,Forsyth,No,Thursday,Motorist Failed to Yield - Sign-Controlled Intersection,12.0,August,Motorist Drive Out - Sign-Controlled Intersection,2011,50.0,No,O: No Injury,Female,Passenger Car,No,36.07863509,-80.27798319,Dry,30 - 35  MPH,Stop Sign,Clear,No,0,0,8
No,18.0,Unknown,With Traffic,C: Possible Injury,Male,Charlotte,Mecklenburg,No,Wednesday,Loss of Control / Turning Error,16.0,August,"Bicyclist Lost Control - Oversteering, Improper Braking, Speed",2011,56.0,No,O: No Injury,Female,Passenger Car,No,35.233502,-80.823152,Dry,30 - 35  MPH,Stop Sign,Clear,No,0,0,8
No,12.0,No,With Traffic,C: Possible Injury,Male,Charlotte,Mecklenburg,No,Wednesday,Loss of Control / Turning Error,19.0,August,Motorist Turning Error - Left Turn,2011,53.0,No,O: No Injury,Male,Passenger Car,No,35.2427,-80.716794,Dry,20 - 25  MPH,No Control Present,Clear,No,0,0,8
No,3.0,No,Not Applicable,O: No Injury,Unknown,Mount Airy,Surry,No,Saturday,Non-Roadway,14.0,August,Non-Roadway,2011,66.0,No,O: No Injury,Female,Passenger Car,No,36.50566007,-80.60212498,Dry,Unknown,No Control Present,Clear,No,0,0,8
No,17.0,No,With Traffic,C: Possible Injury,Male,Carrboro,Orange,No,Saturday,Motorist Failed to Yield - Midblock,13.0,August,Motorist Drive Out - Commercial Driveway / Alley,2011,42.03850604944766,Unknown,Unknown Injury,Unknown,Unknown,Yes,35.94748088,-79.05869744,Wet,30 - 35  MPH,"Double Yellow Line, No Passing Zone",Cloudy,No,1,0,8
Yes,7.0,No,With Traffic,B: Suspected Minor Injury,Female,Winston-Salem,Forsyth,No,Thursday,Bicyclist Failed to Yield - Sign-Controlled Intersection,20.0,August,Bicyclist Ride Out - Sign-Controlled Intersection,2011,47.0,No,O: No Injury,Male,Passenger Car,No,36.05482809,-80.22093715,Dry,30 - 35  MPH,Stop Sign,Clear,No,0,0,8
No,21.0,No,With Traffic,O: No Injury,Male,Boone,Watauga,No,Saturday,Motorist Overtaking Bicyclist,19.0,August,Motorist Overtaking - Misjudged Space,2011,42.03850604944766,Missing,Unknown Injury,Unknown,Unknown,Yes,36.19800735,-81.6652746,Dry,20 - 25  MPH,"Double Yellow Line, No Passing Zone",Clear,No,1,0,8
No,27.0,No,Facing Traffic,O: No Injury,Male,Raleigh,Wake,No,Friday,Motorist Failed to Yield - Sign-Controlled Intersection,17.0,August,Motorist Drive Out - Sign-Controlled Intersection,2011,59.0,No,O: No Injury,Female,Passenger Car,Yes,35.78922,-78.693828,Dry,30 - 35  MPH,Stop Sign,Clear,No,0,0,8
No,17.0,No,With Traffic,A: Suspected Serious Injury,Male,Wilmington,New Hanover,No,Tuesday,Bicyclist Failed to Yield - Sign-Controlled Intersection,22.0,August,Bicyclist Ride Out - Sign-Controlled Intersection,2011,68.0,No,O: No Injury,Male,Pickup,No,34.24310524,-77.95037586,Dry,20 - 25  MPH,Stop Sign,Clear,No,0,0,8
No,54.0,No,Not Applicable,B: Suspected Minor Injury,Male,Charlotte,Mecklenburg,No,Monday,Bicyclist Failed to Yield - Midblock,15.0,August,Multiple Threat - Midblock,2011,40.0,No,O: No Injury,Male,Pickup,No,35.137828,-80.879297,Dry,30 - 35  MPH,"Double Yellow Line, No Passing Zone",Cloudy,No,0,0,8
No,20.0,No,Facing Traffic,O: No Injury,Male,Raleigh,Wake,No,Wednesday,Motorist Left Turn / Merge,12.0,August,Motorist Left Turn - Same Direction,2011,47.0,No,O: No Injury,Male,Passenger Car,No,35.789274,-78.675051,Dry,30 - 35  MPH,No Control Present,Clear,No,0,0,8
Yes,56.0,Unknown,With Traffic,B: Suspected Minor Injury,Male,Asheville,Buncombe,No,Sunday,Bicyclist Overtaking Motorist,13.0,August,Bicyclist Overtaking - Parked Vehicle,2011,42.03850604944766,Missing,Unknown Injury,Unknown,Passenger Car,No,35.59076161,-82.55898464,Dry,30 - 35  MPH,No Control Present,Clear,No,1,0,8
Yes,14.0,No,With Traffic,A: Suspected Serious Injury,Male,None - Rural Crash,Johnston,No,Monday,Bicyclist Left Turn / Merge,9.0,August,Bicyclist Left Turn - Same Direction,2011,15.0,No,O: No Injury,Male,Pickup,No,35.67907048,-78.42921701,Dry,40 - 45  MPH,"Double Yellow Line, No Passing Zone",Clear,No,0,0,8
No,13.0,No,With Traffic,O: No Injury,Male,Cary,Wake,No,Tuesday,Motorist Failed to Yield - Sign-Controlled Intersection,17.0,August,Motorist Drive Out - Sign-Controlled Intersection,2011,42.03850604944766,Missing,Unknown Injury,Unknown,Unknown,Yes,35.856864,-78.89793,Dry,Unknown,Stop Sign,Clear,No,1,0,8
Yes,10.0,No,With Traffic,B: Suspected Minor Injury,Male,Gastonia,Gaston,No,Monday,Bicyclist Left Turn / Merge,14.0,August,Bicyclist Left Turn - Opposite Direction,2011,63.0,No,O: No Injury,Male,Pickup,No,35.25141575,-81.22306252,Dry,30 - 35  MPH,No Control Present,Clear,No,0,0,8
Yes,14.0,No,Facing Traffic,B: Suspected Minor Injury,Male,Durham,Durham,No,Monday,Motorist Failed to Yield - Sign-Controlled Intersection,14.0,August,Motorist Drive Out - Sign-Controlled Intersection,2011,18.0,No,O: No Injury,Female,Passenger Car,No,35.918475,-78.925258,Dry,5 - 15 MPH,Stop Sign,Clear,No,0,0,8
Yes,18.0,No,Not Applicable,C: Possible Injury,Male,Greenville,Pitt,No,Friday,Bicyclist Failed to Yield - Midblock,12.0,August,Bicyclist Ride Out - Other Midblock,2011,49.0,No,O: No Injury,Female,Van,No,35.60720209,-77.36344203,Dry,5 - 15 MPH,No Control Present,Clear,No,0,0,8
No,9.0,No,Facing Traffic,O: No Injury,Male,Mooresville,Iredell,No,Friday,Crossing Paths - Other Circumstances,15.0,August,Signalized Intersection - Other / Unknown,2011,61.0,No,O: No Injury,Male,Passenger Car,No,35.59534446,-80.81644453,Dry,30 - 35  MPH,Stop And Go Signal,Clear,No,0,0,8
Yes,11.0,No,With Traffic,C: Possible Injury,Female,Greensboro,Guilford,No,Wednesday,Loss of Control / Turning Error,20.0,August,Bicyclist Lost Control - Mechanical Problems,2011,71.0,No,O: No Injury,Male,Pickup,No,36.07320373,-79.74083715,Dry,30 - 35  MPH,Stop Sign,Clear,No,0,0,8
No,24.0,No,With Traffic,O: No Injury,Male,Charlotte,Mecklenburg,No,Friday,Other / Unknown - Insufficient Details,12.0,August,Unknown Approach Paths,2011,42.03850604944766,Missing,Unknown Injury,Unknown,Unknown,Yes,35.253226,-80.780217,Dry,30 - 35  MPH,Stop Sign,Clear,No,1,0,8