AmbulanceR,BikeAge,BikeAlcFlg,BikeDir,BikeInjury,BikeSex,City,County,CrashAlcoh,CrashDay,CrashGrp,CrashHour,CrashMonth,CrashType,CrashYear,DrvrAge,DrvrAlcFlg,DrvrInjury,DrvrSex,DrvrVehTyp,HitRun,Latitude,Longitude,RdConditio,SpeedLimit,TraffCntrl,Weather,Workzone,DrvrAgeImputedFlag,BikeAgeImputedFlag,MonthCode
Yes,42.0,No,With Traffic,C: Possible Injury,Female,Durham,Durham,No,Friday,Motorist Left Turn / Merge,11.0,August,Motorist Left Turn - Opposite Direction,2011,19.0,No,O: No Injury,Female,Passenger Car,No,35.905497,-78.917254,Dry,40 - 45  MPH,Stop And Go Signal,Clear,No,0,0,8
Yes,52.0,No,With Traffic,C: Possible Injury,Male,None - Rural Crash,Stokes,No,Friday,Motorist Overtaking Bicyclist,20.0,August,Motorist Overtaking - Misjudged Space,2011,42.03850604944766,Missing,Unknown Injury,Unknown,Passenger Car,Yes,36.31817474,-80.12122366,Dry,40 - 45  MPH,"Double Yellow Line, No Passing Zone",Cloudy,No,1,0,8
Yes,53.0,No,With Traffic,K: Killed,Male,None - Rural Crash,Robeson,No,Friday,Motorist Overtaking Bicyclist,21.0,August,Motorist Overtaking - Other / Unknown,2011,42.03850604944766,Unknown,Unknown Injury,Unknown,Unknown,Yes,34.78262403,-79.31886288,Dry,50 - 55  MPH,No Control Present,Cloudy,No,1,0,8
Yes,30.0,No,Not Applicable,C: Possible Injury,Male,Durham,Durham,No,Friday,Non-Roadway,16.0,August,Non-Roadway,2011,42.03850604944766,Missing,Unknown Injury,Unknown,Passenger Car,Yes,35.902161,-78.895588,Dry,20 - 25  MPH,No Control Present,Clear,No,1,0,8
Yes,40.0,No,With Traffic,B: Suspected Minor Injury,Male,None - Rural Crash,Craven,No,Monday,Motorist Overtaking Bicyclist,1.0,August,Motorist Overtaking - Other / Unknown,2011,42.03850604944766,Missing,Unknown Injury,Unknown,Passenger Car,Yes,35.09915095,-77.01788354,Dry,50 - 55  MPH,No Control Present,Clear,No,1,0,8
No,30.0,No,With Traffic,B: Suspected Minor Injury,Male,Charlotte,Mecklenburg,No,Tuesday,Motorist Failed to Yield - Signalized Intersection,8.0,August,Motorist Drive Through - Signalized Intersection,2011,22.0,No,B: Suspected Minor Injury,Female,Motorcycle,No,35.225653,-80.845304,Dry,30 - 35  MPH,Stop And Go Signal,Clear,No,0,0,8
No,32.52649525389365,Missing,With Traffic,Unknown Injury,Unknown,Greensboro,Guilford,No,Tuesday,Motorist Right Turn / Merge,21.0,August,Motorist Right Turn - Same Direction,2011,42.03850604944766,Unknown,Unknown Injury,Unknown,Truck/Trailer,Yes,36.05221308,-79.82259363,Dry,30 - 35  MPH,Stop And Go Signal,Clear,No,1,1,8
Yes,25.0,No,With Traffic,B: Suspected Minor Injury,Male,Charlotte,Mecklenburg,No,Monday,Parallel Paths - Other Circumstances,19.0,August,Bicyclist Ride Out - Parallel Path,2011,20.0,No,O: No Injury,Female,Passenger Car,No,35.234346,-80.733159,Dry,40 - 45  MPH,No Control Present,Clear,No,0,0,8
Yes,32.0,No,With Traffic,C: Possible Injury,Male,Durham,Durham,No,Monday,Bicyclist Left Turn / Merge,18.0,August,Bicyclist Left Turn - Same Direction,2011,47.0,No,O: No Injury,Female,Passenger Car,No,35.915148,-78.888819,Wet,30 - 35  MPH,No Control Present,Cloudy,No,0,0,8
Yes,24.0,No,Facing Traffic,C: Possible Injury,Male,Greensboro,Guilford,No,Tuesday,Motorist Failed to Yield - Signalized Intersection,13.0,August,Motorist Drive Out - Signalized Intersection,2011,68.0,No,O: No Injury,Female,Passenger Car,Yes,36.08508042,-79.82123514,Dry,30 - 35  MPH,Stop And Go Signal,Clear,No,0,0,8
Yes,27.0,No,With Traffic,B: Suspected Minor Injury,Female,Charlotte,Mecklenburg,No,Tuesday,Bicyclist Failed to Yield - Signalized Intersection,19.0,August,Bicyclist Ride Through - Signalized Intersection,2011,75.0,No,O: No Injury,Male,Passenger Car,No,35.202892,-80.836015,Dry,30 - 35  MPH,Stop And Go Signal,Clear,No,0,0,8
No,14.0,No,With Traffic,C: Possible Injury,Male,Hamlet,Richmond,No,Tuesday,Bicyclist Failed to Yield - Sign-Controlled Intersection,16.0,August,Bicyclist Ride Through - Sign-Controlled Intersection,2011,19.0,No,O: No Injury,Male,Sport Utility,No,34.88592534,-79.69845945,Dry,30 - 35  MPH,Stop Sign,Clear,No,0,0,8
Yes,15.0,No,Facing Traffic,C: Possible Injury,Female,Duck,Dare,No,Sunday,Motorist Failed to Yield - Sign-Controlled Intersection,12.0,August,Motorist Drive Out - Sign-Controlled Intersection,2011,18.0,No,O: No Injury,Male,Passenger Car,No,36.16388217,-75.75275321,Dry,20 - 25  MPH,Stop Sign,Clear,No,0,0,8
Yes,21.0,No,With Traffic,B: Suspected Minor Injury,Female,Raleigh,Wake,No,Monday,Motorist Left Turn / Merge,12.0,August,Motorist Left Turn - Opposite Direction,2011,19.0,No,O: No Injury,Male,Passenger Car,No,35.78891,-78.673166,Dry,30 - 35  MPH,Stop And Go Signal,Clear,No,0,0,8
Yes,20.0,No,Facing Traffic,B: Suspected Minor Injury,Female,None - Rural Crash,Dare,No,Saturday,Motorist Failed to Yield - Midblock,11.0,August,Motorist Drive Out - Commercial Driveway / Alley,2011,29.0,No,O: No Injury,Female,Passenger Car,No,36.16869218,-75.75533221,Dry,Unknown,No Control Present,Clear,No,0,0,8
No,8.0,No,With Traffic,O: No Injury,Female,Burlington,Alamance,No,Monday,Bicyclist Failed to Yield - Sign-Controlled Intersection,13.0,August,Bicyclist Ride Through - Sign-Controlled Intersection,2011,54.0,No,O: No Injury,Female,Passenger Car,No,36.08841062,-79.44167986,Dry,30 - 35  MPH,Stop Sign,Clear,No,0,0,8
Yes,36.0,No,With Traffic,B: Suspected Minor Injury,Male,Asheville,Buncombe,No,Friday,Motorist Left Turn / Merge,11.0,August,Motorist Left Turn - Opposite Direction,2011,58.0,No,O: No Injury,Male,Pickup,No,35.56645483,-82.54441314,Dry,30 - 35  MPH,No Control Present,Clear,No,0,0,8
Yes,58.0,No,With Traffic,B: Suspected Minor Injury,Male,None - Rural Crash,Cleveland,No,Tuesday,Motorist Failed to Yield - Sign-Controlled Intersection,8.0,August,Motorist Drive Out - Sign-Controlled Intersection,2011,46.0,No,O: No Injury,Male,Pickup,No,35.31992287,-81.49574176,Dry,40 - 45  MPH,Stop Sign,Clear,No,0,0,8
Yes,16.0,No,Not Applicable,B: Suspected Minor Injury,Male,Elon College,Alamance,No,Monday,Non-Roadway,13.0,August,Non-Roadway,2011,35.0,No,O: No Injury,Male,Van,No,36.11064237,-79.52014231,Dry,Unknown,No Control Present,Clear,No,0,0,8
Yes,10.0,No,Not Applicable,B: Suspected Minor Injury,Male,Winston-Salem,Forsyth,No,Wednesday,Bicyclist Failed to Yield - Midblock,19.0,August,Bicyclist Ride Out - Other Midblock,2011,55.0,No,O: No Injury,Male,Passenger Car,No,36.063254,-80.22521221,Dry,20 - 25  MPH,No Control Present,Clear,No,0,0,8
No,53.0,No,With Traffic,C: Possible Injury,Male,Winston-Salem,Forsyth,No,Tuesday,Motorist Overtaking Bicyclist,15.0,August,Motorist Overtaking - Misjudged Space,2011,42.03850604944766,Unknown,Unknown Injury,Unknown,Van,Yes,36.10981003,-80.21411361,Dry,30 - 35  MPH,No Control Present,Clear,No,1,0,8
Yes,14.0,No,With Traffic,B: Suspected Minor Injury,Male,Cary,Wake,No,Sunday,Bicyclist Failed to Yield - Signalized Intersection,13.0,August,Bicyclist Ride Out - Signalized  Intersection,2011,29.0,No,O: No Injury,Male,Passenger Car,No,35.77137,-78.785311,Dry,30 - 35  MPH,Stop And Go Signal,Clear,No,0,0,8
Yes,18.0,No,Facing Traffic,B: Suspected Minor Injury,Male,None - Rural Crash,Brunswick,No,Monday,Head-On,15.0,August,Head-On - Bicyclist,2011,29.0,No,O: No Injury,Female,Sport Utility,No,33.94204595,-78.35116294,Wet,40 - 45  MPH,No Control Present,Rain,No,0,0,8
Yes,19.0,No,With Traffic,B: Suspected Minor Injury,Female,Boone,Watauga,No,Saturday,Motorist Failed to Yield - Sign-Controlled Intersection,13.0,August,Motorist Drive Out - Sign-Controlled Intersection,2011,42.03850604944766,Missing,Unknown Injury,Unknown,Unknown,Yes,36.19981902,-81.65976805,Wet,30 - 35  MPH,Stop Sign,Rain,No,1,0,8
No,21.0,No,With Traffic,B: Suspected Minor Injury,Female,Chapel Hill,Orange,No,Friday,Motorist Right Turn / Merge,12.0,August,Motorist Right Turn - Same Direction,2011,52.0,No,O: No Injury,Female,Pickup,No,35.90885555,-79.05932312,Dry,20 - 25  MPH,No Control Present,Clear,No,0,0,8
Yes,9.0,No,With Traffic,B: Suspected Minor Injury,Male,Sunset Beach,Brunswick,No,Thursday,Bicyclist Failed to Yield - Sign-Controlled Intersection,19.0,August,Bicyclist Ride Through - Sign-Controlled Intersection,2011,54.0,No,O: No Injury,Male,Sport Utility,No,33.87113805,-78.49831779,Dry,20 - 25  MPH,Stop Sign,Clear,No,0,0,8
Yes,61.0,No,With Traffic,B: Suspected Minor Injury,Male,Fayetteville,Cumberland,No,Thursday,Motorist Overtaking Bicyclist,7.0,September,Motorist Overtaking - Undetected Bicyclist,2011,31.0,No,O: No Injury,Female,Passenger Car,No,35.04540869,-78.96018253,Dry,20 - 25  MPH,No Control Present,Clear,No,0,0,9
Yes,19.0,No,With Traffic,B: Suspected Minor Injury,Male,Raleigh,Wake,No,Wednesday,Loss of Control / Turning Error,11.0,August,Bicyclist Lost Control - Other / Unknown,2011,42.03850604944766,Missing,Unknown Injury,Unknown,Pickup,No,35.787526,-78.667024,Dry,20 - 25  MPH,Stop And Go Signal,Clear,No,1,0,8
No,31.0,No,Facing Traffic,O: No Injury,Male,Fayetteville,Cumberland,No,Thursday,Motorist Failed to Yield - Midblock,15.0,September,Motorist Drive Out - Commercial Driveway / Alley,2011,66.0,No,O: No Injury,Female,Passenger Car,No,35.05624769,-78.8952328,Dry,30 - 35  MPH,No Control Present,Clear,No,0,0,9
No,8.0,No,Not Applicable,O: No Injury,Male,Holly Springs,Wake,No,Wednesday,Non-Roadway,17.0,August,Non-Roadway,2011,33.0,No,O: No Injury,Female,Passenger Car,No,35.659711,-78.806591,Dry,20 - 25  MPH,No Control Present,Clear,No,0,0,8
No,43.0,No,Facing Traffic,C: Possible Injury,Male,Charlotte,Mecklenburg,No,Saturday,Loss of Control / Turning Error,17.0,August,Motorist Turning Error - Right Turn,2011,54.0,No,O: No Injury,Male,Van,No,35.169621,-80.904716,Dry,40 - 45  MPH,Stop And Go Signal,Clear,No,0,0,8
No,45.0,No,With Traffic,C: Possible Injury,Male,Burlington,Alamance,No,Monday,Motorist Left Turn / Merge,19.0,August,Motorist Left Turn - Opposite Direction,2011,77.0,No,O: No Injury,Male,Passenger Car,No,36.09748528,-79.41407534,Dry,30 - 35  MPH,No Control Present,Cloudy,No,0,0,8
Yes,40.0,No,Not Applicable,C: Possible Injury,Male,None - Rural Crash,Brunswick,No,Monday,Non-Roadway,2.0,August,Non-Roadway,2011,61.0,No,O: No Injury,Male,Pickup,No,33.9472148,-78.57576637,Dry,Unknown,No Control Present,Clear,No,0,0,8
Yes,15.0,No,Not Applicable,B: Suspected Minor Injury,Male,None - Rural Crash,Warren,No,Monday,Bicyclist Failed to Yield - Midblock,10.0,September,Bicyclist Ride Out - Residential Driveway,2011,19.0,No,O: No Injury,Male,Van,No,36.42639733,-78.08219137,Dry,50 - 55  MPH,"Double Yellow Line, No Passing Zone",Clear,No,0,0,9
No,12.0,No,With Traffic,B: Suspected Minor Injury,Male,Durham,Durham,No,Sunday,Motorist Overtaking Bicyclist,17.0,September,Motorist Overtaking - Bicyclist Swerved,2011,18.0,No,O: No Injury,Female,Passenger Car,No,35.959273,-78.897303,Dry,20 - 25  MPH,No Control Present,Clear,No,0,0,9
Yes,72.0,No,With Traffic,C: Possible Injury,Male,None - Rural Crash,Halifax,No,Tuesday,Bicyclist Left Turn / Merge,10.0,September,Bicyclist Left Turn - Same Direction,2011,54.0,No,O: No Injury,Female,Passenger Car,No,36.132841,-77.42918451,Dry,30 - 35  MPH,Stop Sign,Cloudy,No,0,0,9
No,27.0,No,With Traffic,C: Possible Injury,Male,Wilmington,New Hanover,No,Friday,Motorist Failed to Yield - Midblock,17.0,August,Motorist Drive Out - Commercial Driveway / Alley,2011,35.0,No,O: No Injury,Female,Passenger Car,No,34.24073858,-77.90099997,Dry,30 - 35  MPH,No Control Present,Clear,No,0,0,8
Yes,61.0,No,With Traffic,B: Suspected Minor Injury,Male,None - Rural Crash,Moore,No,Wednesday,Motorist Overtaking Bicyclist,9.0,September,Motorist Overtaking - Undetected Bicyclist,2011,45.0,No,O: No Injury,Female,Passenger Car,No,35.27206321,-79.56920067,Dry,40 - 45  MPH,"Double Yellow Line, No Passing Zone",Clear,No,0,0,9
Yes,20.0,No,Unknown,B: Suspected Minor Injury,Male,Raleigh,Wake,No,Wednesday,Motorist Failed to Yield - Sign-Controlled Intersection,20.0,August,Motorist Drive Out - Sign-Controlled Intersection,2011,21.0,No,O: No Injury,Male,Passenger Car,No,35.786578,-78.681028,Dry,5 - 15 MPH,Stop Sign,Clear,No,0,0,8
Yes,19.0,No,With Traffic,B: Suspected Minor Injury,Female,Raleigh,Wake,No,Tuesday,Motorist Right Turn / Merge,11.0,August,Motorist Right Turn - Same Direction,2011,19.0,No,O: No Injury,Female,Passenger Car,No,35.78486,-78.675581,Dry,20 - 25  MPH,No Control Present,Clear,No,0,0,8
Yes,49.0,No,With Traffic,B: Suspected Minor Injury,Male,None - Rural Crash,Johnston,No,Sunday,Motorist Overtaking Bicyclist,15.0,September,Motorist Overtaking - Other / Unknown,2011,42.03850604944766,Unknown,Unknown Injury,Unknown,Pickup,Yes,35.48488242,-78.60572311,Dry,50 - 55  MPH,No Control Present,Clear,No,1,0,9
Yes,20.0,No,Facing Traffic,C: Possible Injury,Female,Raleigh,Wake,No,Tuesday,Motorist Failed to Yield - Midblock,21.0,August,Motorist Drive Out - Commercial Driveway / Alley,2011,54.0,No,O: No Injury,Male,Passenger Car,No,35.733282,-78.575218,Dry,40 - 45  MPH,No Control Present,Clear,Yes,0,0,8
Yes,27.0,No,With Traffic,B: Suspected Minor Injury,Male,Raleigh,Wake,No,Friday,Bicyclist Overtaking Motorist,13.0,September,Bicyclist Overtaking - Passing on Right,2011,21.0,No,O: No Injury,Male,Passenger Car,No,35.78845,-78.673166,Dry,30 - 35  MPH,No Control Present,Clear,No,0,0,9
Yes,55.0,No,With Traffic,B: Suspected Minor Injury,Male,Stanfield,Stanly,No,Monday,Motorist Overtaking Bicyclist,18.0,August,Motorist Overtaking - Misjudged Space,2011,19.0,No,O: No Injury,Male,Pickup,No,35.24517809,-80.42481814,Dry,40 - 45  MPH,No Control Present,Cloudy,No,0,0,8
No,57.0,No,With Traffic,B: Suspected Minor Injury,Male,None - Rural Crash,Orange,No,Wednesday,Bicyclist Left Turn / Merge,19.0,September,Bicyclist Left Turn - Same Direction,2011,59.0,No,O: No Injury,Male,Passenger Car,No,36.05229862,-79.1322736,Dry,30 - 35  MPH,"Double Yellow Line, No Passing Zone",Clear,No,0,0,9
No,26.0,No,With Traffic,O: No Injury,Male,Fayetteville,Cumberland,No,Thursday,Motorist Left Turn / Merge,7.0,September,Motorist Left Turn - Opposite Direction,2011,56.0,No,O: No Injury,Male,Passenger Car,No,35.04868518,-78.89008955,Dry,30 - 35  MPH,Stop And Go Signal,Cloudy,No,0,0,9
Yes,29.0,No,With Traffic,B: Suspected Minor Injury,Male,Winston-Salem,Forsyth,No,Monday,Motorist Left Turn / Merge,22.0,August,Motorist Left Turn - Opposite Direction,2011,46.0,No,O: No Injury,Male,Sport Utility,No,36.09260869,-80.26508472,Dry,30 - 35  MPH,No Control Present,Clear,No,0,0,8
No,13.0,No,Not Applicable,B: Suspected Minor Injury,Male,Charlotte,Mecklenburg,No,Friday,Non-Roadway,18.0,September,Non-Roadway,2011,20.0,No,O: No Injury,Female,Passenger Car,No,35.310345,-80.752252,Dry,30 - 35  MPH,Stop Sign,Clear,No,0,0,9
Yes,57.0,No,With Traffic,B: Suspected Minor Injury,Male,Charlotte,Mecklenburg,No,Friday,Bicyclist Failed to Yield - Sign-Controlled Intersection,19.0,September,Bicyclist Ride Through - Sign-Controlled Intersection,2011,52.0,No,O: No Injury,Male,Van,No,35.263265,-80.854384,Dry,40 - 45  MPH,Stop Sign,Cloudy,No,0,0,9
No,58.0,No,With Traffic,C: Possible Injury,Male,None - Rural Crash,Durham,No,Sunday,Motorist Overtaking Bicyclist,11.0,August,Motorist Overtaking - Misjudged Space,2011,42.03850604944766,Unknown,Unknown Injury,Unknown,"Single Unit Truck (2-Axle, 6-Tire)",Yes,35.951242,-78.847357,Dry,30 - 35  MPH,"Double Yellow Line, No Passing Zone",Clear,No,1,0,8
No,11.0,No,With Traffic,C: Possible Injury,Male,None - Rural Crash,Buncombe,No,Friday,Bicyclist Failed to Yield - Sign-Controlled Intersection,18.0,September,Bicyclist Ride Through - Sign-Controlled Intersection,2011,70.0,No,O: No Injury,Male,Passenger Car,No,35.62299795,-82.6246717,Dry,20 - 25  MPH,Stop Sign,Clear,No,0,0,9
No,59.0,No,With Traffic,C: Possible Injury,Male,None - Rural Crash,Randolph,No,Monday,Parallel Paths - Other Circumstances,12.0,September,Parallel Paths - Other / Unknown,2011,42.03850604944766,Unknown,Unknown Injury,Unknown,Pickup,Yes,35.86705691,-79.56923791,Dry,50 - 55  MPH,"Double Yellow Line, No Passing Zone",Clear,No,1,0,9
Yes,43.0,No,Facing Traffic,C: Possible Injury,Male,Wilmington,New Hanover,No,Friday,Motorist Left Turn / Merge,8.0,August,Motorist Left Turn - Same Direction,2011,59.0,No,O: No Injury,Female,Pickup,No,34.2313574,-77.87886828,Wet,30 - 35  MPH,No Control Present,Cloudy,No,0,0,8
No,70.0,No,With Traffic,O: No Injury,Male,Fayetteville,Cumberland,No,Tuesday,Motorist Overtaking Bicyclist,19.0,August,Motorist Overtaking - Other / Unknown,2011,41.0,No,O: No Injury,Female,Passenger Car,No,35.04103023,-78.93415611,Dry,40 - 45  MPH,No Control Present,Clear,No,0,0,8
No,17.0,No,Not Applicable,O: No Injury,Female,Emerald Isle,Carteret,No,Saturday,Bicyclist Failed to Yield - Midblock,12.0,September,Bicyclist Ride Out - Other Midblock,2011,30.0,No,O: No Injury,Female,Van,No,34.66062539,-77.05057968,Dry,20 - 25  MPH,No Control Present,Clear,No,0,0,9
Yes,64.0,No,With Traffic,C: Possible Injury,Male,None - Rural Crash,Onslow,No,Wednesday,Bicyclist Left Turn / Merge,15.0,September,Bicyclist Left Turn - Same Direction,2011,71.0,No,O: No Injury,Female,Passenger Car,No,34.54957702,-77.43282843,Dry,40 - 45  MPH,"Double Yellow Line, No Passing Zone",Cloudy,No,0,0,9
Yes,14.0,No,With Traffic,B: Suspected Minor Injury,Male,Reidsville,Rockingham,No,Tuesday,Bicyclist Failed to Yield - Signalized Intersection,15.0,August,Bicyclist Ride Through - Signalized Intersection,2011,54.0,No,O: No Injury,Female,Passenger Car,No,36.35851153,-79.67669373,Dry,30 - 35  MPH,Stop And Go Signal,Clear,No,0,0,8
Yes,18.0,No,With Traffic,B: Suspected Minor Injury,Male,None - Rural Crash,Lenoir,No,Thursday,Bicyclist Left Turn / Merge,12.0,September,Bicyclist Left Turn - Same Direction,2011,25.0,No,O: No Injury,Male,Pickup,No,35.18866632,-77.81114915,Dry,50 - 55  MPH,"Double Yellow Line, No Passing Zone",Clear,No,0,0,9
Yes,16.0,No,With Traffic,B: Suspected Minor Injury,Male,None - Rural Crash,Pitt,No,Sunday,Motorist Overtaking Bicyclist,16.0,September,Motorist Overtaking - Misjudged Space,2011,19.0,No,O: No Injury,Female,Passenger Car,No,35.66014766,-77.43150566,Dry,50 - 55  MPH,"Double Yellow Line, No Passing Zone",Clear,No,0,0,9
Yes,65.0,Yes,Not Applicable,K: Killed,Male,None - Rural Crash,Hertford,Yes,Wednesday,Bicyclist Failed to Yield - Midblock,17.0,September,Bicyclist Ride Out - Residential Driveway,2011,44.0,No,O: No Injury,Male,Passenger Car,No,36.4395314,-77.12722464,Wet,40 - 45  MPH,"Double Yellow Line, No Passing Zone",Cloudy,No,0,0,9
Yes,12.0,No,Unknown,C: Possible Injury,Male,Henderson,Vance,No,Monday,Other / Unknown - Insufficient Details,17.0,September,Unknown Approach Paths,2011,58.0,No,O: No Injury,Male,Van,No,36.3274243,-78.38491985,Dry,30 - 35  MPH,Stop Sign,Clear,No,0,0,9
Yes,15.0,Unknown,Facing Traffic,C: Possible Injury,Male,Fuquay-Varina,Wake,No,Sunday,Motorist Failed to Yield - Midblock,14.0,August,Motorist Drive Out - Commercial Driveway / Alley,2011,28.0,No,O: No Injury,Male,Sport Utility,No,35.568239,-78.801219,Dry,5 - 15 MPH,Stop Sign,Clear,No,0,0,8
Yes,53.0,No,With Traffic,C: Possible Injury,Male,None - Rural Crash,Pitt,No,Tuesday,Motorist Failed to Yield - Sign-Controlled Intersection,20.0,September,Motorist Drive Out - Sign-Controlled Intersection,2011,53.0,No,O: No Injury,Female,Passenger Car,No,35.51260426,-77.31877329,Dry,50 - 55  MPH,Flashing Signal With Stop Sign,Clear,No,0,0,9
Yes,41.0,No,With Traffic,B: Suspected Minor Injury,Female,None - Rural Crash,Durham,No,Wednesday,Motorist Failed to Yield - Sign-Controlled Intersection,8.0,September,Motorist Drive Out - Sign-Controlled Intersection,2011,71.0,No,O: No Injury,Male,Passenger Car,No,36.010065,-78.990003,Dry,40 - 45  MPH,Stop Sign,Clear,No,0,0,9
Yes,18.0,No,With Traffic,C: Possible Injury,Male,Gastonia,Gaston,No,Friday,Motorist Right Turn / Merge,11.0,September,Motorist Right Turn - Same Direction,2011,76.0,No,O: No Injury,Male,Pickup,No,35.26550373,-81.17755677,Dry,30 - 35  MPH,Stop And Go Signal,Clear,No,0,0,9
Yes,45.0,Yes,With Traffic,B: Suspected Minor Injury,Male,Carolina Beach,New Hanover,Yes,Monday,Bicyclist Left Turn / Merge,17.0,August,Bicyclist Left Turn - Same Direction,2011,44.0,No,O: No Injury,Male,Passenger Car,No,34.02723776,-77.89540021,Wet,20 - 25  MPH,Stop Sign,Rain,No,0,0,8
Yes,52.0,No,With Traffic,B: Suspected Minor Injury,Male,Wendell,Wake,No,Wednesday,Bicyclist Right Turn / Merge,12.0,September,Bicyclist Right Turn - Same Direction,2011,54.0,No,O: No Injury,Female,Passenger Car,No,35.778108,-78.362026,Dry,30 - 35  MPH,Stop Sign,Clear,No,0,0,9
Yes,80.0,No,With Traffic,A: Suspected Serious Injury,Male,None - Rural Crash,Forsyth,No,Thursday,Motorist Overtaking Bicyclist,9.0,September,Motorist Overtaking - Other / Unknown,2011,75.0,No,O: No Injury,Male,Passenger Car,No,35.99548928,-80.36665957,Dry,40 - 45  MPH,"Double Yellow Line, No Passing Zone",Clear,No,0,0,9
Yes,13.0,No,With Traffic,B: Suspected Minor Injury,Male,Aberdeen,Moore,No,Thursday,Crossing Paths - Other Circumstances,20.0,September,Crossing Paths - Uncontrolled Intersection,2011,29.0,No,O: No Injury,Male,Pickup,No,35.14010792,-79.42490028,Dry,40 - 45  MPH,No Control Present,Clear,No,0,0,9
Yes,20.0,Yes,With Traffic,K: Killed,Male,None - Rural Crash,Pitt,Yes,Thursday,Motorist Overtaking Bicyclist,3.0,September,Motorist Overtaking - Undetected Bicyclist,2011,59.0,No,C: Possible Injury,Male,Passenger Car,No,35.74123259,-77.3592895,Dry,50 - 55  MPH,No Control Present,Clear,No,0,0,9
No,48.0,No,With Traffic,O: No Injury,Male,None - Rural Crash,New Hanover,No,Friday,Motorist Overtaking Bicyclist,17.0,September,Motorist Overtaking - Misjudged Space,2011,55.0,No,O: No Injury,Female,Passenger Car,No,34.10539083,-77.89980322,Dry,50 - 55  MPH,No Control Present,Clear,No,0,0,9
Yes,16.0,No,With Traffic,B: Suspected Minor Injury,Male,Fayetteville,Cumberland,No,Tuesday,Motorist Failed to Yield - Sign-Controlled Intersection,18.0,September,Motorist Drive Out - Sign-Controlled Intersection,2011,47.0,No,O: No Injury,Female,Passenger Car,No,35.0226545,-78.991475,Wet,20 - 25  MPH,Stop Sign,Rain,No,0,0,9
No,21.0,No,With Traffic,C: Possible Injury,Male,Stedman,Cumberland,No,Thursday,Motorist Right Turn / Merge,18.0,September,Motorist Right Turn - Same Direction,2011,42.03850604944766,Missing,Unknown Injury,Unknown,Unknown,Yes,35.01360168,-78.69362061,Dry,30 - 35  MPH,No Control Present,Clear,No,1,0,9
No,7.0,No,Not Applicable,O: No Injury,Female,None - Rural Crash,Davidson,No,Sunday,Bicyclist Failed to Yield - Midblock,12.0,September,Bicyclist Ride Out - Residential Driveway,2011,16.0,No,O: No Injury,Female,Passenger Car,No,35.7636827,-80.05719931,Dry,50 - 55  MPH,"Double Yellow Line, No Passing Zone",Clear,No,0,0,9
Yes,22.0,No,With Traffic,A: Suspected Serious Injury,Male,None - Rural Crash,Hoke,No,Thursday,Bicyclist Failed to Yield - Sign-Controlled Intersection,22.0,September,Bicyclist Ride Out - Sign-Controlled Intersection,2011,22.0,No,O: No Injury,Female,Passenger Car,No,34.99252894,-79.18588926,Wet,40 - 45  MPH,"Double Yellow Line, No Passing Zone",Cloudy,No,0,0,9
Yes,48.0,No,With Traffic,B: Suspected Minor Injury,Male,None - Rural Crash,Wake,No,Friday,Motorist Overtaking Bicyclist,19.0,September,Motorist Overtaking - Other / Unknown,2011,44.0,No,O: No Injury,Female,Passenger Car,No,35.711264,-78.61417,Dry,30 - 35  MPH,"Double Yellow Line, No Passing Zone",Cloudy,No,0,0,9
Yes,45.0,No,With Traffic,B: Suspected Minor Injury,Male,Davidson,Mecklenburg,No,Thursday,Motorist Left Turn / Merge,15.0,September,Motorist Left Turn - Opposite Direction,2011,16.0,No,O: No Injury,Female,Passenger Car,No,35.48880441,-80.82758351,Dry,30 - 35  MPH,No Control Present,Clear,No,0,0,9
Yes,51.0,No,With Traffic,B: Suspected Minor Injury,Male,Wilmington,New Hanover,No,Wednesday,Motorist Failed to Yield - Midblock,18.0,September,Motorist Drive Out - Other Midblock,2011,67.0,No,O: No Injury,Female,Passenger Car,No,34.19451813,-77.88001326,Dry,20 - 25  MPH,No Control Present,Clear,No,0,0,9
Yes,51.0,Unknown,Facing Traffic,C: Possible Injury,Male,Carrboro,Orange,No,Monday,Motorist Failed to Yield - Midblock,14.0,September,Motorist Drive Out - Commercial Driveway / Alley,2011,42.0,No,O: No Injury,Male,Pickup,No,35.91092892,-79.06732768,Dry,30 - 35  MPH,No Control Present,Clear,No,0,0,9
No,41.0,No,With Traffic,C: Possible Injury,Male,Charlotte,Mecklenburg,No,Monday,Bicyclist Left Turn / Merge,15.0,September,Bicyclist Left Turn - Same Direction,2011,38.0,No,O: No Injury,Male,Passenger Car,No,35.218795,-80.814111,Dry,30 - 35  MPH,Stop Sign,Clear,No,0,0,9
Yes,14.0,No,Facing Traffic,C: Possible Injury,Male,Greensboro,Guilford,No,Thursday,Motorist Failed to Yield - Midblock,18.0,September,Motorist Drive Out - Commercial Driveway / Alley,2011,36.0,No,O: No Injury,Male,Sport Utility,No,36.04575091,-79.83919418,Dry,5 - 15 MPH,No Control Present,Clear,No,0,0,9