AmbulanceR,BikeAge,BikeAlcFlg,BikeDir,BikeInjury,BikeSex,City,County,CrashAlcoh,CrashDay,CrashGrp,CrashHour,CrashMonth,CrashType,CrashYear,DrvrAge,DrvrAlcFlg,DrvrInjury,DrvrSex,DrvrVehTyp,HitRun,Latitude,Longitude,RdConditio,SpeedLimit,TraffCntrl,Weather,Workzone,DrvrAgeImputedFlag,BikeAgeImputedFlag,MonthCode
No,45.0,No,With Traffic,C: Possible Injury,Male,Asheville,Buncombe,No,Wednesday,Motorist Left Turn / Merge,19.0,September,Motorist Left Turn - Opposite Direction,2011,57.0,No,O: No Injury,Female,Sport Utility,No,35.5946417,-82.55398995,Wet,20 - 25  MPH,Stop And Go Signal,Rain,No,0,0,9
No,18.0,No,With Traffic,C: Possible Injury,Male,Asheville,Buncombe,No,Monday,Bicyclist Failed to Yield - Sign-Controlled Intersection,12.0,August,Bicyclist Ride Out - Sign-Controlled Intersection,2011,61.0,No,O: No Injury,Male,Passenger Car,No,35.56595503,-82.5432638,Dry,30 - 35  MPH,Stop Sign,Clear,No,0,0,8
No,51.0,No,Facing Traffic,Unknown Injury,Female,Southern Shores,Dare,No,Saturday,Bicyclist Failed to Yield - Sign-Controlled Intersection,14.0,September,Bicyclist Ride Through - Sign-Controlled Intersection,2011,47.0,No,O: No Injury,Male,Pickup,No,36.11452673,-75.72022079,Dry,20 - 25  MPH,Stop And Go Signal,Clear,No,0,0,9
No,53.0,No,Not Applicable,B: Suspected Minor Injury,Male,Raleigh,Wake,No,Monday,Non-Roadway,6.0,September,Non-Roadway,2011,54.0,No,O: No Injury,Male,Passenger Car,No,35.85872,-78.711997,Dry,30 - 35  MPH,No Control Present,Cloudy,No,0,0,9
No,32.52649525389365,Missing,With Traffic,Unknown Injury,Unknown,None - Rural Crash,Nash,No,Thursday,Motorist Failed to Yield - Sign-Controlled Intersection,1.0,September,Motorist Drive Out - Sign-Controlled Intersection,2011,29.0,No,O: No Injury,Male,Passenger Car,No,35.98480897,-77.98154888,Dry,50 - 55  MPH,Stop Sign,Clear,No,0,1,9
No,32.0,No,With Traffic,Unknown Injury,Male,Southern Pines,Moore,No,Saturday,Motorist Failed to Yield - Sign-Controlled Intersection,21.0,September,Motorist Drive Out - Sign-Controlled Intersection,2011,32.0,No,O: No Injury,Female,Passenger Car,No,35.16977178,-79.4052226,Dry,30 - 35  MPH,Stop Sign,Clear,No,0,0,9
Yes,57.0,No,Facing Traffic,B: Suspected Minor Injury,Male,Raleigh,Wake,No,Tuesday,Crossing Paths - Other Circumstances,13.0,September,Signalized Intersection - Other / Unknown,2011,46.0,No,O: No Injury,Male,Sport Utility,No,35.751517,-78.648334,Dry,40 - 45  MPH,Stop And Go Signal,Cloudy,No,0,0,9
Yes,25.0,No,With Traffic,B: Suspected Minor Injury,Male,Winston-Salem,Forsyth,No,Thursday,Bicyclist Failed to Yield - Sign-Controlled Intersection,16.0,September,Bicyclist Ride Through - Sign-Controlled Intersection,2011,48.0,No,O: No Injury,Male,Passenger Car,No,36.08807204,-80.27623954,Dry,30 - 35  MPH,Stop Sign,Clear,No,0,0,9
Yes,23.0,No,With Traffic,C: Possible Injury,Female,None - Rural Crash,Iredell,No,Thursday,Motorist Left Turn / Merge,17.0,September,Motorist Left Turn - Opposite Direction,2011,77.0,No,O: No Injury,Female,"Light Truck (Mini-Van, Panel)",No,35.82808409,-80.91856027,Dry,50 - 55  MPH,Stop And Go Signal,Clear,No,0,0,9
No,11.0,No,Not Applicable,C: Possible Injury,Male,Charlotte,Mecklenburg,No,Thursday,Non-Roadway,17.0,September,Non-Roadway,2011,34.0,No,O: No Injury,Female,Passenger Car,No,35.116603,-80.858246,Dry,30 - 35  MPH,No Control Present,Clear,No,0,0,9
Yes,21.0,No,With Traffic,C: Possible Injury,Male,Boone,Watauga,No,Monday,Bicyclist Left Turn / Merge,9.0,September,Bicyclist Left Turn - Same Direction,2011,20.0,No,O: No Injury,Male,Passenger Car,No,36.18722414,-81.65276078,Dry,40 - 45  MPH,"Double Yellow Line, No Passing Zone",Clear,No,0,0,9
Yes,41.0,Yes,Facing Traffic,C: Possible Injury,Male,Kinston,Lenoir,Yes,Friday,Motorist Failed to Yield - Sign-Controlled Intersection,17.0,June,Motorist Drive Out - Sign-Controlled Intersection,2011,42.0,No,O: No Injury,Male,Passenger Car,No,35.27118932,-77.58073345,Dry,30 - 35  MPH,Stop Sign,Clear,No,0,0,6
No,21.0,No,Not Applicable,A: Suspected Serious Injury,Male,Wilmington,New Hanover,No,Monday,Bicyclist Failed to Yield - Midblock,10.0,September,Bicyclist Ride Out - Residential Driveway,2011,50.0,No,O: No Injury,Female,Passenger Car,No,34.21544316,-77.87941784,Dry,20 - 25  MPH,No Control Present,Clear,No,0,0,9
Yes,53.0,No,With Traffic,C: Possible Injury,Male,Concord,Cabarrus,No,Sunday,Motorist Left Turn / Merge,11.0,September,Motorist Left Turn - Opposite Direction,2011,63.0,No,O: No Injury,Male,Passenger Car,No,35.40435986,-80.71427646,Dry,40 - 45  MPH,No Control Present,Cloudy,No,0,0,9
Yes,28.0,No,With Traffic,B: Suspected Minor Injury,Female,Chapel Hill,Orange,No,Tuesday,Motorist Left Turn / Merge,22.0,September,Motorist Left Turn - Opposite Direction,2011,19.0,No,O: No Injury,Male,Passenger Car,No,35.91121415,-79.06054843,Dry,20 - 25  MPH,No Control Present,Clear,No,0,0,9
No,69.0,No,With Traffic,C: Possible Injury,Male,None - Rural Crash,Cleveland,No,Tuesday,Bicyclist Overtaking Motorist,9.0,August,Bicyclist Overtaking - Other / Unknown,2011,27.0,No,O: No Injury,Female,Passenger Car,No,35.45290499,-81.54297197,Dry,50 - 55  MPH,"Double Yellow Line, No Passing Zone",Clear,No,0,0,8
No,31.0,No,Facing Traffic,O: No Injury,Male,Elizabeth City,Pasquotank,No,Monday,Bicyclist Failed to Yield - Sign-Controlled Intersection,15.0,September,Bicyclist Ride Out - Sign-Controlled Intersection,2011,50.0,No,O: No Injury,Female,Passenger Car,No,36.306459,-76.21892,Dry,20 - 25  MPH,Stop Sign,Clear,No,0,0,9
Yes,55.0,No,Facing Traffic,C: Possible Injury,Male,Jacksonville,Onslow,No,Tuesday,Motorist Failed to Yield - Signalized Intersection,8.0,September,Motorist Drive Out - Right Turn on Red,2011,33.0,No,O: No Injury,Female,Passenger Car,No,34.76069626,-77.41544974,Dry,40 - 45  MPH,Stop And Go Signal,Cloudy,No,0,0,9
Yes,11.0,No,With Traffic,C: Possible Injury,Male,Jacksonville,Onslow,No,Wednesday,Motorist Failed to Yield - Sign-Controlled Intersection,7.0,September,Motorist Drive Out - Sign-Controlled Intersection,2011,41.0,No,O: No Injury,Female,"Light Truck (Mini-Van, Panel)",No,34.77824694,-77.43093966,"Water (Standing, Moving)",20 - 25  MPH,Stop Sign,Clear,No,0,0,9
Yes,34.0,No,Facing Traffic,C: Possible Injury,Male,None - Rural Crash,Washington,No,Monday,Head-On,17.0,August,Head-On - Bicyclist,2011,55.0,No,O: No Injury,Male,Pickup,No,35.88440647,-76.70836026,Dry,50 - 55  MPH,No Control Present,Clear,No,0,0,8
Yes,39.0,No,With Traffic,C: Possible Injury,Male,Charlotte,Mecklenburg,No,Tuesday,Motorist Failed to Yield - Signalized Intersection,16.0,September,Motorist Drive Out - Right Turn on Red,2011,33.0,No,O: No Injury,Female,Pickup,No,35.295449,-80.755246,Dry,40 - 45  MPH,Stop And Go Signal,Clear,No,0,0,9
Yes,23.0,No,Facing Traffic,C: Possible Injury,Male,Raleigh,Wake,No,Monday,Motorist Failed to Yield - Signalized Intersection,9.0,September,Motorist Drive Out - Signalized Intersection,2011,42.03850604944766,Missing,Unknown Injury,Unknown,Unknown,Yes,35.769108,-78.691322,Dry,40 - 45  MPH,Stop And Go Signal,Clear,No,1,0,9
No,48.0,No,Facing Traffic,B: Suspected Minor Injury,Male,Charlotte,Mecklenburg,Yes,Wednesday,Motorist Failed to Yield - Midblock,9.0,September,Motorist Drive Out - Commercial Driveway / Alley,2011,28.0,Yes,O: No Injury,Male,Passenger Car,No,35.201088,-80.843375,Wet,30 - 35  MPH,No Control Present,Cloudy,No,0,0,9
Yes,6.0,No,Facing Traffic,B: Suspected Minor Injury,Female,Wilmington,New Hanover,No,Thursday,Bicyclist Failed to Yield - Sign-Controlled Intersection,16.0,September,Bicyclist Ride Through - Sign-Controlled Intersection,2011,38.0,No,O: No Injury,Female,Van,No,34.18785818,-77.88043502,Dry,20 - 25  MPH,Stop Sign,Clear,No,0,0,9
Yes,79.0,No,Not Applicable,O: No Injury,Female,Raleigh,Wake,No,Wednesday,Non-Roadway,18.0,September,Non-Roadway,2011,42.03850604944766,Missing,Unknown Injury,Unknown,Passenger Car,No,35.886488,-78.566631,Dry,5 - 15 MPH,No Control Present,Clear,No,1,0,9
Yes,45.0,No,Facing Traffic,B: Suspected Minor Injury,Male,Dunn,Harnett,No,Saturday,Motorist Failed to Yield - Sign-Controlled Intersection,11.0,September,Motorist Drive Out - Sign-Controlled Intersection,2011,46.0,No,O: No Injury,Female,Passenger Car,No,35.30377671,-78.60677497,Dry,30 - 35  MPH,Stop Sign,Clear,No,0,0,9
Yes,13.0,No,With Traffic,B: Suspected Minor Injury,Male,None - Rural Crash,Vance,No,Wednesday,Motorist Overtaking Bicyclist,7.0,September,Motorist Overtaking - Bicyclist Swerved,2011,17.0,No,O: No Injury,Male,Sport Utility,No,36.30567284,-78.37979559,Wet,40 - 45  MPH,"Double Yellow Line, No Passing Zone",Cloudy,No,0,0,9
No,51.0,No,Facing Traffic,C: Possible Injury,Male,Charlotte,Mecklenburg,No,Saturday,Motorist Failed to Yield - Midblock,19.0,September,Motorist Drive Out - Commercial Driveway / Alley,2011,42.0,No,O: No Injury,Female,Passenger Car,No,35.342394,-80.765844,Dry,40 - 45  MPH,No Control Present,Cloudy,No,0,0,9
No,20.0,No,With Traffic,C: Possible Injury,Male,Raleigh,Wake,No,Tuesday,Crossing Paths - Other Circumstances,18.0,September,Sign-Controlled Intersection - Other / Unknown,2011,25.0,No,O: No Injury,Male,Passenger Car,No,35.786989,-78.674643,Dry,20 - 25  MPH,Stop Sign,Clear,No,0,0,9
Yes,11.0,No,Facing Traffic,B: Suspected Minor Injury,Female,Raleigh,Wake,No,Wednesday,Bicyclist Failed to Yield - Sign-Controlled Intersection,17.0,September,Bicyclist Ride Through - Sign-Controlled Intersection,2011,24.0,No,O: No Injury,Male,Passenger Car,No,35.768301,-78.60291,Dry,20 - 25  MPH,Stop Sign,Clear,No,0,0,9
Yes,48.0,Unknown,With Traffic,B: Suspected Minor Injury,Female,Charlotte,Mecklenburg,No,Thursday,Motorist Failed to Yield - Signalized Intersection,19.0,September,Motorist Drive Out - Right Turn on Red,2011,28.0,No,O: No Injury,Female,Passenger Car,No,35.224368,-80.891126,Dry,30 - 35  MPH,Stop And Go Signal,Clear,No,0,0,9
Yes,19.0,No,With Traffic,B: Suspected Minor Injury,Male,Cary,Wake,No,Wednesday,Motorist Overtaking Bicyclist,19.0,September,Motorist Overtaking - Other / Unknown,2011,39.0,No,O: No Injury,Female,Passenger Car,No,35.791541,-78.774416,Wet,40 - 45  MPH,No Control Present,Rain,No,0,0,9
Yes,27.0,No,With Traffic,B: Suspected Minor Injury,Male,Eastover,Cumberland,No,Wednesday,Motorist Left Turn / Merge,19.0,September,Motorist Left Turn - Opposite Direction,2011,60.0,No,O: No Injury,Male,Pickup,No,35.08954281,-78.78864658,Dry,40 - 45  MPH,No Control Present,Clear,No,0,0,9
Yes,56.0,No,With Traffic,B: Suspected Minor Injury,Male,None - Rural Crash,Lincoln,No,Monday,Head-On,17.0,September,Head-On - Motorist,2011,22.0,No,O: No Injury,Male,Passenger Car,No,35.53872095,-81.02516841,Dry,30 - 35  MPH,"Double Yellow Line, No Passing Zone",Clear,No,0,0,9
Yes,40.0,Yes,Facing Traffic,C: Possible Injury,Male,Warsaw,Duplin,Yes,Thursday,Motorist Failed to Yield - Midblock,20.0,September,Motorist Drive Out - Commercial Driveway / Alley,2011,23.0,No,O: No Injury,Male,Passenger Car,No,34.99758769,-78.09088941,Dry,30 - 35  MPH,No Control Present,Clear,No,0,0,9
Yes,60.0,No,With Traffic,C: Possible Injury,Male,None - Rural Crash,Franklin,No,Tuesday,Motorist Overtaking Bicyclist,7.0,September,Motorist Overtaking - Misjudged Space,2011,34.0,No,O: No Injury,Female,Passenger Car,No,36.07758341,-78.49774351,Dry,50 - 55  MPH,No Control Present,Clear,No,0,0,9
No,70.0,No,With Traffic,B: Suspected Minor Injury,Male,Fayetteville,Cumberland,No,Friday,Motorist Left Turn / Merge,21.0,September,Motorist Left Turn - Opposite Direction,2011,42.03850604944766,Missing,Unknown Injury,Unknown,Unknown,Yes,35.04407234,-78.9427565,Dry,Unknown,No Control Present,Clear,No,1,0,9
Yes,10.0,No,Not Applicable,A: Suspected Serious Injury,Female,None - Rural Crash,Randolph,No,Friday,Bicyclist Failed to Yield - Midblock,14.0,September,Bicyclist Ride Out - Residential Driveway,2011,66.0,No,O: No Injury,Female,Passenger Car,No,35.67212771,-79.81926387,Dry,30 - 35  MPH,No Control Present,Clear,No,0,0,9
No,16.0,No,With Traffic,C: Possible Injury,Male,Rocky Mount,Edgecombe,No,Tuesday,Parallel Paths - Other Circumstances,17.0,August,Bicyclist Ride Out - Parallel Path,2011,42.03850604944766,Missing,Unknown Injury,Unknown,Unknown,Yes,35.92850329,-77.79218652,Dry,30 - 35  MPH,No Control Present,Clear,No,1,0,8
Yes,9.0,No,Facing Traffic,B: Suspected Minor Injury,Male,Raleigh,Wake,No,Sunday,Parallel Paths - Other Circumstances,15.0,October,Parallel Paths - Other / Unknown,2011,20.0,No,O: No Injury,Male,Passenger Car,No,35.737156,-78.574689,Dry,5 - 15 MPH,No Control Present,Clear,No,0,0,10
Yes,15.0,No,Not Applicable,B: Suspected Minor Injury,Male,Columbia,Tyrrell,No,Monday,Bicyclist Failed to Yield - Midblock,18.0,September,Bicyclist Ride Out - Commercial Driveway / Alley,2011,66.0,No,O: No Injury,Male,Pickup,No,35.91894453,-76.25261904,Dry,20 - 25  MPH,No Control Present,Clear,No,0,0,9
Yes,21.0,No,With Traffic,C: Possible Injury,Male,None - Rural Crash,Wake,No,Sunday,Motorist Overtaking Bicyclist,19.0,October,Motorist Overtaking - Misjudged Space,2011,42.03850604944766,Unknown,Unknown Injury,Unknown,Pickup,Yes,35.768873,-78.649233,Dry,40 - 45  MPH,"Double Yellow Line, No Passing Zone",Clear,No,1,0,10
No,18.0,No,With Traffic,C: Possible Injury,Male,Rocky Mount,Nash,No,Wednesday,Motorist Failed to Yield - Midblock,14.0,August,Motorist Drive Out - Commercial Driveway / Alley,2011,30.0,No,O: No Injury,Female,Passenger Car,No,35.94422978,-77.79645904,Dry,30 - 35  MPH,No Control Present,Clear,No,0,0,8
No,50.0,No,Facing Traffic,B: Suspected Minor Injury,Male,Raleigh,Wake,No,Tuesday,Motorist Failed to Yield - Midblock,12.0,September,Motorist Drive Out - Commercial Driveway / Alley,2011,29.0,No,O: No Injury,Female,Passenger Car,No,35.784576,-78.694237,Dry,5 - 15 MPH,No Control Present,Clear,No,0,0,9
No,60.0,No,With Traffic,O: No Injury,Male,Chapel Hill,Orange,No,Wednesday,Bicyclist Overtaking Motorist,11.0,September,Bicyclist Overtaking - Passing on Left,2011,59.0,No,Unknown Injury,Female,Other Bus,No,35.90374679,-79.05272308,Dry,20 - 25  MPH,Stop And Go Signal,Clear,No,0,0,9
Yes,52.0,No,With Traffic,B: Suspected Minor Injury,Male,None - Rural Crash,Martin,No,Monday,Bicyclist Left Turn / Merge,7.0,September,Bicyclist Left Turn - Same Direction,2011,16.0,No,O: No Injury,Male,Passenger Car,No,35.76044382,-77.1542123,Dry,50 - 55  MPH,"Double Yellow Line, No Passing Zone",Clear,No,0,0,9
No,64.0,No,With Traffic,C: Possible Injury,Male,Charlotte,Mecklenburg,No,Tuesday,Motorist Failed to Yield - Sign-Controlled Intersection,22.0,September,Motorist Drive Out - Sign-Controlled Intersection,2011,41.0,No,O: No Injury,Female,Passenger Car,No,35.179494,-81.019999,Wet,40 - 45  MPH,Stop Sign,Rain,No,0,0,9
No,30.0,No,With Traffic,O: No Injury,Male,Durham,Durham,No,Wednesday,Bicyclist Failed to Yield - Signalized Intersection,10.0,October,Bicyclist Ride Through - Signalized Intersection,2011,32.0,No,O: No Injury,Female,Passenger Car,No,36.036685,-78.895785,Dry,30 - 35  MPH,Stop And Go Signal,Clear,No,0,0,10
Yes,21.0,No,With Traffic,C: Possible Injury,Male,Asheboro,Randolph,No,Wednesday,Crossing Paths - Other Circumstances,22.0,September,Signalized Intersection - Other / Unknown,2011,42.03850604944766,Missing,Unknown Injury,Unknown,Unknown,Yes,35.70519255,-79.80703058,Dry,30 - 35  MPH,Stop And Go Signal,Cloudy,No,1,0,9
Yes,15.0,No,With Traffic,C: Possible Injury,Male,Wilmington,New Hanover,No,Thursday,Loss of Control / Turning Error,8.0,September,Bicyclist Lost Control - Other / Unknown,2011,47.0,No,O: No Injury,Female,Sport Utility,No,34.2331752,-77.92844647,Dry,30 - 35  MPH,No Control Present,Clear,No,0,0,9
No,63.0,No,With Traffic,C: Possible Injury,Female,None - Rural Crash,Onslow,No,Thursday,Motorist Overtaking Bicyclist,15.0,October,Motorist Overtaking - Misjudged Space,2011,83.0,No,O: No Injury,Male,Pickup,No,34.7068668,-77.2798602,Dry,50 - 55  MPH,No Control Present,Clear,No,0,0,10
Yes,19.0,No,With Traffic,B: Suspected Minor Injury,Male,Franklinton,Franklin,No,Monday,Motorist Overtaking Bicyclist,18.0,September,Motorist Overtaking - Other / Unknown,2011,42.03850604944766,Missing,Unknown Injury,Unknown,Pickup,Yes,36.09185671,-78.46478961,Dry,30 - 35  MPH,Stop Sign,Clear,No,1,0,9
Yes,25.0,No,Not Applicable,B: Suspected Minor Injury,Male,Durham,Durham,No,Friday,Non-Roadway,8.0,October,Non-Roadway,2011,41.0,No,O: No Injury,Male,Pickup,No,35.923972,-78.927028,Dry,5 - 15 MPH,No Control Present,Clear,No,0,0,10
Yes,58.0,No,Facing Traffic,C: Possible Injury,Male,Winston-Salem,Forsyth,No,Thursday,Motorist Right Turn / Merge,9.0,September,Motorist Right Turn - Opposite Direction,2011,34.0,No,O: No Injury,Female,Passenger Car,No,36.07007256,-80.2706222,Dry,Unknown,No Control Present,Clear,No,0,0,9
Yes,12.0,No,Facing Traffic,C: Possible Injury,Male,Cary,Wake,No,Thursday,Bicyclist Failed to Yield - Signalized Intersection,7.0,September,Bicyclist Ride Through - Signalized Intersection,2011,48.0,No,O: No Injury,Female,Passenger Car,No,35.773671,-78.845957,Dry,40 - 45  MPH,Stop And Go Signal,Clear,No,0,0,9
Yes,20.0,No,With Traffic,C: Possible Injury,Male,Wilmington,New Hanover,No,Thursday,Motorist Failed to Yield - Sign-Controlled Intersection,13.0,September,Motorist Drive Out - Sign-Controlled Intersection,2011,42.03850604944766,Missing,Unknown Injury,Unknown,Passenger Car,Yes,34.22779663,-77.93169206,Dry,30 - 35  MPH,Stop Sign,Clear,No,1,0,9
Yes,30.0,No,With Traffic,C: Possible Injury,Male,Wilmington,New Hanover,No,Thursday,Motorist Overtaking Bicyclist,21.0,September,Motorist Overtaking - Other / Unknown,2011,42.03850604944766,Unknown,Unknown Injury,Unknown,Unknown,Yes,34.22313818,-77.88605172,Wet,30 - 35  MPH,No Control Present,Rain,No,1,0,9
No,32.52649525389365,No,Not Applicable,Unknown Injury,Unknown,Carolina Beach,New Hanover,No,Wednesday,Motorist Left Turn / Merge,14.0,September,Motorist Left Turn - Opposite Direction,2011,27.0,No,O: No Injury,Female,Sport Utility,No,34.03634997,-77.89378713,Dry,20 - 25  MPH,Stop And Go Signal,Clear,No,0,1,9
Yes,15.0,No,With Traffic,B: Suspected Minor Injury,Male,None - Rural Crash,Gaston,No,Saturday,Bicyclist Left Turn / Merge,10.0,September,Bicyclist Left Turn - Same Direction,2011,52.0,No,B: Suspected Minor Injury,Male,Motorcycle,No,35.37728846,-81.09088677,Dry,40 - 45  MPH,"Double Yellow Line, No Passing Zone",Clear,No,0,0,9
No,42.0,No,With Traffic,O: No Injury,Male,Charlotte,Mecklenburg,No,Wednesday,Bicyclist Left Turn / Merge,8.0,September,Bicyclist Left Turn - Same Direction,2011,29.0,No,O: No Injury,Male,Passenger Car,No,35.200212,-80.889197,Dry,30 - 35  MPH,No Control Present,Clear,No,0,0,9
Yes,36.0,Yes,Not Applicable,A: Suspected Serious Injury,Male,Raleigh,Wake,Yes,Sunday,Bicyclist Failed to Yield - Midblock,19.0,October,Bicyclist Ride Out - Midblock - Unknown,2011,38.0,Yes,O: No Injury,Male,Passenger Car,No,35.849715,-78.576656,Dry,40 - 45  MPH,No Control Present,Clear,No,0,0,10
Yes,53.0,No,With Traffic,B: Suspected Minor Injury,Female,Raleigh,Wake,No,Monday,Motorist Failed to Yield - Signalized Intersection,12.0,October,Motorist Drive Through - Signalized Intersection,2011,21.0,No,O: No Injury,Male,Passenger Car,No,35.809852,-78.705671,Dry,40 - 45  MPH,Stop And Go Signal,Clear,No,0,0,10
No,22.0,No,Facing Traffic,B: Suspected Minor Injury,Female,Huntersville,Mecklenburg,No,Friday,Motorist Failed to Yield - Signalized Intersection,6.0,September,Motorist Drive Out - Right Turn on Red,2011,16.0,No,O: No Injury,Female,Passenger Car,No,35.40615996,-80.8659384,Dry,30 - 35  MPH,Stop And Go Signal,Clear,No,0,0,9
No,22.0,No,Not Applicable,O: No Injury,Female,Greenville,Pitt,No,Wednesday,Non-Roadway,10.0,September,Non-Roadway,2011,22.0,No,O: No Injury,Female,Sport Utility,No,35.60520726,-77.36086313,Dry,Unknown,No Control Present,Clear,No,0,0,9
No,26.0,No,With Traffic,C: Possible Injury,Male,Wilmington,New Hanover,No,Wednesday,Motorist Failed to Yield - Midblock,13.0,October,Motorist Drive Out - Commercial Driveway / Alley,2011,21.0,No,O: No Injury,Female,Passenger Car,No,34.22983148,-77.8776485,Dry,40 - 45  MPH,Stop And Go Signal,Clear,No,0,0,10
Yes,19.0,No,With Traffic,B: Suspected Minor Injury,Male,Charlotte,Mecklenburg,No,Tuesday,Motorist Right Turn / Merge,17.0,October,Motorist Right Turn - Same Direction,2011,21.0,No,O: No Injury,Female,Passenger Car,No,35.254956,-80.800773,Dry,30 - 35  MPH,Stop And Go Signal,Clear,No,0,0,10
Yes,53.0,Yes,Not Applicable,B: Suspected Minor Injury,Male,Raleigh,Wake,Yes,Saturday,Bicyclist Failed to Yield - Midblock,18.0,October,Bicyclist Ride Out - Other Midblock,2011,36.0,No,O: No Injury,Female,Pickup,No,35.792536,-78.585295,Dry,40 - 45  MPH,Stop And Go Signal,Clear,No,0,0,10
No,32.52649525389365,Unknown,With Traffic,Unknown Injury,Unknown,Wilmington,New Hanover,No,Monday,Motorist Overtaking Bicyclist,5.0,October,Motorist Overtaking - Undetected Bicyclist,2011,33.0,No,O: No Injury,Male,Pickup,No,34.24118253,-77.85626958,Dry,40 - 45  MPH,No Control Present,Clear,No,0,1,10
Yes,52.0,No,With Traffic,C: Possible Injury,Male,Clinton,Sampson,No,Saturday,Motorist Overtaking Bicyclist,19.0,October,Motorist Overtaking - Other / Unknown,2011,90.0,No,O: No Injury,Male,Passenger Car,No,34.99797408,-78.31763045,Dry,5 - 15 MPH,No Control Present,Clear,No,0,0,10
Yes,15.0,No,With Traffic,B: Suspected Minor Injury,Male,Wesley Chapel,Union,No,Monday,Bicyclist Overtaking Motorist,18.0,October,Bicyclist Overtaking - Passing on Left,2011,44.0,No,O: No Injury,Female,Sport Utility,No,34.99960267,-80.6868232,Dry,30 - 35  MPH,Stop Sign,Clear,No,0,0,10
Yes,64.0,No,With Traffic,B: Suspected Minor Injury,Male,None - Rural Crash,Onslow,No,Monday,Motorist Overtaking Bicyclist,19.0,October,Motorist Overtaking - Misjudged Space,2011,42.0,No,O: No Injury,Male,Pickup,No,34.51465251,-77.43585926,Dry,50 - 55  MPH,"Double Yellow Line, No Passing Zone",Clear,No,0,0,10
Yes,44.0,No,Facing Traffic,C: Possible Injury,Male,Charlotte,Mecklenburg,No,Friday,Head-On,11.0,September,Head-On - Bicyclist,2011,50.0,No,O: No Injury,Female,Truck/Trailer,No,35.25686,-80.843126,Dry,5 - 15 MPH,Stop And Go Signal,Clear,No,0,0,9
Yes,58.0,No,Not Applicable,C: Possible Injury,Male,Fayetteville,Cumberland,No,Wednesday,Crossing Paths - Other Circumstances,14.0,October,Crossing Paths - Uncontrolled Intersection,2011,35.0,No,O: No Injury,Male,Passenger Car,No,35.02039458,-78.8980871,Dry,20 - 25  MPH,No Control Present,Clear,No,0,0,10
Yes,38.0,No,With Traffic,B: Suspected Minor Injury,Female,High Point,Guilford,No,Thursday,Motorist Failed to Yield - Sign-Controlled Intersection,11.0,October,Motorist Drive Out - Sign-Controlled Intersection,2011,75.0,No,O: No Injury,Female,Passenger Car,No,35.98404865,-80.0134748,Dry,30 - 35  MPH,Stop Sign,Clear,No,0,0,10
Yes,23.0,No,Facing Traffic,C: Possible Injury,Male,Statesville,Iredell,No,Thursday,Bicyclist Failed to Yield - Signalized Intersection,14.0,October,Bicyclist Ride Out - Signalized  Intersection,2011,57.0,No,O: No Injury,Female,Passenger Car,No,35.79114294,-80.86097487,Dry,30 - 35  MPH,Stop And Go Signal,Clear,No,0,0,10
No,16.0,No,Facing Traffic,C: Possible Injury,Male,Charlotte,Mecklenburg,No,Friday,Motorist Failed to Yield - Midblock,21.0,October,Motorist Drive Out - Commercial Driveway / Alley,2011,42.03850604944766,Missing,Unknown Injury,Unknown,Unknown,Yes,35.252376,-80.780338,Dry,5 - 15 MPH,No Control Present,Clear,No,1,0,10
Yes,30.0,No,With Traffic,C: Possible Injury,Male,Morrisville,Wake,No,Monday,Motorist Right Turn / Merge,16.0,October,Motorist Right Turn - Same Direction,2011,60.0,No,O: No Injury,Male,Sport Utility,No,35.804853,-78.813303,Dry,Unknown,Stop And Go Signal,Clear,No,0,0,10
No,16.0,No,With Traffic,C: Possible Injury,Male,None - Rural Crash,Rockingham,No,Monday,Motorist Overtaking Bicyclist,18.0,October,Motorist Overtaking - Misjudged Space,2011,42.03850604944766,Unknown,Unknown Injury,Unknown,Passenger Car,Yes,36.4698784,-79.95915912,Dry,50 - 55  MPH,No Control Present,Clear,No,1,0,10
Yes,20.0,No,With Traffic,C: Possible Injury,Female,Wilmington,New Hanover,No,Friday,Bicyclist Failed to Yield - Signalized Intersection,13.0,October,Bicyclist Ride Out - Signalized  Intersection,2011,64.0,No,O: No Injury,Male,Passenger Car,No,34.23715161,-77.86762098,Dry,30 - 35  MPH,Stop And Go Signal,Clear,No,0,0,10
Yes,31.0,No,With Traffic,B: Suspected Minor Injury,Female,Wilmington,New Hanover,No,Friday,Parallel Paths - Other Circumstances,23.0,October,Parallel Paths - Other / Unknown,2011,42.03850604944766,Missing,Unknown Injury,Unknown,Unknown,Yes,34.23514282,-77.93660331,Dry,20 - 25  MPH,Stop Sign,Clear,No,1,0,10
Yes,23.0,No,With Traffic,B: Suspected Minor Injury,Female,Chapel Hill,Orange,No,Sunday,Motorist Right Turn / Merge,20.0,October,Motorist Right Turn - Same Direction,2011,21.0,No,O: No Injury,Female,Passenger Car,No,35.90886395,-79.05932303,Dry,30 - 35  MPH,No Control Present,Clear,No,0,0,10