AmbulanceR,BikeAge,BikeAlcFlg,BikeDir,BikeInjury,BikeSex,City,County,CrashAlcoh,CrashDay,CrashGrp,CrashHour,CrashMonth,CrashType,CrashYear,DrvrAge,DrvrAlcFlg,DrvrInjury,DrvrSex,DrvrVehTyp,HitRun,Latitude,Longitude,RdConditio,SpeedLimit,TraffCntrl,Weather,Workzone,DrvrAgeImputedFlag,BikeAgeImputedFlag,MonthCode
Yes,48.0,Yes,With Traffic,B: Suspected Minor Injury,Male,Charlotte,Mecklenburg,Yes,Saturday,Bicyclist Right Turn / Merge,23.0,October,Bicyclist Right Turn - Same Direction,2011,21.0,No,O: No Injury,Male,Pickup,No,35.3237,-80.712261,Dry,30 - 35  MPH,No Control Present,Clear,No,0,0,10
Yes,39.0,No,With Traffic,B: Suspected Minor Injury,Male,Cary,Wake,No,Monday,Parallel Paths - Other Circumstances,13.0,October,Bicyclist Ride Out - Parallel Path,2011,40.0,No,O: No Injury,Female,Passenger Car,No,35.766599,-78.773078,Dry,30 - 35  MPH,No Control Present,Cloudy,No,0,0,10
Yes,33.0,No,With Traffic,B: Suspected Minor Injury,Male,Cary,Wake,No,Monday,Motorist Right Turn / Merge,8.0,October,Motorist Right Turn - Same Direction,2011,46.0,No,O: No Injury,Male,Truck/Trailer,No,35.790084,-78.850598,Dry,40 - 45  MPH,No Control Present,Clear,No,0,0,10
Yes,32.0,No,Not Applicable,B: Suspected Minor Injury,Male,Greensboro,Guilford,No,Sunday,Bicyclist Failed to Yield - Signalized Intersection,19.0,September,Bicyclist Ride Out - Signalized  Intersection,2011,41.0,No,O: No Injury,Female,Passenger Car,No,36.0619607,-79.81552794,Wet,30 - 35  MPH,Stop And Go Signal,Rain,No,0,0,9
Yes,19.0,No,With Traffic,C: Possible Injury,Male,Greensboro,Guilford,No,Monday,Motorist Right Turn / Merge,13.0,October,Motorist Right Turn - Same Direction,2011,73.0,No,O: No Injury,Male,Passenger Car,No,36.06375857,-79.82389205,Dry,30 - 35  MPH,Stop And Go Signal,Clear,No,0,0,10
Yes,14.0,No,Facing Traffic,C: Possible Injury,Male,Raleigh,Wake,No,Thursday,Motorist Failed to Yield - Sign-Controlled Intersection,18.0,October,Motorist Drive Out - Sign-Controlled Intersection,2011,19.0,No,O: No Injury,Female,Passenger Car,No,35.784668,-78.688038,Dry,20 - 25  MPH,Stop Sign,Clear,No,0,0,10
Yes,38.0,No,With Traffic,O: No Injury,Female,Raleigh,Wake,No,Saturday,Motorist Overtaking Bicyclist,5.0,October,Motorist Overtaking - Other / Unknown,2011,42.03850604944766,Missing,Unknown Injury,Unknown,Passenger Car,Yes,35.79346,-78.684317,Dry,30 - 35  MPH,No Control Present,Cloudy,No,1,0,10
Yes,38.0,No,With Traffic,B: Suspected Minor Injury,Male,Chapel Hill,Orange,No,Thursday,Loss of Control / Turning Error,17.0,October,Bicyclist Lost Control - Other / Unknown,2011,72.0,No,O: No Injury,Male,Passenger Car,No,35.91525247,-79.05683208,Dry,20 - 25  MPH,Stop Sign,Clear,No,0,0,10
Yes,59.0,No,Facing Traffic,C: Possible Injury,Male,Benson,Johnston,No,Sunday,Motorist Failed to Yield - Midblock,15.0,May,Motorist Drive Out - Commercial Driveway / Alley,2011,20.0,No,O: No Injury,Female,Pickup,No,35.37786689,-78.54199785,Dry,30 - 35  MPH,Stop And Go Signal,Clear,No,0,0,5
Yes,11.0,No,With Traffic,B: Suspected Minor Injury,Male,Winston-Salem,Forsyth,Yes,Tuesday,Loss of Control / Turning Error,14.0,October,Bicyclist Turning Error - Right Turn,2011,44.0,Yes,O: No Injury,Male,Sport Utility,No,36.17850225,-80.28265266,Dry,5 - 15 MPH,Stop Sign,Clear,No,0,0,10
No,26.0,No,With Traffic,C: Possible Injury,Male,Raleigh,Wake,No,Saturday,Motorist Left Turn / Merge,17.0,October,Motorist Left Turn - Same Direction,2011,42.03850604944766,Missing,Unknown Injury,Unknown,Commercial Bus,Yes,35.78572,-78.661324,Dry,30 - 35  MPH,No Control Present,Clear,No,1,0,10
Yes,30.0,No,With Traffic,B: Suspected Minor Injury,Male,None - Rural Crash,Carteret,No,Sunday,Motorist Overtaking Bicyclist,21.0,October,Motorist Overtaking - Other / Unknown,2011,68.0,No,O: No Injury,Male,Sport Utility,No,34.74951641,-76.65120307,Dry,50 - 55  MPH,"Double Yellow Line, No Passing Zone",Clear,No,0,0,10
Yes,20.0,Yes,Not Applicable,B: Suspected Minor Injury,Male,None - Rural Crash,New Hanover,Yes,Saturday,Bicyclist Failed to Yield - Midblock,5.0,October,Bicyclist Ride Out - Commercial Driveway / Alley,2011,48.0,No,O: No Injury,Female,Passenger Car,No,34.26826037,-77.86895653,Dry,50 - 55  MPH,No Control Present,Cloudy,No,0,0,10
Yes,40.0,No,Facing Traffic,B: Suspected Minor Injury,Female,Goldsboro,Wayne,No,Thursday,Motorist Failed to Yield - Sign-Controlled Intersection,17.0,October,Motorist Drive Out - Sign-Controlled Intersection,2011,32.0,No,O: No Injury,Male,Passenger Car,No,35.38930369,-77.92217461,Dry,30 - 35  MPH,Stop Sign,Clear,No,0,0,10
Yes,62.0,No,With Traffic,B: Suspected Minor Injury,Male,None - Rural Crash,Henderson,No,Tuesday,Motorist Overtaking Bicyclist,18.0,October,Motorist Overtaking - Other / Unknown,2011,41.0,No,O: No Injury,Male,Passenger Car,No,35.30405593,-82.58284003,Wet,40 - 45  MPH,"Double Yellow Line, No Passing Zone",Cloudy,No,0,0,10
Yes,17.0,No,Facing Traffic,B: Suspected Minor Injury,Male,Rocky Mount,Nash,No,Friday,Motorist Failed to Yield - Sign-Controlled Intersection,19.0,October,Motorist Drive Out - Sign-Controlled Intersection,2011,34.0,No,O: No Injury,Female,Passenger Car,No,35.93121404,-77.81287423,Dry,30 - 35  MPH,Stop Sign,Clear,No,0,0,10
No,32.52649525389365,Missing,Not Applicable,Unknown Injury,Unknown,Rocky Mount,Nash,No,Sunday,Non-Roadway,2.0,July,Non-Roadway,2011,22.0,No,O: No Injury,Male,Passenger Car,No,35.97766221,-77.8035116,Dry,5 - 15 MPH,No Control Present,Clear,No,0,1,7
Yes,54.0,No,With Traffic,C: Possible Injury,Female,Jacksonville,Onslow,No,Sunday,Motorist Overtaking Bicyclist,17.0,October,Motorist Overtaking - Misjudged Space,2011,82.0,No,O: No Injury,Female,Passenger Car,No,34.76838515,-77.37884943,Dry,40 - 45  MPH,No Control Present,Clear,No,0,0,10
Yes,21.0,No,Facing Traffic,C: Possible Injury,Male,Jacksonville,Onslow,No,Thursday,Motorist Failed to Yield - Midblock,16.0,October,Motorist Drive Out - Commercial Driveway / Alley,2011,51.0,No,O: No Injury,Male,Passenger Car,No,34.751806,-77.444389,Dry,Unknown,No Control Present,Clear,No,0,0,10
Yes,64.0,No,With Traffic,B: Suspected Minor Injury,Male,Raleigh,Wake,No,Friday,Motorist Failed to Yield - Midblock,20.0,October,Motorist Drive Out - Other Midblock,2011,31.0,No,O: No Injury,Male,Passenger Car,No,35.789468,-78.663985,Dry,30 - 35  MPH,No Control Present,Clear,No,0,0,10
No,61.0,No,Not Applicable,O: No Injury,Male,Rocky Mount,Edgecombe,No,Wednesday,Parallel Paths - Other Circumstances,11.0,September,Bicyclist Ride Out - Parallel Path,2011,24.0,No,O: No Injury,Male,Sport Utility,No,35.95022605,-77.78536191,Dry,30 - 35  MPH,Stop Sign,Clear,No,0,0,9
No,72.0,No,Facing Traffic,C: Possible Injury,Male,Rocky Mount,Edgecombe,No,Monday,Motorist Failed to Yield - Sign-Controlled Intersection,13.0,October,Motorist Drive Out - Sign-Controlled Intersection,2011,27.0,No,O: No Injury,Male,Pickup,No,35.94098564,-77.78771147,Dry,30 - 35  MPH,Stop Sign,Clear,No,0,0,10
No,22.0,No,With Traffic,B: Suspected Minor Injury,Female,Charlotte,Mecklenburg,No,Tuesday,Motorist Overtaking Bicyclist,4.0,October,Motorist Overtaking - Other / Unknown,2011,42.03850604944766,Missing,Unknown Injury,Unknown,Unknown,Yes,35.112771,-80.85717,Dry,40 - 45  MPH,No Control Present,Clear,No,1,0,10
Yes,46.0,Yes,With Traffic,B: Suspected Minor Injury,Male,None - Rural Crash,Onslow,Yes,Sunday,Motorist Overtaking Bicyclist,18.0,October,Motorist Overtaking - Misjudged Space,2011,59.0,No,O: No Injury,Male,Passenger Car,No,34.73552282,-77.16197755,Dry,40 - 45  MPH,No Control Present,Clear,No,0,0,10
No,22.0,No,With Traffic,B: Suspected Minor Injury,Male,Mount Airy,Surry,No,Monday,Motorist Overtaking Bicyclist,21.0,October,Motorist Overtaking - Other / Unknown,2011,42.0,No,O: No Injury,Male,Sport Utility,No,36.48701605,-80.61828963,Dry,20 - 25  MPH,No Control Present,Clear,No,0,0,10
Yes,25.0,No,With Traffic,A: Suspected Serious Injury,Male,None - Rural Crash,Wayne,No,Tuesday,Bicyclist Left Turn / Merge,16.0,October,Bicyclist Left Turn - Same Direction,2011,19.0,No,O: No Injury,Female,Passenger Car,No,35.31115097,-78.01659483,Dry,40 - 45  MPH,"Double Yellow Line, No Passing Zone",Clear,No,0,0,10
Yes,58.0,No,Facing Traffic,C: Possible Injury,Male,Rocky Mount,Nash,No,Saturday,Bicyclist Failed to Yield - Signalized Intersection,11.0,October,Bicyclist Ride Out - Signalized  Intersection,2011,29.0,No,O: No Injury,Female,Passenger Car,No,35.94464088,-77.79615172,Dry,20 - 25  MPH,Stop And Go Signal,Clear,No,0,0,10
Yes,35.0,No,Not Applicable,C: Possible Injury,Male,Wrightsville Beach,New Hanover,No,Friday,Bicyclist Failed to Yield - Midblock,12.0,October,Bicyclist Ride Out - Residential Driveway,2011,27.0,No,O: No Injury,Male,Pickup,No,34.2340075,-77.77695153,Dry,20 - 25  MPH,No Control Present,Clear,No,0,0,10
No,56.0,No,With Traffic,Unknown Injury,Female,Columbia,Tyrrell,No,Thursday,Motorist Overtaking Bicyclist,18.0,October,Motorist Overtaking - Bicyclist Swerved,2011,18.0,No,O: No Injury,Male,Passenger Car,No,35.91602998,-76.2497778,Dry,30 - 35  MPH,No Control Present,Clear,No,0,0,10
Yes,51.0,No,With Traffic,C: Possible Injury,Male,Greensboro,Guilford,No,Saturday,Bicyclist Left Turn / Merge,15.0,October,Bicyclist Left Turn - Same Direction,2011,65.0,No,O: No Injury,Female,Passenger Car,No,36.15224257,-79.81273193,Dry,30 - 35  MPH,No Control Present,Clear,No,0,0,10
Yes,78.0,No,With Traffic,A: Suspected Serious Injury,Male,None - Rural Crash,Moore,No,Tuesday,Motorist Overtaking Bicyclist,10.0,October,Motorist Overtaking - Other / Unknown,2011,77.0,No,O: No Injury,Male,Van,No,35.21362663,-79.37769052,Dry,50 - 55  MPH,No Control Present,Clear,No,0,0,10
Yes,28.0,No,With Traffic,C: Possible Injury,Female,Durham,Durham,No,Thursday,Bicyclist Left Turn / Merge,10.0,October,Bicyclist Left Turn - Same Direction,2011,68.0,No,O: No Injury,Male,Passenger Car,No,36.00767,-78.92218,Dry,20 - 25  MPH,Stop Sign,Clear,No,0,0,10
Yes,51.0,No,With Traffic,B: Suspected Minor Injury,Male,Raleigh,Wake,No,Sunday,Motorist Left Turn / Merge,7.0,October,Motorist Left Turn - Opposite Direction,2011,21.0,No,O: No Injury,Female,Passenger Car,No,35.78556,-78.675581,Dry,20 - 25  MPH,No Control Present,Clear,No,0,0,10
No,21.0,No,With Traffic,B: Suspected Minor Injury,Male,Wilmington,New Hanover,No,Thursday,Motorist Failed to Yield - Midblock,19.0,October,Motorist Drive Out - Commercial Driveway / Alley,2011,42.03850604944766,Missing,Unknown Injury,Unknown,Unknown,Yes,34.23233069,-77.88260316,Dry,30 - 35  MPH,No Control Present,Clear,No,1,0,10
Yes,47.0,No,Not Applicable,C: Possible Injury,Male,Monroe,Union,No,Friday,Bicyclist Failed to Yield - Midblock,14.0,October,Bicyclist Ride Out - Other Midblock,2011,41.0,No,O: No Injury,Female,Passenger Car,No,34.98932862,-80.53202869,Dry,40 - 45  MPH,No Control Present,Clear,No,0,0,10
Yes,57.0,No,With Traffic,C: Possible Injury,Male,Greensboro,Guilford,No,Monday,Bicyclist Right Turn / Merge,12.0,October,Bicyclist Right Turn - Same Direction,2011,52.0,No,O: No Injury,Male,Passenger Car,No,36.08844228,-79.82579374,Dry,40 - 45  MPH,Stop And Go Signal,Cloudy,No,0,0,10
Yes,24.0,No,With Traffic,C: Possible Injury,Male,None - Rural Crash,Onslow,No,Friday,Motorist Overtaking Bicyclist,8.0,October,Motorist Overtaking - Other / Unknown,2011,61.0,Unknown,O: No Injury,Male,Passenger Car,Yes,34.72390877,-77.48353048,Dry,40 - 45  MPH,"Double Yellow Line, No Passing Zone",Cloudy,No,0,0,10
Yes,17.0,No,With Traffic,C: Possible Injury,Male,None - Rural Crash,Yadkin,No,Monday,Motorist Overtaking Bicyclist,22.0,October,Motorist Overtaking - Undetected Bicyclist,2011,18.0,No,O: No Injury,Female,Passenger Car,No,36.20137286,-80.50349366,Dry,50 - 55  MPH,No Control Present,Clear,No,0,0,10
Yes,45.0,Unknown,With Traffic,K: Killed,Male,None - Rural Crash,Davidson,No,Tuesday,Motorist Overtaking Bicyclist,19.0,November,Motorist Overtaking - Misjudged Space,2011,30.0,Unknown,O: No Injury,Male,Pickup,Yes,35.73917852,-80.10275624,Dry,50 - 55  MPH,"Double Yellow Line, No Passing Zone",Clear,No,0,0,11
Yes,45.0,No,Facing Traffic,C: Possible Injury,Male,Greensboro,Guilford,No,Sunday,Loss of Control / Turning Error,11.0,October,Bicyclist Turning Error - Left Turn,2011,30.0,No,O: No Injury,Female,Passenger Car,No,36.0514489,-79.76454307,Dry,30 - 35  MPH,Stop Sign,Clear,No,0,0,10
No,51.0,No,Facing Traffic,C: Possible Injury,Male,Raleigh,Wake,No,Thursday,Motorist Failed to Yield - Midblock,17.0,October,Motorist Drive Out - Commercial Driveway / Alley,2011,44.0,No,O: No Injury,Female,Van,No,35.740367,-78.629825,Dry,30 - 35  MPH,No Control Present,Clear,No,0,0,10
Yes,20.0,No,With Traffic,B: Suspected Minor Injury,Male,Wilmington,New Hanover,No,Monday,Motorist Left Turn / Merge,22.0,October,Motorist Left Turn - Opposite Direction,2011,21.0,No,O: No Injury,Female,Sport Utility,No,34.22362535,-77.87277888,Dry,20 - 25  MPH,Stop Sign,Clear,No,0,0,10
No,57.0,No,With Traffic,C: Possible Injury,Male,Rocky Mount,Nash,No,Sunday,Motorist Failed to Yield - Sign-Controlled Intersection,15.0,September,Motorist Drive Through - Sign-Controlled Intersection,2011,82.0,No,O: No Injury,Female,Passenger Car,No,35.94542746,-77.79918546,Dry,20 - 25  MPH,Stop Sign,Clear,No,0,0,9
No,59.0,No,With Traffic,B: Suspected Minor Injury,Male,Wilmington,New Hanover,No,Sunday,Bicyclist Failed to Yield - Signalized Intersection,10.0,October,Bicyclist Ride Out - Signalized  Intersection,2011,32.0,No,O: No Injury,Male,"Single Unit Truck (2-Axle, 6-Tire)",No,34.24819398,-77.94761782,Dry,30 - 35  MPH,Stop And Go Signal,Clear,No,0,0,10
No,26.0,No,With Traffic,C: Possible Injury,Male,Greensboro,Guilford,No,Saturday,Motorist Overtaking Bicyclist,6.0,October,Motorist Overtaking - Other / Unknown,2011,22.0,No,O: No Injury,Male,Passenger Car,No,36.03917464,-79.90037217,Dry,Unknown,No Control Present,Clear,No,0,0,10
Yes,57.0,Yes,With Traffic,C: Possible Injury,Male,Greensboro,Guilford,Yes,Monday,Parallel Paths - Other Circumstances,17.0,October,Bicyclist Ride Out - Parallel Path,2011,30.0,No,O: No Injury,Female,Passenger Car,No,36.03970462,-79.84953295,Dry,30 - 35  MPH,Stop And Go Signal,Clear,No,0,0,10
Yes,27.0,No,Facing Traffic,C: Possible Injury,Male,Charlotte,Mecklenburg,No,Friday,Motorist Failed to Yield - Midblock,7.0,September,Motorist Drive Out - Commercial Driveway / Alley,2011,41.0,No,O: No Injury,Female,Passenger Car,No,35.258682,-80.785106,Dry,5 - 15 MPH,No Control Present,Clear,No,0,0,9
No,26.0,No,With Traffic,O: No Injury,Female,Durham,Durham,No,Tuesday,Motorist Failed to Yield - Signalized Intersection,21.0,November,Motorist Drive Out - Right Turn on Red,2011,42.03850604944766,Missing,Unknown Injury,Unknown,Passenger Car,Yes,35.9969,-78.910269,Wet,30 - 35  MPH,Stop And Go Signal,Rain,No,1,0,11
Yes,14.0,No,Facing Traffic,B: Suspected Minor Injury,Male,None - Rural Crash,Beaufort,No,Tuesday,Bicyclist Right Turn / Merge,17.0,October,Bicyclist Right Turn - Same Direction,2011,20.0,No,O: No Injury,Female,Passenger Car,No,35.52381937,-77.0096004,Dry,40 - 45  MPH,"Double Yellow Line, No Passing Zone",Clear,No,0,0,10
No,56.0,No,With Traffic,O: No Injury,Male,Mooresville,Iredell,No,Saturday,Bicyclist Overtaking Motorist,10.0,October,Bicyclist Overtaking - Passing on Right,2011,32.0,No,O: No Injury,Male,Pickup,No,35.57232547,-80.82514154,Dry,30 - 35  MPH,No Control Present,Clear,No,0,0,10
Yes,4.0,No,With Traffic,B: Suspected Minor Injury,Male,Gastonia,Gaston,No,Sunday,Bicyclist Failed to Yield - Sign-Controlled Intersection,16.0,October,Bicyclist Ride Through - Sign-Controlled Intersection,2011,51.0,No,O: No Injury,Male,Sport Utility,No,35.27127306,-81.18206006,Dry,30 - 35  MPH,Stop Sign,Clear,No,0,0,10
Yes,64.0,No,With Traffic,B: Suspected Minor Injury,Male,Winston-Salem,Forsyth,No,Monday,Motorist Failed to Yield - Sign-Controlled Intersection,7.0,October,Motorist Drive Out - Sign-Controlled Intersection,2011,52.0,No,O: No Injury,Female,Passenger Car,No,36.10522701,-80.23497287,Dry,30 - 35  MPH,Stop Sign,Clear,No,0,0,10
Yes,48.0,No,With Traffic,A: Suspected Serious Injury,Female,None - Rural Crash,Forsyth,No,Thursday,Bicyclist Left Turn / Merge,13.0,November,Bicyclist Left Turn - Same Direction,2011,67.0,No,O: No Injury,Male,Sport Utility,No,36.21163992,-80.28321981,Dry,50 - 55  MPH,No Control Present,Clear,No,0,0,11
No,63.0,No,Facing Traffic,B: Suspected Minor Injury,Male,Gastonia,Gaston,No,Sunday,Motorist Failed to Yield - Midblock,17.0,October,Motorist Drive Out - Residential Driveway,2011,80.0,No,O: No Injury,Male,Passenger Car,No,35.24447988,-81.13773805,Dry,40 - 45  MPH,No Control Present,Clear,No,0,0,10
Yes,21.0,No,Facing Traffic,B: Suspected Minor Injury,Male,Raleigh,Wake,No,Friday,Motorist Failed to Yield - Sign-Controlled Intersection,16.0,November,Motorist Drive Out - Sign-Controlled Intersection,2011,38.0,No,O: No Injury,Female,Sport Utility,No,35.757,-78.638614,Wet,20 - 25  MPH,Stop Sign,Cloudy,No,0,0,11
Yes,21.0,No,With Traffic,O: No Injury,Male,Raleigh,Wake,No,Wednesday,Motorist Right Turn / Merge,18.0,November,Motorist Right Turn - Same Direction,2011,19.0,No,O: No Injury,Male,Passenger Car,No,35.78707,-78.664041,Dry,30 - 35  MPH,No Control Present,Clear,No,0,0,11
No,56.0,No,With Traffic,B: Suspected Minor Injury,Male,Wilmington,New Hanover,No,Sunday,Loss of Control / Turning Error,2.0,October,Motorist Lost Control - Other / Unknown,2011,42.03850604944766,Missing,Unknown Injury,Unknown,Unknown,Yes,34.25471433,-77.87927,Dry,50 - 55  MPH,No Control Present,Clear,No,1,0,10
No,16.0,No,With Traffic,C: Possible Injury,Female,Charlotte,Mecklenburg,No,Friday,Crossing Paths - Other Circumstances,18.0,October,Signalized Intersection - Other / Unknown,2011,19.0,No,O: No Injury,Male,Passenger Car,No,35.238046,-80.875281,Dry,30 - 35  MPH,Stop And Go Signal,Clear,No,0,0,10
No,70.0,No,With Traffic,B: Suspected Minor Injury,Male,Fayetteville,Cumberland,No,Tuesday,Motorist Overtaking Bicyclist,17.0,October,Motorist Overtaking - Bicyclist Swerved,2011,50.0,No,O: No Injury,Male,Pickup,No,35.04343416,-78.95200787,Dry,40 - 45  MPH,No Control Present,Clear,No,0,0,10
No,42.0,No,With Traffic,C: Possible Injury,Male,Charlotte,Mecklenburg,No,Tuesday,Motorist Left Turn / Merge,18.0,October,Motorist Left Turn - Opposite Direction,2011,71.0,No,O: No Injury,Male,Passenger Car,No,35.119319,-80.807807,Dry,40 - 45  MPH,No Control Present,Clear,No,0,0,10
Yes,20.0,No,Facing Traffic,O: No Injury,Male,Raleigh,Wake,No,Wednesday,Motorist Failed to Yield - Sign-Controlled Intersection,18.0,October,Motorist Drive Out - Sign-Controlled Intersection,2011,21.0,No,O: No Injury,Female,Passenger Car,No,35.781064,-78.676723,Dry,5 - 15 MPH,Stop Sign,Clear,No,0,0,10
Yes,47.0,No,Facing Traffic,C: Possible Injury,Male,Fayetteville,Cumberland,No,Thursday,Motorist Failed to Yield - Sign-Controlled Intersection,16.0,October,Motorist Drive Out - Sign-Controlled Intersection,2011,50.0,No,O: No Injury,Female,Sport Utility,No,35.05683692,-78.88096682,Dry,30 - 35  MPH,Stop Sign,Clear,No,0,0,10
Yes,24.0,No,Facing Traffic,C: Possible Injury,Male,Charlotte,Mecklenburg,No,Wednesday,Loss of Control / Turning Error,22.0,October,Motorist Turning Error - Right Turn,2011,42.03850604944766,Missing,Unknown Injury,Unknown,Unknown,Yes,35.213929,-80.771269,Dry,30 - 35  MPH,No Control Present,Clear,No,1,0,10
No,21.0,No,Facing Traffic,C: Possible Injury,Male,Asheboro,Randolph,No,Monday,Head-On,13.0,October,Head-On - Bicyclist,2011,69.0,No,O: No Injury,Male,Pickup,No,35.70798051,-79.81502876,Dry,30 - 35  MPH,No Control Present,Clear,No,0,0,10
No,28.0,No,With Traffic,C: Possible Injury,Male,Raleigh,Wake,No,Thursday,Bicyclist Overtaking Motorist,8.0,October,Bicyclist Overtaking - Passing on Right,2011,42.03850604944766,Missing,Unknown Injury,Unknown,Unknown,Yes,35.78504,-78.675581,Dry,20 - 25  MPH,No Control Present,Clear,No,1,0,10
Yes,15.0,No,Facing Traffic,C: Possible Injury,Female,Beaufort,Carteret,No,Monday,Bicyclist Right Turn / Merge,18.0,October,Bicyclist Right Turn - Same Direction,2011,20.0,No,O: No Injury,Male,Sport Utility,No,34.71263489,-76.65327887,Dry,30 - 35  MPH,No Control Present,Clear,No,0,0,10
No,30.0,Yes,Not Applicable,B: Suspected Minor Injury,Male,Charlotte,Mecklenburg,Yes,Friday,Bicyclist Failed to Yield - Midblock,15.0,November,Bicyclist Ride Out - Other Midblock,2011,57.0,No,O: No Injury,Male,Sport Utility,No,35.217953,-80.794413,Dry,30 - 35  MPH,No Control Present,Clear,No,0,0,11
Yes,43.0,No,With Traffic,B: Suspected Minor Injury,Male,Hendersonville,Henderson,No,Wednesday,Motorist Overtaking Bicyclist,7.0,October,Motorist Overtaking - Other / Unknown,2011,25.0,No,O: No Injury,Female,Sport Utility,No,35.30582114,-82.44832587,Dry,30 - 35  MPH,No Control Present,Clear,No,0,0,10
No,25.0,No,With Traffic,B: Suspected Minor Injury,Male,Boone,Watauga,No,Saturday,Motorist Left Turn / Merge,10.0,November,Motorist Left Turn - Opposite Direction,2011,73.0,No,O: No Injury,Male,Sport Utility,No,36.21035581,-81.6771006,Dry,20 - 25  MPH,No Control Present,Clear,No,0,0,11
Yes,33.0,No,With Traffic,B: Suspected Minor Injury,Male,Asheville,Buncombe,No,Saturday,Motorist Overtaking Bicyclist,20.0,October,Motorist Overtaking - Undetected Bicyclist,2011,28.0,No,O: No Injury,Male,"Light Truck (Mini-Van, Panel)",No,35.5552744,-82.6476022,Dry,30 - 35  MPH,No Control Present,Clear,No,0,0,10
No,26.0,No,With Traffic,C: Possible Injury,Male,Asheville,Buncombe,No,Thursday,Motorist Failed to Yield - Signalized Intersection,13.0,October,Motorist Drive Out - Signalized Intersection,2011,42.03850604944766,Missing,Unknown Injury,Unknown,Unknown,Yes,35.59311096,-82.55125878,Dry,20 - 25  MPH,"Double Yellow Line, No Passing Zone",Clear,Yes,1,0,10
No,40.0,No,With Traffic,C: Possible Injury,Male,Raleigh,Wake,No,Sunday,Crossing Paths - Other Circumstances,23.0,November,Signalized Intersection - Other / Unknown,2011,42.03850604944766,Missing,Unknown Injury,Unknown,Passenger Car,Yes,35.784244,-78.693809,Dry,40 - 45  MPH,Stop And Go Signal,Clear,No,1,0,11
Yes,65.0,No,With Traffic,C: Possible Injury,Male,None - Rural Crash,Randolph,No,Saturday,Motorist Overtaking Bicyclist,14.0,November,Motorist Overtaking - Misjudged Space,2011,42.03850604944766,Unknown,Unknown Injury,Unknown,Passenger Car,Yes,35.66956917,-79.82173832,Dry,40 - 45  MPH,Stop And Go Signal,Clear,No,1,0,11
Yes,47.0,No,With Traffic,C: Possible Injury,Male,Gastonia,Gaston,No,Wednesday,Motorist Failed to Yield - Sign-Controlled Intersection,14.0,October,Motorist Drive Out - Sign-Controlled Intersection,2011,55.0,No,O: No Injury,Male,Pickup,No,35.21445316,-81.13322496,Dry,40 - 45  MPH,Yield Sign,Cloudy,No,0,0,10
No,18.0,No,With Traffic,B: Suspected Minor Injury,Female,High Point,Guilford,No,Thursday,Bicyclist Failed to Yield - Signalized Intersection,16.0,October,Bicyclist Ride Out - Signalized  Intersection,2011,26.0,No,O: No Injury,Male,Sport Utility,No,35.97906901,-79.99634032,Dry,30 - 35  MPH,Stop And Go Signal,Clear,No,0,0,10
No,32.52649525389365,Missing,Facing Traffic,Unknown Injury,Unknown,Raleigh,Wake,No,Monday,Bicyclist Failed to Yield - Signalized Intersection,14.0,November,Bicyclist Ride Through - Signalized Intersection,2011,22.0,No,O: No Injury,Female,Passenger Car,No,35.7867,-78.664041,Dry,30 - 35  MPH,Stop And Go Signal,Clear,No,0,1,11
Yes,50.0,No,With Traffic,C: Possible Injury,Male,Greensboro,Guilford,No,Wednesday,Motorist Overtaking Bicyclist,21.0,October,Motorist Overtaking - Misjudged Space,2011,80.0,No,O: No Injury,Female,Unknown,Yes,36.06856851,-79.84805398,Dry,40 - 45  MPH,No Control Present,Clear,No,0,0,10
Yes,7.0,No,Not Applicable,B: Suspected Minor Injury,Male,Greensboro,Guilford,No,Tuesday,Bicyclist Failed to Yield - Midblock,18.0,October,Bicyclist Ride Out - Residential Driveway,2011,51.0,No,O: No Injury,Male,Passenger Car,No,36.09315742,-79.77593705,Dry,20 - 25  MPH,No Control Present,Clear,No,0,0,10
No,37.0,No,With Traffic,B: Suspected Minor Injury,Male,None - Rural Crash,Pender,No,Thursday,Loss of Control / Turning Error,12.0,October,Bicyclist Lost Control - Other / Unknown,2011,59.0,No,O: No Injury,Female,Van,No,34.31955985,-77.76815105,Dry,50 - 55  MPH,No Control Present,Cloudy,No,0,0,10
Yes,52.0,No,With Traffic,B: Suspected Minor Injury,Male,None - Rural Crash,Robeson,No,Tuesday,Motorist Overtaking Bicyclist,11.0,November,Motorist Overtaking - Misjudged Space,2011,38.0,No,O: No Injury,Female,Passenger Car,Yes,34.81189781,-79.14440337,Dry,50 - 55  MPH,"Double Yellow Line, No Passing Zone",Clear,No,0,0,11
Yes,53.0,No,With Traffic,B: Suspected Minor Injury,Male,Burgaw,Pender,No,Friday,Motorist Overtaking Bicyclist,22.0,October,Motorist Overtaking - Misjudged Space,2011,31.0,No,O: No Injury,Male,Pickup,No,34.56484946,-77.91459935,Dry,30 - 35  MPH,No Control Present,Clear,No,0,0,10