AmbulanceR,BikeAge,BikeAlcFlg,BikeDir,BikeInjury,BikeSex,City,County,CrashAlcoh,CrashDay,CrashGrp,CrashHour,CrashMonth,CrashType,CrashYear,DrvrAge,DrvrAlcFlg,DrvrInjury,DrvrSex,DrvrVehTyp,HitRun,Latitude,Longitude,RdConditio,SpeedLimit,TraffCntrl,Weather,Workzone,DrvrAgeImputedFlag,BikeAgeImputedFlag,MonthCode
Yes,8.0,No,Not Applicable,C: Possible Injury,Male,Red Springs,Robeson,No,Wednesday,Crossing Paths - Other Circumstances,17.0,October,Crossing Paths - Intersection - Other / Unknown,2011,18.0,No,O: No Injury,Male,Passenger Car,No,34.82758858,-79.1739915,Wet,30 - 35  MPH,Stop Sign,Rain,No,0,0,10
Yes,67.0,No,With Traffic,A: Suspected Serious Injury,Female,Wilmington,New Hanover,No,Wednesday,Motorist Failed to Yield - Sign-Controlled Intersection,17.0,October,Motorist Drive Out - Sign-Controlled Intersection,2011,49.0,No,O: No Injury,Female,Sport Utility,No,34.24399169,-77.83773391,Dry,20 - 25  MPH,Yield Sign,Clear,No,0,0,10
Yes,21.0,No,Facing Traffic,B: Suspected Minor Injury,Male,None - Rural Crash,Brunswick,No,Sunday,Loss of Control / Turning Error,20.0,October,Motorist Lost Control - Other / Unknown,2011,42.03850604944766,Missing,Unknown Injury,Unknown,Unknown,Yes,33.89973279,-78.55093255,Dry,50 - 55  MPH,No Control Present,Clear,No,1,0,10
No,46.0,No,Unknown,C: Possible Injury,Male,Charlotte,Mecklenburg,No,Tuesday,Other / Unknown - Insufficient Details,11.0,November,Unknown Approach Paths,2011,53.0,No,O: No Injury,Female,Pickup,No,35.259884,-80.777125,Dry,40 - 45  MPH,Stop And Go Signal,Cloudy,No,0,0,11
No,20.0,No,With Traffic,C: Possible Injury,Male,Conover,Catawba,No,Sunday,Motorist Failed to Yield - Sign-Controlled Intersection,8.0,November,Motorist Drive Out - Sign-Controlled Intersection,2011,41.0,No,O: No Injury,Male,Passenger Car,No,35.7065031,-81.20049593,Dry,30 - 35  MPH,Stop Sign,Clear,No,0,0,11
No,18.0,No,Not Applicable,B: Suspected Minor Injury,Female,Wilmington,New Hanover,No,Friday,Non-Roadway,9.0,October,Non-Roadway,2011,45.0,No,O: No Injury,Female,Passenger Car,No,34.21938837,-77.87170821,Dry,5 - 15 MPH,No Control Present,Cloudy,No,0,0,10
No,32.52649525389365,Missing,Facing Traffic,Unknown Injury,Unknown,Raleigh,Wake,No,Thursday,Crossing Paths - Other Circumstances,6.0,November,Signalized Intersection - Other / Unknown,2011,58.0,No,O: No Injury,Male,Passenger Car,No,35.790431,-78.740143,Wet,20 - 25  MPH,Stop And Go Signal,Rain,No,0,1,11
Yes,55.0,No,With Traffic,B: Suspected Minor Injury,Male,Knightdale,Wake,No,Thursday,Motorist Failed to Yield - Sign-Controlled Intersection,8.0,November,Motorist Drive Out - Sign-Controlled Intersection,2011,17.0,No,O: No Injury,Female,Passenger Car,No,35.798964,-78.474798,Wet,40 - 45  MPH,Stop Sign,Rain,No,0,0,11
Yes,49.0,No,With Traffic,B: Suspected Minor Injury,Female,Cary,Wake,No,Tuesday,Motorist Left Turn / Merge,13.0,November,Motorist Left Turn - Opposite Direction,2011,42.0,No,O: No Injury,Male,Passenger Car,No,35.725742,-78.792612,Dry,40 - 45  MPH,Stop Sign,Clear,No,0,0,11
No,20.0,No,Not Applicable,B: Suspected Minor Injury,Male,Boone,Watauga,No,Tuesday,Crossing Paths - Other Circumstances,11.0,November,Crossing Paths - Uncontrolled Intersection,2011,36.0,No,O: No Injury,Female,Passenger Car,No,36.20259095,-81.65374869,Dry,20 - 25  MPH,"Double Yellow Line, No Passing Zone",Clear,No,0,0,11
Yes,46.0,No,With Traffic,C: Possible Injury,Male,Raleigh,Wake,No,Friday,Motorist Failed to Yield - Sign-Controlled Intersection,18.0,November,Motorist Drive Out - Sign-Controlled Intersection,2011,23.0,No,O: No Injury,Male,Passenger Car,No,35.908983,-78.592636,Dry,20 - 25  MPH,Stop Sign,Clear,No,0,0,11
No,52.0,No,With Traffic,C: Possible Injury,Male,Greensboro,Guilford,No,Tuesday,Motorist Overtaking Bicyclist,22.0,November,Motorist Overtaking - Other / Unknown,2011,19.0,No,O: No Injury,Male,Passenger Car,No,36.15022802,-79.83548342,Dry,30 - 35  MPH,No Control Present,Clear,No,0,0,11
Yes,22.0,No,With Traffic,C: Possible Injury,Female,Greensboro,Guilford,No,Tuesday,Motorist Left Turn / Merge,12.0,November,Motorist Left Turn - Opposite Direction,2011,21.0,No,O: No Injury,Female,Passenger Car,No,36.06485364,-79.81516593,Dry,20 - 25  MPH,No Control Present,Clear,No,0,0,11
No,31.0,No,With Traffic,C: Possible Injury,Male,Charlotte,Mecklenburg,No,Wednesday,Motorist Left Turn / Merge,8.0,November,Motorist Left Turn - Opposite Direction,2011,82.0,No,O: No Injury,Male,Sport Utility,No,35.180669,-80.889286,Dry,30 - 35  MPH,Stop And Go Signal,Clear,No,0,0,11
Yes,27.0,No,With Traffic,B: Suspected Minor Injury,Male,Winston-Salem,Forsyth,No,Thursday,Motorist Overtaking Bicyclist,20.0,November,Motorist Overtaking - Other / Unknown,2011,51.0,No,O: No Injury,Male,Pickup,No,36.05332952,-80.20698852,Dry,40 - 45  MPH,No Control Present,Cloudy,No,0,0,11
No,50.0,No,Facing Traffic,O: No Injury,Male,Smithfield,Johnston,No,Thursday,Crossing Paths - Other Circumstances,18.0,November,Signalized Intersection - Other / Unknown,2011,61.0,No,O: No Injury,Male,Sport Utility,No,35.51413487,-78.33076674,Dry,30 - 35  MPH,Stop And Go Signal,Clear,No,0,0,11
No,15.0,No,With Traffic,B: Suspected Minor Injury,Male,None - Rural Crash,Scotland,No,Monday,Bicyclist Left Turn / Merge,17.0,November,Bicyclist Left Turn - Same Direction,2011,34.0,No,O: No Injury,Male,Pickup,No,34.86714854,-79.54783916,Dry,50 - 55  MPH,No Control Present,Clear,No,0,0,11
Yes,9.0,No,Not Applicable,B: Suspected Minor Injury,Male,Charlotte,Mecklenburg,Yes,Wednesday,Bicyclist Failed to Yield - Midblock,15.0,November,Bicyclist Ride Out - Other Midblock,2011,46.0,Yes,O: No Injury,Male,Pickup,No,35.2601,-80.835096,Dry,20 - 25  MPH,No Control Present,Clear,No,0,0,11
Yes,46.0,Yes,With Traffic,B: Suspected Minor Injury,Male,Charlotte,Mecklenburg,Yes,Saturday,Bicyclist Failed to Yield - Signalized Intersection,17.0,November,Bicyclist Ride Through - Signalized Intersection,2011,44.0,No,O: No Injury,Female,Sport Utility,No,35.248331,-80.829151,Dry,30 - 35  MPH,Stop And Go Signal,Clear,No,0,0,11
Yes,48.0,Yes,Unknown,C: Possible Injury,Male,Charlotte,Mecklenburg,Yes,Friday,Other / Unknown - Insufficient Details,0.0,November,Unknown Approach Paths,2011,42.03850604944766,Missing,Unknown Injury,Unknown,Unknown,Yes,35.21597,-80.780798,Wet,40 - 45  MPH,No Control Present,Rain,No,1,0,11
No,47.0,No,With Traffic,C: Possible Injury,Male,None - Rural Crash,Yancey,No,Saturday,Motorist Overtaking Bicyclist,14.0,November,Motorist Overtaking - Misjudged Space,2011,25.0,No,O: No Injury,Male,Passenger Car,No,35.91315665,-82.43563101,Dry,50 - 55  MPH,"Double Yellow Line, No Passing Zone",Clear,Yes,0,0,11
Yes,23.0,No,Not Applicable,C: Possible Injury,Male,Wilmington,New Hanover,No,Friday,Bicyclist Failed to Yield - Signalized Intersection,10.0,November,Bicyclist Ride Out - Signalized  Intersection,2011,29.0,No,O: No Injury,Female,Van,No,34.236692,-77.87258555,Dry,40 - 45  MPH,Stop And Go Signal,Cloudy,No,0,0,11
Yes,17.0,No,Facing Traffic,C: Possible Injury,Male,Greensboro,Guilford,No,Thursday,Motorist Failed to Yield - Sign-Controlled Intersection,10.0,November,Motorist Drive Out - Sign-Controlled Intersection,2011,59.0,No,O: No Injury,Female,Passenger Car,No,36.09238213,-79.77092671,Wet,30 - 35  MPH,Stop Sign,Cloudy,No,0,0,11
Yes,39.0,No,With Traffic,B: Suspected Minor Injury,Female,Cary,Wake,No,Saturday,Motorist Failed to Yield - Sign-Controlled Intersection,13.0,November,Motorist Drive Out - Sign-Controlled Intersection,2011,17.0,No,O: No Injury,Male,Passenger Car,No,35.801593,-78.913307,Dry,30 - 35  MPH,Stop Sign,Clear,No,0,0,11
Yes,21.0,No,With Traffic,C: Possible Injury,Male,Wilson,Wilson,No,Sunday,Loss of Control / Turning Error,12.0,October,Motorist Turning Error - Right Turn,2011,19.0,No,O: No Injury,Female,Passenger Car,No,35.749521,-77.916694,Dry,30 - 35  MPH,Stop Sign,Clear,No,0,0,10
No,54.0,No,With Traffic,Unknown Injury,Male,Charlotte,Mecklenburg,No,Wednesday,Motorist Left Turn / Merge,16.0,November,Motorist Left Turn - Opposite Direction,2011,50.0,No,O: No Injury,Female,Passenger Car,No,35.203129,-80.744002,Dry,40 - 45  MPH,Stop And Go Signal,Clear,No,0,0,11
Yes,39.0,No,Not Applicable,B: Suspected Minor Injury,Male,Gastonia,Gaston,No,Tuesday,Bicyclist Failed to Yield - Midblock,12.0,November,Multiple Threat - Midblock,2011,57.0,No,O: No Injury,Female,Passenger Car,No,35.2528767,-81.17658092,Dry,30 - 35  MPH,No Control Present,Clear,No,0,0,11
No,55.0,No,With Traffic,O: No Injury,Male,Albemarle,Stanly,No,Tuesday,Motorist Overtaking Bicyclist,23.0,July,Motorist Overtaking - Misjudged Space,2011,26.0,Unknown,O: No Injury,Female,Passenger Car,Yes,35.353712,-80.182645,Dry,30 - 35  MPH,No Control Present,Cloudy,No,0,0,7
Yes,46.0,No,With Traffic,B: Suspected Minor Injury,Male,None - Rural Crash,Scotland,No,Wednesday,Motorist Overtaking Bicyclist,15.0,November,Motorist Overtaking - Undetected Bicyclist,2011,49.0,No,O: No Injury,Female,Passenger Car,No,34.86348418,-79.54898524,Dry,50 - 55  MPH,No Control Present,Clear,No,0,0,11
No,55.0,Yes,With Traffic,C: Possible Injury,Male,Burlington,Alamance,Yes,Monday,Motorist Left Turn / Merge,18.0,November,Motorist Left Turn - Opposite Direction,2011,56.0,No,O: No Injury,Female,Sport Utility,No,36.101112,-79.412173,Dry,30 - 35  MPH,Stop Sign,Clear,No,0,0,11
Yes,16.0,No,Unknown,C: Possible Injury,Male,Raleigh,Wake,No,Thursday,Motorist Failed to Yield - Sign-Controlled Intersection,19.0,December,Motorist Drive Out - Sign-Controlled Intersection,2011,20.0,No,O: No Injury,Male,Passenger Car,No,35.79022,-78.547507,Dry,30 - 35  MPH,Stop Sign,Clear,No,0,0,12
Yes,48.0,No,With Traffic,B: Suspected Minor Injury,Male,None - Rural Crash,Lincoln,No,Thursday,Motorist Failed to Yield - Midblock,21.0,December,Motorist Drive Out - Residential Driveway,2011,44.0,No,O: No Injury,Female,Van,No,35.41128483,-81.20303868,Dry,30 - 35  MPH,No Control Present,Clear,No,0,0,12
Yes,53.0,No,With Traffic,C: Possible Injury,Male,None - Rural Crash,Wake,No,Thursday,Motorist Overtaking Bicyclist,17.0,December,Motorist Overtaking - Misjudged Space,2011,55.0,No,O: No Injury,Male,Pickup,No,35.581428,-78.817491,Dry,40 - 45  MPH,"Double Yellow Line, No Passing Zone",Clear,No,0,0,12
Yes,79.0,No,With Traffic,Unknown Injury,Male,Wilmington,New Hanover,No,Tuesday,Loss of Control / Turning Error,6.0,November,Bicyclist Turning Error - Right Turn,2011,65.0,No,O: No Injury,Male,Taxicab,No,34.2197447,-77.88667074,Dry,20 - 25  MPH,No Control Present,Clear,No,0,0,11
No,23.0,No,With Traffic,C: Possible Injury,Male,Greensboro,Guilford,No,Wednesday,Bicyclist Failed to Yield - Signalized Intersection,18.0,November,Bicyclist Failed to Clear - Trapped,2011,58.0,No,O: No Injury,Female,Passenger Car,No,36.06231083,-79.81538756,Wet,30 - 35  MPH,Stop And Go Signal,Rain,No,0,0,11
Yes,8.0,No,With Traffic,B: Suspected Minor Injury,Male,Chapel Hill,Orange,No,Saturday,Bicyclist Failed to Yield - Sign-Controlled Intersection,15.0,November,Bicyclist Ride Through - Sign-Controlled Intersection,2011,46.0,No,O: No Injury,Male,Sport Utility,No,35.91457955,-79.06579524,Dry,20 - 25  MPH,Stop Sign,Clear,No,0,0,11
No,49.0,No,With Traffic,B: Suspected Minor Injury,Male,Charlotte,Mecklenburg,No,Tuesday,Motorist Right Turn / Merge,10.0,November,Motorist Right Turn - Same Direction,2011,52.0,No,O: No Injury,Male,Passenger Car,No,35.204927,-80.848534,Dry,30 - 35  MPH,Stop And Go Signal,Clear,No,0,0,11
Yes,19.0,No,Facing Traffic,B: Suspected Minor Injury,Female,Wilmington,New Hanover,No,Saturday,Motorist Failed to Yield - Midblock,13.0,November,Motorist Drive Out - Commercial Driveway / Alley,2011,23.0,No,O: No Injury,Male,Sport Utility,No,34.23209797,-77.87112352,Dry,20 - 25  MPH,No Control Present,Clear,No,0,0,11
Yes,32.0,No,With Traffic,C: Possible Injury,Male,Wilmington,New Hanover,Yes,Sunday,Loss of Control / Turning Error,1.0,November,Motorist Lost Control - Alcohol / Drug Impairment,2011,21.0,Yes,C: Possible Injury,Male,Passenger Car,No,34.23991702,-77.85351317,Dry,40 - 45  MPH,No Control Present,Clear,No,0,0,11
Yes,7.0,No,Facing Traffic,C: Possible Injury,Female,Belmont,Gaston,No,Tuesday,Bicyclist Failed to Yield - Signalized Intersection,16.0,November,Bicyclist Ride Through - Signalized Intersection,2011,38.0,No,O: No Injury,Male,Passenger Car,No,35.23474499,-81.04027338,Dry,40 - 45  MPH,Stop And Go Signal,Clear,No,0,0,11
Yes,23.0,No,With Traffic,B: Suspected Minor Injury,Male,Asheville,Buncombe,No,Tuesday,Loss of Control / Turning Error,11.0,November,Bicyclist Lost Control - Mechanical Problems,2011,72.0,No,O: No Injury,Male,Passenger Car,No,35.59642191,-82.55310596,Dry,30 - 35  MPH,Stop And Go Signal,Cloudy,No,0,0,11
Yes,62.0,No,With Traffic,B: Suspected Minor Injury,Male,Shelby,Cleveland,No,Tuesday,Motorist Overtaking Bicyclist,9.0,November,Motorist Overtaking - Bicyclist Swerved,2011,25.0,No,O: No Injury,Female,Passenger Car,No,35.29602188,-81.52103092,Dry,30 - 35  MPH,No Control Present,Cloudy,No,0,0,11
Yes,21.0,No,With Traffic,A: Suspected Serious Injury,Male,Raleigh,Wake,No,Tuesday,Motorist Left Turn / Merge,18.0,November,Motorist Left Turn - Opposite Direction,2011,19.0,No,O: No Injury,Male,Sport Utility,No,35.783752,-78.677096,Dry,20 - 25  MPH,No Control Present,Clear,No,0,0,11
No,5.0,No,Not Applicable,B: Suspected Minor Injury,Female,Laurinburg,Scotland,No,Wednesday,Non-Roadway,14.0,November,Non-Roadway,2011,21.0,No,O: No Injury,Female,Van,No,34.75721878,-79.46938553,Other,Unknown,No Control Present,Cloudy,No,0,0,11
Yes,51.0,No,Not Applicable,C: Possible Injury,Male,Charlotte,Mecklenburg,No,Saturday,Non-Roadway,16.0,December,Non-Roadway,2011,67.0,No,O: No Injury,Male,Passenger Car,No,35.253915,-80.803552,Dry,5 - 15 MPH,No Control Present,Clear,No,0,0,12
Yes,42.0,No,With Traffic,B: Suspected Minor Injury,Male,Charlotte,Mecklenburg,No,Friday,Motorist Right Turn / Merge,23.0,December,Motorist Right Turn on Red - Same Direction,2011,26.0,No,O: No Injury,Female,Passenger Car,No,35.262991,-80.854715,Dry,30 - 35  MPH,Stop And Go Signal,Clear,No,0,0,12
Yes,53.0,Yes,With Traffic,B: Suspected Minor Injury,Male,None - Rural Crash,Randolph,Yes,Saturday,Motorist Overtaking Bicyclist,20.0,December,Motorist Overtaking - Undetected Bicyclist,2011,47.0,No,O: No Injury,Female,Passenger Car,No,35.72975016,-79.68105457,Dry,50 - 55  MPH,No Control Present,Clear,No,0,0,12
Yes,37.0,No,With Traffic,B: Suspected Minor Injury,Male,None - Rural Crash,Mcdowell,No,Tuesday,Motorist Overtaking Bicyclist,6.0,December,Motorist Overtaking - Other / Unknown,2011,42.0,No,O: No Injury,Male,Pickup,No,35.61779421,-81.98575573,Dry,50 - 55  MPH,"Double Yellow Line, No Passing Zone",Clear,No,0,0,12
No,56.0,No,With Traffic,B: Suspected Minor Injury,Female,Raleigh,Wake,No,Tuesday,Motorist Failed to Yield - Midblock,18.0,December,Motorist Drive Out - Commercial Driveway / Alley,2011,47.0,No,O: No Injury,Male,Passenger Car,No,35.926215,-78.568344,Dry,5 - 15 MPH,No Control Present,Clear,No,0,0,12
Yes,38.0,No,Facing Traffic,C: Possible Injury,Male,Charlotte,Mecklenburg,No,Tuesday,Motorist Right Turn / Merge,7.0,December,Motorist Right Turn - Opposite Direction,2011,49.0,No,O: No Injury,Male,Passenger Car,No,35.22492,-80.846379,Wet,30 - 35  MPH,Stop And Go Signal,Rain,No,0,0,12
Yes,55.0,Yes,With Traffic,A: Suspected Serious Injury,Male,None - Rural Crash,Bertie,Yes,Wednesday,Motorist Overtaking Bicyclist,19.0,November,Motorist Overtaking - Other / Unknown,2011,27.0,No,O: No Injury,Female,Passenger Car,No,36.239725,-76.767939,Dry,50 - 55  MPH,No Control Present,Clear,No,0,0,11
Yes,31.0,No,With Traffic,B: Suspected Minor Injury,Male,None - Rural Crash,Mecklenburg,No,Wednesday,Motorist Overtaking Bicyclist,4.0,December,Motorist Overtaking - Undetected Bicyclist,2011,27.0,No,O: No Injury,Male,Passenger Car,No,35.22474185,-80.90252487,Dry,40 - 45  MPH,No Control Present,Clear,No,0,0,12
Yes,62.0,No,With Traffic,B: Suspected Minor Injury,Male,Emerald Isle,Carteret,No,Saturday,Motorist Right Turn / Merge,11.0,November,Motorist Right Turn - Same Direction,2011,70.0,No,O: No Injury,Female,Sport Utility,No,34.66324933,-77.04208965,Dry,40 - 45  MPH,Stop And Go Signal,Clear,No,0,0,11
Yes,21.0,No,Facing Traffic,C: Possible Injury,Male,Wilmington,New Hanover,No,Saturday,Bicyclist Failed to Yield - Signalized Intersection,13.0,November,Bicyclist Ride Through - Signalized Intersection,2011,36.0,No,O: No Injury,Male,Passenger Car,No,34.23410275,-77.841092,Dry,20 - 25  MPH,Stop And Go Signal,Clear,No,0,0,11
Yes,39.0,No,With Traffic,A: Suspected Serious Injury,Male,None - Rural Crash,Guilford,No,Saturday,Motorist Overtaking Bicyclist,10.0,December,Motorist Overtaking - Other / Unknown,2011,38.0,No,O: No Injury,Female,Sport Utility,No,36.20842339,-79.84373543,Dry,50 - 55  MPH,No Control Present,Clear,No,0,0,12
Yes,13.0,No,With Traffic,O: No Injury,Male,Raleigh,Wake,No,Sunday,Crossing Paths - Other Circumstances,17.0,December,Crossing Paths - Intersection - Other / Unknown,2011,24.0,No,O: No Injury,Female,Police,No,35.783133,-78.65595,Dry,20 - 25  MPH,No Control Present,Clear,No,0,0,12
Yes,21.0,No,With Traffic,B: Suspected Minor Injury,Male,Huntersville,Mecklenburg,No,Saturday,Bicyclist Left Turn / Merge,13.0,November,Bicyclist Left Turn - Same Direction,2011,46.0,No,O: No Injury,Male,Pickup,No,35.38850986,-80.92100419,Dry,40 - 45  MPH,No Control Present,Cloudy,No,0,0,11
Yes,19.0,No,With Traffic,K: Killed,Female,None - Rural Crash,Avery,No,Thursday,Head-On,14.0,December,Head-On - Motorist,2011,19.0,Unknown,O: No Injury,Male,Pickup,No,35.9876532,-81.94802849,Dry,40 - 45  MPH,"Double Yellow Line, No Passing Zone",Cloudy,No,0,0,12
No,17.0,No,With Traffic,O: No Injury,Male,None - Rural Crash,Columbus,No,Thursday,Bicyclist Left Turn / Merge,17.0,December,Bicyclist Left Turn - Same Direction,2011,47.0,No,O: No Injury,Female,Sport Utility,No,34.35101304,-78.73154926,Dry,50 - 55  MPH,No Control Present,Clear,No,0,0,12
Yes,40.0,Yes,With Traffic,B: Suspected Minor Injury,Male,Mooresville,Iredell,Yes,Tuesday,Motorist Overtaking Bicyclist,21.0,November,Motorist Overtaking - Bicyclist Swerved,2011,39.0,No,O: No Injury,Male,Passenger Car,No,35.59210882,-80.81560437,Dry,30 - 35  MPH,No Control Present,Clear,No,0,0,11
Yes,25.0,Yes,With Traffic,B: Suspected Minor Injury,Female,None - Rural Crash,Brunswick,Yes,Thursday,Motorist Overtaking Bicyclist,23.0,November,Motorist Overtaking - Misjudged Space,2011,52.0,No,O: No Injury,Male,Pickup,No,33.90114859,-78.48847565,Dry,40 - 45  MPH,"Double Yellow Line, No Passing Zone",Clear,No,0,0,11
Yes,56.0,No,With Traffic,C: Possible Injury,Male,Wilmington,New Hanover,No,Monday,Motorist Overtaking Bicyclist,14.0,November,Motorist Overtaking - Misjudged Space,2011,29.0,No,O: No Injury,Female,Passenger Car,No,34.24637302,-77.88065239,Dry,30 - 35  MPH,No Control Present,Cloudy,No,0,0,11
Yes,60.0,No,With Traffic,C: Possible Injury,Male,Winston-Salem,Forsyth,No,Tuesday,Motorist Left Turn / Merge,9.0,November,Motorist Left Turn - Opposite Direction,2011,47.0,No,O: No Injury,Male,Van,No,36.08928075,-80.27117921,Dry,30 - 35  MPH,No Control Present,Cloudy,No,0,0,11
Yes,84.0,No,With Traffic,B: Suspected Minor Injury,Male,None - Rural Crash,Pender,No,Wednesday,Bicyclist Left Turn / Merge,9.0,November,Bicyclist Left Turn - Same Direction,2011,82.0,No,O: No Injury,Male,Passenger Car,No,34.39735779,-77.64933323,Dry,20 - 25  MPH,No Control Present,Clear,No,0,0,11
Yes,51.0,No,With Traffic,B: Suspected Minor Injury,Male,Fayetteville,Cumberland,No,Thursday,Motorist Left Turn / Merge,21.0,December,Motorist Left Turn - Opposite Direction,2011,42.0,No,O: No Injury,Male,Passenger Car,No,35.05545794,-78.88692965,Dry,30 - 35  MPH,Stop And Go Signal,Clear,No,0,0,12
No,54.0,Unknown,With Traffic,A: Suspected Serious Injury,Male,Charlotte,Mecklenburg,No,Wednesday,Motorist Left Turn / Merge,9.0,December,Motorist Left Turn - Opposite Direction,2011,36.0,No,O: No Injury,Male,Pickup,No,35.278108,-80.937385,Wet,30 - 35  MPH,Stop And Go Signal,Rain,No,0,0,12
Yes,18.0,No,With Traffic,C: Possible Injury,Male,Cornelius,Mecklenburg,No,Sunday,Crossing Paths - Other Circumstances,17.0,November,Signalized Intersection - Other / Unknown,2011,18.0,No,O: No Injury,Female,Passenger Car,No,35.48372423,-80.87248049,Dry,Unknown,Stop And Go Signal,Clear,No,0,0,11
No,44.0,No,With Traffic,B: Suspected Minor Injury,Male,None - Rural Crash,Caldwell,No,Tuesday,Bicyclist Overtaking Motorist,7.0,December,Bicyclist Overtaking - Passing on Left,2011,22.0,No,O: No Injury,Male,Passenger Car,No,35.83487203,-81.45956306,Wet,50 - 55  MPH,No Control Present,Cloudy,No,0,0,12
Yes,43.0,Yes,With Traffic,Unknown Injury,Male,None - Rural Crash,Hoke,Yes,Saturday,Motorist Overtaking Bicyclist,20.0,December,Motorist Overtaking - Other / Unknown,2011,42.03850604944766,Unknown,Unknown Injury,Unknown,Passenger Car,Yes,34.91549966,-79.26342595,Dry,50 - 55  MPH,No Control Present,Clear,No,1,0,12
No,15.0,No,With Traffic,O: No Injury,Male,None - Rural Crash,Onslow,No,Friday,Bicyclist Right Turn / Merge,11.0,December,Bicyclist Right Turn - Same Direction,2011,72.0,No,O: No Injury,Female,Passenger Car,No,34.90307849,-77.58318874,Dry,50 - 55  MPH,"Double Yellow Line, No Passing Zone",Clear,No,0,0,12
Yes,20.0,No,Facing Traffic,B: Suspected Minor Injury,Male,Selma,Johnston,No,Tuesday,Head-On,12.0,December,Head-On - Bicyclist,2011,75.0,No,O: No Injury,Male,Passenger Car,No,35.52074152,-78.29287765,Dry,40 - 45  MPH,No Control Present,Clear,No,0,0,12
Yes,8.0,No,Unknown,C: Possible Injury,Male,Red Springs,Robeson,No,Saturday,Crossing Paths - Other Circumstances,17.0,November,Sign-Controlled Intersection - Other / Unknown,2011,18.0,No,O: No Injury,Male,Passenger Car,No,34.82767507,-79.17395704,Wet,30 - 35  MPH,Stop Sign,Rain,No,0,0,11
Yes,17.0,No,Not Applicable,B: Suspected Minor Injury,Male,Jacksonville,Onslow,No,Tuesday,Bicyclist Failed to Yield - Midblock,13.0,December,Bicyclist Ride Out - Other Midblock,2011,50.0,No,O: No Injury,Male,Passenger Car,No,34.7684347,-77.38522337,Dry,40 - 45  MPH,No Control Present,Clear,No,0,0,12
No,20.0,No,Not Applicable,B: Suspected Minor Injury,Male,Lumberton,Robeson,No,Saturday,Bicyclist Failed to Yield - Midblock,10.0,December,Bicyclist Ride Out - Other Midblock,2011,19.0,No,O: No Injury,Female,Passenger Car,No,34.63216019,-78.99212956,Dry,40 - 45  MPH,Stop And Go Signal,Cloudy,No,0,0,12
Yes,77.0,No,Not Applicable,K: Killed,Male,Sanford,Lee,No,Saturday,Crossing Paths - Other Circumstances,17.0,December,Crossing Paths - Uncontrolled Intersection,2011,56.0,No,O: No Injury,Female,Passenger Car,No,35.44413082,-79.12813529,Dry,50 - 55  MPH,Stop And Go Signal,Clear,No,0,0,12
Yes,21.0,No,Facing Traffic,C: Possible Injury,Male,High Point,Guilford,No,Monday,Motorist Right Turn / Merge,17.0,December,Motorist Right Turn - Opposite Direction,2011,73.0,No,O: No Injury,Male,Passenger Car,No,35.97308334,-80.0018139,Dry,30 - 35  MPH,Stop Sign,Clear,No,0,0,12
Yes,48.0,No,Facing Traffic,C: Possible Injury,Female,Charlotte,Mecklenburg,No,Monday,Motorist Failed to Yield - Sign-Controlled Intersection,17.0,January,Motorist Drive Out - Sign-Controlled Intersection,2012,55.0,No,O: No Injury,Female,"Light Truck (Mini-Van, Panel)",No,35.08781913,-80.84807283,Dry,20 - 25  MPH,Stop Sign,Clear,No,0,0,1
Yes,50.0,No,With Traffic,B: Suspected Minor Injury,Male,Wilson,Wilson,No,Tuesday,Motorist Overtaking Bicyclist,19.0,November,Motorist Overtaking - Undetected Bicyclist,2011,69.0,No,O: No Injury,Male,"Light Truck (Mini-Van, Panel)",No,35.75239,-77.960172,Dry,40 - 45  MPH,No Control Present,Cloudy,No,0,0,11
No,23.0,No,With Traffic,C: Possible Injury,Male,Holly Springs,Wake,No,Wednesday,Motorist Left Turn / Merge,14.0,December,Motorist Left Turn - Opposite Direction,2011,65.0,No,O: No Injury,Male,Passenger Car,No,35.664646,-78.800595,Dry,30 - 35  MPH,No Control Present,Clear,No,0,0,12
No,34.0,No,Facing Traffic,C: Possible Injury,Male,Concord,Cabarrus,No,Wednesday,Crossing Paths - Other Circumstances,19.0,December,Signalized Intersection - Other / Unknown,2011,51.0,No,O: No Injury,Female,Sport Utility,No,35.43252347,-80.60426359,Dry,30 - 35  MPH,Stop And Go Signal,Clear,No,0,0,12
No,52.0,No,With Traffic,O: No Injury,Male,Asheville,Buncombe,No,Sunday,Bicyclist Failed to Yield - Signalized Intersection,10.0,December,Bicyclist Ride Through - Signalized Intersection,2011,64.0,No,O: No Injury,Male,Passenger Car,No,35.5989551,-82.55360884,Dry,30 - 35  MPH,Flashing Stop And Go Signal,Cloudy,No,0,0,12
Yes,45.0,No,With Traffic,B: Suspected Minor Injury,Male,Gastonia,Gaston,No,Monday,Bicyclist Right Turn / Merge,18.0,December,Bicyclist Right Turn - Same Direction,2011,53.0,No,O: No Injury,Male,Pickup,No,35.25384586,-81.18318763,Dry,40 - 45  MPH,No Control Present,Clear,No,0,0,12