AmbulanceR,BikeAge,BikeAlcFlg,BikeDir,BikeInjury,BikeSex,City,County,CrashAlcoh,CrashDay,CrashGrp,CrashHour,CrashMonth,CrashType,CrashYear,DrvrAge,DrvrAlcFlg,DrvrInjury,DrvrSex,DrvrVehTyp,HitRun,Latitude,Longitude,RdConditio,SpeedLimit,TraffCntrl,Weather,Workzone,DrvrAgeImputedFlag,BikeAgeImputedFlag,MonthCode
No,23.0,No,With Traffic,O: No Injury,Male,Charlotte,Mecklenburg,No,Saturday,Motorist Right Turn / Merge,14.0,January,Motorist Right Turn - Same Direction,2012,34.0,No,O: No Injury,Male,Sport Utility,No,35.198959,-80.840555,Dry,30 - 35  MPH,No Control Present,Clear,No,0,0,1
No,45.0,No,Facing Traffic,O: No Injury,Male,Raleigh,Wake,No,Friday,Bicyclist Failed to Yield - Signalized Intersection,11.0,January,Bicyclist Ride Through - Signalized Intersection,2012,43.0,No,O: No Injury,Male,Passenger Car,No,35.78260664,-78.64172557,Dry,30 - 35  MPH,Stop And Go Signal,Clear,No,0,0,1
No,42.0,No,With Traffic,C: Possible Injury,Male,None - Rural Crash,Hoke,No,Monday,Motorist Overtaking Bicyclist,6.0,December,Motorist Overtaking - Misjudged Space,2011,42.03850604944766,Missing,Unknown Injury,Unknown,Unknown,Yes,34.989711,-79.257239,Dry,40 - 45  MPH,No Control Present,Clear,No,1,0,12
Yes,30.0,No,With Traffic,B: Suspected Minor Injury,Female,Midway,Davidson,No,Friday,Motorist Overtaking Bicyclist,15.0,January,Motorist Overtaking - Misjudged Space,2012,80.0,No,O: No Injury,Female,Passenger Car,No,35.96236341,-80.22043076,Dry,50 - 55  MPH,"Double Yellow Line, No Passing Zone",Clear,No,0,0,1
Yes,21.0,No,Not Applicable,A: Suspected Serious Injury,Male,None - Rural Crash,Pitt,No,Monday,Head-On,18.0,January,Head-On - Motorist,2012,31.0,No,O: No Injury,Female,Van,No,35.580719,-77.301315,Wet,50 - 55  MPH,No Control Present,Cloudy,No,0,0,1
Yes,52.0,No,With Traffic,C: Possible Injury,Male,Wilmington,New Hanover,No,Tuesday,Motorist Left Turn / Merge,16.0,December,Motorist Left Turn - Opposite Direction,2011,62.0,No,O: No Injury,Male,Van,No,34.24658673,-77.86741534,Dry,40 - 45  MPH,No Control Present,Clear,No,0,0,12
Yes,44.0,Yes,With Traffic,C: Possible Injury,Male,Green Level,Alamance,Yes,Wednesday,Bicyclist Failed to Yield - Sign-Controlled Intersection,18.0,January,Bicyclist Ride Through - Sign-Controlled Intersection,2012,25.0,No,O: No Injury,Male,Passenger Car,No,36.12221166,-79.34959739,Dry,40 - 45  MPH,Stop Sign,Clear,No,0,0,1
Yes,48.0,No,With Traffic,C: Possible Injury,Male,None - Rural Crash,Gates,No,Friday,Motorist Overtaking Bicyclist,14.0,January,Motorist Overtaking - Misjudged Space,2012,76.0,No,O: No Injury,Male,Pickup,No,36.43449543,-76.61097509,Dry,50 - 55  MPH,"Double Yellow Line, No Passing Zone",Clear,No,0,0,1
Yes,39.0,No,With Traffic,B: Suspected Minor Injury,Male,Durham,Durham,No,Tuesday,Motorist Left Turn / Merge,10.0,January,Motorist Left Turn - Opposite Direction,2012,25.0,No,O: No Injury,Male,Passenger Car,No,36.01239142,-78.88667423,Dry,30 - 35  MPH,No Control Present,Clear,No,0,0,1
Yes,55.0,No,With Traffic,B: Suspected Minor Injury,Male,Wilmington,New Hanover,No,Friday,Motorist Left Turn / Merge,11.0,December,Motorist Left Turn - Opposite Direction,2011,22.0,No,O: No Injury,Female,Passenger Car,No,34.21532808,-77.88723121,Dry,30 - 35  MPH,Stop Sign,Clear,No,0,0,12
No,32.52649525389365,Unknown,Facing Traffic,Unknown Injury,Unknown,Wilmington,New Hanover,No,Tuesday,Motorist Failed to Yield - Midblock,11.0,December,Motorist Drive Out - Commercial Driveway / Alley,2011,47.0,No,O: No Injury,Male,Van,No,34.22665587,-77.92498691,Dry,30 - 35  MPH,No Control Present,Clear,No,0,1,12
Yes,50.0,Yes,Not Applicable,A: Suspected Serious Injury,Male,Goldsboro,Wayne,Yes,Wednesday,Bicyclist Failed to Yield - Midblock,17.0,December,Bicyclist Ride Out - Midblock - Unknown,2011,48.0,No,O: No Injury,Male,Passenger Car,No,35.38273843,-77.98564518,Dry,30 - 35  MPH,No Control Present,Cloudy,No,0,0,12
Yes,20.0,Yes,With Traffic,B: Suspected Minor Injury,Male,Greensboro,Guilford,Yes,Thursday,Bicyclist Failed to Yield - Sign-Controlled Intersection,21.0,December,Bicyclist Ride Out - Sign-Controlled Intersection,2011,42.03850604944766,Missing,Unknown Injury,Unknown,Unknown,Yes,36.06020585,-79.78519352,Dry,30 - 35  MPH,Stop Sign,Clear,No,1,0,12
Yes,40.0,No,With Traffic,C: Possible Injury,Female,Sanford,Lee,No,Thursday,Motorist Right Turn / Merge,17.0,December,Motorist Right Turn - Same Direction,2011,38.0,No,O: No Injury,Female,Passenger Car,No,35.48140699,-79.17154967,Dry,30 - 35  MPH,Stop And Go Signal,Clear,No,0,0,12
Yes,18.0,No,Not Applicable,C: Possible Injury,Male,Fayetteville,Cumberland,No,Friday,Bicyclist Failed to Yield - Midblock,13.0,December,Bicyclist Ride Out - Midblock - Unknown,2011,63.0,No,O: No Injury,Female,Sport Utility,No,35.06526074,-78.91391596,Dry,30 - 35  MPH,No Control Present,Clear,No,0,0,12
No,41.0,No,Not Applicable,C: Possible Injury,Male,Raleigh,Wake,No,Tuesday,Motorist Right Turn / Merge,14.0,January,Motorist Right Turn - Same Direction,2012,41.0,No,O: No Injury,Female,Passenger Car,No,35.79091436,-78.66244787,Dry,30 - 35  MPH,No Control Present,Clear,No,0,0,1
Yes,69.0,No,With Traffic,C: Possible Injury,Male,Shelby,Cleveland,No,Sunday,Motorist Overtaking Bicyclist,13.0,December,Motorist Overtaking - Other / Unknown,2011,20.0,No,C: Possible Injury,Male,Passenger Car,No,35.30142229,-81.538141,Dry,30 - 35  MPH,No Control Present,Clear,No,0,0,12
Yes,57.0,No,With Traffic,C: Possible Injury,Male,None - Rural Crash,Guilford,No,Tuesday,Motorist Failed to Yield - Sign-Controlled Intersection,18.0,January,Motorist Drive Out - Sign-Controlled Intersection,2012,39.0,No,O: No Injury,Female,Passenger Car,No,35.95492533,-79.92112787,Dry,40 - 45  MPH,Stop Sign,Clear,No,0,0,1
No,15.0,No,With Traffic,B: Suspected Minor Injury,Male,Charlotte,Mecklenburg,No,Thursday,Bicyclist Left Turn / Merge,17.0,January,Bicyclist Left Turn - Same Direction,2012,56.0,No,O: No Injury,Male,Passenger Car,No,35.08166025,-80.99074223,Dry,50 - 55  MPH,No Control Present,Cloudy,No,0,0,1
Yes,54.0,No,With Traffic,C: Possible Injury,Male,Greensboro,Guilford,No,Friday,Motorist Left Turn / Merge,15.0,December,Motorist Left Turn - Opposite Direction,2011,48.0,No,O: No Injury,Female,Passenger Car,No,36.04382828,-79.80097538,Dry,30 - 35  MPH,No Control Present,Cloudy,No,0,0,12
Yes,63.0,Unknown,With Traffic,C: Possible Injury,Male,Spring Lake,Cumberland,No,Sunday,Motorist Failed to Yield - Sign-Controlled Intersection,17.0,January,Motorist Drive Out - Sign-Controlled Intersection,2012,19.0,No,O: No Injury,Female,Passenger Car,No,35.1675924,-78.97358475,Dry,20 - 25  MPH,Stop Sign,Clear,No,0,0,1
No,52.0,Yes,With Traffic,O: No Injury,Male,Wilson,Wilson,Yes,Thursday,Bicyclist Failed to Yield - Sign-Controlled Intersection,18.0,January,Bicyclist Ride Through - Sign-Controlled Intersection,2012,25.0,No,O: No Injury,Female,Police,No,35.7336866,-77.91258679,Dry,30 - 35  MPH,Stop Sign,Clear,No,0,0,1
No,26.0,No,With Traffic,O: No Injury,Male,Rocky Mount,Edgecombe,No,Wednesday,Motorist Overtaking Bicyclist,22.0,December,Motorist Overtaking - Misjudged Space,2011,41.0,No,O: No Injury,Male,"Single Unit Truck (2-Axle, 6-Tire)",No,35.94551252,-77.79244104,Dry,20 - 25  MPH,No Control Present,Clear,No,0,0,12
Yes,40.0,No,With Traffic,C: Possible Injury,Male,Greensboro,Guilford,No,Friday,Motorist Right Turn / Merge,15.0,December,Motorist Right Turn - Same Direction,2011,28.0,No,O: No Injury,Female,Passenger Car,No,36.11133937,-79.83131223,Dry,40 - 45  MPH,No Control Present,Clear,No,0,0,12
Yes,23.0,No,With Traffic,B: Suspected Minor Injury,Male,Durham,Durham,No,Thursday,Bicyclist Left Turn / Merge,8.0,January,Bicyclist Left Turn - Opposite Direction,2012,30.0,No,O: No Injury,Male,Sport Utility,No,36.00811254,-78.9293132,Dry,30 - 35  MPH,Stop And Go Signal,Clear,No,0,0,1
Yes,19.0,No,Facing Traffic,B: Suspected Minor Injury,Male,Winterville,Pitt,No,Saturday,Motorist Failed to Yield - Sign-Controlled Intersection,20.0,December,Motorist Drive Out - Sign-Controlled Intersection,2011,36.0,No,O: No Injury,Female,Passenger Car,No,35.53080102,-77.39884691,Dry,20 - 25  MPH,Stop Sign,Clear,No,0,0,12
Yes,35.0,No,With Traffic,C: Possible Injury,Male,Huntersville,Mecklenburg,No,Monday,Motorist Left Turn / Merge,8.0,December,Motorist Left Turn - Opposite Direction,2011,25.0,No,O: No Injury,Male,Passenger Car,No,35.410193,-80.868669,Dry,20 - 25  MPH,Stop Sign,Clear,No,0,0,12
No,38.0,No,With Traffic,C: Possible Injury,Male,None - Rural Crash,Stanly,No,Monday,Motorist Overtaking Bicyclist,6.0,January,Motorist Overtaking - Misjudged Space,2012,42.03850604944766,Unknown,Unknown Injury,Unknown,Passenger Car,Yes,35.37003015,-80.14503988,Wet,50 - 55  MPH,"Double Yellow Line, No Passing Zone","Fog, Smog, Smoke",No,1,0,1
Yes,45.0,No,With Traffic,A: Suspected Serious Injury,Male,Greensboro,Guilford,No,Saturday,Bicyclist Failed to Yield - Sign-Controlled Intersection,17.0,December,Bicyclist Ride Through - Sign-Controlled Intersection,2011,48.0,No,O: No Injury,Male,Pickup,No,36.067793,-79.757233,Dry,30 - 35  MPH,Stop Sign,Clear,No,0,0,12
No,32.52649525389365,Unknown,With Traffic,Unknown Injury,Unknown,Harrisburg,Cabarrus,No,Friday,Motorist Overtaking Bicyclist,18.0,January,Motorist Overtaking - Other / Unknown,2012,42.03850604944766,Missing,Unknown Injury,Unknown,Unknown,Yes,35.33245781,-80.64508713,Dry,30 - 35  MPH,Stop Sign,Clear,No,1,1,1
No,19.0,No,Facing Traffic,C: Possible Injury,Male,Asheville,Buncombe,No,Thursday,Bicyclist Failed to Yield - Signalized Intersection,20.0,December,Bicyclist Ride Through - Signalized Intersection,2011,37.0,No,O: No Injury,Male,Sport Utility,No,35.594855,-82.552631,Dry,20 - 25  MPH,Stop And Go Signal,Clear,No,0,0,12
Yes,20.0,No,With Traffic,B: Suspected Minor Injury,Male,Boone,Watauga,No,Tuesday,Motorist Left Turn / Merge,14.0,January,Motorist Left Turn - Opposite Direction,2012,56.0,No,O: No Injury,Male,Pickup,No,36.214772,-81.688768,Dry,30 - 35  MPH,No Control Present,Clear,No,0,0,1
Yes,49.0,Yes,With Traffic,C: Possible Injury,Male,Greensboro,Guilford,Yes,Friday,Motorist Left Turn / Merge,19.0,January,Motorist Left Turn - Opposite Direction,2012,37.0,No,O: No Injury,Male,Pickup,No,36.11271985,-79.75366173,Dry,30 - 35  MPH,Stop And Go Signal,Clear,No,0,0,1
Yes,37.0,No,With Traffic,B: Suspected Minor Injury,Male,Walkertown,Forsyth,No,Thursday,Motorist Overtaking Bicyclist,6.0,January,Motorist Overtaking - Other / Unknown,2012,46.0,No,O: No Injury,Male,Truck/Trailer,No,36.178588,-80.192085,Dry,40 - 45  MPH,"Double Yellow Line, No Passing Zone",Cloudy,No,0,0,1
No,23.0,No,With Traffic,C: Possible Injury,Male,Wilmington,New Hanover,No,Saturday,Crossing Paths - Other Circumstances,20.0,January,Signalized Intersection - Other / Unknown,2012,21.0,No,O: No Injury,Male,Pickup,No,34.23483274,-77.87416478,Dry,40 - 45  MPH,Stop And Go Signal,Clear,No,0,0,1
Yes,15.0,No,With Traffic,B: Suspected Minor Injury,Male,Patterson Springs,Cleveland,No,Friday,Bicyclist Left Turn / Merge,16.0,January,Bicyclist Left Turn - Opposite Direction,2012,76.0,No,O: No Injury,Female,Passenger Car,No,35.2261648,-81.5259607,Dry,40 - 45  MPH,"Double Yellow Line, No Passing Zone",Clear,No,0,0,1
No,48.0,Yes,With Traffic,B: Suspected Minor Injury,Male,Charlotte,Mecklenburg,Yes,Thursday,Motorist Left Turn / Merge,18.0,January,Motorist Left Turn - Opposite Direction,2012,41.0,No,O: No Injury,Female,Passenger Car,No,35.26121937,-80.8367803,Dry,30 - 35  MPH,Stop And Go Signal,Clear,No,0,0,1
Yes,46.0,No,With Traffic,B: Suspected Minor Injury,Male,Huntersville,Mecklenburg,No,Thursday,Motorist Failed to Yield - Sign-Controlled Intersection,17.0,January,Motorist Drive Out - Sign-Controlled Intersection,2012,63.0,No,O: No Injury,Male,Passenger Car,No,35.402301,-80.861894,Dry,30 - 35  MPH,Stop Sign,Clear,No,0,0,1
Yes,47.0,Yes,Facing Traffic,O: No Injury,Male,None - Rural Crash,Scotland,Yes,Saturday,Motorist Failed to Yield - Sign-Controlled Intersection,18.0,January,Motorist Drive Out - Sign-Controlled Intersection,2012,23.0,No,B: Suspected Minor Injury,Female,Passenger Car,No,34.73036588,-79.45317448,Dry,50 - 55  MPH,Stop Sign,Clear,No,0,0,1
Yes,23.0,No,With Traffic,B: Suspected Minor Injury,Male,Benson,Johnston,No,Sunday,Motorist Overtaking Bicyclist,21.0,October,Motorist Overtaking - Undetected Bicyclist,2011,58.0,No,O: No Injury,Male,Pickup,No,35.387657,-78.563571,Dry,40 - 45  MPH,No Control Present,Clear,No,0,0,10
Yes,33.0,No,With Traffic,C: Possible Injury,Male,Morrisville,Wake,No,Wednesday,Motorist Failed to Yield - Sign-Controlled Intersection,12.0,February,Motorist Drive Out - Sign-Controlled Intersection,2012,26.0,No,O: No Injury,Female,Passenger Car,No,35.83257574,-78.8388402,Dry,30 - 35  MPH,Stop Sign,Clear,No,0,0,2
No,44.0,No,With Traffic,C: Possible Injury,Male,Durham,Durham,No,Thursday,Motorist Overtaking Bicyclist,13.0,February,Motorist Overtaking - Other / Unknown,2012,42.03850604944766,Missing,Unknown Injury,Unknown,Passenger Car,Yes,35.99339778,-78.88597328,Dry,30 - 35  MPH,No Control Present,Clear,No,1,0,2
No,26.0,No,With Traffic,C: Possible Injury,Male,Durham,Durham,No,Thursday,Bicyclist Left Turn / Merge,23.0,February,Bicyclist Left Turn - Same Direction,2012,37.0,No,O: No Injury,Male,Passenger Car,No,36.01701652,-78.91552912,Dry,20 - 25  MPH,No Control Present,Clear,No,0,0,2
Yes,60.0,No,With Traffic,B: Suspected Minor Injury,Male,None - Rural Crash,Wake,No,Wednesday,Motorist Right Turn / Merge,15.0,February,Motorist Right Turn - Same Direction,2012,42.03850604944766,Unknown,Unknown Injury,Unknown,Pickup,Yes,35.69887535,-78.73628762,Dry,40 - 45  MPH,Stop Sign,Clear,No,1,0,2
Yes,37.0,No,With Traffic,B: Suspected Minor Injury,Male,Charlotte,Mecklenburg,No,Saturday,Motorist Left Turn / Merge,0.0,January,Motorist Left Turn - Opposite Direction,2012,31.0,No,O: No Injury,Male,Passenger Car,No,35.21559258,-80.81500708,Dry,20 - 25  MPH,No Control Present,Clear,No,0,0,1
No,28.0,No,With Traffic,O: No Injury,Male,Wrightsville Beach,New Hanover,No,Tuesday,Bicyclist Overtaking Motorist,20.0,February,Bicyclist Overtaking - Parked Vehicle,2012,26.0,Missing,O: No Injury,Male,Police,No,34.2130672,-77.80450367,Dry,30 - 35  MPH,"Double Yellow Line, No Passing Zone",Clear,No,0,0,2
Yes,22.0,No,With Traffic,C: Possible Injury,Male,Gastonia,Gaston,No,Wednesday,Motorist Overtaking Bicyclist,19.0,January,Motorist Overtaking - Other / Unknown,2012,42.03850604944766,Missing,Unknown Injury,Unknown,Unknown,Yes,35.28798139,-81.24407365,Dry,40 - 45  MPH,No Control Present,Clear,No,1,0,1
Yes,52.0,No,With Traffic,C: Possible Injury,Male,Kannapolis,Cabarrus,No,Thursday,Motorist Failed to Yield - Sign-Controlled Intersection,15.0,January,Motorist Drive Out - Sign-Controlled Intersection,2012,69.0,No,O: No Injury,Male,Pickup,No,35.48338611,-80.61508975,Dry,30 - 35  MPH,Stop Sign,Cloudy,No,0,0,1
Yes,50.0,Yes,Facing Traffic,B: Suspected Minor Injury,Male,None - Rural Crash,Brunswick,Yes,Wednesday,Bicyclist Right Turn / Merge,18.0,February,Bicyclist Right Turn - Same Direction,2012,32.0,No,O: No Injury,Male,Pickup,No,34.26099818,-78.05516291,Dry,50 - 55  MPH,No Control Present,Clear,No,0,0,2
Yes,20.0,No,Facing Traffic,B: Suspected Minor Injury,Male,None - Rural Crash,Onslow,No,Thursday,Head-On,19.0,February,Head-On - Bicyclist,2012,33.0,No,O: No Injury,Female,Sport Utility,No,34.77117382,-77.49052141,Dry,50 - 55  MPH,No Control Present,Clear,No,0,0,2
No,26.0,No,With Traffic,C: Possible Injury,Female,Asheville,Buncombe,Yes,Sunday,Motorist Failed to Yield - Signalized Intersection,0.0,January,Motorist Drive Through - Signalized Intersection,2012,24.0,Yes,O: No Injury,Male,Sport Utility,Yes,35.57803105,-82.58321015,Wet,20 - 25  MPH,Stop And Go Signal,"Snow, Sleet, Hail, Freezing Rain/Drizzle",No,0,0,1
No,21.0,No,Facing Traffic,C: Possible Injury,Male,Charlotte,Mecklenburg,No,Thursday,Motorist Failed to Yield - Sign-Controlled Intersection,12.0,February,Motorist Drive Out - Sign-Controlled Intersection,2012,59.0,No,O: No Injury,Female,Sport Utility,No,35.29854335,-80.73682573,Dry,20 - 25  MPH,Stop Sign,Clear,No,0,0,2
Yes,19.0,No,Unknown,C: Possible Injury,Male,Wilmington,New Hanover,No,Thursday,Bicyclist Failed to Yield - Midblock,17.0,January,Bicyclist Ride Out - Midblock - Unknown,2012,68.0,No,O: No Injury,Female,Passenger Car,No,34.23596705,-77.87335844,Dry,40 - 45  MPH,No Control Present,Clear,No,0,0,1
No,40.0,No,Not Applicable,B: Suspected Minor Injury,Male,Cary,Wake,No,Friday,Non-Roadway,12.0,January,Non-Roadway,2012,56.0,No,O: No Injury,Male,Pickup,No,35.77211165,-78.78241156,Dry,5 - 15 MPH,Stop Sign,Cloudy,No,0,0,1
Yes,46.0,Yes,With Traffic,C: Possible Injury,Female,Patterson Springs,Cleveland,Yes,Monday,Motorist Overtaking Bicyclist,21.0,February,Motorist Overtaking - Other / Unknown,2012,37.0,No,O: No Injury,Female,Passenger Car,No,35.22683872,-81.5121688,Dry,40 - 45  MPH,"Double Yellow Line, No Passing Zone",Clear,No,0,0,2
Yes,22.0,No,With Traffic,C: Possible Injury,Male,Charlotte,Mecklenburg,No,Tuesday,Motorist Failed to Yield - Sign-Controlled Intersection,18.0,February,Motorist Drive Through - Sign-Controlled Intersection,2012,60.0,No,O: No Injury,Female,Passenger Car,No,35.27529131,-80.85470693,Dry,20 - 25  MPH,Stop Sign,Clear,No,0,0,2
Yes,30.0,No,Not Applicable,B: Suspected Minor Injury,Unknown,Wilmington,New Hanover,No,Thursday,Bicyclist Failed to Yield - Midblock,18.0,December,Bicyclist Ride Out - Other Midblock,2011,43.0,No,C: Possible Injury,Female,Passenger Car,No,34.21071727,-77.89061187,Wet,40 - 45  MPH,Flashing Stop And Go Signal,Rain,No,0,0,12
No,8.0,No,With Traffic,O: No Injury,Male,None - Rural Crash,Wake,No,Monday,Motorist Left Turn / Merge,21.0,December,Motorist Left Turn - Opposite Direction,2011,39.0,No,O: No Injury,Male,Passenger Car,No,35.801786,-78.771951,Dry,5 - 15 MPH,No Control Present,Clear,No,0,0,12
No,18.0,No,With Traffic,B: Suspected Minor Injury,Male,Chapel Hill,Orange,No,Thursday,Bicyclist Overtaking Motorist,17.0,January,Bicyclist Overtaking - Other / Unknown,2012,62.0,No,O: No Injury,Male,Passenger Car,No,35.90869228,-79.04834562,Dry,5 - 15 MPH,No Control Present,Cloudy,No,0,0,1
Yes,18.0,No,With Traffic,B: Suspected Minor Injury,Male,Chapel Hill,Orange,No,Sunday,Motorist Left Turn / Merge,16.0,January,Motorist Left Turn - Opposite Direction,2012,45.0,No,O: No Injury,Male,Passenger Car,No,35.90371429,-79.04638007,Dry,30 - 35  MPH,Stop And Go Signal,Clear,No,0,0,1
Yes,15.0,No,With Traffic,C: Possible Injury,Male,High Point,Guilford,No,Sunday,Motorist Overtaking Bicyclist,13.0,January,Motorist Overtaking - Other / Unknown,2012,48.0,No,O: No Injury,Male,Motorcycle,No,35.93885572,-80.00587541,Dry,30 - 35  MPH,No Control Present,Clear,No,0,0,1
No,27.0,No,With Traffic,O: No Injury,Female,Greensboro,Guilford,No,Monday,Motorist Right Turn / Merge,11.0,February,Motorist Right Turn - Same Direction,2011,42.03850604944766,Missing,Unknown Injury,Unknown,Unknown,Yes,36.06529099,-79.81276291,Dry,Unknown,Stop And Go Signal,Clear,No,1,0,2
No,40.0,Unknown,With Traffic,O: No Injury,Male,None - Rural Crash,Halifax,No,Saturday,Motorist Overtaking Bicyclist,13.0,May,Motorist Overtaking - Other / Unknown,2011,23.0,Unknown,O: No Injury,Female,Passenger Car,No,36.17545248,-77.6672145,Unknown,30 - 35  MPH,Stop Sign,Other,No,0,0,5
Yes,42.0,No,Facing Traffic,C: Possible Injury,Male,Charlotte,Mecklenburg,No,Wednesday,Backing Vehicle,12.0,February,Backing Vehicle,2012,65.0,No,O: No Injury,Male,Pickup,No,35.22061078,-80.81458239,Dry,30 - 35  MPH,No Control Present,Clear,No,0,0,2
Yes,21.0,No,With Traffic,C: Possible Injury,Male,Raleigh,Wake,No,Saturday,Motorist Failed to Yield - Sign-Controlled Intersection,18.0,February,Motorist Drive Out - Sign-Controlled Intersection,2012,16.0,No,O: No Injury,Female,Passenger Car,No,35.78623449,-78.66244653,Dry,30 - 35  MPH,Yield Sign,Clear,No,0,0,2
No,20.0,No,With Traffic,C: Possible Injury,Male,Greensboro,Guilford,No,Thursday,Motorist Right Turn / Merge,12.0,February,Motorist Right Turn - Same Direction,2011,21.0,No,O: No Injury,Male,Passenger Car,No,36.06857833,-79.81498159,Dry,20 - 25  MPH,No Control Present,Clear,No,0,0,2
No,21.0,Missing,With Traffic,C: Possible Injury,Female,Greensboro,Guilford,No,Tuesday,Motorist Right Turn / Merge,9.0,April,Motorist Right Turn - Same Direction,2011,42.03850604944766,Missing,Unknown Injury,Unknown,Unknown,Yes,36.06527574,-79.81274034,Wet,20 - 25  MPH,Other,Cloudy,No,1,0,4
Yes,13.0,No,Facing Traffic,B: Suspected Minor Injury,Female,Stanley,Gaston,No,Friday,Motorist Failed to Yield - Sign-Controlled Intersection,14.0,July,Motorist Drive Out - Sign-Controlled Intersection,2011,35.0,No,O: No Injury,Female,Passenger Car,No,35.3584276,-81.09529548,Dry,30 - 35  MPH,Stop Sign,Clear,No,0,0,7
Yes,30.0,No,With Traffic,C: Possible Injury,Male,Southern Pines,Moore,No,Saturday,Motorist Left Turn / Merge,15.0,February,Motorist Left Turn - Opposite Direction,2012,20.0,No,O: No Injury,Female,Passenger Car,No,35.2236765,-79.40738251,Wet,40 - 45  MPH,No Control Present,Cloudy,No,0,0,2
No,24.0,No,With Traffic,Unknown Injury,Female,None - Rural Crash,Guilford,No,Wednesday,Motorist Right Turn / Merge,12.0,February,Motorist Right Turn - Same Direction,2012,25.0,No,O: No Injury,Male,Passenger Car,No,36.06578173,-79.81131535,Dry,20 - 25  MPH,Stop Sign,Clear,No,0,0,2
Yes,49.0,No,Facing Traffic,B: Suspected Minor Injury,Male,Gastonia,Gaston,No,Friday,Motorist Failed to Yield - Signalized Intersection,9.0,February,Motorist Drive Out - Right Turn on Red,2012,26.0,No,O: No Injury,Female,Pickup,No,35.26069635,-81.20700369,Dry,30 - 35  MPH,Stop And Go Signal,Clear,No,0,0,2
Yes,24.0,No,Not Applicable,B: Suspected Minor Injury,Female,Wilmington,New Hanover,No,Wednesday,Bicyclist Failed to Yield - Midblock,12.0,February,Bicyclist Ride Out - Midblock - Unknown,2012,28.0,No,O: No Injury,Male,Passenger Car,No,34.2421074,-77.89325581,Dry,40 - 45  MPH,Flashing Stop And Go Signal,Clear,No,0,0,2
Yes,23.0,No,With Traffic,B: Suspected Minor Injury,Male,Whiteville,Columbus,No,Tuesday,Motorist Overtaking Bicyclist,18.0,February,Motorist Overtaking - Other / Unknown,2012,81.0,No,O: No Injury,Male,Pickup,No,34.331621,-78.70793017,Dry,40 - 45  MPH,No Control Present,Clear,No,0,0,2
Yes,17.0,No,With Traffic,C: Possible Injury,Male,None - Rural Crash,Gaston,No,Thursday,Motorist Overtaking Bicyclist,17.0,February,Motorist Overtaking - Other / Unknown,2012,21.0,No,O: No Injury,Female,Passenger Car,Yes,35.37117123,-81.02209424,Dry,40 - 45  MPH,"Double Yellow Line, No Passing Zone",Clear,No,0,0,2
Yes,24.0,No,With Traffic,C: Possible Injury,Female,Durham,Durham,No,Sunday,Motorist Left Turn / Merge,17.0,February,Motorist Left Turn - Opposite Direction,2012,59.0,No,O: No Injury,Female,Passenger Car,No,36.009865,-78.91964621,Dry,20 - 25  MPH,Stop And Go Signal,Clear,No,0,0,2
No,64.0,No,With Traffic,C: Possible Injury,Male,Summerfield,Guilford,No,Monday,Motorist Overtaking Bicyclist,17.0,February,Motorist Overtaking - Misjudged Space,2012,42.03850604944766,Missing,Unknown Injury,Unknown,Unknown,Yes,36.17121714,-79.92341973,Dry,40 - 45  MPH,"Double Yellow Line, No Passing Zone",Clear,No,1,0,2
Yes,47.0,Unknown,Not Applicable,C: Possible Injury,Male,Hickory,Catawba,No,Monday,Crossing Paths - Other Circumstances,18.0,February,Signalized Intersection - Other / Unknown,2012,42.03850604944766,Unknown,Unknown Injury,Unknown,Unknown,Yes,35.70557944,-81.29356378,Unknown,30 - 35  MPH,Stop And Go Signal,Clear,No,1,0,2
No,34.0,No,With Traffic,C: Possible Injury,Female,Concord,Cabarrus,No,Tuesday,Motorist Overtaking Bicyclist,7.0,February,Motorist Overtaking - Misjudged Space,2012,40.0,No,O: No Injury,Female,Passenger Car,No,35.38564281,-80.54808619,Dry,30 - 35  MPH,No Control Present,Clear,No,0,0,2
Yes,55.0,No,With Traffic,B: Suspected Minor Injury,Male,Jacksonville,Onslow,No,Tuesday,Bicyclist Failed to Yield - Signalized Intersection,16.0,February,Bicyclist Failed to Clear - Trapped,2012,55.0,No,O: No Injury,Female,Passenger Car,No,34.79640308,-77.43781106,Dry,30 - 35  MPH,Stop And Go Signal,Clear,No,0,0,2
Yes,40.0,No,With Traffic,B: Suspected Minor Injury,Male,Sanford,Lee,No,Wednesday,Motorist Left Turn / Merge,18.0,February,Motorist Left Turn - Opposite Direction,2012,29.0,No,O: No Injury,Male,Van,No,35.4650055,-79.16290438,Dry,30 - 35  MPH,Stop Sign,Clear,No,0,0,2
Yes,25.0,No,Facing Traffic,C: Possible Injury,Male,Charlotte,Mecklenburg,No,Monday,Crossing Paths - Other Circumstances,10.0,February,Signalized Intersection - Other / Unknown,2012,50.0,No,O: No Injury,Male,Truck/Tractor,No,35.25198165,-80.81040976,Wet,30 - 35  MPH,Stop And Go Signal,Rain,No,0,0,2