AmbulanceR,BikeAge,BikeAlcFlg,BikeDir,BikeInjury,BikeSex,City,County,CrashAlcoh,CrashDay,CrashGrp,CrashHour,CrashMonth,CrashType,CrashYear,DrvrAge,DrvrAlcFlg,DrvrInjury,DrvrSex,DrvrVehTyp,HitRun,Latitude,Longitude,RdConditio,SpeedLimit,TraffCntrl,Weather,Workzone,DrvrAgeImputedFlag,BikeAgeImputedFlag,MonthCode
No,21.0,No,With Traffic,B: Suspected Minor Injury,Male,Raleigh,Wake,No,Wednesday,Bicyclist Overtaking Motorist,11.0,February,Bicyclist Overtaking - Passing on Left,2012,21.0,No,O: No Injury,Male,Passenger Car,No,35.783356,-78.666893,Dry,5 - 15 MPH,No Control Present,Clear,No,0,0,2
No,21.0,No,Facing Traffic,C: Possible Injury,Female,Wilmington,New Hanover,No,Thursday,Bicyclist Failed to Yield - Signalized Intersection,12.0,February,Bicyclist Ride Through - Signalized Intersection,2012,20.0,No,O: No Injury,Female,Passenger Car,No,34.23475888,-77.86943399,Dry,30 - 35  MPH,Stop And Go Signal,Clear,No,0,0,2
Yes,6.0,No,Not Applicable,C: Possible Injury,Female,Wilmington,New Hanover,No,Thursday,Bicyclist Failed to Yield - Midblock,17.0,February,Bicyclist Ride Out - Other Midblock,2012,34.0,No,O: No Injury,Female,Passenger Car,No,34.2236186,-77.92821622,Dry,5 - 15 MPH,No Control Present,Clear,No,0,0,2
Yes,20.0,No,Facing Traffic,C: Possible Injury,Male,Smithfield,Johnston,No,Monday,Loss of Control / Turning Error,17.0,February,Bicyclist Lost Control - Mechanical Problems,2012,23.0,No,O: No Injury,Male,Passenger Car,No,35.51759144,-78.31999847,Dry,Unknown,No Control Present,Clear,No,0,0,2
No,24.0,No,With Traffic,C: Possible Injury,Male,None - Rural Crash,Buncombe,No,Thursday,Bicyclist Left Turn / Merge,17.0,March,Bicyclist Left Turn - Same Direction,2012,36.0,No,O: No Injury,Male,Passenger Car,No,35.47523782,-82.557983,Dry,30 - 35  MPH,"Double Yellow Line, No Passing Zone",Clear,No,0,0,3
Yes,30.0,No,With Traffic,C: Possible Injury,Male,Wilmington,New Hanover,No,Wednesday,Motorist Right Turn / Merge,15.0,February,Motorist Right Turn - Same Direction,2012,44.0,No,O: No Injury,Male,Passenger Car,No,34.2374795,-77.93682187,Dry,30 - 35  MPH,No Control Present,Clear,No,0,0,2
Yes,20.0,No,With Traffic,C: Possible Injury,Male,Mount Olive,Wayne,No,Tuesday,Motorist Left Turn / Merge,18.0,February,Motorist Left Turn - Opposite Direction,2012,72.0,No,O: No Injury,Male,Van,No,35.211697,-78.06611893,Dry,20 - 25  MPH,No Control Present,Clear,No,0,0,2
Yes,24.0,No,With Traffic,B: Suspected Minor Injury,Male,Chapel Hill,Orange,No,Wednesday,Motorist Left Turn / Merge,16.0,February,Motorist Left Turn - Opposite Direction,2012,22.0,No,O: No Injury,Female,Passenger Car,No,35.91170971,-79.05928548,Dry,20 - 25  MPH,No Control Present,Clear,No,0,0,2
Yes,18.0,No,Facing Traffic,B: Suspected Minor Injury,Male,Charlotte,Mecklenburg,No,Thursday,Motorist Failed to Yield - Sign-Controlled Intersection,15.0,March,Motorist Drive Out - Sign-Controlled Intersection,2012,26.0,No,O: No Injury,Female,School Bus,No,35.24944929,-80.77235762,Dry,20 - 25  MPH,Stop Sign,Clear,No,0,0,3
Yes,45.0,No,Facing Traffic,C: Possible Injury,Female,Raleigh,Wake,No,Friday,Motorist Failed to Yield - Signalized Intersection,9.0,March,Motorist Drive Out - Signalized Intersection,2012,27.0,No,O: No Injury,Male,Passenger Car,No,35.75394956,-78.64888462,Dry,40 - 45  MPH,Stop And Go Signal,Clear,No,0,0,3
No,34.0,Yes,With Traffic,C: Possible Injury,Female,Asheville,Buncombe,Yes,Wednesday,Motorist Failed to Yield - Sign-Controlled Intersection,22.0,February,Motorist Drive Out - Sign-Controlled Intersection,2012,24.0,No,O: No Injury,Male,Police,No,35.5988726,-82.56149947,Wet,30 - 35  MPH,No Control Present,Cloudy,No,0,0,2
No,16.0,No,With Traffic,B: Suspected Minor Injury,Male,Asheville,Buncombe,No,Thursday,Motorist Failed to Yield - Sign-Controlled Intersection,14.0,February,Motorist Drive Out - Sign-Controlled Intersection,2012,23.0,No,O: No Injury,Male,Pickup,No,35.58442752,-82.56625688,Dry,30 - 35  MPH,Stop Sign,Cloudy,No,0,0,2
No,49.0,No,With Traffic,C: Possible Injury,Male,Mooresville,Iredell,No,Friday,Motorist Overtaking Bicyclist,17.0,February,Motorist Overtaking - Bicyclist Swerved,2012,89.0,No,O: No Injury,Male,Passenger Car,No,35.59633782,-80.8079536,Dry,30 - 35  MPH,No Control Present,Clear,No,0,0,2
Yes,50.0,No,With Traffic,C: Possible Injury,Male,Gastonia,Gaston,No,Saturday,Motorist Right Turn / Merge,11.0,February,Motorist Right Turn - Same Direction,2012,52.0,No,O: No Injury,Female,"Single Unit Truck (2-Axle, 6-Tire)",No,35.24170871,-81.20606597,Dry,30 - 35  MPH,No Control Present,Clear,No,0,0,2
Yes,32.0,No,With Traffic,B: Suspected Minor Injury,Male,Greensboro,Guilford,No,Thursday,Motorist Overtaking Bicyclist,19.0,February,Motorist Overtaking - Other / Unknown,2012,87.0,No,O: No Injury,Male,Passenger Car,No,36.126234,-79.831891,Wet,30 - 35  MPH,No Control Present,Rain,No,0,0,2
No,57.0,No,Facing Traffic,B: Suspected Minor Injury,Male,Charlotte,Mecklenburg,No,Monday,Motorist Right Turn / Merge,16.0,March,Motorist Right Turn - Opposite Direction,2012,42.03850604944766,Missing,Unknown Injury,Unknown,Unknown,Yes,35.25192629,-80.81040874,Dry,40 - 45  MPH,Stop And Go Signal,Clear,No,1,0,3
Yes,13.0,No,With Traffic,B: Suspected Minor Injury,Male,Morganton,Burke,No,Thursday,Bicyclist Failed to Yield - Signalized Intersection,17.0,February,Bicyclist Ride Through - Signalized Intersection,2012,44.0,No,O: No Injury,Male,Passenger Car,No,35.744824,-81.686958,Dry,20 - 25  MPH,Flashing Stop And Go Signal,Clear,No,0,0,2
Yes,40.0,No,Facing Traffic,B: Suspected Minor Injury,Male,Greensboro,Guilford,No,Thursday,Motorist Failed to Yield - Midblock,22.0,February,Motorist Drive Out - Commercial Driveway / Alley,2012,21.0,No,O: No Injury,Female,Passenger Car,No,36.09578574,-79.81723464,Dry,Unknown,No Control Present,Clear,No,0,0,2
No,24.0,No,With Traffic,C: Possible Injury,Male,None - Rural Crash,Orange,No,Tuesday,Motorist Left Turn / Merge,17.0,February,Motorist Left Turn - Opposite Direction,2012,42.03850604944766,Missing,Unknown Injury,Unknown,Passenger Car,Yes,36.01511,-79.030596,Dry,40 - 45  MPH,"Double Yellow Line, No Passing Zone",Clear,No,1,0,2
Yes,24.0,No,Facing Traffic,C: Possible Injury,Male,Wilmington,New Hanover,No,Wednesday,Crossing Paths - Other Circumstances,13.0,February,Sign-Controlled Intersection - Other / Unknown,2012,48.0,No,O: No Injury,Female,Passenger Car,No,34.23201385,-77.92707195,Dry,20 - 25  MPH,Stop Sign,Clear,No,0,0,2
Yes,52.0,No,With Traffic,B: Suspected Minor Injury,Male,Raleigh,Wake,No,Thursday,Crossing Paths - Other Circumstances,14.0,March,Signalized Intersection - Other / Unknown,2012,42.03850604944766,Missing,Unknown Injury,Unknown,Unknown,Yes,35.86104627,-78.60068829,Dry,40 - 45  MPH,Stop And Go Signal,Clear,No,1,0,3
No,20.0,Missing,Facing Traffic,B: Suspected Minor Injury,Male,Charlotte,Mecklenburg,No,Sunday,Motorist Failed to Yield - Sign-Controlled Intersection,15.0,March,Motorist Drive Out - Sign-Controlled Intersection,2012,23.0,No,O: No Injury,Female,Passenger Car,No,35.24001448,-80.79775214,Dry,30 - 35  MPH,Stop Sign,Clear,No,0,0,3
Yes,24.0,No,With Traffic,C: Possible Injury,Female,Wilmington,New Hanover,No,Tuesday,Motorist Failed to Yield - Sign-Controlled Intersection,18.0,February,Motorist Drive Out - Sign-Controlled Intersection,2012,21.0,No,O: No Injury,Male,Sport Utility,No,34.22994035,-77.87097821,Dry,30 - 35  MPH,Stop Sign,Clear,No,0,0,2
Yes,62.0,No,With Traffic,B: Suspected Minor Injury,Male,Greensboro,Guilford,No,Sunday,Head-On,10.0,February,Head-On - Bicyclist,2012,52.0,No,O: No Injury,Male,Passenger Car,No,36.06448153,-79.78918073,Wet,30 - 35  MPH,Stop And Go Signal,Cloudy,No,0,0,2
No,56.0,Yes,Facing Traffic,C: Possible Injury,Male,Greensboro,Guilford,Yes,Tuesday,Motorist Failed to Yield - Sign-Controlled Intersection,16.0,February,Motorist Drive Out - Sign-Controlled Intersection,2012,32.0,No,O: No Injury,Female,Passenger Car,No,36.06385646,-79.80190124,Dry,30 - 35  MPH,Stop Sign,Clear,No,0,0,2
Yes,21.0,No,With Traffic,B: Suspected Minor Injury,Male,Rocky Mount,Nash,No,Thursday,Parallel Paths - Other Circumstances,20.0,February,Bicyclist Ride Out - Parallel Path,2012,19.0,No,O: No Injury,Male,Passenger Car,No,35.96207644,-77.82789183,Wet,40 - 45  MPH,No Control Present,Rain,No,0,0,2
Yes,51.0,Yes,Facing Traffic,B: Suspected Minor Injury,Male,Rocky Mount,Edgecombe,Yes,Tuesday,Head-On,16.0,February,Head-On - Bicyclist,2012,22.0,No,O: No Injury,Female,Passenger Car,No,35.94120248,-77.78737615,Dry,30 - 35  MPH,No Control Present,Clear,No,0,0,2
Yes,12.0,No,Unknown,C: Possible Injury,Male,Cary,Wake,No,Saturday,Other / Unknown - Insufficient Details,18.0,February,Unknown Location,2012,42.03850604944766,Missing,Unknown Injury,Unknown,Unknown,Yes,35.801452,-78.767665,Dry,30 - 35  MPH,Stop Sign,Clear,No,1,0,2
Yes,15.0,No,Facing Traffic,B: Suspected Minor Injury,Male,Charlotte,Mecklenburg,No,Wednesday,Motorist Failed to Yield - Sign-Controlled Intersection,18.0,March,Motorist Drive Out - Sign-Controlled Intersection,2012,17.0,No,O: No Injury,Female,Passenger Car,No,35.14032,-80.80218865,Dry,20 - 25  MPH,Stop Sign,Clear,No,0,0,3
No,69.0,No,Unknown,Unknown Injury,Unknown,Stanley,Gaston,No,Saturday,Other / Unknown - Insufficient Details,12.0,January,Unknown Approach Paths,2012,42.03850604944766,Unknown,Unknown Injury,Unknown,Tractor/Semi-Trailer,Yes,35.35335595,-81.09036489,Dry,30 - 35  MPH,Stop And Go Signal,Clear,No,1,0,1
No,20.0,No,With Traffic,O: No Injury,Male,Greensboro,Guilford,No,Thursday,Motorist Left Turn / Merge,10.0,February,Motorist Left Turn - Opposite Direction,2012,42.03850604944766,Missing,Unknown Injury,Unknown,Unknown,Yes,36.0664227,-79.805548,Dry,Unknown,Stop And Go Signal,Clear,No,1,0,2
No,30.0,No,Facing Traffic,B: Suspected Minor Injury,Female,Fayetteville,Cumberland,No,Wednesday,Motorist Failed to Yield - Sign-Controlled Intersection,11.0,February,Motorist Drive Out - Sign-Controlled Intersection,2012,27.0,No,O: No Injury,Female,Pickup,No,35.0936147,-78.95421605,Dry,30 - 35  MPH,Stop Sign,Clear,No,0,0,2
Yes,21.0,No,With Traffic,B: Suspected Minor Injury,Male,Raleigh,Wake,No,Wednesday,Motorist Left Turn / Merge,16.0,March,Motorist Left Turn - Opposite Direction,2012,22.0,No,O: No Injury,Male,Pickup,No,35.77927069,-78.68714193,Dry,30 - 35  MPH,No Control Present,Clear,No,0,0,3
Yes,4.0,No,Not Applicable,B: Suspected Minor Injury,Male,None - Rural Crash,Wake,No,Thursday,Bicyclist Failed to Yield - Midblock,18.0,March,Bicyclist Ride Out - Other Midblock,2012,55.0,No,O: No Injury,Male,Passenger Car,No,35.84307034,-78.41442439,Dry,5 - 15 MPH,No Control Present,Clear,No,0,0,3
No,18.0,No,With Traffic,C: Possible Injury,Male,Boone,Watauga,No,Thursday,Bicyclist Overtaking Motorist,16.0,March,Bicyclist Overtaking - Other / Unknown,2012,51.0,No,O: No Injury,Female,Passenger Car,No,36.19884842,-81.66949633,Dry,20 - 25  MPH,"Double Yellow Line, No Passing Zone",Clear,No,0,0,3
Yes,30.0,No,With Traffic,K: Killed,Male,None - Rural Crash,Davidson,Yes,Tuesday,Loss of Control / Turning Error,15.0,March,Motorist Lost Control - Other / Unknown,2012,29.0,Yes,O: No Injury,Male,Pickup,No,35.84389891,-80.21208589,Dry,50 - 55  MPH,No Control Present,Clear,No,0,0,3
Yes,30.0,No,With Traffic,B: Suspected Minor Injury,Male,Durham,Durham,No,Sunday,Motorist Left Turn / Merge,20.0,March,Motorist Left Turn - Opposite Direction,2012,42.03850604944766,Missing,Unknown Injury,Unknown,Passenger Car,Yes,36.01652265,-78.93638289,Dry,30 - 35  MPH,Stop And Go Signal,Clear,No,1,0,3
Yes,61.0,No,Facing Traffic,C: Possible Injury,Male,Greensboro,Guilford,No,Tuesday,Loss of Control / Turning Error,18.0,February,Motorist Turning Error - Other,2012,62.0,No,O: No Injury,Male,Pickup,No,36.07525081,-79.76499881,Dry,30 - 35  MPH,Stop Sign,Clear,No,0,0,2
Yes,20.0,No,Not Applicable,B: Suspected Minor Injury,Female,Elon College,Alamance,No,Tuesday,Non-Roadway,12.0,February,Non-Roadway,2012,18.0,No,O: No Injury,Male,Passenger Car,No,36.104854,-79.504395,Dry,20 - 25  MPH,No Control Present,Clear,No,0,0,2
Yes,14.0,No,Facing Traffic,B: Suspected Minor Injury,Male,Raleigh,Wake,No,Thursday,Bicyclist Failed to Yield - Signalized Intersection,16.0,March,Bicyclist Ride Through - Signalized Intersection,2012,55.0,No,O: No Injury,Male,Sport Utility,No,35.90241975,-78.66281671,Dry,40 - 45  MPH,Stop And Go Signal,Clear,No,0,0,3
Yes,68.0,No,With Traffic,B: Suspected Minor Injury,Male,Wilmington,New Hanover,No,Thursday,Loss of Control / Turning Error,13.0,March,Bicyclist Lost Control - Mechanical Problems,2012,42.03850604944766,Missing,Unknown Injury,Unknown,Pickup,No,34.23971873,-77.9354459,Dry,20 - 25  MPH,No Control Present,Clear,No,1,0,3
No,16.0,No,Not Applicable,Unknown Injury,Unknown,Swansboro,Onslow,No,Monday,Bicyclist Failed to Yield - Midblock,14.0,February,Bicyclist Ride Out - Other Midblock,2012,72.0,No,O: No Injury,Female,Passenger Car,No,34.70283242,-77.15531657,Dry,30 - 35  MPH,No Control Present,Clear,No,0,0,2
No,32.52649525389365,Yes,With Traffic,Unknown Injury,Unknown,Pinehurst,Moore,Yes,Tuesday,Motorist Failed to Yield - Sign-Controlled Intersection,7.0,February,Motorist Drive Out - Sign-Controlled Intersection,2012,63.0,No,O: No Injury,Male,Pickup,No,35.19116171,-79.47216575,Dry,30 - 35  MPH,Stop Sign,Clear,No,0,1,2
Yes,53.0,No,With Traffic,A: Suspected Serious Injury,Male,None - Rural Crash,Orange,No,Sunday,Motorist Overtaking Bicyclist,14.0,February,Motorist Overtaking - Misjudged Space,2012,42.03850604944766,Missing,Unknown Injury,Unknown,Unknown,Yes,36.12576332,-79.03688643,Dry,50 - 55  MPH,No Control Present,Clear,No,1,0,2
Yes,26.0,No,With Traffic,C: Possible Injury,Male,Gastonia,Gaston,No,Thursday,Bicyclist Failed to Yield - Sign-Controlled Intersection,15.0,March,Bicyclist Ride Through - Sign-Controlled Intersection,2012,42.0,No,O: No Injury,Male,Van,No,35.25566842,-81.1745365,Dry,30 - 35  MPH,Stop Sign,Cloudy,No,0,0,3
No,57.0,No,With Traffic,C: Possible Injury,Male,None - Rural Crash,Chowan,No,Thursday,Bicyclist Failed to Yield - Sign-Controlled Intersection,14.0,March,Bicyclist Ride Through - Sign-Controlled Intersection,2012,67.0,No,O: No Injury,Male,Passenger Car,No,36.2267216,-76.70152148,Dry,20 - 25  MPH,Stop Sign,Clear,No,0,0,3
Yes,42.0,No,Facing Traffic,C: Possible Injury,Male,Charlotte,Mecklenburg,No,Tuesday,Motorist Failed to Yield - Signalized Intersection,7.0,March,Motorist Drive Out - Right Turn on Red,2012,42.0,No,O: No Injury,Male,"Single Unit Truck (2-Axle, 6-Tire)",No,35.23389417,-80.84922947,Dry,30 - 35  MPH,Stop And Go Signal,Clear,No,0,0,3
Yes,48.0,Yes,Facing Traffic,B: Suspected Minor Injury,Male,None - Rural Crash,Johnston,Yes,Saturday,Bicyclist Failed to Yield - Sign-Controlled Intersection,18.0,March,Bicyclist Ride Through - Sign-Controlled Intersection,2012,30.0,No,O: No Injury,Female,Passenger Car,No,35.51126539,-78.39664576,Dry,50 - 55  MPH,Stop Sign,Clear,No,0,0,3
Yes,45.0,No,With Traffic,C: Possible Injury,Male,Mount Olive,Wayne,No,Wednesday,Loss of Control / Turning Error,10.0,February,Motorist Lost Control - Other / Unknown,2012,54.0,No,O: No Injury,Female,Passenger Car,No,35.18698376,-78.07691681,Dry,30 - 35  MPH,"Double Yellow Line, No Passing Zone",Clear,No,0,0,2
Yes,51.0,No,With Traffic,B: Suspected Minor Injury,Male,Raleigh,Wake,No,Wednesday,Motorist Left Turn / Merge,18.0,March,Motorist Left Turn - Opposite Direction,2012,51.0,No,O: No Injury,Male,Passenger Car,No,35.81486584,-78.71428861,Dry,30 - 35  MPH,Stop Sign,Clear,No,0,0,3
No,62.0,No,Facing Traffic,C: Possible Injury,Male,None - Rural Crash,Harnett,No,Friday,Head-On,16.0,March,Head-On - Bicyclist,2012,23.0,No,O: No Injury,Female,Sport Utility,No,35.25724573,-78.96861733,Dry,40 - 45  MPH,"Double Yellow Line, No Passing Zone",Clear,No,0,0,3
Yes,28.0,Missing,Facing Traffic,B: Suspected Minor Injury,Male,Charlotte,Mecklenburg,No,Tuesday,Motorist Failed to Yield - Sign-Controlled Intersection,11.0,March,Motorist Drive Out - Sign-Controlled Intersection,2012,55.0,No,O: No Injury,Male,Passenger Car,No,35.14880737,-80.83251648,Dry,30 - 35  MPH,Stop Sign,Clear,No,0,0,3
Yes,14.0,No,With Traffic,B: Suspected Minor Injury,Male,Albemarle,Stanly,No,Tuesday,Motorist Overtaking Bicyclist,23.0,March,Motorist Overtaking - Other / Unknown,2012,71.0,No,C: Possible Injury,Female,Passenger Car,No,35.35377126,-80.16681747,Dry,40 - 45  MPH,Stop And Go Signal,Clear,No,0,0,3
Yes,69.0,No,With Traffic,A: Suspected Serious Injury,Male,None - Rural Crash,Guilford,No,Monday,Motorist Overtaking Bicyclist,18.0,March,Motorist Overtaking - Other / Unknown,2012,36.0,No,O: No Injury,Male,Pickup,No,36.2301053,-79.75539951,Dry,40 - 45  MPH,"Double Yellow Line, No Passing Zone",Clear,No,0,0,3
Yes,19.0,No,With Traffic,B: Suspected Minor Injury,Female,Charlotte,Mecklenburg,No,Wednesday,Parallel Paths - Other Circumstances,16.0,March,Bicyclist Ride Out - Parallel Path,2012,55.0,No,O: No Injury,Female,Passenger Car,No,35.30447412,-80.72306783,Dry,40 - 45  MPH,No Control Present,Clear,No,0,0,3
Yes,21.0,Yes,With Traffic,A: Suspected Serious Injury,Male,Raleigh,Wake,Yes,Sunday,Motorist Left Turn / Merge,2.0,February,Motorist Left Turn - Opposite Direction,2012,19.0,No,O: No Injury,Male,Passenger Car,No,35.78691942,-78.67469909,Wet,20 - 25  MPH,No Control Present,Rain,No,0,0,2
Yes,54.0,No,With Traffic,C: Possible Injury,Male,Goldsboro,Wayne,No,Friday,Motorist Left Turn / Merge,19.0,March,Motorist Left Turn - Opposite Direction,2012,59.0,No,O: No Injury,Female,Passenger Car,No,35.39264066,-77.99489189,Dry,30 - 35  MPH,Stop Sign,Clear,No,0,0,3
Yes,12.0,No,With Traffic,B: Suspected Minor Injury,Male,None - Rural Crash,Dare,No,Friday,Loss of Control / Turning Error,7.0,March,Bicyclist Lost Control - Other / Unknown,2012,71.0,No,O: No Injury,Male,Passenger Car,No,35.26760795,-75.53213433,Dry,20 - 25  MPH,"Double Yellow Line, No Passing Zone",Clear,No,0,0,3
Yes,11.0,No,Facing Traffic,B: Suspected Minor Injury,Male,Durham,Durham,No,Tuesday,Parallel Paths - Other Circumstances,18.0,March,Bicyclist Ride Out - Parallel Path,2012,30.0,No,O: No Injury,Male,Passenger Car,No,35.99028881,-78.86893593,Dry,30 - 35  MPH,No Control Present,Clear,No,0,0,3
No,44.0,No,With Traffic,O: No Injury,Male,Winston-Salem,Forsyth,No,Wednesday,Motorist Failed to Yield - Sign-Controlled Intersection,6.0,March,Motorist Drive Through - Sign-Controlled Intersection,2012,42.03850604944766,Missing,Unknown Injury,Unknown,Passenger Car,Yes,36.13576528,-80.29565563,Dry,Unknown,No Control Present,"Fog, Smog, Smoke",No,1,0,3
Yes,15.0,No,With Traffic,B: Suspected Minor Injury,Male,Apex,Wake,No,Saturday,Motorist Failed to Yield - Signalized Intersection,13.0,March,Motorist Drive Out - Right Turn on Red,2012,35.0,No,O: No Injury,Female,Sport Utility,No,35.7515214,-78.87717878,Wet,40 - 45  MPH,Stop And Go Signal,Rain,No,0,0,3
No,43.0,No,With Traffic,C: Possible Injury,Male,Lumberton,Robeson,No,Tuesday,Bicyclist Failed to Yield - Signalized Intersection,13.0,March,Bicyclist Failed to Clear - Trapped,2012,25.0,No,O: No Injury,Female,Passenger Car,No,34.61207385,-78.98031128,Dry,30 - 35  MPH,Stop And Go Signal,Clear,No,0,0,3
Yes,31.0,No,With Traffic,B: Suspected Minor Injury,Male,None - Rural Crash,Alamance,No,Thursday,Loss of Control / Turning Error,14.0,March,Motorist Lost Control - Other / Unknown,2012,42.03850604944766,Unknown,Unknown Injury,Unknown,Unknown,Yes,36.058458,-79.293016,Dry,40 - 45  MPH,"Double Yellow Line, No Passing Zone",Clear,No,1,0,3
No,32.0,No,With Traffic,C: Possible Injury,Male,Durham,Durham,No,Friday,Loss of Control / Turning Error,16.0,March,Bicyclist Lost Control - Mechanical Problems,2012,42.03850604944766,Missing,Unknown Injury,Unknown,Van,No,36.007562,-78.920992,Dry,30 - 35  MPH,No Control Present,Clear,No,1,0,3
No,55.0,No,With Traffic,C: Possible Injury,Male,None - Rural Crash,Johnston,No,Tuesday,Motorist Left Turn / Merge,5.0,March,Motorist Left Turn - Opposite Direction,2012,49.0,No,O: No Injury,Male,Passenger Car,No,35.60783338,-78.56293474,Dry,30 - 35  MPH,Stop And Go Signal,Cloudy,No,0,0,3
Yes,33.0,No,With Traffic,C: Possible Injury,Male,Washington,Beaufort,No,Saturday,Motorist Left Turn / Merge,23.0,March,Motorist Left Turn - Opposite Direction,2012,26.0,No,O: No Injury,Male,Passenger Car,No,35.55340118,-77.05861911,Dry,30 - 35  MPH,Stop Sign,Clear,No,0,0,3
Yes,30.0,Missing,With Traffic,B: Suspected Minor Injury,Male,Charlotte,Mecklenburg,No,Sunday,Motorist Failed to Yield - Sign-Controlled Intersection,13.0,March,Motorist Drive Out - Sign-Controlled Intersection,2012,60.0,No,O: No Injury,Female,Passenger Car,No,35.18697194,-80.83306533,Dry,20 - 25  MPH,Stop Sign,Cloudy,No,0,0,3
Yes,8.0,No,Facing Traffic,K: Killed,Male,Dunn,Harnett,No,Sunday,Bicyclist Failed to Yield - Sign-Controlled Intersection,15.0,March,Bicyclist Ride Through - Sign-Controlled Intersection,2012,18.0,No,O: No Injury,Female,Passenger Car,No,35.30579465,-78.61866247,Dry,30 - 35  MPH,Stop Sign,Cloudy,No,0,0,3
Yes,72.0,No,With Traffic,B: Suspected Minor Injury,Male,None - Rural Crash,Rowan,No,Friday,Motorist Overtaking Bicyclist,15.0,March,Motorist Overtaking - Other / Unknown,2012,35.0,No,O: No Injury,Male,Van,No,35.6008981,-80.54372807,Dry,50 - 55  MPH,No Control Present,Clear,No,0,0,3
Yes,39.0,No,With Traffic,C: Possible Injury,Female,None - Rural Crash,Hoke,No,Sunday,Motorist Overtaking Bicyclist,10.0,April,Motorist Overtaking - Misjudged Space,2012,16.0,No,O: No Injury,Female,Sport Utility,No,34.99111212,-79.16676168,Dry,40 - 45  MPH,"Double Yellow Line, No Passing Zone",Clear,No,0,0,4
Yes,23.0,No,Facing Traffic,A: Suspected Serious Injury,Male,None - Rural Crash,Yadkin,No,Saturday,Head-On,16.0,March,Head-On - Bicyclist,2012,63.0,No,O: No Injury,Female,Passenger Car,No,36.1717999,-80.47781854,Dry,50 - 55  MPH,Human Control,Clear,No,0,0,3
Yes,5.0,No,With Traffic,B: Suspected Minor Injury,Male,None - Rural Crash,Cabarrus,No,Wednesday,Head-On,18.0,March,Head-On - Bicyclist,2012,36.0,No,O: No Injury,Female,Passenger Car,No,35.35040863,-80.52951162,Dry,5 - 15 MPH,No Control Present,Clear,No,0,0,3
Yes,29.0,No,Facing Traffic,C: Possible Injury,Male,Durham,Durham,No,Wednesday,Motorist Failed to Yield - Sign-Controlled Intersection,17.0,March,Motorist Drive Out - Sign-Controlled Intersection,2012,65.0,No,O: No Injury,Male,Sport Utility,No,36.01100586,-78.90561662,Dry,30 - 35  MPH,Stop Sign,Clear,No,0,0,3
Yes,23.0,No,With Traffic,B: Suspected Minor Injury,Male,Aberdeen,Moore,No,Wednesday,Loss of Control / Turning Error,12.0,March,Bicyclist Lost Control - Mechanical Problems,2012,20.0,No,O: No Injury,Female,Passenger Car,No,35.13050379,-79.43261544,Dry,30 - 35  MPH,Stop Sign,Clear,No,0,0,3
Yes,19.0,No,Unknown,B: Suspected Minor Injury,Male,Jacksonville,Onslow,No,Saturday,Other / Unknown - Insufficient Details,21.0,March,Unknown Approach Paths,2012,42.03850604944766,Missing,Unknown Injury,Unknown,Unknown,Yes,34.78026177,-77.42927882,Wet,Unknown,No Control Present,Rain,No,1,0,3
No,43.0,No,With Traffic,C: Possible Injury,Female,Durham,Durham,No,Monday,Motorist Overtaking Bicyclist,19.0,April,Motorist Overtaking - Undetected Bicyclist,2012,28.0,No,O: No Injury,Male,Passenger Car,No,36.01684849,-78.90190497,Dry,40 - 45  MPH,No Control Present,Clear,No,0,0,4
Yes,14.0,No,Not Applicable,C: Possible Injury,Male,None - Rural Crash,Beaufort,No,Tuesday,Bicyclist Failed to Yield - Midblock,23.0,April,Bicyclist Ride Out - Midblock - Unknown,2012,60.0,No,O: No Injury,Male,Pickup,No,35.51682367,-77.03978635,Dry,40 - 45  MPH,"Double Yellow Line, No Passing Zone",Clear,No,0,0,4
Yes,14.0,No,Facing Traffic,B: Suspected Minor Injury,Male,Raleigh,Wake,No,Tuesday,Bicyclist Failed to Yield - Signalized Intersection,15.0,April,Bicyclist Ride Through - Signalized Intersection,2012,42.03850604944766,Missing,Unknown Injury,Unknown,Passenger Car,Yes,35.78403426,-78.61322381,Dry,30 - 35  MPH,Stop And Go Signal,Clear,No,1,0,4
Yes,51.0,No,With Traffic,B: Suspected Minor Injury,Male,Rocky Mount,Edgecombe,No,Saturday,Motorist Left Turn / Merge,16.0,March,Motorist Left Turn - Opposite Direction,2012,30.0,No,O: No Injury,Female,Passenger Car,No,35.93211157,-77.77453541,Dry,30 - 35  MPH,No Control Present,Clear,No,0,0,3
Yes,24.0,No,Facing Traffic,B: Suspected Minor Injury,Female,Carrboro,Orange,No,Tuesday,Crossing Paths - Other Circumstances,22.0,March,Signalized Intersection - Other / Unknown,2012,26.0,No,O: No Injury,Male,Sport Utility,No,35.91075767,-79.06910046,Wet,20 - 25  MPH,Stop And Go Signal,Rain,No,0,0,3
Yes,10.0,No,Facing Traffic,O: No Injury,Male,Charlotte,Mecklenburg,No,Thursday,Crossing Paths - Other Circumstances,13.0,April,Signalized Intersection - Other / Unknown,2012,26.0,No,O: No Injury,Female,Passenger Car,No,35.1379,-80.879297,Dry,30 - 35  MPH,Stop And Go Signal,Clear,No,0,0,4