AmbulanceR,BikeAge,BikeAlcFlg,BikeDir,BikeInjury,BikeSex,City,County,CrashAlcoh,CrashDay,CrashGrp,CrashHour,CrashMonth,CrashType,CrashYear,DrvrAge,DrvrAlcFlg,DrvrInjury,DrvrSex,DrvrVehTyp,HitRun,Latitude,Longitude,RdConditio,SpeedLimit,TraffCntrl,Weather,Workzone,DrvrAgeImputedFlag,BikeAgeImputedFlag,MonthCode
Yes,23.0,No,With Traffic,C: Possible Injury,Male,None - Rural Crash,Guilford,No,Saturday,Bicyclist Left Turn / Merge,12.0,April,Bicyclist Left Turn - Same Direction,2012,39.0,No,O: No Injury,Male,Passenger Car,No,36.04823271,-79.71887049,Dry,40 - 45  MPH,"Double Yellow Line, No Passing Zone",Clear,No,0,0,4
Yes,20.0,No,With Traffic,C: Possible Injury,Male,Jacksonville,Onslow,No,Tuesday,Motorist Failed to Yield - Sign-Controlled Intersection,6.0,February,Motorist Drive Out - Sign-Controlled Intersection,2012,61.0,No,O: No Injury,Male,School Bus,No,34.79130729,-77.40020352,Dry,20 - 25  MPH,Stop Sign,Clear,No,0,0,2
Yes,54.0,No,With Traffic,B: Suspected Minor Injury,Male,Rocky Mount,Nash,No,Tuesday,Motorist Overtaking Bicyclist,7.0,March,Motorist Overtaking - Misjudged Space,2012,27.0,No,O: No Injury,Male,Van,No,35.95609218,-77.87195619,Dry,40 - 45  MPH,No Control Present,Clear,No,0,0,3
No,17.0,No,With Traffic,B: Suspected Minor Injury,Male,Southern Pines,Moore,No,Saturday,Bicyclist Overtaking Motorist,17.0,March,Bicyclist Overtaking - Passing on Right,2012,26.0,No,O: No Injury,Male,Passenger Car,No,35.18245202,-79.39989917,Wet,30 - 35  MPH,No Control Present,Rain,No,0,0,3
Yes,22.0,No,Not Applicable,B: Suspected Minor Injury,Male,Wilmington,New Hanover,No,Monday,Bicyclist Failed to Yield - Midblock,10.0,March,Bicyclist Ride Out - Other Midblock,2012,62.0,No,O: No Injury,Male,Passenger Car,No,34.22686823,-77.91570752,Dry,30 - 35  MPH,No Control Present,Clear,No,0,0,3
Yes,61.0,Yes,Not Applicable,B: Suspected Minor Injury,Male,Raleigh,Wake,Yes,Saturday,Non-Roadway,19.0,April,Non-Roadway,2012,36.0,No,O: No Injury,Male,Pickup,No,35.78854814,-78.64657559,Dry,30 - 35  MPH,No Control Present,Clear,No,0,0,4
Yes,37.0,No,Not Applicable,B: Suspected Minor Injury,Male,Greensboro,Guilford,No,Friday,Crossing Paths - Other Circumstances,7.0,March,Crossing Paths - Uncontrolled Intersection,2012,32.0,No,O: No Injury,Female,Passenger Car,No,36.07669535,-79.89364928,Dry,30 - 35  MPH,Stop And Go Signal,Clear,No,0,0,3
Yes,19.0,No,With Traffic,B: Suspected Minor Injury,Male,None - Rural Crash,Buncombe,No,Saturday,Bicyclist Left Turn / Merge,17.0,March,Bicyclist Left Turn - Same Direction,2012,36.0,No,O: No Injury,Female,Passenger Car,No,35.51916745,-82.40391123,Dry,30 - 35  MPH,"Double Yellow Line, No Passing Zone",Clear,No,0,0,3
Yes,47.0,No,Facing Traffic,C: Possible Injury,Male,Washington,Beaufort,No,Friday,Motorist Failed to Yield - Midblock,8.0,March,Motorist Drive Out - Commercial Driveway / Alley,2012,26.0,No,O: No Injury,Female,Passenger Car,No,35.54654549,-77.03273668,Wet,Unknown,No Control Present,Cloudy,No,0,0,3
No,50.0,No,With Traffic,C: Possible Injury,Male,Rocky Mount,Nash,No,Friday,Bicyclist Failed to Yield - Signalized Intersection,5.0,March,Bicyclist Failed to Clear - Trapped,2012,59.0,No,O: No Injury,Male,Pickup,No,35.980635,-77.808812,Dry,40 - 45  MPH,Stop And Go Signal,Clear,No,0,0,3
No,9.0,No,Facing Traffic,B: Suspected Minor Injury,Female,Concord,Cabarrus,No,Tuesday,Loss of Control / Turning Error,17.0,March,Bicyclist Lost Control - Mechanical Problems,2012,40.0,No,O: No Injury,Male,Passenger Car,No,35.41770815,-80.60148187,Dry,30 - 35  MPH,Stop Sign,Clear,No,0,0,3
No,14.0,No,Not Applicable,C: Possible Injury,Male,None - Rural Crash,Avery,No,Wednesday,Bicyclist Failed to Yield - Midblock,18.0,April,Bicyclist Ride Out - Commercial Driveway / Alley,2012,57.0,No,O: No Injury,Female,Passenger Car,No,36.16939395,-81.85510127,Dry,30 - 35  MPH,"Double Yellow Line, No Passing Zone",Clear,No,0,0,4
Yes,64.0,No,With Traffic,B: Suspected Minor Injury,Male,Wilmington,New Hanover,No,Tuesday,Motorist Right Turn / Merge,12.0,April,Motorist Right Turn - Same Direction,2012,21.0,No,O: No Injury,Female,Passenger Car,No,34.22908198,-77.87320574,Dry,5 - 15 MPH,No Control Present,Clear,No,0,0,4
Yes,21.0,No,With Traffic,B: Suspected Minor Injury,Male,Greensboro,Guilford,No,Monday,Motorist Left Turn / Merge,16.0,March,Motorist Left Turn - Opposite Direction,2012,61.0,No,O: No Injury,Female,Passenger Car,No,36.10612322,-79.85051137,Dry,30 - 35  MPH,No Control Present,Clear,No,0,0,3
Yes,34.0,No,With Traffic,B: Suspected Minor Injury,Male,None - Rural Crash,Orange,No,Monday,Motorist Right Turn / Merge,19.0,March,Motorist Right Turn - Same Direction,2012,41.0,No,O: No Injury,Female,Passenger Car,No,35.98130805,-78.99799742,Dry,40 - 45  MPH,Stop Sign,Clear,No,0,0,3
Yes,6.0,No,Not Applicable,B: Suspected Minor Injury,Male,Clinton,Sampson,Yes,Wednesday,Bicyclist Failed to Yield - Midblock,14.0,April,Bicyclist Ride Out - Residential Driveway,2012,63.0,Yes,O: No Injury,Male,Pickup,No,34.9903055,-78.32389156,Dry,30 - 35  MPH,No Control Present,Clear,No,0,0,4
Yes,16.0,No,Facing Traffic,A: Suspected Serious Injury,Male,None - Rural Crash,Wake,No,Saturday,Loss of Control / Turning Error,15.0,April,Motorist Lost Control - Other / Unknown,2012,21.0,No,O: No Injury,Female,Passenger Car,No,35.73878858,-78.54898236,Dry,40 - 45  MPH,"Double Yellow Line, No Passing Zone",Clear,No,0,0,4
No,47.0,No,With Traffic,C: Possible Injury,Male,Raleigh,Wake,No,Wednesday,Motorist Left Turn / Merge,22.0,March,Motorist Left Turn - Opposite Direction,2012,21.0,No,O: No Injury,Female,Passenger Car,No,35.77775463,-78.62363459,Dry,30 - 35  MPH,Stop Sign,Clear,No,0,0,3
Yes,20.0,No,Not Applicable,B: Suspected Minor Injury,Male,Raleigh,Wake,No,Thursday,Bicyclist Failed to Yield - Midblock,10.0,March,Bicyclist Ride Out - Residential Driveway,2012,23.0,No,O: No Injury,Male,Sport Utility,No,35.80977325,-78.67751003,Dry,20 - 25  MPH,No Control Present,Clear,No,0,0,3
No,22.0,No,Facing Traffic,O: No Injury,Male,Raleigh,Wake,No,Tuesday,Motorist Failed to Yield - Signalized Intersection,4.0,March,Motorist Drive Out - Right Turn on Red,2012,42.03850604944766,Missing,Unknown Injury,Unknown,Unknown,Yes,35.7848112,-78.68961114,Dry,20 - 25  MPH,Stop And Go Signal,Clear,No,1,0,3
Yes,11.0,No,Facing Traffic,C: Possible Injury,Female,Raleigh,Wake,No,Monday,Motorist Left Turn / Merge,20.0,April,Motorist Left Turn - Same Direction,2012,64.0,No,O: No Injury,Female,Passenger Car,No,35.84812807,-78.644431,Dry,40 - 45  MPH,No Control Present,Clear,No,0,0,4
Yes,52.0,No,With Traffic,C: Possible Injury,Male,None - Rural Crash,Wake,No,Thursday,Motorist Overtaking Bicyclist,19.0,April,Motorist Overtaking - Other / Unknown,2012,40.0,No,O: No Injury,Male,Pickup,No,35.91286489,-78.72843598,Dry,40 - 45  MPH,No Control Present,Clear,No,0,0,4
Yes,14.0,No,With Traffic,C: Possible Injury,Female,Gastonia,Gaston,No,Saturday,Bicyclist Left Turn / Merge,18.0,April,Bicyclist Left Turn - Same Direction,2012,33.0,No,O: No Injury,Female,Sport Utility,No,35.25323805,-81.16692795,Dry,40 - 45  MPH,No Control Present,Clear,No,0,0,4
Yes,30.0,No,Facing Traffic,C: Possible Injury,Male,None - Rural Crash,Guilford,No,Tuesday,Bicyclist Failed to Yield - Signalized Intersection,17.0,March,Bicyclist Ride Through - Signalized Intersection,2012,40.0,No,O: No Injury,Female,Sport Utility,No,36.08503415,-79.75671186,Dry,5 - 15 MPH,Stop And Go Signal,Clear,No,0,0,3
No,16.0,No,With Traffic,B: Suspected Minor Injury,Male,Havelock,Craven,No,Wednesday,Motorist Overtaking Bicyclist,23.0,March,Motorist Overtaking - Other / Unknown,2012,42.03850604944766,Unknown,Unknown Injury,Unknown,Unknown,Yes,34.88551157,-76.92362322,Dry,30 - 35  MPH,No Control Present,Clear,No,1,0,3
No,7.0,No,Not Applicable,B: Suspected Minor Injury,Male,Raleigh,Wake,No,Thursday,Non-Roadway,18.0,April,Non-Roadway,2012,34.0,No,O: No Injury,Female,Passenger Car,No,35.87593031,-78.7289455,Dry,5 - 15 MPH,No Control Present,Clear,No,0,0,4
Yes,46.0,No,With Traffic,B: Suspected Minor Injury,Male,None - Rural Crash,Davidson,No,Saturday,Motorist Right Turn / Merge,9.0,April,Motorist Right Turn - Same Direction,2012,65.0,No,O: No Injury,Male,Pickup,No,35.72748097,-80.06839065,Dry,50 - 55  MPH,No Control Present,Clear,No,0,0,4
No,18.0,No,Not Applicable,C: Possible Injury,Male,Kinston,Lenoir,No,Friday,Crossing Paths - Other Circumstances,12.0,April,Crossing Paths - Uncontrolled Intersection,2012,46.0,No,C: Possible Injury,Female,Passenger Car,No,35.26869638,-77.58307495,Dry,30 - 35  MPH,No Control Present,Clear,No,0,0,4
No,31.0,No,Facing Traffic,O: No Injury,Male,Durham,Durham,No,Friday,Loss of Control / Turning Error,14.0,April,Bicyclist Lost Control - Mechanical Problems,2012,33.0,No,O: No Injury,Male,Passenger Car,No,36.03634156,-78.89476517,Dry,5 - 15 MPH,No Control Present,Clear,No,0,0,4
Yes,21.0,No,Facing Traffic,C: Possible Injury,Male,Siler City,Chatham,No,Thursday,Motorist Failed to Yield - Midblock,10.0,March,Motorist Drive Out - Commercial Driveway / Alley,2012,34.0,No,O: No Injury,Male,Sport Utility,No,35.73307373,-79.44232295,Dry,Unknown,No Control Present,Clear,No,0,0,3
Yes,66.0,No,With Traffic,C: Possible Injury,Male,Charlotte,Mecklenburg,No,Saturday,Motorist Right Turn / Merge,12.0,April,Motorist Right Turn - Same Direction,2012,42.03850604944766,Missing,Unknown Injury,Unknown,Unknown,Yes,35.18427253,-80.7490268,Dry,30 - 35  MPH,No Control Present,Clear,No,1,0,4
Yes,38.0,No,With Traffic,K: Killed,Female,Summerfield,Guilford,No,Friday,Motorist Overtaking Bicyclist,19.0,April,Motorist Overtaking - Other / Unknown,2012,33.0,No,O: No Injury,Female,Sport Utility,No,36.208746,-79.904758,Dry,40 - 45  MPH,"Double Yellow Line, No Passing Zone",Clear,No,0,0,4
Yes,23.0,Unknown,With Traffic,B: Suspected Minor Injury,Male,None - Rural Crash,Orange,No,Tuesday,Motorist Overtaking Bicyclist,9.0,April,Motorist Overtaking - Other / Unknown,2012,42.03850604944766,Unknown,Unknown Injury,Unknown,Unknown,Yes,35.92787182,-79.06758508,Dry,30 - 35  MPH,No Control Present,Clear,No,1,0,4
Yes,40.0,No,Facing Traffic,B: Suspected Minor Injury,Male,Wilmington,New Hanover,No,Sunday,Motorist Failed to Yield - Midblock,13.0,March,Motorist Drive Out - Commercial Driveway / Alley,2012,42.03850604944766,Missing,Unknown Injury,Unknown,Unknown,Yes,34.23188037,-77.88057503,Dry,30 - 35  MPH,No Control Present,Cloudy,No,1,0,3
Yes,60.0,No,With Traffic,C: Possible Injury,Male,Raleigh,Wake,No,Monday,Motorist Failed to Yield - Signalized Intersection,6.0,April,Motorist Drive Out - Right Turn on Red,2012,51.0,No,O: No Injury,Female,Passenger Car,No,35.82179099,-78.56924881,Dry,40 - 45  MPH,Stop And Go Signal,Clear,No,0,0,4
Yes,7.0,No,Facing Traffic,B: Suspected Minor Injury,Female,Kannapolis,Rowan,No,Saturday,Loss of Control / Turning Error,19.0,March,Bicyclist Lost Control - Mechanical Problems,2012,71.0,No,O: No Injury,Male,"Single Unit Truck (2-Axle, 6-Tire)",No,35.529203,-80.618374,Wet,30 - 35  MPH,No Control Present,Rain,No,0,0,3
Yes,27.0,No,With Traffic,C: Possible Injury,Male,Durham,Durham,No,Friday,Bicyclist Failed to Yield - Signalized Intersection,9.0,April,Bicyclist Ride Through - Signalized Intersection,2012,26.0,No,O: No Injury,Female,Passenger Car,No,35.98716636,-78.92644778,Dry,30 - 35  MPH,Stop And Go Signal,Clear,No,0,0,4
Yes,57.0,No,With Traffic,B: Suspected Minor Injury,Male,Durham,Durham,No,Monday,Crossing Paths - Other Circumstances,14.0,April,Signalized Intersection - Other / Unknown,2012,61.0,No,O: No Injury,Female,Sport Utility,No,36.00231537,-78.91288283,Dry,20 - 25  MPH,Stop And Go Signal,Clear,No,0,0,4
Yes,11.0,No,With Traffic,C: Possible Injury,Male,Durham,Durham,No,Monday,Bicyclist Failed to Yield - Signalized Intersection,17.0,April,Bicyclist Failed to Clear - Trapped,2012,27.0,No,O: No Injury,Male,Passenger Car,No,36.03573065,-78.88994026,Dry,30 - 35  MPH,No Control Present,Clear,No,0,0,4
Yes,12.0,No,With Traffic,B: Suspected Minor Injury,Male,None - Rural Crash,Davie,No,Saturday,Bicyclist Failed to Yield - Sign-Controlled Intersection,11.0,April,Bicyclist Ride Through - Sign-Controlled Intersection,2012,72.0,No,O: No Injury,Male,Van,No,35.9416371,-80.6021673,Dry,40 - 45  MPH,Stop Sign,Clear,No,0,0,4
Yes,83.0,No,With Traffic,B: Suspected Minor Injury,Male,High Point,Guilford,No,Tuesday,Bicyclist Left Turn / Merge,9.0,April,Bicyclist Left Turn - Same Direction,2012,42.0,No,O: No Injury,Female,Sport Utility,No,35.93655093,-80.02984789,Dry,30 - 35  MPH,No Control Present,Cloudy,No,0,0,4
Yes,53.0,No,With Traffic,C: Possible Injury,Male,Monroe,Union,No,Wednesday,Motorist Left Turn / Merge,17.0,April,Motorist Left Turn - Opposite Direction,2012,19.0,No,O: No Injury,Female,Passenger Car,No,34.97870403,-80.53768914,Dry,30 - 35  MPH,Stop Sign,Clear,No,0,0,4
Yes,16.0,No,With Traffic,C: Possible Injury,Female,None - Rural Crash,Hertford,No,Thursday,Bicyclist Left Turn / Merge,20.0,March,Bicyclist Left Turn - Same Direction,2012,42.0,No,O: No Injury,Male,Passenger Car,No,36.38532829,-76.94020322,Dry,50 - 55  MPH,No Control Present,Clear,No,0,0,3
Yes,26.0,No,Facing Traffic,C: Possible Injury,Female,Wilmington,New Hanover,No,Monday,Motorist Failed to Yield - Midblock,9.0,April,Motorist Drive Out - Other Midblock,2012,40.0,No,O: No Injury,Female,Passenger Car,No,34.25176952,-77.8265209,Dry,40 - 45  MPH,Stop Sign,Clear,No,0,0,4
No,28.0,No,With Traffic,C: Possible Injury,Male,None - Rural Crash,Onslow,No,Monday,Motorist Right Turn / Merge,16.0,April,Motorist Right Turn - Same Direction,2012,51.0,No,O: No Injury,Male,Sport Utility,No,34.72749687,-77.32096215,Dry,40 - 45  MPH,"Double Yellow Line, No Passing Zone",Clear,No,0,0,4
No,43.0,No,Unknown,C: Possible Injury,Female,Wilmington,New Hanover,No,Thursday,Other / Unknown - Insufficient Details,17.0,March,Unknown Approach Paths,2012,56.0,No,O: No Injury,Female,Sport Utility,No,34.21509707,-77.88601734,Dry,40 - 45  MPH,Stop And Go Signal,Clear,No,0,0,3
No,48.0,No,Facing Traffic,C: Possible Injury,Male,Wilmington,New Hanover,No,Tuesday,Motorist Failed to Yield - Midblock,15.0,March,Motorist Drive Out - Commercial Driveway / Alley,2012,46.0,No,O: No Injury,Female,Passenger Car,No,34.24417407,-77.88103078,Dry,5 - 15 MPH,No Control Present,Clear,No,0,0,3
Yes,57.0,No,With Traffic,B: Suspected Minor Injury,Male,Wilmington,New Hanover,No,Thursday,Motorist Failed to Yield - Midblock,18.0,March,Motorist Drive Out - Commercial Driveway / Alley,2012,34.0,No,O: No Injury,Male,Passenger Car,No,34.22021971,-77.82161657,Dry,40 - 45  MPH,No Control Present,Clear,No,0,0,3
No,13.0,No,Facing Traffic,C: Possible Injury,Male,Cary,Wake,No,Wednesday,Motorist Overtaking Bicyclist,16.0,April,Motorist Overtaking - Bicyclist Swerved,2012,42.03850604944766,Missing,Unknown Injury,Unknown,Unknown,Yes,35.77365474,-78.84233565,Dry,20 - 25  MPH,No Control Present,Clear,No,1,0,4
Yes,45.0,No,With Traffic,B: Suspected Minor Injury,Male,Fayetteville,Cumberland,No,Saturday,Bicyclist Failed to Yield - Sign-Controlled Intersection,21.0,April,Bicyclist Ride Out - Sign-Controlled Intersection,2012,22.0,No,O: No Injury,Female,Passenger Car,No,35.08169448,-78.90236885,Dry,30 - 35  MPH,Stop Sign,Clear,No,0,0,4
No,42.0,No,With Traffic,B: Suspected Minor Injury,Male,Kinston,Lenoir,No,Friday,Motorist Overtaking Bicyclist,20.0,April,Motorist Overtaking - Misjudged Space,2012,42.03850604944766,Missing,Unknown Injury,Unknown,Passenger Car,Yes,35.27832968,-77.57563896,Dry,30 - 35  MPH,Stop And Go Signal,Clear,No,1,0,4
Yes,19.0,No,With Traffic,C: Possible Injury,Male,Durham,Durham,No,Friday,Motorist Right Turn / Merge,17.0,April,Motorist Right Turn - Same Direction,2012,36.0,No,O: No Injury,Male,Passenger Car,No,35.99021488,-78.89248358,Dry,30 - 35  MPH,Stop And Go Signal,Clear,No,0,0,4
No,11.0,No,Facing Traffic,C: Possible Injury,Female,Greensboro,Guilford,No,Monday,Head-On,18.0,March,Head-On - Bicyclist,2012,48.0,No,Unknown Injury,Male,Passenger Car,No,36.08663268,-79.74687582,Dry,Unknown,No Control Present,Clear,No,0,0,3
Yes,15.0,No,With Traffic,B: Suspected Minor Injury,Male,None - Rural Crash,Robeson,No,Tuesday,Motorist Overtaking Bicyclist,23.0,April,Motorist Overtaking - Other / Unknown,2012,19.0,No,O: No Injury,Female,Passenger Car,No,34.70936494,-79.00615693,Dry,50 - 55  MPH,"Double Yellow Line, No Passing Zone",Cloudy,No,0,0,4
Yes,9.0,No,With Traffic,B: Suspected Minor Injury,Male,High Point,Guilford,No,Tuesday,Bicyclist Failed to Yield - Sign-Controlled Intersection,17.0,April,Bicyclist Ride Through - Sign-Controlled Intersection,2012,74.0,No,O: No Injury,Female,Passenger Car,No,35.97473609,-80.0058694,Dry,30 - 35  MPH,Yield Sign,Clear,No,0,0,4
No,49.0,No,Facing Traffic,C: Possible Injury,Male,Sanford,Lee,No,Tuesday,Motorist Failed to Yield - Signalized Intersection,15.0,April,Motorist Drive Out - Right Turn on Red,2012,60.0,No,O: No Injury,Female,Sport Utility,No,35.46008368,-79.11623578,Dry,40 - 45  MPH,Stop And Go Signal,Clear,No,0,0,4
Yes,53.0,Yes,With Traffic,C: Possible Injury,Male,None - Rural Crash,Duplin,Yes,Saturday,Motorist Overtaking Bicyclist,16.0,April,Motorist Overtaking - Misjudged Space,2012,79.0,No,O: No Injury,Male,Pickup,No,35.16693203,-78.09354789,Dry,50 - 55  MPH,No Control Present,Clear,No,0,0,4
No,17.0,No,Facing Traffic,C: Possible Injury,Female,Greensboro,Guilford,No,Wednesday,Motorist Failed to Yield - Signalized Intersection,9.0,April,Motorist Drive Out - Right Turn on Red,2012,17.0,No,O: No Injury,Male,Passenger Car,No,36.09481165,-79.89127598,Dry,30 - 35  MPH,Stop And Go Signal,Clear,No,0,0,4
Yes,44.0,No,With Traffic,B: Suspected Minor Injury,Male,Wilmington,New Hanover,No,Tuesday,Motorist Left Turn / Merge,17.0,April,Motorist Left Turn - Opposite Direction,2012,22.0,No,O: No Injury,Male,Passenger Car,No,34.19514816,-77.8707607,Dry,40 - 45  MPH,Stop And Go Signal,Clear,No,0,0,4
Yes,20.0,No,With Traffic,C: Possible Injury,Female,New Bern,Craven,No,Friday,Bicyclist Failed to Yield - Sign-Controlled Intersection,13.0,April,Bicyclist Ride Through - Sign-Controlled Intersection,2012,63.0,No,O: No Injury,Male,Pickup,No,35.11413344,-77.05228298,Dry,20 - 25  MPH,Stop Sign,Clear,No,0,0,4
No,67.0,Unknown,With Traffic,C: Possible Injury,Male,Southport,Brunswick,No,Monday,Bicyclist Left Turn / Merge,16.0,March,Bicyclist Left Turn - Same Direction,2012,18.0,No,O: No Injury,Male,Pickup,No,33.92112685,-78.02016202,Dry,Unknown,No Control Present,Clear,No,0,0,3
No,28.0,No,With Traffic,C: Possible Injury,Male,Greensboro,Guilford,No,Monday,Motorist Left Turn / Merge,19.0,April,Motorist Left Turn - Opposite Direction,2012,21.0,No,O: No Injury,Female,Passenger Car,No,36.06374246,-79.82388149,Dry,30 - 35  MPH,Stop And Go Signal,Clear,No,0,0,4
No,17.0,No,With Traffic,B: Suspected Minor Injury,Male,None - Rural Crash,Hertford,No,Wednesday,Motorist Overtaking Bicyclist,21.0,April,Motorist Overtaking - Other / Unknown,2012,29.0,No,O: No Injury,Male,Passenger Car,No,36.30174117,-76.95885807,Dry,50 - 55  MPH,No Control Present,Cloudy,No,0,0,4
Yes,29.0,No,Facing Traffic,C: Possible Injury,Male,Charlotte,Mecklenburg,No,Friday,Motorist Failed to Yield - Midblock,13.0,April,Motorist Drive Out - Commercial Driveway / Alley,2012,48.0,No,O: No Injury,Female,Passenger Car,No,35.21177369,-80.68959191,Dry,40 - 45  MPH,Stop Sign,Clear,No,0,0,4
Yes,47.0,Unknown,With Traffic,A: Suspected Serious Injury,Male,Lincolnton,Lincoln,No,Friday,Bicyclist Failed to Yield - Signalized Intersection,15.0,April,Bicyclist Ride Through - Signalized Intersection,2012,56.0,No,O: No Injury,Male,Pickup,No,35.469997,-81.256309,Dry,20 - 25  MPH,Stop And Go Signal,Clear,No,0,0,4
Yes,45.0,No,With Traffic,B: Suspected Minor Injury,Male,Stallings,Union,No,Saturday,Motorist Left Turn / Merge,3.0,April,Motorist Left Turn - Opposite Direction,2012,59.0,No,O: No Injury,Female,Passenger Car,No,35.10617322,-80.67473534,Dry,40 - 45  MPH,No Control Present,Clear,No,0,0,4
No,32.52649525389365,Unknown,With Traffic,Unknown Injury,Unknown,None - Rural Crash,Rockingham,No,Monday,Motorist Overtaking Bicyclist,22.0,April,Motorist Overtaking - Misjudged Space,2012,40.0,No,O: No Injury,Female,Passenger Car,No,36.35367673,-79.6925519,Dry,40 - 45  MPH,"Double Yellow Line, No Passing Zone",Clear,No,0,1,4
Yes,13.0,No,With Traffic,C: Possible Injury,Female,Morehead City,Carteret,No,Thursday,Crossing Paths - Other Circumstances,16.0,April,Crossing Paths - Intersection - Other / Unknown,2012,43.0,No,O: No Injury,Female,Passenger Car,No,34.727157,-76.750886,Dry,30 - 35  MPH,No Control Present,Clear,No,0,0,4
No,51.0,No,With Traffic,C: Possible Injury,Female,Asheville,Buncombe,No,Sunday,Motorist Failed to Yield - Sign-Controlled Intersection,13.0,April,Motorist Drive Out - Sign-Controlled Intersection,2012,36.0,No,O: No Injury,Female,Passenger Car,No,35.6099434,-82.54595027,Dry,20 - 25  MPH,Stop Sign,Clear,No,0,0,4
Yes,19.0,No,With Traffic,B: Suspected Minor Injury,Male,Mount Olive,Wayne,No,Friday,Bicyclist Failed to Yield - Sign-Controlled Intersection,12.0,April,Bicyclist Ride Through - Sign-Controlled Intersection,2012,42.0,No,O: No Injury,Male,Police,No,35.19721867,-78.06261208,Dry,30 - 35  MPH,Flashing Signal With Stop Sign,Clear,No,0,0,4
Yes,26.0,No,With Traffic,B: Suspected Minor Injury,Female,Vass,Moore,No,Friday,Motorist Overtaking Bicyclist,11.0,April,Motorist Overtaking - Other / Unknown,2012,53.0,No,O: No Injury,Male,Passenger Car,No,35.24705181,-79.27915897,Dry,60 - 75 MPH,No Control Present,Clear,No,0,0,4
Yes,49.0,Yes,With Traffic,B: Suspected Minor Injury,Male,Greensboro,Guilford,Yes,Thursday,Loss of Control / Turning Error,21.0,April,Bicyclist Turning Error - Right Turn,2012,66.0,No,O: No Injury,Male,Passenger Car,No,36.11515707,-79.7813885,Dry,5 - 15 MPH,No Control Present,Clear,No,0,0,4
Yes,42.0,No,With Traffic,B: Suspected Minor Injury,Male,None - Rural Crash,Wake,No,Friday,Motorist Left Turn / Merge,13.0,April,Motorist Left Turn - Opposite Direction,2012,39.0,No,O: No Injury,Male,Passenger Car,No,35.63448736,-78.67131977,Dry,40 - 45  MPH,"Double Yellow Line, No Passing Zone",Clear,No,0,0,4
No,42.0,No,With Traffic,O: No Injury,Male,None - Rural Crash,Cleveland,No,Thursday,Motorist Right Turn / Merge,18.0,April,Motorist Right Turn - Same Direction,2012,38.0,No,O: No Injury,Female,Sport Utility,No,35.3254677,-81.62143299,Dry,40 - 45  MPH,"Double Yellow Line, No Passing Zone",Clear,No,0,0,4
Yes,42.0,No,With Traffic,B: Suspected Minor Injury,Male,None - Rural Crash,Henderson,No,Wednesday,Head-On,20.0,April,Head-On - Motorist,2012,24.0,No,O: No Injury,Male,Passenger Car,No,35.40587953,-82.5157372,Wet,40 - 45  MPH,"Double Yellow Line, No Passing Zone",Rain,No,0,0,4
No,50.0,No,Not Applicable,C: Possible Injury,Male,Wilmington,New Hanover,No,Wednesday,Non-Roadway,15.0,April,Non-Roadway,2012,56.0,No,O: No Injury,Female,Passenger Car,No,34.23390282,-77.87685353,Dry,30 - 35  MPH,Stop Sign,Clear,No,0,0,4
No,49.0,No,Not Applicable,B: Suspected Minor Injury,Male,Raleigh,Wake,No,Monday,Bicyclist Failed to Yield - Midblock,4.0,April,Bicyclist Ride Out - Midblock - Unknown,2012,28.0,No,O: No Injury,Female,Passenger Car,No,35.78005096,-78.62696275,Dry,30 - 35  MPH,No Control Present,Clear,No,0,0,4
Yes,54.0,No,With Traffic,B: Suspected Minor Injury,Male,Wilmington,New Hanover,No,Friday,Crossing Paths - Other Circumstances,18.0,April,Sign-Controlled Intersection - Other / Unknown,2012,32.0,No,O: No Injury,Male,Pickup,No,34.22647984,-77.93300857,Dry,30 - 35  MPH,Stop Sign,Clear,No,0,0,4
Yes,18.0,No,Facing Traffic,B: Suspected Minor Injury,Female,Charlotte,Mecklenburg,No,Wednesday,Motorist Failed to Yield - Sign-Controlled Intersection,14.0,March,Motorist Drive Out - Sign-Controlled Intersection,2012,42.0,No,O: No Injury,Male,Pickup,No,35.28218561,-80.73402482,Dry,40 - 45  MPH,Stop Sign,Clear,No,0,0,3
Yes,35.0,No,With Traffic,B: Suspected Minor Injury,Female,Greensboro,Guilford,No,Saturday,Motorist Overtaking Bicyclist,18.0,April,Motorist Overtaking - Undetected Bicyclist,2012,49.0,No,O: No Injury,Male,Passenger Car,No,36.05188118,-79.79825104,Dry,30 - 35  MPH,Stop And Go Signal,Other,No,0,0,4
No,14.0,No,Not Applicable,B: Suspected Minor Injury,Male,Raleigh,Wake,No,Friday,Bicyclist Failed to Yield - Midblock,21.0,April,Bicyclist Ride Out - Commercial Driveway / Alley,2012,67.0,No,O: No Injury,Male,Sport Utility,No,35.92929107,-78.56928456,Dry,5 - 15 MPH,No Control Present,Clear,No,0,0,4
Yes,20.0,No,With Traffic,C: Possible Injury,Male,Greensboro,Guilford,No,Thursday,Bicyclist Failed to Yield - Signalized Intersection,13.0,April,Bicyclist Ride Through - Signalized Intersection,2012,46.0,No,O: No Injury,Male,Passenger Car,No,36.113192,-79.77551965,Dry,30 - 35  MPH,Stop And Go Signal,Clear,No,0,0,4