AmbulanceR,BikeAge,BikeAlcFlg,BikeDir,BikeInjury,BikeSex,City,County,CrashAlcoh,CrashDay,CrashGrp,CrashHour,CrashMonth,CrashType,CrashYear,DrvrAge,DrvrAlcFlg,DrvrInjury,DrvrSex,DrvrVehTyp,HitRun,Latitude,Longitude,RdConditio,SpeedLimit,TraffCntrl,Weather,Workzone,DrvrAgeImputedFlag,BikeAgeImputedFlag,MonthCode
No,24.0,No,Facing Traffic,O: No Injury,Male,Raleigh,Wake,No,Monday,Crossing Paths - Other Circumstances,20.0,April,Signalized Intersection - Other / Unknown,2012,27.0,No,O: No Injury,Male,Passenger Car,No,35.88494482,-78.62720084,Dry,20 - 25  MPH,Stop And Go Signal,Clear,No,0,0,4
No,32.52649525389365,Missing,With Traffic,Unknown Injury,Unknown,Winston-Salem,Forsyth,No,Wednesday,Motorist Overtaking Bicyclist,20.0,April,Motorist Overtaking - Other / Unknown,2012,87.0,No,O: No Injury,Male,Passenger Car,No,36.15289897,-80.26410596,Wet,30 - 35  MPH,No Control Present,Cloudy,No,0,1,4
Yes,15.0,No,With Traffic,B: Suspected Minor Injury,Male,Greensboro,Guilford,No,Saturday,Loss of Control / Turning Error,19.0,April,Bicyclist Lost Control - Mechanical Problems,2012,49.0,No,O: No Injury,Female,Passenger Car,No,36.04885099,-79.79145486,Wet,30 - 35  MPH,Stop And Go Signal,Rain,No,0,0,4
No,51.0,No,Not Applicable,B: Suspected Minor Injury,Male,Warsaw,Duplin,No,Sunday,Crossing Paths - Other Circumstances,19.0,March,Crossing Paths - Uncontrolled Intersection,2012,35.0,No,O: No Injury,Female,Passenger Car,No,34.9987546,-78.09409271,Dry,30 - 35  MPH,Stop Sign,Clear,No,0,0,3
Yes,53.0,No,With Traffic,A: Suspected Serious Injury,Male,None - Rural Crash,Orange,No,Monday,Motorist Overtaking Bicyclist,20.0,April,Motorist Overtaking - Other / Unknown,2012,24.0,No,O: No Injury,Female,Sport Utility,No,36.04933336,-79.02990737,Dry,50 - 55  MPH,"Double Yellow Line, No Passing Zone",Clear,No,0,0,4
Yes,10.0,No,With Traffic,B: Suspected Minor Injury,Male,Siler City,Chatham,No,Monday,Bicyclist Failed to Yield - Sign-Controlled Intersection,16.0,April,Bicyclist Ride Through - Sign-Controlled Intersection,2012,17.0,No,O: No Injury,Male,Sport Utility,No,35.728743,-79.451649,Dry,30 - 35  MPH,Stop Sign,Clear,No,0,0,4
No,9.0,No,With Traffic,O: No Injury,Male,Wilson,Wilson,No,Thursday,Bicyclist Left Turn / Merge,17.0,March,Bicyclist Left Turn - Same Direction,2012,61.0,No,O: No Injury,Male,Van,No,35.74473416,-77.90902516,Dry,30 - 35  MPH,No Control Present,Clear,No,0,0,3
Yes,39.0,No,With Traffic,O: No Injury,Male,Kinston,Lenoir,No,Wednesday,Loss of Control / Turning Error,18.0,May,Bicyclist Lost Control - Other / Unknown,2012,59.0,No,O: No Injury,Male,Commercial Bus,No,35.27103057,-77.60531406,Dry,30 - 35  MPH,No Control Present,Clear,No,0,0,5
Yes,25.0,No,Unknown,C: Possible Injury,Male,Wilson,Wilson,No,Tuesday,Crossing Paths - Other Circumstances,11.0,March,Signalized Intersection - Other / Unknown,2012,42.03850604944766,Unknown,Unknown Injury,Unknown,Unknown,Yes,35.72762326,-77.9152153,Dry,30 - 35  MPH,Stop And Go Signal,Clear,No,1,0,3
No,62.0,No,Facing Traffic,B: Suspected Minor Injury,Male,Raleigh,Wake,No,Friday,Motorist Failed to Yield - Midblock,17.0,April,Motorist Drive Out - Commercial Driveway / Alley,2012,26.0,No,O: No Injury,Female,Passenger Car,No,35.77977916,-78.64222049,Dry,5 - 15 MPH,Other,Clear,No,0,0,4
Yes,38.0,No,With Traffic,B: Suspected Minor Injury,Male,Raleigh,Wake,Yes,Sunday,Loss of Control / Turning Error,21.0,April,Motorist Lost Control - Other / Unknown,2012,39.0,Yes,O: No Injury,Female,Van,No,35.79551834,-78.70194715,Dry,40 - 45  MPH,No Control Present,Clear,No,0,0,4
No,32.52649525389365,Unknown,With Traffic,Unknown Injury,Unknown,None - Rural Crash,Jones,No,Thursday,Motorist Overtaking Bicyclist,17.0,May,Motorist Overtaking - Bicyclist Swerved,2012,38.0,No,O: No Injury,Female,Van,No,35.09678576,-77.34316162,Dry,40 - 45  MPH,No Control Present,Clear,No,0,1,5
Yes,65.0,No,With Traffic,C: Possible Injury,Male,Raleigh,Wake,No,Friday,Motorist Left Turn / Merge,15.0,April,Motorist Left Turn - Opposite Direction,2012,62.0,No,O: No Injury,Female,Passenger Car,No,35.77979096,-78.62061334,Dry,30 - 35  MPH,No Control Present,Clear,No,0,0,4
Yes,19.0,No,Facing Traffic,B: Suspected Minor Injury,Female,Chapel Hill,Orange,No,Friday,Motorist Failed to Yield - Sign-Controlled Intersection,13.0,April,Motorist Drive Out - Sign-Controlled Intersection,2012,60.0,No,O: No Injury,Male,Pickup,No,35.90453579,-79.06468654,Dry,20 - 25  MPH,Stop Sign,Clear,No,0,0,4
Yes,7.0,No,With Traffic,C: Possible Injury,Female,Cary,Wake,No,Saturday,Parallel Paths - Other Circumstances,15.0,April,Parallel Paths - Other / Unknown,2012,50.0,No,C: Possible Injury,Male,Passenger Car,No,35.78980932,-78.82738628,Dry,40 - 45  MPH,No Control Present,Clear,No,0,0,4
Yes,13.0,No,With Traffic,B: Suspected Minor Injury,Male,Wilmington,New Hanover,No,Saturday,Motorist Overtaking Bicyclist,11.0,April,Motorist Overtaking - Other / Unknown,2012,42.03850604944766,Missing,Unknown Injury,Unknown,Unknown,Yes,34.22151246,-77.89183879,Dry,30 - 35  MPH,No Control Present,Clear,No,1,0,4
Yes,52.0,Yes,Facing Traffic,B: Suspected Minor Injury,Male,None - Rural Crash,New Hanover,Yes,Thursday,Head-On,20.0,May,Head-On - Bicyclist,2012,26.0,No,O: No Injury,Male,Pickup,No,34.08461943,-77.89568902,Dry,50 - 55  MPH,No Control Present,Clear,No,0,0,5
Yes,15.0,No,With Traffic,B: Suspected Minor Injury,Male,None - Rural Crash,Iredell,No,Wednesday,Bicyclist Failed to Yield - Sign-Controlled Intersection,16.0,May,Bicyclist Ride Out - Sign-Controlled Intersection,2012,82.0,No,O: No Injury,Male,Pickup,No,35.85785693,-81.04139889,Dry,30 - 35  MPH,"Double Yellow Line, No Passing Zone",Clear,No,0,0,5
Yes,54.0,No,With Traffic,B: Suspected Minor Injury,Male,None - Rural Crash,Craven,No,Saturday,Backing Vehicle,12.0,May,Backing Vehicle,2012,55.0,No,O: No Injury,Male,Passenger Car,No,34.98316273,-76.98240484,Dry,30 - 35  MPH,No Control Present,Clear,No,0,0,5
No,53.0,No,With Traffic,B: Suspected Minor Injury,Female,Raleigh,Wake,No,Wednesday,Motorist Left Turn / Merge,15.0,April,Motorist Left Turn - Opposite Direction,2012,28.0,No,O: No Injury,Female,Sport Utility,No,35.79076029,-78.65936909,Dry,30 - 35  MPH,No Control Present,Clear,No,0,0,4
No,19.0,No,With Traffic,B: Suspected Minor Injury,Male,Chapel Hill,Orange,No,Wednesday,Bicyclist Left Turn / Merge,15.0,April,Bicyclist Left Turn - Same Direction,2012,26.0,No,O: No Injury,Male,Sport Utility,No,35.90040271,-79.04084817,Dry,20 - 25  MPH,No Control Present,Clear,No,0,0,4
No,9.0,No,Not Applicable,O: No Injury,Female,Wilmington,New Hanover,No,Thursday,Crossing Paths - Other Circumstances,7.0,May,Crossing Paths - Midblock - Other / Unknown,2012,59.0,No,O: No Injury,Female,Sport Utility,No,34.19666636,-77.8440396,Dry,30 - 35  MPH,Human Control,Clear,No,0,0,5
No,32.52649525389365,Missing,Facing Traffic,Unknown Injury,Unknown,Chapel Hill,Orange,No,Monday,Bicyclist Left Turn / Merge,18.0,April,Bicyclist Left Turn - Opposite Direction,2012,27.0,No,O: No Injury,Male,Passenger Car,No,35.91593182,-79.06437621,Dry,30 - 35  MPH,No Control Present,Clear,No,0,1,4
Yes,21.0,No,Facing Traffic,B: Suspected Minor Injury,Male,Wilmington,New Hanover,No,Wednesday,Other / Unusual Circumstances,16.0,May,Motorist Intentionally Caused,2012,42.03850604944766,Missing,Unknown Injury,Unknown,Unknown,Yes,34.23939626,-77.90236834,Dry,Unknown,No Control Present,Clear,No,1,0,5
Yes,50.0,No,With Traffic,B: Suspected Minor Injury,Male,None - Rural Crash,Wilson,Yes,Monday,Loss of Control / Turning Error,11.0,May,Motorist Lost Control - Other / Unknown,2012,33.0,Yes,O: No Injury,Male,Pickup,Yes,35.77934872,-77.85760598,Dry,50 - 55  MPH,No Control Present,Cloudy,No,0,0,5
No,14.0,No,With Traffic,B: Suspected Minor Injury,Female,Charlotte,Mecklenburg,No,Tuesday,Loss of Control / Turning Error,18.0,April,Bicyclist Lost Control - Mechanical Problems,2012,51.0,No,O: No Injury,Female,Sport Utility,No,35.07875775,-80.83028773,Dry,40 - 45  MPH,No Control Present,Clear,No,0,0,4
Yes,30.0,No,With Traffic,B: Suspected Minor Injury,Male,Charlotte,Mecklenburg,No,Thursday,Motorist Overtaking Bicyclist,15.0,May,Motorist Overtaking - Bicyclist Swerved,2012,48.0,No,B: Suspected Minor Injury,Male,Motorcycle,No,35.28304479,-80.69664265,Dry,30 - 35  MPH,No Control Present,Clear,No,0,0,5
No,52.0,No,Not Applicable,B: Suspected Minor Injury,Female,None - Rural Crash,Wake,No,Sunday,Bicyclist Failed to Yield - Midblock,16.0,April,Bicyclist Ride Out - Midblock - Unknown,2012,42.03850604944766,Missing,Unknown Injury,Unknown,Unknown,Yes,35.78601051,-78.92301903,Dry,40 - 45  MPH,"Double Yellow Line, No Passing Zone",Clear,No,1,0,4
No,47.0,No,Facing Traffic,C: Possible Injury,Male,Charlotte,Mecklenburg,No,Monday,Crossing Paths - Other Circumstances,16.0,May,Crossing Paths - Uncontrolled Intersection,2012,55.0,No,O: No Injury,Female,Passenger Car,No,35.20236187,-80.73024721,Dry,20 - 25  MPH,No Control Present,Clear,No,0,0,5
No,51.0,No,With Traffic,B: Suspected Minor Injury,Male,None - Rural Crash,Gaston,No,Thursday,Motorist Overtaking Bicyclist,19.0,May,Motorist Overtaking - Misjudged Space,2012,33.0,No,O: No Injury,Male,Pickup,No,35.40176608,-81.33574097,Dry,50 - 55  MPH,No Control Present,Clear,No,0,0,5
Yes,16.0,No,Facing Traffic,C: Possible Injury,Female,None - Rural Crash,Wayne,No,Monday,Head-On,20.0,May,Head-On - Bicyclist,2012,49.0,No,O: No Injury,Male,Passenger Car,No,35.4062429,-77.97848645,Dry,40 - 45  MPH,"Double Yellow Line, No Passing Zone",Clear,No,0,0,5
Yes,20.0,No,Facing Traffic,C: Possible Injury,Female,Raleigh,Wake,No,Tuesday,Motorist Failed to Yield - Midblock,12.0,April,Motorist Drive Out - Commercial Driveway / Alley,2012,44.0,No,O: No Injury,Male,Passenger Car,No,35.77861951,-78.63829774,Dry,30 - 35  MPH,Other,Clear,No,0,0,4
Yes,15.0,No,With Traffic,B: Suspected Minor Injury,Male,Raleigh,Wake,No,Saturday,Bicyclist Failed to Yield - Sign-Controlled Intersection,14.0,May,Bicyclist Ride Through - Sign-Controlled Intersection,2012,46.0,No,O: No Injury,Male,Pickup,No,35.73687,-78.540943,"Water (Standing, Moving)",30 - 35  MPH,Stop Sign,Cloudy,No,0,0,5
Yes,55.0,No,Facing Traffic,C: Possible Injury,Male,Fayetteville,Cumberland,No,Monday,Crossing Paths - Other Circumstances,14.0,April,Crossing Paths - Intersection - Other / Unknown,2012,24.0,No,O: No Injury,Female,Passenger Car,No,35.12218191,-78.87949192,Dry,40 - 45  MPH,Stop And Go Signal,Clear,No,0,0,4
No,46.0,Missing,With Traffic,C: Possible Injury,Male,Charlotte,Mecklenburg,No,Saturday,Motorist Failed to Yield - Sign-Controlled Intersection,13.0,May,Motorist Drive Out - Sign-Controlled Intersection,2012,23.0,No,O: No Injury,Female,Passenger Car,No,35.18625273,-80.84021929,Dry,30 - 35  MPH,Stop Sign,Clear,No,0,0,5
Yes,20.0,No,With Traffic,B: Suspected Minor Injury,Female,Boone,Watauga,No,Tuesday,Motorist Left Turn / Merge,10.0,May,Motorist Left Turn - Opposite Direction,2012,43.0,No,O: No Injury,Female,Passenger Car,No,36.21435308,-81.68264963,Wet,20 - 25  MPH,No Control Present,Rain,No,0,0,5
Yes,49.0,Yes,Facing Traffic,C: Possible Injury,Male,Knightdale,Wake,Yes,Wednesday,Motorist Failed to Yield - Signalized Intersection,16.0,May,Motorist Drive Out - Right Turn on Red,2012,57.0,No,O: No Injury,Female,Passenger Car,No,35.79826859,-78.49196653,Dry,20 - 25  MPH,Stop And Go Signal,Clear,No,0,0,5
No,40.0,No,Facing Traffic,C: Possible Injury,Female,Washington,Beaufort,No,Monday,Motorist Failed to Yield - Midblock,16.0,April,Motorist Drive Out - Commercial Driveway / Alley,2012,23.0,No,O: No Injury,Male,Passenger Car,No,35.54613923,-77.03041519,Dry,30 - 35  MPH,No Control Present,Clear,No,0,0,4
No,36.0,No,Facing Traffic,C: Possible Injury,Male,Stanley,Gaston,No,Thursday,Loss of Control / Turning Error,17.0,March,Bicyclist Lost Control - Mechanical Problems,2012,71.0,No,O: No Injury,Female,Passenger Car,No,35.35503961,-81.09124753,Dry,Unknown,No Control Present,Clear,No,0,0,3
No,32.0,No,With Traffic,B: Suspected Minor Injury,Male,Fayetteville,Cumberland,No,Friday,Motorist Right Turn / Merge,12.0,April,Motorist Right Turn - Same Direction,2012,21.0,No,O: No Injury,Female,Passenger Car,No,35.07206112,-78.95204759,Dry,30 - 35  MPH,Stop Sign,Clear,No,0,0,4
Yes,30.0,No,Facing Traffic,K: Killed,Male,Laurinburg,Scotland,No,Wednesday,Loss of Control / Turning Error,8.0,May,Motorist Lost Control - Other / Unknown,2012,64.0,No,O: No Injury,Female,Passenger Car,No,34.75815219,-79.45927502,Dry,30 - 35  MPH,No Control Present,Clear,No,0,0,5
No,10.0,No,Not Applicable,O: No Injury,Male,Cary,Wake,No,Saturday,Non-Roadway,14.0,April,Non-Roadway,2012,42.03850604944766,Missing,Unknown Injury,Unknown,Pickup,No,35.80092564,-78.77411194,Dry,Unknown,No Control Present,Cloudy,No,1,0,4
Yes,12.0,No,Not Applicable,C: Possible Injury,Male,Winston-Salem,Forsyth,No,Thursday,Bicyclist Failed to Yield - Midblock,18.0,April,Multiple Threat - Midblock,2012,20.0,No,O: No Injury,Male,Passenger Car,No,36.05898306,-80.21405177,Dry,30 - 35  MPH,Stop And Go Signal,Clear,No,0,0,4
No,50.0,No,With Traffic,C: Possible Injury,Male,Charlotte,Mecklenburg,No,Friday,Motorist Overtaking Bicyclist,21.0,May,Motorist Overtaking - Other / Unknown,2012,42.03850604944766,Missing,Unknown Injury,Unknown,Unknown,Yes,35.34078506,-80.83593234,Dry,40 - 45  MPH,No Control Present,Clear,No,1,0,5
Yes,59.0,No,Facing Traffic,C: Possible Injury,Male,Kinston,Lenoir,No,Tuesday,Motorist Failed to Yield - Midblock,14.0,May,Motorist Drive Out - Commercial Driveway / Alley,2012,46.0,No,O: No Injury,Female,Passenger Car,No,35.28419658,-77.58897518,Dry,30 - 35  MPH,Stop Sign,Clear,No,0,0,5
Yes,72.0,No,With Traffic,B: Suspected Minor Injury,Male,None - Rural Crash,Dare,No,Friday,Loss of Control / Turning Error,7.0,May,Bicyclist Turning Error - Left Turn,2012,58.0,No,O: No Injury,Male,Passenger Car,No,36.1122613,-75.74632325,Dry,20 - 25  MPH,Yield Sign,Clear,No,0,0,5
Yes,12.0,No,With Traffic,C: Possible Injury,Male,None - Rural Crash,Lenoir,No,Friday,Bicyclist Left Turn / Merge,19.0,May,Bicyclist Left Turn - Opposite Direction,2012,18.0,No,O: No Injury,Male,Passenger Car,No,35.24265751,-77.61250502,Dry,50 - 55  MPH,No Control Present,Clear,No,0,0,5
No,47.0,No,Facing Traffic,C: Possible Injury,Male,Rocky Mount,Nash,No,Tuesday,Motorist Failed to Yield - Midblock,15.0,April,Motorist Drive Out - Commercial Driveway / Alley,2012,18.0,No,O: No Injury,Male,Sport Utility,No,35.9630709,-77.83865381,Dry,Unknown,No Control Present,Clear,No,0,0,4
Yes,23.0,No,Facing Traffic,C: Possible Injury,Male,Fayetteville,Cumberland,No,Thursday,Motorist Failed to Yield - Midblock,10.0,May,Motorist Drive Out - Commercial Driveway / Alley,2012,32.0,No,O: No Injury,Female,Passenger Car,No,35.05774974,-78.87865181,Dry,5 - 15 MPH,No Control Present,Clear,No,0,0,5
No,46.0,Yes,Unknown,C: Possible Injury,Female,Rocky Mount,Nash,Yes,Friday,Crossing Paths - Other Circumstances,21.0,April,Signalized Intersection - Other / Unknown,2012,20.0,No,O: No Injury,Male,Passenger Car,No,35.93567873,-77.80470309,Dry,30 - 35  MPH,Stop And Go Signal,Clear,No,0,0,4
Yes,10.0,No,Facing Traffic,C: Possible Injury,Male,Williamston,Martin,No,Friday,Bicyclist Failed to Yield - Sign-Controlled Intersection,13.0,April,Bicyclist Ride Through - Sign-Controlled Intersection,2012,27.0,No,O: No Injury,Female,Passenger Car,No,35.85217283,-77.0531247,Dry,20 - 25  MPH,Stop Sign,Clear,No,0,0,4
No,59.0,No,With Traffic,B: Suspected Minor Injury,Male,Rocky Mount,Nash,No,Wednesday,Motorist Overtaking Bicyclist,17.0,April,Motorist Overtaking - Misjudged Space,2012,21.0,No,O: No Injury,Female,Passenger Car,No,35.9702777,-77.78610443,Dry,40 - 45  MPH,No Control Present,Clear,No,0,0,4
Yes,22.0,No,With Traffic,B: Suspected Minor Injury,Male,Raleigh,Wake,No,Tuesday,Motorist Right Turn / Merge,10.0,April,Motorist Right Turn - Same Direction,2012,42.03850604944766,Missing,Unknown Injury,Unknown,Unknown,Yes,35.77476364,-78.67982631,Dry,20 - 25  MPH,Stop Sign,Clear,No,1,0,4
Yes,64.0,No,With Traffic,B: Suspected Minor Injury,Male,Sanford,Lee,No,Monday,Bicyclist Left Turn / Merge,19.0,April,Bicyclist Left Turn - Same Direction,2012,18.0,No,O: No Injury,Male,Pickup,No,35.45287162,-79.2262867,Dry,40 - 45  MPH,No Control Present,Clear,No,0,0,4
No,69.0,No,With Traffic,C: Possible Injury,Male,Wrightsville Beach,New Hanover,No,Sunday,Motorist Left Turn / Merge,16.0,May,Motorist Left Turn - Opposite Direction,2012,20.0,No,O: No Injury,Male,Passenger Car,No,34.21406947,-77.79139132,Dry,20 - 25  MPH,Stop Sign,Cloudy,No,0,0,5
No,20.0,No,Facing Traffic,Unknown Injury,Male,Durham,Durham,No,Thursday,Motorist Failed to Yield - Sign-Controlled Intersection,11.0,March,Motorist Drive Out - Sign-Controlled Intersection,2012,39.0,Unknown,O: No Injury,Male,Van,No,35.973508,-78.902754,Dry,30 - 35  MPH,No Control Present,Clear,No,0,0,3
Yes,33.0,No,With Traffic,C: Possible Injury,Male,None - Rural Crash,Rowan,No,Monday,Motorist Overtaking Bicyclist,20.0,May,Motorist Overtaking - Misjudged Space,2012,43.0,No,O: No Injury,Female,Passenger Car,No,35.56982916,-80.42635659,Dry,40 - 45  MPH,"Double Yellow Line, No Passing Zone",Cloudy,No,0,0,5
No,49.0,No,With Traffic,C: Possible Injury,Male,None - Rural Crash,Davidson,No,Tuesday,Motorist Overtaking Bicyclist,6.0,May,Motorist Overtaking - Misjudged Space,2012,58.0,No,O: No Injury,Female,Passenger Car,No,35.84376872,-80.3332028,Wet,50 - 55  MPH,"Double Yellow Line, No Passing Zone",Cloudy,No,0,0,5
Yes,18.0,No,With Traffic,B: Suspected Minor Injury,Female,Wilmington,New Hanover,No,Tuesday,Crossing Paths - Other Circumstances,11.0,May,Crossing Paths - Intersection - Other / Unknown,2012,61.0,No,O: No Injury,Male,Pickup,No,34.19294196,-77.92257456,Dry,50 - 55  MPH,No Control Present,Clear,No,0,0,5
Yes,42.0,No,Facing Traffic,B: Suspected Minor Injury,Male,Havelock,Craven,No,Monday,Head-On,9.0,April,Head-On - Bicyclist,2012,60.0,No,O: No Injury,Male,Passenger Car,No,34.86041515,-76.89716726,Dry,40 - 45  MPH,No Control Present,Clear,No,0,0,4
Yes,22.0,No,With Traffic,B: Suspected Minor Injury,Male,None - Rural Crash,Johnston,No,Friday,Motorist Overtaking Bicyclist,16.0,May,Motorist Overtaking - Bicyclist Swerved,2012,19.0,No,O: No Injury,Female,Sport Utility,No,35.40847882,-78.59173858,Dry,50 - 55  MPH,"Double Yellow Line, No Passing Zone",Clear,No,0,0,5
No,18.0,No,With Traffic,B: Suspected Minor Injury,Female,Macclesfield,Edgecombe,No,Wednesday,Motorist Overtaking Bicyclist,16.0,March,Motorist Overtaking - Misjudged Space,2012,42.03850604944766,Unknown,Unknown Injury,Unknown,Passenger Car,Yes,35.75139423,-77.67205039,Dry,30 - 35  MPH,"Double Yellow Line, No Passing Zone",Clear,No,1,0,3
Yes,15.0,No,Facing Traffic,C: Possible Injury,Male,Holly Springs,Wake,No,Wednesday,Crossing Paths - Other Circumstances,6.0,May,Signalized Intersection - Other / Unknown,2012,60.0,No,O: No Injury,Female,Passenger Car,No,35.6391219,-78.84330266,Wet,50 - 55  MPH,Stop And Go Signal,Clear,No,0,0,5
Yes,11.0,No,Not Applicable,B: Suspected Minor Injury,Male,Eden,Rockingham,No,Sunday,Bicyclist Failed to Yield - Midblock,17.0,May,Bicyclist Ride Out - Residential Driveway,2012,17.0,No,O: No Injury,Male,Passenger Car,No,36.48973833,-79.7825042,Dry,20 - 25  MPH,No Control Present,Clear,No,0,0,5
Yes,4.0,No,With Traffic,A: Suspected Serious Injury,Male,Winston-Salem,Forsyth,No,Saturday,Bicyclist Failed to Yield - Sign-Controlled Intersection,9.0,April,Bicyclist Ride Through - Sign-Controlled Intersection,2012,25.0,No,O: No Injury,Female,Sport Utility,No,36.124153,-80.219699,Dry,30 - 35  MPH,No Control Present,Clear,No,0,0,4
Yes,64.0,No,Not Applicable,B: Suspected Minor Injury,Male,None - Rural Crash,Transylvania,No,Saturday,Non-Roadway,12.0,March,Non-Roadway,2012,49.0,No,O: No Injury,Male,Sport Utility,No,35.24979,-82.671247,Dry,Unknown,No Control Present,Clear,No,0,0,3
No,27.0,No,Facing Traffic,O: No Injury,Male,Boone,Watauga,No,Monday,Motorist Failed to Yield - Midblock,17.0,May,Motorist Drive Out - Commercial Driveway / Alley,2012,38.0,No,O: No Injury,Male,Pickup,No,36.20647,-81.671108,Dry,Unknown,Other,Clear,No,0,0,5
Yes,15.0,No,Facing Traffic,C: Possible Injury,Male,Hickory,Catawba,No,Thursday,Bicyclist Failed to Yield - Signalized Intersection,13.0,May,Bicyclist Failed to Clear - Multiple Threat,2012,26.0,No,O: No Injury,Female,Sport Utility,No,35.73553825,-81.33545229,Dry,30 - 35  MPH,Stop And Go Signal,Clear,No,0,0,5
No,32.0,No,With Traffic,B: Suspected Minor Injury,Male,Morrisville,Wake,No,Thursday,Motorist Right Turn / Merge,9.0,May,Motorist Right Turn - Same Direction,2012,21.0,No,O: No Injury,Female,Passenger Car,No,35.85366965,-78.82524096,Dry,40 - 45  MPH,Stop And Go Signal,Cloudy,No,0,0,5
Yes,21.0,No,Unknown,C: Possible Injury,Male,Greensboro,Guilford,No,Wednesday,Bicyclist Failed to Yield - Midblock,16.0,May,Bicyclist Ride Out - Other Midblock,2012,33.0,No,O: No Injury,Male,Passenger Car,No,36.05350676,-79.83237607,Dry,30 - 35  MPH,Stop And Go Signal,Clear,No,0,0,5
Yes,9.0,No,Not Applicable,C: Possible Injury,Female,Asheville,Buncombe,No,Tuesday,Bicyclist Failed to Yield - Midblock,16.0,April,Bicyclist Ride Out - Other Midblock,2012,27.0,No,O: No Injury,Male,Passenger Car,No,35.59503312,-82.57084522,Dry,20 - 25  MPH,No Control Present,Clear,No,0,0,4
Yes,9.0,No,With Traffic,B: Suspected Minor Injury,Male,None - Rural Crash,Haywood,No,Monday,Bicyclist Failed to Yield - Sign-Controlled Intersection,15.0,May,Bicyclist Ride Through - Sign-Controlled Intersection,2012,51.0,No,O: No Injury,Female,Sport Utility,No,35.53844003,-82.86348747,Dry,20 - 25  MPH,Stop Sign,Clear,No,0,0,5
Yes,16.0,No,With Traffic,B: Suspected Minor Injury,Male,None - Rural Crash,Wake,No,Saturday,Bicyclist Overtaking Motorist,9.0,May,Bicyclist Overtaking - Other / Unknown,2012,61.0,No,O: No Injury,Female,Passenger Car,No,35.56819551,-78.84795552,Dry,50 - 55  MPH,No Control Present,Clear,No,0,0,5
Yes,60.0,No,With Traffic,B: Suspected Minor Injury,Male,None - Rural Crash,Lenoir,No,Saturday,Loss of Control / Turning Error,17.0,May,Motorist Turning Error - Left Turn,2012,16.0,No,O: No Injury,Male,Pickup,No,35.29613983,-77.69324693,Dry,40 - 45  MPH,Stop Sign,Clear,No,0,0,5
Yes,31.0,No,With Traffic,B: Suspected Minor Injury,Male,Salisbury,Rowan,No,Sunday,Loss of Control / Turning Error,18.0,May,Bicyclist Lost Control - Mechanical Problems,2012,47.0,No,O: No Injury,Male,Passenger Car,No,35.665515,-80.463426,Dry,30 - 35  MPH,Stop Sign,Clear,No,0,0,5
No,32.52649525389365,Missing,With Traffic,Unknown Injury,Unknown,Sanford,Lee,No,Sunday,Bicyclist Left Turn / Merge,20.0,May,Bicyclist Left Turn - Same Direction,2012,31.0,No,O: No Injury,Male,Passenger Car,No,35.44672253,-79.172179,Dry,40 - 45  MPH,No Control Present,Clear,No,0,1,5
Yes,42.0,No,Facing Traffic,C: Possible Injury,Male,Asheville,Buncombe,No,Monday,Motorist Failed to Yield - Midblock,13.0,April,Motorist Drive Out - Commercial Driveway / Alley,2012,60.0,No,O: No Injury,Male,Passenger Car,No,35.55138848,-82.53712095,Dry,5 - 15 MPH,No Control Present,Cloudy,No,0,0,4
Yes,52.0,No,Facing Traffic,B: Suspected Minor Injury,Male,Raleigh,Wake,No,Monday,Motorist Failed to Yield - Signalized Intersection,9.0,May,Motorist Drive Out - Right Turn on Red,2012,24.0,No,O: No Injury,Female,Passenger Car,No,35.769481,-78.648406,Dry,20 - 25  MPH,Stop And Go Signal,Clear,No,0,0,5
No,31.0,Unknown,With Traffic,C: Possible Injury,Female,None - Rural Crash,Wayne,No,Sunday,Motorist Overtaking Bicyclist,15.0,May,Motorist Overtaking - Other / Unknown,2012,42.03850604944766,Unknown,Unknown Injury,Unknown,Passenger Car,Yes,35.32736288,-78.03201446,Dry,40 - 45  MPH,"Double Yellow Line, No Passing Zone",Clear,No,1,0,5
Yes,47.0,No,Facing Traffic,B: Suspected Minor Injury,Female,Raleigh,Wake,No,Friday,Motorist Failed to Yield - Signalized Intersection,19.0,May,Motorist Drive Out - Right Turn on Red,2012,33.0,No,O: No Injury,Female,Passenger Car,No,35.8113972,-78.56560258,Dry,30 - 35  MPH,Stop And Go Signal,Clear,No,0,0,5
No,39.0,Yes,Facing Traffic,B: Suspected Minor Injury,Male,Whiteville,Columbus,Yes,Monday,Motorist Failed to Yield - Midblock,15.0,May,Motorist Drive Out - Commercial Driveway / Alley,2012,41.0,No,O: No Injury,Male,Pickup,No,34.33578848,-78.70844342,Dry,5 - 15 MPH,No Control Present,Cloudy,No,0,0,5
Yes,9.0,No,Not Applicable,B: Suspected Minor Injury,Male,Cary,Wake,No,Thursday,Non-Roadway,18.0,May,Non-Roadway,2012,76.0,No,O: No Injury,Female,Sport Utility,No,35.749088,-78.750406,Dry,Unknown,Stop Sign,Clear,No,0,0,5
Yes,56.0,No,Facing Traffic,C: Possible Injury,Male,High Point,Guilford,No,Wednesday,Bicyclist Failed to Yield - Signalized Intersection,14.0,May,Bicyclist Ride Through - Signalized Intersection,2012,26.0,No,C: Possible Injury,Male,Sport Utility,No,35.96575553,-80.01248433,Dry,30 - 35  MPH,Stop And Go Signal,Clear,No,0,0,5