AmbulanceR,BikeAge,BikeAlcFlg,BikeDir,BikeInjury,BikeSex,City,County,CrashAlcoh,CrashDay,CrashGrp,CrashHour,CrashMonth,CrashType,CrashYear,DrvrAge,DrvrAlcFlg,DrvrInjury,DrvrSex,DrvrVehTyp,HitRun,Latitude,Longitude,RdConditio,SpeedLimit,TraffCntrl,Weather,Workzone,DrvrAgeImputedFlag,BikeAgeImputedFlag,MonthCode
No,36.0,Yes,With Traffic,C: Possible Injury,Male,Cornelius,Mecklenburg,Yes,Tuesday,Loss of Control / Turning Error,16.0,May,Bicyclist Lost Control - Other / Unknown,2012,42.03850604944766,Missing,Unknown Injury,Unknown,Passenger Car,No,35.48853448,-80.86676902,Dry,20 - 25  MPH,No Control Present,Clear,No,1,0,5
No,60.0,No,With Traffic,C: Possible Injury,Male,Charlotte,Mecklenburg,No,Friday,Motorist Failed to Yield - Midblock,13.0,May,Motorist Drive Out - Commercial Driveway / Alley,2012,44.0,No,O: No Injury,Female,Van,No,35.08574937,-80.81776501,Dry,40 - 45  MPH,Stop Sign,Clear,No,0,0,5
Yes,19.0,No,Facing Traffic,B: Suspected Minor Injury,Female,Winston-Salem,Forsyth,No,Saturday,Motorist Failed to Yield - Sign-Controlled Intersection,10.0,May,Motorist Drive Out - Sign-Controlled Intersection,2012,23.0,No,O: No Injury,Female,Sport Utility,No,36.08654492,-80.26488071,Dry,30 - 35  MPH,Stop Sign,Cloudy,No,0,0,5
Yes,35.0,No,With Traffic,C: Possible Injury,Male,Chapel Hill,Orange,Yes,Friday,Motorist Right Turn / Merge,16.0,May,Motorist Right Turn - Same Direction,2012,22.0,Yes,O: No Injury,Male,Unknown,Yes,35.92287454,-79.05500684,Dry,30 - 35  MPH,"Double Yellow Line, No Passing Zone",Cloudy,No,0,0,5
Yes,23.0,No,Facing Traffic,C: Possible Injury,Male,Charlotte,Mecklenburg,No,Saturday,Motorist Failed to Yield - Midblock,18.0,May,Motorist Drive Out - Commercial Driveway / Alley,2012,42.03850604944766,Missing,Unknown Injury,Female,"Light Truck (Mini-Van, Panel)",Yes,35.22270582,-80.74996,Dry,30 - 35  MPH,No Control Present,Cloudy,No,1,0,5
No,13.0,No,Unknown,B: Suspected Minor Injury,Male,Monroe,Union,No,Sunday,Crossing Paths - Other Circumstances,15.0,May,Crossing Paths - Intersection - Other / Unknown,2012,40.0,No,O: No Injury,Female,Passenger Car,No,34.98785309,-80.53094454,Dry,40 - 45  MPH,No Control Present,Clear,No,0,0,5
Yes,58.0,No,Facing Traffic,C: Possible Injury,Male,Oak Island,Brunswick,No,Saturday,Loss of Control / Turning Error,10.0,May,Motorist Lost Control - Other / Unknown,2012,17.0,No,O: No Injury,Male,Sport Utility,No,33.90992327,-78.09571659,Dry,30 - 35  MPH,No Control Present,Clear,No,0,0,5
No,29.0,No,With Traffic,C: Possible Injury,Female,Durham,Durham,No,Sunday,Crossing Paths - Other Circumstances,10.0,May,Signalized Intersection - Other / Unknown,2012,38.0,No,O: No Injury,Female,Sport Utility,No,35.93108297,-78.88871536,Dry,30 - 35  MPH,Stop And Go Signal,Clear,No,0,0,5
Yes,22.0,No,Facing Traffic,C: Possible Injury,Male,Asheboro,Randolph,No,Sunday,Motorist Failed to Yield - Midblock,17.0,May,Motorist Drive Out - Commercial Driveway / Alley,2012,48.0,No,O: No Injury,Female,Passenger Car,No,35.70826165,-79.81372727,Dry,Unknown,No Control Present,Clear,No,0,0,5
Yes,54.0,No,With Traffic,B: Suspected Minor Injury,Male,Wilson,Wilson,No,Monday,Motorist Failed to Yield - Sign-Controlled Intersection,23.0,May,Motorist Drive Out - Sign-Controlled Intersection,2012,18.0,No,O: No Injury,Female,Passenger Car,No,35.716126,-77.919432,Dry,30 - 35  MPH,Stop Sign,Cloudy,No,0,0,5
Yes,58.0,No,With Traffic,C: Possible Injury,Male,Wilson,Wilson,No,Wednesday,Crossing Paths - Other Circumstances,14.0,May,Signalized Intersection - Other / Unknown,2012,76.0,No,O: No Injury,Female,Passenger Car,No,35.72007796,-77.94578403,Dry,40 - 45  MPH,Stop And Go Signal,Clear,No,0,0,5
No,45.0,No,With Traffic,C: Possible Injury,Female,None - Rural Crash,Henderson,No,Saturday,Motorist Overtaking Bicyclist,13.0,May,Motorist Overtaking - Misjudged Space,2012,73.0,No,O: No Injury,Female,Passenger Car,No,35.39593674,-82.39311509,Dry,30 - 35  MPH,"Double Yellow Line, No Passing Zone",Clear,No,0,0,5
Yes,20.0,No,With Traffic,B: Suspected Minor Injury,Male,None - Rural Crash,Wake,No,Thursday,Motorist Overtaking Bicyclist,16.0,May,Motorist Overtaking - Bicyclist Swerved,2012,28.0,No,O: No Injury,Male,Single Unit Truck (3 Or More Axles),No,35.83147382,-78.44228401,Dry,40 - 45  MPH,"Double Yellow Line, No Passing Zone",Clear,No,0,0,5
Yes,13.0,No,With Traffic,A: Suspected Serious Injury,Male,None - Rural Crash,Dare,No,Monday,Bicyclist Failed to Yield - Sign-Controlled Intersection,13.0,May,Bicyclist Ride Through - Sign-Controlled Intersection,2012,44.0,No,O: No Injury,Female,Van,No,35.9084722,-75.68066844,Dry,20 - 25  MPH,"Double Yellow Line, No Passing Zone",Cloudy,No,0,0,5
Yes,46.0,No,With Traffic,C: Possible Injury,Male,Greensboro,Guilford,No,Sunday,Bicyclist Failed to Yield - Signalized Intersection,14.0,May,Bicyclist Ride Through - Signalized Intersection,2012,57.0,No,O: No Injury,Female,Passenger Car,Yes,36.09728132,-79.81752195,Dry,30 - 35  MPH,Stop And Go Signal,Clear,No,0,0,5
Yes,15.0,No,With Traffic,A: Suspected Serious Injury,Male,None - Rural Crash,Davie,No,Monday,Motorist Overtaking Bicyclist,21.0,May,Motorist Overtaking - Bicyclist Swerved,2012,32.0,No,O: No Injury,Male,Pickup,No,35.84477951,-80.43733514,Dry,50 - 55  MPH,"Double Yellow Line, No Passing Zone",Clear,No,0,0,5
Yes,21.0,No,With Traffic,A: Suspected Serious Injury,Male,Ahoskie,Hertford,No,Monday,Other / Unusual Circumstances,23.0,February,Unusual Circumstances,2012,26.0,No,O: No Injury,Female,Passenger Car,No,36.28946646,-76.99334165,Dry,20 - 25  MPH,No Control Present,Clear,No,0,0,2
Yes,60.0,No,With Traffic,C: Possible Injury,Male,Wilmington,New Hanover,No,Wednesday,Motorist Failed to Yield - Sign-Controlled Intersection,10.0,May,Motorist Drive Out - Sign-Controlled Intersection,2012,44.0,No,O: No Injury,Male,Passenger Car,No,34.217984,-77.942602,Dry,30 - 35  MPH,Stop Sign,Clear,No,0,0,5
Yes,20.0,No,With Traffic,B: Suspected Minor Injury,Male,Wilmington,New Hanover,No,Wednesday,Motorist Failed to Yield - Sign-Controlled Intersection,12.0,May,Motorist Drive Out - Sign-Controlled Intersection,2012,50.0,No,O: No Injury,Male,Passenger Car,No,34.24319439,-77.94972408,Wet,20 - 25  MPH,Stop Sign,Cloudy,No,0,0,5
Yes,60.0,No,With Traffic,B: Suspected Minor Injury,Female,None - Rural Crash,Catawba,No,Monday,Bicyclist Overtaking Motorist,9.0,May,Bicyclist Overtaking - Other / Unknown,2012,46.0,No,O: No Injury,Male,Single Unit Truck (3 Or More Axles),No,35.78857457,-81.23552004,Dry,40 - 45  MPH,"Double Yellow Line, No Passing Zone",Cloudy,No,0,0,5
Yes,28.0,No,Facing Traffic,C: Possible Injury,Male,Charlotte,Mecklenburg,No,Tuesday,Motorist Failed to Yield - Midblock,14.0,May,Motorist Drive Out - Commercial Driveway / Alley,2012,88.0,No,O: No Injury,Female,Passenger Car,Yes,35.13813233,-80.7387605,Dry,40 - 45  MPH,Stop Sign,Clear,No,0,0,5
Yes,48.0,No,With Traffic,B: Suspected Minor Injury,Male,None - Rural Crash,Davidson,No,Tuesday,Parallel Paths - Other Circumstances,17.0,May,Parallel Paths - Other / Unknown,2012,41.0,No,O: No Injury,Male,Passenger Car,No,35.98315487,-80.16173988,Unknown,50 - 55  MPH,"Double Yellow Line, No Passing Zone",Other,No,0,0,5
Yes,28.0,No,Facing Traffic,B: Suspected Minor Injury,Male,Greenville,Pitt,No,Monday,Motorist Failed to Yield - Sign-Controlled Intersection,17.0,May,Motorist Drive Out - Sign-Controlled Intersection,2012,26.0,No,O: No Injury,Female,Passenger Car,No,35.61071624,-77.40135062,Dry,Unknown,Stop Sign,Cloudy,No,0,0,5
Yes,13.0,No,Facing Traffic,B: Suspected Minor Injury,Male,None - Rural Crash,Iredell,No,Wednesday,Bicyclist Failed to Yield - Signalized Intersection,20.0,May,Bicyclist Ride Through - Signalized Intersection,2012,44.0,No,O: No Injury,Female,Van,No,35.56894384,-80.90247223,Dry,40 - 45  MPH,Stop And Go Signal,Cloudy,No,0,0,5
No,3.0,No,Not Applicable,O: No Injury,Male,Kinston,Lenoir,No,Friday,Non-Roadway,18.0,May,Non-Roadway,2012,34.0,No,O: No Injury,Male,Passenger Car,No,35.27931515,-77.56625573,Dry,5 - 15 MPH,No Control Present,Clear,No,0,0,5
Yes,44.0,No,Facing Traffic,B: Suspected Minor Injury,Male,Charlotte,Mecklenburg,No,Thursday,Head-On,11.0,May,Head-On - Bicyclist,2012,88.0,No,O: No Injury,Male,Passenger Car,No,35.09655295,-80.85974325,Dry,30 - 35  MPH,Stop And Go Signal,Clear,No,0,0,5
No,20.0,No,With Traffic,C: Possible Injury,Male,Raleigh,Wake,No,Tuesday,Motorist Left Turn / Merge,11.0,April,Motorist Left Turn - Opposite Direction,2012,20.0,No,O: No Injury,Female,Passenger Car,No,35.78380237,-78.68222659,Dry,40 - 45  MPH,Stop And Go Signal,Clear,No,0,0,4
Yes,50.0,No,With Traffic,C: Possible Injury,Male,None - Rural Crash,Greene,No,Saturday,Motorist Overtaking Bicyclist,13.0,June,Motorist Overtaking - Misjudged Space,2012,42.03850604944766,Missing,Unknown Injury,Unknown,Van,Yes,35.37579536,-77.66701106,Dry,50 - 55  MPH,"Double Yellow Line, No Passing Zone",Clear,No,1,0,6
Yes,46.0,Unknown,With Traffic,C: Possible Injury,Male,Garysburg,Northampton,No,Saturday,Motorist Overtaking Bicyclist,1.0,June,Motorist Overtaking - Misjudged Space,2012,42.03850604944766,Unknown,Unknown Injury,Unknown,Unknown,Yes,36.45313582,-77.55791426,Wet,40 - 45  MPH,No Control Present,Rain,No,1,0,6
No,25.0,No,With Traffic,B: Suspected Minor Injury,Male,Raleigh,Wake,No,Thursday,Motorist Overtaking Bicyclist,13.0,May,Motorist Overtaking - Other / Unknown,2012,18.0,No,O: No Injury,Female,Passenger Car,No,35.7770749,-78.68288747,Dry,30 - 35  MPH,No Control Present,Clear,No,0,0,5
No,32.52649525389365,Missing,With Traffic,Unknown Injury,Unknown,Fayetteville,Cumberland,No,Wednesday,Bicyclist Failed to Yield - Sign-Controlled Intersection,15.0,May,Bicyclist Ride Through - Sign-Controlled Intersection,2012,28.0,No,O: No Injury,Female,Sport Utility,No,35.02513873,-78.96468984,Wet,20 - 25  MPH,Stop Sign,Rain,No,0,1,5
Yes,47.0,No,With Traffic,B: Suspected Minor Injury,Male,Duck,Dare,No,Sunday,Motorist Right Turn / Merge,16.0,May,Motorist Right Turn - Same Direction,2012,70.0,No,O: No Injury,Male,Van,No,36.16310476,-75.75271168,Dry,Unknown,No Control Present,Clear,No,0,0,5
No,21.0,No,With Traffic,O: No Injury,Unknown,None - Rural Crash,Alamance,No,Monday,Crossing Paths - Other Circumstances,7.0,May,Crossing Paths - Uncontrolled Intersection,2012,74.0,No,O: No Injury,Male,Other Bus,No,36.10807501,-79.48418482,Dry,30 - 35  MPH,"Double Yellow Line, No Passing Zone",Cloudy,No,0,0,5
Yes,7.0,No,Facing Traffic,K: Killed,Male,None - Rural Crash,Johnston,No,Wednesday,Bicyclist Right Turn / Merge,16.0,May,Bicyclist Right Turn - Opposite Direction,2012,38.0,No,O: No Injury,Male,Pickup,No,35.62075573,-78.4014627,Dry,50 - 55  MPH,"Double Yellow Line, No Passing Zone",Clear,No,0,0,5
Yes,54.0,No,With Traffic,C: Possible Injury,Female,None - Rural Crash,Iredell,No,Monday,Bicyclist Left Turn / Merge,18.0,June,Bicyclist Left Turn - Same Direction,2012,28.0,No,O: No Injury,Female,Passenger Car,No,35.569701,-80.934207,Dry,40 - 45  MPH,"Double Yellow Line, No Passing Zone",Cloudy,No,0,0,6
Yes,19.0,No,With Traffic,B: Suspected Minor Injury,Male,Wilmington,New Hanover,No,Friday,Bicyclist Failed to Yield - Signalized Intersection,14.0,May,Bicyclist Ride Through - Signalized Intersection,2012,34.0,No,O: No Injury,Male,Pickup,No,34.22485123,-77.93542426,Wet,20 - 25  MPH,Stop And Go Signal,Rain,No,0,0,5
Yes,29.0,No,With Traffic,C: Possible Injury,Male,Raleigh,Wake,No,Wednesday,Bicyclist Overtaking Motorist,15.0,May,Bicyclist Overtaking - Extended Door,2012,39.0,Missing,O: No Injury,Male,Police,No,35.77608291,-78.64036106,Dry,30 - 35  MPH,Stop And Go Signal,Clear,Yes,0,0,5
Yes,43.0,No,With Traffic,B: Suspected Minor Injury,Male,None - Rural Crash,Guilford,No,Sunday,Motorist Overtaking Bicyclist,18.0,June,Motorist Overtaking - Other / Unknown,2012,41.0,No,O: No Injury,Female,Passenger Car,No,36.21821583,-79.84603644,Dry,Unknown,"Double Yellow Line, No Passing Zone",Clear,No,0,0,6
Yes,14.0,No,Not Applicable,B: Suspected Minor Injury,Male,Siler City,Chatham,No,Friday,Bicyclist Failed to Yield - Midblock,18.0,May,Bicyclist Ride Out - Residential Driveway,2012,72.0,No,O: No Injury,Female,Passenger Car,No,35.73078173,-79.44159518,Dry,5 - 15 MPH,No Control Present,Clear,No,0,0,5
No,11.0,No,Not Applicable,O: No Injury,Male,Mooresville,Iredell,No,Monday,Non-Roadway,20.0,May,Non-Roadway,2012,50.0,No,O: No Injury,Female,Sport Utility,No,35.53491517,-80.80008937,Dry,5 - 15 MPH,No Control Present,Clear,No,0,0,5
Yes,30.0,No,With Traffic,B: Suspected Minor Injury,Unknown,Wrightsville Beach,New Hanover,No,Sunday,Motorist Left Turn / Merge,12.0,May,Motorist Left Turn - Same Direction,2012,40.0,No,O: No Injury,Female,Sport Utility,No,34.209485,-77.794799,Dry,20 - 25  MPH,No Control Present,Clear,No,0,0,5
Yes,49.0,No,With Traffic,B: Suspected Minor Injury,Male,Huntersville,Mecklenburg,No,Friday,Motorist Overtaking Bicyclist,22.0,May,Motorist Overtaking - Undetected Bicyclist,2012,30.0,No,O: No Injury,Male,Passenger Car,No,35.41599202,-80.85681231,Dry,40 - 45  MPH,"Double Yellow Line, No Passing Zone",Clear,No,0,0,5
No,16.0,No,With Traffic,C: Possible Injury,Female,Wilmington,New Hanover,No,Tuesday,Crossing Paths - Other Circumstances,9.0,May,Signalized Intersection - Other / Unknown,2012,42.03850604944766,Unknown,Unknown Injury,Unknown,Unknown,Yes,34.235932,-77.927477,Wet,30 - 35  MPH,Stop And Go Signal,Rain,No,1,0,5
No,25.0,No,With Traffic,C: Possible Injury,Male,Winston-Salem,Forsyth,No,Saturday,Motorist Overtaking Bicyclist,23.0,June,Motorist Overtaking - Other / Unknown,2012,42.03850604944766,Unknown,Unknown Injury,Unknown,Unknown,Yes,36.10796213,-80.24766276,Dry,30 - 35  MPH,No Control Present,Clear,No,1,0,6
Yes,51.0,Yes,With Traffic,K: Killed,Male,None - Rural Crash,Orange,Yes,Sunday,Motorist Overtaking Bicyclist,0.0,June,Motorist Overtaking - Other / Unknown,2012,27.0,No,O: No Injury,Female,Passenger Car,No,35.92478254,-79.11959864,Dry,50 - 55  MPH,"Double Yellow Line, No Passing Zone",Clear,No,0,0,6
No,47.0,No,With Traffic,O: No Injury,Male,Rocky Mount,Nash,No,Wednesday,Crossing Paths - Other Circumstances,15.0,May,Signalized Intersection - Other / Unknown,2012,22.0,No,O: No Injury,Male,Passenger Car,No,35.9551976,-77.79985795,Dry,30 - 35  MPH,Stop And Go Signal,Clear,No,0,0,5
Yes,7.0,No,Unknown,B: Suspected Minor Injury,Female,Asheboro,Randolph,No,Wednesday,Bicyclist Failed to Yield - Midblock,20.0,May,Bicyclist Ride Out - Midblock - Unknown,2012,42.03850604944766,Missing,Unknown Injury,Unknown,Passenger Car,Yes,35.71641637,-79.80772447,Dry,30 - 35  MPH,No Control Present,Clear,No,1,0,5
Yes,20.0,No,With Traffic,B: Suspected Minor Injury,Male,None - Rural Crash,Buncombe,No,Thursday,Motorist Left Turn / Merge,17.0,June,Motorist Left Turn - Opposite Direction,2012,42.03850604944766,Unknown,Unknown Injury,Unknown,Van,Yes,35.46925283,-82.57812067,Dry,40 - 45  MPH,"Double Yellow Line, No Passing Zone",Clear,No,1,0,6
Yes,51.0,No,With Traffic,B: Suspected Minor Injury,Female,Salter Path,Carteret,No,Tuesday,Motorist Overtaking Bicyclist,18.0,May,Motorist Overtaking - Misjudged Space,2012,43.0,No,O: No Injury,Male,Single Unit Truck (3 Or More Axles),No,34.68876919,-76.88174888,Dry,30 - 35  MPH,No Control Present,Clear,No,0,0,5
No,14.0,No,With Traffic,C: Possible Injury,Female,Wilmington,New Hanover,No,Monday,Motorist Overtaking Bicyclist,16.0,June,Motorist Overtaking - Other / Unknown,2012,42.03850604944766,Missing,Unknown Injury,Unknown,Unknown,Yes,34.22311891,-77.90917949,Dry,20 - 25  MPH,No Control Present,Clear,No,1,0,6
Yes,15.0,No,With Traffic,B: Suspected Minor Injury,Male,Lenoir,Caldwell,No,Friday,Bicyclist Failed to Yield - Sign-Controlled Intersection,13.0,June,Bicyclist Ride Through - Sign-Controlled Intersection,2012,57.0,No,O: No Injury,Female,Passenger Car,No,35.91884832,-81.53053646,Dry,20 - 25  MPH,Stop Sign,Clear,No,0,0,6
No,53.0,No,Facing Traffic,B: Suspected Minor Injury,Male,None - Rural Crash,Caldwell,No,Friday,Motorist Failed to Yield - Sign-Controlled Intersection,15.0,June,Motorist Drive Out - Sign-Controlled Intersection,2012,56.0,No,O: No Injury,Female,Sport Utility,No,35.85555657,-81.60800481,Dry,50 - 55  MPH,Stop Sign,Clear,No,0,0,6
Yes,13.0,No,Facing Traffic,C: Possible Injury,Male,Cary,Wake,No,Saturday,Crossing Paths - Other Circumstances,13.0,May,Signalized Intersection - Other / Unknown,2012,18.0,No,O: No Injury,Female,Sport Utility,No,35.79135323,-78.84750041,Dry,40 - 45  MPH,Stop And Go Signal,Clear,No,0,0,5
No,23.0,No,With Traffic,B: Suspected Minor Injury,Male,Cary,Wake,No,Thursday,Bicyclist Overtaking Motorist,19.0,May,Bicyclist Overtaking - Passing on Right,2012,42.03850604944766,Missing,Unknown Injury,Unknown,Passenger Car,Yes,35.81891089,-78.90228917,Dry,40 - 45  MPH,Stop And Go Signal,Other,No,1,0,5
No,32.52649525389365,Missing,Facing Traffic,Unknown Injury,Unknown,Cary,Wake,No,Friday,Motorist Failed to Yield - Midblock,11.0,May,Motorist Drive Out - Commercial Driveway / Alley,2012,49.0,No,O: No Injury,Male,Passenger Car,No,35.76358974,-78.74701221,Dry,40 - 45  MPH,Stop Sign,Clear,No,0,1,5
No,31.0,No,With Traffic,B: Suspected Minor Injury,Female,Charlotte,Mecklenburg,No,Friday,Motorist Overtaking Bicyclist,17.0,June,Motorist Overtaking - Other / Unknown,2012,42.03850604944766,Missing,Unknown Injury,Unknown,Unknown,Yes,35.232965,-80.850005,Dry,30 - 35  MPH,No Control Present,Clear,No,1,0,6
Yes,9.0,No,Facing Traffic,B: Suspected Minor Injury,Male,Fayetteville,Cumberland,No,Thursday,Bicyclist Failed to Yield - Sign-Controlled Intersection,16.0,May,Bicyclist Ride Through - Sign-Controlled Intersection,2012,45.0,No,O: No Injury,Female,Sport Utility,No,35.02467597,-78.98775166,Dry,20 - 25  MPH,Stop Sign,Clear,No,0,0,5
No,66.0,Unknown,With Traffic,C: Possible Injury,Male,None - Rural Crash,Guilford,No,Friday,Loss of Control / Turning Error,13.0,June,Bicyclist Turning Error - Left Turn,2012,51.0,Unknown,O: No Injury,Female,Passenger Car,No,36.07593296,-79.99521813,Dry,40 - 45  MPH,Stop Sign,Clear,No,0,0,6
Yes,20.0,No,With Traffic,B: Suspected Minor Injury,Male,Kitty Hawk,Dare,No,Monday,Motorist Overtaking Bicyclist,18.0,June,Motorist Overtaking - Bicyclist Swerved,2012,31.0,No,O: No Injury,Male,Passenger Car,No,36.06457366,-75.70664758,Dry,30 - 35  MPH,No Control Present,Clear,No,0,0,6
Yes,50.0,No,Facing Traffic,C: Possible Injury,Male,Charlotte,Mecklenburg,No,Tuesday,Bicyclist Failed to Yield - Signalized Intersection,22.0,June,Bicyclist Ride Through - Signalized Intersection,2012,44.0,No,O: No Injury,Female,Sport Utility,No,35.26306579,-80.85457236,Wet,30 - 35  MPH,Stop And Go Signal,Rain,No,0,0,6
No,45.0,No,With Traffic,B: Suspected Minor Injury,Male,Harrisburg,Cabarrus,No,Saturday,Motorist Overtaking Bicyclist,11.0,May,Motorist Overtaking - Misjudged Space,2012,46.0,No,O: No Injury,Female,Passenger Car,No,35.33086053,-80.61831407,Dry,40 - 45  MPH,No Control Present,Clear,No,0,0,5
Yes,39.0,No,Facing Traffic,C: Possible Injury,Male,Wilmington,New Hanover,No,Tuesday,Motorist Failed to Yield - Midblock,17.0,May,Motorist Drive Out - Commercial Driveway / Alley,2012,24.0,No,O: No Injury,Female,Sport Utility,No,34.2309741,-77.87806184,Dry,20 - 25  MPH,No Control Present,Clear,No,0,0,5
Yes,23.0,No,With Traffic,B: Suspected Minor Injury,Male,Raleigh,Wake,No,Sunday,Motorist Left Turn / Merge,1.0,June,Motorist Left Turn - Opposite Direction,2012,42.03850604944766,Missing,Unknown Injury,Unknown,Passenger Car,Yes,35.783133,-78.65595,Dry,30 - 35  MPH,No Control Present,Clear,No,1,0,6
Yes,27.0,No,Facing Traffic,C: Possible Injury,Female,Durham,Durham,No,Tuesday,Crossing Paths - Other Circumstances,15.0,June,Signalized Intersection - Other / Unknown,2012,59.0,No,O: No Injury,Male,Passenger Car,No,36.00241989,-78.91291181,Dry,30 - 35  MPH,Stop And Go Signal,Cloudy,No,0,0,6
No,22.0,Yes,With Traffic,O: No Injury,Female,Emerald Isle,Carteret,Yes,Saturday,Motorist Overtaking Bicyclist,23.0,May,Motorist Overtaking - Other / Unknown,2012,25.0,No,O: No Injury,Male,Sport Utility,No,34.68207304,-76.92173092,Wet,40 - 45  MPH,No Control Present,Rain,No,0,0,5
Yes,51.0,No,With Traffic,C: Possible Injury,Female,None - Rural Crash,Columbus,No,Thursday,Motorist Overtaking Bicyclist,6.0,June,Motorist Overtaking - Other / Unknown,2012,42.03850604944766,Missing,Unknown Injury,Unknown,Passenger Car,Yes,34.42376078,-78.80664383,Dry,50 - 55  MPH,No Control Present,Clear,No,1,0,6
No,20.0,No,Facing Traffic,O: No Injury,Male,Cary,Wake,No,Tuesday,Crossing Paths - Other Circumstances,15.0,May,Crossing Paths - Intersection - Other / Unknown,2012,61.0,No,O: No Injury,Female,Pickup,No,35.76928842,-78.78203013,Dry,30 - 35  MPH,Stop And Go Signal,Cloudy,No,0,0,5
Yes,8.0,No,Not Applicable,C: Possible Injury,Female,Ramseur,Randolph,No,Sunday,Bicyclist Failed to Yield - Midblock,18.0,June,Bicyclist Ride Out - Residential Driveway,2012,64.0,No,O: No Injury,Male,Pickup,No,35.73743274,-79.65104087,Dry,30 - 35  MPH,No Control Present,Clear,No,0,0,6
No,24.0,No,Facing Traffic,C: Possible Injury,Male,Wilson,Wilson,No,Tuesday,Motorist Failed to Yield - Midblock,15.0,May,Motorist Drive Out - Commercial Driveway / Alley,2012,19.0,No,O: No Injury,Male,Passenger Car,No,35.75655659,-77.9575149,Dry,40 - 45  MPH,No Control Present,Clear,No,0,0,5
Yes,21.0,Unknown,With Traffic,B: Suspected Minor Injury,Male,None - Rural Crash,Watauga,No,Friday,Motorist Overtaking Bicyclist,7.0,June,Motorist Overtaking - Misjudged Space,2012,42.03850604944766,Missing,Unknown Injury,Unknown,Passenger Car,Yes,36.20560646,-81.6141976,Dry,50 - 55  MPH,"Double Yellow Line, No Passing Zone",Cloudy,No,1,0,6
No,13.0,No,With Traffic,O: No Injury,Male,Granite Quarry,Rowan,No,Wednesday,Bicyclist Failed to Yield - Sign-Controlled Intersection,18.0,June,Bicyclist Ride Through - Sign-Controlled Intersection,2012,56.0,No,O: No Injury,Female,Sport Utility,No,35.61316139,-80.44647343,Dry,30 - 35  MPH,Stop Sign,Clear,No,0,0,6
Yes,60.0,No,With Traffic,K: Killed,Male,None - Rural Crash,Onslow,No,Sunday,Motorist Left Turn / Merge,10.0,June,Motorist Left Turn - Opposite Direction,2012,65.0,No,O: No Injury,Male,Passenger Car,No,34.50988174,-77.43381958,Dry,40 - 45  MPH,No Control Present,Clear,No,0,0,6
Yes,37.0,No,With Traffic,B: Suspected Minor Injury,Female,None - Rural Crash,Dare,No,Friday,Motorist Failed to Yield - Sign-Controlled Intersection,23.0,June,Motorist Drive Out - Sign-Controlled Intersection,2012,60.0,No,O: No Injury,Male,Sport Utility,No,35.56312108,-75.46904358,Dry,30 - 35  MPH,"Double Yellow Line, No Passing Zone",Clear,No,0,0,6
Yes,67.0,No,With Traffic,B: Suspected Minor Injury,Male,None - Rural Crash,Randolph,No,Saturday,Motorist Failed to Yield - Sign-Controlled Intersection,10.0,June,Motorist Drive Out - Sign-Controlled Intersection,2012,54.0,No,O: No Injury,Male,Passenger Car,No,35.6732322,-79.92740955,Dry,50 - 55  MPH,Stop Sign,Clear,No,0,0,6
No,32.0,No,With Traffic,O: No Injury,Male,Fayetteville,Cumberland,No,Saturday,Motorist Overtaking Bicyclist,21.0,June,Motorist Overtaking - Other / Unknown,2012,42.03850604944766,Missing,Unknown Injury,Unknown,Unknown,Yes,35.04406726,-78.98120232,Dry,Unknown,No Control Present,Clear,No,1,0,6
Yes,50.0,No,Not Applicable,K: Killed,Male,Havelock,Craven,No,Friday,Crossing Paths - Other Circumstances,22.0,May,Crossing Paths - Midblock - Other / Unknown,2012,49.0,No,C: Possible Injury,Male,Passenger Car,No,34.89253328,-76.92397641,Dry,50 - 55  MPH,No Control Present,Clear,No,0,0,5
No,11.0,No,Facing Traffic,B: Suspected Minor Injury,Male,New Bern,Craven,No,Tuesday,Motorist Failed to Yield - Sign-Controlled Intersection,21.0,April,Motorist Drive Out - Sign-Controlled Intersection,2012,22.0,No,O: No Injury,Male,Passenger Car,No,35.11841573,-77.09180579,Dry,20 - 25  MPH,Stop Sign,Clear,No,0,0,4
Yes,41.0,No,Facing Traffic,C: Possible Injury,Male,New Bern,Craven,No,Friday,Motorist Failed to Yield - Sign-Controlled Intersection,15.0,June,Motorist Drive Out - Sign-Controlled Intersection,2012,58.0,No,O: No Injury,Female,Passenger Car,No,35.11075006,-77.06395314,Dry,20 - 25  MPH,Stop Sign,Cloudy,No,0,0,6
Yes,34.0,No,With Traffic,C: Possible Injury,Male,Asheville,Buncombe,No,Thursday,Motorist Overtaking Bicyclist,20.0,June,Motorist Overtaking - Misjudged Space,2012,42.03850604944766,Missing,Unknown Injury,Unknown,Unknown,Yes,35.58955878,-82.55016833,Dry,40 - 45  MPH,Stop Sign,Clear,No,1,0,6
No,14.0,No,Not Applicable,B: Suspected Minor Injury,Male,Siler City,Chatham,No,Saturday,Bicyclist Failed to Yield - Midblock,18.0,May,Bicyclist Ride Out - Residential Driveway,2012,72.0,No,O: No Injury,Female,Passenger Car,No,35.73079232,-79.44159331,Dry,5 - 15 MPH,No Control Present,Clear,No,0,0,5