AmbulanceR,BikeAge,BikeAlcFlg,BikeDir,BikeInjury,BikeSex,City,County,CrashAlcoh,CrashDay,CrashGrp,CrashHour,CrashMonth,CrashType,CrashYear,DrvrAge,DrvrAlcFlg,DrvrInjury,DrvrSex,DrvrVehTyp,HitRun,Latitude,Longitude,RdConditio,SpeedLimit,TraffCntrl,Weather,Workzone,DrvrAgeImputedFlag,BikeAgeImputedFlag,MonthCode
Yes,12.0,No,With Traffic,B: Suspected Minor Injury,Male,None - Rural Crash,Gaston,No,Monday,Bicyclist Left Turn / Merge,19.0,June,Bicyclist Left Turn - Same Direction,2012,30.0,No,O: No Injury,Male,Van,No,35.33228728,-81.32005467,Dry,40 - 45  MPH,"Double Yellow Line, No Passing Zone",Clear,No,0,0,6
Yes,7.0,No,With Traffic,C: Possible Injury,Female,Wilson,Wilson,No,Sunday,Motorist Failed to Yield - Sign-Controlled Intersection,17.0,May,Motorist Drive Out - Sign-Controlled Intersection,2012,42.03850604944766,Missing,Unknown Injury,Unknown,Unknown,Yes,35.714499,-77.895187,Wet,30 - 35  MPH,Stop Sign,Cloudy,No,1,0,5
Yes,12.0,No,With Traffic,B: Suspected Minor Injury,Male,None - Rural Crash,Sampson,No,Saturday,Motorist Overtaking Bicyclist,16.0,May,Motorist Overtaking - Bicyclist Swerved,2012,36.0,No,O: No Injury,Female,Sport Utility,No,34.77522426,-78.33290802,Dry,50 - 55  MPH,"Double Yellow Line, No Passing Zone",Clear,No,0,0,5
Yes,59.0,Yes,With Traffic,B: Suspected Minor Injury,Male,Plymouth,Washington,Yes,Tuesday,Bicyclist Right Turn / Merge,22.0,May,Bicyclist Right Turn - Same Direction,2012,41.0,No,O: No Injury,Female,Passenger Car,No,35.8568941,-76.74836819,Dry,40 - 45  MPH,No Control Present,Clear,No,0,0,5
No,16.0,No,With Traffic,B: Suspected Minor Injury,Male,None - Rural Crash,Craven,No,Thursday,Bicyclist Left Turn / Merge,17.0,June,Bicyclist Left Turn - Same Direction,2012,40.0,No,O: No Injury,Male,Pickup,No,34.90703152,-76.93749935,Dry,40 - 45  MPH,"Double Yellow Line, No Passing Zone",Clear,No,0,0,6
Yes,48.0,Unknown,Unknown,B: Suspected Minor Injury,Male,Matthews,Mecklenburg,No,Wednesday,Other / Unknown - Insufficient Details,8.0,June,Unknown Approach Paths,2012,53.0,No,O: No Injury,Male,Passenger Car,No,35.14023601,-80.71810935,Dry,40 - 45  MPH,No Control Present,Clear,No,0,0,6
No,45.0,No,With Traffic,C: Possible Injury,Male,Charlotte,Mecklenburg,No,Friday,Motorist Overtaking Bicyclist,16.0,June,Motorist Overtaking - Other / Unknown,2012,42.03850604944766,Missing,Unknown Injury,Unknown,Unknown,Yes,35.23539922,-80.84044326,Dry,40 - 45  MPH,Stop And Go Signal,Clear,No,1,0,6
No,32.52649525389365,No,Unknown,C: Possible Injury,Male,Emerald Isle,Carteret,No,Saturday,Crossing Paths - Other Circumstances,18.0,June,Crossing Paths - Uncontrolled Intersection,2012,40.0,No,O: No Injury,Male,Van,No,34.66473461,-77.03488136,Dry,20 - 25  MPH,No Control Present,Clear,No,0,1,6
No,17.0,No,Facing Traffic,C: Possible Injury,Male,Salisbury,Rowan,No,Wednesday,Motorist Failed to Yield - Sign-Controlled Intersection,11.0,June,Motorist Drive Out - Sign-Controlled Intersection,2012,22.0,No,O: No Injury,Male,Passenger Car,No,35.64113838,-80.50981212,Dry,Unknown,Stop Sign,Clear,No,0,0,6
No,21.0,No,With Traffic,B: Suspected Minor Injury,Female,Raleigh,Wake,No,Monday,Motorist Right Turn / Merge,17.0,June,Motorist Right Turn - Same Direction,2012,63.0,No,O: No Injury,Male,Pickup,No,35.77720559,-78.6785678,Wet,40 - 45  MPH,Stop And Go Signal,Cloudy,No,0,0,6
Yes,16.0,No,With Traffic,B: Suspected Minor Injury,Male,None - Rural Crash,Lenoir,No,Wednesday,Motorist Overtaking Bicyclist,13.0,June,Motorist Overtaking - Bicyclist Swerved,2012,48.0,No,O: No Injury,Female,Passenger Car,No,35.28947439,-77.52743202,Dry,40 - 45  MPH,No Control Present,Clear,No,0,0,6
Yes,24.0,No,With Traffic,B: Suspected Minor Injury,Male,Charlotte,Mecklenburg,No,Friday,Motorist Left Turn / Merge,16.0,May,Motorist Left Turn - Opposite Direction,2012,29.0,No,O: No Injury,Female,Van,No,35.21946399,-80.80210641,Dry,30 - 35  MPH,No Control Present,Clear,No,0,0,5
Yes,15.0,No,Not Applicable,B: Suspected Minor Injury,Male,Oak Island,Brunswick,No,Friday,Bicyclist Failed to Yield - Midblock,14.0,June,Bicyclist Ride Out - Other Midblock,2012,17.0,No,O: No Injury,Male,Passenger Car,No,33.91028878,-78.11698731,Dry,30 - 35  MPH,No Control Present,Clear,No,0,0,6
Yes,22.0,No,With Traffic,C: Possible Injury,Male,Greensboro,Guilford,No,Wednesday,Motorist Failed to Yield - Sign-Controlled Intersection,8.0,June,Motorist Drive Out - Sign-Controlled Intersection,2012,60.0,No,O: No Injury,Female,Van,No,36.08867873,-79.77455223,Dry,30 - 35  MPH,Stop Sign,Clear,No,0,0,6
No,50.0,No,With Traffic,C: Possible Injury,Female,None - Rural Crash,Ashe,No,Wednesday,Motorist Overtaking Bicyclist,16.0,June,Motorist Overtaking - Misjudged Space,2012,40.0,No,O: No Injury,Male,Pickup,No,36.30571929,-81.50966835,Dry,50 - 55  MPH,"Double Yellow Line, No Passing Zone",Clear,No,0,0,6
Yes,51.0,No,Facing Traffic,C: Possible Injury,Male,Raleigh,Wake,No,Thursday,Motorist Failed to Yield - Midblock,17.0,June,Motorist Drive Out - Commercial Driveway / Alley,2012,38.0,No,O: No Injury,Male,Passenger Car,No,35.77005996,-78.61337584,Wet,40 - 45  MPH,Stop Sign,Rain,No,0,0,6
Yes,24.0,Yes,With Traffic,B: Suspected Minor Injury,Male,Charlotte,Mecklenburg,Yes,Saturday,Loss of Control / Turning Error,13.0,June,Bicylist Lost Control - Alcohol / Drug Impairment,2012,51.0,No,O: No Injury,Male,Passenger Car,No,35.21856047,-80.78068929,Dry,40 - 45  MPH,No Control Present,Clear,No,0,0,6
No,66.0,No,Facing Traffic,O: No Injury,Male,Fayetteville,Cumberland,No,Monday,Motorist Failed to Yield - Sign-Controlled Intersection,7.0,June,Motorist Drive Out - Sign-Controlled Intersection,2012,29.0,No,O: No Injury,Male,Passenger Car,No,35.08742198,-78.9517246,Wet,40 - 45  MPH,Stop Sign,Cloudy,Yes,0,0,6
Yes,21.0,No,Facing Traffic,C: Possible Injury,Male,Archdale,Randolph,No,Thursday,Bicyclist Failed to Yield - Signalized Intersection,20.0,June,Bicyclist Ride Through - Signalized Intersection,2012,16.0,No,O: No Injury,Female,Passenger Car,No,35.89992402,-79.94651009,Dry,30 - 35  MPH,Stop And Go Signal,Clear,No,0,0,6
No,35.0,No,Facing Traffic,C: Possible Injury,Male,Greenville,Pitt,No,Thursday,Motorist Failed to Yield - Sign-Controlled Intersection,11.0,June,Motorist Drive Out - Sign-Controlled Intersection,2012,29.0,No,O: No Injury,Female,Passenger Car,No,35.58077991,-77.36488371,Dry,30 - 35  MPH,Stop Sign,Clear,No,0,0,6
Yes,15.0,No,Facing Traffic,B: Suspected Minor Injury,Male,Henderson,Vance,No,Friday,Motorist Left Turn / Merge,16.0,June,Motorist Left Turn - Same Direction,2012,61.0,No,O: No Injury,Female,Passenger Car,No,36.330022,-78.429856,Dry,30 - 35  MPH,Stop Sign,Clear,No,0,0,6
Yes,54.0,No,With Traffic,B: Suspected Minor Injury,Male,None - Rural Crash,Buncombe,No,Thursday,Motorist Failed to Yield - Sign-Controlled Intersection,10.0,June,Motorist Drive Out - Sign-Controlled Intersection,2012,45.0,No,O: No Injury,Male,Single Unit Truck (3 Or More Axles),No,35.60149157,-82.48545988,Dry,30 - 35  MPH,Stop Sign,Clear,No,0,0,6
Yes,15.0,No,With Traffic,B: Suspected Minor Injury,Female,Huntersville,Mecklenburg,No,Friday,Bicyclist Left Turn / Merge,12.0,June,Bicyclist Left Turn - Same Direction,2012,52.0,No,O: No Injury,Male,Pickup,No,35.43469474,-80.90499942,Dry,40 - 45  MPH,"Double Yellow Line, No Passing Zone",Clear,No,0,0,6
No,66.0,No,With Traffic,C: Possible Injury,Male,Charlotte,Mecklenburg,No,Saturday,Parallel Paths - Other Circumstances,0.0,June,Bicyclist Ride Out - Parallel Path,2012,64.0,No,O: No Injury,Female,Other Bus,No,35.2269778,-80.8429765,Dry,20 - 25  MPH,Stop And Go Signal,Clear,No,0,0,6
Yes,43.0,No,With Traffic,B: Suspected Minor Injury,Male,None - Rural Crash,Wake,No,Wednesday,Motorist Failed to Yield - Sign-Controlled Intersection,7.0,June,Motorist Drive Out - Sign-Controlled Intersection,2012,35.0,No,O: No Injury,Male,Pickup,No,35.59023901,-78.83837977,Dry,50 - 55  MPH,Stop Sign,Clear,No,0,0,6
Yes,12.0,No,Unknown,B: Suspected Minor Injury,Male,Wilmington,New Hanover,No,Saturday,Bicyclist Failed to Yield - Midblock,12.0,June,Bicyclist Ride Out - Midblock - Unknown,2012,42.03850604944766,Missing,Unknown Injury,Unknown,Unknown,Yes,34.22733113,-77.93041571,Dry,Unknown,No Control Present,Clear,No,1,0,6
Yes,15.0,No,With Traffic,C: Possible Injury,Male,Winston-Salem,Forsyth,No,Saturday,Motorist Overtaking Bicyclist,20.0,June,Motorist Overtaking - Bicyclist Swerved,2012,42.03850604944766,Missing,Unknown Injury,Unknown,Unknown,Yes,36.1510028,-80.21369973,Dry,30 - 35  MPH,No Control Present,Clear,No,1,0,6
Yes,17.0,No,With Traffic,B: Suspected Minor Injury,Male,Mooresville,Iredell,No,Tuesday,Bicyclist Failed to Yield - Sign-Controlled Intersection,14.0,June,Bicyclist Ride Through - Sign-Controlled Intersection,2012,71.0,No,O: No Injury,Female,Sport Utility,No,35.58269022,-80.81014521,Dry,30 - 35  MPH,Stop Sign,Clear,No,0,0,6
No,29.0,No,With Traffic,O: No Injury,Female,Durham,Durham,No,Thursday,Crossing Paths - Other Circumstances,16.0,June,Signalized Intersection - Other / Unknown,2012,84.0,No,O: No Injury,Male,Passenger Car,No,35.98379512,-78.91212198,Dry,30 - 35  MPH,Stop And Go Signal,Clear,No,0,0,6
No,38.0,No,With Traffic,B: Suspected Minor Injury,Male,Raleigh,Wake,Yes,Saturday,Motorist Overtaking Bicyclist,14.0,June,Motorist Overtaking - Other / Unknown,2012,48.0,Yes,O: No Injury,Female,Sport Utility,Yes,35.90576691,-78.60234188,Dry,40 - 45  MPH,No Control Present,Clear,No,0,0,6
Yes,51.0,No,Unknown,A: Suspected Serious Injury,Male,Smithfield,Johnston,No,Saturday,Other / Unknown - Insufficient Details,14.0,June,Unknown Approach Paths,2012,35.0,No,O: No Injury,Female,Passenger Car,No,35.51340335,-78.3326274,Dry,30 - 35  MPH,No Control Present,Clear,No,0,0,6
Yes,29.0,No,Facing Traffic,C: Possible Injury,Male,None - Rural Crash,Brunswick,No,Tuesday,Motorist Failed to Yield - Midblock,14.0,June,Motorist Drive Out - Commercial Driveway / Alley,2012,26.0,No,O: No Injury,Male,Pickup,No,33.95162082,-78.04547823,Dry,5 - 15 MPH,No Control Present,Clear,No,0,0,6
Yes,16.0,No,Not Applicable,C: Possible Injury,Male,Greensboro,Guilford,No,Friday,Bicyclist Failed to Yield - Midblock,11.0,June,Bicyclist Ride Out - Commercial Driveway / Alley,2012,23.0,No,O: No Injury,Female,Passenger Car,No,36.09508955,-79.7619273,Dry,30 - 35  MPH,No Control Present,Clear,No,0,0,6
Yes,47.0,No,With Traffic,C: Possible Injury,Female,Cary,Wake,No,Thursday,Motorist Failed to Yield - Midblock,13.0,June,Motorist Drive Out - Commercial Driveway / Alley,2012,29.0,No,O: No Injury,Female,Passenger Car,No,35.76376328,-78.74441888,Dry,Unknown,No Control Present,Clear,No,0,0,6
No,57.0,No,Not Applicable,C: Possible Injury,Male,Asheboro,Randolph,No,Wednesday,Non-Roadway,17.0,June,Non-Roadway,2012,65.0,No,O: No Injury,Male,Sport Utility,No,35.70556039,-79.8155369,Dry,Unknown,No Control Present,Clear,No,0,0,6
Yes,15.0,No,With Traffic,C: Possible Injury,Male,Greensboro,Guilford,No,Thursday,Bicyclist Failed to Yield - Sign-Controlled Intersection,14.0,June,Bicyclist Ride Through - Sign-Controlled Intersection,2012,21.0,No,O: No Injury,Female,Passenger Car,No,36.04187792,-79.81582438,Dry,30 - 35  MPH,No Control Present,Clear,No,0,0,6
Yes,54.0,No,Facing Traffic,C: Possible Injury,Male,Charlotte,Mecklenburg,No,Wednesday,Motorist Failed to Yield - Midblock,20.0,June,Motorist Drive Out - Commercial Driveway / Alley,2012,29.0,No,O: No Injury,Male,Passenger Car,No,35.20856963,-80.75768441,Dry,5 - 15 MPH,Stop Sign,Clear,No,0,0,6
Yes,17.0,No,Not Applicable,B: Suspected Minor Injury,Male,None - Rural Crash,Transylvania,No,Monday,Bicyclist Failed to Yield - Midblock,15.0,July,Bicyclist Ride Out - Residential Driveway,2012,17.0,No,O: No Injury,Male,Pickup,No,35.22394,-82.704401,Dry,40 - 45  MPH,"Double Yellow Line, No Passing Zone",Clear,No,0,0,7
No,19.0,No,With Traffic,O: No Injury,Male,Raleigh,Wake,No,Sunday,Motorist Failed to Yield - Midblock,16.0,June,Motorist Drive Out - Midblock - Unknown,2012,42.03850604944766,Missing,Unknown Injury,Unknown,Passenger Car,Yes,35.7839251,-78.66064221,Dry,20 - 25  MPH,No Control Present,Clear,No,1,0,6
Yes,11.0,No,With Traffic,A: Suspected Serious Injury,Male,Fayetteville,Cumberland,No,Thursday,Bicyclist Failed to Yield - Sign-Controlled Intersection,14.0,June,Bicyclist Ride Through - Sign-Controlled Intersection,2012,60.0,No,O: No Injury,Female,Passenger Car,No,35.09342209,-78.92455884,Dry,20 - 25  MPH,Stop Sign,Clear,No,0,0,6
Yes,16.0,No,With Traffic,C: Possible Injury,Male,Durham,Durham,No,Saturday,Motorist Overtaking Bicyclist,12.0,June,Motorist Overtaking - Other / Unknown,2012,42.03850604944766,Missing,Unknown Injury,Unknown,Unknown Heavy Truck,Yes,35.97554254,-78.97381523,Dry,30 - 35  MPH,No Control Present,Clear,No,1,0,6
Yes,9.0,No,Not Applicable,B: Suspected Minor Injury,Male,Asheboro,Randolph,No,Wednesday,Bicyclist Failed to Yield - Midblock,21.0,June,Bicyclist Ride Out - Residential Driveway,2012,19.0,No,O: No Injury,Male,Passenger Car,No,35.70164532,-79.79563652,Dry,30 - 35  MPH,No Control Present,Clear,No,0,0,6
Yes,33.0,No,With Traffic,B: Suspected Minor Injury,Male,Newport,Carteret,No,Sunday,Motorist Overtaking Bicyclist,23.0,June,Motorist Overtaking - Other / Unknown,2012,42.03850604944766,Missing,Unknown Injury,Unknown,Unknown,Yes,34.72905871,-76.89967067,Dry,50 - 55  MPH,No Control Present,Clear,No,1,0,6
No,15.0,Unknown,With Traffic,B: Suspected Minor Injury,Male,Hickory,Catawba,No,Thursday,Parallel Paths - Other Circumstances,11.0,June,Bicyclist Ride Out - Parallel Path,2012,42.03850604944766,Missing,Unknown Injury,Unknown,Unknown,Yes,35.75397586,-81.34334321,Dry,30 - 35  MPH,No Control Present,Clear,No,1,0,6
No,21.0,No,With Traffic,O: No Injury,Male,Sunset Beach,Brunswick,No,Saturday,Motorist Overtaking Bicyclist,23.0,June,Motorist Overtaking - Other / Unknown,2012,30.0,No,O: No Injury,Female,Passenger Car,No,33.89194121,-78.50501557,Dry,40 - 45  MPH,No Control Present,Clear,No,0,0,6
No,10.0,No,Not Applicable,C: Possible Injury,Male,Charlotte,Mecklenburg,No,Wednesday,Bicyclist Failed to Yield - Midblock,18.0,June,Bicyclist Ride Out - Residential Driveway,2012,30.0,No,O: No Injury,Male,Sport Utility,No,35.19532579,-80.86951438,Dry,20 - 25  MPH,No Control Present,Clear,No,0,0,6
Yes,21.0,No,Facing Traffic,C: Possible Injury,Male,Raleigh,Wake,No,Saturday,Bicyclist Failed to Yield - Signalized Intersection,21.0,June,Bicyclist Failed to Clear - Trapped,2012,48.0,No,O: No Injury,Male,Taxicab,Yes,35.77982867,-78.62217027,Dry,30 - 35  MPH,Stop And Go Signal,Clear,No,0,0,6
Yes,32.0,No,With Traffic,B: Suspected Minor Injury,Male,None - Rural Crash,Lee,No,Sunday,Motorist Overtaking Bicyclist,18.0,July,Motorist Overtaking - Other / Unknown,2012,42.03850604944766,Missing,Unknown Injury,Unknown,Passenger Car,Yes,35.41532557,-79.11015308,Dry,20 - 25  MPH,No Control Present,Clear,No,1,0,7
Yes,37.0,No,With Traffic,C: Possible Injury,Male,None - Rural Crash,Hyde,No,Wednesday,Motorist Overtaking Bicyclist,21.0,July,Motorist Overtaking - Misjudged Space,2012,20.0,No,O: No Injury,Male,Pickup,No,35.11480054,-75.98410026,Dry,20 - 25  MPH,"Double Yellow Line, No Passing Zone",Clear,No,0,0,7
Yes,20.0,No,Facing Traffic,B: Suspected Minor Injury,Male,None - Rural Crash,Wilson,No,Thursday,Head-On,5.0,June,Head-On - Bicyclist,2012,53.0,No,O: No Injury,Male,Van,No,35.66194376,-77.78714749,Dry,40 - 45  MPH,No Control Present,Clear,No,0,0,6
No,30.0,No,With Traffic,O: No Injury,Male,Cornelius,Mecklenburg,No,Sunday,Loss of Control / Turning Error,12.0,June,Bicyclist Lost Control - Mechanical Problems,2012,62.0,No,O: No Injury,Male,Passenger Car,No,35.47189199,-80.89170646,Dry,30 - 35  MPH,Stop Sign,Clear,No,0,0,6
Yes,19.0,No,With Traffic,B: Suspected Minor Injury,Male,Raleigh,Wake,No,Friday,Bicyclist Failed to Yield - Signalized Intersection,21.0,June,Bicyclist Ride Through - Signalized Intersection,2012,54.0,No,C: Possible Injury,Male,Pickup,No,35.73119539,-78.62743041,"Water (Standing, Moving)",40 - 45  MPH,Stop And Go Signal,Rain,No,0,0,6
Yes,24.0,No,Facing Traffic,C: Possible Injury,Male,Raleigh,Wake,No,Wednesday,Motorist Failed to Yield - Signalized Intersection,18.0,June,Motorist Drive Out - Right Turn on Red,2012,59.0,No,O: No Injury,Male,Pickup,No,35.77516103,-78.65666916,Dry,5 - 15 MPH,Stop And Go Signal,Clear,No,0,0,6
Yes,30.0,No,With Traffic,B: Suspected Minor Injury,Male,Raleigh,Wake,No,Tuesday,Motorist Overtaking Bicyclist,9.0,June,Motorist Overtaking - Other / Unknown,2012,42.03850604944766,Missing,Unknown Injury,Unknown,Unknown,Yes,35.81611943,-78.65714888,Dry,40 - 45  MPH,No Control Present,Clear,No,1,0,6
Yes,49.0,No,With Traffic,K: Killed,Male,Raleigh,Wake,No,Wednesday,Motorist Overtaking Bicyclist,14.0,July,Motorist Overtaking - Misjudged Space,2012,28.0,No,O: No Injury,Male,Tractor/Semi-Trailer,No,35.87629745,-78.53977806,Dry,50 - 55  MPH,No Control Present,Clear,No,0,0,7
No,34.0,No,With Traffic,B: Suspected Minor Injury,Male,None - Rural Crash,Cabarrus,No,Monday,Motorist Overtaking Bicyclist,15.0,July,Motorist Overtaking - Other / Unknown,2012,61.0,No,O: No Injury,Male,Van,No,35.24914298,-80.56938669,Dry,50 - 55  MPH,No Control Present,Clear,No,0,0,7
Yes,27.0,No,Facing Traffic,C: Possible Injury,Male,None - Rural Crash,Harnett,No,Monday,Loss of Control / Turning Error,12.0,July,Motorist Lost Control - Other / Unknown,2012,24.0,No,O: No Injury,Female,Van,No,35.37402949,-78.69888388,Dry,50 - 55  MPH,No Control Present,Clear,No,0,0,7
Yes,57.0,No,With Traffic,C: Possible Injury,Male,None - Rural Crash,Dare,No,Thursday,Loss of Control / Turning Error,9.0,June,Motorist Lost Control - Other / Unknown,2012,33.0,No,O: No Injury,Male,Sport Utility,No,35.35359069,-75.50311106,Dry,50 - 55  MPH,No Control Present,Clear,No,0,0,6
No,5.0,No,With Traffic,C: Possible Injury,Female,Rocky Mount,Edgecombe,No,Sunday,Bicyclist Failed to Yield - Sign-Controlled Intersection,18.0,June,Bicyclist Ride Through - Sign-Controlled Intersection,2012,22.0,No,O: No Injury,Female,Passenger Car,No,35.92692244,-77.78964731,Dry,30 - 35  MPH,Stop Sign,Clear,No,0,0,6
No,17.0,No,With Traffic,Unknown Injury,Male,Waxhaw,Union,No,Tuesday,Motorist Overtaking Bicyclist,16.0,June,Motorist Overtaking - Bicyclist Swerved,2012,25.0,No,C: Possible Injury,Male,Sport Utility,No,34.96157738,-80.74458265,Dry,40 - 45  MPH,"Double Yellow Line, No Passing Zone",Clear,No,0,0,6
No,39.0,No,With Traffic,B: Suspected Minor Injury,Male,Wilmington,New Hanover,No,Friday,Motorist Left Turn / Merge,14.0,June,Motorist Left Turn - Opposite Direction,2012,18.0,No,O: No Injury,Male,Passenger Car,No,34.223284,-77.882174,Dry,Unknown,Stop And Go Signal,Clear,No,0,0,6
Yes,67.0,No,With Traffic,B: Suspected Minor Injury,Male,Goldsboro,Wayne,No,Friday,Bicyclist Left Turn / Merge,9.0,June,Bicyclist Left Turn - Same Direction,2012,26.0,No,O: No Injury,Female,Passenger Car,No,35.39026967,-77.94607578,Dry,30 - 35  MPH,No Control Present,Clear,No,0,0,6
No,8.0,No,With Traffic,B: Suspected Minor Injury,Female,Williamston,Martin,No,Tuesday,Bicyclist Failed to Yield - Sign-Controlled Intersection,15.0,June,Bicyclist Ride Through - Sign-Controlled Intersection,2012,61.0,No,O: No Injury,Female,Passenger Car,No,35.851398,-77.052365,Dry,20 - 25  MPH,Stop Sign,Clear,No,0,0,6
Yes,26.0,No,Facing Traffic,B: Suspected Minor Injury,Female,Wilmington,New Hanover,No,Friday,Motorist Failed to Yield - Midblock,17.0,June,Motorist Drive Out - Commercial Driveway / Alley,2012,42.0,No,O: No Injury,Female,Sport Utility,No,34.23129356,-77.87916568,Dry,5 - 15 MPH,No Control Present,Clear,No,0,0,6
Yes,66.0,Missing,With Traffic,B: Suspected Minor Injury,Male,Charlotte,Mecklenburg,No,Sunday,Bicyclist Failed to Yield - Signalized Intersection,8.0,July,Bicyclist Ride Through - Signalized Intersection,2012,52.0,No,O: No Injury,Male,Passenger Car,No,35.19574827,-80.82717424,Dry,30 - 35  MPH,Stop And Go Signal,Clear,No,0,0,7
Yes,43.0,Missing,Facing Traffic,C: Possible Injury,Male,Charlotte,Mecklenburg,No,Wednesday,Motorist Failed to Yield - Sign-Controlled Intersection,12.0,July,Motorist Drive Out - Sign-Controlled Intersection,2012,33.0,No,O: No Injury,Male,Sport Utility,No,35.21628822,-80.85199763,Dry,30 - 35  MPH,Stop Sign,Cloudy,No,0,0,7
Yes,56.0,No,With Traffic,B: Suspected Minor Injury,Male,Morrisville,Wake,No,Tuesday,Motorist Overtaking Bicyclist,13.0,July,Motorist Overtaking - Other / Unknown,2012,65.0,No,O: No Injury,Male,Activity Bus,No,35.82195849,-78.82866384,Wet,30 - 35  MPH,No Control Present,Rain,No,0,0,7
Yes,45.0,Yes,With Traffic,K: Killed,Female,None - Rural Crash,Washington,Yes,Sunday,Motorist Overtaking Bicyclist,22.0,July,Motorist Overtaking - Bicyclist Swerved,2012,30.0,No,O: No Injury,Male,Pickup,No,35.86332715,-76.74441977,Dry,40 - 45  MPH,"Double Yellow Line, No Passing Zone",Clear,No,0,0,7
Yes,22.0,No,With Traffic,C: Possible Injury,Male,Wilmington,New Hanover,No,Sunday,Motorist Failed to Yield - Sign-Controlled Intersection,17.0,June,Motorist Drive Out - Sign-Controlled Intersection,2012,19.0,No,O: No Injury,Male,Passenger Car,No,34.22995815,-77.87097116,Dry,20 - 25  MPH,Stop Sign,Clear,No,0,0,6
Yes,32.52649525389365,No,With Traffic,B: Suspected Minor Injury,Male,Wrightsville Beach,New Hanover,No,Friday,Bicyclist Overtaking Motorist,7.0,June,Bicyclist Overtaking - Extended Door,2012,47.0,No,O: No Injury,Male,Passenger Car,No,34.18988508,-77.80935127,Dry,20 - 25  MPH,No Control Present,Clear,No,0,1,6
Yes,51.0,No,Facing Traffic,C: Possible Injury,Male,High Point,Guilford,No,Thursday,Motorist Failed to Yield - Sign-Controlled Intersection,20.0,June,Motorist Drive Out - Sign-Controlled Intersection,2012,19.0,No,O: No Injury,Male,Sport Utility,No,35.98403431,-80.01351439,Dry,40 - 45  MPH,Stop Sign,Clear,No,0,0,6
Yes,64.0,No,Facing Traffic,C: Possible Injury,Male,Garner,Wake,No,Friday,Motorist Failed to Yield - Sign-Controlled Intersection,10.0,June,Motorist Drive Out - Sign-Controlled Intersection,2012,21.0,No,O: No Injury,Female,Passenger Car,No,35.67700538,-78.62491565,Dry,30 - 35  MPH,Stop Sign,Clear,No,0,0,6
Yes,44.0,No,With Traffic,A: Suspected Serious Injury,Male,None - Rural Crash,Iredell,No,Saturday,Motorist Overtaking Bicyclist,9.0,July,Motorist Overtaking - Other / Unknown,2012,38.0,No,O: No Injury,Male,Passenger Car,No,35.84294412,-80.88630439,Dry,50 - 55  MPH,"Double Yellow Line, No Passing Zone",Clear,No,0,0,7
Yes,51.0,No,With Traffic,C: Possible Injury,Male,Indian Trail,Union,No,Monday,Motorist Left Turn / Merge,21.0,July,Motorist Left Turn - Opposite Direction,2012,60.0,No,O: No Injury,Male,Pickup,No,35.06807462,-80.67879913,Dry,40 - 45  MPH,Stop And Go Signal,Clear,No,0,0,7
Yes,62.0,No,With Traffic,B: Suspected Minor Injury,Male,Durham,Durham,No,Sunday,Motorist Left Turn / Merge,17.0,July,Motorist Left Turn - Opposite Direction,2012,88.0,No,O: No Injury,Female,Passenger Car,No,36.01722986,-78.92161292,Dry,30 - 35  MPH,Stop And Go Signal,Clear,No,0,0,7
Yes,43.0,No,With Traffic,B: Suspected Minor Injury,Female,None - Rural Crash,Onslow,No,Sunday,Motorist Failed to Yield - Sign-Controlled Intersection,10.0,July,Motorist Drive Out - Sign-Controlled Intersection,2012,58.0,No,O: No Injury,Male,Sport Utility,No,34.71749924,-77.32033986,"Water (Standing, Moving)",40 - 45  MPH,Stop Sign,Clear,No,0,0,7
Yes,6.0,No,Not Applicable,C: Possible Injury,Male,Charlotte,Mecklenburg,No,Sunday,Bicyclist Failed to Yield - Midblock,20.0,July,Bicyclist Ride Out - Commercial Driveway / Alley,2012,18.0,No,O: No Injury,Female,Passenger Car,No,35.2586072,-80.80448137,Dry,20 - 25  MPH,No Control Present,Clear,No,0,0,7
Yes,11.0,No,Not Applicable,B: Suspected Minor Injury,Male,Gastonia,Gaston,No,Sunday,Bicyclist Failed to Yield - Signalized Intersection,14.0,June,Bicyclist Ride Out - Signalized  Intersection,2012,27.0,No,C: Possible Injury,Female,Passenger Car,No,35.263434,-81.199847,Dry,30 - 35  MPH,Stop And Go Signal,Clear,No,0,0,6
Yes,30.0,No,Unknown,B: Suspected Minor Injury,Male,Beaufort,Carteret,No,Monday,Parallel Paths - Other Circumstances,15.0,July,Bicyclist Ride Out - Parallel Path,2012,27.0,No,O: No Injury,Male,Sport Utility,No,34.721917,-76.662032,Dry,20 - 25  MPH,Stop Sign,Clear,No,0,0,7
Yes,12.0,No,With Traffic,C: Possible Injury,Female,Gastonia,Gaston,No,Thursday,Bicyclist Left Turn / Merge,16.0,June,Bicyclist Left Turn - Same Direction,2012,42.03850604944766,Missing,Unknown Injury,Unknown,Unknown,Yes,35.25401319,-81.17642742,Dry,30 - 35  MPH,No Control Present,Clear,No,1,0,6
No,6.0,No,With Traffic,O: No Injury,Male,Farmville,Pitt,No,Tuesday,Bicyclist Failed to Yield - Sign-Controlled Intersection,16.0,July,Bicyclist Ride Through - Sign-Controlled Intersection,2012,71.0,No,O: No Injury,Female,Passenger Car,No,35.589129,-77.592847,Dry,30 - 35  MPH,Stop Sign,Clear,No,0,0,7