AmbulanceR,BikeAge,BikeAlcFlg,BikeDir,BikeInjury,BikeSex,City,County,CrashAlcoh,CrashDay,CrashGrp,CrashHour,CrashMonth,CrashType,CrashYear,DrvrAge,DrvrAlcFlg,DrvrInjury,DrvrSex,DrvrVehTyp,HitRun,Latitude,Longitude,RdConditio,SpeedLimit,TraffCntrl,Weather,Workzone,DrvrAgeImputedFlag,BikeAgeImputedFlag,MonthCode
Yes,51.0,No,With Traffic,B: Suspected Minor Injury,Male,None - Rural Crash,Wilson,No,Monday,Motorist Overtaking Bicyclist,8.0,July,Motorist Overtaking - Misjudged Space,2012,64.0,No,O: No Injury,Male,Pickup,No,35.66791886,-77.91534782,Dry,50 - 55  MPH,No Control Present,Cloudy,No,0,0,7
Yes,23.0,No,With Traffic,C: Possible Injury,Male,Mount Holly,Gaston,No,Thursday,Motorist Right Turn / Merge,11.0,June,Motorist Right Turn - Same Direction,2012,35.0,No,O: No Injury,Male,Pickup,No,35.29714797,-81.01266918,Dry,30 - 35  MPH,Stop And Go Signal,Clear,No,0,0,6
Yes,14.0,No,Facing Traffic,B: Suspected Minor Injury,Male,Spindale,Rutherford,No,Saturday,Parallel Paths - Other Circumstances,17.0,June,Bicyclist Ride Out - Parallel Path,2012,52.0,No,O: No Injury,Female,Passenger Car,No,35.349151,-81.917844,Dry,30 - 35  MPH,Stop And Go Signal,Clear,No,0,0,6
Yes,14.0,No,With Traffic,B: Suspected Minor Injury,Male,None - Rural Crash,Pitt,No,Monday,Bicyclist Left Turn / Merge,21.0,July,Bicyclist Left Turn - Same Direction,2012,24.0,No,O: No Injury,Female,Van,No,35.568639,-77.186242,Dry,40 - 45  MPH,"Double Yellow Line, No Passing Zone",Clear,No,0,0,7
Yes,6.0,No,Facing Traffic,C: Possible Injury,Male,None - Rural Crash,Vance,No,Sunday,Bicyclist Failed to Yield - Sign-Controlled Intersection,20.0,July,Bicyclist Ride Through - Sign-Controlled Intersection,2012,21.0,No,O: No Injury,Male,Pickup,No,36.33938045,-78.3893295,Dry,50 - 55  MPH,Stop Sign,Clear,No,0,0,7
Yes,20.0,No,With Traffic,C: Possible Injury,Male,None - Rural Crash,Greene,No,Tuesday,Motorist Overtaking Bicyclist,17.0,July,Motorist Overtaking - Bicyclist Swerved,2012,28.0,No,O: No Injury,Male,Passenger Car,No,35.43973913,-77.65695068,Dry,40 - 45  MPH,No Control Present,Clear,No,0,0,7
No,47.0,No,Not Applicable,C: Possible Injury,Male,Kernersville,Forsyth,No,Sunday,Non-Roadway,12.0,July,Non-Roadway,2012,62.0,No,O: No Injury,Female,Van,No,36.11845576,-80.08589683,Dry,5 - 15 MPH,No Control Present,Clear,No,0,0,7
Yes,28.0,Yes,With Traffic,B: Suspected Minor Injury,Male,Durham,Durham,Yes,Sunday,Loss of Control / Turning Error,11.0,July,Bicyclist Turning Error - Right Turn,2012,37.0,No,O: No Injury,Male,Sport Utility,No,35.9906496,-78.8705931,Dry,30 - 35  MPH,Stop Sign,Clear,No,0,0,7
No,46.0,No,With Traffic,B: Suspected Minor Injury,Male,Kings Mountain,Cleveland,No,Sunday,Motorist Overtaking Bicyclist,9.0,June,Motorist Overtaking - Other / Unknown,2012,83.0,No,O: No Injury,Female,Passenger Car,No,35.252303,-81.33474,Dry,20 - 25  MPH,Stop Sign,Clear,No,0,0,6
No,18.0,No,Facing Traffic,C: Possible Injury,Male,Asheville,Buncombe,No,Thursday,Loss of Control / Turning Error,13.0,June,Motorist Lost Control - Other / Unknown,2012,42.03850604944766,Unknown,Unknown Injury,Unknown,Passenger Car,Yes,35.58738867,-82.58683289,Dry,30 - 35  MPH,No Control Present,Clear,No,1,0,6
Yes,32.0,No,With Traffic,A: Suspected Serious Injury,Male,Asheville,Buncombe,No,Thursday,Motorist Overtaking Bicyclist,21.0,June,Motorist Overtaking - Other / Unknown,2012,18.0,Unknown,O: No Injury,Male,Passenger Car,No,35.44607319,-82.53292229,Dry,40 - 45  MPH,No Control Present,Clear,No,0,0,6
No,58.0,No,With Traffic,O: No Injury,Male,Wilmington,New Hanover,No,Monday,Bicyclist Left Turn / Merge,9.0,July,Bicyclist Left Turn - Opposite Direction,2012,22.0,No,O: No Injury,Male,Passenger Car,No,34.24254637,-77.89197891,Dry,30 - 35  MPH,No Control Present,Clear,No,0,0,7
Yes,10.0,No,Unknown,B: Suspected Minor Injury,Female,None - Rural Crash,Hoke,No,Tuesday,Motorist Failed to Yield - Sign-Controlled Intersection,15.0,July,Motorist Drive Out - Sign-Controlled Intersection,2012,18.0,No,O: No Injury,Male,Pickup,No,35.04901425,-79.43490354,Dry,40 - 45  MPH,"Double Yellow Line, No Passing Zone",Clear,No,0,0,7
No,8.0,No,Facing Traffic,C: Possible Injury,Female,None - Rural Crash,Caldwell,No,Tuesday,Bicyclist Failed to Yield - Sign-Controlled Intersection,10.0,July,Bicyclist Ride Through - Sign-Controlled Intersection,2012,70.0,No,O: No Injury,Female,Pickup,No,35.85406108,-81.53610939,Dry,20 - 25  MPH,Stop Sign,Cloudy,No,0,0,7
Yes,41.0,Unknown,With Traffic,B: Suspected Minor Injury,Male,None - Rural Crash,Mecklenburg,No,Friday,Motorist Overtaking Bicyclist,5.0,July,Motorist Overtaking - Other / Unknown,2012,63.0,No,O: No Injury,Male,Passenger Car,No,35.23639328,-80.83062157,Dry,30 - 35  MPH,No Control Present,Clear,No,0,0,7
Yes,79.0,No,With Traffic,K: Killed,Male,None - Rural Crash,Stokes,No,Friday,Motorist Overtaking Bicyclist,8.0,June,Motorist Overtaking - Other / Unknown,2012,58.0,No,O: No Injury,Male,Pickup,No,36.36226708,-80.42666747,Dry,50 - 55  MPH,"Double Yellow Line, No Passing Zone",Clear,No,0,0,6
Yes,29.0,No,Facing Traffic,C: Possible Injury,Male,Kitty Hawk,Dare,No,Thursday,Motorist Failed to Yield - Midblock,11.0,June,Motorist Drive Out - Commercial Driveway / Alley,2012,21.0,No,O: No Injury,Male,Pickup,No,36.06598193,-75.69333294,Dry,50 - 55  MPH,No Control Present,Clear,No,0,0,6
Yes,61.0,Yes,With Traffic,B: Suspected Minor Injury,Male,Apex,Wake,Yes,Friday,Motorist Failed to Yield - Midblock,20.0,July,Motorist Drive Out - Commercial Driveway / Alley,2012,39.0,No,O: No Injury,Male,Pickup,No,35.73620987,-78.86654269,Wet,40 - 45  MPH,Stop Sign,Cloudy,No,0,0,7
No,20.0,No,Facing Traffic,C: Possible Injury,Male,Gastonia,Gaston,No,Tuesday,Motorist Failed to Yield - Midblock,14.0,July,Motorist Drive Out - Commercial Driveway / Alley,2012,42.03850604944766,Missing,Unknown Injury,Unknown,Unknown,Yes,35.26011535,-81.12950977,Dry,Unknown,Stop Sign,Clear,No,1,0,7
Yes,35.0,No,With Traffic,C: Possible Injury,Male,Gastonia,Gaston,No,Thursday,Crossing Paths - Other Circumstances,17.0,July,Signalized Intersection - Other / Unknown,2012,55.0,No,O: No Injury,Female,Sport Utility,No,35.2605594,-81.2085051,Dry,30 - 35  MPH,Stop And Go Signal,Clear,No,0,0,7
Yes,62.0,No,With Traffic,C: Possible Injury,Female,None - Rural Crash,Alleghany,No,Monday,Motorist Overtaking Bicyclist,8.0,July,Motorist Overtaking - Other / Unknown,2012,37.0,No,O: No Injury,Male,Pickup,No,36.55505369,-80.91531748,Dry,50 - 55  MPH,"Double Yellow Line, No Passing Zone",Clear,No,0,0,7
Yes,44.0,Yes,With Traffic,B: Suspected Minor Injury,Male,Tobaccoville,Forsyth,Yes,Monday,Motorist Overtaking Bicyclist,20.0,July,Motorist Overtaking - Bicyclist Swerved,2012,29.0,No,O: No Injury,Male,Pickup,No,36.23396174,-80.38053196,Dry,40 - 45  MPH,"Double Yellow Line, No Passing Zone",Clear,No,0,0,7
No,36.0,No,Not Applicable,C: Possible Injury,Male,Henderson,Vance,No,Monday,Bicyclist Failed to Yield - Midblock,17.0,June,Bicyclist Ride Out - Other Midblock,2012,23.0,No,O: No Injury,Male,Passenger Car,No,36.33258993,-78.40223031,Dry,30 - 35  MPH,No Control Present,Clear,No,0,0,6
Yes,32.0,No,With Traffic,B: Suspected Minor Injury,Male,Greenville,Pitt,No,Monday,Crossing Paths - Other Circumstances,22.0,July,Signalized Intersection - Other / Unknown,2012,25.0,No,O: No Injury,Male,Passenger Car,No,35.58580576,-77.37058327,Wet,40 - 45  MPH,Stop And Go Signal,Cloudy,No,0,0,7
Yes,25.0,No,Facing Traffic,B: Suspected Minor Injury,Male,Mooresville,Iredell,No,Tuesday,Motorist Failed to Yield - Midblock,17.0,July,Motorist Drive Out - Commercial Driveway / Alley,2012,47.0,No,O: No Injury,Male,Pickup,No,35.58865712,-80.82687707,Dry,40 - 45  MPH,Stop Sign,Clear,No,0,0,7
No,20.0,No,Facing Traffic,B: Suspected Minor Injury,Female,Nags Head,Dare,No,Friday,Motorist Failed to Yield - Signalized Intersection,12.0,June,Motorist Drive Out - Right Turn on Red,2012,57.0,No,O: No Injury,Male,Passenger Car,No,35.92932493,-75.61058108,Dry,50 - 55  MPH,Stop And Go Signal,Clear,No,0,0,6
Yes,58.0,No,With Traffic,B: Suspected Minor Injury,Male,Pine Knoll Shores,Carteret,No,Tuesday,Motorist Left Turn / Merge,7.0,July,Motorist Left Turn - Opposite Direction,2012,61.0,No,O: No Injury,Male,Pickup,No,34.69525798,-76.821813,Dry,40 - 45  MPH,Stop And Go Signal,Clear,No,0,0,7
Yes,15.0,No,With Traffic,B: Suspected Minor Injury,Male,Goldsboro,Wayne,No,Thursday,Bicyclist Failed to Yield - Sign-Controlled Intersection,20.0,July,Bicyclist Ride Out - Sign-Controlled Intersection,2012,73.0,No,O: No Injury,Female,Passenger Car,No,35.3802999,-77.97223397,Wet,20 - 25  MPH,Stop Sign,Cloudy,No,0,0,7
Yes,63.0,No,With Traffic,B: Suspected Minor Injury,Male,Wilmington,New Hanover,No,Sunday,Motorist Failed to Yield - Sign-Controlled Intersection,6.0,July,Motorist Drive Out - Sign-Controlled Intersection,2012,49.0,No,O: No Injury,Female,Passenger Car,No,34.243336,-77.896844,Dry,30 - 35  MPH,Stop Sign,Clear,No,0,0,7
Yes,51.0,No,Not Applicable,B: Suspected Minor Injury,Male,Midland,Cabarrus,No,Tuesday,Motorist Failed to Yield - Midblock,18.0,July,Motorist Drive Out - Residential Driveway,2012,17.0,No,O: No Injury,Female,Passenger Car,No,35.234916,-80.56924055,Dry,40 - 45  MPH,No Control Present,Cloudy,No,0,0,7
Yes,46.0,No,With Traffic,B: Suspected Minor Injury,Male,Weddington,Union,No,Tuesday,Motorist Overtaking Bicyclist,20.0,July,Motorist Overtaking - Other / Unknown,2012,23.0,No,O: No Injury,Male,Passenger Car,No,35.00074023,-80.71868844,Dry,40 - 45  MPH,No Control Present,Clear,Yes,0,0,7
Yes,15.0,No,With Traffic,C: Possible Injury,Male,Cherokee Reservation,Swain,No,Tuesday,Motorist Overtaking Bicyclist,18.0,July,Motorist Overtaking - Bicyclist Swerved,2012,18.0,No,O: No Injury,Female,Passenger Car,No,35.53194527,-83.28508659,Dry,30 - 35  MPH,No Control Present,Clear,No,0,0,7
Yes,26.0,Unknown,Unknown,B: Suspected Minor Injury,Female,None - Rural Crash,Cumberland,No,Friday,Parallel Paths - Other Circumstances,2.0,July,Parallel Paths - Other / Unknown,2012,42.03850604944766,Missing,Unknown Injury,Unknown,Unknown,Yes,35.03585346,-78.83511777,Dry,Unknown,No Control Present,Cloudy,No,1,0,7
No,22.0,No,Facing Traffic,B: Suspected Minor Injury,Male,Durham,Durham,No,Wednesday,Crossing Paths - Other Circumstances,18.0,July,Signalized Intersection - Other / Unknown,2012,37.0,No,O: No Injury,Male,Passenger Car,No,36.04616397,-78.90262664,Dry,30 - 35  MPH,Stop And Go Signal,Clear,No,0,0,7
Yes,7.0,No,Not Applicable,C: Possible Injury,Female,Greenville,Pitt,No,Friday,Non-Roadway,20.0,July,Non-Roadway,2012,42.03850604944766,Missing,Unknown Injury,Unknown,Passenger Car,Yes,35.55516832,-77.41440647,Wet,5 - 15 MPH,No Control Present,Rain,No,1,0,7
Yes,27.0,No,Unknown,Unknown Injury,Male,Charlotte,Mecklenburg,No,Wednesday,Crossing Paths - Other Circumstances,13.0,March,Crossing Paths - Uncontrolled Intersection,2012,42.03850604944766,Missing,O: No Injury,Male,Unknown,Yes,35.19301576,-80.79519641,Dry,30 - 35  MPH,Stop And Go Signal,Clear,No,1,0,3
No,15.0,No,Unknown,C: Possible Injury,Male,Charlotte,Mecklenburg,No,Thursday,Bicyclist Failed to Yield - Midblock,14.0,July,Bicyclist Ride Out - Other Midblock,2012,42.03850604944766,Missing,Unknown Injury,Unknown,Pickup,Yes,35.22795696,-80.72675996,Dry,40 - 45  MPH,No Control Present,Clear,No,1,0,7
Yes,20.0,No,With Traffic,C: Possible Injury,Male,Charlotte,Mecklenburg,No,Thursday,Crossing Paths - Other Circumstances,12.0,June,Crossing Paths - Intersection - Other / Unknown,2012,22.0,No,O: No Injury,Female,Passenger Car,No,35.23227416,-80.8248027,Dry,20 - 25  MPH,No Control Present,Clear,No,0,0,6
No,22.0,No,With Traffic,B: Suspected Minor Injury,Male,Chapel Hill,Orange,No,Tuesday,Motorist Left Turn / Merge,17.0,July,Motorist Left Turn - Opposite Direction,2012,16.0,No,O: No Injury,Male,Pickup,No,35.90884322,-79.05932504,Dry,20 - 25  MPH,No Control Present,Clear,No,0,0,7
Yes,40.0,No,Facing Traffic,C: Possible Injury,Male,Charlotte,Mecklenburg,No,Wednesday,Motorist Failed to Yield - Signalized Intersection,17.0,May,Motorist Drive Out - Signalized Intersection,2012,39.0,No,O: No Injury,Female,Sport Utility,No,35.22118067,-80.8184336,Dry,30 - 35  MPH,Stop And Go Signal,Clear,No,0,0,5
Yes,23.0,No,Facing Traffic,C: Possible Injury,Male,Charlotte,Mecklenburg,No,Tuesday,Crossing Paths - Other Circumstances,14.0,July,Sign-Controlled Intersection - Other / Unknown,2012,70.0,No,O: No Injury,Female,Passenger Car,No,35.2130796,-80.7660726,Dry,20 - 25  MPH,Stop Sign,Clear,No,0,0,7
Yes,28.0,No,With Traffic,A: Suspected Serious Injury,Male,None - Rural Crash,Carteret,No,Wednesday,Bicyclist Failed to Yield - Signalized Intersection,14.0,July,Bicyclist Ride Through - Signalized Intersection,2012,52.0,No,O: No Injury,Female,Sport Utility,No,34.78921453,-76.87609381,Dry,50 - 55  MPH,Stop And Go Signal,Clear,No,0,0,7
Yes,60.0,No,Facing Traffic,C: Possible Injury,Male,Ayden,Pitt,No,Sunday,Backing Vehicle,21.0,June,Backing Vehicle,2012,55.0,No,O: No Injury,Male,Passenger Car,No,35.46561108,-77.42048707,Dry,20 - 25  MPH,No Control Present,Clear,No,0,0,6
Yes,16.0,No,Facing Traffic,B: Suspected Minor Injury,Male,Jacksonville,Onslow,No,Sunday,Bicyclist Failed to Yield - Signalized Intersection,15.0,July,Bicyclist Ride Out - Signalized  Intersection,2012,48.0,No,O: No Injury,Male,Pickup,No,34.7964665,-77.43777359,Dry,40 - 45  MPH,Stop And Go Signal,Clear,No,0,0,7
Yes,20.0,No,Facing Traffic,C: Possible Injury,Female,Mooresville,Iredell,No,Friday,Motorist Failed to Yield - Signalized Intersection,7.0,July,Motorist Drive Out - Signalized Intersection,2012,27.0,No,O: No Injury,Male,Passenger Car,No,35.59141861,-80.84802887,Dry,30 - 35  MPH,Stop And Go Signal,Cloudy,No,0,0,7
Yes,55.0,No,With Traffic,B: Suspected Minor Injury,Male,Surf City,Pender,No,Sunday,Motorist Left Turn / Merge,8.0,July,Motorist Left Turn - Opposite Direction,2012,16.0,No,O: No Injury,Female,Passenger Car,No,34.41971329,-77.55712451,Dry,30 - 35  MPH,No Control Present,Clear,No,0,0,7
Yes,50.0,No,Facing Traffic,C: Possible Injury,Male,Salisbury,Rowan,No,Sunday,Motorist Failed to Yield - Sign-Controlled Intersection,12.0,July,Motorist Drive Out - Sign-Controlled Intersection,2012,48.0,No,O: No Injury,Male,Van,No,35.65889864,-80.46096569,Dry,30 - 35  MPH,No Control Present,Clear,No,0,0,7
Yes,11.0,Missing,Unknown,B: Suspected Minor Injury,Male,Charlotte,Mecklenburg,No,Sunday,Parallel Paths - Other Circumstances,17.0,July,Bicyclist Ride Out - Parallel Path,2012,33.0,No,O: No Injury,Male,Passenger Car,No,35.22468475,-80.71176373,Dry,30 - 35  MPH,No Control Present,Clear,No,0,0,7
Yes,40.0,No,With Traffic,C: Possible Injury,Male,Kill Devil Hills,Dare,No,Sunday,Motorist Failed to Yield - Midblock,8.0,July,Motorist Drive Out - Commercial Driveway / Alley,2012,44.0,No,O: No Injury,Male,Pickup,No,36.00005592,-75.64896591,Wet,30 - 35  MPH,No Control Present,Cloudy,No,0,0,7
Yes,14.0,No,With Traffic,C: Possible Injury,Male,None - Rural Crash,Forsyth,No,Friday,Motorist Overtaking Bicyclist,0.0,July,Motorist Overtaking - Misjudged Space,2012,42.03850604944766,Missing,Unknown Injury,Unknown,Passenger Car,Yes,36.14220896,-80.16022589,Dry,50 - 55  MPH,"Double Yellow Line, No Passing Zone",Clear,No,1,0,7
No,59.0,No,With Traffic,B: Suspected Minor Injury,Male,Wilmington,New Hanover,No,Tuesday,Motorist Left Turn / Merge,7.0,July,Motorist Left Turn - Opposite Direction,2012,41.0,No,O: No Injury,Female,Passenger Car,No,34.19318641,-77.93529855,Dry,20 - 25  MPH,Stop And Go Signal,Clear,No,0,0,7
No,25.0,No,Facing Traffic,C: Possible Injury,Female,Wilmington,New Hanover,No,Thursday,Motorist Failed to Yield - Midblock,11.0,July,Motorist Drive Out - Other Midblock,2012,24.0,No,O: No Injury,Female,Unknown,Yes,34.23779855,-77.82817233,Dry,Unknown,Stop Sign,Clear,No,0,0,7
No,49.0,Unknown,Facing Traffic,C: Possible Injury,Male,High Point,Guilford,No,Thursday,Motorist Failed to Yield - Midblock,9.0,July,Motorist Drive Out - Commercial Driveway / Alley,2012,47.0,No,O: No Injury,Male,Sport Utility,No,35.95430586,-80.00077695,Dry,Unknown,Stop Sign,Cloudy,No,0,0,7
No,65.0,No,Facing Traffic,O: No Injury,Male,Havelock,Craven,No,Saturday,Motorist Failed to Yield - Midblock,11.0,June,Motorist Drive Out - Commercial Driveway / Alley,2012,26.0,No,O: No Injury,Female,Passenger Car,No,34.86165555,-76.8975971,Dry,40 - 45  MPH,No Control Present,Clear,No,0,0,6
No,15.0,No,With Traffic,O: No Injury,Female,Mooresville,Iredell,No,Friday,Bicyclist Overtaking Motorist,11.0,June,Bicyclist Overtaking - Other / Unknown,2012,67.0,No,O: No Injury,Male,Sport Utility,No,35.5858538,-80.80384633,Dry,30 - 35  MPH,Stop And Go Signal,Clear,No,0,0,6
Yes,13.0,No,Not Applicable,B: Suspected Minor Injury,Male,Oak Island,Brunswick,Yes,Tuesday,Crossing Paths - Other Circumstances,19.0,June,Crossing Paths - Uncontrolled Intersection,2012,36.0,Yes,O: No Injury,Male,Pickup,Yes,33.90353664,-78.07742311,Dry,20 - 25  MPH,No Control Present,Clear,No,0,0,6
Yes,50.0,No,With Traffic,B: Suspected Minor Injury,Male,Raleigh,Wake,No,Tuesday,Bicyclist Failed to Yield - Signalized Intersection,15.0,July,Bicyclist Ride Through - Signalized Intersection,2012,63.0,No,B: Suspected Minor Injury,Female,Taxicab,No,35.77470553,-78.65668389,Dry,30 - 35  MPH,Stop And Go Signal,Clear,No,0,0,7
Yes,54.0,No,Facing Traffic,C: Possible Injury,Male,Cary,Wake,No,Wednesday,Motorist Failed to Yield - Sign-Controlled Intersection,21.0,July,Motorist Drive Out - Sign-Controlled Intersection,2012,54.0,No,O: No Injury,Male,Pickup,No,35.74077783,-78.77988867,Dry,30 - 35  MPH,Stop Sign,Clear,No,0,0,7
Yes,43.0,No,Unknown,C: Possible Injury,Male,Greenville,Pitt,No,Friday,Bicyclist Failed to Yield - Sign-Controlled Intersection,18.0,July,Bicyclist Ride Through - Sign-Controlled Intersection,2012,22.0,No,O: No Injury,Female,Sport Utility,No,35.6027243,-77.35396256,Dry,40 - 45  MPH,Other,Clear,No,0,0,7
Yes,12.0,No,Unknown,B: Suspected Minor Injury,Male,Alamance,Alamance,No,Wednesday,Bicyclist Failed to Yield - Midblock,22.0,July,Bicyclist Ride Out - Midblock - Unknown,2012,76.0,No,O: No Injury,Male,Passenger Car,No,36.09848876,-79.43437333,Dry,30 - 35  MPH,Stop And Go Signal,Clear,No,0,0,7
Yes,41.0,No,With Traffic,B: Suspected Minor Injury,Male,Winston-Salem,Forsyth,No,Friday,Motorist Left Turn / Merge,9.0,July,Motorist Left Turn - Opposite Direction,2012,78.0,No,O: No Injury,Female,Passenger Car,No,36.03285133,-80.33707457,Dry,50 - 55  MPH,No Control Present,Cloudy,No,0,0,7
Yes,21.0,Unknown,With Traffic,B: Suspected Minor Injury,Male,Wilmington,New Hanover,No,Thursday,Motorist Failed to Yield - Signalized Intersection,1.0,July,Motorist Drive Through - Signalized Intersection,2012,42.03850604944766,Missing,Unknown Injury,Unknown,Unknown,Yes,34.22592649,-77.92413143,Dry,Unknown,Flashing Stop And Go Signal,Clear,No,1,0,7
Yes,44.0,No,With Traffic,B: Suspected Minor Injury,Female,Stanfield,Stanly,No,Thursday,Bicyclist Left Turn / Merge,3.0,July,Bicyclist Left Turn - Same Direction,2012,42.03850604944766,Missing,Unknown Injury,Unknown,Unknown,Yes,35.23404428,-80.45049757,Dry,40 - 45  MPH,Stop Sign,Clear,No,1,0,7
Yes,48.0,No,With Traffic,C: Possible Injury,Male,Greenville,Pitt,No,Thursday,Motorist Overtaking Bicyclist,18.0,July,Motorist Overtaking - Misjudged Space,2012,46.0,No,O: No Injury,Male,Pickup,No,35.60147523,-77.37554505,Dry,40 - 45  MPH,No Control Present,Clear,No,0,0,7
No,15.0,No,With Traffic,C: Possible Injury,Male,None - Rural Crash,Mitchell,No,Wednesday,Motorist Overtaking Bicyclist,20.0,August,Motorist Overtaking - Other / Unknown,2012,54.0,No,O: No Injury,Female,Passenger Car,Yes,36.10968064,-82.19604277,Dry,40 - 45  MPH,"Double Yellow Line, No Passing Zone",Clear,No,0,0,8
No,36.0,No,With Traffic,C: Possible Injury,Female,None - Rural Crash,Bladen,No,Friday,Loss of Control / Turning Error,21.0,August,Motorist Turning Error - Left Turn,2012,17.0,No,O: No Injury,Male,Passenger Car,No,34.64101238,-78.79256643,Dry,50 - 55  MPH,Stop Sign,Clear,No,0,0,8
Yes,7.0,No,With Traffic,C: Possible Injury,Male,Durham,Durham,No,Sunday,Bicyclist Failed to Yield - Sign-Controlled Intersection,19.0,August,Bicyclist Ride Through - Sign-Controlled Intersection,2012,25.0,No,O: No Injury,Female,Passenger Car,No,35.962533,-78.965412,Dry,20 - 25  MPH,Stop Sign,Clear,No,0,0,8
Yes,17.0,No,Facing Traffic,Unknown Injury,Male,Duck,Dare,No,Thursday,Crossing Paths - Other Circumstances,19.0,July,Crossing Paths - Uncontrolled Intersection,2012,22.0,No,O: No Injury,Male,Passenger Car,No,36.16626623,-75.75394435,Dry,5 - 15 MPH,No Control Present,Clear,No,0,0,7
Yes,40.0,No,With Traffic,C: Possible Injury,Male,Garner,Wake,No,Tuesday,Motorist Right Turn / Merge,8.0,May,Motorist Right Turn - Same Direction,2012,55.0,No,O: No Injury,Female,Passenger Car,No,35.7167527,-78.62384542,Dry,30 - 35  MPH,No Control Present,Cloudy,No,0,0,5
Yes,31.0,No,Facing Traffic,B: Suspected Minor Injury,Male,Rocky Mount,Nash,No,Monday,Crossing Paths - Other Circumstances,8.0,July,Signalized Intersection - Other / Unknown,2012,42.03850604944766,Missing,Unknown Injury,Unknown,Unknown,Yes,35.93300213,-77.81056716,Dry,30 - 35  MPH,Stop And Go Signal,Clear,No,1,0,7
Yes,48.0,No,With Traffic,C: Possible Injury,Female,Rocky Mount,Nash,No,Tuesday,Crossing Paths - Other Circumstances,10.0,July,Signalized Intersection - Other / Unknown,2012,61.0,No,O: No Injury,Female,Passenger Car,No,35.94594515,-77.80069982,Dry,30 - 35  MPH,Stop And Go Signal,Clear,No,0,0,7
No,22.0,No,Facing Traffic,B: Suspected Minor Injury,Female,Kitty Hawk,Dare,No,Friday,Head-On,22.0,July,Head-On - Bicyclist,2012,69.0,No,O: No Injury,Male,Pickup,No,36.09871487,-75.72021952,Dry,5 - 15 MPH,Stop And Go Signal,Clear,No,0,0,7
Yes,48.0,No,Not Applicable,C: Possible Injury,Male,Charlotte,Mecklenburg,No,Sunday,Non-Roadway,16.0,July,Non-Roadway,2012,42.03850604944766,Missing,Unknown Injury,Unknown,Passenger Car,No,35.23001421,-80.81573598,Dry,30 - 35  MPH,No Control Present,Clear,No,1,0,7
Yes,22.0,No,Facing Traffic,B: Suspected Minor Injury,Female,None - Rural Crash,Buncombe,Yes,Friday,Head-On,15.0,August,Head-On - Bicyclist,2012,23.0,Yes,O: No Injury,Female,Sport Utility,No,35.61206995,-82.44165433,Dry,Unknown,No Control Present,Clear,No,0,0,8
No,55.0,No,With Traffic,C: Possible Injury,Male,None - Rural Crash,Catawba,No,Tuesday,Motorist Overtaking Bicyclist,8.0,August,Motorist Overtaking - Other / Unknown,2012,41.0,No,O: No Injury,Female,Passenger Car,No,35.66460902,-81.29266494,Dry,40 - 45  MPH,"Double Yellow Line, No Passing Zone",Cloudy,No,0,0,8
Yes,11.0,No,With Traffic,B: Suspected Minor Injury,Male,Hendersonville,Henderson,No,Sunday,Loss of Control / Turning Error,17.0,July,Bicyclist Lost Control - Mechanical Problems,2012,42.03850604944766,Missing,Unknown Injury,Unknown,Unknown,Yes,35.3290285,-82.47257995,Dry,30 - 35  MPH,No Control Present,Clear,No,1,0,7
Yes,32.52649525389365,No,Facing Traffic,C: Possible Injury,Male,Mooresville,Iredell,No,Wednesday,Motorist Failed to Yield - Midblock,16.0,August,Motorist Drive Out - Commercial Driveway / Alley,2012,39.0,No,O: No Injury,Male,"Light Truck (Mini-Van, Panel)",No,35.5806953,-80.88177567,Dry,40 - 45  MPH,No Control Present,Clear,No,0,1,8
Yes,57.0,No,With Traffic,A: Suspected Serious Injury,Male,None - Rural Crash,Pender,No,Sunday,Motorist Overtaking Bicyclist,15.0,July,Motorist Overtaking - Bicyclist Swerved,2012,43.0,No,O: No Injury,Male,Sport Utility,No,34.501734,-78.056446,Dry,50 - 55  MPH,"Double Yellow Line, No Passing Zone",Clear,No,0,0,7
Yes,31.0,No,With Traffic,C: Possible Injury,Male,Enfield,Halifax,No,Friday,Motorist Overtaking Bicyclist,15.0,July,Motorist Overtaking - Misjudged Space,2012,46.0,Unknown,O: No Injury,Female,Passenger Car,No,36.180733,-77.666116,Dry,20 - 25  MPH,No Control Present,Clear,No,0,0,7
Yes,45.0,Missing,Facing Traffic,B: Suspected Minor Injury,Female,Charlotte,Mecklenburg,No,Monday,Motorist Failed to Yield - Sign-Controlled Intersection,8.0,August,Motorist Drive Out - Sign-Controlled Intersection,2012,65.0,No,O: No Injury,Male,Passenger Car,No,35.15884174,-80.7892892,Dry,40 - 45  MPH,Stop Sign,Clear,No,0,0,8
Yes,12.0,No,With Traffic,C: Possible Injury,Male,None - Rural Crash,Cumberland,No,Sunday,Motorist Overtaking Bicyclist,14.0,August,Motorist Overtaking - Bicyclist Swerved,2012,17.0,No,O: No Injury,Male,Passenger Car,No,34.99552904,-78.96527297,Dry,40 - 45  MPH,"Double Yellow Line, No Passing Zone",Clear,No,0,0,8
Yes,44.0,No,With Traffic,C: Possible Injury,Female,None - Rural Crash,New Hanover,No,Sunday,Motorist Overtaking Bicyclist,17.0,August,Motorist Overtaking - Misjudged Space,2012,42.03850604944766,Missing,Unknown Injury,Unknown,Unknown,Yes,34.12457393,-77.90004505,Dry,50 - 55  MPH,No Control Present,Clear,No,1,0,8