AmbulanceR,BikeAge,BikeAlcFlg,BikeDir,BikeInjury,BikeSex,City,County,CrashAlcoh,CrashDay,CrashGrp,CrashHour,CrashMonth,CrashType,CrashYear,DrvrAge,DrvrAlcFlg,DrvrInjury,DrvrSex,DrvrVehTyp,HitRun,Latitude,Longitude,RdConditio,SpeedLimit,TraffCntrl,Weather,Workzone,DrvrAgeImputedFlag,BikeAgeImputedFlag,MonthCode
No,17.0,No,With Traffic,C: Possible Injury,Male,None - Rural Crash,Rockingham,No,Wednesday,Bicyclist Left Turn / Merge,6.0,August,Bicyclist Left Turn - Same Direction,2012,42.03850604944766,Unknown,Unknown Injury,Unknown,Passenger Car,Yes,36.49642755,-79.7928868,Dry,40 - 45  MPH,"Double Yellow Line, No Passing Zone",Clear,No,1,0,8
Yes,58.0,No,With Traffic,B: Suspected Minor Injury,Male,Hendersonville,Henderson,No,Thursday,Bicyclist Failed to Yield - Sign-Controlled Intersection,23.0,July,Bicyclist Ride Through - Sign-Controlled Intersection,2012,19.0,No,O: No Injury,Male,Sport Utility,No,35.31910711,-82.47216115,Dry,20 - 25  MPH,Stop Sign,Clear,No,0,0,7
Yes,23.0,No,Facing Traffic,C: Possible Injury,Male,Greenville,Pitt,No,Friday,Motorist Failed to Yield - Midblock,16.0,August,Motorist Drive Out - Commercial Driveway / Alley,2012,27.0,No,O: No Injury,Male,Passenger Car,No,35.59119864,-77.37869149,Dry,5 - 15 MPH,No Control Present,Cloudy,No,0,0,8
Yes,51.0,No,With Traffic,C: Possible Injury,Male,High Point,Guilford,No,Monday,Motorist Failed to Yield - Sign-Controlled Intersection,17.0,July,Motorist Drive Out - Sign-Controlled Intersection,2012,30.0,No,O: No Injury,Female,Passenger Car,No,35.96441984,-80.01155858,Dry,30 - 35  MPH,Stop Sign,Clear,No,0,0,7
Yes,51.0,No,With Traffic,B: Suspected Minor Injury,Male,None - Rural Crash,Iredell,No,Sunday,Motorist Overtaking Bicyclist,12.0,August,Motorist Overtaking - Other / Unknown,2012,85.0,No,O: No Injury,Male,Passenger Car,No,35.78908181,-81.00879521,Dry,50 - 55  MPH,"Double Yellow Line, No Passing Zone",Clear,No,0,0,8
Yes,46.0,Unknown,Not Applicable,K: Killed,Male,None - Rural Crash,Onslow,No,Thursday,Bicyclist Failed to Yield - Midblock,18.0,August,Bicyclist Ride Out - Commercial Driveway / Alley,2012,39.0,No,O: No Injury,Female,Pickup,No,34.71830646,-77.32033731,Dry,40 - 45  MPH,Stop Sign,Clear,No,0,0,8
Yes,32.52649525389365,Missing,With Traffic,Unknown Injury,Unknown,Fayetteville,Cumberland,No,Monday,Bicyclist Failed to Yield - Sign-Controlled Intersection,15.0,July,Bicyclist Ride Out - Sign-Controlled Intersection,2012,60.0,No,O: No Injury,Female,Passenger Car,No,35.041604,-78.849103,Dry,30 - 35  MPH,Stop Sign,Clear,No,0,1,7
Yes,46.0,Yes,With Traffic,B: Suspected Minor Injury,Male,Laurinburg,Scotland,Yes,Monday,Bicyclist Overtaking Motorist,15.0,August,Bicyclist Overtaking - Parked Vehicle,2012,42.03850604944766,Missing,Unknown Injury,Unknown,Passenger Car,No,34.77184332,-79.45142832,Dry,Unknown,No Control Present,Clear,No,1,0,8
No,19.0,No,With Traffic,C: Possible Injury,Male,Charlotte,Mecklenburg,No,Monday,Parallel Paths - Other Circumstances,20.0,August,Parallel Paths - Other / Unknown,2012,51.0,No,O: No Injury,Male,Sport Utility,No,35.21809752,-80.81444813,Dry,30 - 35  MPH,No Control Present,Clear,No,0,0,8
Yes,9.0,No,With Traffic,B: Suspected Minor Injury,Female,None - Rural Crash,Iredell,No,Monday,Head-On,18.0,August,Head-On - Motorist,2012,42.03850604944766,Unknown,Unknown Injury,Unknown,Motorcycle,Yes,35.78100365,-80.84027104,Dry,30 - 35  MPH,No Control Present,Clear,No,1,0,8
Yes,30.0,No,Facing Traffic,C: Possible Injury,Male,Sanford,Lee,No,Tuesday,Crossing Paths - Other Circumstances,14.0,July,Crossing Paths - Uncontrolled Intersection,2012,69.0,No,O: No Injury,Female,Passenger Car,No,35.47163534,-79.17429378,Dry,30 - 35  MPH,Flashing Signal Without Stop Sign,Clear,No,0,0,7
Yes,65.0,No,Facing Traffic,C: Possible Injury,Male,Sanford,Lee,No,Sunday,Crossing Paths - Other Circumstances,18.0,July,Signalized Intersection - Other / Unknown,2012,42.0,No,O: No Injury,Male,Pickup,No,35.46612808,-79.15904752,Dry,30 - 35  MPH,Stop And Go Signal,Clear,No,0,0,7
Yes,52.0,No,With Traffic,B: Suspected Minor Injury,Male,None - Rural Crash,Iredell,No,Monday,Motorist Overtaking Bicyclist,12.0,August,Motorist Overtaking - Other / Unknown,2012,23.0,No,O: No Injury,Male,Pickup,No,35.55583539,-80.92313147,Dry,40 - 45  MPH,No Control Present,Clear,No,0,0,8
Yes,51.0,Yes,With Traffic,C: Possible Injury,Male,None - Rural Crash,Cumberland,Yes,Monday,Motorist Overtaking Bicyclist,20.0,August,Motorist Overtaking - Other / Unknown,2012,18.0,No,O: No Injury,Male,Pickup,No,34.95008528,-78.75210344,Dry,50 - 55  MPH,"Double Yellow Line, No Passing Zone",Clear,No,0,0,8
Yes,21.0,No,With Traffic,C: Possible Injury,Male,None - Rural Crash,Franklin,No,Tuesday,Motorist Overtaking Bicyclist,10.0,August,Motorist Overtaking - Other / Unknown,2012,19.0,No,O: No Injury,Female,Passenger Car,No,35.99438264,-78.36973219,Dry,50 - 55  MPH,"Double Yellow Line, No Passing Zone",Clear,No,0,0,8
Yes,56.0,No,With Traffic,B: Suspected Minor Injury,Male,Winston-Salem,Forsyth,No,Saturday,Motorist Left Turn / Merge,7.0,July,Motorist Left Turn - Opposite Direction,2012,64.0,No,O: No Injury,Male,Sport Utility,No,36.12310331,-80.33142907,Dry,40 - 45  MPH,Stop And Go Signal,Clear,No,0,0,7
Yes,9.0,No,Not Applicable,C: Possible Injury,Male,None - Rural Crash,Mecklenburg,No,Wednesday,Bicyclist Failed to Yield - Midblock,17.0,August,Bicyclist Ride Out - Other Midblock,2012,22.0,No,O: No Injury,Female,Passenger Car,No,35.29312678,-80.80326659,Dry,20 - 25  MPH,No Control Present,Clear,No,0,0,8
Yes,52.0,No,With Traffic,C: Possible Injury,Male,None - Rural Crash,Henderson,No,Thursday,Motorist Overtaking Bicyclist,9.0,August,Motorist Overtaking - Other / Unknown,2012,55.0,No,O: No Injury,Male,Pickup,No,35.42164251,-82.4992998,Dry,40 - 45  MPH,"Double Yellow Line, No Passing Zone",Clear,No,0,0,8
No,9.0,No,Not Applicable,O: No Injury,Female,None - Rural Crash,Onslow,No,Monday,Non-Roadway,22.0,August,Non-Roadway,2012,42.03850604944766,Missing,Unknown Injury,Unknown,Passenger Car,No,34.67785217,-77.21058942,Dry,5 - 15 MPH,No Control Present,Clear,No,1,0,8
No,25.0,No,Facing Traffic,C: Possible Injury,Male,Havelock,Craven,No,Sunday,Motorist Failed to Yield - Midblock,13.0,July,Motorist Drive Out - Commercial Driveway / Alley,2012,42.0,No,O: No Injury,Male,Passenger Car,No,34.87639394,-76.90369845,Dry,Unknown,No Control Present,Clear,No,0,0,7
Yes,29.0,No,With Traffic,C: Possible Injury,Male,Durham,Durham,No,Thursday,Motorist Left Turn / Merge,14.0,August,Motorist Left Turn - Opposite Direction,2012,48.0,No,O: No Injury,Female,Passenger Car,No,36.01717856,-78.92162937,Dry,30 - 35  MPH,Stop And Go Signal,Clear,No,0,0,8
No,20.0,No,With Traffic,C: Possible Injury,Male,Charlotte,Mecklenburg,No,Friday,Loss of Control / Turning Error,11.0,August,Bicyclist Lost Control - Mechanical Problems,2012,64.0,No,O: No Injury,Male,Pickup,No,35.23598438,-80.7737388,Dry,30 - 35  MPH,Stop Sign,Clear,No,0,0,8
No,49.0,No,Not Applicable,C: Possible Injury,Female,Morrisville,Wake,No,Saturday,Non-Roadway,16.0,August,Non-Roadway,2012,38.0,No,O: No Injury,Male,Sport Utility,No,35.81888543,-78.84644092,Dry,5 - 15 MPH,Stop Sign,Clear,No,0,0,8
No,32.52649525389365,Missing,Not Applicable,Unknown Injury,Unknown,Durham,Durham,No,Wednesday,Non-Roadway,15.0,August,Non-Roadway,2012,34.0,No,O: No Injury,Female,Sport Utility,No,35.9932352,-78.86875125,Dry,5 - 15 MPH,No Control Present,Clear,No,0,1,8
Yes,13.0,No,With Traffic,C: Possible Injury,Male,Greenville,Pitt,No,Friday,Bicyclist Failed to Yield - Sign-Controlled Intersection,22.0,August,Bicyclist Ride Through - Sign-Controlled Intersection,2012,38.0,No,O: No Injury,Male,Police,No,35.609509,-77.39071,Dry,30 - 35  MPH,Stop Sign,Clear,No,0,0,8
Yes,32.0,No,With Traffic,B: Suspected Minor Injury,Female,Wilmington,New Hanover,No,Saturday,Motorist Left Turn / Merge,13.0,August,Motorist Left Turn - Opposite Direction,2012,29.0,No,O: No Injury,Male,Sport Utility,No,34.18458717,-77.93055,Wet,40 - 45  MPH,No Control Present,Rain,No,0,0,8
No,52.0,No,Facing Traffic,C: Possible Injury,Male,High Point,Guilford,No,Monday,Motorist Failed to Yield - Sign-Controlled Intersection,10.0,August,Motorist Drive Out - Sign-Controlled Intersection,2012,22.0,No,O: No Injury,Male,Sport Utility,No,35.99373858,-80.01498912,Dry,40 - 45  MPH,Stop Sign,Clear,No,0,0,8
No,20.0,No,With Traffic,C: Possible Injury,Male,Monroe,Union,No,Friday,Motorist Failed to Yield - Sign-Controlled Intersection,0.0,August,Motorist Drive Out - Sign-Controlled Intersection,2012,56.0,No,O: No Injury,Male,Passenger Car,No,34.98989399,-80.55855067,Wet,20 - 25  MPH,Stop Sign,Cloudy,No,0,0,8
No,20.0,No,With Traffic,O: No Injury,Male,Boone,Watauga,No,Monday,Motorist Right Turn / Merge,13.0,August,Motorist Right Turn - Same Direction,2012,30.0,No,O: No Injury,Male,Passenger Car,No,36.21241281,-81.68075135,Dry,20 - 25  MPH,No Control Present,Clear,No,0,0,8
No,49.0,No,With Traffic,C: Possible Injury,Male,Durham,Durham,No,Sunday,Loss of Control / Turning Error,22.0,August,Motorist Turning Error - Left Turn,2012,42.03850604944766,Missing,Unknown Injury,Unknown,Passenger Car,Yes,35.99432906,-78.87575293,Dry,Unknown,Stop Sign,Clear,No,1,0,8
No,32.52649525389365,Unknown,Facing Traffic,O: No Injury,Male,Greenville,Pitt,No,Monday,Motorist Failed to Yield - Sign-Controlled Intersection,22.0,July,Motorist Drive Out - Sign-Controlled Intersection,2012,74.0,No,O: No Injury,Male,Commercial Bus,No,35.61147497,-77.41467994,Dry,40 - 45  MPH,Stop Sign,Clear,No,0,1,7
No,25.0,No,With Traffic,C: Possible Injury,Male,Asheville,Buncombe,No,Friday,Motorist Failed to Yield - Sign-Controlled Intersection,9.0,August,Motorist Drive Out - Sign-Controlled Intersection,2012,30.0,No,O: No Injury,Male,Passenger Car,No,35.569091,-82.544448,Dry,30 - 35  MPH,Stop Sign,Clear,No,0,0,8
Yes,16.0,No,Not Applicable,B: Suspected Minor Injury,Male,Kernersville,Forsyth,No,Monday,Bicyclist Failed to Yield - Midblock,7.0,August,Bicyclist Ride Out - Commercial Driveway / Alley,2012,18.0,No,O: No Injury,Female,Passenger Car,No,36.1271045,-80.06910769,Dry,20 - 25  MPH,No Control Present,Clear,No,0,0,8
Yes,20.0,Unknown,With Traffic,K: Killed,Male,Kill Devil Hills,Dare,Yes,Tuesday,Motorist Overtaking Bicyclist,1.0,August,Motorist Overtaking - Other / Unknown,2012,23.0,Yes,O: No Injury,Male,Sport Utility,No,35.99873883,-75.64812812,Wet,30 - 35  MPH,No Control Present,Cloudy,No,0,0,8
Yes,14.0,No,Facing Traffic,C: Possible Injury,Male,Nags Head,Dare,No,Thursday,Motorist Failed to Yield - Midblock,21.0,July,Motorist Drive Out - Commercial Driveway / Alley,2012,61.0,No,O: No Injury,Male,Passenger Car,No,35.9776378,-75.63546817,Dry,5 - 15 MPH,No Control Present,Clear,No,0,0,7
Yes,55.0,No,With Traffic,O: No Injury,Male,Salisbury,Rowan,No,Friday,Crossing Paths - Other Circumstances,16.0,August,Crossing Paths - Intersection - Other / Unknown,2012,53.0,No,O: No Injury,Male,Passenger Car,No,35.67276115,-80.47193651,Wet,30 - 35  MPH,Stop Sign,Rain,No,0,0,8
Yes,11.0,No,With Traffic,B: Suspected Minor Injury,Male,Greensboro,Guilford,No,Friday,Bicyclist Failed to Yield - Sign-Controlled Intersection,12.0,August,Bicyclist Ride Through - Sign-Controlled Intersection,2012,56.0,No,O: No Injury,Male,Passenger Car,No,36.043762,-79.80403,Dry,30 - 35  MPH,Stop Sign,Clear,No,0,0,8
Yes,45.0,No,With Traffic,B: Suspected Minor Injury,Male,Hickory,Catawba,No,Saturday,Motorist Right Turn / Merge,17.0,August,Motorist Right Turn - Same Direction,2012,53.0,No,O: No Injury,Male,Pickup,No,35.72361155,-81.33855703,Dry,20 - 25  MPH,Stop And Go Signal,Clear,No,0,0,8
Yes,20.0,No,Facing Traffic,C: Possible Injury,Male,Greensboro,Guilford,No,Wednesday,Motorist Failed to Yield - Signalized Intersection,12.0,August,Motorist Drive Out - Right Turn on Red,2012,22.0,No,O: No Injury,Male,Sport Utility,No,36.07018278,-79.7916446,Dry,20 - 25  MPH,Stop And Go Signal,Cloudy,No,0,0,8
No,49.0,No,With Traffic,O: No Injury,Male,Durham,Durham,No,Friday,Motorist Failed to Yield - Midblock,17.0,August,Motorist Drive Out - Commercial Driveway / Alley,2012,37.0,No,O: No Injury,Male,Passenger Car,No,35.9946639,-78.90092784,Dry,20 - 25  MPH,No Control Present,Clear,No,0,0,8
Yes,49.0,No,Facing Traffic,C: Possible Injury,Male,Wilmington,New Hanover,No,Saturday,Motorist Failed to Yield - Signalized Intersection,13.0,August,Motorist Drive Out - Right Turn on Red,2012,20.0,No,O: No Injury,Male,Passenger Car,No,34.25614636,-77.82588589,Dry,30 - 35  MPH,Stop And Go Signal,Clear,No,0,0,8
No,14.0,No,With Traffic,O: No Injury,Male,Mint Hill,Mecklenburg,No,Friday,Bicyclist Left Turn / Merge,14.0,August,Bicyclist Left Turn - Same Direction,2012,18.0,No,O: No Injury,Male,Pickup,No,35.20284746,-80.6852197,Dry,20 - 25  MPH,No Control Present,Clear,No,0,0,8
No,61.0,No,With Traffic,O: No Injury,Male,Cary,Wake,No,Friday,Motorist Failed to Yield - Sign-Controlled Intersection,13.0,August,Motorist Drive Out - Sign-Controlled Intersection,2012,83.0,No,O: No Injury,Female,Passenger Car,No,35.82800683,-78.91525173,Dry,30 - 35  MPH,Stop Sign,Clear,No,0,0,8
Yes,44.0,Yes,With Traffic,K: Killed,Male,Raleigh,Wake,Yes,Monday,Motorist Overtaking Bicyclist,3.0,August,Motorist Overtaking - Other / Unknown,2012,33.0,No,O: No Injury,Male,"Single Unit Truck (2-Axle, 6-Tire)",No,35.75697916,-78.72170085,Wet,60 - 75 MPH,No Control Present,Cloudy,No,0,0,8
Yes,15.0,No,With Traffic,B: Suspected Minor Injury,Male,Roanoke Rapids,Halifax,No,Thursday,Motorist Left Turn / Merge,20.0,August,Motorist Left Turn - Opposite Direction,2012,17.0,No,O: No Injury,Male,Passenger Car,No,36.4661159,-77.65201128,Dry,20 - 25  MPH,Stop Sign,Clear,No,0,0,8
Yes,10.0,No,With Traffic,C: Possible Injury,Male,Raleigh,Wake,No,Thursday,Crossing Paths - Other Circumstances,15.0,August,Sign-Controlled Intersection - Other / Unknown,2012,34.0,No,O: No Injury,Female,Sport Utility,No,35.77859622,-78.61459213,Dry,20 - 25  MPH,Stop Sign,Clear,No,0,0,8
Yes,25.0,No,With Traffic,C: Possible Injury,Male,Greensboro,Guilford,No,Thursday,Motorist Right Turn / Merge,17.0,August,Motorist Right Turn - Same Direction,2012,20.0,No,O: No Injury,Female,Passenger Car,No,36.06623141,-79.80740874,Dry,20 - 25  MPH,Stop And Go Signal,Clear,No,0,0,8
Yes,21.0,No,Facing Traffic,C: Possible Injury,Male,Greensboro,Guilford,No,Thursday,Motorist Failed to Yield - Signalized Intersection,20.0,August,Motorist Drive Out - Right Turn on Red,2012,25.0,No,O: No Injury,Male,Passenger Car,No,36.05084075,-79.84412988,Dry,40 - 45  MPH,Stop And Go Signal,Clear,No,0,0,8
Yes,10.0,No,Not Applicable,B: Suspected Minor Injury,Male,Ramseur,Randolph,No,Thursday,Bicyclist Failed to Yield - Midblock,17.0,August,Bicyclist Ride Out - Residential Driveway,2012,53.0,No,O: No Injury,Male,Pickup,No,35.77622829,-79.65001205,Dry,50 - 55  MPH,"Double Yellow Line, No Passing Zone",Clear,No,0,0,8
No,35.0,No,Facing Traffic,O: No Injury,Male,Durham,Durham,No,Friday,Motorist Failed to Yield - Midblock,11.0,August,Motorist Drive Out - Commercial Driveway / Alley,2012,51.0,No,O: No Injury,Female,Passenger Car,No,35.96548074,-78.95681205,Dry,5 - 15 MPH,No Control Present,Clear,No,0,0,8
Yes,15.0,No,With Traffic,B: Suspected Minor Injury,Male,Greensboro,Guilford,No,Friday,Parallel Paths - Other Circumstances,10.0,August,Bicyclist Ride Out - Parallel Path,2012,30.0,No,O: No Injury,Male,Pickup,No,36.12157954,-79.76256883,Dry,30 - 35  MPH,No Control Present,Clear,No,0,0,8
Yes,40.0,No,With Traffic,C: Possible Injury,Male,None - Rural Crash,Robeson,No,Friday,Motorist Overtaking Bicyclist,17.0,August,Motorist Overtaking - Other / Unknown,2012,42.03850604944766,Unknown,Unknown Injury,Unknown,Unknown,Yes,34.73176218,-79.23626684,Wet,50 - 55  MPH,No Control Present,Cloudy,No,1,0,8
Yes,32.0,No,Facing Traffic,C: Possible Injury,Male,Greensboro,Guilford,No,Thursday,Crossing Paths - Other Circumstances,21.0,August,Signalized Intersection - Other / Unknown,2012,42.03850604944766,Unknown,O: No Injury,Unknown,Passenger Car,Yes,36.07668901,-79.89773434,Dry,30 - 35  MPH,Stop And Go Signal,Clear,No,1,0,8
Yes,53.0,No,With Traffic,C: Possible Injury,Male,Morehead City,Carteret,No,Friday,Motorist Overtaking Bicyclist,11.0,July,Motorist Overtaking - Other / Unknown,2012,65.0,No,O: No Injury,Male,Pickup,No,34.72091607,-76.69282188,Dry,40 - 45  MPH,No Control Present,Clear,No,0,0,7
Yes,51.0,Yes,With Traffic,C: Possible Injury,Male,None - Rural Crash,Buncombe,Yes,Tuesday,Motorist Overtaking Bicyclist,17.0,August,Motorist Overtaking - Other / Unknown,2012,42.03850604944766,Missing,Unknown Injury,Unknown,Unknown,Yes,35.5868884,-82.56412934,Dry,30 - 35  MPH,No Control Present,Cloudy,No,1,0,8
Yes,6.0,No,Not Applicable,C: Possible Injury,Male,Greensboro,Guilford,No,Monday,Non-Roadway,19.0,May,Non-Roadway,2012,16.0,No,O: No Injury,Female,Passenger Car,No,36.08311359,-79.75210325,Dry,5 - 15 MPH,No Control Present,Clear,No,0,0,5
Yes,43.0,Yes,Not Applicable,A: Suspected Serious Injury,Male,Raleigh,Wake,Yes,Monday,Bicyclist Failed to Yield - Midblock,19.0,August,Bicyclist Ride Out - Other Midblock,2012,28.0,No,O: No Injury,Male,Passenger Car,No,35.78207311,-78.69375541,Dry,30 - 35  MPH,No Control Present,Clear,No,0,0,8
No,35.0,No,Facing Traffic,O: No Injury,Male,Fayetteville,Cumberland,No,Friday,Head-On,23.0,August,Head-On - Bicyclist,2012,42.03850604944766,Missing,Unknown Injury,Unknown,Unknown,Yes,35.01486255,-78.89732056,Dry,30 - 35  MPH,No Control Present,Cloudy,No,1,0,8
No,22.0,No,Not Applicable,O: No Injury,Female,Asheville,Buncombe,No,Friday,Crossing Paths - Other Circumstances,12.0,August,Crossing Paths - Uncontrolled Intersection,2012,62.0,No,B: Suspected Minor Injury,Male,"Single Unit Truck (2-Axle, 6-Tire)",No,35.58335447,-82.52594754,Dry,30 - 35  MPH,Stop And Go Signal,Cloudy,No,0,0,8
No,51.0,No,With Traffic,C: Possible Injury,Male,None - Rural Crash,Dare,No,Monday,Motorist Overtaking Bicyclist,9.0,August,Motorist Overtaking - Other / Unknown,2012,41.0,No,O: No Injury,Male,Pickup,No,35.26595509,-75.52005428,Dry,30 - 35  MPH,"Double Yellow Line, No Passing Zone",Clear,No,0,0,8
No,32.0,No,Facing Traffic,O: No Injury,Male,Charlotte,Mecklenburg,No,Tuesday,Bicyclist Failed to Yield - Signalized Intersection,15.0,August,Bicyclist Ride Through - Signalized Intersection,2012,47.0,No,O: No Injury,Male,Passenger Car,No,35.23050184,-80.84275961,Dry,20 - 25  MPH,Stop And Go Signal,Cloudy,No,0,0,8
Yes,26.0,No,Not Applicable,O: No Injury,Male,Winterville,Pitt,No,Tuesday,Non-Roadway,14.0,August,Non-Roadway,2012,83.0,No,O: No Injury,Female,Passenger Car,No,35.561101,-77.407859,Dry,5 - 15 MPH,No Control Present,Cloudy,No,0,0,8
Yes,52.0,No,With Traffic,B: Suspected Minor Injury,Female,Greensboro,Guilford,No,Sunday,Bicyclist Failed to Yield - Sign-Controlled Intersection,14.0,August,Bicyclist Ride Through - Sign-Controlled Intersection,2012,32.0,No,O: No Injury,Female,Passenger Car,No,36.07411446,-79.83159415,Dry,30 - 35  MPH,Stop Sign,Cloudy,No,0,0,8
No,9.0,No,Unknown,O: No Injury,Male,Wilson,Wilson,No,Friday,Backing Vehicle,17.0,July,Backing Vehicle,2012,42.03850604944766,Missing,Unknown Injury,Unknown,Unknown,Yes,35.71873068,-77.90156264,Dry,30 - 35  MPH,No Control Present,Clear,No,1,0,7
Yes,16.0,No,Facing Traffic,C: Possible Injury,Male,Wilson,Wilson,No,Saturday,Bicyclist Failed to Yield - Signalized Intersection,19.0,July,Bicyclist Ride Out - Signalized  Intersection,2012,66.0,No,O: No Injury,Male,Passenger Car,No,35.75503031,-77.92538665,Dry,40 - 45  MPH,Stop And Go Signal,Clear,No,0,0,7
Yes,76.0,No,With Traffic,B: Suspected Minor Injury,Male,Wilson,Wilson,No,Thursday,Motorist Failed to Yield - Sign-Controlled Intersection,19.0,August,Motorist Drive Out - Sign-Controlled Intersection,2012,17.0,No,O: No Injury,Female,Passenger Car,No,35.74397521,-77.94343016,Dry,30 - 35  MPH,Stop Sign,Clear,No,0,0,8
No,32.52649525389365,Missing,Facing Traffic,Unknown Injury,Unknown,Wilson,Wilson,No,Saturday,Motorist Failed to Yield - Sign-Controlled Intersection,13.0,August,Motorist Drive Out - Sign-Controlled Intersection,2012,69.0,No,O: No Injury,Male,Passenger Car,No,35.71726508,-77.92168152,Dry,30 - 35  MPH,Stop Sign,Clear,No,0,1,8
Yes,27.0,No,With Traffic,C: Possible Injury,Female,Wendell,Wake,No,Wednesday,Backing Vehicle,11.0,August,Backing Vehicle,2012,42.0,No,O: No Injury,Male,Sport Utility,No,35.77011316,-78.36436729,Dry,30 - 35  MPH,Stop Sign,Clear,No,0,0,8
Yes,28.0,No,With Traffic,B: Suspected Minor Injury,Male,Wilson,Wilson,No,Tuesday,Motorist Failed to Yield - Sign-Controlled Intersection,11.0,July,Motorist Drive Out - Sign-Controlled Intersection,2012,43.0,No,O: No Injury,Female,Passenger Car,No,35.72124384,-77.92379505,Dry,5 - 15 MPH,No Control Present,Cloudy,No,0,0,7
Yes,50.0,No,Facing Traffic,B: Suspected Minor Injury,Male,Raleigh,Wake,No,Sunday,Motorist Failed to Yield - Midblock,19.0,August,Motorist Drive Out - Commercial Driveway / Alley,2012,47.0,No,O: No Injury,Male,Sport Utility,No,35.84073751,-78.64292289,Dry,30 - 35  MPH,Stop Sign,Clear,No,0,0,8
Yes,41.0,No,With Traffic,C: Possible Injury,Male,Greensboro,Guilford,No,Tuesday,Motorist Overtaking Bicyclist,16.0,April,Motorist Overtaking - Misjudged Space,2012,42.03850604944766,No,Unknown Injury,Unknown,School Bus,No,36.12518422,-79.76010233,Dry,30 - 35  MPH,No Control Present,Clear,No,1,0,4
No,23.0,No,With Traffic,C: Possible Injury,Female,Durham,Durham,No,Wednesday,Bicyclist Failed to Yield - Sign-Controlled Intersection,9.0,August,Bicyclist Ride Out - Sign-Controlled Intersection,2012,36.0,No,O: No Injury,Male,Sport Utility,No,35.99916609,-78.91011049,Dry,30 - 35  MPH,Stop Sign,Clear,No,0,0,8
No,14.0,No,With Traffic,C: Possible Injury,Male,Burlington,Alamance,No,Wednesday,Bicyclist Failed to Yield - Sign-Controlled Intersection,17.0,August,Bicyclist Ride Out - Sign-Controlled Intersection,2012,42.03850604944766,Missing,Unknown Injury,Unknown,Unknown,Yes,36.07155455,-79.44967884,Dry,30 - 35  MPH,Stop Sign,Clear,No,1,0,8
Yes,20.0,No,Facing Traffic,C: Possible Injury,Female,Raleigh,Wake,No,Friday,Motorist Failed to Yield - Signalized Intersection,8.0,August,Motorist Drive Out - Signalized Intersection,2012,31.0,Missing,O: No Injury,Male,Van,No,35.77510054,-78.65661935,Dry,40 - 45  MPH,Stop And Go Signal,Clear,No,0,0,8
Yes,21.0,No,Unknown,C: Possible Injury,Male,Greensboro,Guilford,No,Monday,Crossing Paths - Other Circumstances,14.0,May,Crossing Paths - Midblock - Other / Unknown,2012,42.03850604944766,Missing,Unknown Injury,Unknown,Passenger Car,Yes,36.01202565,-79.89954108,Dry,30 - 35  MPH,No Control Present,Clear,No,1,0,5
Yes,21.0,No,With Traffic,B: Suspected Minor Injury,Male,Asheville,Buncombe,No,Wednesday,Loss of Control / Turning Error,23.0,August,Bicyclist Lost Control - Other / Unknown,2012,62.0,No,O: No Injury,Male,Sport Utility,No,35.59116848,-82.55897906,Wet,30 - 35  MPH,Stop And Go Signal,Rain,No,0,0,8
Yes,46.0,No,With Traffic,B: Suspected Minor Injury,Male,Raleigh,Wake,No,Tuesday,Bicyclist Left Turn / Merge,23.0,August,Bicyclist Left Turn - Same Direction,2012,42.03850604944766,Missing,Unknown Injury,Unknown,Pickup,Yes,35.756046,-78.631301,Dry,30 - 35  MPH,No Control Present,Clear,No,1,0,8
Yes,21.0,No,With Traffic,B: Suspected Minor Injury,Female,Chapel Hill,Orange,No,Tuesday,Bicyclist Overtaking Motorist,12.0,August,Bicyclist Overtaking - Passing on Right,2012,63.0,No,O: No Injury,Male,Passenger Car,No,35.91221438,-79.05031567,Dry,20 - 25  MPH,Stop Sign,Cloudy,No,0,0,8
Yes,9.0,No,Not Applicable,B: Suspected Minor Injury,Male,Kannapolis,Rowan,No,Sunday,Loss of Control / Turning Error,9.0,August,Bicyclist Lost Control - Mechanical Problems,2012,88.0,No,O: No Injury,Female,Passenger Car,No,35.508676,-80.590129,Dry,40 - 45  MPH,No Control Present,Clear,No,0,0,8
Yes,8.0,No,Not Applicable,B: Suspected Minor Injury,Male,Asheville,Buncombe,No,Sunday,Bicyclist Failed to Yield - Midblock,18.0,August,Bicyclist Ride Out - Other Midblock,2012,63.0,No,O: No Injury,Female,Passenger Car,No,35.62983838,-82.55390177,Dry,20 - 25  MPH,No Control Present,Clear,No,0,0,8
No,14.0,No,Facing Traffic,B: Suspected Minor Injury,Male,Madison,Rockingham,No,Tuesday,Motorist Failed to Yield - Midblock,8.0,July,Motorist Drive Out - Commercial Driveway / Alley,2012,64.0,No,O: No Injury,Male,"Single Unit Truck (2-Axle, 6-Tire)",No,36.39068713,-79.96812002,Dry,30 - 35  MPH,Stop Sign,Cloudy,No,0,0,7
No,47.0,No,With Traffic,C: Possible Injury,Female,Raleigh,Wake,No,Friday,Motorist Overtaking Bicyclist,5.0,August,Motorist Overtaking - Misjudged Space,2012,35.0,No,O: No Injury,Male,Sport Utility,No,35.87319392,-78.68568149,Dry,40 - 45  MPH,No Control Present,Clear,No,0,0,8