AmbulanceR,BikeAge,BikeAlcFlg,BikeDir,BikeInjury,BikeSex,City,County,CrashAlcoh,CrashDay,CrashGrp,CrashHour,CrashMonth,CrashType,CrashYear,DrvrAge,DrvrAlcFlg,DrvrInjury,DrvrSex,DrvrVehTyp,HitRun,Latitude,Longitude,RdConditio,SpeedLimit,TraffCntrl,Weather,Workzone,DrvrAgeImputedFlag,BikeAgeImputedFlag,MonthCode
Yes,16.0,No,With Traffic,B: Suspected Minor Injury,Male,None - Rural Crash,Bertie,No,Monday,Motorist Overtaking Bicyclist,15.0,September,Motorist Overtaking - Bicyclist Swerved,2012,17.0,No,O: No Injury,Male,Passenger Car,No,36.03639981,-76.9621128,Dry,50 - 55  MPH,"Double Yellow Line, No Passing Zone",Clear,No,0,0,9
Yes,10.0,No,With Traffic,B: Suspected Minor Injury,Female,Greensboro,Guilford,No,Sunday,Motorist Failed to Yield - Signalized Intersection,18.0,May,Motorist Drive Out - Right Turn on Red,2012,29.0,No,O: No Injury,Female,Passenger Car,No,36.13820783,-79.84732584,Dry,30 - 35  MPH,Stop And Go Signal,Clear,No,0,0,5
Yes,35.0,No,With Traffic,B: Suspected Minor Injury,Male,Wilmington,New Hanover,No,Monday,Bicyclist Left Turn / Merge,18.0,August,Bicyclist Left Turn - Opposite Direction,2012,42.03850604944766,Missing,Unknown Injury,Unknown,Unknown,Yes,34.23571476,-77.90436043,Dry,30 - 35  MPH,No Control Present,Clear,No,1,0,8
No,45.0,No,With Traffic,O: No Injury,Male,None - Rural Crash,Alamance,No,Sunday,Motorist Overtaking Bicyclist,10.0,August,Motorist Overtaking - Misjudged Space,2012,25.0,Unknown,C: Possible Injury,Male,Passenger Car,Yes,35.95519036,-79.29155306,Dry,50 - 55  MPH,No Control Present,Clear,No,0,0,8
Yes,12.0,No,Facing Traffic,B: Suspected Minor Injury,Female,Greensboro,Guilford,No,Wednesday,Bicyclist Failed to Yield - Signalized Intersection,21.0,September,Bicyclist Ride Through - Signalized Intersection,2012,20.0,No,O: No Injury,Male,Sport Utility,No,36.05206,-79.826177,Dry,30 - 35  MPH,Stop And Go Signal,Clear,No,0,0,9
Yes,43.0,Yes,With Traffic,B: Suspected Minor Injury,Male,None - Rural Crash,Gaston,Yes,Wednesday,Motorist Overtaking Bicyclist,21.0,September,Motorist Overtaking - Other / Unknown,2012,23.0,No,O: No Injury,Female,Passenger Car,No,35.31234813,-81.20607426,Dry,40 - 45  MPH,"Double Yellow Line, No Passing Zone",Clear,No,0,0,9
Yes,19.0,No,With Traffic,C: Possible Injury,Female,Asheville,Buncombe,No,Wednesday,Crossing Paths - Other Circumstances,12.0,August,Signalized Intersection - Other / Unknown,2012,79.0,No,O: No Injury,Male,Passenger Car,No,35.59108951,-82.55892804,Dry,20 - 25  MPH,Stop And Go Signal,Cloudy,No,0,0,8
No,32.52649525389365,Missing,Facing Traffic,Unknown Injury,Unknown,Greenville,Pitt,No,Thursday,Crossing Paths - Other Circumstances,16.0,August,Signalized Intersection - Other / Unknown,2012,22.0,No,O: No Injury,Female,Sport Utility,No,35.61575629,-77.37515803,Dry,20 - 25  MPH,Stop And Go Signal,Clear,No,0,1,8
Yes,12.0,No,With Traffic,C: Possible Injury,Male,Southern Pines,Moore,No,Sunday,Bicyclist Failed to Yield - Sign-Controlled Intersection,14.0,August,Bicyclist Ride Through - Sign-Controlled Intersection,2012,86.0,No,O: No Injury,Female,Passenger Car,No,35.17663064,-79.39045052,Wet,30 - 35  MPH,Stop Sign,Rain,No,0,0,8
Yes,23.0,No,With Traffic,C: Possible Injury,Male,Goldsboro,Wayne,No,Wednesday,Bicyclist Failed to Yield - Signalized Intersection,12.0,August,Bicyclist Ride Through - Signalized Intersection,2012,60.0,No,O: No Injury,Female,Passenger Car,No,35.39814777,-77.96199917,Dry,30 - 35  MPH,Stop And Go Signal,Clear,No,0,0,8
Yes,18.0,No,With Traffic,C: Possible Injury,Male,Winterville,Pitt,No,Monday,Motorist Overtaking Bicyclist,21.0,July,Motorist Overtaking - Other / Unknown,2012,42.03850604944766,Missing,Unknown Injury,Unknown,Unknown,Yes,35.5107564,-77.40943755,Dry,50 - 55  MPH,No Control Present,Clear,No,1,0,7
Yes,7.0,No,Unknown,B: Suspected Minor Injury,Female,Rocky Mount,Nash,No,Tuesday,Bicyclist Failed to Yield - Midblock,18.0,March,Bicyclist Ride Out - Midblock - Unknown,2012,19.0,No,O: No Injury,Male,Passenger Car,No,35.91357398,-77.81517743,Dry,30 - 35  MPH,No Control Present,Cloudy,No,0,0,3
Yes,14.0,No,With Traffic,B: Suspected Minor Injury,Male,Rocky Mount,Nash,No,Wednesday,Bicyclist Failed to Yield - Sign-Controlled Intersection,19.0,August,Bicyclist Ride Through - Sign-Controlled Intersection,2012,58.0,No,O: No Injury,Male,Truck/Trailer,No,35.9489888,-77.81782057,Dry,30 - 35  MPH,Stop Sign,Clear,No,0,0,8
No,24.0,No,With Traffic,O: No Injury,Male,None - Rural Crash,Watauga,No,Wednesday,Bicyclist Left Turn / Merge,18.0,September,Bicyclist Left Turn - Same Direction,2012,20.0,No,O: No Injury,Male,Sport Utility,No,36.21399916,-81.7106057,Dry,50 - 55  MPH,"Double Yellow Line, No Passing Zone",Clear,No,0,0,9
No,17.0,No,With Traffic,C: Possible Injury,Female,Rocky Mount,Edgecombe,No,Tuesday,Crossing Paths - Other Circumstances,9.0,August,Signalized Intersection - Other / Unknown,2012,20.0,No,O: No Injury,Female,Passenger Car,No,35.93216867,-77.79071955,Dry,30 - 35  MPH,Stop And Go Signal,Clear,No,0,0,8
No,33.0,No,Not Applicable,O: No Injury,Female,Rocky Mount,Edgecombe,No,Friday,Bicyclist Failed to Yield - Sign-Controlled Intersection,17.0,August,Bicyclist Ride Through - Sign-Controlled Intersection,2012,20.0,No,O: No Injury,Female,Passenger Car,No,35.92680018,-77.78820161,Dry,30 - 35  MPH,No Control Present,Clear,No,0,0,8
Yes,17.0,No,Facing Traffic,B: Suspected Minor Injury,Male,Rocky Mount,Nash,No,Saturday,Bicyclist Failed to Yield - Sign-Controlled Intersection,12.0,August,Bicyclist Ride Through - Sign-Controlled Intersection,2012,73.0,No,O: No Injury,Female,Passenger Car,No,35.94470257,-77.8040598,Wet,30 - 35  MPH,No Control Present,Cloudy,No,0,0,8
Yes,14.0,No,Not Applicable,B: Suspected Minor Injury,Male,Rocky Mount,Nash,No,Wednesday,Motorist Left Turn / Merge,12.0,August,Motorist Left Turn - Opposite Direction,2012,39.0,No,O: No Injury,Male,Passenger Car,No,35.931963,-77.811798,Dry,30 - 35  MPH,Stop Sign,Clear,No,0,0,8
No,5.0,No,With Traffic,Unknown Injury,Male,Laurinburg,Scotland,No,Saturday,Motorist Overtaking Bicyclist,18.0,August,Motorist Overtaking - Other / Unknown,2012,59.0,No,C: Possible Injury,Female,Passenger Car,No,34.76709949,-79.46236339,Dry,30 - 35  MPH,No Control Present,Clear,No,0,0,8
Yes,46.0,No,With Traffic,B: Suspected Minor Injury,Female,Marvin,Union,No,Friday,Loss of Control / Turning Error,18.0,September,Bicyclist Lost Control - Other / Unknown,2012,39.0,No,O: No Injury,Female,Pickup,No,35.00816543,-80.82494888,Dry,40 - 45  MPH,"Double Yellow Line, No Passing Zone",Clear,No,0,0,9
Yes,27.0,No,With Traffic,B: Suspected Minor Injury,Female,None - Rural Crash,Moore,No,Friday,Motorist Overtaking Bicyclist,6.0,August,Motorist Overtaking - Misjudged Space,2012,42.03850604944766,Missing,Unknown Injury,Unknown,Passenger Car,Yes,35.17528407,-79.35213159,Dry,40 - 45  MPH,No Control Present,Clear,No,1,0,8
Yes,15.0,No,With Traffic,C: Possible Injury,Male,Fayetteville,Cumberland,No,Monday,Bicyclist Failed to Yield - Sign-Controlled Intersection,18.0,August,Bicyclist Ride Through - Sign-Controlled Intersection,2012,18.0,No,O: No Injury,Male,Passenger Car,No,35.0387649,-78.96432255,Dry,30 - 35  MPH,Stop Sign,Clear,No,0,0,8
Yes,68.0,No,With Traffic,B: Suspected Minor Injury,Male,Lewisville,Forsyth,No,Tuesday,Loss of Control / Turning Error,6.0,August,Motorist Turning Error - Left Turn,2012,45.0,No,O: No Injury,Male,Passenger Car,No,36.0986701,-80.41638844,Dry,30 - 35  MPH,Stop And Go Signal,Clear,No,0,0,8
No,12.0,No,With Traffic,O: No Injury,Male,Winston-Salem,Forsyth,No,Tuesday,Bicyclist Failed to Yield - Signalized Intersection,16.0,August,Bicyclist Ride Through - Signalized Intersection,2012,58.0,No,O: No Injury,Female,Sport Utility,No,36.06876005,-80.20668401,Dry,30 - 35  MPH,Stop And Go Signal,Clear,No,0,0,8
Yes,11.0,No,Facing Traffic,C: Possible Injury,Male,Raleigh,Wake,No,Saturday,Bicyclist Failed to Yield - Midblock,16.0,September,Bicyclist Ride Out - Other Midblock,2012,62.0,No,O: No Injury,Female,Passenger Car,No,35.83288392,-78.57746224,Dry,20 - 25  MPH,No Control Present,Clear,No,0,0,9
Yes,33.0,No,Facing Traffic,C: Possible Injury,Male,Raleigh,Wake,No,Friday,Motorist Failed to Yield - Sign-Controlled Intersection,12.0,September,Motorist Drive Out - Sign-Controlled Intersection,2012,53.0,No,O: No Injury,Female,Passenger Car,No,35.78083075,-78.69372909,Dry,20 - 25  MPH,Stop Sign,Clear,No,0,0,9
No,64.0,No,With Traffic,C: Possible Injury,Male,Kannapolis,Rowan,No,Wednesday,Parallel Paths - Other Circumstances,18.0,August,Parallel Paths - Other / Unknown,2012,44.0,No,O: No Injury,Male,Sport Utility,No,35.50604729,-80.6079925,Dry,30 - 35  MPH,No Control Present,Clear,No,0,0,8
No,49.0,No,Facing Traffic,C: Possible Injury,Female,Kitty Hawk,Dare,No,Sunday,Motorist Failed to Yield - Midblock,11.0,August,Motorist Drive Out - Commercial Driveway / Alley,2012,43.0,No,O: No Injury,Male,Van,No,36.0984493,-75.72305988,Dry,60 - 75 MPH,No Control Present,Clear,No,0,0,8
Yes,51.0,Yes,With Traffic,B: Suspected Minor Injury,Male,Chapel Hill,Orange,Yes,Thursday,Bicyclist Right Turn / Merge,16.0,August,Bicyclist Right Turn - Same Direction,2012,24.0,No,O: No Injury,Female,Passenger Car,No,35.90297642,-79.01079515,Dry,40 - 45  MPH,No Control Present,Clear,No,0,0,8
Yes,9.0,No,With Traffic,C: Possible Injury,Male,Winston-Salem,Forsyth,No,Saturday,Bicyclist Failed to Yield - Sign-Controlled Intersection,17.0,August,Bicyclist Ride Through - Sign-Controlled Intersection,2012,31.0,No,O: No Injury,Female,Passenger Car,No,36.06580464,-80.22002736,Dry,30 - 35  MPH,Stop Sign,Clear,No,0,0,8
Yes,25.0,No,Facing Traffic,C: Possible Injury,Female,Durham,Durham,No,Monday,Crossing Paths - Other Circumstances,7.0,September,Signalized Intersection - Other / Unknown,2012,27.0,No,O: No Injury,Female,Passenger Car,No,36.00320353,-78.95130619,Dry,30 - 35  MPH,Stop And Go Signal,Clear,No,0,0,9
No,48.0,No,Facing Traffic,O: No Injury,Male,Greenville,Pitt,No,Tuesday,Motorist Failed to Yield - Midblock,18.0,August,Motorist Drive Out - Commercial Driveway / Alley,2012,41.0,No,O: No Injury,Male,Passenger Car,No,35.57168102,-77.40310689,Dry,5 - 15 MPH,Stop And Go Signal,Clear,No,0,0,8
Yes,51.0,No,With Traffic,O: No Injury,Female,Durham,Durham,No,Wednesday,Motorist Failed to Yield - Sign-Controlled Intersection,8.0,September,Motorist Drive Out - Sign-Controlled Intersection,2012,72.0,No,O: No Injury,Female,Passenger Car,No,35.92206041,-78.93625711,Dry,30 - 35  MPH,Yield Sign,Clear,No,0,0,9
Yes,19.0,No,With Traffic,B: Suspected Minor Injury,Male,Greenville,Pitt,No,Tuesday,Motorist Overtaking Bicyclist,14.0,September,Motorist Overtaking - Bicyclist Swerved,2012,34.0,No,O: No Injury,Female,Sport Utility,No,35.59368728,-77.37758023,Dry,40 - 45  MPH,No Control Present,Clear,No,0,0,9
Yes,8.0,No,Not Applicable,B: Suspected Minor Injury,Male,Jacksonville,Onslow,No,Thursday,Non-Roadway,11.0,August,Non-Roadway,2012,25.0,No,O: No Injury,Female,Passenger Car,No,34.78586696,-77.39418396,Dry,Unknown,Stop Sign,Clear,No,0,0,8
No,58.0,No,With Traffic,C: Possible Injury,Male,None - Rural Crash,Chatham,No,Monday,Motorist Overtaking Bicyclist,9.0,September,Motorist Overtaking - Other / Unknown,2012,92.0,No,O: No Injury,Male,Pickup,No,35.78537426,-78.96277251,Dry,50 - 55  MPH,"Double Yellow Line, No Passing Zone",Cloudy,No,0,0,9
Yes,14.0,No,With Traffic,B: Suspected Minor Injury,Male,None - Rural Crash,Johnston,No,Tuesday,Motorist Overtaking Bicyclist,17.0,September,Motorist Overtaking - Bicyclist Swerved,2012,30.0,No,B: Suspected Minor Injury,Male,Motorcycle,No,35.54111598,-78.62954733,Dry,40 - 45  MPH,"Double Yellow Line, No Passing Zone",Clear,No,0,0,9
Yes,24.0,No,With Traffic,B: Suspected Minor Injury,Male,None - Rural Crash,Brunswick,No,Saturday,Motorist Overtaking Bicyclist,20.0,September,Motorist Overtaking - Other / Unknown,2012,32.0,No,O: No Injury,Male,Passenger Car,No,34.07786653,-78.09719494,Dry,50 - 55  MPH,"Double Yellow Line, No Passing Zone",Clear,No,0,0,9
Yes,57.0,No,With Traffic,B: Suspected Minor Injury,Male,Jacksonville,Onslow,No,Thursday,Motorist Overtaking Bicyclist,18.0,August,Motorist Overtaking - Other / Unknown,2012,24.0,No,O: No Injury,Female,Passenger Car,No,34.76933139,-77.39405474,Dry,30 - 35  MPH,No Control Present,Clear,No,0,0,8
No,25.0,No,Facing Traffic,O: No Injury,Male,None - Rural Crash,Dare,No,Thursday,Motorist Failed to Yield - Signalized Intersection,14.0,September,Motorist Drive Out - Signalized Intersection,2012,20.0,No,O: No Injury,Male,Pickup,No,35.92147932,-75.67828512,Dry,30 - 35  MPH,Stop And Go Signal,Clear,No,0,0,9
Yes,36.0,Yes,With Traffic,A: Suspected Serious Injury,Male,Durham,Durham,Yes,Sunday,Crossing Paths - Other Circumstances,1.0,September,Signalized Intersection - Other / Unknown,2012,42.03850604944766,Missing,Unknown Injury,Unknown,Passenger Car,Yes,35.9794634,-78.89183944,Wet,40 - 45  MPH,Other,Rain,No,1,0,9
Yes,41.0,No,Facing Traffic,C: Possible Injury,Male,Greensboro,Guilford,No,Friday,Motorist Failed to Yield - Sign-Controlled Intersection,13.0,September,Motorist Drive Out - Sign-Controlled Intersection,2012,56.0,No,O: No Injury,Male,Passenger Car,No,36.06420901,-79.80014632,Dry,30 - 35  MPH,Stop Sign,Clear,No,0,0,9
Yes,22.0,No,With Traffic,A: Suspected Serious Injury,Male,None - Rural Crash,Wake,No,Saturday,Motorist Overtaking Bicyclist,7.0,September,Motorist Overtaking - Undetected Bicyclist,2012,43.0,No,O: No Injury,Female,Pickup,No,35.65106562,-78.68896266,Dry,40 - 45  MPH,"Double Yellow Line, No Passing Zone",Clear,No,0,0,9
No,33.0,No,Facing Traffic,O: No Injury,Male,Charlotte,Mecklenburg,No,Thursday,Motorist Failed to Yield - Midblock,13.0,September,Motorist Drive Out - Commercial Driveway / Alley,2012,42.03850604944766,Missing,Unknown Injury,Unknown,Unknown,Yes,35.23949424,-80.88555276,Dry,5 - 15 MPH,No Control Present,Clear,No,1,0,9
Yes,25.0,No,With Traffic,C: Possible Injury,Male,Greenville,Pitt,No,Friday,Motorist Left Turn / Merge,12.0,September,Motorist Left Turn - Opposite Direction,2012,20.0,No,C: Possible Injury,Male,Passenger Car,No,35.60270558,-77.37516704,Dry,30 - 35  MPH,No Control Present,Clear,No,0,0,9
Yes,15.0,No,With Traffic,B: Suspected Minor Injury,Male,Fairmont,Robeson,No,Monday,Bicyclist Left Turn / Merge,17.0,August,Bicyclist Left Turn - Same Direction,2012,52.0,No,O: No Injury,Male,Van,No,34.497841,-79.104946,Wet,30 - 35  MPH,No Control Present,Cloudy,No,0,0,8
No,18.0,No,Not Applicable,O: No Injury,Male,Wilmington,New Hanover,No,Monday,Non-Roadway,13.0,September,Non-Roadway,2012,42.03850604944766,Missing,Unknown Injury,Unknown,Passenger Car,No,34.2210218,-77.86952777,Dry,5 - 15 MPH,No Control Present,Clear,No,1,0,9
No,44.0,No,With Traffic,B: Suspected Minor Injury,Male,Charlotte,Mecklenburg,No,Monday,Loss of Control / Turning Error,19.0,July,Bicyclist Lost Control - Other / Unknown,2012,30.0,No,O: No Injury,Male,Commercial Bus,No,35.22430618,-80.88862429,Dry,40 - 45  MPH,Stop Sign,Clear,No,0,0,7
Yes,11.0,No,Not Applicable,C: Possible Injury,Male,Greenville,Pitt,No,Monday,Non-Roadway,17.0,September,Non-Roadway,2012,23.0,No,O: No Injury,Female,Passenger Car,No,35.618752,-77.419071,Dry,20 - 25  MPH,No Control Present,Clear,No,0,0,9
No,25.0,No,Not Applicable,C: Possible Injury,Male,Fayetteville,Cumberland,No,Friday,Bicyclist Failed to Yield - Sign-Controlled Intersection,16.0,September,Bicyclist Ride Through - Sign-Controlled Intersection,2012,19.0,No,O: No Injury,Male,Passenger Car,No,35.06413832,-79.01390546,Dry,5 - 15 MPH,Stop Sign,Clear,No,0,0,9
Yes,61.0,No,With Traffic,K: Killed,Male,None - Rural Crash,Harnett,No,Monday,Bicyclist Left Turn / Merge,20.0,September,Bicyclist Left Turn - Same Direction,2012,22.0,Unknown,O: No Injury,Male,Pickup,Yes,35.324984,-78.56767672,Dry,50 - 55  MPH,No Control Present,Clear,No,0,0,9
Yes,49.0,No,With Traffic,C: Possible Injury,Male,None - Rural Crash,Durham,No,Wednesday,Loss of Control / Turning Error,9.0,September,Motorist Turning Error - Left Turn,2012,29.0,No,O: No Injury,Female,Passenger Car,No,35.92971638,-78.98944903,Dry,40 - 45  MPH,Stop And Go Signal,Clear,No,0,0,9
Yes,54.0,No,With Traffic,C: Possible Injury,Male,Smithfield,Johnston,No,Wednesday,Motorist Left Turn / Merge,11.0,September,Motorist Left Turn - Same Direction,2012,65.0,No,O: No Injury,Male,Sport Utility,No,35.49446568,-78.35628717,Dry,40 - 45  MPH,No Control Present,Clear,No,0,0,9
Yes,52.0,No,With Traffic,C: Possible Injury,Male,Charlotte,Mecklenburg,No,Wednesday,Motorist Left Turn / Merge,14.0,September,Motorist Left Turn - Opposite Direction,2012,53.0,No,O: No Injury,Female,Passenger Car,No,35.19488203,-80.82777079,Dry,30 - 35  MPH,No Control Present,Clear,No,0,0,9
Yes,8.0,No,Not Applicable,C: Possible Injury,Male,Durham,Durham,No,Wednesday,Non-Roadway,16.0,September,Non-Roadway,2012,17.0,No,O: No Injury,Female,Sport Utility,No,35.97831534,-78.80953528,Dry,5 - 15 MPH,No Control Present,Clear,No,0,0,9
Yes,44.0,No,With Traffic,C: Possible Injury,Male,Mooresville,Iredell,No,Thursday,Motorist Overtaking Bicyclist,19.0,September,Motorist Overtaking - Other / Unknown,2012,47.0,No,O: No Injury,Male,Passenger Car,No,35.60472418,-80.86286963,Dry,40 - 45  MPH,No Control Present,Clear,No,0,0,9
Yes,18.0,No,Not Applicable,B: Suspected Minor Injury,Male,None - Rural Crash,Cumberland,No,Tuesday,Bicyclist Failed to Yield - Midblock,14.0,September,Bicyclist Ride Out - Other Midblock,2012,42.03850604944766,Missing,Unknown Injury,Unknown,Passenger Car,Yes,35.01913399,-78.9401757,Dry,40 - 45  MPH,No Control Present,Cloudy,No,1,0,9
Yes,25.0,Yes,With Traffic,C: Possible Injury,Male,None - Rural Crash,Orange,Yes,Friday,Bicyclist Failed to Yield - Sign-Controlled Intersection,2.0,September,Bicyclist Ride Through - Sign-Controlled Intersection,2012,49.0,No,O: No Injury,Male,Van,No,35.96385444,-79.04759232,Dry,30 - 35  MPH,Stop Sign,Clear,No,0,0,9
Yes,19.0,Yes,With Traffic,C: Possible Injury,Male,Garner,Wake,Yes,Saturday,Backing Vehicle,23.0,August,Backing Vehicle,2012,52.0,No,O: No Injury,Male,Passenger Car,No,35.71463869,-78.61552188,Dry,20 - 25  MPH,"Double Yellow Line, No Passing Zone",Clear,No,0,0,8
Yes,65.0,No,With Traffic,B: Suspected Minor Injury,Male,Sanford,Lee,No,Wednesday,Motorist Left Turn / Merge,9.0,September,Motorist Left Turn - Opposite Direction,2012,81.0,No,O: No Injury,Female,Van,No,35.4805,-79.180978,Dry,30 - 35  MPH,Stop Sign,Clear,No,0,0,9
No,49.0,No,With Traffic,C: Possible Injury,Male,None - Rural Crash,Cumberland,No,Saturday,Backing Vehicle,9.0,September,Backing Vehicle,2012,48.0,No,O: No Injury,Male,Sport Utility,No,35.12303905,-78.74078865,Dry,Unknown,No Control Present,Clear,No,0,0,9
Yes,33.0,No,With Traffic,C: Possible Injury,Male,Durham,Durham,No,Saturday,Crossing Paths - Other Circumstances,0.0,September,Signalized Intersection - Other / Unknown,2012,50.0,No,O: No Injury,Male,Passenger Car,No,35.98086541,-78.88222688,Dry,30 - 35  MPH,Stop And Go Signal,Clear,No,0,0,9
Yes,56.0,No,With Traffic,B: Suspected Minor Injury,Male,None - Rural Crash,Swain,No,Thursday,Bicyclist Left Turn / Merge,14.0,September,Bicyclist Left Turn - Same Direction,2012,74.0,No,O: No Injury,Male,Sport Utility,No,35.285134,-83.67014188,Dry,50 - 55  MPH,"Double Yellow Line, No Passing Zone",Clear,No,0,0,9
No,52.0,No,With Traffic,B: Suspected Minor Injury,Male,None - Rural Crash,Columbus,No,Monday,Motorist Overtaking Bicyclist,20.0,September,Motorist Overtaking - Other / Unknown,2012,84.0,No,O: No Injury,Female,Passenger Car,No,34.36105622,-78.75127238,Dry,50 - 55  MPH,"Double Yellow Line, No Passing Zone",Clear,No,0,0,9
Yes,28.0,No,With Traffic,C: Possible Injury,Female,Durham,Durham,No,Sunday,Motorist Left Turn / Merge,9.0,September,Motorist Left Turn - Opposite Direction,2012,49.0,No,O: No Injury,Female,Passenger Car,No,35.99151624,-78.94058876,Dry,30 - 35  MPH,Stop And Go Signal,Clear,No,0,0,9
Yes,21.0,No,Facing Traffic,C: Possible Injury,Male,Wilmington,New Hanover,No,Friday,Head-On,15.0,September,Head-On - Bicyclist,2012,51.0,No,O: No Injury,Female,Sport Utility,No,34.20792385,-77.88728973,Dry,40 - 45  MPH,No Control Present,Clear,No,0,0,9
Yes,26.0,No,Facing Traffic,C: Possible Injury,Male,Greenville,Pitt,No,Friday,Crossing Paths - Other Circumstances,14.0,September,Crossing Paths - Intersection - Other / Unknown,2012,18.0,No,O: No Injury,Female,Passenger Car,No,35.61112911,-77.37286908,Dry,20 - 25  MPH,Stop And Go Signal,Clear,No,0,0,9
No,20.0,No,Facing Traffic,B: Suspected Minor Injury,Female,Wilmington,New Hanover,No,Thursday,Motorist Failed to Yield - Midblock,12.0,September,Motorist Drive Out - Commercial Driveway / Alley,2012,27.0,No,O: No Injury,Male,Passenger Car,No,34.23158943,-77.87959357,Dry,40 - 45  MPH,No Control Present,Clear,No,0,0,9
Yes,26.0,Missing,With Traffic,B: Suspected Minor Injury,Male,Charlotte,Mecklenburg,No,Friday,Motorist Left Turn / Merge,13.0,September,Motorist Left Turn - Opposite Direction,2012,87.0,No,O: No Injury,Male,Passenger Car,No,35.19299257,-80.83684998,Dry,30 - 35  MPH,Stop Sign,Clear,No,0,0,9
Yes,24.0,No,With Traffic,C: Possible Injury,Male,Huntersville,Mecklenburg,No,Wednesday,Motorist Right Turn / Merge,15.0,September,Motorist Right Turn - Same Direction,2012,42.03850604944766,Missing,Unknown Injury,Unknown,Unknown,Yes,35.44189463,-80.86326167,Dry,40 - 45  MPH,Stop And Go Signal,Clear,No,1,0,9
Yes,29.0,No,Facing Traffic,B: Suspected Minor Injury,Female,Raleigh,Wake,No,Friday,Motorist Left Turn / Merge,6.0,September,Motorist Left Turn - Opposite Direction,2012,44.0,No,O: No Injury,Male,Taxicab,No,35.78829688,-78.64183246,Dry,30 - 35  MPH,No Control Present,Clear,No,0,0,9
Yes,12.0,No,Facing Traffic,B: Suspected Minor Injury,Male,Albemarle,Stanly,No,Thursday,Motorist Right Turn / Merge,19.0,September,Motorist Right Turn - Opposite Direction,2012,42.03850604944766,Unknown,Unknown Injury,Unknown,Unknown,Yes,35.35034107,-80.20094297,Dry,20 - 25  MPH,Stop And Go Signal,Clear,No,1,0,9
Yes,44.0,No,With Traffic,B: Suspected Minor Injury,Male,Wilmington,New Hanover,No,Monday,Motorist Overtaking Bicyclist,5.0,September,Motorist Overtaking - Other / Unknown,2012,41.0,No,O: No Injury,Male,Pickup,No,34.21353602,-77.87991333,Dry,40 - 45  MPH,No Control Present,Clear,No,0,0,9
Yes,3.0,No,With Traffic,C: Possible Injury,Male,None - Rural Crash,Gaston,No,Sunday,Backing Vehicle,10.0,September,Backing Vehicle,2012,17.0,No,O: No Injury,Female,Passenger Car,No,35.33300847,-81.10902985,Dry,5 - 15 MPH,No Control Present,Clear,No,0,0,9
No,36.0,No,With Traffic,O: No Injury,Female,Raleigh,Wake,No,Monday,Motorist Left Turn / Merge,8.0,September,Motorist Left Turn - Opposite Direction,2012,21.0,No,O: No Injury,Male,Passenger Car,No,35.78891,-78.673166,Dry,30 - 35  MPH,Stop And Go Signal,Clear,No,0,0,9
Yes,9.0,No,Not Applicable,C: Possible Injury,Male,Durham,Durham,No,Tuesday,Bicyclist Failed to Yield - Midblock,18.0,September,Bicyclist Ride Out - Other Midblock,2012,23.0,No,O: No Injury,Male,Passenger Car,No,35.99355384,-78.88759324,Dry,30 - 35  MPH,No Control Present,Clear,No,0,0,9
No,26.0,No,With Traffic,C: Possible Injury,Male,Raleigh,Wake,No,Thursday,Motorist Failed to Yield - Signalized Intersection,9.0,September,Motorist Drive Out - Signalized Intersection,2012,26.0,No,O: No Injury,Male,Passenger Car,No,35.76904554,-78.69124702,Dry,30 - 35  MPH,Stop And Go Signal,Clear,No,0,0,9
No,47.0,No,With Traffic,O: No Injury,Male,Raleigh,Wake,No,Sunday,Motorist Overtaking Bicyclist,21.0,September,Motorist Overtaking - Other / Unknown,2012,50.0,No,O: No Injury,Male,Taxicab,No,35.7795867,-78.63935881,Dry,30 - 35  MPH,Stop And Go Signal,Clear,No,0,0,9
Yes,46.0,No,With Traffic,A: Suspected Serious Injury,Male,Raleigh,Wake,No,Monday,Motorist Overtaking Bicyclist,14.0,September,Motorist Overtaking - Other / Unknown,2012,29.0,No,O: No Injury,Male,"Single Unit Truck (2-Axle, 6-Tire)",No,35.8577722,-78.55302659,Dry,40 - 45  MPH,No Control Present,Clear,No,0,0,9
No,14.0,No,Facing Traffic,O: No Injury,Male,Raleigh,Wake,No,Wednesday,Bicyclist Right Turn / Merge,10.0,September,Bicyclist Right Turn - Opposite Direction,2012,42.03850604944766,Missing,Unknown Injury,Unknown,Passenger Car,Yes,35.91965524,-78.73786423,Dry,40 - 45  MPH,No Control Present,Clear,No,1,0,9
No,15.0,No,Facing Traffic,C: Possible Injury,Male,Fayetteville,Cumberland,No,Saturday,Bicyclist Failed to Yield - Signalized Intersection,15.0,September,Bicyclist Ride Out - Signalized  Intersection,2012,60.0,No,O: No Injury,Male,Passenger Car,No,35.06708923,-78.9503787,Dry,30 - 35  MPH,Stop And Go Signal,Clear,No,0,0,9
Yes,21.0,No,With Traffic,B: Suspected Minor Injury,Male,Wilmington,New Hanover,No,Thursday,Motorist Left Turn / Merge,9.0,September,Motorist Left Turn - Opposite Direction,2012,82.0,No,O: No Injury,Male,Passenger Car,No,34.23327325,-77.85978977,Dry,20 - 25  MPH,No Control Present,Clear,No,0,0,9