AmbulanceR,BikeAge,BikeAlcFlg,BikeDir,BikeInjury,BikeSex,City,County,CrashAlcoh,CrashDay,CrashGrp,CrashHour,CrashMonth,CrashType,CrashYear,DrvrAge,DrvrAlcFlg,DrvrInjury,DrvrSex,DrvrVehTyp,HitRun,Latitude,Longitude,RdConditio,SpeedLimit,TraffCntrl,Weather,Workzone,DrvrAgeImputedFlag,BikeAgeImputedFlag,MonthCode
Yes,10.0,No,With Traffic,C: Possible Injury,Male,Greensboro,Guilford,No,Saturday,Bicyclist Failed to Yield - Sign-Controlled Intersection,17.0,September,Bicyclist Ride Through - Sign-Controlled Intersection,2012,19.0,No,O: No Injury,Male,Sport Utility,No,36.052509,-79.813616,Dry,30 - 35  MPH,Stop Sign,Clear,No,0,0,9
Yes,35.0,No,With Traffic,B: Suspected Minor Injury,Male,None - Rural Crash,Mecklenburg,No,Thursday,Motorist Right Turn / Merge,17.0,September,Motorist Right Turn - Same Direction,2012,22.0,No,O: No Injury,Male,Passenger Car,No,35.22397469,-80.84779705,Dry,20 - 25  MPH,No Control Present,Clear,No,0,0,9
No,8.0,No,Not Applicable,O: No Injury,Female,Lenoir,Caldwell,No,Thursday,Non-Roadway,17.0,September,Non-Roadway,2012,64.0,No,O: No Injury,Male,Passenger Car,No,35.8661751,-81.52405735,Dry,5 - 15 MPH,No Control Present,Clear,No,0,0,9
Yes,63.0,No,Facing Traffic,B: Suspected Minor Injury,Male,Morehead City,Carteret,No,Saturday,Motorist Failed to Yield - Sign-Controlled Intersection,11.0,September,Motorist Drive Out - Sign-Controlled Intersection,2012,62.0,No,O: No Injury,Male,Passenger Car,No,34.729082,-76.72893095,Dry,30 - 35  MPH,Stop Sign,Clear,No,0,0,9
Yes,33.0,No,With Traffic,C: Possible Injury,Female,Chapel Hill,Orange,No,Sunday,Motorist Left Turn / Merge,10.0,September,Motorist Left Turn - Opposite Direction,2012,82.0,No,O: No Injury,Female,Passenger Car,No,35.9303662,-79.02522323,Dry,20 - 25  MPH,No Control Present,Clear,No,0,0,9
Yes,24.0,No,With Traffic,C: Possible Injury,Female,Raleigh,Wake,No,Friday,Motorist Left Turn / Merge,20.0,September,Motorist Left Turn - Opposite Direction,2012,22.0,No,O: No Injury,Male,Passenger Car,No,35.79451401,-78.69364883,Dry,30 - 35  MPH,No Control Present,Clear,No,0,0,9
No,26.0,No,With Traffic,C: Possible Injury,Male,None - Rural Crash,Dare,No,Saturday,Crossing Paths - Other Circumstances,16.0,September,Crossing Paths - Intersection - Other / Unknown,2012,76.0,No,O: No Injury,Female,Sport Utility,No,35.35216338,-75.51051878,Wet,30 - 35  MPH,Stop Sign,Rain,No,0,0,9
Yes,58.0,Yes,Not Applicable,B: Suspected Minor Injury,Male,Durham,Durham,Yes,Sunday,Non-Roadway,16.0,September,Non-Roadway,2012,42.03850604944766,Missing,Unknown Injury,Unknown,Passenger Car,Yes,35.99037512,-78.9280298,Dry,5 - 15 MPH,No Control Present,Clear,No,1,0,9
Yes,14.0,No,Facing Traffic,C: Possible Injury,Male,Wilson,Wilson,No,Tuesday,Bicyclist Failed to Yield - Sign-Controlled Intersection,16.0,September,Bicyclist Ride Through - Sign-Controlled Intersection,2012,47.0,No,O: No Injury,Female,Passenger Car,No,35.71982866,-77.89797988,Dry,30 - 35  MPH,Stop Sign,Clear,No,0,0,9
Yes,56.0,Unknown,Unknown,C: Possible Injury,Male,Greenville,Pitt,No,Sunday,Bicyclist Failed to Yield - Midblock,14.0,September,Multiple Threat - Midblock,2012,17.0,No,O: No Injury,Female,Passenger Car,No,35.57789751,-77.38082956,Dry,40 - 45  MPH,No Control Present,Clear,No,0,0,9
Yes,9.0,No,Facing Traffic,C: Possible Injury,Male,Sanford,Lee,No,Friday,Crossing Paths - Other Circumstances,19.0,September,Sign-Controlled Intersection - Other / Unknown,2012,35.0,No,O: No Injury,Female,Sport Utility,No,35.477544,-79.170473,Dry,30 - 35  MPH,No Control Present,Clear,No,0,0,9
Yes,15.0,No,With Traffic,B: Suspected Minor Injury,Male,Wilson,Wilson,No,Friday,Crossing Paths - Other Circumstances,18.0,September,Signalized Intersection - Other / Unknown,2012,63.0,No,O: No Injury,Male,Pickup,No,35.70983467,-77.94393327,Dry,40 - 45  MPH,Stop And Go Signal,Clear,No,0,0,9
No,18.0,No,Facing Traffic,B: Suspected Minor Injury,Male,Raleigh,Wake,No,Tuesday,Motorist Failed to Yield - Sign-Controlled Intersection,11.0,September,Motorist Drive Out - Sign-Controlled Intersection,2012,29.0,No,O: No Injury,Male,Pickup,No,35.78375317,-78.67716704,Wet,20 - 25  MPH,Stop Sign,Rain,No,0,0,9
No,22.0,No,With Traffic,O: No Injury,Male,Burlington,Alamance,No,Friday,Bicyclist Overtaking Motorist,10.0,September,Bicyclist Overtaking - Parked Vehicle,2012,42.03850604944766,Missing,Unknown Injury,Unknown,Pickup,No,36.10049239,-79.43673187,Dry,30 - 35  MPH,No Control Present,Clear,No,1,0,9
Yes,55.0,No,With Traffic,B: Suspected Minor Injury,Male,None - Rural Crash,Onslow,No,Monday,Motorist Overtaking Bicyclist,12.0,October,Motorist Overtaking - Misjudged Space,2012,42.03850604944766,Missing,Unknown Injury,Unknown,Pickup,Yes,34.75395812,-77.47102306,Wet,40 - 45  MPH,No Control Present,Rain,No,1,0,10
Yes,22.0,No,With Traffic,B: Suspected Minor Injury,Female,Carrboro,Orange,No,Friday,Motorist Left Turn / Merge,17.0,September,Motorist Left Turn - Opposite Direction,2012,20.0,No,O: No Injury,Male,Passenger Car,No,35.920757,-79.08596429,Dry,30 - 35  MPH,No Control Present,Clear,No,0,0,9
No,29.0,No,With Traffic,C: Possible Injury,Female,Carrboro,Orange,No,Friday,Motorist Right Turn / Merge,17.0,September,Motorist Right Turn - Same Direction,2012,16.0,No,O: No Injury,Male,Pickup,No,35.91014199,-79.07324115,Dry,20 - 25  MPH,No Control Present,Clear,No,0,0,9
No,18.0,No,With Traffic,B: Suspected Minor Injury,Male,Boone,Watauga,No,Friday,Motorist Right Turn / Merge,7.0,September,Motorist Right Turn - Same Direction,2012,19.0,No,O: No Injury,Female,Passenger Car,No,36.21727706,-81.68515228,Dry,20 - 25  MPH,Stop And Go Signal,Clear,No,0,0,9
Yes,18.0,No,With Traffic,C: Possible Injury,Male,Greenville,Pitt,No,Friday,Bicyclist Failed to Yield - Sign-Controlled Intersection,20.0,September,Bicyclist Ride Out - Sign-Controlled Intersection,2012,42.0,No,O: No Injury,Male,Van,No,35.6038791,-77.36186837,Dry,30 - 35  MPH,Stop And Go Signal,Clear,No,0,0,9
Yes,19.0,No,With Traffic,C: Possible Injury,Female,Winston-Salem,Forsyth,No,Thursday,Bicyclist Failed to Yield - Signalized Intersection,9.0,September,Bicyclist Ride Through - Signalized Intersection,2012,63.0,No,O: No Injury,Female,Passenger Car,No,36.13932354,-80.27814005,Dry,30 - 35  MPH,Stop And Go Signal,Clear,No,0,0,9
Yes,34.0,No,With Traffic,B: Suspected Minor Injury,Male,Wilson,Wilson,No,Thursday,Motorist Overtaking Bicyclist,23.0,August,Motorist Overtaking - Other / Unknown,2012,42.03850604944766,Unknown,Unknown Injury,Unknown,Unknown,Yes,35.71156885,-77.89905693,Dry,40 - 45  MPH,No Control Present,Clear,No,1,0,8
Yes,18.0,No,With Traffic,C: Possible Injury,Male,Gastonia,Gaston,No,Saturday,Bicyclist Failed to Yield - Sign-Controlled Intersection,13.0,September,Bicyclist Ride Through - Sign-Controlled Intersection,2012,29.0,No,O: No Injury,Male,Passenger Car,No,35.255122,-81.208056,Dry,30 - 35  MPH,"Double Yellow Line, No Passing Zone",Clear,No,0,0,9
Yes,31.0,No,With Traffic,B: Suspected Minor Injury,Male,Salisbury,Rowan,No,Monday,Motorist Right Turn / Merge,17.0,October,Motorist Right Turn - Same Direction,2012,37.0,No,O: No Injury,Male,Pickup,No,35.6619006,-80.46380313,Wet,30 - 35  MPH,Stop And Go Signal,Cloudy,No,0,0,10
No,13.0,No,Not Applicable,O: No Injury,Male,Harrisburg,Cabarrus,No,Friday,Non-Roadway,18.0,September,Non-Roadway,2012,73.0,No,O: No Injury,Male,Passenger Car,No,35.32740918,-80.64794007,Dry,5 - 15 MPH,No Control Present,Clear,No,0,0,9
Yes,24.0,No,With Traffic,B: Suspected Minor Injury,Male,None - Rural Crash,Rutherford,No,Monday,Motorist Overtaking Bicyclist,11.0,October,Motorist Overtaking - Other / Unknown,2012,37.0,No,O: No Injury,Male,Tractor/Semi-Trailer,No,35.30949501,-81.94569628,Wet,60 - 75 MPH,No Control Present,Rain,No,0,0,10
Yes,27.0,No,With Traffic,B: Suspected Minor Injury,Male,Raleigh,Wake,No,Tuesday,Bicyclist Overtaking Motorist,9.0,September,Bicyclist Overtaking - Passing on Right,2012,27.0,No,O: No Injury,Female,Passenger Car,No,35.7836688,-78.67716866,Dry,20 - 25  MPH,Stop Sign,Clear,No,0,0,9
Yes,15.0,No,With Traffic,C: Possible Injury,Male,Charlotte,Mecklenburg,No,Wednesday,Motorist Right Turn / Merge,10.0,September,Motorist Right Turn - Same Direction,2012,23.0,No,O: No Injury,Male,Passenger Car,No,35.19924265,-80.84100911,Dry,30 - 35  MPH,No Control Present,Clear,No,0,0,9
Yes,8.0,No,With Traffic,C: Possible Injury,Male,None - Rural Crash,Guilford,No,Friday,Loss of Control / Turning Error,22.0,September,Bicyclist Lost Control - Mechanical Problems,2012,48.0,No,O: No Injury,Female,Pickup,No,35.95927865,-79.96093271,Dry,30 - 35  MPH,Stop Sign,Clear,No,0,0,9
No,15.0,No,Not Applicable,C: Possible Injury,Female,Enfield,Halifax,No,Sunday,Crossing Paths - Other Circumstances,17.0,September,Crossing Paths - Uncontrolled Intersection,2012,27.0,No,O: No Injury,Female,Sport Utility,No,36.17813476,-77.65752777,Dry,5 - 15 MPH,No Control Present,Clear,No,0,0,9
Yes,65.0,No,With Traffic,C: Possible Injury,Male,None - Rural Crash,Person,No,Thursday,Motorist Overtaking Bicyclist,20.0,September,Motorist Overtaking - Other / Unknown,2012,86.0,No,O: No Injury,Female,Passenger Car,No,36.23702088,-78.98729631,Dry,40 - 45  MPH,"Double Yellow Line, No Passing Zone",Clear,No,0,0,9
No,42.0,No,With Traffic,Unknown Injury,Male,Asheville,Buncombe,No,Thursday,Motorist Left Turn / Merge,13.0,September,Motorist Left Turn - Opposite Direction,2012,31.0,No,O: No Injury,Male,Pickup,No,35.57000797,-82.54559963,Dry,30 - 35  MPH,No Control Present,Clear,No,0,0,9
Yes,14.0,No,Facing Traffic,B: Suspected Minor Injury,Male,None - Rural Crash,Pender,No,Thursday,Bicyclist Right Turn / Merge,19.0,October,Bicyclist Right Turn - Same Direction,2012,31.0,No,O: No Injury,Male,Pickup,No,34.517846,-77.843103,Dry,50 - 55  MPH,No Control Present,Clear,No,0,0,10
Yes,30.0,No,Facing Traffic,C: Possible Injury,Male,Shelby,Cleveland,No,Thursday,Crossing Paths - Other Circumstances,20.0,September,Signalized Intersection - Other / Unknown,2012,64.0,No,O: No Injury,Female,Passenger Car,No,35.30133509,-81.53960424,Dry,30 - 35  MPH,Stop And Go Signal,Clear,No,0,0,9
Yes,29.0,No,With Traffic,C: Possible Injury,Male,Raleigh,Wake,No,Wednesday,Motorist Failed to Yield - Sign-Controlled Intersection,20.0,October,Motorist Drive Through - Sign-Controlled Intersection,2012,19.0,No,O: No Injury,Male,Passenger Car,No,35.78596821,-78.66252425,Dry,5 - 15 MPH,Yield Sign,Clear,No,0,0,10
No,32.0,No,With Traffic,C: Possible Injury,Male,Winston-Salem,Forsyth,No,Wednesday,Bicyclist Failed to Yield - Signalized Intersection,6.0,September,Bicyclist Ride Through - Signalized Intersection,2012,47.0,No,O: No Injury,Male,Passenger Car,No,36.06591341,-80.25204663,Dry,40 - 45  MPH,Stop And Go Signal,Clear,No,0,0,9
Yes,54.0,No,With Traffic,B: Suspected Minor Injury,Male,Lenoir,Caldwell,No,Sunday,Motorist Overtaking Bicyclist,6.0,October,Motorist Overtaking - Other / Unknown,2012,22.0,No,O: No Injury,Male,Passenger Car,No,35.90222903,-81.54562825,Wet,40 - 45  MPH,No Control Present,Rain,No,0,0,10
No,27.0,No,With Traffic,O: No Injury,Male,None - Rural Crash,Stanly,No,Tuesday,Motorist Overtaking Bicyclist,6.0,September,Motorist Overtaking - Bicyclist Swerved,2012,38.0,No,O: No Injury,Male,Passenger Car,No,35.20512221,-80.08746917,Dry,50 - 55  MPH,"Double Yellow Line, No Passing Zone","Fog, Smog, Smoke",No,0,0,9
No,46.0,No,With Traffic,C: Possible Injury,Male,Apex,Wake,No,Sunday,Motorist Overtaking Bicyclist,13.0,October,Motorist Overtaking - Other / Unknown,2012,42.03850604944766,Missing,Unknown Injury,Unknown,Passenger Car,Yes,35.75796788,-78.88640951,Wet,40 - 45  MPH,No Control Present,Cloudy,No,1,0,10
No,18.0,No,Facing Traffic,B: Suspected Minor Injury,Male,Greenville,Pitt,No,Wednesday,Motorist Left Turn / Merge,14.0,September,Motorist Left Turn - Opposite Direction,2012,23.0,No,O: No Injury,Male,Pickup,No,35.60400112,-77.36179676,Dry,30 - 35  MPH,Stop And Go Signal,Clear,No,0,0,9
Yes,19.0,No,Not Applicable,C: Possible Injury,Male,Raleigh,Wake,No,Wednesday,Bicyclist Failed to Yield - Midblock,12.0,September,Bicyclist Ride Out - Other Midblock,2012,27.0,No,O: No Injury,Female,Passenger Car,No,35.7877081,-78.67459088,Dry,20 - 25  MPH,No Control Present,Clear,No,0,0,9
Yes,44.0,Unknown,With Traffic,B: Suspected Minor Injury,Male,None - Rural Crash,Hoke,No,Sunday,Motorist Overtaking Bicyclist,19.0,October,Motorist Overtaking - Other / Unknown,2012,74.0,No,C: Possible Injury,Male,Passenger Car,No,34.90575724,-79.23190961,Dry,50 - 55  MPH,No Control Present,Clear,No,0,0,10
No,18.0,No,With Traffic,C: Possible Injury,Male,Greensboro,Guilford,No,Friday,Motorist Left Turn / Merge,10.0,September,Motorist Left Turn - Opposite Direction,2012,71.0,No,O: No Injury,Male,Commercial Bus,No,36.06317007,-79.81537907,Dry,30 - 35  MPH,No Control Present,Clear,No,0,0,9
Yes,25.0,No,With Traffic,B: Suspected Minor Injury,Male,Greensboro,Guilford,No,Tuesday,Bicyclist Failed to Yield - Signalized Intersection,19.0,October,Bicyclist Ride Through - Signalized Intersection,2012,20.0,No,O: No Injury,Female,Passenger Car,No,36.06532883,-79.81265723,Dry,30 - 35  MPH,Stop And Go Signal,Clear,No,0,0,10
No,30.0,No,With Traffic,C: Possible Injury,Male,Cary,Wake,No,Sunday,Motorist Failed to Yield - Sign-Controlled Intersection,17.0,September,Motorist Drive Out - Sign-Controlled Intersection,2012,39.0,No,O: No Injury,Female,Unknown,Yes,35.82470773,-78.84224458,Dry,30 - 35  MPH,Stop Sign,Clear,No,0,0,9
Yes,28.0,No,With Traffic,C: Possible Injury,Male,Elizabeth City,Pasquotank,No,Tuesday,Backing Vehicle,12.0,September,Backing Vehicle,2012,19.0,No,O: No Injury,Male,Van,No,36.32573094,-76.22271231,Dry,5 - 15 MPH,Stop Sign,Clear,No,0,0,9
Yes,19.0,No,Not Applicable,C: Possible Injury,Male,Charlotte,Mecklenburg,No,Wednesday,Non-Roadway,9.0,October,Non-Roadway,2012,44.0,No,O: No Injury,Male,"Light Truck (Mini-Van, Panel)",No,35.2279877,-80.83813852,Dry,5 - 15 MPH,No Control Present,Clear,No,0,0,10
Yes,16.0,No,With Traffic,B: Suspected Minor Injury,Male,Wadesboro,Anson,No,Tuesday,Motorist Overtaking Bicyclist,1.0,October,Motorist Overtaking - Other / Unknown,2012,35.0,No,O: No Injury,Female,Van,No,34.96314349,-80.03890898,Dry,50 - 55  MPH,No Control Present,Clear,No,0,0,10
Yes,42.0,No,With Traffic,C: Possible Injury,Male,None - Rural Crash,Durham,No,Thursday,Motorist Left Turn / Merge,7.0,October,Motorist Left Turn - Opposite Direction,2012,44.0,No,O: No Injury,Male,Passenger Car,No,35.89900601,-78.88007542,Dry,40 - 45  MPH,Stop And Go Signal,Clear,No,0,0,10
Yes,57.0,Yes,Facing Traffic,K: Killed,Male,None - Rural Crash,Brunswick,Yes,Thursday,Bicyclist Right Turn / Merge,14.0,October,Bicyclist Right Turn - Same Direction,2012,52.0,No,O: No Injury,Female,Van,No,33.93075619,-78.40955305,Dry,50 - 55  MPH,No Control Present,Clear,No,0,0,10
No,20.0,No,With Traffic,C: Possible Injury,Male,Wilmington,New Hanover,No,Thursday,Motorist Left Turn / Merge,22.0,October,Motorist Left Turn - Opposite Direction,2012,20.0,No,O: No Injury,Female,Passenger Car,No,34.22886017,-77.8709741,Dry,20 - 25  MPH,Other,Clear,No,0,0,10
Yes,6.0,No,With Traffic,B: Suspected Minor Injury,Male,Burlington,Alamance,No,Saturday,Bicyclist Failed to Yield - Sign-Controlled Intersection,20.0,October,Bicyclist Ride Through - Sign-Controlled Intersection,2012,19.0,No,O: No Injury,Male,Passenger Car,No,36.09572659,-79.40006299,Dry,30 - 35  MPH,Stop Sign,Clear,No,0,0,10
No,12.0,No,With Traffic,C: Possible Injury,Male,Charlotte,Mecklenburg,No,Saturday,Motorist Overtaking Bicyclist,17.0,October,Motorist Overtaking - Other / Unknown,2012,75.0,No,O: No Injury,Male,Passenger Car,No,35.25399615,-80.70766944,Dry,40 - 45  MPH,No Control Present,Clear,No,0,0,10
Yes,51.0,No,With Traffic,B: Suspected Minor Injury,Male,None - Rural Crash,Moore,No,Saturday,Motorist Overtaking Bicyclist,17.0,October,Motorist Overtaking - Other / Unknown,2012,42.03850604944766,Missing,Unknown Injury,Unknown,Sport Utility,Yes,35.30194595,-79.2515173,Dry,Unknown,"Double Yellow Line, No Passing Zone",Clear,No,1,0,10
Yes,64.0,No,Not Applicable,B: Suspected Minor Injury,Male,Kernersville,Forsyth,No,Friday,Motorist Left Turn / Merge,16.0,October,Motorist Left Turn - Opposite Direction,2012,53.0,No,O: No Injury,Female,Passenger Car,No,36.095297,-80.061245,Dry,40 - 45  MPH,Stop Sign,Clear,No,0,0,10
Yes,18.0,No,Facing Traffic,B: Suspected Minor Injury,Female,Wilmington,New Hanover,No,Wednesday,Bicyclist Failed to Yield - Signalized Intersection,16.0,September,Bicyclist Ride Out - Signalized  Intersection,2012,21.0,No,O: No Injury,Female,Passenger Car,No,34.23075011,-77.87711544,Dry,40 - 45  MPH,Stop And Go Signal,Clear,No,0,0,9
Yes,21.0,No,Facing Traffic,C: Possible Injury,Female,Greenville,Pitt,No,Friday,Motorist Failed to Yield - Sign-Controlled Intersection,16.0,October,Motorist Drive Out - Sign-Controlled Intersection,2012,22.0,Unknown,Unknown Injury,Female,Van,No,35.61276335,-77.37583099,Dry,20 - 25  MPH,Stop Sign,Clear,No,0,0,10
Yes,22.0,No,With Traffic,C: Possible Injury,Male,Greensboro,Guilford,No,Saturday,Motorist Left Turn / Merge,1.0,September,Motorist Left Turn - Opposite Direction,2012,19.0,No,O: No Injury,Female,Passenger Car,No,36.06864898,-79.82316497,Dry,30 - 35  MPH,Stop And Go Signal,Clear,No,0,0,9
Yes,16.0,No,Facing Traffic,C: Possible Injury,Male,Fayetteville,Cumberland,No,Friday,Head-On,18.0,September,Head-On - Bicyclist,2012,34.0,No,O: No Injury,Male,Motorcycle,No,35.03581972,-78.84019633,Dry,40 - 45  MPH,No Control Present,Clear,No,0,0,9
Yes,18.0,No,With Traffic,C: Possible Injury,Female,None - Rural Crash,Johnston,No,Sunday,Motorist Overtaking Bicyclist,21.0,October,Motorist Overtaking - Bicyclist Swerved,2012,71.0,Unknown,Unknown Injury,Male,Unknown,Yes,35.4899743,-78.20371496,Dry,50 - 55  MPH,No Control Present,Cloudy,No,0,0,10
Yes,21.0,No,With Traffic,B: Suspected Minor Injury,Male,Charlotte,Mecklenburg,No,Monday,Bicyclist Failed to Yield - Signalized Intersection,17.0,October,Bicyclist Ride Out - Signalized  Intersection,2012,33.0,No,O: No Injury,Female,Sport Utility,No,35.22036337,-80.81212875,Dry,30 - 35  MPH,Stop And Go Signal,Clear,No,0,0,10
Yes,49.0,Yes,With Traffic,B: Suspected Minor Injury,Male,Lenoir,Caldwell,Yes,Monday,Motorist Overtaking Bicyclist,23.0,October,Motorist Overtaking - Other / Unknown,2012,21.0,No,O: No Injury,Male,Pickup,No,35.89663218,-81.56066001,Dry,40 - 45  MPH,No Control Present,Cloudy,No,0,0,10
No,32.52649525389365,No,With Traffic,Unknown Injury,Unknown,Wilmington,New Hanover,No,Thursday,Motorist Overtaking Bicyclist,15.0,September,Motorist Overtaking - Other / Unknown,2012,42.03850604944766,Unknown,Unknown Injury,Unknown,Unknown,Yes,34.23195276,-77.88752896,Dry,40 - 45  MPH,Stop And Go Signal,Clear,No,1,1,9
Yes,23.0,No,Facing Traffic,B: Suspected Minor Injury,Male,Wilmington,New Hanover,No,Friday,Motorist Failed to Yield - Sign-Controlled Intersection,7.0,September,Motorist Drive Out - Sign-Controlled Intersection,2012,18.0,No,O: No Injury,Female,Passenger Car,No,34.22557057,-77.9057365,Dry,20 - 25  MPH,Stop Sign,Clear,No,0,0,9
No,10.0,No,Unknown,C: Possible Injury,Male,Farmville,Pitt,No,Tuesday,Bicyclist Failed to Yield - Midblock,0.0,October,Bicyclist Ride Out - Midblock - Unknown,2012,30.0,No,O: No Injury,Female,Passenger Car,No,35.59911345,-77.58749021,Dry,30 - 35  MPH,No Control Present,Cloudy,No,0,0,10
Yes,28.0,No,With Traffic,B: Suspected Minor Injury,Male,Raleigh,Wake,No,Tuesday,Motorist Left Turn / Merge,11.0,October,Motorist Left Turn - Opposite Direction,2012,19.0,No,O: No Injury,Female,Sport Utility,No,35.77907136,-78.67680053,Wet,30 - 35  MPH,No Control Present,Rain,No,0,0,10
Yes,10.0,No,Unknown,B: Suspected Minor Injury,Male,Raleigh,Wake,No,Wednesday,Crossing Paths - Other Circumstances,8.0,October,Sign-Controlled Intersection - Other / Unknown,2012,30.0,No,O: No Injury,Female,Passenger Car,No,35.84296953,-78.62357641,Dry,30 - 35  MPH,No Control Present,Clear,No,0,0,10
Yes,17.0,No,Facing Traffic,B: Suspected Minor Injury,Male,Raleigh,Wake,No,Saturday,Motorist Failed to Yield - Signalized Intersection,12.0,October,Motorist Drive Out - Right Turn on Red,2012,22.0,No,O: No Injury,Female,Sport Utility,No,35.87952559,-78.62519711,Dry,40 - 45  MPH,Stop And Go Signal,Clear,No,0,0,10
Yes,37.0,No,With Traffic,C: Possible Injury,Male,Raleigh,Wake,No,Saturday,Motorist Left Turn / Merge,17.0,October,Motorist Left Turn - Opposite Direction,2012,26.0,No,C: Possible Injury,Female,Passenger Car,No,35.91953425,-78.73528333,Dry,20 - 25  MPH,No Control Present,Clear,No,0,0,10
Yes,35.0,Yes,With Traffic,C: Possible Injury,Male,Goldsboro,Wayne,Yes,Saturday,Motorist Overtaking Bicyclist,1.0,October,Motorist Overtaking - Bicyclist Swerved,2012,47.0,No,O: No Injury,Male,Passenger Car,No,35.38437945,-77.92657741,Dry,40 - 45  MPH,No Control Present,Clear,No,0,0,10
Yes,57.0,No,With Traffic,B: Suspected Minor Injury,Male,Raleigh,Wake,No,Tuesday,Motorist Left Turn / Merge,11.0,October,Motorist Left Turn - Opposite Direction,2012,64.0,No,O: No Injury,Male,Sport Utility,No,35.88302065,-78.74090679,Dry,30 - 35  MPH,No Control Present,Clear,No,0,0,10
Yes,36.0,No,Facing Traffic,C: Possible Injury,Female,Wilson,Wilson,Yes,Friday,Motorist Failed to Yield - Sign-Controlled Intersection,18.0,September,Motorist Drive Out - Sign-Controlled Intersection,2012,67.0,Yes,O: No Injury,Male,Pickup,No,35.70908381,-77.94660935,Dry,40 - 45  MPH,Stop Sign,Cloudy,No,0,0,9
Yes,50.0,Yes,With Traffic,K: Killed,Male,None - Rural Crash,Robeson,Yes,Thursday,Motorist Overtaking Bicyclist,20.0,October,Motorist Overtaking - Other / Unknown,2012,56.0,No,O: No Injury,Male,Van,No,34.53142178,-79.09761968,Dry,50 - 55  MPH,No Control Present,Clear,No,0,0,10
Yes,31.0,No,Not Applicable,B: Suspected Minor Injury,Male,Jacksonville,Onslow,No,Wednesday,Bicyclist Failed to Yield - Midblock,15.0,September,Bicyclist Ride Out - Other Midblock,2012,48.0,No,O: No Injury,Female,Passenger Car,No,34.76049097,-77.4011326,Dry,30 - 35  MPH,Other,Clear,No,0,0,9
No,61.0,No,With Traffic,O: No Injury,Female,Emerald Isle,Carteret,No,Sunday,Bicyclist Failed to Yield - Signalized Intersection,11.0,October,Bicyclist Ride Out - Signalized  Intersection,2012,23.0,No,O: No Injury,Female,Sport Utility,No,34.66181816,-77.04900303,Dry,40 - 45  MPH,Stop And Go Signal,Clear,No,0,0,10
Yes,19.0,No,With Traffic,B: Suspected Minor Injury,Male,Rockwell,Rowan,No,Friday,Motorist Overtaking Bicyclist,18.0,October,Motorist Overtaking - Bicyclist Swerved,2012,48.0,No,B: Suspected Minor Injury,Male,Motorcycle,No,35.55567854,-80.41357637,Dry,30 - 35  MPH,No Control Present,Clear,No,0,0,10
Yes,32.0,No,Not Applicable,B: Suspected Minor Injury,Male,Gastonia,Gaston,No,Friday,Crossing Paths - Other Circumstances,21.0,September,Crossing Paths - Uncontrolled Intersection,2012,42.03850604944766,Missing,Unknown Injury,Unknown,Unknown,Yes,35.26306818,-81.20549145,Dry,30 - 35  MPH,No Control Present,Clear,No,1,0,9
No,54.0,No,With Traffic,C: Possible Injury,Male,None - Rural Crash,Brunswick,No,Thursday,Motorist Overtaking Bicyclist,18.0,October,Motorist Overtaking - Other / Unknown,2012,32.0,No,O: No Injury,Male,Pickup,No,33.95315818,-78.05137992,Dry,40 - 45  MPH,No Control Present,Clear,No,0,0,10
Yes,38.0,No,Facing Traffic,B: Suspected Minor Injury,Male,Greensboro,Guilford,No,Thursday,Motorist Failed to Yield - Midblock,17.0,October,Motorist Drive Out - Commercial Driveway / Alley,2012,34.0,No,O: No Injury,Female,Passenger Car,No,36.04636169,-79.83879275,Dry,5 - 15 MPH,No Control Present,Clear,No,0,0,10
Yes,44.0,No,With Traffic,B: Suspected Minor Injury,Female,Apex,Wake,No,Wednesday,Motorist Overtaking Bicyclist,16.0,October,Motorist Overtaking - Misjudged Space,2012,37.0,No,O: No Injury,Male,Pickup,No,35.72924161,-78.83950594,Dry,30 - 35  MPH,Stop And Go Signal,Clear,No,0,0,10
Yes,21.0,No,Facing Traffic,B: Suspected Minor Injury,Female,Cary,Wake,No,Saturday,Motorist Failed to Yield - Sign-Controlled Intersection,15.0,October,Motorist Drive Out - Sign-Controlled Intersection,2012,28.0,No,O: No Injury,Female,Passenger Car,No,35.79161202,-78.82303447,Dry,20 - 25  MPH,Stop Sign,Clear,No,0,0,10
Yes,23.0,No,With Traffic,A: Suspected Serious Injury,Male,Mint Hill,Mecklenburg,No,Tuesday,Motorist Overtaking Bicyclist,5.0,October,Motorist Overtaking - Bicyclist Swerved,2012,70.0,No,O: No Injury,Female,Passenger Car,No,35.1819152,-80.69187834,Wet,30 - 35  MPH,No Control Present,Rain,No,0,0,10
Yes,46.0,Yes,With Traffic,C: Possible Injury,Male,Kinston,Lenoir,Yes,Tuesday,Motorist Failed to Yield - Sign-Controlled Intersection,21.0,October,Motorist Drive Out - Sign-Controlled Intersection,2012,40.0,No,O: No Injury,Male,Sport Utility,No,35.265082,-77.566649,Dry,30 - 35  MPH,Stop Sign,Clear,No,0,0,10