AmbulanceR,BikeAge,BikeAlcFlg,BikeDir,BikeInjury,BikeSex,City,County,CrashAlcoh,CrashDay,CrashGrp,CrashHour,CrashMonth,CrashType,CrashYear,DrvrAge,DrvrAlcFlg,DrvrInjury,DrvrSex,DrvrVehTyp,HitRun,Latitude,Longitude,RdConditio,SpeedLimit,TraffCntrl,Weather,Workzone,DrvrAgeImputedFlag,BikeAgeImputedFlag,MonthCode
Yes,28.0,No,Facing Traffic,C: Possible Injury,Male,Greensboro,Guilford,No,Friday,Bicyclist Failed to Yield - Signalized Intersection,8.0,October,Bicyclist Ride Through - Signalized Intersection,2012,35.0,No,O: No Injury,Female,Van,No,36.07337593,-79.78681609,Dry,20 - 25  MPH,Stop And Go Signal,Clear,No,0,0,10
Yes,43.0,No,With Traffic,C: Possible Injury,Female,None - Rural Crash,New Hanover,No,Saturday,Motorist Left Turn / Merge,13.0,October,Motorist Left Turn - Opposite Direction,2012,23.0,No,O: No Injury,Male,Sport Utility,No,34.27903316,-77.96079877,Dry,50 - 55  MPH,No Control Present,Clear,No,0,0,10
Yes,24.0,Unknown,With Traffic,B: Suspected Minor Injury,Male,None - Rural Crash,Cumberland,No,Friday,Motorist Overtaking Bicyclist,13.0,October,Motorist Overtaking - Other / Unknown,2012,42.03850604944766,Unknown,Unknown Injury,Unknown,Unknown,Yes,35.00588562,-78.92141591,Dry,40 - 45  MPH,"Double Yellow Line, No Passing Zone",Clear,No,1,0,10
Yes,55.0,Unknown,Facing Traffic,C: Possible Injury,Male,Charlotte,Mecklenburg,No,Saturday,Crossing Paths - Other Circumstances,19.0,October,Signalized Intersection - Other / Unknown,2012,25.0,Missing,Unknown Injury,Female,Unknown,Yes,35.2124927,-80.89313379,Dry,30 - 35  MPH,Stop And Go Signal,Clear,No,0,0,10
Yes,17.0,No,With Traffic,B: Suspected Minor Injury,Female,Durham,Durham,No,Saturday,Bicyclist Overtaking Motorist,15.0,October,Bicyclist Overtaking - Extended Door,2012,62.0,Missing,O: No Injury,Female,Passenger Car,No,36.01366835,-78.92184914,Dry,30 - 35  MPH,No Control Present,Clear,No,0,0,10
Yes,10.0,No,With Traffic,C: Possible Injury,Male,None - Rural Crash,Wake,No,Sunday,Bicyclist Failed to Yield - Sign-Controlled Intersection,13.0,October,Bicyclist Ride Through - Sign-Controlled Intersection,2012,17.0,No,O: No Injury,Female,Passenger Car,No,35.73051108,-78.59727224,Dry,20 - 25  MPH,Stop Sign,Clear,No,0,0,10
Yes,4.0,No,Not Applicable,C: Possible Injury,Female,Charlotte,Mecklenburg,No,Saturday,Bicyclist Failed to Yield - Midblock,18.0,October,Bicyclist Ride Out - Residential Driveway,2012,38.0,No,O: No Injury,Female,Passenger Car,No,35.17403427,-80.71322785,Dry,20 - 25  MPH,No Control Present,Clear,No,0,0,10
No,32.52649525389365,Missing,Facing Traffic,Unknown Injury,Unknown,Fayetteville,Cumberland,No,Saturday,Motorist Failed to Yield - Signalized Intersection,18.0,October,Motorist Drive Out - Right Turn on Red,2012,45.0,No,O: No Injury,Male,Passenger Car,No,35.08819011,-78.92679197,Dry,30 - 35  MPH,Stop And Go Signal,Clear,No,0,1,10
Yes,25.0,Yes,With Traffic,B: Suspected Minor Injury,Female,Raleigh,Wake,Yes,Friday,Head-On,18.0,October,Head-On - Motorist,2012,42.03850604944766,Missing,Unknown Injury,Unknown,Passenger Car,Yes,35.83068099,-78.59406468,Dry,20 - 25  MPH,No Control Present,Clear,No,1,0,10
No,34.0,No,With Traffic,C: Possible Injury,Male,Raleigh,Wake,No,Saturday,Bicyclist Failed to Yield - Signalized Intersection,15.0,October,Bicyclist Ride Through - Signalized Intersection,2012,21.0,No,O: No Injury,Male,Passenger Car,No,35.83942425,-78.64237647,Dry,30 - 35  MPH,Stop And Go Signal,Clear,No,0,0,10
Yes,62.0,No,With Traffic,B: Suspected Minor Injury,Male,None - Rural Crash,Caldwell,No,Friday,Motorist Right Turn / Merge,11.0,October,Motorist Right Turn - Same Direction,2012,57.0,No,O: No Injury,Female,Passenger Car,No,35.8600114,-81.344606,Dry,50 - 55  MPH,"Double Yellow Line, No Passing Zone",Clear,No,0,0,10
Yes,59.0,No,With Traffic,B: Suspected Minor Injury,Male,None - Rural Crash,Wilson,No,Thursday,Head-On,17.0,October,Head-On - Unknown,2012,44.0,No,O: No Injury,Male,Passenger Car,No,35.716126,-77.919432,Dry,30 - 35  MPH,No Control Present,Clear,No,0,0,10
Yes,52.0,Yes,With Traffic,C: Possible Injury,Male,Burlington,Alamance,Yes,Friday,Loss of Control / Turning Error,20.0,October,Motorist Turning Error - Left Turn,2012,62.0,No,O: No Injury,Male,Passenger Car,No,36.10204131,-79.43180374,Dry,30 - 35  MPH,No Control Present,Clear,No,0,0,10
No,36.0,No,With Traffic,C: Possible Injury,Male,Gastonia,Gaston,No,Sunday,Motorist Failed to Yield - Sign-Controlled Intersection,19.0,October,Motorist Drive Through - Sign-Controlled Intersection,2012,42.03850604944766,Missing,Unknown Injury,Unknown,Unknown,Yes,35.25760289,-81.21092186,Dry,20 - 25  MPH,No Control Present,Clear,No,1,0,10
No,61.0,No,With Traffic,O: No Injury,Male,Lumberton,Robeson,No,Thursday,Motorist Overtaking Bicyclist,14.0,October,Motorist Overtaking - Other / Unknown,2012,89.0,No,O: No Injury,Female,Passenger Car,No,34.663856,-79.000257,Dry,30 - 35  MPH,No Control Present,Clear,No,0,0,10
Yes,27.0,No,With Traffic,B: Suspected Minor Injury,Male,Wilmington,New Hanover,No,Wednesday,Motorist Right Turn / Merge,17.0,October,Motorist Right Turn - Same Direction,2012,42.03850604944766,Missing,Unknown Injury,Unknown,Pickup,Yes,34.22550493,-77.92763291,Dry,30 - 35  MPH,Stop And Go Signal,Clear,No,1,0,10
Yes,33.0,No,Facing Traffic,B: Suspected Minor Injury,Male,Wilmington,New Hanover,No,Monday,Bicyclist Failed to Yield - Sign-Controlled Intersection,11.0,October,Bicyclist Ride Through - Sign-Controlled Intersection,2012,24.0,No,O: No Injury,Female,Passenger Car,No,34.23165034,-77.94695046,Dry,20 - 25  MPH,Stop Sign,Clear,No,0,0,10
Yes,10.0,No,With Traffic,A: Suspected Serious Injury,Male,Durham,Durham,No,Tuesday,Bicyclist Failed to Yield - Sign-Controlled Intersection,17.0,October,Bicyclist Ride Through - Sign-Controlled Intersection,2012,31.0,No,O: No Injury,Female,Sport Utility,No,35.96326,-78.885694,Dry,30 - 35  MPH,Stop Sign,Clear,No,0,0,10
Yes,22.0,No,With Traffic,C: Possible Injury,Female,Durham,Durham,No,Saturday,Motorist Left Turn / Merge,11.0,September,Motorist Left Turn - Opposite Direction,2012,31.0,No,O: No Injury,Male,Passenger Car,No,35.99966209,-78.90150688,Dry,30 - 35  MPH,No Control Present,Clear,No,0,0,9
Yes,37.0,No,With Traffic,B: Suspected Minor Injury,Male,Winston-Salem,Forsyth,No,Wednesday,Motorist Overtaking Bicyclist,18.0,October,Motorist Overtaking - Other / Unknown,2012,42.03850604944766,Missing,Unknown Injury,Unknown,Unknown,Yes,36.08564929,-80.15795127,Dry,30 - 35  MPH,No Control Present,Clear,No,1,0,10
No,9.0,No,Unknown,C: Possible Injury,Female,Winston-Salem,Forsyth,No,Friday,Bicyclist Failed to Yield - Midblock,16.0,October,Bicyclist Ride Out - Midblock - Unknown,2012,42.03850604944766,Missing,Unknown Injury,Unknown,Passenger Car,Yes,36.066874,-80.22,Dry,20 - 25  MPH,No Control Present,Clear,No,1,0,10
No,25.0,No,Not Applicable,O: No Injury,Male,Raleigh,Wake,No,Friday,Non-Roadway,15.0,October,Non-Roadway,2012,48.0,No,O: No Injury,Female,Passenger Car,No,35.83843186,-78.61293663,Dry,5 - 15 MPH,No Control Present,Clear,No,0,0,10
No,56.0,No,With Traffic,C: Possible Injury,Male,Winston-Salem,Forsyth,No,Sunday,Motorist Right Turn / Merge,18.0,October,Motorist Right Turn - Same Direction,2012,44.0,No,O: No Injury,Female,Sport Utility,No,36.12906251,-80.28746718,Dry,30 - 35  MPH,Stop And Go Signal,Clear,No,0,0,10
Yes,27.0,Yes,With Traffic,C: Possible Injury,Male,Knightdale,Wake,Yes,Thursday,Motorist Overtaking Bicyclist,19.0,October,Motorist Overtaking - Other / Unknown,2012,42.03850604944766,Unknown,Unknown Injury,Unknown,Pickup,Yes,35.81272049,-78.46939445,Dry,40 - 45  MPH,No Control Present,Clear,No,1,0,10
Yes,21.0,No,Facing Traffic,C: Possible Injury,Male,Wilmington,New Hanover,No,Sunday,Motorist Failed to Yield - Sign-Controlled Intersection,11.0,October,Motorist Drive Out - Sign-Controlled Intersection,2012,31.0,No,O: No Injury,Female,Passenger Car,No,34.21972115,-77.88469845,Dry,20 - 25  MPH,Stop Sign,Clear,No,0,0,10
Yes,21.0,No,With Traffic,C: Possible Injury,Male,Wilmington,New Hanover,No,Saturday,Loss of Control / Turning Error,20.0,October,Motorist Lost Control - Other / Unknown,2012,19.0,No,O: No Injury,Male,Passenger Car,No,34.22934033,-77.92928233,Dry,20 - 25  MPH,Stop Sign,Clear,No,0,0,10
No,43.0,No,With Traffic,B: Suspected Minor Injury,Male,None - Rural Crash,Rockingham,No,Thursday,Motorist Overtaking Bicyclist,5.0,October,Motorist Overtaking - Other / Unknown,2012,42.03850604944766,Unknown,Unknown Injury,Unknown,Passenger Car,Yes,36.26376217,-79.64937085,Dry,60 - 75 MPH,No Control Present,Clear,No,1,0,10
No,21.0,No,With Traffic,C: Possible Injury,Male,None - Rural Crash,Guilford,No,Thursday,Motorist Right Turn / Merge,10.0,October,Motorist Right Turn - Same Direction,2012,19.0,No,O: No Injury,Female,Passenger Car,No,36.06528583,-79.81274015,Dry,20 - 25  MPH,Stop Sign,Clear,No,0,0,10
No,27.0,No,Facing Traffic,C: Possible Injury,Female,Cary,Wake,No,Thursday,Motorist Failed to Yield - Sign-Controlled Intersection,18.0,October,Motorist Drive Out - Sign-Controlled Intersection,2012,27.0,No,O: No Injury,Female,Sport Utility,No,35.79437064,-78.78323522,Dry,20 - 25  MPH,Stop Sign,Clear,No,0,0,10
Yes,28.0,No,With Traffic,C: Possible Injury,Male,Greensboro,Guilford,No,Wednesday,Motorist Left Turn / Merge,16.0,October,Motorist Left Turn - Opposite Direction,2012,68.0,No,O: No Injury,Female,Passenger Car,No,36.06735633,-79.79064281,Dry,30 - 35  MPH,"Double Yellow Line, No Passing Zone",Clear,No,0,0,10
Yes,22.0,No,With Traffic,B: Suspected Minor Injury,Male,Wilmington,New Hanover,No,Sunday,Motorist Failed to Yield - Midblock,15.0,October,Motorist Drive Out - Commercial Driveway / Alley,2012,42.03850604944766,Unknown,Unknown Injury,Unknown,Unknown,Yes,34.23536457,-77.87032269,Dry,30 - 35  MPH,No Control Present,Clear,No,1,0,10
Yes,25.0,No,With Traffic,B: Suspected Minor Injury,Male,None - Rural Crash,Rowan,No,Tuesday,Motorist Overtaking Bicyclist,6.0,October,Motorist Overtaking - Undetected Bicyclist,2012,21.0,No,O: No Injury,Male,Pickup,No,35.61392886,-80.49459978,Dry,50 - 55  MPH,"Double Yellow Line, No Passing Zone",Clear,No,0,0,10
Yes,24.0,No,With Traffic,B: Suspected Minor Injury,Female,Chapel Hill,Orange,No,Monday,Motorist Left Turn / Merge,16.0,October,Motorist Left Turn - Opposite Direction,2012,71.0,No,O: No Injury,Female,Passenger Car,No,35.91687666,-79.04589432,Dry,30 - 35  MPH,Stop And Go Signal,Clear,No,0,0,10
Yes,13.0,No,Facing Traffic,C: Possible Injury,Male,Durham,Durham,No,Monday,Head-On,15.0,October,Head-On - Bicyclist,2012,71.0,No,O: No Injury,Male,Sport Utility,No,36.03254038,-78.9843221,Dry,30 - 35  MPH,Stop Sign,Cloudy,No,0,0,10
Yes,59.0,No,Facing Traffic,A: Suspected Serious Injury,Male,None - Rural Crash,Cumberland,No,Friday,Head-On,16.0,October,Head-On - Bicyclist,2012,63.0,No,O: No Injury,Male,Passenger Car,No,35.00072535,-78.90013666,Dry,40 - 45  MPH,No Control Present,Clear,No,0,0,10
No,27.0,No,With Traffic,C: Possible Injury,Male,Durham,Durham,No,Thursday,Motorist Failed to Yield - Sign-Controlled Intersection,7.0,October,Motorist Drive Out - Sign-Controlled Intersection,2012,26.0,No,O: No Injury,Female,Passenger Car,No,35.99680457,-78.91430182,Dry,30 - 35  MPH,Stop Sign,Cloudy,No,0,0,10
Yes,40.0,No,With Traffic,K: Killed,Male,None - Rural Crash,Bertie,No,Tuesday,Motorist Overtaking Bicyclist,17.0,October,Motorist Overtaking - Other / Unknown,2012,28.0,Unknown,O: No Injury,Male,Pickup,No,35.88306215,-77.0256071,Dry,50 - 55  MPH,No Control Present,Clear,No,0,0,10
Yes,67.0,No,Facing Traffic,C: Possible Injury,Male,Fayetteville,Cumberland,No,Tuesday,Motorist Failed to Yield - Sign-Controlled Intersection,11.0,October,Motorist Drive Out - Sign-Controlled Intersection,2012,25.0,No,O: No Injury,Male,Police,No,35.06492653,-78.88984611,Dry,30 - 35  MPH,Stop Sign,Clear,No,0,0,10
Yes,21.0,No,Facing Traffic,B: Suspected Minor Injury,Male,Concord,Cabarrus,No,Saturday,Head-On,20.0,October,Head-On - Bicyclist,2012,21.0,No,O: No Injury,Male,Sport Utility,No,35.35185917,-80.68891495,Dry,40 - 45  MPH,Stop Sign,Clear,No,0,0,10
Yes,54.0,No,With Traffic,C: Possible Injury,Male,Raleigh,Wake,No,Monday,Crossing Paths - Other Circumstances,6.0,October,Signalized Intersection - Other / Unknown,2012,62.0,No,O: No Injury,Male,Passenger Car,No,35.78049723,-78.62230502,Wet,30 - 35  MPH,Stop And Go Signal,Rain,No,0,0,10
Yes,27.0,No,Facing Traffic,Unknown Injury,Female,Raleigh,Wake,No,Monday,Crossing Paths - Other Circumstances,17.0,October,Signalized Intersection - Other / Unknown,2012,53.0,No,O: No Injury,Male,Passenger Car,No,35.78048854,-78.64497891,Dry,30 - 35  MPH,Stop And Go Signal,Clear,No,0,0,10
Yes,13.0,No,Not Applicable,B: Suspected Minor Injury,Male,Oxford,Granville,No,Saturday,Bicyclist Failed to Yield - Midblock,15.0,September,Bicyclist Ride Out - Commercial Driveway / Alley,2012,22.0,No,O: No Injury,Female,Passenger Car,No,36.32714515,-78.59908654,Dry,20 - 25  MPH,No Control Present,Clear,No,0,0,9
No,32.52649525389365,No,Facing Traffic,C: Possible Injury,Male,Greenville,Pitt,No,Saturday,Crossing Paths - Other Circumstances,20.0,October,Signalized Intersection - Other / Unknown,2012,42.03850604944766,Missing,Unknown Injury,Unknown,Passenger Car,Yes,35.59179702,-77.38952888,"Water (Standing, Moving)",30 - 35  MPH,Stop And Go Signal,Rain,No,1,1,10
Yes,11.0,No,With Traffic,B: Suspected Minor Injury,Male,Maiden,Catawba,No,Monday,Bicyclist Failed to Yield - Sign-Controlled Intersection,11.0,August,Bicyclist Ride Through - Sign-Controlled Intersection,2012,42.0,No,O: No Injury,Female,Passenger Car,No,35.57626,-81.206007,Dry,30 - 35  MPH,Stop Sign,Cloudy,No,0,0,8
No,26.0,No,With Traffic,O: No Injury,Male,Greensboro,Guilford,No,Thursday,Loss of Control / Turning Error,12.0,October,Bicyclist Turning Error - Right Turn,2012,21.0,No,O: No Injury,Female,Passenger Car,No,36.06639529,-79.80545516,Dry,20 - 25  MPH,Stop And Go Signal,Clear,No,0,0,10
No,56.0,No,With Traffic,B: Suspected Minor Injury,Male,Hickory,Catawba,No,Thursday,Motorist Right Turn / Merge,13.0,October,Motorist Right Turn - Same Direction,2012,55.0,No,O: No Injury,Female,Sport Utility,No,35.7521731,-81.28642314,Dry,40 - 45  MPH,No Control Present,Clear,No,0,0,10
Yes,56.0,No,Facing Traffic,C: Possible Injury,Female,Fayetteville,Cumberland,No,Wednesday,Motorist Failed to Yield - Midblock,16.0,October,Motorist Drive Out - Commercial Driveway / Alley,2012,28.0,No,O: No Injury,Male,Passenger Car,No,35.04630574,-78.86539632,Dry,30 - 35  MPH,No Control Present,Clear,No,0,0,10
Yes,53.0,No,With Traffic,A: Suspected Serious Injury,Male,None - Rural Crash,Person,No,Saturday,Motorist Overtaking Bicyclist,19.0,November,Motorist Overtaking - Other / Unknown,2012,42.03850604944766,Missing,Unknown Injury,Unknown,Unknown,Yes,36.45796281,-79.0061541,Dry,40 - 45  MPH,"Double Yellow Line, No Passing Zone",Clear,No,1,0,11
No,57.0,Yes,Facing Traffic,O: No Injury,Male,None - Rural Crash,Washington,Yes,Thursday,Bicyclist Right Turn / Merge,19.0,November,Bicyclist Right Turn - Same Direction,2012,47.0,No,O: No Injury,Male,Passenger Car,No,35.88795878,-76.66922053,Dry,50 - 55  MPH,"Double Yellow Line, No Passing Zone",Clear,No,0,0,11
No,21.0,No,With Traffic,C: Possible Injury,Male,Greensboro,Guilford,No,Thursday,Motorist Right Turn / Merge,10.0,October,Motorist Right Turn - Same Direction,2012,19.0,No,O: No Injury,Female,Passenger Car,No,36.06527856,-79.81276492,Dry,20 - 25  MPH,Stop Sign,Clear,No,0,0,10
Yes,39.0,No,With Traffic,O: No Injury,Male,Charlotte,Mecklenburg,No,Sunday,Motorist Failed to Yield - Sign-Controlled Intersection,0.0,November,Motorist Drive Out - Sign-Controlled Intersection,2012,23.0,No,O: No Injury,Female,Passenger Car,No,35.21572,-80.81545,Dry,20 - 25  MPH,Stop Sign,Clear,No,0,0,11
Yes,50.0,No,With Traffic,B: Suspected Minor Injury,Male,None - Rural Crash,Onslow,No,Thursday,Motorist Overtaking Bicyclist,18.0,November,Motorist Overtaking - Other / Unknown,2012,30.0,No,O: No Injury,Male,Passenger Car,No,34.81627293,-77.45835663,Dry,30 - 35  MPH,"Double Yellow Line, No Passing Zone",Clear,No,0,0,11
Yes,11.0,No,With Traffic,C: Possible Injury,Male,Charlotte,Mecklenburg,No,Monday,Bicyclist Failed to Yield - Sign-Controlled Intersection,16.0,November,Bicyclist Ride Through - Sign-Controlled Intersection,2012,38.0,No,C: Possible Injury,Female,Passenger Car,No,35.22986597,-80.81339222,Dry,20 - 25  MPH,No Control Present,Clear,No,0,0,11
Yes,61.0,Yes,With Traffic,K: Killed,Male,None - Rural Crash,Duplin,Yes,Tuesday,Motorist Overtaking Bicyclist,19.0,October,Motorist Overtaking - Undetected Bicyclist,2012,35.0,Yes,O: No Injury,Male,Unknown,Yes,34.80976727,-77.94330212,Wet,50 - 55  MPH,No Control Present,Rain,No,0,0,10
Yes,41.0,No,With Traffic,B: Suspected Minor Injury,Male,Kinston,Lenoir,No,Monday,Motorist Right Turn / Merge,16.0,November,Motorist Right Turn - Same Direction,2012,34.0,No,O: No Injury,Female,Passenger Car,No,35.26892871,-77.58427512,Dry,30 - 35  MPH,Stop Sign,Clear,No,0,0,11
Yes,46.0,No,Facing Traffic,B: Suspected Minor Injury,Male,Greensboro,Guilford,No,Saturday,Motorist Failed to Yield - Midblock,20.0,June,Motorist Drive Out - Commercial Driveway / Alley,2012,42.03850604944766,Unknown,Unknown Injury,Unknown,Passenger Car,Yes,36.1315567,-79.79649187,Dry,5 - 15 MPH,No Control Present,Clear,No,1,0,6
No,43.0,No,With Traffic,Unknown Injury,Unknown,Wrightsville Beach,New Hanover,No,Wednesday,Motorist Left Turn / Merge,17.0,October,Motorist Left Turn - Opposite Direction,2012,59.0,No,O: No Injury,Female,Passenger Car,No,34.21411699,-77.80613856,Dry,30 - 35  MPH,No Control Present,Clear,No,0,0,10
No,28.0,No,With Traffic,O: No Injury,Male,Boone,Watauga,No,Friday,Bicyclist Overtaking Motorist,13.0,October,Bicyclist Overtaking - Passing on Right,2012,19.0,No,O: No Injury,Female,Passenger Car,No,36.21807762,-81.68298468,Dry,Unknown,"Double Yellow Line, No Passing Zone",Clear,No,0,0,10
No,23.0,No,With Traffic,C: Possible Injury,Male,Fayetteville,Cumberland,No,Monday,Crossing Paths - Other Circumstances,6.0,October,Signalized Intersection - Other / Unknown,2012,42.03850604944766,Missing,Unknown Injury,Unknown,Unknown,Yes,35.05044128,-78.87913527,Dry,30 - 35  MPH,Stop And Go Signal,Clear,No,1,0,10
Yes,57.0,Yes,With Traffic,B: Suspected Minor Injury,Male,None - Rural Crash,Davidson,Yes,Tuesday,Motorist Overtaking Bicyclist,10.0,November,Motorist Overtaking - Bicyclist Swerved,2012,78.0,No,O: No Injury,Male,Van,No,35.76274048,-80.263463,Dry,40 - 45  MPH,No Control Present,Cloudy,No,0,0,11
Yes,26.0,No,With Traffic,B: Suspected Minor Injury,Female,Wilmington,New Hanover,No,Tuesday,Bicyclist Failed to Yield - Signalized Intersection,14.0,October,Bicyclist Failed to Clear - Trapped,2012,47.0,No,O: No Injury,Female,Passenger Car,No,34.22451839,-77.82375143,Dry,20 - 25  MPH,Stop And Go Signal,Clear,No,0,0,10
Yes,25.0,No,With Traffic,O: No Injury,Male,Raleigh,Wake,No,Friday,Parking / Bus-Related,15.0,November,Motorist Drive In / Out - Parking,2012,39.0,No,O: No Injury,Male,Passenger Car,No,35.78550853,-78.66072633,Dry,20 - 25  MPH,No Control Present,Clear,No,0,0,11
Yes,28.0,No,With Traffic,B: Suspected Minor Injury,Male,Wilmington,New Hanover,No,Saturday,Motorist Failed to Yield - Signalized Intersection,17.0,October,Motorist Drive Out - Right Turn on Red,2012,48.0,No,O: No Injury,Female,Van,No,34.23084469,-77.87706869,Dry,40 - 45  MPH,Stop And Go Signal,Clear,No,0,0,10
Yes,28.0,No,With Traffic,C: Possible Injury,Male,Raleigh,Wake,No,Saturday,Motorist Left Turn / Merge,13.0,November,Motorist Left Turn - Opposite Direction,2012,17.0,No,O: No Injury,Female,Sport Utility,No,35.78863946,-78.65095105,Dry,30 - 35  MPH,Stop And Go Signal,Clear,No,0,0,11
Yes,8.0,No,Not Applicable,O: No Injury,Female,Raleigh,Wake,No,Saturday,Non-Roadway,17.0,November,Non-Roadway,2012,37.0,No,O: No Injury,Male,"Light Truck (Mini-Van, Panel)",No,35.9560814,-78.54386977,Dry,5 - 15 MPH,No Control Present,Clear,No,0,0,11
Yes,63.0,No,With Traffic,B: Suspected Minor Injury,Male,Raleigh,Wake,No,Wednesday,Motorist Left Turn / Merge,15.0,November,Motorist Left Turn - Opposite Direction,2012,36.0,No,O: No Injury,Male,Passenger Car,No,35.79305571,-78.6840664,Dry,30 - 35  MPH,No Control Present,Clear,No,0,0,11
Yes,24.0,No,With Traffic,C: Possible Injury,Male,Asheville,Buncombe,No,Wednesday,Motorist Left Turn / Merge,19.0,October,Motorist Left Turn - Opposite Direction,2012,20.0,No,O: No Injury,Female,Passenger Car,No,35.59792311,-82.55370737,Dry,30 - 35  MPH,Stop And Go Signal,Clear,No,0,0,10
Yes,47.0,No,With Traffic,C: Possible Injury,Male,Charlotte,Mecklenburg,No,Friday,Motorist Right Turn / Merge,11.0,November,Motorist Right Turn - Same Direction,2012,24.0,No,O: No Injury,Female,Sport Utility,No,35.05447865,-80.85005606,Dry,40 - 45  MPH,Stop And Go Signal,Clear,No,0,0,11
Yes,23.0,No,With Traffic,C: Possible Injury,Male,None - Rural Crash,Pitt,No,Thursday,Motorist Overtaking Bicyclist,19.0,November,Motorist Overtaking - Undetected Bicyclist,2012,43.0,No,O: No Injury,Male,Passenger Car,No,35.61398536,-77.31422054,Dry,50 - 55  MPH,No Control Present,Clear,No,0,0,11
Yes,48.0,Yes,With Traffic,K: Killed,Male,None - Rural Crash,Lee,Yes,Tuesday,Motorist Overtaking Bicyclist,20.0,November,Motorist Overtaking - Other / Unknown,2012,36.0,No,O: No Injury,Male,Passenger Car,No,35.41305986,-79.14915345,Dry,50 - 55  MPH,"Double Yellow Line, No Passing Zone",Clear,No,0,0,11
Yes,16.0,No,With Traffic,B: Suspected Minor Injury,Male,None - Rural Crash,Rutherford,No,Friday,Motorist Overtaking Bicyclist,18.0,November,Motorist Overtaking - Other / Unknown,2012,42.03850604944766,Missing,Unknown Injury,Unknown,Pickup,Yes,35.38350268,-81.73564252,Dry,50 - 55  MPH,"Double Yellow Line, No Passing Zone",Clear,No,1,0,11
Yes,17.0,No,Facing Traffic,C: Possible Injury,Male,Charlotte,Mecklenburg,No,Saturday,Crossing Paths - Other Circumstances,12.0,November,Signalized Intersection - Other / Unknown,2012,42.03850604944766,Missing,Unknown Injury,Unknown,Unknown,Yes,35.21606098,-80.88363023,Dry,30 - 35  MPH,Stop And Go Signal,Clear,No,1,0,11
Yes,45.0,No,With Traffic,A: Suspected Serious Injury,Male,None - Rural Crash,Davidson,No,Sunday,Motorist Left Turn / Merge,14.0,November,Motorist Left Turn - Opposite Direction,2012,74.0,No,O: No Injury,Female,Sport Utility,No,35.94994716,-80.08864162,Dry,40 - 45  MPH,"Double Yellow Line, No Passing Zone",Clear,No,0,0,11
Yes,23.0,No,Facing Traffic,C: Possible Injury,Male,None - Rural Crash,New Hanover,No,Sunday,Motorist Failed to Yield - Midblock,10.0,November,Motorist Drive Out - Commercial Driveway / Alley,2012,71.0,No,O: No Injury,Male,Van,No,34.14530528,-77.89879603,Dry,40 - 45  MPH,No Control Present,Clear,No,0,0,11
Yes,13.0,No,Facing Traffic,O: No Injury,Male,Greensboro,Guilford,No,Monday,Motorist Failed to Yield - Midblock,16.0,November,Motorist Drive Out - Other Midblock,2012,48.0,No,O: No Injury,Male,Sport Utility,No,36.14238414,-79.92542679,Wet,20 - 25  MPH,No Control Present,Cloudy,No,0,0,11
Yes,51.0,No,With Traffic,B: Suspected Minor Injury,Male,Rocky Mount,Nash,No,Thursday,Loss of Control / Turning Error,9.0,October,Motorist Lost Control - Other / Unknown,2012,76.0,No,C: Possible Injury,Male,Pickup,No,35.93204973,-77.80646579,Dry,20 - 25  MPH,Stop Sign,Clear,No,0,0,10
Yes,44.0,No,Facing Traffic,B: Suspected Minor Injury,Male,Morrisville,Wake,No,Thursday,Motorist Right Turn / Merge,16.0,November,Motorist Right Turn - Opposite Direction,2012,27.0,No,O: No Injury,Male,Passenger Car,No,35.85350188,-78.82881619,Dry,30 - 35  MPH,Stop And Go Signal,Clear,No,0,0,11
No,50.0,No,Facing Traffic,O: No Injury,Male,Greenville,Pitt,No,Saturday,Crossing Paths - Other Circumstances,9.0,November,Signalized Intersection - Other / Unknown,2012,20.0,No,O: No Injury,Female,Passenger Car,No,35.59107155,-77.37828475,Dry,40 - 45  MPH,No Control Present,Clear,No,0,0,11
Yes,52.0,No,With Traffic,C: Possible Injury,Male,Greensboro,Guilford,No,Friday,Motorist Right Turn / Merge,15.0,November,Motorist Right Turn - Same Direction,2012,23.0,No,O: No Injury,Male,Passenger Car,No,36.06527364,-79.81277041,Dry,20 - 25  MPH,Stop And Go Signal,Clear,No,0,0,11
Yes,68.0,No,With Traffic,C: Possible Injury,Male,Greensboro,Guilford,No,Sunday,Motorist Overtaking Bicyclist,10.0,November,Motorist Overtaking - Undetected Bicyclist,2012,28.0,No,O: No Injury,Female,Passenger Car,No,36.13688838,-79.82378431,Dry,30 - 35  MPH,No Control Present,Clear,No,0,0,11
No,54.0,Unknown,Facing Traffic,Unknown Injury,Male,Gastonia,Gaston,No,Wednesday,Motorist Failed to Yield - Signalized Intersection,9.0,October,Motorist Drive Out - Right Turn on Red,2012,42.03850604944766,Missing,Unknown Injury,Unknown,Sport Utility,Yes,35.27027016,-81.22257503,Dry,30 - 35  MPH,Stop And Go Signal,Clear,No,1,0,10