AmbulanceR,BikeAge,BikeAlcFlg,BikeDir,BikeInjury,BikeSex,City,County,CrashAlcoh,CrashDay,CrashGrp,CrashHour,CrashMonth,CrashType,CrashYear,DrvrAge,DrvrAlcFlg,DrvrInjury,DrvrSex,DrvrVehTyp,HitRun,Latitude,Longitude,RdConditio,SpeedLimit,TraffCntrl,Weather,Workzone,DrvrAgeImputedFlag,BikeAgeImputedFlag,MonthCode
No,26.0,No,Facing Traffic,B: Suspected Minor Injury,Male,Charlotte,Mecklenburg,No,Tuesday,Crossing Paths - Other Circumstances,16.0,October,Signalized Intersection - Other / Unknown,2012,58.0,No,O: No Injury,Male,Pickup,No,35.19434044,-80.8733054,Dry,30 - 35  MPH,Stop And Go Signal,Clear,No,0,0,10
Yes,57.0,No,With Traffic,B: Suspected Minor Injury,Male,Carrboro,Orange,No,Sunday,Motorist Overtaking Bicyclist,15.0,November,Motorist Overtaking - Bicyclist Swerved,2012,58.0,No,O: No Injury,Male,Pickup,No,35.91094486,-79.06697646,Dry,20 - 25  MPH,Stop And Go Signal,Clear,No,0,0,11
Yes,14.0,No,With Traffic,B: Suspected Minor Injury,Male,None - Rural Crash,Cabarrus,No,Tuesday,Bicyclist Failed to Yield - Sign-Controlled Intersection,17.0,November,Bicyclist Ride Through - Sign-Controlled Intersection,2012,17.0,No,O: No Injury,Male,Passenger Car,No,35.36283702,-80.55997182,Dry,40 - 45  MPH,Stop Sign,Clear,No,0,0,11
Yes,48.0,Unknown,Facing Traffic,A: Suspected Serious Injury,Male,Greenville,Pitt,No,Wednesday,Bicyclist Failed to Yield - Sign-Controlled Intersection,18.0,November,Bicyclist Ride Through - Sign-Controlled Intersection,2012,56.0,No,O: No Injury,Female,Van,No,35.59849068,-77.3911825,Wet,40 - 45  MPH,No Control Present,Rain,No,0,0,11
No,16.0,No,With Traffic,C: Possible Injury,Male,Concord,Cabarrus,No,Saturday,Bicyclist Left Turn / Merge,15.0,November,Bicyclist Left Turn - Same Direction,2012,25.0,No,O: No Injury,Female,Passenger Car,No,35.43405141,-80.63276458,Dry,40 - 45  MPH,No Control Present,Clear,No,0,0,11
No,64.0,Yes,With Traffic,C: Possible Injury,Male,Charlotte,Mecklenburg,Yes,Wednesday,Crossing Paths - Other Circumstances,16.0,November,Crossing Paths - Intersection - Other / Unknown,2012,41.0,No,O: No Injury,Male,Pickup,No,35.26059442,-80.87591897,Dry,50 - 55  MPH,No Control Present,Clear,No,0,0,11
Yes,35.0,No,With Traffic,B: Suspected Minor Injury,Male,Lenoir,Caldwell,No,Thursday,Motorist Overtaking Bicyclist,18.0,November,Motorist Overtaking - Undetected Bicyclist,2012,63.0,No,O: No Injury,Female,Passenger Car,No,35.88834829,-81.58012896,Dry,50 - 55  MPH,No Control Present,Clear,No,0,0,11
Yes,19.0,No,Not Applicable,B: Suspected Minor Injury,Male,Smithfield,Johnston,No,Thursday,Non-Roadway,13.0,November,Non-Roadway,2012,49.0,No,O: No Injury,Male,Sport Utility,No,35.50905352,-78.34059082,Dry,20 - 25  MPH,No Control Present,Clear,No,0,0,11
Yes,20.0,No,Facing Traffic,B: Suspected Minor Injury,Male,Greensboro,Guilford,No,Friday,Motorist Failed to Yield - Sign-Controlled Intersection,15.0,October,Motorist Drive Out - Sign-Controlled Intersection,2012,24.0,No,O: No Injury,Female,Passenger Car,No,36.08711892,-79.77557177,Dry,30 - 35  MPH,Stop Sign,Clear,No,0,0,10
Yes,7.0,No,With Traffic,B: Suspected Minor Injury,Male,Greensboro,Guilford,No,Wednesday,Bicyclist Failed to Yield - Sign-Controlled Intersection,17.0,May,Bicyclist Ride Through - Sign-Controlled Intersection,2012,38.0,No,O: No Injury,Male,Van,No,36.07348934,-79.74820232,Dry,30 - 35  MPH,Stop Sign,Clear,No,0,0,5
No,36.0,No,With Traffic,C: Possible Injury,Male,None - Rural Crash,Onslow,No,Friday,Loss of Control / Turning Error,17.0,November,Motorist Lost Control - Other / Unknown,2012,33.0,No,O: No Injury,Male,Sport Utility,No,34.71089081,-77.29780646,Dry,50 - 55  MPH,No Control Present,Clear,No,0,0,11
Yes,63.0,No,With Traffic,O: No Injury,Male,Greensboro,Guilford,No,Friday,Loss of Control / Turning Error,13.0,November,Motorist Lost Control - Other / Unknown,2012,44.0,No,C: Possible Injury,Female,Passenger Car,No,36.07242957,-79.79140409,Dry,30 - 35  MPH,Stop And Go Signal,Clear,No,0,0,11
No,20.0,No,With Traffic,C: Possible Injury,Male,None - Rural Crash,Johnston,No,Thursday,Loss of Control / Turning Error,11.0,November,Motorist Turning Error - Left Turn,2012,42.03850604944766,Unknown,Unknown Injury,Unknown,Pickup,Yes,35.79345221,-78.29028312,Dry,5 - 15 MPH,Stop Sign,Clear,No,1,0,11
Yes,53.0,Yes,With Traffic,B: Suspected Minor Injury,Male,Durham,Durham,Yes,Sunday,Motorist Overtaking Bicyclist,22.0,November,Motorist Overtaking - Undetected Bicyclist,2012,69.0,No,O: No Injury,Male,Passenger Car,No,35.99497316,-78.89725899,Dry,20 - 25  MPH,No Control Present,Clear,No,0,0,11
Yes,22.0,No,With Traffic,B: Suspected Minor Injury,Male,Elizabethtown,Bladen,No,Wednesday,Bicyclist Failed to Yield - Signalized Intersection,16.0,October,Bicyclist Ride Through - Signalized Intersection,2012,16.0,No,O: No Injury,Female,Passenger Car,No,34.62805575,-78.60794034,Dry,30 - 35  MPH,Stop And Go Signal,Clear,No,0,0,10
Yes,21.0,Unknown,Not Applicable,A: Suspected Serious Injury,Male,Wilson,Wilson,No,Monday,Bicyclist Failed to Yield - Midblock,14.0,October,Bicyclist Ride Out - Residential Driveway,2012,36.0,No,O: No Injury,Male,Passenger Car,No,35.74442705,-77.91273589,Dry,30 - 35  MPH,No Control Present,Cloudy,No,0,0,10
Yes,59.0,No,With Traffic,C: Possible Injury,Male,None - Rural Crash,Cleveland,No,Monday,Motorist Overtaking Bicyclist,17.0,November,Motorist Overtaking - Other / Unknown,2012,55.0,No,O: No Injury,Male,Pickup,No,35.26832829,-81.6385603,Dry,50 - 55  MPH,"Double Yellow Line, No Passing Zone",Clear,No,0,0,11
No,7.0,No,Facing Traffic,C: Possible Injury,Male,None - Rural Crash,Pasquotank,No,Saturday,Bicyclist Right Turn / Merge,13.0,November,Bicyclist Right Turn - Same Direction,2012,18.0,No,O: No Injury,Female,Passenger Car,No,36.24225299,-76.3143459,Dry,30 - 35  MPH,"Double Yellow Line, No Passing Zone",Clear,No,0,0,11
Yes,22.0,No,Facing Traffic,C: Possible Injury,Female,Greensboro,Guilford,No,Thursday,Crossing Paths - Other Circumstances,13.0,November,Crossing Paths - Intersection - Other / Unknown,2012,30.0,No,O: No Injury,Male,Passenger Car,No,36.06827829,-79.80495393,Dry,20 - 25  MPH,No Control Present,Clear,No,0,0,11
Yes,53.0,No,With Traffic,B: Suspected Minor Injury,Male,Greensboro,Guilford,No,Monday,Motorist Left Turn / Merge,18.0,September,Motorist Left Turn - Opposite Direction,2012,42.03850604944766,Missing,Unknown Injury,Unknown,Passenger Car,Yes,36.08451761,-79.77709983,Dry,30 - 35  MPH,No Control Present,Clear,No,1,0,9
Yes,19.0,Yes,Facing Traffic,C: Possible Injury,Male,Wilson,Wilson,Yes,Thursday,Motorist Failed to Yield - Midblock,17.0,October,Motorist Drive Out - Commercial Driveway / Alley,2012,58.0,No,O: No Injury,Male,Passenger Car,No,35.73257215,-77.91650338,Dry,30 - 35  MPH,No Control Present,Clear,No,0,0,10
Yes,12.0,No,Facing Traffic,B: Suspected Minor Injury,Male,Gastonia,Gaston,Yes,Saturday,Motorist Left Turn / Merge,19.0,October,Motorist Left Turn - Same Direction,2012,35.0,Yes,O: No Injury,Female,Passenger Car,No,35.26225582,-81.19569308,Dry,30 - 35  MPH,Stop Sign,Clear,No,0,0,10
Yes,29.0,No,Facing Traffic,B: Suspected Minor Injury,Male,Greenville,Pitt,No,Monday,Motorist Failed to Yield - Sign-Controlled Intersection,20.0,November,Motorist Drive Out - Sign-Controlled Intersection,2012,33.0,No,O: No Injury,Female,Sport Utility,No,35.57764817,-77.36282353,Dry,40 - 45  MPH,Stop Sign,Clear,No,0,0,11
Yes,33.0,No,Facing Traffic,B: Suspected Minor Injury,Male,Cary,Wake,No,Monday,Motorist Failed to Yield - Sign-Controlled Intersection,9.0,November,Motorist Drive Out - Sign-Controlled Intersection,2012,40.0,No,O: No Injury,Male,Passenger Car,No,35.76119796,-78.74403241,Dry,Unknown,Stop Sign,Clear,No,0,0,11
Yes,74.0,No,With Traffic,A: Suspected Serious Injury,Male,Hendersonville,Henderson,No,Monday,Motorist Overtaking Bicyclist,19.0,October,Motorist Overtaking - Other / Unknown,2012,32.0,No,O: No Injury,Male,Passenger Car,No,35.33641067,-82.44593757,Dry,30 - 35  MPH,No Control Present,Clear,No,0,0,10
Yes,73.0,No,With Traffic,B: Suspected Minor Injury,Male,Southern Pines,Moore,No,Wednesday,Motorist Overtaking Bicyclist,16.0,November,Motorist Overtaking - Bicyclist Swerved,2012,40.0,No,O: No Injury,Female,Passenger Car,No,35.1966685,-79.40246447,Dry,40 - 45  MPH,Stop And Go Signal,Clear,No,0,0,11
Yes,60.0,No,Facing Traffic,B: Suspected Minor Injury,Male,Southern Pines,Moore,No,Saturday,Bicyclist Failed to Yield - Sign-Controlled Intersection,17.0,November,Bicyclist Ride Through - Sign-Controlled Intersection,2012,17.0,No,O: No Injury,Female,Passenger Car,No,35.16665782,-79.40796414,Dry,30 - 35  MPH,Stop Sign,Clear,No,0,0,11
No,15.0,No,Facing Traffic,C: Possible Injury,Male,Jacksonville,Onslow,No,Wednesday,Motorist Failed to Yield - Sign-Controlled Intersection,17.0,October,Motorist Drive Out - Sign-Controlled Intersection,2012,47.0,No,O: No Injury,Male,Passenger Car,No,34.77941605,-77.42625569,Dry,20 - 25  MPH,Stop Sign,Clear,No,0,0,10
Yes,46.0,No,Facing Traffic,C: Possible Injury,Male,Durham,Durham,No,Wednesday,Crossing Paths - Other Circumstances,0.0,November,Signalized Intersection - Other / Unknown,2012,48.0,No,O: No Injury,Female,Passenger Car,No,36.0177367,-78.93631639,Dry,30 - 35  MPH,Stop And Go Signal,Clear,No,0,0,11
Yes,52.0,No,With Traffic,B: Suspected Minor Injury,Male,Mineral Springs,Union,No,Thursday,Head-On,11.0,November,Head-On - Bicyclist,2012,27.0,No,O: No Injury,Female,Passenger Car,No,34.93609203,-80.67356722,Dry,40 - 45  MPH,"Double Yellow Line, No Passing Zone",Clear,No,0,0,11
Yes,18.0,No,With Traffic,C: Possible Injury,Male,None - Rural Crash,Cleveland,No,Sunday,Motorist Overtaking Bicyclist,18.0,November,Motorist Overtaking - Undetected Bicyclist,2012,50.0,No,O: No Injury,Female,Passenger Car,No,35.1816979,-81.55329626,Dry,40 - 45  MPH,"Double Yellow Line, No Passing Zone",Clear,No,0,0,11
Yes,18.0,Unknown,With Traffic,B: Suspected Minor Injury,Male,Greenville,Pitt,No,Sunday,Bicyclist Failed to Yield - Sign-Controlled Intersection,14.0,November,Bicyclist Ride Through - Sign-Controlled Intersection,2012,57.0,No,O: No Injury,Female,Passenger Car,No,35.61310204,-77.38268125,Dry,30 - 35  MPH,Stop Sign,Clear,No,0,0,11
Yes,13.0,No,Facing Traffic,B: Suspected Minor Injury,Male,Greensboro,Guilford,No,Tuesday,Parallel Paths - Other Circumstances,12.0,June,Bicyclist Ride Out - Parallel Path,2012,39.0,No,O: No Injury,Male,Passenger Car,No,36.02438967,-79.79173598,Dry,30 - 35  MPH,No Control Present,Cloudy,No,0,0,6
Yes,51.0,No,With Traffic,C: Possible Injury,Male,Greensboro,Guilford,No,Tuesday,Motorist Overtaking Bicyclist,0.0,June,Motorist Overtaking - Other / Unknown,2012,20.0,No,O: No Injury,Male,Passenger Car,No,36.08507507,-79.74860174,Unknown,30 - 35  MPH,No Control Present,Other,No,0,0,6
Yes,32.52649525389365,Missing,Facing Traffic,Unknown Injury,Unknown,Greensboro,Guilford,No,Wednesday,Motorist Failed to Yield - Midblock,15.0,June,Motorist Drive Out - Commercial Driveway / Alley,2012,51.0,No,O: No Injury,Male,Passenger Car,Yes,36.03937607,-79.79909006,Dry,5 - 15 MPH,No Control Present,Clear,No,0,1,6
Yes,20.0,No,Facing Traffic,C: Possible Injury,Female,Greensboro,Guilford,No,Monday,Motorist Failed to Yield - Midblock,17.0,August,Motorist Drive Out - Commercial Driveway / Alley,2012,35.0,No,O: No Injury,Male,Passenger Car,No,36.06395674,-79.81783194,Dry,5 - 15 MPH,No Control Present,Clear,No,0,0,8
Yes,52.0,No,With Traffic,C: Possible Injury,Male,Lumberton,Robeson,No,Tuesday,Motorist Overtaking Bicyclist,12.0,November,Motorist Overtaking - Bicyclist Swerved,2012,83.0,No,O: No Injury,Female,Passenger Car,No,34.59319214,-79.11960928,Dry,50 - 55  MPH,"Double Yellow Line, No Passing Zone",Clear,No,0,0,11
No,23.0,No,With Traffic,B: Suspected Minor Injury,Male,Raleigh,Wake,No,Thursday,Motorist Overtaking Bicyclist,20.0,October,Motorist Overtaking - Undetected Bicyclist,2012,62.0,No,O: No Injury,Female,Sport Utility,No,35.78954945,-78.66541725,Dry,30 - 35  MPH,No Control Present,Clear,No,0,0,10
Yes,21.0,No,With Traffic,B: Suspected Minor Injury,Male,Fayetteville,Cumberland,No,Wednesday,Motorist Failed to Yield - Signalized Intersection,19.0,November,Motorist Drive Out - Right Turn on Red,2012,28.0,No,O: No Injury,Female,Passenger Car,No,35.05593195,-78.89306691,Dry,30 - 35  MPH,Stop And Go Signal,Clear,No,0,0,11
No,17.0,No,With Traffic,C: Possible Injury,Male,Jonesville,Yadkin,No,Tuesday,Bicyclist Failed to Yield - Sign-Controlled Intersection,11.0,November,Bicyclist Ride Through - Sign-Controlled Intersection,2012,43.0,No,O: No Injury,Female,Sport Utility,No,36.239883,-80.848932,Wet,30 - 35  MPH,No Control Present,Rain,No,0,0,11
Yes,23.0,No,With Traffic,B: Suspected Minor Injury,Male,Durham,Durham,No,Tuesday,Motorist Failed to Yield - Sign-Controlled Intersection,22.0,November,Motorist Drive Out - Sign-Controlled Intersection,2012,48.0,No,O: No Injury,Male,Passenger Car,No,35.890337,-78.943256,Wet,30 - 35  MPH,Stop Sign,Clear,No,0,0,11
No,32.52649525389365,Missing,Facing Traffic,Unknown Injury,Unknown,Lumberton,Robeson,No,Saturday,Bicyclist Failed to Yield - Sign-Controlled Intersection,17.0,October,Bicyclist Ride Through - Sign-Controlled Intersection,2012,62.0,No,O: No Injury,Female,Sport Utility,No,34.6202159,-79.00860418,Dry,20 - 25  MPH,No Control Present,Clear,No,0,1,10
Yes,55.0,No,With Traffic,B: Suspected Minor Injury,Male,Raleigh,Wake,No,Saturday,Motorist Overtaking Bicyclist,16.0,November,Motorist Overtaking - Other / Unknown,2012,42.03850604944766,Missing,Unknown Injury,Unknown,Unknown,Yes,35.83240749,-78.69105307,Dry,30 - 35  MPH,No Control Present,Clear,No,1,0,11
Yes,20.0,No,Not Applicable,C: Possible Injury,Male,Raleigh,Wake,No,Friday,Non-Roadway,14.0,November,Non-Roadway,2012,39.0,No,O: No Injury,Male,Sport Utility,No,35.754821,-78.614818,Dry,5 - 15 MPH,No Control Present,Cloudy,No,0,0,11
Yes,24.0,No,Facing Traffic,O: No Injury,Male,Raleigh,Wake,No,Tuesday,Motorist Failed to Yield - Midblock,14.0,November,Motorist Drive Out - Commercial Driveway / Alley,2012,25.0,No,O: No Injury,Male,Passenger Car,No,35.85613161,-78.64359226,Dry,30 - 35  MPH,No Control Present,Cloudy,No,0,0,11
No,18.0,No,With Traffic,Unknown Injury,Male,Bunn,Franklin,No,Sunday,Loss of Control / Turning Error,18.0,October,Bicyclist Lost Control - Other / Unknown,2012,46.0,No,O: No Injury,Male,Passenger Car,No,35.952585,-78.245289,Dry,Unknown,No Control Present,Clear,No,0,0,10
No,19.0,No,With Traffic,Unknown Injury,Female,Greensboro,Guilford,No,Tuesday,Motorist Left Turn / Merge,13.0,November,Motorist Left Turn - Opposite Direction,2012,49.0,No,O: No Injury,Male,Van,No,36.06531991,-79.8127068,Dry,20 - 25  MPH,Stop And Go Signal,Clear,No,0,0,11
Yes,47.0,No,Unknown,B: Suspected Minor Injury,Male,Elizabeth City,Pasquotank,No,Monday,Crossing Paths - Other Circumstances,16.0,November,Crossing Paths - Intersection - Other / Unknown,2012,81.0,No,O: No Injury,Male,Passenger Car,No,36.31203482,-76.22046085,Dry,40 - 45  MPH,Stop And Go Signal,Clear,No,0,0,11
No,70.0,No,Unknown,O: No Injury,Male,Clinton,Sampson,No,Wednesday,Bicyclist Failed to Yield - Midblock,13.0,November,Bicyclist Ride Out - Midblock - Unknown,2012,57.0,No,O: No Injury,Female,Passenger Car,No,34.98883333,-78.33103028,Dry,30 - 35  MPH,No Control Present,Clear,No,0,0,11
Yes,62.0,No,With Traffic,B: Suspected Minor Injury,Male,None - Rural Crash,Orange,No,Friday,Bicyclist Left Turn / Merge,15.0,November,Bicyclist Left Turn - Same Direction,2012,48.0,No,O: No Injury,Female,Passenger Car,No,36.18211162,-78.97612055,Dry,40 - 45  MPH,"Double Yellow Line, No Passing Zone",Clear,No,0,0,11
No,36.0,No,With Traffic,C: Possible Injury,Male,None - Rural Crash,Gaston,No,Wednesday,Motorist Overtaking Bicyclist,12.0,November,Motorist Overtaking - Other / Unknown,2012,84.0,No,O: No Injury,Female,Passenger Car,No,35.18728707,-81.14957693,Dry,40 - 45  MPH,"Double Yellow Line, No Passing Zone",Clear,No,0,0,11
Yes,22.0,No,With Traffic,B: Suspected Minor Injury,Male,Fayetteville,Cumberland,No,Thursday,Motorist Overtaking Bicyclist,7.0,November,Motorist Overtaking - Undetected Bicyclist,2012,41.0,No,O: No Injury,Female,Sport Utility,No,35.06065548,-78.91571066,Dry,30 - 35  MPH,No Control Present,Clear,No,0,0,11
Yes,56.0,No,With Traffic,C: Possible Injury,Male,Greenville,Pitt,No,Friday,Motorist Failed to Yield - Signalized Intersection,12.0,November,Motorist Drive Out - Signalized Intersection,2012,47.0,No,O: No Injury,Female,Passenger Car,No,35.59223619,-77.34729791,Dry,30 - 35  MPH,No Control Present,Clear,No,0,0,11
Yes,39.0,No,Facing Traffic,C: Possible Injury,Male,Raleigh,Wake,No,Friday,Motorist Failed to Yield - Sign-Controlled Intersection,13.0,November,Motorist Drive Out - Sign-Controlled Intersection,2012,34.0,No,O: No Injury,Male,Sport Utility,No,35.8963624,-78.56750084,Dry,40 - 45  MPH,Stop Sign,Clear,No,0,0,11
Yes,18.0,No,With Traffic,C: Possible Injury,Male,Concord,Cabarrus,No,Monday,Motorist Overtaking Bicyclist,17.0,November,Motorist Overtaking - Undetected Bicyclist,2012,38.0,No,O: No Injury,Male,"Single Unit Truck (2-Axle, 6-Tire)",No,35.38232426,-80.68475909,Dry,40 - 45  MPH,No Control Present,Clear,No,0,0,11
Yes,50.0,Yes,With Traffic,B: Suspected Minor Injury,Male,None - Rural Crash,Scotland,Yes,Thursday,Motorist Overtaking Bicyclist,22.0,November,Motorist Overtaking - Other / Unknown,2012,24.0,No,O: No Injury,Male,Pickup,No,34.69047436,-79.52970963,Dry,50 - 55  MPH,No Control Present,Clear,No,0,0,11
Yes,23.0,No,Not Applicable,B: Suspected Minor Injury,Female,Greensboro,Guilford,No,Saturday,Motorist Failed to Yield - Midblock,13.0,December,Motorist Drive Out - Commercial Driveway / Alley,2012,48.0,No,O: No Injury,Female,Passenger Car,No,36.13034098,-79.85720519,Dry,5 - 15 MPH,Stop Sign,Clear,No,0,0,12
Yes,41.0,Yes,Facing Traffic,K: Killed,Male,None - Rural Crash,Nash,Yes,Thursday,Bicyclist Right Turn / Merge,13.0,November,Bicyclist Right Turn - Same Direction,2012,45.0,No,O: No Injury,Female,Passenger Car,No,35.77928607,-78.18120539,Dry,50 - 55  MPH,No Control Present,Clear,No,0,0,11
No,32.52649525389365,No,Not Applicable,B: Suspected Minor Injury,Unknown,Spindale,Rutherford,No,Saturday,Bicyclist Failed to Yield - Midblock,14.0,November,Bicyclist Ride Out - Other Midblock,2012,67.0,No,O: No Injury,Female,Passenger Car,No,35.35647305,-81.9174972,Dry,30 - 35  MPH,No Control Present,Clear,No,0,1,11
No,19.0,No,With Traffic,C: Possible Injury,Male,Greensboro,Guilford,No,Thursday,Motorist Overtaking Bicyclist,11.0,November,Motorist Overtaking - Bicyclist Swerved,2012,24.0,No,O: No Injury,Female,Passenger Car,No,36.06638769,-79.80628062,Dry,20 - 25  MPH,No Control Present,Cloudy,No,0,0,11
No,46.0,No,Facing Traffic,C: Possible Injury,Male,Pembroke,Robeson,No,Friday,Head-On,14.0,November,Head-On - Bicyclist,2012,39.0,No,O: No Injury,Female,Passenger Car,No,34.684359,-79.188513,Dry,30 - 35  MPH,No Control Present,Clear,No,0,0,11
Yes,48.0,No,With Traffic,B: Suspected Minor Injury,Male,Charlotte,Mecklenburg,No,Wednesday,Motorist Failed to Yield - Sign-Controlled Intersection,8.0,October,Motorist Drive Through - Sign-Controlled Intersection,2012,42.03850604944766,Missing,Unknown Injury,Unknown,Unknown,Yes,35.15710604,-80.89700655,Dry,30 - 35  MPH,Stop Sign,Clear,No,1,0,10
Yes,22.0,No,With Traffic,B: Suspected Minor Injury,Male,None - Rural Crash,Orange,No,Monday,Motorist Failed to Yield - Sign-Controlled Intersection,16.0,December,Motorist Drive Out - Sign-Controlled Intersection,2012,40.0,No,O: No Injury,Male,Passenger Car,No,36.03282482,-79.03833122,Dry,40 - 45  MPH,Stop Sign,Clear,No,0,0,12
No,12.0,No,With Traffic,A: Suspected Serious Injury,Male,Waynesville,Haywood,No,Tuesday,Bicyclist Failed to Yield - Sign-Controlled Intersection,18.0,October,Bicyclist Ride Through - Sign-Controlled Intersection,2012,59.0,No,O: No Injury,Female,Passenger Car,No,35.47384894,-82.98585694,Dry,20 - 25  MPH,Stop Sign,Clear,No,0,0,10
No,6.0,No,Unknown,O: No Injury,Male,Fayetteville,Cumberland,No,Monday,Other / Unknown - Insufficient Details,16.0,November,Unknown Approach Paths,2012,40.0,No,O: No Injury,Female,Sport Utility,No,34.99452911,-78.91042589,Dry,5 - 15 MPH,Stop Sign,Clear,No,0,0,11
No,53.0,No,Facing Traffic,B: Suspected Minor Injury,Male,Asheville,Buncombe,No,Saturday,Motorist Failed to Yield - Sign-Controlled Intersection,13.0,November,Motorist Drive Out - Sign-Controlled Intersection,2012,44.0,No,O: No Injury,Female,Passenger Car,No,35.5769304,-82.61155357,Dry,40 - 45  MPH,Stop Sign,Clear,No,0,0,11
Yes,54.0,No,With Traffic,C: Possible Injury,Male,Chapel Hill,Orange,No,Tuesday,Bicyclist Overtaking Motorist,17.0,November,Bicyclist Overtaking - Extended Door,2012,31.0,No,O: No Injury,Female,Passenger Car,No,35.91165194,-79.06260942,Wet,20 - 25  MPH,"Double Yellow Line, No Passing Zone",Rain,No,0,0,11
Yes,36.0,No,With Traffic,C: Possible Injury,Male,None - Rural Crash,Durham,No,Sunday,Loss of Control / Turning Error,16.0,December,"Motorist Lost Control - Oversteering, Improper Braking, Speed",2012,92.0,No,O: No Injury,Male,Pickup,No,35.87332758,-78.94842662,Dry,50 - 55  MPH,"Double Yellow Line, No Passing Zone",Clear,No,0,0,12
No,27.0,No,Facing Traffic,B: Suspected Minor Injury,Female,Wilmington,New Hanover,No,Sunday,Motorist Failed to Yield - Sign-Controlled Intersection,16.0,November,Motorist Drive Out - Sign-Controlled Intersection,2012,58.0,No,O: No Injury,Male,Passenger Car,No,34.22937325,-77.8326642,Dry,20 - 25  MPH,Yield Sign,Clear,No,0,0,11
Yes,26.0,No,Facing Traffic,C: Possible Injury,Male,Mount Airy,Surry,No,Friday,Crossing Paths - Other Circumstances,16.0,November,Signalized Intersection - Other / Unknown,2012,20.0,No,O: No Injury,Female,Passenger Car,No,36.50361807,-80.60723448,Dry,30 - 35  MPH,Stop And Go Signal,Clear,No,0,0,11
Yes,71.0,No,With Traffic,K: Killed,Male,None - Rural Crash,Robeson,No,Thursday,Motorist Overtaking Bicyclist,17.0,November,Motorist Overtaking - Bicyclist Swerved,2012,78.0,No,O: No Injury,Male,Pickup,No,34.80078393,-79.33855606,Dry,50 - 55  MPH,No Control Present,Clear,No,0,0,11
Yes,56.0,No,With Traffic,C: Possible Injury,Male,Greenville,Pitt,No,Tuesday,Bicyclist Failed to Yield - Sign-Controlled Intersection,13.0,December,Bicyclist Ride Out - Sign-Controlled Intersection,2012,21.0,No,O: No Injury,Female,Passenger Car,No,35.60870901,-77.39464364,Dry,40 - 45  MPH,No Control Present,Clear,No,0,0,12
Yes,50.0,No,With Traffic,B: Suspected Minor Injury,Male,Greenville,Pitt,No,Monday,Bicyclist Failed to Yield - Sign-Controlled Intersection,19.0,December,Bicyclist Ride Out - Sign-Controlled Intersection,2012,51.0,No,O: No Injury,Male,Pickup,No,35.60262206,-77.37416011,Dry,20 - 25  MPH,Stop Sign,Clear,No,0,0,12
No,32.52649525389365,No,With Traffic,Unknown Injury,Unknown,Shelby,Cleveland,No,Friday,Motorist Left Turn / Merge,16.0,November,Motorist Left Turn - Opposite Direction,2012,43.0,No,O: No Injury,Male,Sport Utility,No,35.2935435,-81.59833918,Dry,40 - 45  MPH,Stop And Go Signal,Clear,No,0,1,11
No,51.0,No,With Traffic,B: Suspected Minor Injury,Male,None - Rural Crash,New Hanover,No,Thursday,Motorist Overtaking Bicyclist,15.0,December,Motorist Overtaking - Other / Unknown,2012,96.0,No,O: No Injury,Female,Passenger Car,No,34.28625624,-77.77284048,Dry,40 - 45  MPH,No Control Present,Clear,No,0,0,12
Yes,33.0,No,Facing Traffic,K: Killed,Female,Lumberton,Robeson,No,Tuesday,Motorist Failed to Yield - Sign-Controlled Intersection,18.0,December,Motorist Drive Out - Sign-Controlled Intersection,2012,60.0,No,O: No Injury,Female,Sport Utility,No,34.63257474,-79.00095497,Dry,30 - 35  MPH,Stop Sign,Clear,No,0,0,12
Yes,22.0,No,Unknown,C: Possible Injury,Male,Raleigh,Wake,No,Friday,Bicyclist Failed to Yield - Midblock,16.0,December,Bicyclist Ride Out - Midblock - Unknown,2012,31.0,No,O: No Injury,Male,Passenger Car,No,35.83581678,-78.58176385,Dry,40 - 45  MPH,No Control Present,Clear,No,0,0,12
Yes,53.0,No,With Traffic,B: Suspected Minor Injury,Male,Raleigh,Wake,No,Wednesday,Motorist Right Turn / Merge,17.0,November,Motorist Right Turn - Same Direction,2012,33.0,No,O: No Injury,Male,Passenger Car,No,35.8240415,-78.65025592,Dry,30 - 35  MPH,No Control Present,Clear,No,0,0,11
Yes,49.0,No,With Traffic,C: Possible Injury,Male,None - Rural Crash,Buncombe,No,Tuesday,Motorist Overtaking Bicyclist,14.0,December,Motorist Overtaking - Other / Unknown,2012,59.0,No,O: No Injury,Female,Passenger Car,No,35.6557957,-82.65782587,Dry,50 - 55  MPH,"Double Yellow Line, No Passing Zone",Clear,No,0,0,12