AmbulanceR,BikeAge,BikeAlcFlg,BikeDir,BikeInjury,BikeSex,City,County,CrashAlcoh,CrashDay,CrashGrp,CrashHour,CrashMonth,CrashType,CrashYear,DrvrAge,DrvrAlcFlg,DrvrInjury,DrvrSex,DrvrVehTyp,HitRun,Latitude,Longitude,RdConditio,SpeedLimit,TraffCntrl,Weather,Workzone,DrvrAgeImputedFlag,BikeAgeImputedFlag,MonthCode
Yes,42.0,No,With Traffic,B: Suspected Minor Injury,Male,None - Rural Crash,Iredell,No,Monday,Motorist Overtaking Bicyclist,16.0,December,Motorist Overtaking - Other / Unknown,2012,20.0,No,O: No Injury,Female,Passenger Car,No,35.64592332,-80.80923939,Wet,50 - 55  MPH,"Double Yellow Line, No Passing Zone",Rain,No,0,0,12
No,54.0,No,With Traffic,C: Possible Injury,Male,Mooresville,Iredell,No,Friday,Motorist Left Turn / Merge,15.0,November,Motorist Left Turn - Opposite Direction,2012,59.0,No,O: No Injury,Female,Passenger Car,No,35.58812759,-80.79753173,Dry,30 - 35  MPH,No Control Present,Clear,No,0,0,11
Yes,19.0,No,With Traffic,C: Possible Injury,Male,Indian Trail,Union,No,Tuesday,Bicyclist Failed to Yield - Signalized Intersection,15.0,December,Bicyclist Ride Through - Signalized Intersection,2012,38.0,No,O: No Injury,Female,Passenger Car,No,35.04896538,-80.64823455,Dry,30 - 35  MPH,Stop And Go Signal,Clear,No,0,0,12
No,16.0,No,With Traffic,O: No Injury,Male,None - Rural Crash,Columbus,No,Tuesday,Motorist Overtaking Bicyclist,17.0,December,Motorist Overtaking - Other / Unknown,2012,45.0,No,O: No Injury,Male,Passenger Car,No,34.24855341,-78.75429165,Wet,50 - 55  MPH,No Control Present,Rain,No,0,0,12
No,17.0,No,Facing Traffic,O: No Injury,Male,Raleigh,Wake,No,Tuesday,Bicyclist Right Turn / Merge,15.0,December,Bicyclist Right Turn - Opposite Direction,2012,35.0,No,O: No Injury,Male,Passenger Car,No,35.78010245,-78.62220026,Dry,5 - 15 MPH,No Control Present,Clear,No,0,0,12
Yes,49.0,No,Facing Traffic,B: Suspected Minor Injury,Male,Lumberton,Robeson,No,Tuesday,Motorist Failed to Yield - Signalized Intersection,19.0,November,Motorist Drive Out - Right Turn on Red,2012,42.03850604944766,Missing,Unknown Injury,Unknown,Unknown,Yes,34.61424354,-79.01837094,Wet,30 - 35  MPH,Stop And Go Signal,Cloudy,No,1,0,11
Yes,35.0,No,Facing Traffic,O: No Injury,Male,Charlotte,Mecklenburg,No,Wednesday,Motorist Failed to Yield - Midblock,9.0,December,Motorist Drive Out - Residential Driveway,2012,49.0,No,O: No Injury,Male,Passenger Car,No,35.186296,-80.74427555,Dry,20 - 25  MPH,Stop Sign,Cloudy,No,0,0,12
Yes,12.0,No,Facing Traffic,K: Killed,Female,Durham,Durham,No,Monday,Loss of Control / Turning Error,15.0,December,Bicyclist Turning Error - Left Turn,2012,59.0,No,O: No Injury,Male,Pickup,No,35.91434298,-78.96104418,Dry,40 - 45  MPH,Stop Sign,Cloudy,No,0,0,12
Yes,53.0,No,With Traffic,A: Suspected Serious Injury,Male,None - Rural Crash,Orange,No,Wednesday,Motorist Overtaking Bicyclist,17.0,December,Motorist Overtaking - Other / Unknown,2012,67.0,No,O: No Injury,Male,Pickup,No,36.19622888,-79.00981989,Wet,50 - 55  MPH,"Double Yellow Line, No Passing Zone",Cloudy,No,0,0,12
Yes,43.0,No,Facing Traffic,A: Suspected Serious Injury,Male,Kitty Hawk,Dare,No,Tuesday,Crossing Paths - Other Circumstances,17.0,November,Crossing Paths - Intersection - Other / Unknown,2012,39.0,No,O: No Injury,Female,Passenger Car,No,36.05703839,-75.68741324,Dry,50 - 55  MPH,No Control Present,Cloudy,No,0,0,11
Yes,40.0,No,Facing Traffic,C: Possible Injury,Male,Greensboro,Guilford,No,Friday,Motorist Failed to Yield - Sign-Controlled Intersection,17.0,December,Motorist Drive Out - Sign-Controlled Intersection,2012,44.0,No,O: No Injury,Male,Passenger Car,No,36.07580704,-79.79703522,Dry,20 - 25  MPH,Stop Sign,Clear,No,0,0,12
Yes,23.0,Yes,With Traffic,C: Possible Injury,Male,Charlotte,Mecklenburg,Yes,Friday,Bicyclist Left Turn / Merge,18.0,December,Bicyclist Left Turn - Same Direction,2012,42.03850604944766,Missing,Unknown Injury,Unknown,Unknown,Yes,35.25990834,-80.89779135,Dry,30 - 35  MPH,No Control Present,Clear,No,1,0,12
Yes,56.0,No,With Traffic,A: Suspected Serious Injury,Female,Weddington,Union,No,Saturday,Motorist Failed to Yield - Sign-Controlled Intersection,16.0,December,Motorist Drive Out - Sign-Controlled Intersection,2012,32.0,No,O: No Injury,Female,Passenger Car,No,35.02387466,-80.69151727,Dry,40 - 45  MPH,Yield Sign,Clear,No,0,0,12
Yes,27.0,No,With Traffic,C: Possible Injury,Male,Marvin,Union,No,Saturday,Bicyclist Left Turn / Merge,14.0,December,Bicyclist Left Turn - Same Direction,2012,17.0,No,O: No Injury,Male,Sport Utility,No,35.0089887,-80.82129159,Dry,30 - 35  MPH,"Double Yellow Line, No Passing Zone",Clear,No,0,0,12
Yes,64.0,No,With Traffic,B: Suspected Minor Injury,Male,None - Rural Crash,Chowan,No,Monday,Motorist Overtaking Bicyclist,16.0,December,Motorist Overtaking - Other / Unknown,2012,28.0,No,O: No Injury,Male,Tractor/Semi-Trailer,No,36.22589334,-76.66096734,Dry,50 - 55  MPH,No Control Present,Clear,No,0,0,12
Yes,20.0,No,With Traffic,C: Possible Injury,Male,Wilson,Wilson,No,Wednesday,Motorist Failed to Yield - Sign-Controlled Intersection,12.0,November,Motorist Drive Out - Sign-Controlled Intersection,2012,40.0,No,O: No Injury,Female,Other Bus,No,35.72851636,-77.92836158,Dry,30 - 35  MPH,Yield Sign,Clear,No,0,0,11
Yes,32.52649525389365,Missing,Facing Traffic,Unknown Injury,Unknown,Greensboro,Guilford,No,Thursday,Motorist Failed to Yield - Midblock,11.0,May,Motorist Drive Out - Commercial Driveway / Alley,2012,38.0,No,O: No Injury,Female,Passenger Car,No,36.07069036,-79.86904954,Dry,30 - 35  MPH,Stop Sign,Clear,No,0,1,5
Yes,59.0,No,Unknown,B: Suspected Minor Injury,Male,Fayetteville,Cumberland,No,Monday,Other / Unknown - Insufficient Details,12.0,November,Unknown Approach Paths,2012,40.0,No,O: No Injury,Female,Sport Utility,No,35.04382409,-78.93494559,Dry,40 - 45  MPH,No Control Present,Clear,No,0,0,11
Yes,17.0,No,With Traffic,B: Suspected Minor Injury,Female,Wilmington,New Hanover,No,Thursday,Bicyclist Failed to Yield - Sign-Controlled Intersection,8.0,December,Bicyclist Ride Through - Sign-Controlled Intersection,2012,58.0,No,O: No Injury,Male,Passenger Car,No,34.23754736,-77.92167622,Dry,30 - 35  MPH,Stop Sign,Cloudy,No,0,0,12
Yes,24.0,No,Not Applicable,B: Suspected Minor Injury,Male,Kill Devil Hills,Dare,No,Tuesday,Bicyclist Failed to Yield - Midblock,16.0,November,Bicyclist Ride Out - Other Midblock,2012,27.0,No,C: Possible Injury,Female,Passenger Car,No,36.03128255,-75.67153172,Dry,50 - 55  MPH,No Control Present,Cloudy,No,0,0,11
Yes,24.0,Yes,With Traffic,B: Suspected Minor Injury,Male,Winston-Salem,Forsyth,Yes,Sunday,Bicyclist Overtaking Motorist,1.0,November,Bicyclist Overtaking - Parked Vehicle,2012,42.03850604944766,Missing,Unknown Injury,Unknown,Passenger Car,No,36.09802176,-80.24860934,Dry,30 - 35  MPH,No Control Present,Cloudy,No,1,0,11
Yes,18.0,No,With Traffic,C: Possible Injury,Male,None - Rural Crash,Rutherford,No,Friday,Motorist Overtaking Bicyclist,13.0,December,Motorist Overtaking - Other / Unknown,2012,42.03850604944766,Missing,Unknown Injury,Unknown,Passenger Car,Yes,35.3513987,-81.87101333,Dry,50 - 55  MPH,No Control Present,Clear,No,1,0,12
Yes,61.0,No,With Traffic,Unknown Injury,Male,Morehead City,Carteret,No,Wednesday,Motorist Overtaking Bicyclist,16.0,December,Motorist Overtaking - Undetected Bicyclist,2012,20.0,No,Unknown Injury,Male,Pickup,No,34.72393284,-76.72292838,Dry,20 - 25  MPH,No Control Present,Clear,No,0,0,12
Yes,59.0,No,With Traffic,C: Possible Injury,Male,Wilmington,New Hanover,No,Monday,Motorist Failed to Yield - Sign-Controlled Intersection,7.0,December,Motorist Drive Out - Sign-Controlled Intersection,2012,31.0,No,O: No Injury,Male,Passenger Car,No,34.23237584,-77.88317903,Dry,20 - 25  MPH,Stop Sign,Clear,No,0,0,12
Yes,18.0,No,With Traffic,B: Suspected Minor Injury,Male,Wilmington,New Hanover,No,Tuesday,Motorist Right Turn / Merge,17.0,December,Motorist Right Turn - Same Direction,2012,24.0,No,O: No Injury,Male,Passenger Car,No,34.2143524,-77.88697698,Dry,30 - 35  MPH,No Control Present,Cloudy,No,0,0,12
No,74.0,No,With Traffic,C: Possible Injury,Male,Asheville,Buncombe,No,Thursday,Motorist Left Turn / Merge,12.0,November,Motorist Left Turn - Opposite Direction,2012,46.0,No,O: No Injury,Female,Passenger Car,No,35.58651985,-82.55182464,Dry,30 - 35  MPH,Stop And Go Signal,Clear,No,0,0,11
Yes,30.0,No,With Traffic,C: Possible Injury,Male,None - Rural Crash,Wake,No,Wednesday,Motorist Overtaking Bicyclist,18.0,December,Motorist Overtaking - Other / Unknown,2012,39.0,No,O: No Injury,Male,Pickup,No,35.59365573,-78.71756209,Dry,50 - 55  MPH,No Control Present,Clear,No,0,0,12
Yes,54.0,No,Not Applicable,B: Suspected Minor Injury,Male,Fayetteville,Cumberland,No,Saturday,Bicyclist Failed to Yield - Midblock,9.0,December,Bicyclist Ride Out - Other Midblock,2012,73.0,No,O: No Injury,Male,Passenger Car,No,35.03034459,-78.89470788,Dry,30 - 35  MPH,No Control Present,Clear,No,0,0,12
Yes,24.0,No,With Traffic,C: Possible Injury,Male,Greensboro,Guilford,No,Monday,Motorist Failed to Yield - Sign-Controlled Intersection,3.0,December,Motorist Drive Out - Sign-Controlled Intersection,2012,20.0,No,O: No Injury,Male,Passenger Car,No,36.0706636,-79.77049603,Wet,30 - 35  MPH,Stop Sign,Cloudy,No,0,0,12
No,14.0,No,With Traffic,O: No Injury,Male,Mooresville,Iredell,No,Thursday,Motorist Overtaking Bicyclist,17.0,December,Motorist Overtaking - Bicyclist Swerved,2012,66.0,No,O: No Injury,Male,Passenger Car,No,35.55592322,-80.81004718,Dry,20 - 25  MPH,No Control Present,Clear,No,0,0,12
No,49.0,No,With Traffic,C: Possible Injury,Male,Charlotte,Mecklenburg,No,Sunday,Bicyclist Overtaking Motorist,17.0,December,Bicyclist Overtaking - Other / Unknown,2012,57.0,No,O: No Injury,Male,Passenger Car,No,35.19978814,-80.80486697,Wet,20 - 25  MPH,No Control Present,Rain,No,0,0,12
Yes,83.0,No,With Traffic,B: Suspected Minor Injury,Male,None - Rural Crash,Pitt,No,Tuesday,Motorist Overtaking Bicyclist,7.0,December,Motorist Overtaking - Other / Unknown,2012,19.0,No,B: Suspected Minor Injury,Male,Passenger Car,No,35.61601737,-77.57720544,Dry,50 - 55  MPH,No Control Present,Clear,No,0,0,12
Yes,12.0,No,With Traffic,C: Possible Injury,Male,Lenoir,Caldwell,No,Sunday,Bicyclist Failed to Yield - Signalized Intersection,20.0,December,Bicyclist Ride Out - Signalized  Intersection,2012,50.0,No,O: No Injury,Female,Sport Utility,No,35.91231774,-81.54290793,Dry,20 - 25  MPH,Stop And Go Signal,Clear,No,0,0,12
Yes,29.0,No,With Traffic,B: Suspected Minor Injury,Male,Spring Lake,Cumberland,No,Friday,Motorist Overtaking Bicyclist,23.0,December,Motorist Overtaking - Other / Unknown,2012,42.03850604944766,Missing,Unknown Injury,Unknown,Unknown,Yes,35.18629869,-78.96232272,Wet,40 - 45  MPH,No Control Present,Rain,No,1,0,12
No,26.0,No,With Traffic,B: Suspected Minor Injury,Female,Durham,Durham,No,Sunday,Bicyclist Failed to Yield - Signalized Intersection,15.0,December,Bicyclist Ride Through - Signalized Intersection,2012,26.0,No,O: No Injury,Female,Passenger Car,No,36.00026162,-78.9077111,Dry,30 - 35  MPH,Stop And Go Signal,Clear,No,0,0,12
Yes,48.0,Yes,With Traffic,A: Suspected Serious Injury,Male,None - Rural Crash,Richmond,Yes,Tuesday,Bicyclist Failed to Yield - Sign-Controlled Intersection,13.0,December,Bicyclist Ride Through - Sign-Controlled Intersection,2012,68.0,No,O: No Injury,Male,Sport Utility,No,35.10956932,-79.79600513,Dry,50 - 55  MPH,Stop Sign,Clear,No,0,0,12
Yes,29.0,No,Not Applicable,B: Suspected Minor Injury,Male,Greenville,Pitt,No,Wednesday,Other / Unknown - Insufficient Details,13.0,December,Unknown Approach Paths,2012,24.0,No,O: No Injury,Male,Passenger Car,No,35.57668469,-77.38252012,Dry,40 - 45  MPH,No Control Present,Clear,No,0,0,12
Yes,21.0,No,With Traffic,A: Suspected Serious Injury,Male,None - Rural Crash,Duplin,No,Monday,Motorist Overtaking Bicyclist,19.0,December,Motorist Overtaking - Other / Unknown,2012,42.03850604944766,Missing,Unknown Injury,Unknown,Unknown,Yes,34.92465799,-77.77849382,Wet,50 - 55  MPH,No Control Present,Rain,No,1,0,12
Yes,58.0,No,With Traffic,K: Killed,Male,Jacksonville,Onslow,No,Wednesday,Motorist Overtaking Bicyclist,16.0,December,Motorist Overtaking - Other / Unknown,2012,89.0,No,O: No Injury,Male,Sport Utility,No,34.75958508,-77.40275722,Dry,30 - 35  MPH,No Control Present,Clear,No,0,0,12
Yes,25.0,No,Facing Traffic,B: Suspected Minor Injury,Female,Charlotte,Mecklenburg,No,Saturday,Motorist Failed to Yield - Midblock,16.0,December,Motorist Drive Out - Commercial Driveway / Alley,2012,30.0,No,O: No Injury,Female,Sport Utility,No,35.20382181,-80.75328171,Dry,5 - 15 MPH,Stop Sign,Cloudy,No,0,0,12
Yes,53.0,No,With Traffic,A: Suspected Serious Injury,Male,None - Rural Crash,Carteret,No,Sunday,Motorist Overtaking Bicyclist,13.0,December,Motorist Overtaking - Other / Unknown,2012,74.0,No,O: No Injury,Male,Pickup,No,34.76595012,-76.53924142,Dry,50 - 55  MPH,No Control Present,Clear,No,0,0,12
No,19.0,No,Facing Traffic,C: Possible Injury,Male,Fayetteville,Cumberland,No,Wednesday,Motorist Failed to Yield - Midblock,17.0,December,Motorist Drive Out - Commercial Driveway / Alley,2012,32.0,No,C: Possible Injury,Female,Passenger Car,No,35.05796541,-78.99576769,Dry,40 - 45  MPH,Stop Sign,Cloudy,No,0,0,12
Yes,48.0,Yes,With Traffic,K: Killed,Male,Goldsboro,Wayne,Yes,Thursday,Bicyclist Left Turn / Merge,17.0,December,Bicyclist Left Turn - Opposite Direction,2012,48.0,No,O: No Injury,Male,Pickup,No,35.38777,-77.980511,Dry,30 - 35  MPH,No Control Present,Cloudy,No,0,0,12
No,16.0,No,With Traffic,B: Suspected Minor Injury,Male,None - Rural Crash,Gaston,No,Wednesday,Motorist Overtaking Bicyclist,20.0,January,Motorist Overtaking - Undetected Bicyclist,2013,31.0,No,O: No Injury,Male,Pickup,No,35.28968183,-81.0684945,Dry,40 - 45  MPH,"Double Yellow Line, No Passing Zone",Clear,No,0,0,1
Yes,41.0,No,Facing Traffic,C: Possible Injury,Male,Raleigh,Wake,No,Wednesday,Motorist Failed to Yield - Signalized Intersection,19.0,January,Motorist Drive Out - Right Turn on Red,2013,36.0,No,O: No Injury,Female,Sport Utility,No,35.75408447,-78.64887088,Dry,20 - 25  MPH,Stop And Go Signal,Clear,No,0,0,1
Yes,29.0,No,With Traffic,K: Killed,Male,Wentworth,Rockingham,No,Saturday,Motorist Overtaking Bicyclist,1.0,December,Motorist Overtaking - Undetected Bicyclist,2012,42.0,No,O: No Injury,Male,Sport Utility,No,36.35636012,-79.76010391,Dry,40 - 45  MPH,"Double Yellow Line, No Passing Zone",Clear,No,0,0,12
Yes,12.0,No,Not Applicable,C: Possible Injury,Male,Greensboro,Guilford,No,Wednesday,Other / Unknown - Insufficient Details,16.0,January,Unknown Approach Paths,2013,60.0,No,O: No Injury,Male,Passenger Car,No,36.05596621,-79.68309636,Dry,60 - 75 MPH,No Control Present,Clear,No,0,0,1
Yes,36.0,No,Facing Traffic,C: Possible Injury,Male,Winston-Salem,Forsyth,No,Monday,Motorist Failed to Yield - Sign-Controlled Intersection,23.0,December,Motorist Drive Out - Sign-Controlled Intersection,2012,42.03850604944766,Unknown,Unknown Injury,Unknown,Unknown,Yes,36.10043473,-80.22397016,Dry,30 - 35  MPH,Stop Sign,Cloudy,No,1,0,12
No,32.52649525389365,Missing,With Traffic,Unknown Injury,Unknown,Elizabeth City,Pasquotank,No,Monday,Motorist Overtaking Bicyclist,17.0,December,Motorist Overtaking - Other / Unknown,2012,44.0,No,O: No Injury,Male,Pickup,No,36.37094125,-76.29309311,Dry,40 - 45  MPH,No Control Present,Clear,No,0,1,12
Yes,29.0,No,With Traffic,B: Suspected Minor Injury,Male,None - Rural Crash,Nash,No,Monday,Motorist Overtaking Bicyclist,18.0,January,Motorist Overtaking - Other / Unknown,2013,45.0,No,O: No Injury,Male,Passenger Car,No,35.83661698,-77.9155422,Dry,50 - 55  MPH,"Double Yellow Line, No Passing Zone",Clear,No,0,0,1
Yes,47.0,No,With Traffic,C: Possible Injury,Male,Greensboro,Guilford,No,Monday,Motorist Left Turn / Merge,17.0,January,Motorist Left Turn - Opposite Direction,2013,88.0,No,O: No Injury,Female,Passenger Car,No,36.117329,-79.846272,Dry,40 - 45  MPH,No Control Present,Clear,No,0,0,1
Yes,61.0,Yes,With Traffic,A: Suspected Serious Injury,Male,None - Rural Crash,Guilford,Yes,Thursday,Bicyclist Left Turn / Merge,16.0,January,Bicyclist Left Turn - Same Direction,2013,37.0,No,O: No Injury,Male,Sport Utility,No,35.92118305,-79.95276665,Dry,40 - 45  MPH,"Double Yellow Line, No Passing Zone",Clear,No,0,0,1
No,70.0,No,Facing Traffic,C: Possible Injury,Male,Cary,Wake,No,Friday,Motorist Failed to Yield - Sign-Controlled Intersection,10.0,December,Motorist Drive Out - Sign-Controlled Intersection,2012,59.0,No,O: No Injury,Male,Passenger Car,No,35.76696486,-78.77402548,Dry,20 - 25  MPH,Stop Sign,Clear,No,0,0,12
No,16.0,No,With Traffic,C: Possible Injury,Male,Wilmington,New Hanover,No,Friday,Bicyclist Failed to Yield - Sign-Controlled Intersection,17.0,December,Bicyclist Ride Through - Sign-Controlled Intersection,2012,42.0,No,O: No Injury,Female,Passenger Car,No,34.22627578,-77.93428156,Dry,30 - 35  MPH,Stop Sign,Clear,No,0,0,12
Yes,26.0,Missing,With Traffic,C: Possible Injury,Male,Charlotte,Mecklenburg,No,Tuesday,Motorist Left Turn / Merge,13.0,December,Motorist Left Turn - Opposite Direction,2012,29.0,No,O: No Injury,Female,Passenger Car,No,35.21083031,-80.85659102,Dry,30 - 35  MPH,No Control Present,Clear,No,0,0,12
Yes,36.0,No,Facing Traffic,B: Suspected Minor Injury,Male,Winston-Salem,Forsyth,No,Friday,Bicyclist Failed to Yield - Signalized Intersection,17.0,December,Bicyclist Ride Out - Signalized  Intersection,2012,34.0,No,O: No Injury,Female,"Light Truck (Mini-Van, Panel)",No,36.0695886,-80.23906641,Dry,30 - 35  MPH,Stop And Go Signal,Clear,No,0,0,12
Yes,38.0,No,With Traffic,C: Possible Injury,Male,Rocky Mount,Nash,No,Sunday,Bicyclist Overtaking Motorist,10.0,December,Bicyclist Overtaking - Parked Vehicle,2012,51.0,No,O: No Injury,Male,Pickup,No,35.93136322,-77.81650909,Dry,30 - 35  MPH,No Control Present,Cloudy,No,0,0,12
No,48.0,Yes,With Traffic,B: Suspected Minor Injury,Male,Raleigh,Wake,Yes,Wednesday,Motorist Left Turn / Merge,18.0,January,Motorist Left Turn - Opposite Direction,2013,46.0,No,O: No Injury,Female,Passenger Car,No,35.77240234,-78.64938357,Dry,20 - 25  MPH,No Control Present,Clear,No,0,0,1
No,22.0,No,With Traffic,O: No Injury,Male,Raleigh,Wake,No,Wednesday,Motorist Left Turn / Merge,12.0,January,Motorist Left Turn - Opposite Direction,2013,21.0,No,O: No Injury,Male,Sport Utility,No,35.78820026,-78.66979211,Dry,30 - 35  MPH,Stop And Go Signal,Clear,No,0,0,1
Yes,18.0,No,With Traffic,B: Suspected Minor Injury,Female,Chapel Hill,Orange,No,Wednesday,Bicyclist Failed to Yield - Signalized Intersection,10.0,December,Bicyclist Failed to Clear - Multiple Threat,2012,26.0,No,O: No Injury,Female,Sport Utility,No,35.90852319,-79.05288974,Dry,20 - 25  MPH,Stop And Go Signal,Cloudy,No,0,0,12
No,19.0,No,Facing Traffic,C: Possible Injury,Male,Pineville,Mecklenburg,No,Thursday,Motorist Failed to Yield - Signalized Intersection,20.0,December,Motorist Drive Out - Right Turn on Red,2012,24.0,No,O: No Injury,Female,Passenger Car,No,35.08946036,-80.87064887,Wet,30 - 35  MPH,Stop And Go Signal,Rain,No,0,0,12
Yes,21.0,No,Facing Traffic,C: Possible Injury,Male,Madison,Rockingham,No,Saturday,Motorist Failed to Yield - Signalized Intersection,13.0,December,Motorist Drive Out - Signalized Intersection,2012,25.0,No,O: No Injury,Male,Pickup,No,36.38873934,-79.96166829,Dry,20 - 25  MPH,Stop And Go Signal,Clear,No,0,0,12
Yes,15.0,No,With Traffic,C: Possible Injury,Male,Kinston,Lenoir,No,Sunday,Head-On,22.0,January,Head-On - Bicyclist,2013,53.0,No,O: No Injury,Female,Passenger Car,No,35.27781376,-77.57742282,Dry,30 - 35  MPH,No Control Present,Clear,No,0,0,1
No,18.0,No,Facing Traffic,B: Suspected Minor Injury,Female,Charlotte,Mecklenburg,No,Friday,Crossing Paths - Other Circumstances,17.0,January,Signalized Intersection - Other / Unknown,2013,42.03850604944766,Missing,Unknown Injury,Unknown,Unknown,Yes,35.20578926,-80.72576635,Dry,40 - 45  MPH,Stop And Go Signal,Clear,No,1,0,1
No,20.0,No,With Traffic,B: Suspected Minor Injury,Male,None - Rural Crash,Onslow,No,Monday,Loss of Control / Turning Error,13.0,January,Motorist Lost Control - Other / Unknown,2013,42.03850604944766,Unknown,Unknown Injury,Unknown,Passenger Car,Yes,34.75685168,-77.54834937,Dry,50 - 55  MPH,"Double Yellow Line, No Passing Zone",Clear,No,1,0,1
Yes,49.0,No,With Traffic,B: Suspected Minor Injury,Male,Durham,Durham,No,Tuesday,Motorist Overtaking Bicyclist,5.0,January,Motorist Overtaking - Other / Unknown,2013,35.0,Unknown,O: No Injury,Male,Passenger Car,Yes,35.974997,-78.963329,Dry,30 - 35  MPH,No Control Present,Rain,No,0,0,1
No,63.0,Unknown,With Traffic,Unknown Injury,Male,Dunn,Harnett,No,Friday,Motorist Overtaking Bicyclist,19.0,October,Motorist Overtaking - Undetected Bicyclist,2012,84.0,No,O: No Injury,Male,Passenger Car,No,35.30406776,-78.62731334,Dry,30 - 35  MPH,No Control Present,Clear,No,0,0,10
Yes,70.0,No,With Traffic,C: Possible Injury,Male,None - Rural Crash,Union,No,Saturday,Motorist Overtaking Bicyclist,13.0,January,Motorist Overtaking - Other / Unknown,2013,42.03850604944766,Missing,Unknown Injury,Unknown,Passenger Car,Yes,35.0927255,-80.58512495,Dry,50 - 55  MPH,"Double Yellow Line, No Passing Zone",Clear,No,1,0,1
Yes,49.0,Unknown,With Traffic,B: Suspected Minor Injury,Male,None - Rural Crash,Robeson,No,Sunday,Motorist Overtaking Bicyclist,18.0,January,Motorist Overtaking - Other / Unknown,2013,42.0,No,O: No Injury,Female,Van,No,34.70591495,-79.02129401,Dry,50 - 55  MPH,"Double Yellow Line, No Passing Zone",Clear,No,0,0,1
Yes,13.0,No,Not Applicable,C: Possible Injury,Male,Clayton,Johnston,No,Tuesday,Motorist Left Turn / Merge,20.0,January,Motorist Left Turn - Opposite Direction,2013,22.0,No,O: No Injury,Male,Passenger Car,No,35.654453,-78.459511,Wet,20 - 25  MPH,Stop Sign,Rain,No,0,0,1
No,44.0,Missing,With Traffic,C: Possible Injury,Male,Charlotte,Mecklenburg,No,Wednesday,Motorist Left Turn / Merge,19.0,January,Motorist Left Turn - Opposite Direction,2013,41.0,No,O: No Injury,Male,Passenger Car,No,35.218614,-80.835336,Dry,30 - 35  MPH,Stop And Go Signal,Clear,No,0,0,1
No,65.0,No,With Traffic,B: Suspected Minor Injury,Male,Lumberton,Robeson,No,Friday,Motorist Overtaking Bicyclist,6.0,January,Motorist Overtaking - Other / Unknown,2013,42.03850604944766,Unknown,Unknown Injury,Unknown,"Light Truck (Mini-Van, Panel)",Yes,34.648572,-79.000142,Wet,40 - 45  MPH,No Control Present,Cloudy,No,1,0,1
Yes,20.0,No,Facing Traffic,B: Suspected Minor Injury,Male,Raleigh,Wake,No,Monday,Bicyclist Failed to Yield - Signalized Intersection,17.0,January,Bicyclist Ride Out - Signalized  Intersection,2013,27.0,No,O: No Injury,Male,"Single Unit Truck (2-Axle, 6-Tire)",No,35.77425,-78.642014,Dry,30 - 35  MPH,Stop And Go Signal,Clear,No,0,0,1
No,14.0,No,Not Applicable,O: No Injury,Male,Rocky Mount,Nash,No,Thursday,Bicyclist Failed to Yield - Midblock,12.0,December,Bicyclist Ride Out - Commercial Driveway / Alley,2012,62.0,No,O: No Injury,Female,Passenger Car,No,35.95585307,-77.82136304,Dry,30 - 35  MPH,No Control Present,Clear,No,0,0,12
Yes,61.0,No,With Traffic,B: Suspected Minor Injury,Male,None - Rural Crash,Orange,No,Sunday,Motorist Right Turn / Merge,16.0,January,Motorist Right Turn - Same Direction,2013,17.0,No,O: No Injury,Female,Passenger Car,No,36.058492,-79.066625,Dry,40 - 45  MPH,"Double Yellow Line, No Passing Zone",Clear,No,0,0,1
No,45.0,No,Facing Traffic,C: Possible Injury,Male,Wilson,Wilson,No,Wednesday,Crossing Paths - Other Circumstances,14.0,December,Sign-Controlled Intersection - Other / Unknown,2012,33.0,No,O: No Injury,Female,Passenger Car,No,35.717994,-77.925566,Wet,30 - 35  MPH,Stop Sign,Rain,No,0,0,12
No,61.0,No,With Traffic,C: Possible Injury,Male,New Bern,Craven,No,Monday,Motorist Overtaking Bicyclist,8.0,January,Motorist Overtaking - Other / Unknown,2013,42.03850604944766,Missing,Unknown Injury,Unknown,Unknown,Yes,35.11842189,-77.07815756,Dry,30 - 35  MPH,No Control Present,Clear,No,1,0,1
No,67.0,No,Facing Traffic,C: Possible Injury,Male,New Bern,Craven,No,Thursday,Motorist Failed to Yield - Sign-Controlled Intersection,12.0,May,Motorist Drive Out - Sign-Controlled Intersection,2012,84.0,No,O: No Injury,Female,Passenger Car,No,35.11296491,-77.06806477,Dry,30 - 35  MPH,Stop Sign,Clear,No,0,0,5
Yes,10.0,No,With Traffic,A: Suspected Serious Injury,Female,High Point,Guilford,No,Monday,Bicyclist Failed to Yield - Sign-Controlled Intersection,13.0,December,Bicyclist Ride Through - Sign-Controlled Intersection,2012,22.0,No,O: No Injury,Male,Passenger Car,No,35.94373713,-79.99439087,Dry,30 - 35  MPH,Stop Sign,Cloudy,No,0,0,12
Yes,19.0,No,With Traffic,C: Possible Injury,Male,Wilmington,New Hanover,No,Wednesday,Bicyclist Failed to Yield - Signalized Intersection,20.0,January,Bicyclist Ride Out - Signalized  Intersection,2013,62.0,No,O: No Injury,Female,Van,No,34.1914862,-77.93426213,Dry,40 - 45  MPH,Stop And Go Signal,Clear,No,0,0,1