AmbulanceR,BikeAge,BikeAlcFlg,BikeDir,BikeInjury,BikeSex,City,County,CrashAlcoh,CrashDay,CrashGrp,CrashHour,CrashMonth,CrashType,CrashYear,DrvrAge,DrvrAlcFlg,DrvrInjury,DrvrSex,DrvrVehTyp,HitRun,Latitude,Longitude,RdConditio,SpeedLimit,TraffCntrl,Weather,Workzone,DrvrAgeImputedFlag,BikeAgeImputedFlag,MonthCode
Yes,23.0,Yes,With Traffic,B: Suspected Minor Injury,Female,Greenville,Pitt,Yes,Friday,Motorist Left Turn / Merge,16.0,January,Motorist Left Turn - Opposite Direction,2013,65.0,No,O: No Injury,Female,Passenger Car,No,35.55628851,-77.40640204,Dry,40 - 45  MPH,Stop And Go Signal,Clear,No,0,0,1
Yes,15.0,No,With Traffic,C: Possible Injury,Male,Charlotte,Mecklenburg,No,Saturday,Motorist Failed to Yield - Sign-Controlled Intersection,15.0,January,Motorist Drive Out - Sign-Controlled Intersection,2013,64.0,No,O: No Injury,Male,Passenger Car,No,35.21704796,-80.79194848,Dry,20 - 25  MPH,Stop Sign,Clear,No,0,0,1
No,18.0,No,With Traffic,O: No Injury,Male,Wilmington,New Hanover,No,Wednesday,Crossing Paths - Other Circumstances,14.0,September,Crossing Paths - Uncontrolled Intersection,2012,20.0,No,O: No Injury,Male,Passenger Car,No,34.22423779,-77.87413474,Dry,20 - 25  MPH,No Control Present,Clear,No,0,0,9
Yes,36.0,No,Not Applicable,C: Possible Injury,Male,Wilmington,New Hanover,No,Thursday,Non-Roadway,16.0,January,Non-Roadway,2013,71.0,No,O: No Injury,Male,Sport Utility,No,34.23469357,-77.87476409,Wet,5 - 15 MPH,No Control Present,Cloudy,No,0,0,1
No,27.0,Unknown,With Traffic,C: Possible Injury,Female,Chapel Hill,Orange,No,Tuesday,Motorist Failed to Yield - Midblock,13.0,December,Motorist Drive Out - Residential Driveway,2012,21.0,Unknown,O: No Injury,Male,Passenger Car,No,35.92208145,-79.05169636,Dry,20 - 25  MPH,"Double Yellow Line, No Passing Zone",Clear,No,0,0,12
Yes,40.0,No,With Traffic,C: Possible Injury,Male,None - Rural Crash,Pamlico,No,Monday,Motorist Overtaking Bicyclist,19.0,January,Motorist Overtaking - Other / Unknown,2013,34.0,No,O: No Injury,Male,Pickup,No,35.08426062,-76.71476941,Dry,50 - 55  MPH,No Control Present,Clear,No,0,0,1
Yes,31.0,No,Facing Traffic,B: Suspected Minor Injury,Male,Concord,Cabarrus,No,Monday,Motorist Failed to Yield - Sign-Controlled Intersection,14.0,January,Motorist Drive Out - Sign-Controlled Intersection,2013,34.0,No,O: No Injury,Male,Passenger Car,No,35.43018167,-80.60776945,Wet,30 - 35  MPH,Stop Sign,Cloudy,No,0,0,1
Yes,41.0,No,With Traffic,B: Suspected Minor Injury,Male,Durham,Durham,No,Tuesday,Motorist Overtaking Bicyclist,17.0,January,Motorist Overtaking - Undetected Bicyclist,2013,20.0,No,O: No Injury,Female,Passenger Car,No,35.913015,-78.917198,Dry,30 - 35  MPH,No Control Present,Clear,No,0,0,1
Yes,24.0,No,With Traffic,B: Suspected Minor Injury,Female,Carrboro,Orange,No,Monday,Parallel Paths - Other Circumstances,17.0,December,Motorist Turn / Merge - Other / Unknown,2012,42.03850604944766,Missing,Unknown Injury,Unknown,Unknown,Yes,35.90504543,-79.08833377,Dry,30 - 35  MPH,Stop And Go Signal,Clear,No,1,0,12
No,14.0,No,Facing Traffic,O: No Injury,Male,Kinston,Lenoir,No,Thursday,Backing Vehicle,18.0,January,Backing Vehicle,2013,30.0,No,O: No Injury,Male,Pickup,No,35.28341686,-77.58851349,Dry,30 - 35  MPH,Stop Sign,Clear,No,0,0,1
No,22.0,Unknown,With Traffic,C: Possible Injury,Male,Greenville,Pitt,No,Tuesday,Motorist Right Turn / Merge,13.0,January,Motorist Right Turn - Same Direction,2013,42.03850604944766,Missing,Unknown Injury,Unknown,Passenger Car,Yes,35.60397229,-77.36182452,Dry,20 - 25  MPH,Stop And Go Signal,Clear,No,1,0,1
No,12.0,No,Facing Traffic,C: Possible Injury,Male,High Point,Guilford,No,Tuesday,Motorist Left Turn / Merge,21.0,January,Motorist Left Turn - Same Direction,2013,26.0,No,O: No Injury,Female,Passenger Car,No,35.94734209,-79.99651928,Dry,30 - 35  MPH,No Control Present,Clear,No,0,0,1
Yes,23.0,No,Facing Traffic,C: Possible Injury,Male,High Point,Guilford,No,Tuesday,Bicyclist Failed to Yield - Signalized Intersection,13.0,January,Bicyclist Ride Through - Signalized Intersection,2013,55.0,No,O: No Injury,Female,Sport Utility,No,35.93819386,-80.02354057,Dry,30 - 35  MPH,Stop And Go Signal,Clear,No,0,0,1
Yes,28.0,No,With Traffic,C: Possible Injury,Male,Wilmington,New Hanover,No,Thursday,Motorist Failed to Yield - Sign-Controlled Intersection,14.0,January,Motorist Drive Out - Sign-Controlled Intersection,2013,42.03850604944766,Missing,Unknown Injury,Unknown,Unknown,Yes,34.23546481,-77.93270344,Dry,Unknown,Stop Sign,Clear,No,1,0,1
Yes,48.0,No,With Traffic,B: Suspected Minor Injury,Male,None - Rural Crash,Scotland,No,Thursday,Motorist Overtaking Bicyclist,5.0,January,Motorist Overtaking - Other / Unknown,2013,67.0,No,O: No Injury,Male,Pickup,No,34.69046799,-79.53091554,Dry,50 - 55  MPH,No Control Present,Clear,No,0,0,1
Yes,11.0,No,With Traffic,A: Suspected Serious Injury,Male,Thomasville,Davidson,No,Wednesday,Head-On,20.0,July,Head-On - Bicyclist,2012,57.0,No,O: No Injury,Female,Passenger Car,No,35.88970695,-80.05528023,Dry,30 - 35  MPH,No Control Present,Cloudy,No,0,0,7
Yes,6.0,No,With Traffic,B: Suspected Minor Injury,Male,New Bern,Craven,No,Friday,Bicyclist Failed to Yield - Sign-Controlled Intersection,19.0,May,Bicyclist Ride Through - Sign-Controlled Intersection,2012,41.0,No,O: No Injury,Female,Sport Utility,No,35.1117911,-77.08483298,Dry,20 - 25  MPH,Stop Sign,Clear,No,0,0,5
No,15.0,No,Not Applicable,C: Possible Injury,Male,None - Rural Crash,Rowan,No,Monday,Bicyclist Failed to Yield - Midblock,10.0,February,Bicyclist Ride Out - Residential Driveway,2013,75.0,No,O: No Injury,Female,Passenger Car,No,35.51891773,-80.5998514,Dry,50 - 55  MPH,"Double Yellow Line, No Passing Zone",Clear,No,0,0,2
Yes,20.0,No,With Traffic,B: Suspected Minor Injury,Male,Chapel Hill,Orange,No,Thursday,Bicyclist Failed to Yield - Sign-Controlled Intersection,10.0,January,Bicyclist Ride Through - Sign-Controlled Intersection,2013,53.0,No,O: No Injury,Female,Passenger Car,No,35.9174045,-79.0611614,Wet,20 - 25  MPH,Stop Sign,Cloudy,No,0,0,1
Yes,56.0,No,With Traffic,C: Possible Injury,Male,None - Rural Crash,Robeson,No,Saturday,Motorist Overtaking Bicyclist,17.0,February,Motorist Overtaking - Other / Unknown,2013,34.0,No,O: No Injury,Male,Pickup,No,34.62525919,-78.92157012,Dry,50 - 55  MPH,"Double Yellow Line, No Passing Zone",Clear,No,0,0,2
No,32.52649525389365,Missing,With Traffic,C: Possible Injury,Male,Rocky Mount,Edgecombe,No,Thursday,Motorist Failed to Yield - Sign-Controlled Intersection,17.0,January,Motorist Drive Out - Sign-Controlled Intersection,2013,43.0,No,O: No Injury,Male,Passenger Car,No,35.9411253,-77.78794289,Dry,30 - 35  MPH,"Double Yellow Line, No Passing Zone",Clear,No,0,1,1
Yes,49.0,No,With Traffic,C: Possible Injury,Male,Raleigh,Wake,No,Sunday,Crossing Paths - Other Circumstances,14.0,February,Crossing Paths - Midblock - Other / Unknown,2013,38.0,No,C: Possible Injury,Male,Passenger Car,No,35.78814966,-78.64876645,Dry,30 - 35  MPH,No Control Present,Clear,No,0,0,2
Yes,22.0,No,Not Applicable,B: Suspected Minor Injury,Male,Wilmington,New Hanover,No,Tuesday,Non-Roadway,16.0,January,Non-Roadway,2013,19.0,No,O: No Injury,Male,Sport Utility,No,34.24195181,-77.82880412,Dry,Unknown,No Control Present,Clear,No,0,0,1
Yes,46.0,No,With Traffic,B: Suspected Minor Injury,Male,Kannapolis,Cabarrus,No,Thursday,Motorist Right Turn / Merge,17.0,January,Motorist Right Turn - Same Direction,2013,49.0,No,O: No Injury,Female,Passenger Car,No,35.46720984,-80.60999051,Dry,30 - 35  MPH,Stop Sign,Clear,No,0,0,1
Yes,60.0,No,With Traffic,B: Suspected Minor Injury,Male,None - Rural Crash,Henderson,No,Wednesday,Bicyclist Overtaking Motorist,16.0,February,Bicyclist Overtaking - Other / Unknown,2013,76.0,No,O: No Injury,Female,Passenger Car,No,35.4246461,-82.48048151,Dry,40 - 45  MPH,"Double Yellow Line, No Passing Zone",Clear,No,0,0,2
Yes,49.0,No,With Traffic,Unknown Injury,Male,Morehead City,Carteret,No,Wednesday,Motorist Failed to Yield - Midblock,7.0,January,Motorist Drive Out - Commercial Driveway / Alley,2013,36.0,No,O: No Injury,Male,Pickup,No,34.7213297,-76.71072635,Dry,Unknown,No Control Present,Clear,No,0,0,1
Yes,42.0,No,With Traffic,B: Suspected Minor Injury,Male,None - Rural Crash,Randolph,No,Saturday,Motorist Right Turn / Merge,13.0,February,Motorist Right Turn - Same Direction,2013,77.0,No,O: No Injury,Male,Pickup,No,35.87501375,-79.90016922,Dry,40 - 45  MPH,No Control Present,Clear,No,0,0,2
Yes,45.0,No,With Traffic,C: Possible Injury,Male,Charlotte,Mecklenburg,No,Wednesday,Motorist Right Turn / Merge,6.0,February,Motorist Right Turn - Same Direction,2013,37.0,No,O: No Injury,Male,Pickup,No,35.23837592,-80.89727893,Dry,30 - 35  MPH,Stop And Go Signal,Clear,No,0,0,2
No,55.0,No,With Traffic,B: Suspected Minor Injury,Male,None - Rural Crash,New Hanover,No,Saturday,Bicyclist Right Turn / Merge,13.0,February,Bicyclist Right Turn - Same Direction,2013,21.0,No,O: No Injury,Male,Passenger Car,No,34.26685999,-77.86925058,Dry,40 - 45  MPH,"Double Yellow Line, No Passing Zone",Clear,No,0,0,2
Yes,56.0,No,With Traffic,C: Possible Injury,Male,Raleigh,Wake,No,Friday,Parallel Paths - Other Circumstances,13.0,February,Parallel Paths - Other / Unknown,2013,57.0,Unknown,Unknown Injury,Male,Passenger Car,No,35.8975601,-78.65063839,Dry,40 - 45  MPH,No Control Present,Clear,No,0,0,2
Yes,54.0,No,Facing Traffic,B: Suspected Minor Injury,Male,Tarboro,Edgecombe,No,Thursday,Motorist Failed to Yield - Sign-Controlled Intersection,18.0,January,Motorist Drive Out - Sign-Controlled Intersection,2013,22.0,No,O: No Injury,Male,Passenger Car,No,35.89471699,-77.532851,Dry,20 - 25  MPH,No Control Present,Cloudy,No,0,0,1
Yes,26.0,No,Not Applicable,C: Possible Injury,Male,High Point,Guilford,No,Monday,Bicyclist Failed to Yield - Midblock,18.0,January,Bicyclist Ride Out - Other Midblock,2013,40.0,No,O: No Injury,Female,Passenger Car,No,35.95579268,-80.00395659,Dry,30 - 35  MPH,Stop And Go Signal,Clear,No,0,0,1
Yes,50.0,Yes,Not Applicable,B: Suspected Minor Injury,Male,Kill Devil Hills,Dare,Yes,Wednesday,Non-Roadway,17.0,January,Non-Roadway,2013,23.0,No,O: No Injury,Female,Passenger Car,No,36.03418903,-75.67370995,Dry,Unknown,No Control Present,Clear,No,0,0,1
Yes,29.0,No,With Traffic,C: Possible Injury,Male,Raleigh,Wake,No,Thursday,Motorist Right Turn / Merge,13.0,February,Motorist Right Turn - Same Direction,2013,21.0,No,O: No Injury,Female,Passenger Car,No,35.788224,-78.66980863,Dry,30 - 35  MPH,No Control Present,Cloudy,No,0,0,2
Yes,54.0,No,Facing Traffic,O: No Injury,Male,Monroe,Union,No,Tuesday,Crossing Paths - Other Circumstances,10.0,January,Crossing Paths - Uncontrolled Intersection,2013,22.0,No,C: Possible Injury,Female,Passenger Car,No,34.99529559,-80.54234952,Dry,40 - 45  MPH,No Control Present,Clear,No,0,0,1
Yes,23.0,No,Facing Traffic,C: Possible Injury,Male,Gastonia,Gaston,No,Friday,Motorist Failed to Yield - Midblock,17.0,January,Motorist Drive Out - Commercial Driveway / Alley,2013,27.0,No,O: No Injury,Female,Passenger Car,No,35.26936281,-81.13414784,Dry,Unknown,No Control Present,Clear,No,0,0,1
Yes,21.0,No,With Traffic,C: Possible Injury,Male,Greensboro,Guilford,No,Friday,Motorist Left Turn / Merge,14.0,February,Motorist Left Turn - Opposite Direction,2013,73.0,No,O: No Injury,Female,Sport Utility,No,36.08513231,-79.77225883,Dry,30 - 35  MPH,No Control Present,Clear,No,0,0,2
Yes,56.0,No,Facing Traffic,C: Possible Injury,Male,Fayetteville,Cumberland,No,Friday,Motorist Failed to Yield - Sign-Controlled Intersection,17.0,February,Motorist Drive Out - Sign-Controlled Intersection,2013,62.0,No,O: No Injury,Female,Passenger Car,No,35.13733034,-78.8751871,Dry,50 - 55  MPH,Stop Sign,Clear,No,0,0,2
Yes,31.0,No,With Traffic,C: Possible Injury,Male,Greenville,Pitt,No,Tuesday,Motorist Overtaking Bicyclist,13.0,February,Motorist Overtaking - Misjudged Space,2013,42.03850604944766,Missing,Unknown Injury,Unknown,Unknown,Yes,35.5606865,-77.35495742,Dry,40 - 45  MPH,No Control Present,Clear,No,1,0,2
Yes,20.0,No,Facing Traffic,C: Possible Injury,Female,Wilmington,New Hanover,No,Thursday,Motorist Left Turn / Merge,9.0,February,Motorist Left Turn - Same Direction,2013,28.0,No,O: No Injury,Male,Passenger Car,No,34.22679163,-77.86647141,Dry,20 - 25  MPH,No Control Present,Clear,No,0,0,2
Yes,19.0,No,Unknown,C: Possible Injury,Male,Durham,Durham,No,Wednesday,Motorist Left Turn / Merge,18.0,February,Motorist Left Turn - Opposite Direction,2013,42.03850604944766,Unknown,Unknown Injury,Unknown,Passenger Car,Yes,36.00582656,-78.88514756,Dry,30 - 35  MPH,No Control Present,Clear,No,1,0,2
No,55.0,No,With Traffic,O: No Injury,Male,Raleigh,Wake,No,Wednesday,Motorist Left Turn / Merge,18.0,February,Motorist Left Turn - Opposite Direction,2013,27.0,No,O: No Injury,Male,Passenger Car,Yes,35.87288991,-78.62235844,Dry,40 - 45  MPH,Stop And Go Signal,Clear,No,0,0,2
No,45.0,Yes,With Traffic,C: Possible Injury,Male,Wilmington,New Hanover,Yes,Saturday,Motorist Overtaking Bicyclist,20.0,February,Motorist Overtaking - Bicyclist Swerved,2013,47.0,No,O: No Injury,Female,Sport Utility,Yes,34.25105682,-77.85531931,Dry,40 - 45  MPH,No Control Present,Clear,No,0,0,2
Yes,59.0,No,Facing Traffic,C: Possible Injury,Male,Charlotte,Mecklenburg,No,Wednesday,Motorist Failed to Yield - Midblock,8.0,February,Motorist Drive Out - Commercial Driveway / Alley,2013,55.0,No,O: No Injury,Female,Passenger Car,No,35.2018202,-80.8655813,Dry,30 - 35  MPH,No Control Present,Clear,No,0,0,2
Yes,16.0,No,With Traffic,C: Possible Injury,Male,Arapahoe,Pamlico,No,Monday,Motorist Overtaking Bicyclist,19.0,February,Motorist Overtaking - Bicyclist Swerved,2013,16.0,No,O: No Injury,Male,Sport Utility,No,35.0261281,-76.82583852,Dry,30 - 35  MPH,"Double Yellow Line, No Passing Zone",Clear,No,0,0,2
Yes,26.0,No,Facing Traffic,O: No Injury,Male,Raleigh,Wake,No,Tuesday,Motorist Failed to Yield - Signalized Intersection,17.0,February,Motorist Drive Out - Signalized Intersection,2013,47.0,No,O: No Injury,Male,Sport Utility,No,35.84399128,-78.614197,Wet,30 - 35  MPH,Stop And Go Signal,Cloudy,No,0,0,2
No,21.0,No,With Traffic,C: Possible Injury,Male,Fayetteville,Cumberland,No,Tuesday,Parallel Paths - Other Circumstances,17.0,February,Bicyclist Ride Out - Parallel Path,2013,42.03850604944766,Unknown,Unknown Injury,Unknown,Unknown,Yes,35.05606006,-78.89496257,Dry,30 - 35  MPH,"Double Yellow Line, No Passing Zone",Clear,No,1,0,2
Yes,33.0,No,Unknown,B: Suspected Minor Injury,Male,Wilmington,New Hanover,No,Tuesday,Bicyclist Failed to Yield - Midblock,15.0,February,Bicyclist Ride Out - Other Midblock,2013,27.0,No,O: No Injury,Female,Passenger Car,No,34.22081956,-77.88637641,Dry,40 - 45  MPH,Stop And Go Signal,Cloudy,No,0,0,2
No,33.0,No,With Traffic,C: Possible Injury,Female,Raleigh,Wake,No,Saturday,Motorist Right Turn / Merge,19.0,February,Motorist Right Turn - Same Direction,2013,40.0,Unknown,O: No Injury,Male,Passenger Car,Yes,35.77951885,-78.63918378,Dry,20 - 25  MPH,Stop And Go Signal,Clear,No,0,0,2
No,31.0,No,Not Applicable,C: Possible Injury,Male,New Bern,Craven,No,Friday,Non-Roadway,11.0,February,Non-Roadway,2013,29.0,Missing,O: No Injury,Female,Van,No,35.10930806,-77.07932025,Dry,Unknown,No Control Present,Clear,No,0,0,2
Yes,54.0,No,Facing Traffic,C: Possible Injury,Male,Wilmington,New Hanover,No,Sunday,Motorist Failed to Yield - Midblock,11.0,February,Motorist Drive Out - Commercial Driveway / Alley,2013,28.0,No,O: No Injury,Male,Sport Utility,No,34.19732877,-77.93782378,Dry,Unknown,No Control Present,Clear,No,0,0,2
No,58.0,No,With Traffic,B: Suspected Minor Injury,Male,None - Rural Crash,Orange,No,Sunday,Motorist Overtaking Bicyclist,13.0,February,Motorist Overtaking - Other / Unknown,2013,71.0,No,O: No Injury,Female,Van,No,35.99566324,-79.05437301,Dry,40 - 45  MPH,"Double Yellow Line, No Passing Zone",Clear,No,0,0,2
Yes,63.0,No,With Traffic,B: Suspected Minor Injury,Male,Spindale,Rutherford,No,Tuesday,Motorist Overtaking Bicyclist,19.0,January,Motorist Overtaking - Other / Unknown,2013,19.0,No,O: No Injury,Male,Sport Utility,No,35.33468122,-81.91845978,Dry,30 - 35  MPH,"Double Yellow Line, No Passing Zone",Clear,No,0,0,1
Yes,30.0,Missing,With Traffic,B: Suspected Minor Injury,Male,Charlotte,Mecklenburg,No,Sunday,Motorist Left Turn / Merge,17.0,May,Motorist Left Turn - Opposite Direction,2012,56.0,No,O: No Injury,Female,"Light Truck (Mini-Van, Panel)",No,35.20589966,-80.92231972,Dry,40 - 45  MPH,Stop And Go Signal,Clear,No,0,0,5
Yes,16.0,Missing,Facing Traffic,C: Possible Injury,Male,Charlotte,Mecklenburg,No,Monday,Motorist Failed to Yield - Midblock,14.0,February,Motorist Drive Out - Commercial Driveway / Alley,2013,32.0,No,O: No Injury,Female,Passenger Car,No,35.14899587,-80.83297542,Dry,30 - 35  MPH,Stop Sign,Cloudy,No,0,0,2
No,30.0,No,Facing Traffic,C: Possible Injury,Male,High Point,Guilford,No,Wednesday,Motorist Failed to Yield - Midblock,13.0,February,Motorist Drive Out - Commercial Driveway / Alley,2013,51.0,No,O: No Injury,Female,Passenger Car,No,35.97592468,-80.01919094,Wet,Unknown,No Control Present,Cloudy,No,0,0,2
Yes,31.0,No,With Traffic,B: Suspected Minor Injury,Male,None - Rural Crash,Buncombe,No,Friday,Motorist Failed to Yield - Sign-Controlled Intersection,15.0,March,Motorist Drive Out - Sign-Controlled Intersection,2013,54.0,No,O: No Injury,Male,Sport Utility,No,35.6674557,-82.60476684,Dry,50 - 55  MPH,Stop Sign,Cloudy,No,0,0,3
Yes,44.0,No,With Traffic,C: Possible Injury,Male,Conover,Catawba,No,Sunday,Motorist Overtaking Bicyclist,1.0,March,Motorist Overtaking - Undetected Bicyclist,2013,42.03850604944766,Missing,Unknown Injury,Unknown,Passenger Car,Yes,35.695059,-81.229207,Dry,30 - 35  MPH,No Control Present,Clear,No,1,0,3
Yes,20.0,No,With Traffic,C: Possible Injury,Male,Greensboro,Guilford,No,Monday,Motorist Left Turn / Merge,18.0,February,Motorist Left Turn - Same Direction,2013,68.0,No,O: No Injury,Female,Van,No,36.06098188,-79.81860675,Dry,30 - 35  MPH,Stop Sign,Cloudy,No,0,0,2
Yes,53.0,No,With Traffic,B: Suspected Minor Injury,Male,Greensboro,Guilford,No,Friday,Motorist Failed to Yield - Signalized Intersection,20.0,February,Motorist Drive Out - Signalized Intersection,2013,23.0,No,O: No Injury,Female,Passenger Car,No,36.064556,-79.790941,Wet,30 - 35  MPH,Stop And Go Signal,Rain,No,0,0,2
Yes,67.0,No,With Traffic,B: Suspected Minor Injury,Male,Huntersville,Mecklenburg,Yes,Sunday,Motorist Overtaking Bicyclist,14.0,February,Motorist Overtaking - Other / Unknown,2013,25.0,Yes,O: No Injury,Male,Pickup,Yes,35.428381,-80.932208,Dry,40 - 45  MPH,No Control Present,Clear,No,0,0,2
Yes,17.0,No,With Traffic,C: Possible Injury,Male,Kinston,Lenoir,No,Monday,Bicyclist Right Turn / Merge,16.0,March,Bicyclist Right Turn - Same Direction,2013,61.0,No,O: No Injury,Male,Passenger Car,No,35.275997,-77.585726,Dry,20 - 25  MPH,No Control Present,Clear,No,0,0,3
Yes,63.0,No,With Traffic,B: Suspected Minor Injury,Male,Forest City,Rutherford,No,Wednesday,Motorist Overtaking Bicyclist,18.0,February,Motorist Overtaking - Other / Unknown,2013,42.03850604944766,Missing,Unknown Injury,Unknown,Unknown,Yes,35.333579,-81.884847,Dry,40 - 45  MPH,No Control Present,Clear,No,1,0,2
Yes,59.0,Yes,Facing Traffic,C: Possible Injury,Male,Washington,Beaufort,Yes,Tuesday,Bicyclist Right Turn / Merge,17.0,February,Bicyclist Right Turn - Same Direction,2013,21.0,No,O: No Injury,Female,"Light Truck (Mini-Van, Panel)",No,35.562576,-77.061847,Dry,40 - 45  MPH,No Control Present,Clear,No,0,0,2
No,60.0,No,Facing Traffic,C: Possible Injury,Male,Raleigh,Wake,No,Monday,Motorist Failed to Yield - Midblock,17.0,March,Motorist Drive Out - Commercial Driveway / Alley,2013,25.0,No,O: No Injury,Female,Passenger Car,No,35.818804,-78.595847,Dry,5 - 15 MPH,No Control Present,Clear,No,0,0,3
Yes,11.0,No,With Traffic,B: Suspected Minor Injury,Male,New Bern,Craven,No,Friday,Motorist Overtaking Bicyclist,15.0,March,Motorist Overtaking - Bicyclist Swerved,2013,35.0,No,O: No Injury,Male,Pickup,No,35.108493,-77.044114,Dry,40 - 45  MPH,No Control Present,Cloudy,No,0,0,3
No,62.0,No,With Traffic,C: Possible Injury,Male,None - Rural Crash,Dare,No,Monday,Crossing Paths - Other Circumstances,13.0,March,Sign-Controlled Intersection - Other / Unknown,2013,81.0,No,O: No Injury,Male,Passenger Car,No,36.013465,-75.712462,Dry,20 - 25  MPH,Stop Sign,Clear,No,0,0,3
No,12.0,No,Not Applicable,C: Possible Injury,Male,Creedmoor,Granville,No,Thursday,Crossing Paths - Other Circumstances,16.0,January,Crossing Paths - Intersection - Other / Unknown,2013,26.0,No,O: No Injury,Male,Passenger Car,No,36.117981,-78.686765,Dry,20 - 25  MPH,"Double Yellow Line, No Passing Zone",Clear,No,0,0,1
Yes,24.0,No,Facing Traffic,C: Possible Injury,Male,Durham,Durham,No,Wednesday,Loss of Control / Turning Error,14.0,March,Bicyclist Lost Control - Mechanical Problems,2013,48.0,No,O: No Injury,Female,Sport Utility,No,35.99707,-78.910269,Dry,20 - 25  MPH,Stop And Go Signal,Cloudy,No,0,0,3
Yes,36.0,No,With Traffic,B: Suspected Minor Injury,Male,Long View,Catawba,No,Monday,Motorist Failed to Yield - Sign-Controlled Intersection,13.0,February,Motorist Drive Out - Sign-Controlled Intersection,2013,52.0,No,O: No Injury,Male,Passenger Car,No,35.729327,-81.382354,Dry,30 - 35  MPH,Stop Sign,Cloudy,No,0,0,2
No,37.0,No,Not Applicable,O: No Injury,Male,Cary,Wake,No,Thursday,Non-Roadway,14.0,February,Non-Roadway,2013,41.0,No,O: No Injury,Male,Pickup,No,35.820723,-78.771152,Dry,Unknown,No Control Present,Clear,No,0,0,2
Yes,19.0,No,Not Applicable,C: Possible Injury,Male,Asheville,Buncombe,No,Wednesday,Crossing Paths - Other Circumstances,11.0,February,Sign-Controlled Intersection - Other / Unknown,2013,54.0,No,O: No Injury,Male,Motorcycle,No,35.586564,-82.506846,Dry,40 - 45  MPH,No Control Present,Clear,No,0,0,2
Yes,22.0,No,With Traffic,C: Possible Injury,Male,None - Rural Crash,Transylvania,No,Saturday,Motorist Overtaking Bicyclist,19.0,March,Motorist Overtaking - Undetected Bicyclist,2013,18.0,No,O: No Injury,Male,Passenger Car,No,35.21188355,-82.76144579,Dry,40 - 45  MPH,No Control Present,Clear,No,0,0,3
Yes,17.0,No,Facing Traffic,C: Possible Injury,Male,None - Rural Crash,New Hanover,No,Saturday,Motorist Failed to Yield - Midblock,15.0,March,Motorist Drive Out - Commercial Driveway / Alley,2013,25.0,No,O: No Injury,Male,Sport Utility,No,34.27792715,-77.81416094,Dry,40 - 45  MPH,Stop Sign,Clear,No,0,0,3
No,35.0,No,With Traffic,B: Suspected Minor Injury,Female,None - Rural Crash,New Hanover,No,Friday,Motorist Failed to Yield - Midblock,15.0,March,Motorist Drive Out - Residential Driveway,2013,61.0,No,O: No Injury,Female,Van,No,34.26933912,-77.81963859,Dry,30 - 35  MPH,No Control Present,Clear,No,0,0,3
Yes,8.0,No,With Traffic,O: No Injury,Male,Kings Mountain,Cleveland,No,Sunday,Bicyclist Failed to Yield - Sign-Controlled Intersection,18.0,March,Bicyclist Ride Through - Sign-Controlled Intersection,2013,21.0,No,O: No Injury,Female,Passenger Car,No,35.258673,-81.331658,Dry,30 - 35  MPH,Stop Sign,Clear,No,0,0,3
Yes,55.0,No,Not Applicable,B: Suspected Minor Injury,Male,Franklinton,Franklin,No,Saturday,Crossing Paths - Other Circumstances,20.0,March,Signalized Intersection - Other / Unknown,2013,19.0,No,O: No Injury,Female,Passenger Car,No,36.09715057,-78.46897729,Dry,50 - 55  MPH,Stop And Go Signal,Clear,No,0,0,3
No,31.0,No,With Traffic,C: Possible Injury,Male,Greenville,Pitt,No,Thursday,Bicyclist Overtaking Motorist,16.0,March,Bicyclist Overtaking - Other / Unknown,2013,46.0,No,O: No Injury,Female,Passenger Car,No,35.59122049,-77.37987944,Dry,30 - 35  MPH,No Control Present,Clear,No,0,0,3
Yes,37.0,No,With Traffic,B: Suspected Minor Injury,Female,Burlington,Alamance,No,Tuesday,Backing Vehicle,15.0,August,Backing Vehicle,2012,52.0,No,O: No Injury,Female,Pickup,Yes,36.107771,-79.423571,Dry,30 - 35  MPH,Stop Sign,Clear,No,0,0,8
Yes,48.0,No,With Traffic,C: Possible Injury,Male,Raleigh,Wake,No,Saturday,Motorist Overtaking Bicyclist,14.0,March,Motorist Overtaking - Other / Unknown,2013,49.0,No,O: No Injury,Female,Passenger Car,No,35.92085818,-78.74150605,Dry,40 - 45  MPH,No Control Present,Clear,No,0,0,3
No,47.0,No,Facing Traffic,C: Possible Injury,Male,Lumberton,Robeson,No,Wednesday,Bicyclist Failed to Yield - Signalized Intersection,20.0,March,Bicyclist Ride Out - Signalized  Intersection,2013,79.0,No,O: No Injury,Male,Passenger Car,No,34.63238249,-78.99252984,Dry,40 - 45  MPH,Stop And Go Signal,Cloudy,No,0,0,3
Yes,18.0,No,With Traffic,C: Possible Injury,Male,Salisbury,Rowan,No,Thursday,Parallel Paths - Other Circumstances,11.0,March,Bicyclist Ride Out - Parallel Path,2013,57.0,No,O: No Injury,Male,Passenger Car,No,35.66714472,-80.47026871,Dry,20 - 25  MPH,Stop And Go Signal,Clear,No,0,0,3