AmbulanceR,BikeAge,BikeAlcFlg,BikeDir,BikeInjury,BikeSex,City,County,CrashAlcoh,CrashDay,CrashGrp,CrashHour,CrashMonth,CrashType,CrashYear,DrvrAge,DrvrAlcFlg,DrvrInjury,DrvrSex,DrvrVehTyp,HitRun,Latitude,Longitude,RdConditio,SpeedLimit,TraffCntrl,Weather,Workzone,DrvrAgeImputedFlag,BikeAgeImputedFlag,MonthCode
No,27.0,No,With Traffic,B: Suspected Minor Injury,Male,None - Rural Crash,Henderson,No,Thursday,Loss of Control / Turning Error,13.0,March,Motorist Turning Error - Left Turn,2013,63.0,No,O: No Injury,Female,Sport Utility,No,35.32149475,-82.61733336,Dry,30 - 35  MPH,Stop Sign,Clear,No,0,0,3
No,17.0,No,With Traffic,Unknown Injury,Female,Black Mountain,Buncombe,No,Thursday,Motorist Left Turn / Merge,20.0,March,Motorist Left Turn - Opposite Direction,2013,30.0,No,O: No Injury,Male,Passenger Car,No,35.6162865,-82.33413424,Dry,20 - 25  MPH,No Control Present,Clear,No,0,0,3
Yes,65.0,No,Facing Traffic,C: Possible Injury,Male,Whiteville,Columbus,No,Friday,Motorist Failed to Yield - Midblock,13.0,March,Motorist Drive Out - Commercial Driveway / Alley,2013,23.0,No,O: No Injury,Female,Sport Utility,No,34.32962515,-78.70770152,Dry,30 - 35  MPH,No Control Present,Clear,No,0,0,3
No,8.0,No,Unknown,O: No Injury,Male,Durham,Durham,No,Saturday,Bicyclist Failed to Yield - Midblock,12.0,March,Bicyclist Ride Out - Other Midblock,2013,66.0,No,O: No Injury,Female,Passenger Car,No,36.03378781,-78.88186891,Dry,30 - 35  MPH,No Control Present,Clear,No,0,0,3
Yes,12.0,No,With Traffic,B: Suspected Minor Injury,Male,Dunn,Harnett,No,Friday,Motorist Overtaking Bicyclist,6.0,October,Motorist Overtaking - Other / Unknown,2012,36.0,No,O: No Injury,Female,Passenger Car,No,35.3040089,-78.62019804,Dry,30 - 35  MPH,No Control Present,Clear,No,0,0,10
No,30.0,No,With Traffic,C: Possible Injury,Female,Raleigh,Wake,No,Saturday,Motorist Left Turn / Merge,16.0,March,Motorist Left Turn - Opposite Direction,2013,25.0,No,O: No Injury,Male,Police,No,35.78760698,-78.61442904,Dry,30 - 35  MPH,No Control Present,Clear,No,0,0,3
No,54.0,No,With Traffic,O: No Injury,Male,None - Rural Crash,Union,No,Saturday,Motorist Overtaking Bicyclist,10.0,March,Motorist Overtaking - Other / Unknown,2013,31.0,No,O: No Injury,Female,Sport Utility,No,35.01210854,-80.77426934,Dry,40 - 45  MPH,No Control Present,Clear,No,0,0,3
Yes,14.0,No,Not Applicable,B: Suspected Minor Injury,Male,High Point,Guilford,No,Saturday,Crossing Paths - Other Circumstances,10.0,March,Crossing Paths - Midblock - Other / Unknown,2013,20.0,No,O: No Injury,Male,Passenger Car,No,35.98219687,-80.02267819,Dry,40 - 45  MPH,No Control Present,Cloudy,No,0,0,3
Yes,43.0,No,With Traffic,C: Possible Injury,Male,Kannapolis,Cabarrus,No,Monday,Motorist Failed to Yield - Sign-Controlled Intersection,15.0,March,Motorist Drive Out - Sign-Controlled Intersection,2013,63.0,No,O: No Injury,Male,Passenger Car,No,35.477763,-80.611496,Dry,30 - 35  MPH,Stop Sign,Clear,No,0,0,3
Yes,56.0,No,Facing Traffic,C: Possible Injury,Male,Fayetteville,Cumberland,No,Friday,Motorist Failed to Yield - Sign-Controlled Intersection,10.0,March,Motorist Drive Out - Sign-Controlled Intersection,2013,79.0,No,Unknown Injury,Male,Passenger Car,No,35.04318632,-78.95866461,Dry,40 - 45  MPH,Stop Sign,Clear,No,0,0,3
No,64.0,No,Facing Traffic,C: Possible Injury,Male,Chapel Hill,Orange,No,Wednesday,Motorist Failed to Yield - Signalized Intersection,10.0,March,Motorist Drive Out - Right Turn on Red,2013,60.0,No,O: No Injury,Female,Passenger Car,No,35.90541587,-79.01631175,Dry,30 - 35  MPH,Stop And Go Signal,Cloudy,No,0,0,3
No,24.0,No,Not Applicable,O: No Injury,Male,None - Rural Crash,Robeson,No,Tuesday,Crossing Paths - Other Circumstances,8.0,March,Crossing Paths - Midblock - Other / Unknown,2013,43.0,No,O: No Injury,Female,Passenger Car,No,34.68565102,-79.19929558,Dry,30 - 35  MPH,Yield Sign,Cloudy,No,0,0,3
No,7.0,No,Not Applicable,C: Possible Injury,Male,Cary,Wake,No,Wednesday,Bicyclist Failed to Yield - Midblock,17.0,February,Bicyclist Ride Out - Other Midblock,2013,22.0,No,O: No Injury,Male,Passenger Car,No,35.77923265,-78.77628935,Wet,20 - 25  MPH,No Control Present,Clear,No,0,0,2
Yes,56.0,No,With Traffic,K: Killed,Male,None - Rural Crash,Scotland,No,Sunday,Motorist Overtaking Bicyclist,11.0,March,Motorist Overtaking - Other / Unknown,2013,65.0,No,O: No Injury,Male,Passenger Car,No,34.77094819,-79.33538663,Dry,50 - 55  MPH,"Double Yellow Line, No Passing Zone",Cloudy,No,0,0,3
Yes,31.0,No,With Traffic,K: Killed,Male,Indian Trail,Union,Yes,Saturday,Motorist Overtaking Bicyclist,22.0,March,Motorist Overtaking - Other / Unknown,2013,29.0,Yes,O: No Injury,Male,Pickup,Yes,35.07620258,-80.64634359,Dry,40 - 45  MPH,"Double Yellow Line, No Passing Zone",Clear,No,0,0,3
Yes,9.0,No,Not Applicable,B: Suspected Minor Injury,Female,None - Rural Crash,Hoke,No,Tuesday,Bicyclist Failed to Yield - Midblock,18.0,March,Bicyclist Ride Out - Residential Driveway,2013,40.0,No,O: No Injury,Male,Passenger Car,No,35.0490159,-79.12193386,Dry,20 - 25  MPH,No Control Present,Clear,No,0,0,3
No,19.0,No,Facing Traffic,O: No Injury,Male,Charlotte,Mecklenburg,No,Thursday,Motorist Failed to Yield - Midblock,17.0,March,Motorist Drive Out - Commercial Driveway / Alley,2013,42.03850604944766,Missing,Unknown Injury,Unknown,Unknown,Yes,35.13235561,-80.83863334,Dry,30 - 35  MPH,No Control Present,Cloudy,No,1,0,3
Yes,13.0,No,With Traffic,C: Possible Injury,Male,Asheboro,Randolph,No,Monday,Motorist Overtaking Bicyclist,19.0,March,Motorist Overtaking - Bicyclist Swerved,2013,42.0,No,O: No Injury,Female,Passenger Car,No,35.68681677,-79.81638146,Dry,Unknown,No Control Present,Clear,No,0,0,3
No,23.0,No,With Traffic,B: Suspected Minor Injury,Female,Raleigh,Wake,No,Thursday,Motorist Right Turn / Merge,13.0,March,Motorist Right Turn - Same Direction,2013,42.03850604944766,Missing,Unknown Injury,Unknown,Passenger Car,Yes,35.78283085,-78.6379237,Dry,30 - 35  MPH,No Control Present,Clear,No,1,0,3
No,30.0,No,With Traffic,O: No Injury,Male,Raleigh,Wake,No,Friday,Motorist Left Turn / Merge,10.0,March,Motorist Left Turn - Opposite Direction,2013,26.0,No,O: No Injury,Male,Sport Utility,No,35.78544462,-78.66051502,Dry,30 - 35  MPH,No Control Present,Clear,No,0,0,3
Yes,48.0,No,With Traffic,B: Suspected Minor Injury,Male,Selma,Johnston,No,Monday,Motorist Left Turn / Merge,4.0,March,Motorist Left Turn - Opposite Direction,2013,59.0,No,O: No Injury,Female,Sport Utility,No,35.53518968,-78.28544341,Wet,30 - 35  MPH,No Control Present,Rain,No,0,0,3
No,54.0,No,With Traffic,O: No Injury,Male,None - Rural Crash,Randolph,No,Thursday,Motorist Overtaking Bicyclist,17.0,March,Motorist Overtaking - Other / Unknown,2013,68.0,No,O: No Injury,Male,Pickup,No,35.85739343,-79.90578568,Dry,50 - 55  MPH,"Double Yellow Line, No Passing Zone",Clear,No,0,0,3
Yes,22.0,No,Not Applicable,C: Possible Injury,Male,Rocky Mount,Nash,No,Saturday,Non-Roadway,19.0,March,Non-Roadway,2013,24.0,No,O: No Injury,Male,Police,No,35.93380509,-77.80951946,Dry,20 - 25  MPH,No Control Present,Clear,No,0,0,3
Yes,12.0,No,With Traffic,B: Suspected Minor Injury,Female,Salisbury,Rowan,No,Friday,Parallel Paths - Other Circumstances,18.0,March,Bicyclist Ride Out - Parallel Path,2013,28.0,No,O: No Injury,Female,Passenger Car,No,35.66469062,-80.48867219,Dry,30 - 35  MPH,No Control Present,Clear,No,0,0,3
Yes,61.0,No,Unknown,O: No Injury,Male,Raleigh,Wake,No,Wednesday,Backing Vehicle,10.0,March,Backing Vehicle,2013,66.0,No,O: No Injury,Male,Pickup,No,35.81875668,-78.59607055,Dry,40 - 45  MPH,Other,Cloudy,No,0,0,3
No,36.0,No,With Traffic,C: Possible Injury,Male,None - Rural Crash,Harnett,No,Tuesday,Motorist Overtaking Bicyclist,16.0,April,Motorist Overtaking - Other / Unknown,2013,69.0,No,O: No Injury,Male,Pickup,No,35.25639149,-78.8725578,Dry,50 - 55  MPH,"Double Yellow Line, No Passing Zone",Clear,No,0,0,4
Yes,49.0,No,Facing Traffic,Unknown Injury,Male,Plymouth,Washington,No,Monday,Motorist Failed to Yield - Sign-Controlled Intersection,7.0,March,Motorist Drive Out - Sign-Controlled Intersection,2013,62.0,No,O: No Injury,Male,Pickup,No,35.849744,-76.755094,Wet,40 - 45  MPH,No Control Present,Cloudy,No,0,0,3
Yes,49.0,No,With Traffic,B: Suspected Minor Injury,Male,Gastonia,Gaston,No,Sunday,Motorist Overtaking Bicyclist,14.0,March,Motorist Overtaking - Other / Unknown,2013,42.03850604944766,Missing,Unknown Injury,Unknown,"Light Truck (Mini-Van, Panel)",Yes,35.21440126,-81.13948258,Dry,Unknown,"Double Yellow Line, No Passing Zone",Clear,No,1,0,3
Yes,57.0,No,Facing Traffic,C: Possible Injury,Male,Fayetteville,Cumberland,No,Saturday,Bicyclist Failed to Yield - Signalized Intersection,18.0,March,Bicyclist Ride Through - Signalized Intersection,2013,32.0,No,O: No Injury,Female,Passenger Car,No,35.04110911,-78.91425074,Dry,30 - 35  MPH,Flashing Stop And Go Signal,Clear,No,0,0,3
Yes,37.0,No,With Traffic,B: Suspected Minor Injury,Male,Raleigh,Wake,No,Friday,Motorist Left Turn / Merge,11.0,March,Motorist Left Turn - Opposite Direction,2013,40.0,No,O: No Injury,Male,Passenger Car,No,35.78862895,-78.65101188,Dry,30 - 35  MPH,Stop And Go Signal,Clear,No,0,0,3
Yes,56.0,No,Not Applicable,C: Possible Injury,Male,Raleigh,Wake,No,Thursday,Motorist Left Turn / Merge,11.0,March,Motorist Left Turn - Opposite Direction,2013,56.0,No,O: No Injury,Male,Van,No,35.78646451,-78.58595661,Dry,30 - 35  MPH,Stop Sign,Clear,No,0,0,3
No,11.0,No,Not Applicable,B: Suspected Minor Injury,Female,Durham,Durham,No,Wednesday,Non-Roadway,17.0,March,Non-Roadway,2013,15.0,Missing,O: No Injury,Male,Sport Utility,No,36.07093788,-78.90782854,Dry,5 - 15 MPH,No Control Present,Clear,No,0,0,3
Yes,54.0,Yes,With Traffic,B: Suspected Minor Injury,Male,Greenville,Pitt,Yes,Sunday,Bicyclist Failed to Yield - Signalized Intersection,21.0,April,Bicyclist Ride Through - Signalized Intersection,2013,25.0,No,O: No Injury,Male,Passenger Car,No,35.608124,-77.390987,Dry,30 - 35  MPH,Stop And Go Signal,Clear,No,0,0,4
Yes,58.0,No,With Traffic,B: Suspected Minor Injury,Male,Charlotte,Mecklenburg,No,Monday,Bicyclist Failed to Yield - Sign-Controlled Intersection,13.0,April,Bicyclist Ride Out - Sign-Controlled Intersection,2013,50.0,No,O: No Injury,Female,Passenger Car,No,35.23930243,-80.79833752,Dry,30 - 35  MPH,No Control Present,Clear,No,0,0,4
Yes,5.0,No,Not Applicable,B: Suspected Minor Injury,Female,Winston-Salem,Forsyth,No,Friday,Bicyclist Failed to Yield - Midblock,15.0,March,Bicyclist Ride Out - Other Midblock,2013,47.0,No,O: No Injury,Male,Pickup,No,36.058712,-80.2374,Dry,30 - 35  MPH,No Control Present,Clear,No,0,0,3
Yes,5.0,No,Not Applicable,B: Suspected Minor Injury,Male,Greenville,Pitt,No,Tuesday,Bicyclist Failed to Yield - Midblock,16.0,April,Bicyclist Ride Out - Commercial Driveway / Alley,2013,43.0,No,O: No Injury,Female,"Light Truck (Mini-Van, Panel)",No,35.59231334,-77.34511055,Dry,30 - 35  MPH,No Control Present,Clear,No,0,0,4
Yes,46.0,Unknown,With Traffic,K: Killed,Male,None - Rural Crash,Jones,No,Tuesday,Motorist Overtaking Bicyclist,20.0,April,Motorist Overtaking - Other / Unknown,2013,21.0,No,O: No Injury,Male,Passenger Car,No,35.07210808,-77.349473,Dry,40 - 45  MPH,No Control Present,Clear,No,0,0,4
Yes,17.0,No,Facing Traffic,C: Possible Injury,Male,Kinston,Lenoir,No,Wednesday,Bicyclist Failed to Yield - Sign-Controlled Intersection,12.0,April,Bicyclist Ride Out - Sign-Controlled Intersection,2013,61.0,No,O: No Injury,Male,Pickup,No,35.26902,-77.595287,Dry,30 - 35  MPH,Stop Sign,Clear,No,0,0,4
No,34.0,Yes,Unknown,O: No Injury,Male,Rocky Mount,Nash,Yes,Thursday,Bicyclist Failed to Yield - Midblock,16.0,March,Bicyclist Ride Out - Midblock - Unknown,2013,68.0,No,O: No Injury,Female,Passenger Car,No,35.97616054,-77.84743036,Dry,60 - 75 MPH,No Control Present,Clear,No,0,0,3
Yes,59.0,No,With Traffic,O: No Injury,Male,Goldsboro,Wayne,No,Sunday,Motorist Failed to Yield - Midblock,14.0,March,Motorist Drive Out - Commercial Driveway / Alley,2013,42.03850604944766,No,C: Possible Injury,Male,Pedalcycle,No,35.37542114,-77.99239182,Wet,Unknown,No Control Present,Rain,No,1,0,3
Yes,54.0,No,With Traffic,B: Suspected Minor Injury,Male,Claremont,Catawba,No,Thursday,Motorist Overtaking Bicyclist,19.0,April,Motorist Overtaking - Other / Unknown,2013,26.0,No,O: No Injury,Female,Sport Utility,No,35.72031593,-81.15619712,Dry,30 - 35  MPH,No Control Present,Cloudy,No,0,0,4
Yes,51.0,Yes,With Traffic,B: Suspected Minor Injury,Male,Durham,Durham,Yes,Friday,Bicyclist Failed to Yield - Sign-Controlled Intersection,20.0,April,Bicyclist Ride Through - Sign-Controlled Intersection,2013,42.03850604944766,Missing,Unknown Injury,Unknown,Unknown,Yes,35.97389587,-78.88663761,Dry,Unknown,Stop Sign,Clear,No,1,0,4
Yes,60.0,No,Unknown,C: Possible Injury,Male,Jacksonville,Onslow,No,Monday,Bicyclist Failed to Yield - Midblock,16.0,March,Bicyclist Ride Out - Midblock - Unknown,2013,66.0,No,O: No Injury,Male,Sport Utility,No,34.77853014,-77.39123452,Dry,40 - 45  MPH,No Control Present,Clear,No,0,0,3
No,22.0,No,With Traffic,C: Possible Injury,Male,Raleigh,Wake,No,Tuesday,Bicyclist Failed to Yield - Signalized Intersection,14.0,April,Bicyclist Ride Out - Signalized  Intersection,2013,22.0,No,O: No Injury,Female,Passenger Car,No,35.77588868,-78.67077876,Dry,30 - 35  MPH,Stop And Go Signal,Clear,No,0,0,4
Yes,30.0,No,With Traffic,B: Suspected Minor Injury,Male,Long View,Catawba,No,Wednesday,Motorist Overtaking Bicyclist,22.0,April,Motorist Overtaking - Undetected Bicyclist,2013,61.0,No,O: No Injury,Male,Pickup,No,35.72252553,-81.3724539,Dry,50 - 55  MPH,No Control Present,Clear,No,0,0,4
No,13.0,No,Not Applicable,B: Suspected Minor Injury,Male,Raleigh,Wake,No,Sunday,Bicyclist Failed to Yield - Midblock,19.0,April,Bicyclist Ride Out - Other Midblock,2013,37.0,No,O: No Injury,Female,Passenger Car,No,35.78531307,-78.54667991,Dry,5 - 15 MPH,No Control Present,Clear,No,0,0,4
Yes,17.0,No,Not Applicable,B: Suspected Minor Injury,Female,None - Rural Crash,New Hanover,No,Wednesday,Bicyclist Failed to Yield - Midblock,16.0,April,Bicyclist Ride Out - Residential Driveway,2013,61.0,No,O: No Injury,Male,Pickup,No,34.28000706,-77.8717679,Dry,30 - 35  MPH,No Control Present,Clear,No,0,0,4
Yes,18.0,No,With Traffic,C: Possible Injury,Male,Durham,Durham,No,Wednesday,Motorist Left Turn / Merge,14.0,April,Motorist Left Turn - Opposite Direction,2013,65.0,No,O: No Injury,Female,Passenger Car,No,36.01416247,-78.89044799,Dry,30 - 35  MPH,Stop And Go Signal,Clear,No,0,0,4
Yes,53.0,No,With Traffic,B: Suspected Minor Injury,Male,None - Rural Crash,Pasquotank,No,Thursday,Motorist Left Turn / Merge,6.0,April,Motorist Left Turn - Opposite Direction,2013,47.0,No,O: No Injury,Male,Van,No,36.26221791,-76.20109774,Dry,50 - 55  MPH,"Double Yellow Line, No Passing Zone",Clear,No,0,0,4
No,54.0,No,With Traffic,B: Suspected Minor Injury,Male,None - Rural Crash,Iredell,No,Saturday,Motorist Overtaking Bicyclist,13.0,April,Motorist Overtaking - Misjudged Space,2013,42.03850604944766,Missing,Unknown Injury,Unknown,Motorcycle,Yes,35.694814,-80.923647,Dry,40 - 45  MPH,"Double Yellow Line, No Passing Zone",Clear,No,1,0,4
Yes,26.0,Yes,With Traffic,A: Suspected Serious Injury,Male,Greensboro,Guilford,Yes,Saturday,Motorist Failed to Yield - Sign-Controlled Intersection,2.0,April,Motorist Drive Out - Sign-Controlled Intersection,2013,42.03850604944766,Missing,Unknown Injury,Unknown,Passenger Car,Yes,36.06723673,-79.80017965,Dry,30 - 35  MPH,Stop Sign,Clear,No,1,0,4
Yes,48.0,No,With Traffic,C: Possible Injury,Male,Durham,Durham,No,Saturday,Bicyclist Failed to Yield - Sign-Controlled Intersection,20.0,April,Bicyclist Ride Through - Sign-Controlled Intersection,2013,68.0,No,O: No Injury,Male,Pickup,No,35.992516,-78.879995,Dry,30 - 35  MPH,Stop Sign,Clear,No,0,0,4
Yes,7.0,No,Unknown,K: Killed,Male,None - Rural Crash,Halifax,No,Thursday,Crossing Paths - Other Circumstances,19.0,April,Crossing Paths - Midblock - Other / Unknown,2013,61.0,No,O: No Injury,Female,Pickup,No,36.3021518,-77.65997592,Dry,50 - 55  MPH,No Control Present,Clear,No,0,0,4
No,17.0,No,With Traffic,B: Suspected Minor Injury,Male,Mooresville,Iredell,No,Sunday,Motorist Left Turn / Merge,16.0,March,Motorist Left Turn - Opposite Direction,2013,32.0,No,O: No Injury,Male,Passenger Car,No,35.55578266,-80.81101432,Wet,40 - 45  MPH,No Control Present,Cloudy,No,0,0,3
Yes,28.0,No,With Traffic,B: Suspected Minor Injury,Male,Greenville,Pitt,No,Monday,Crossing Paths - Other Circumstances,6.0,April,Crossing Paths - Intersection - Other / Unknown,2013,29.0,No,O: No Injury,Male,Passenger Car,No,35.63106283,-77.37125434,Wet,30 - 35  MPH,Stop Sign,Cloudy,No,0,0,4
No,76.0,No,With Traffic,O: No Injury,Male,Chapel Hill,Orange,No,Tuesday,Motorist Left Turn / Merge,16.0,April,Motorist Left Turn - Same Direction,2013,75.0,No,O: No Injury,Female,Passenger Car,No,35.93022707,-79.0242795,Dry,40 - 45  MPH,Stop And Go Signal,Clear,No,0,0,4
Yes,18.0,No,With Traffic,C: Possible Injury,Male,None - Rural Crash,Chatham,No,Thursday,Motorist Overtaking Bicyclist,10.0,April,Motorist Overtaking - Other / Unknown,2013,45.0,No,O: No Injury,Male,Pickup,No,35.68876281,-79.15351382,Wet,50 - 55  MPH,No Control Present,Cloudy,No,0,0,4
Yes,45.0,No,With Traffic,C: Possible Injury,Male,Kannapolis,Cabarrus,No,Thursday,Motorist Failed to Yield - Sign-Controlled Intersection,10.0,March,Motorist Drive Out - Sign-Controlled Intersection,2013,31.0,No,O: No Injury,Female,Van,No,35.48249831,-80.58513336,Dry,30 - 35  MPH,Stop Sign,Clear,No,0,0,3
Yes,7.0,No,Facing Traffic,O: No Injury,Male,Hickory,Catawba,No,Sunday,Motorist Failed to Yield - Sign-Controlled Intersection,16.0,March,Motorist Drive Out - Sign-Controlled Intersection,2013,25.0,No,O: No Injury,Female,Sport Utility,No,35.72115008,-81.33850785,Dry,20 - 25  MPH,Stop Sign,Cloudy,No,0,0,3
Yes,28.0,Missing,With Traffic,B: Suspected Minor Injury,Male,Charlotte,Mecklenburg,No,Saturday,Motorist Left Turn / Merge,9.0,April,Motorist Left Turn - Opposite Direction,2013,59.0,No,O: No Injury,Male,Pickup,No,35.20621718,-80.92213825,Dry,40 - 45  MPH,Stop And Go Signal,Clear,No,0,0,4
Yes,12.0,No,With Traffic,A: Suspected Serious Injury,Male,None - Rural Crash,Nash,No,Friday,Motorist Overtaking Bicyclist,19.0,April,Motorist Overtaking - Bicyclist Swerved,2013,36.0,No,O: No Injury,Male,Pickup,No,35.93838576,-78.08177217,Dry,50 - 55  MPH,"Double Yellow Line, No Passing Zone",Clear,No,0,0,4
No,8.0,No,Not Applicable,O: No Injury,Male,Matthews,Mecklenburg,No,Monday,Bicyclist Failed to Yield - Midblock,12.0,April,Bicyclist Ride Out - Commercial Driveway / Alley,2013,64.0,No,O: No Injury,Female,Sport Utility,No,35.12445723,-80.717129,Dry,5 - 15 MPH,No Control Present,Clear,No,0,0,4
Yes,57.0,No,With Traffic,C: Possible Injury,Male,Lewisville,Forsyth,No,Monday,Motorist Left Turn / Merge,18.0,April,Motorist Left Turn - Opposite Direction,2013,47.0,No,O: No Injury,Male,Passenger Car,No,36.10965517,-80.42549223,Dry,40 - 45  MPH,Stop Sign,Clear,No,0,0,4
Yes,47.0,No,With Traffic,A: Suspected Serious Injury,Male,Raleigh,Wake,No,Tuesday,Bicyclist Failed to Yield - Signalized Intersection,17.0,April,Bicyclist Failed to Clear - Trapped,2013,23.0,No,O: No Injury,Male,Passenger Car,No,35.74250393,-78.64057984,Dry,40 - 45  MPH,Stop And Go Signal,Clear,No,0,0,4
Yes,12.0,No,Not Applicable,B: Suspected Minor Injury,Male,Durham,Durham,No,Thursday,Bicyclist Failed to Yield - Signalized Intersection,18.0,April,Bicyclist Ride Through - Signalized Intersection,2013,89.0,No,O: No Injury,Male,Passenger Car,No,36.02726329,-78.91427259,Dry,30 - 35  MPH,Stop And Go Signal,Clear,No,0,0,4
Yes,26.0,Yes,Facing Traffic,C: Possible Injury,Male,Wilmington,New Hanover,Yes,Thursday,Loss of Control / Turning Error,15.0,March,Bicyclist Lost Control - Mechanical Problems,2013,54.0,No,O: No Injury,Male,Passenger Car,No,34.24190337,-77.89433655,Dry,30 - 35  MPH,No Control Present,Clear,No,0,0,3
No,45.0,No,With Traffic,C: Possible Injury,Male,Charlotte,Mecklenburg,No,Wednesday,Motorist Failed to Yield - Signalized Intersection,6.0,April,Motorist Drive Out - Signalized Intersection,2013,40.0,No,O: No Injury,Female,Sport Utility,No,35.2742682,-80.83584812,Dry,60 - 75 MPH,Stop And Go Signal,Clear,No,0,0,4
Yes,42.0,No,With Traffic,C: Possible Injury,Male,Greensboro,Guilford,No,Thursday,Motorist Left Turn / Merge,17.0,March,Motorist Left Turn - Opposite Direction,2013,29.0,No,O: No Injury,Female,Passenger Car,No,36.08906542,-79.88453077,Dry,30 - 35  MPH,Stop And Go Signal,Clear,No,0,0,3
No,12.0,No,With Traffic,C: Possible Injury,Female,None - Rural Crash,Robeson,No,Monday,Motorist Overtaking Bicyclist,19.0,April,Motorist Overtaking - Other / Unknown,2013,59.0,No,O: No Injury,Female,Passenger Car,No,34.71905354,-79.12667167,Dry,50 - 55  MPH,"Double Yellow Line, No Passing Zone",Clear,No,0,0,4
Yes,12.0,No,Not Applicable,C: Possible Injury,Male,Hickory,Catawba,No,Saturday,Non-Roadway,13.0,April,Non-Roadway,2013,24.0,No,O: No Injury,Female,Passenger Car,No,35.75666652,-81.30115261,Dry,Unknown,No Control Present,Clear,No,0,0,4
Yes,18.0,No,With Traffic,B: Suspected Minor Injury,Male,Greensboro,Guilford,No,Tuesday,Motorist Right Turn / Merge,9.0,April,Motorist Right Turn - Same Direction,2013,21.0,No,O: No Injury,Female,Passenger Car,No,36.06529014,-79.81271983,Dry,20 - 25  MPH,Stop And Go Signal,Clear,No,0,0,4
No,16.0,No,With Traffic,B: Suspected Minor Injury,Male,Asheville,Buncombe,No,Wednesday,Bicyclist Overtaking Motorist,13.0,April,Bicyclist Overtaking - Passing on Right,2013,46.0,No,O: No Injury,Female,Passenger Car,No,35.5782076,-82.59373441,Dry,20 - 25  MPH,No Control Present,Clear,No,0,0,4
No,12.0,No,With Traffic,C: Possible Injury,Male,Raleigh,Wake,No,Thursday,Bicyclist Failed to Yield - Sign-Controlled Intersection,16.0,April,Bicyclist Ride Through - Sign-Controlled Intersection,2013,21.0,No,O: No Injury,Female,Passenger Car,No,35.783592,-78.688288,Dry,20 - 25  MPH,Stop Sign,Clear,No,0,0,4
Yes,21.0,No,With Traffic,C: Possible Injury,Female,Elizabeth City,Pasquotank,No,Wednesday,Bicyclist Left Turn / Merge,23.0,April,Bicyclist Left Turn - Same Direction,2013,78.0,No,O: No Injury,Male,Passenger Car,No,36.2926079,-76.24556874,Dry,40 - 45  MPH,Stop And Go Signal,Clear,No,0,0,4
Yes,45.0,Unknown,With Traffic,K: Killed,Male,Rocky Mount,Edgecombe,No,Thursday,Motorist Overtaking Bicyclist,22.0,April,Motorist Overtaking - Undetected Bicyclist,2013,41.0,No,O: No Injury,Male,Sport Utility,No,35.95815662,-77.78411968,Dry,60 - 75 MPH,No Control Present,Cloudy,No,0,0,4
Yes,56.0,No,With Traffic,B: Suspected Minor Injury,Male,None - Rural Crash,Orange,No,Saturday,Motorist Left Turn / Merge,16.0,April,Motorist Left Turn - Opposite Direction,2013,87.0,No,O: No Injury,Male,Passenger Car,No,35.9470528,-79.13033445,Dry,40 - 45  MPH,"Double Yellow Line, No Passing Zone",Clear,No,0,0,4
Yes,20.0,No,Facing Traffic,B: Suspected Minor Injury,Male,Jacksonville,Onslow,No,Monday,Crossing Paths - Other Circumstances,17.0,January,Crossing Paths - Intersection - Other / Unknown,2013,25.0,No,O: No Injury,Female,Sport Utility,No,34.77613108,-77.41263144,Dry,40 - 45  MPH,No Control Present,Clear,No,0,0,1
Yes,18.0,No,With Traffic,B: Suspected Minor Injury,Male,Greensboro,Guilford,No,Monday,Motorist Right Turn / Merge,13.0,April,Motorist Right Turn - Same Direction,2013,21.0,No,O: No Injury,Female,Passenger Car,No,36.06528613,-79.8127668,Dry,20 - 25  MPH,Stop And Go Signal,Clear,No,0,0,4
Yes,13.0,No,With Traffic,C: Possible Injury,Male,Roanoke Rapids,Halifax,No,Thursday,Motorist Left Turn / Merge,15.0,April,Motorist Left Turn - Opposite Direction,2013,38.0,No,O: No Injury,Female,"Light Truck (Mini-Van, Panel)",No,36.46106842,-77.6545627,Dry,30 - 35  MPH,Stop And Go Signal,Clear,No,0,0,4
Yes,14.0,No,Not Applicable,B: Suspected Minor Injury,Male,Mooresville,Iredell,No,Friday,Bicyclist Failed to Yield - Midblock,20.0,April,Bicyclist Ride Out - Commercial Driveway / Alley,2013,25.0,No,O: No Injury,Female,Passenger Car,No,35.58825905,-80.85592839,Dry,20 - 25  MPH,"Double Yellow Line, No Passing Zone",Clear,No,0,0,4
Yes,50.0,No,Facing Traffic,B: Suspected Minor Injury,Male,Apex,Wake,No,Friday,Motorist Right Turn / Merge,18.0,April,Motorist Right Turn - Opposite Direction,2013,48.0,No,O: No Injury,Female,Passenger Car,No,35.73408155,-78.84002957,Dry,30 - 35  MPH,No Control Present,Clear,No,0,0,4
Yes,37.0,No,With Traffic,C: Possible Injury,Male,Carrboro,Orange,No,Saturday,Bicyclist Overtaking Motorist,19.0,March,Bicyclist Overtaking - Passing on Right,2013,20.0,No,O: No Injury,Female,Passenger Car,No,35.91100901,-79.07197576,Dry,20 - 25  MPH,Stop And Go Signal,Clear,No,0,0,3
Yes,50.0,No,With Traffic,K: Killed,Male,Reidsville,Rockingham,No,Friday,Motorist Overtaking Bicyclist,14.0,March,Motorist Overtaking - Other / Unknown,2013,39.0,No,O: No Injury,Male,Passenger Car,No,36.34051758,-79.6532709,Dry,40 - 45  MPH,"Double Yellow Line, No Passing Zone",Clear,No,0,0,3