AmbulanceR,BikeAge,BikeAlcFlg,BikeDir,BikeInjury,BikeSex,City,County,CrashAlcoh,CrashDay,CrashGrp,CrashHour,CrashMonth,CrashType,CrashYear,DrvrAge,DrvrAlcFlg,DrvrInjury,DrvrSex,DrvrVehTyp,HitRun,Latitude,Longitude,RdConditio,SpeedLimit,TraffCntrl,Weather,Workzone,DrvrAgeImputedFlag,BikeAgeImputedFlag,MonthCode
No,13.0,No,With Traffic,B: Suspected Minor Injury,Male,Asheville,Buncombe,No,Sunday,Loss of Control / Turning Error,18.0,May,Bicyclist Turning Error - Right Turn,2013,46.0,No,O: No Injury,Female,Passenger Car,No,35.48666825,-82.54434226,Dry,20 - 25  MPH,Stop Sign,Clear,No,0,0,5
Yes,23.0,No,Facing Traffic,C: Possible Injury,Female,Kitty Hawk,Dare,No,Sunday,Motorist Failed to Yield - Midblock,14.0,June,Motorist Drive Out - Commercial Driveway / Alley,2013,42.03850604944766,Missing,Unknown Injury,Unknown,Unknown,Yes,36.09788312,-75.7252884,Dry,5 - 15 MPH,Stop Sign,Clear,No,1,0,6
Yes,34.0,No,With Traffic,B: Suspected Minor Injury,Male,None - Rural Crash,Yadkin,No,Monday,Motorist Overtaking Bicyclist,7.0,June,Motorist Overtaking - Undetected Bicyclist,2013,87.0,No,O: No Injury,Female,Pickup,No,36.15703596,-80.86413828,Dry,50 - 55  MPH,"Double Yellow Line, No Passing Zone",Clear,No,0,0,6
Yes,24.0,No,Facing Traffic,C: Possible Injury,Male,Boone,Watauga,No,Tuesday,Motorist Failed to Yield - Midblock,15.0,May,Motorist Drive Out - Commercial Driveway / Alley,2013,49.0,No,O: No Injury,Male,Sport Utility,No,36.206714,-81.6710508,Dry,30 - 35  MPH,Other,Clear,No,0,0,5
Yes,8.0,No,With Traffic,B: Suspected Minor Injury,Female,New Bern,Craven,No,Saturday,Bicyclist Failed to Yield - Sign-Controlled Intersection,18.0,June,Bicyclist Ride Through - Sign-Controlled Intersection,2013,55.0,No,O: No Injury,Female,Sport Utility,No,35.10758108,-77.11252013,Dry,30 - 35  MPH,Stop Sign,Clear,No,0,0,6
Yes,46.0,No,With Traffic,B: Suspected Minor Injury,Male,None - Rural Crash,Chatham,No,Tuesday,Motorist Overtaking Bicyclist,14.0,May,Motorist Overtaking - Undetected Bicyclist,2013,58.0,No,O: No Injury,Male,"Light Truck (Mini-Van, Panel)",No,35.73652358,-79.08655829,Dry,50 - 55  MPH,No Control Present,Clear,No,0,0,5
Yes,40.0,Missing,With Traffic,O: No Injury,Male,Charlotte,Mecklenburg,No,Tuesday,Head-On,18.0,June,Head-On - Motorist,2013,48.0,No,C: Possible Injury,Female,Sport Utility,No,35.26099999,-80.76242514,Dry,20 - 25  MPH,No Control Present,Clear,No,0,0,6
Yes,19.0,No,With Traffic,B: Suspected Minor Injury,Male,None - Rural Crash,Brunswick,No,Wednesday,Bicyclist Overtaking Motorist,13.0,June,Bicyclist Overtaking - Other / Unknown,2013,50.0,No,O: No Injury,Male,Passenger Car,No,33.93743866,-78.02581791,Dry,40 - 45  MPH,"Double Yellow Line, No Passing Zone",Clear,No,0,0,6
Yes,56.0,No,With Traffic,C: Possible Injury,Male,None - Rural Crash,Guilford,No,Thursday,Motorist Left Turn / Merge,12.0,June,Motorist Left Turn - Opposite Direction,2013,85.0,No,O: No Injury,Female,Van,No,36.11291216,-79.57421817,Dry,50 - 55  MPH,"Double Yellow Line, No Passing Zone",Clear,No,0,0,6
No,29.0,No,Facing Traffic,B: Suspected Minor Injury,Male,Burlington,Alamance,No,Monday,Motorist Failed to Yield - Midblock,16.0,June,Motorist Drive Out - Commercial Driveway / Alley,2013,42.03850604944766,Missing,Unknown Injury,Unknown,Unknown,Yes,36.07205693,-79.49294527,Dry,Unknown,No Control Present,Clear,No,1,0,6
No,27.0,No,With Traffic,C: Possible Injury,Male,Asheville,Buncombe,Yes,Saturday,Motorist Overtaking Bicyclist,1.0,June,Motorist Overtaking - Other / Unknown,2013,22.0,Yes,O: No Injury,Male,Pickup,No,35.59510731,-82.55405024,Wet,20 - 25  MPH,Stop And Go Signal,Rain,No,0,0,6
Yes,32.52649525389365,No,Unknown,K: Killed,Male,Fayetteville,Cumberland,No,Saturday,Parallel Paths - Other Circumstances,19.0,January,Bicyclist Ride Out - Parallel Path,2013,26.0,No,C: Possible Injury,Male,Passenger Car,No,35.04369382,-78.94922587,Dry,40 - 45  MPH,No Control Present,Clear,No,0,1,1
No,60.0,No,With Traffic,K: Killed,Female,New Bern,Craven,No,Wednesday,Bicyclist Left Turn / Merge,19.0,June,Bicyclist Left Turn - Same Direction,2013,29.0,No,O: No Injury,Male,Passenger Car,No,35.03925904,-77.02538845,Dry,40 - 45  MPH,No Control Present,Clear,No,0,0,6
Yes,55.0,Unknown,Facing Traffic,A: Suspected Serious Injury,Male,Lincolnton,Lincoln,No,Tuesday,Bicyclist Failed to Yield - Sign-Controlled Intersection,16.0,June,Bicyclist Ride Through - Sign-Controlled Intersection,2013,69.0,No,O: No Injury,Male,"Light Truck (Mini-Van, Panel)",No,35.46184944,-81.25395136,Dry,40 - 45  MPH,Stop Sign,Clear,No,0,0,6
Yes,23.0,No,Facing Traffic,B: Suspected Minor Injury,Male,Charlotte,Mecklenburg,No,Saturday,Motorist Failed to Yield - Midblock,16.0,June,Motorist Drive Out - Commercial Driveway / Alley,2013,33.0,No,O: No Injury,Female,Van,No,35.14075048,-80.73967564,Dry,5 - 15 MPH,Stop Sign,Clear,No,0,0,6
Yes,44.0,No,Facing Traffic,B: Suspected Minor Injury,Male,Clinton,Sampson,No,Friday,Motorist Failed to Yield - Midblock,13.0,June,Motorist Drive Out - Commercial Driveway / Alley,2013,34.0,No,O: No Injury,Male,Passenger Car,No,34.99393454,-78.34056373,Dry,30 - 35  MPH,No Control Present,Clear,No,0,0,6
Yes,22.0,No,With Traffic,B: Suspected Minor Injury,Female,Durham,Durham,No,Sunday,Motorist Overtaking Bicyclist,15.0,June,Motorist Overtaking - Other / Unknown,2013,20.0,No,O: No Injury,Male,Sport Utility,No,36.03448556,-78.92932545,"Water (Standing, Moving)",30 - 35  MPH,No Control Present,Rain,No,0,0,6
Yes,51.0,No,With Traffic,B: Suspected Minor Injury,Male,Greenville,Pitt,No,Friday,Motorist Failed to Yield - Sign-Controlled Intersection,8.0,June,Motorist Drive Out - Sign-Controlled Intersection,2013,36.0,No,O: No Injury,Male,Sport Utility,No,35.60189429,-77.37655273,Dry,30 - 35  MPH,No Control Present,Clear,No,0,0,6
Yes,52.0,No,Facing Traffic,C: Possible Injury,Male,Morehead City,Carteret,No,Friday,Motorist Failed to Yield - Sign-Controlled Intersection,13.0,May,Motorist Drive Out - Sign-Controlled Intersection,2013,35.0,No,O: No Injury,Female,Sport Utility,No,34.72686886,-76.75674351,Dry,20 - 25  MPH,Stop And Go Signal,Clear,No,0,0,5
No,58.0,No,Facing Traffic,C: Possible Injury,Male,Wilmington,New Hanover,No,Friday,Motorist Failed to Yield - Midblock,12.0,June,Motorist Drive Out - Commercial Driveway / Alley,2013,33.0,No,O: No Injury,Male,Pickup,No,34.25968817,-77.832851,Dry,40 - 45  MPH,Stop Sign,Clear,No,0,0,6
Yes,16.0,Unknown,With Traffic,Unknown Injury,Male,Tarboro,Edgecombe,No,Monday,Bicyclist Failed to Yield - Sign-Controlled Intersection,18.0,June,Bicyclist Ride Out - Sign-Controlled Intersection,2013,34.0,No,O: No Injury,Female,Passenger Car,No,35.900263,-77.535016,Dry,20 - 25  MPH,Flashing Signal With Stop Sign,Clear,No,0,0,6
Yes,18.0,No,Facing Traffic,C: Possible Injury,Male,Mooresville,Iredell,No,Saturday,Motorist Left Turn / Merge,23.0,June,Motorist Left Turn - Opposite Direction,2013,16.0,No,O: No Injury,Male,Passenger Car,No,35.57774733,-80.81865163,Dry,30 - 35  MPH,No Control Present,Clear,No,0,0,6
Yes,7.0,No,Not Applicable,B: Suspected Minor Injury,Female,Walkertown,Forsyth,No,Tuesday,Bicyclist Failed to Yield - Midblock,12.0,July,Bicyclist Ride Out - Residential Driveway,2013,69.0,No,O: No Injury,Male,Pickup,No,36.17656048,-80.20502342,Wet,40 - 45  MPH,No Control Present,Clear,No,0,0,7
No,16.0,No,With Traffic,O: No Injury,Male,Charlotte,Mecklenburg,No,Monday,Motorist Overtaking Bicyclist,18.0,July,Motorist Overtaking - Other / Unknown,2013,42.03850604944766,Missing,Unknown Injury,Unknown,Unknown,Yes,35.19300283,-80.71607894,Dry,30 - 35  MPH,Stop Sign,Clear,No,1,0,7
Yes,24.0,No,With Traffic,B: Suspected Minor Injury,Female,Raleigh,Wake,No,Tuesday,Motorist Left Turn / Merge,21.0,July,Motorist Left Turn - Opposite Direction,2013,46.0,No,O: No Injury,Male,Sport Utility,No,35.78815736,-78.63957041,Dry,30 - 35  MPH,Stop Sign,Cloudy,No,0,0,7
No,66.0,No,With Traffic,O: No Injury,Male,None - Rural Crash,Craven,No,Tuesday,Backing Vehicle,11.0,July,Backing Vehicle,2013,56.0,No,O: No Injury,Male,Passenger Car,No,35.00528367,-76.99303622,Dry,50 - 55  MPH,No Control Present,Clear,No,0,0,7
Yes,61.0,Yes,With Traffic,B: Suspected Minor Injury,Male,Lumberton,Robeson,Yes,Tuesday,Motorist Overtaking Bicyclist,21.0,June,Motorist Overtaking - Bicyclist Swerved,2013,35.0,No,O: No Injury,Female,Sport Utility,No,34.60956556,-79.0334262,Dry,50 - 55  MPH,No Control Present,Clear,No,0,0,6
Yes,8.0,No,Not Applicable,B: Suspected Minor Injury,Male,None - Rural Crash,Hoke,No,Thursday,Bicyclist Failed to Yield - Midblock,14.0,July,Bicyclist Ride Out - Residential Driveway,2013,42.0,No,O: No Injury,Female,Passenger Car,No,34.98328885,-79.14981197,Dry,50 - 55  MPH,"Double Yellow Line, No Passing Zone",Clear,No,0,0,7
Yes,17.0,No,With Traffic,C: Possible Injury,Male,None - Rural Crash,New Hanover,No,Thursday,Motorist Overtaking Bicyclist,23.0,July,Motorist Overtaking - Other / Unknown,2013,22.0,No,O: No Injury,Male,Passenger Car,No,34.00828694,-77.90241629,Dry,40 - 45  MPH,No Control Present,Clear,No,0,0,7
Yes,56.0,No,With Traffic,C: Possible Injury,Male,Raleigh,Wake,No,Saturday,Motorist Right Turn / Merge,11.0,June,Motorist Right Turn - Same Direction,2013,55.0,No,O: No Injury,Male,Passenger Car,No,35.83563291,-78.59302006,Wet,30 - 35  MPH,No Control Present,Clear,No,0,0,6
Yes,40.0,No,With Traffic,C: Possible Injury,Male,None - Rural Crash,Guilford,No,Tuesday,Motorist Overtaking Bicyclist,5.0,July,Motorist Overtaking - Other / Unknown,2013,42.03850604944766,Unknown,Unknown Injury,Unknown,Passenger Car,Yes,36.11076839,-80.0393775,Dry,40 - 45  MPH,"Double Yellow Line, No Passing Zone",Cloudy,No,1,0,7
Yes,55.0,Yes,With Traffic,C: Possible Injury,Male,None - Rural Crash,Pitt,Yes,Friday,Motorist Overtaking Bicyclist,21.0,July,Motorist Overtaking - Other / Unknown,2013,26.0,No,O: No Injury,Male,Pickup,No,35.7047479,-77.46085808,Dry,40 - 45  MPH,"Double Yellow Line, No Passing Zone",Clear,No,0,0,7
No,53.0,No,With Traffic,C: Possible Injury,Male,None - Rural Crash,New Hanover,No,Friday,Motorist Left Turn / Merge,19.0,July,Motorist Left Turn - Opposite Direction,2013,17.0,No,O: No Injury,Female,Passenger Car,No,34.14005199,-77.91635681,Dry,30 - 35  MPH,No Control Present,Clear,No,0,0,7
Yes,61.0,No,With Traffic,B: Suspected Minor Injury,Male,None - Rural Crash,Buncombe,No,Tuesday,Motorist Left Turn / Merge,16.0,July,Motorist Left Turn - Opposite Direction,2013,77.0,No,O: No Injury,Female,Passenger Car,No,35.624578,-82.527992,Dry,40 - 45  MPH,"Double Yellow Line, No Passing Zone",Clear,No,0,0,7
Yes,9.0,No,With Traffic,A: Suspected Serious Injury,Male,None - Rural Crash,Harnett,No,Saturday,Bicyclist Left Turn / Merge,19.0,July,Bicyclist Left Turn - Same Direction,2013,24.0,No,O: No Injury,Female,Passenger Car,No,35.29048613,-79.14166334,Dry,50 - 55  MPH,No Control Present,Clear,No,0,0,7
Yes,57.0,No,With Traffic,B: Suspected Minor Injury,Male,Charlotte,Mecklenburg,No,Saturday,Parallel Paths - Other Circumstances,15.0,July,Bicyclist Ride Out - Parallel Path,2013,48.0,No,O: No Injury,Male,Pickup,No,35.21577484,-80.88503823,Dry,40 - 45  MPH,No Control Present,Clear,No,0,0,7
No,6.0,No,Not Applicable,C: Possible Injury,Male,Charlotte,Mecklenburg,No,Thursday,Bicyclist Failed to Yield - Midblock,13.0,July,Bicyclist Ride Out - Residential Driveway,2013,17.0,No,O: No Injury,Male,Passenger Car,No,35.24786966,-80.72705512,Dry,20 - 25  MPH,No Control Present,Clear,No,0,0,7
Yes,11.0,No,Not Applicable,B: Suspected Minor Injury,Male,None - Rural Crash,Davie,No,Friday,Bicyclist Failed to Yield - Midblock,17.0,June,Bicyclist Ride Out - Other Midblock,2013,33.0,No,O: No Injury,Female,Passenger Car,No,35.97573893,-80.43115807,Dry,20 - 25  MPH,No Control Present,Clear,No,0,0,6
Yes,23.0,No,Facing Traffic,C: Possible Injury,Female,Dunn,Harnett,No,Thursday,Motorist Failed to Yield - Sign-Controlled Intersection,17.0,May,Motorist Drive Out - Sign-Controlled Intersection,2013,50.0,No,O: No Injury,Male,Sport Utility,No,35.31608298,-78.62589099,Dry,30 - 35  MPH,Stop Sign,Clear,No,0,0,5
No,59.0,No,With Traffic,O: No Injury,Male,Lumberton,Robeson,No,Sunday,Motorist Overtaking Bicyclist,13.0,May,Motorist Overtaking - Other / Unknown,2013,42.03850604944766,Missing,Unknown Injury,Unknown,Unknown,Yes,34.61682774,-78.99454854,Dry,20 - 25  MPH,No Control Present,Clear,No,1,0,5
Yes,34.0,No,With Traffic,O: No Injury,Male,Raleigh,Wake,No,Monday,Motorist Overtaking Bicyclist,3.0,June,Motorist Overtaking - Other / Unknown,2013,42.03850604944766,Missing,Unknown Injury,Unknown,Pickup,Yes,35.78112746,-78.64758664,Wet,30 - 35  MPH,No Control Present,Cloudy,No,1,0,6
Yes,19.0,No,With Traffic,C: Possible Injury,Male,Monroe,Union,No,Friday,Bicyclist Failed to Yield - Sign-Controlled Intersection,19.0,June,Bicyclist Ride Out - Sign-Controlled Intersection,2013,20.0,No,O: No Injury,Female,Passenger Car,No,34.97628519,-80.54373863,Dry,20 - 25  MPH,Stop Sign,Clear,No,0,0,6
Yes,64.0,No,Facing Traffic,B: Suspected Minor Injury,Male,Greensboro,Guilford,No,Sunday,Motorist Failed to Yield - Sign-Controlled Intersection,10.0,July,Motorist Drive Out - Sign-Controlled Intersection,2013,19.0,No,O: No Injury,Male,Passenger Car,No,36.12076467,-79.83040291,Dry,30 - 35  MPH,Stop Sign,Cloudy,No,0,0,7
No,8.0,No,Not Applicable,C: Possible Injury,Male,Sanford,Lee,No,Friday,Bicyclist Failed to Yield - Midblock,18.0,June,Bicyclist Ride Out - Residential Driveway,2013,33.0,No,O: No Injury,Female,Passenger Car,No,35.49584949,-79.18221986,Dry,30 - 35  MPH,No Control Present,Clear,No,0,0,6
Yes,23.0,No,With Traffic,B: Suspected Minor Injury,Male,None - Rural Crash,Buncombe,No,Tuesday,Motorist Failed to Yield - Midblock,10.0,July,Motorist Drive Out - Residential Driveway,2013,36.0,No,O: No Injury,Male,Passenger Car,No,35.50797348,-82.69818042,Dry,40 - 45  MPH,"Double Yellow Line, No Passing Zone",Clear,No,0,0,7
No,16.0,No,With Traffic,B: Suspected Minor Injury,Male,None - Rural Crash,New Hanover,No,Saturday,Motorist Overtaking Bicyclist,16.0,July,Motorist Overtaking - Other / Unknown,2013,26.0,Unknown,O: No Injury,Male,Passenger Car,No,34.26700536,-77.83759493,Dry,30 - 35  MPH,No Control Present,Clear,No,0,0,7
No,10.0,No,Facing Traffic,O: No Injury,Female,Emerald Isle,Carteret,No,Monday,Bicyclist Failed to Yield - Sign-Controlled Intersection,13.0,June,Bicyclist Ride Through - Sign-Controlled Intersection,2013,22.0,No,O: No Injury,Female,Passenger Car,No,34.66493804,-77.0340711,Dry,20 - 25  MPH,Stop Sign,Cloudy,No,0,0,6
No,54.0,No,Unknown,O: No Injury,Male,Wilson,Wilson,No,Friday,Bicyclist Failed to Yield - Midblock,10.0,June,Bicyclist Ride Out - Other Midblock,2013,63.0,No,O: No Injury,Female,Passenger Car,No,35.72430421,-77.91125633,Wet,30 - 35  MPH,No Control Present,Rain,No,0,0,6
Yes,27.0,No,With Traffic,K: Killed,Male,Wilmington,New Hanover,No,Thursday,Loss of Control / Turning Error,22.0,June,Motorist Lost Control - Other / Unknown,2013,23.0,No,O: No Injury,Female,Passenger Car,No,34.22029134,-77.82041026,Dry,40 - 45  MPH,No Control Present,Clear,No,0,0,6
Yes,48.0,No,With Traffic,B: Suspected Minor Injury,Male,Charlotte,Mecklenburg,No,Tuesday,Motorist Right Turn / Merge,12.0,July,Motorist Right Turn - Opposite Direction,2013,59.0,No,O: No Injury,Male,"Light Truck (Mini-Van, Panel)",No,35.24528218,-80.89314024,Dry,30 - 35  MPH,Stop And Go Signal,Clear,No,0,0,7
Yes,36.0,No,With Traffic,K: Killed,Male,Durham,Durham,No,Wednesday,Motorist Overtaking Bicyclist,15.0,July,Motorist Overtaking - Other / Unknown,2013,27.0,No,O: No Injury,Male,Passenger Car,Yes,36.02535956,-78.93594748,Dry,30 - 35  MPH,No Control Present,Clear,No,0,0,7
Yes,61.0,No,With Traffic,B: Suspected Minor Injury,Female,None - Rural Crash,Catawba,No,Wednesday,Motorist Failed to Yield - Sign-Controlled Intersection,16.0,July,Motorist Drive Out - Sign-Controlled Intersection,2013,72.0,No,O: No Injury,Male,Pickup,No,35.78809105,-81.29329177,Dry,40 - 45  MPH,Stop Sign,Cloudy,No,0,0,7
No,8.0,No,Unknown,B: Suspected Minor Injury,Male,Wingate,Union,No,Saturday,Parallel Paths - Other Circumstances,13.0,May,Bicyclist Ride Out - Parallel Path,2013,70.0,No,O: No Injury,Female,Passenger Car,No,34.97994781,-80.44891746,Dry,30 - 35  MPH,No Control Present,Clear,No,0,0,5
No,38.0,No,Not Applicable,B: Suspected Minor Injury,Male,Lenoir,Caldwell,No,Thursday,Non-Roadway,9.0,July,Non-Roadway,2013,71.0,No,O: No Injury,Female,Passenger Car,No,35.92959409,-81.52846343,Dry,5 - 15 MPH,Stop Sign,Clear,No,0,0,7
Yes,69.0,Missing,With Traffic,B: Suspected Minor Injury,Male,Charlotte,Mecklenburg,No,Monday,Motorist Failed to Yield - Midblock,18.0,July,Motorist Drive Out - Commercial Driveway / Alley,2013,52.0,No,O: No Injury,Male,Sport Utility,No,35.10787377,-80.80798046,Dry,30 - 35  MPH,Stop Sign,Cloudy,No,0,0,7
No,39.0,No,With Traffic,O: No Injury,Male,None - Rural Crash,Nash,Yes,Saturday,Motorist Overtaking Bicyclist,21.0,June,Motorist Overtaking - Other / Unknown,2013,23.0,Yes,O: No Injury,Male,Pickup,No,35.94970174,-77.81817629,Dry,30 - 35  MPH,No Control Present,Clear,No,0,0,6
Yes,24.0,No,Facing Traffic,C: Possible Injury,Male,Raleigh,Wake,No,Friday,Crossing Paths - Other Circumstances,9.0,June,Crossing Paths - Uncontrolled Intersection,2013,25.0,No,O: No Injury,Female,Passenger Car,No,35.78398664,-78.6821167,Wet,5 - 15 MPH,No Control Present,Rain,No,0,0,6
Yes,14.0,No,Facing Traffic,C: Possible Injury,Male,Rocky Mount,Nash,No,Thursday,Head-On,13.0,June,Head-On - Bicyclist,2013,53.0,No,O: No Injury,Male,Passenger Car,No,35.94502503,-77.79769545,Dry,30 - 35  MPH,Stop And Go Signal,Clear,No,0,0,6
Yes,23.0,No,Facing Traffic,B: Suspected Minor Injury,Male,Hickory,Catawba,No,Saturday,Parallel Paths - Other Circumstances,21.0,June,Bicyclist Ride Out - Parallel Path,2013,78.0,No,O: No Injury,Male,Pickup,No,35.73561897,-81.34238909,Dry,20 - 25  MPH,Other,Clear,No,0,0,6
Yes,15.0,No,With Traffic,B: Suspected Minor Injury,Female,None - Rural Crash,Granville,No,Saturday,Motorist Overtaking Bicyclist,8.0,July,Motorist Overtaking - Other / Unknown,2013,44.0,No,O: No Injury,Male,Passenger Car,No,36.058019,-78.595248,Wet,50 - 55  MPH,"Double Yellow Line, No Passing Zone",Cloudy,No,0,0,7
No,60.0,No,Facing Traffic,O: No Injury,Male,Cedar Point,Carteret,No,Saturday,Motorist Failed to Yield - Midblock,11.0,July,Motorist Drive Out - Commercial Driveway / Alley,2013,65.0,No,O: No Injury,Male,Pedalcycle,No,34.6819388,-77.08644076,Dry,Unknown,No Control Present,Cloudy,No,0,0,7
Yes,56.0,No,With Traffic,C: Possible Injury,Male,None - Rural Crash,Stokes,No,Sunday,Motorist Overtaking Bicyclist,19.0,July,Motorist Overtaking - Misjudged Space,2013,79.0,No,O: No Injury,Male,Pickup,No,36.28992094,-80.37794354,Dry,40 - 45  MPH,"Double Yellow Line, No Passing Zone",Cloudy,No,0,0,7
No,22.0,No,With Traffic,B: Suspected Minor Injury,Female,Charlotte,Mecklenburg,No,Saturday,Motorist Overtaking Bicyclist,18.0,July,Motorist Overtaking - Other / Unknown,2013,42.03850604944766,Missing,Unknown Injury,Unknown,Unknown,Yes,35.33226737,-80.85271821,Dry,40 - 45  MPH,No Control Present,Cloudy,No,1,0,7
Yes,24.0,No,With Traffic,C: Possible Injury,Male,Durham,Durham,No,Monday,Motorist Failed to Yield - Midblock,20.0,July,Motorist Drive Out - Commercial Driveway / Alley,2013,44.0,No,O: No Injury,Male,Passenger Car,No,35.91691343,-78.93160737,Dry,5 - 15 MPH,Stop Sign,Clear,No,0,0,7
Yes,9.0,No,Facing Traffic,C: Possible Injury,Female,Greensboro,Guilford,No,Monday,Backing Vehicle,18.0,July,Backing Vehicle,2013,42.03850604944766,Missing,Unknown Injury,Unknown,Passenger Car,Yes,36.06421358,-79.76484613,Dry,5 - 15 MPH,No Control Present,Clear,No,1,0,7
Yes,19.0,No,Facing Traffic,C: Possible Injury,Male,Hickory,Catawba,No,Saturday,Motorist Failed to Yield - Sign-Controlled Intersection,16.0,June,Motorist Drive Out - Sign-Controlled Intersection,2013,86.0,No,O: No Injury,Male,Passenger Car,No,35.74177661,-81.32158593,Dry,30 - 35  MPH,Stop Sign,Clear,No,0,0,6
Yes,24.0,No,Facing Traffic,C: Possible Injury,Female,High Point,Guilford,No,Tuesday,Motorist Failed to Yield - Midblock,14.0,June,Motorist Drive Out - Commercial Driveway / Alley,2013,62.0,No,O: No Injury,Male,Passenger Car,No,35.93349321,-80.03513216,Dry,40 - 45  MPH,No Control Present,Clear,No,0,0,6
Yes,53.0,No,With Traffic,B: Suspected Minor Injury,Male,None - Rural Crash,Orange,No,Tuesday,Motorist Overtaking Bicyclist,19.0,July,Motorist Overtaking - Undetected Bicyclist,2013,46.0,No,O: No Injury,Male,Sport Utility,No,36.01184921,-78.99542274,Dry,40 - 45  MPH,"Double Yellow Line, No Passing Zone",Clear,No,0,0,7
Yes,15.0,No,Facing Traffic,B: Suspected Minor Injury,Male,None - Rural Crash,Edgecombe,No,Tuesday,Bicyclist Right Turn / Merge,19.0,July,Bicyclist Right Turn - Same Direction,2013,23.0,No,O: No Injury,Female,Passenger Car,No,35.73652952,-77.67257098,Dry,50 - 55  MPH,No Control Present,Clear,No,0,0,7
Yes,56.0,No,With Traffic,C: Possible Injury,Male,Stallings,Union,No,Saturday,Motorist Overtaking Bicyclist,6.0,June,Motorist Overtaking - Undetected Bicyclist,2013,33.0,No,O: No Injury,Female,Sport Utility,No,35.12060279,-80.64714563,Dry,40 - 45  MPH,No Control Present,Clear,No,0,0,6
Yes,47.0,No,Facing Traffic,B: Suspected Minor Injury,Male,Stanfield,Stanly,No,Sunday,Head-On,3.0,June,Head-On - Bicyclist,2013,29.0,No,O: No Injury,Male,Passenger Car,No,35.24950581,-80.42385621,Dry,40 - 45  MPH,No Control Present,Cloudy,No,0,0,6
Yes,32.52649525389365,No,With Traffic,B: Suspected Minor Injury,Male,Troutman,Iredell,No,Saturday,Other / Unusual Circumstances,11.0,July,Bicycle Only,2013,42.03850604944766,Missing,Unknown Injury,Unknown,Unknown,No,35.7001521,-80.9207848,Dry,Unknown,"Double Yellow Line, No Passing Zone",Clear,No,1,1,7
No,55.0,Unknown,With Traffic,B: Suspected Minor Injury,Male,Gastonia,Gaston,No,Sunday,Motorist Left Turn / Merge,8.0,June,Motorist Left Turn - Opposite Direction,2013,42.0,No,O: No Injury,Female,Passenger Car,No,35.22690473,-81.11088695,Wet,40 - 45  MPH,Stop And Go Signal,Cloudy,No,0,0,6
No,16.0,No,Facing Traffic,B: Suspected Minor Injury,Male,Charlotte,Mecklenburg,No,Thursday,Loss of Control / Turning Error,21.0,July,Motorist Lost Control - Other / Unknown,2013,42.03850604944766,Missing,Unknown Injury,Unknown,Unknown,Yes,35.25871659,-80.68682459,Dry,40 - 45  MPH,No Control Present,Clear,No,1,0,7
No,28.0,No,With Traffic,C: Possible Injury,Male,Raleigh,Wake,No,Wednesday,Motorist Right Turn / Merge,17.0,July,Motorist Right Turn - Same Direction,2013,42.03850604944766,Missing,Unknown Injury,Unknown,Sport Utility,Yes,35.79894931,-78.64609975,Dry,30 - 35  MPH,Stop And Go Signal,Clear,No,1,0,7
Yes,48.0,No,With Traffic,C: Possible Injury,Male,Charlotte,Mecklenburg,No,Monday,Parallel Paths - Other Circumstances,17.0,July,Bicyclist Ride Out - Parallel Path,2013,48.0,No,O: No Injury,Female,Passenger Car,No,35.24815,-80.82944682,Dry,30 - 35  MPH,Stop Sign,Clear,No,0,0,7
No,26.0,No,With Traffic,B: Suspected Minor Injury,Male,Raleigh,Wake,No,Tuesday,Motorist Overtaking Bicyclist,18.0,July,Motorist Overtaking - Other / Unknown,2013,42.03850604944766,Unknown,Unknown Injury,Unknown,Passenger Car,Yes,35.7428763,-78.6814982,Dry,40 - 45  MPH,Stop And Go Signal,Cloudy,No,1,0,7
Yes,7.0,No,Not Applicable,O: No Injury,Male,Durham,Durham,No,Saturday,Bicyclist Failed to Yield - Midblock,18.0,July,Bicyclist Ride Out - Residential Driveway,2013,57.0,No,O: No Injury,Female,Passenger Car,No,35.99436838,-78.91513556,Dry,20 - 25  MPH,No Control Present,Clear,No,0,0,7
Yes,22.0,Yes,With Traffic,A: Suspected Serious Injury,Male,None - Rural Crash,Scotland,Yes,Wednesday,Motorist Overtaking Bicyclist,21.0,July,Motorist Overtaking - Bicyclist Swerved,2013,50.0,No,O: No Injury,Male,Passenger Car,No,34.77907725,-79.61838985,Dry,50 - 55  MPH,No Control Present,Cloudy,No,0,0,7
Yes,13.0,No,Facing Traffic,C: Possible Injury,Female,Emerald Isle,Carteret,No,Saturday,Bicyclist Failed to Yield - Signalized Intersection,18.0,July,Bicyclist Ride Out - Signalized  Intersection,2013,20.0,No,O: No Injury,Female,Pickup,No,34.66180006,-77.04900096,Dry,40 - 45  MPH,Stop And Go Signal,Clear,No,0,0,7
No,24.0,No,With Traffic,O: No Injury,Male,Asheville,Buncombe,No,Monday,Motorist Overtaking Bicyclist,19.0,July,Motorist Overtaking - Other / Unknown,2013,42.03850604944766,Missing,Unknown Injury,Unknown,Passenger Car,Yes,35.57924991,-82.54987938,Wet,30 - 35  MPH,Stop And Go Signal,Rain,No,1,0,7
Yes,43.0,No,Facing Traffic,O: No Injury,Male,Greenville,Pitt,No,Monday,Motorist Failed to Yield - Sign-Controlled Intersection,11.0,July,Motorist Drive Out - Sign-Controlled Intersection,2013,60.0,No,O: No Injury,Female,Sport Utility,No,35.58772178,-77.3732357,Dry,5 - 15 MPH,Stop Sign,Clear,No,0,0,7
Yes,16.0,No,Unknown,B: Suspected Minor Injury,Male,Raleigh,Wake,No,Monday,Other / Unknown - Insufficient Details,10.0,July,Unknown Approach Paths,2013,24.0,No,O: No Injury,Female,Sport Utility,No,35.81792101,-78.56821252,Dry,40 - 45  MPH,No Control Present,Cloudy,No,0,0,7