AmbulanceR,BikeAge,BikeAlcFlg,BikeDir,BikeInjury,BikeSex,City,County,CrashAlcoh,CrashDay,CrashGrp,CrashHour,CrashMonth,CrashType,CrashYear,DrvrAge,DrvrAlcFlg,DrvrInjury,DrvrSex,DrvrVehTyp,HitRun,Latitude,Longitude,RdConditio,SpeedLimit,TraffCntrl,Weather,Workzone,DrvrAgeImputedFlag,BikeAgeImputedFlag,MonthCode
Yes,19.0,No,With Traffic,C: Possible Injury,Male,Raleigh,Wake,No,Monday,Bicyclist Left Turn / Merge,10.0,July,Bicyclist Left Turn - Opposite Direction,2013,77.0,No,O: No Injury,Female,Van,No,35.76096868,-78.66135468,Dry,40 - 45  MPH,Stop And Go Signal,Cloudy,No,0,0,7
Yes,20.0,No,With Traffic,B: Suspected Minor Injury,Male,Sanford,Lee,No,Wednesday,Bicyclist Failed to Yield - Signalized Intersection,1.0,June,Bicyclist Ride Out - Signalized  Intersection,2013,45.0,No,O: No Injury,Male,Tractor/Semi-Trailer,No,35.47871333,-79.17938042,Dry,30 - 35  MPH,Stop And Go Signal,Clear,No,0,0,6
Yes,28.0,No,With Traffic,B: Suspected Minor Injury,Male,Morrisville,Wake,No,Tuesday,Motorist Failed to Yield - Sign-Controlled Intersection,14.0,July,Motorist Drive Out - Sign-Controlled Intersection,2013,73.0,No,O: No Injury,Female,Passenger Car,No,35.79978969,-78.81758592,Dry,40 - 45  MPH,No Control Present,Clear,No,0,0,7
Yes,40.0,Yes,With Traffic,Unknown Injury,Male,Wilmington,New Hanover,Yes,Wednesday,Motorist Overtaking Bicyclist,2.0,June,Motorist Overtaking - Other / Unknown,2013,42.03850604944766,Missing,Unknown Injury,Unknown,Unknown,Yes,34.17508369,-77.89810103,Dry,40 - 45  MPH,No Control Present,Clear,No,1,0,6
No,17.0,No,With Traffic,O: No Injury,Male,None - Rural Crash,Madison,No,Wednesday,Motorist Overtaking Bicyclist,15.0,July,Motorist Overtaking - Bicyclist Swerved,2013,62.0,No,O: No Injury,Male,Passenger Car,No,35.75231439,-82.70639884,Dry,50 - 55  MPH,"Double Yellow Line, No Passing Zone",Clear,No,0,0,7
Yes,10.0,No,With Traffic,C: Possible Injury,Female,Statesville,Iredell,No,Wednesday,Bicyclist Failed to Yield - Sign-Controlled Intersection,15.0,July,Bicyclist Ride Through - Sign-Controlled Intersection,2013,57.0,No,O: No Injury,Female,Sport Utility,No,35.772267,-80.90364,Dry,30 - 35  MPH,Stop Sign,Clear,No,0,0,7
No,17.0,No,With Traffic,B: Suspected Minor Injury,Male,Nags Head,Dare,No,Friday,Bicyclist Failed to Yield - Signalized Intersection,20.0,June,Bicyclist Ride Out - Signalized  Intersection,2013,30.0,No,O: No Injury,Female,Sport Utility,No,35.94641489,-75.61995404,Dry,50 - 55  MPH,Stop And Go Signal,Clear,No,0,0,6
Yes,26.0,No,With Traffic,B: Suspected Minor Injury,Female,Durham,Durham,No,Tuesday,Backing Vehicle,9.0,July,Backing Vehicle,2013,55.0,No,O: No Injury,Female,Van,No,36.00769184,-78.92222249,Dry,20 - 25  MPH,No Control Present,Clear,No,0,0,7
No,16.0,No,With Traffic,O: No Injury,Male,Raleigh,Wake,No,Wednesday,Bicyclist Overtaking Motorist,17.0,July,Bicyclist Overtaking - Other / Unknown,2013,43.0,No,O: No Injury,Female,Van,No,35.79341248,-78.60895503,Dry,20 - 25  MPH,No Control Present,Clear,No,0,0,7
Yes,18.0,No,With Traffic,B: Suspected Minor Injury,Male,None - Rural Crash,Brunswick,No,Monday,Loss of Control / Turning Error,21.0,July,Motorist Lost Control - Other / Unknown,2013,42.03850604944766,Missing,Unknown Injury,Unknown,Sport Utility,Yes,33.92557016,-78.30088848,Dry,40 - 45  MPH,"Double Yellow Line, No Passing Zone",Clear,No,1,0,7
No,48.0,No,With Traffic,B: Suspected Minor Injury,Male,None - Rural Crash,Duplin,No,Wednesday,Motorist Overtaking Bicyclist,5.0,July,Motorist Overtaking - Other / Unknown,2013,42.03850604944766,Unknown,Unknown Injury,Unknown,Unknown,Yes,35.13930502,-77.90071289,Wet,50 - 55  MPH,No Control Present,Cloudy,No,1,0,7
No,40.0,Yes,Facing Traffic,B: Suspected Minor Injury,Male,High Point,Guilford,Yes,Friday,Motorist Failed to Yield - Signalized Intersection,12.0,June,Motorist Drive Out - Right Turn on Red,2013,34.0,No,O: No Injury,Female,Pickup,No,35.92665398,-79.98604044,Dry,30 - 35  MPH,Stop And Go Signal,Clear,No,0,0,6
Yes,7.0,No,Unknown,C: Possible Injury,Male,New Bern,Craven,No,Thursday,Crossing Paths - Other Circumstances,19.0,July,Crossing Paths - Uncontrolled Intersection,2013,66.0,No,O: No Injury,Male,Pickup,No,35.114625,-77.045587,Dry,30 - 35  MPH,No Control Present,Clear,No,0,0,7
Yes,21.0,No,With Traffic,B: Suspected Minor Injury,Male,Boone,Watauga,No,Wednesday,Motorist Left Turn / Merge,19.0,July,Motorist Left Turn - Opposite Direction,2013,46.0,No,O: No Injury,Male,Passenger Car,No,36.202321,-81.648006,Wet,30 - 35  MPH,"Double Yellow Line, No Passing Zone",Rain,No,0,0,7
Yes,11.0,No,With Traffic,C: Possible Injury,Male,Burlington,Alamance,No,Monday,Motorist Overtaking Bicyclist,20.0,July,Motorist Overtaking - Bicyclist Swerved,2013,69.0,No,O: No Injury,Female,Passenger Car,No,36.089872,-79.398771,Dry,30 - 35  MPH,No Control Present,Clear,No,0,0,7
No,23.0,No,Unknown,C: Possible Injury,Male,Emerald Isle,Carteret,No,Saturday,Crossing Paths - Other Circumstances,12.0,July,Crossing Paths - Uncontrolled Intersection,2013,23.0,No,O: No Injury,Female,Passenger Car,No,34.66712121,-77.02414079,Dry,40 - 45  MPH,No Control Present,Clear,No,0,0,7
Yes,48.0,No,Not Applicable,C: Possible Injury,Male,Raleigh,Wake,No,Friday,Non-Roadway,16.0,July,Non-Roadway,2013,43.0,No,O: No Injury,Male,Pickup,No,35.79432952,-78.61184155,Dry,5 - 15 MPH,No Control Present,Clear,No,0,0,7
Yes,28.0,No,With Traffic,B: Suspected Minor Injury,Male,Kinston,Lenoir,No,Monday,Motorist Right Turn / Merge,12.0,July,Motorist Right Turn - Same Direction,2013,72.0,No,O: No Injury,Female,Passenger Car,No,35.24230539,-77.57920921,Dry,40 - 45  MPH,Stop And Go Signal,Clear,No,0,0,7
Yes,19.0,No,With Traffic,B: Suspected Minor Injury,Female,Charlotte,Mecklenburg,No,Thursday,Backing Vehicle,19.0,June,Backing Vehicle,2013,42.03850604944766,Missing,Unknown Injury,Unknown,Unknown,Yes,35.15319073,-80.75528287,Wet,20 - 25  MPH,No Control Present,Rain,No,1,0,6
Yes,34.0,No,Not Applicable,B: Suspected Minor Injury,Male,Kenly,Johnston,No,Saturday,Other / Unusual Circumstances,17.0,July,Unusual Circumstances,2013,84.0,No,B: Suspected Minor Injury,Female,Passenger Car,No,35.59521715,-78.12631119,Dry,30 - 35  MPH,Stop Sign,Clear,No,0,0,7
Yes,16.0,No,With Traffic,C: Possible Injury,Male,Charlotte,Mecklenburg,No,Monday,Motorist Overtaking Bicyclist,20.0,July,Motorist Overtaking - Bicyclist Swerved,2013,38.0,No,Unknown Injury,Male,Passenger Car,No,35.23472084,-80.76576758,Dry,30 - 35  MPH,No Control Present,Clear,No,0,0,7
Yes,3.0,No,Facing Traffic,C: Possible Injury,Male,Charlotte,Mecklenburg,No,Monday,Other / Unusual Circumstances,19.0,July,Play Vehicle-Related,2013,54.0,No,O: No Injury,Male,Sport Utility,No,35.14813995,-80.96756442,Dry,20 - 25  MPH,No Control Present,Clear,No,0,0,7
No,10.0,No,Facing Traffic,B: Suspected Minor Injury,Male,Oak Island,Brunswick,No,Thursday,Bicyclist Failed to Yield - Midblock,17.0,June,Bicyclist Ride Out - Commercial Driveway / Alley,2013,65.0,No,O: No Injury,Female,Sport Utility,No,33.91219976,-78.10104816,Dry,30 - 35  MPH,No Control Present,Cloudy,No,0,0,6
Yes,11.0,No,Facing Traffic,A: Suspected Serious Injury,Male,None - Rural Crash,Gaston,No,Tuesday,Bicyclist Failed to Yield - Midblock,16.0,July,Bicyclist Ride Out - Midblock - Unknown,2013,37.0,No,O: No Injury,Female,Pickup,No,35.36312021,-81.32807053,Dry,40 - 45  MPH,No Control Present,Clear,No,0,0,7
No,24.0,No,Facing Traffic,B: Suspected Minor Injury,Male,Raleigh,Wake,No,Tuesday,Motorist Failed to Yield - Sign-Controlled Intersection,17.0,July,Motorist Drive Out - Sign-Controlled Intersection,2013,51.0,No,O: No Injury,Male,Van,No,35.86334145,-78.60259525,Dry,30 - 35  MPH,Stop Sign,Cloudy,No,0,0,7
No,21.0,No,With Traffic,C: Possible Injury,Male,Wilmington,New Hanover,No,Saturday,Motorist Overtaking Bicyclist,1.0,July,Motorist Overtaking - Other / Unknown,2013,42.03850604944766,Missing,Unknown Injury,Unknown,Unknown,Yes,34.2538397,-77.8483709,Dry,40 - 45  MPH,No Control Present,Clear,No,1,0,7
Yes,25.0,No,With Traffic,B: Suspected Minor Injury,Male,Belmont,Gaston,No,Tuesday,Parallel Paths - Other Circumstances,23.0,July,Parallel Paths - Other / Unknown,2013,32.0,No,O: No Injury,Male,Passenger Car,No,35.24167461,-81.03134262,Wet,40 - 45  MPH,No Control Present,Rain,No,0,0,7
Yes,10.0,No,Facing Traffic,C: Possible Injury,Male,Greenville,Pitt,No,Sunday,Motorist Failed to Yield - Sign-Controlled Intersection,21.0,July,Motorist Drive Out - Sign-Controlled Intersection,2013,42.03850604944766,Missing,Unknown Injury,Unknown,Unknown,Yes,35.59182029,-77.39807864,Dry,5 - 15 MPH,Stop Sign,Clear,No,1,0,7
Yes,19.0,No,Facing Traffic,B: Suspected Minor Injury,Female,Asheville,Buncombe,No,Sunday,Loss of Control / Turning Error,13.0,July,Bicyclist Lost Control - Mechanical Problems,2013,62.0,No,O: No Injury,Male,Passenger Car,No,35.591199,-82.552663,Dry,20 - 25  MPH,Stop And Go Signal,Cloudy,No,0,0,7
No,23.0,No,Facing Traffic,C: Possible Injury,Male,Chapel Hill,Orange,Yes,Wednesday,Motorist Failed to Yield - Signalized Intersection,18.0,July,Motorist Drive Through - Signalized Intersection,2013,21.0,Yes,O: No Injury,Male,Passenger Car,No,35.908944,-79.058932,Dry,20 - 25  MPH,Stop And Go Signal,Clear,No,0,0,7
Yes,16.0,No,Facing Traffic,C: Possible Injury,Male,Greensboro,Guilford,No,Wednesday,Motorist Failed to Yield - Sign-Controlled Intersection,17.0,July,Motorist Drive Out - Sign-Controlled Intersection,2013,23.0,Unknown,O: No Injury,Male,Passenger Car,No,36.06529285,-79.79091766,Dry,20 - 25  MPH,Stop Sign,Clear,No,0,0,7
No,15.0,No,With Traffic,B: Suspected Minor Injury,Male,Raleigh,Wake,No,Wednesday,Bicyclist Failed to Yield - Signalized Intersection,16.0,July,Bicyclist Ride Through - Signalized Intersection,2013,53.0,No,O: No Injury,Male,Van,No,35.78405116,-78.61335323,Wet,30 - 35  MPH,Stop And Go Signal,Cloudy,No,0,0,7
Yes,50.0,No,With Traffic,B: Suspected Minor Injury,Male,None - Rural Crash,Hoke,No,Friday,Motorist Overtaking Bicyclist,17.0,August,Motorist Overtaking - Other / Unknown,2013,36.0,No,O: No Injury,Male,Pickup,No,34.98527226,-79.17662677,Dry,30 - 35  MPH,"Double Yellow Line, No Passing Zone",Clear,No,0,0,8
No,20.0,No,With Traffic,C: Possible Injury,Male,None - Rural Crash,Harnett,No,Sunday,Motorist Overtaking Bicyclist,20.0,August,Motorist Overtaking - Other / Unknown,2013,64.0,No,O: No Injury,Female,Passenger Car,No,35.44913338,-78.68625766,Dry,50 - 55  MPH,"Double Yellow Line, No Passing Zone",Clear,No,0,0,8
Yes,7.0,No,With Traffic,C: Possible Injury,Male,Lilesville,Anson,No,Friday,Motorist Overtaking Bicyclist,19.0,July,Motorist Overtaking - Undetected Bicyclist,2013,59.0,No,O: No Injury,Male,Passenger Car,No,34.974203,-80.00535,Dry,30 - 35  MPH,"Double Yellow Line, No Passing Zone",Clear,No,0,0,7
Yes,54.0,No,Facing Traffic,B: Suspected Minor Injury,Female,Greensboro,Guilford,No,Sunday,Bicyclist Failed to Yield - Midblock,17.0,July,Bicyclist Ride Out - Residential Driveway,2013,58.0,No,O: No Injury,Male,Passenger Car,No,36.14726063,-79.84335314,Wet,30 - 35  MPH,No Control Present,Rain,No,0,0,7
Yes,68.0,No,With Traffic,C: Possible Injury,Male,Greensboro,Guilford,No,Saturday,Motorist Left Turn / Merge,9.0,June,Motorist Left Turn - Opposite Direction,2013,90.0,No,O: No Injury,Female,Passenger Car,No,36.102051,-79.818904,Dry,30 - 35  MPH,No Control Present,Clear,No,0,0,6
No,27.0,No,With Traffic,O: No Injury,Male,Hendersonville,Henderson,No,Monday,Motorist Right Turn / Merge,11.0,August,Motorist Right Turn on Red - Same Direction,2013,29.0,No,O: No Injury,Female,Sport Utility,No,35.314661,-82.457343,Dry,20 - 25  MPH,Stop And Go Signal,Clear,No,0,0,8
Yes,47.0,No,Facing Traffic,A: Suspected Serious Injury,Male,None - Rural Crash,Rowan,No,Saturday,Bicyclist Left Turn / Merge,14.0,August,Bicyclist Left Turn - Opposite Direction,2013,47.0,No,O: No Injury,Male,Pickup,No,35.67668396,-80.40875175,Dry,40 - 45  MPH,No Control Present,Clear,No,0,0,8
Yes,10.0,No,Not Applicable,B: Suspected Minor Injury,Male,None - Rural Crash,Robeson,No,Wednesday,Bicyclist Failed to Yield - Midblock,15.0,July,Bicyclist Ride Out - Residential Driveway,2013,43.0,No,O: No Injury,Male,Van,No,34.66866271,-79.04427476,Dry,50 - 55  MPH,"Double Yellow Line, No Passing Zone",Clear,No,0,0,7
Yes,20.0,No,Facing Traffic,B: Suspected Minor Injury,Female,Durham,Durham,No,Saturday,Motorist Failed to Yield - Sign-Controlled Intersection,9.0,July,Motorist Drive Out - Sign-Controlled Intersection,2013,20.0,No,O: No Injury,Male,Passenger Car,No,36.021052,-78.915848,Dry,30 - 35  MPH,Stop Sign,Clear,No,0,0,7
Yes,56.0,No,Not Applicable,B: Suspected Minor Injury,Male,Whiteville,Columbus,No,Monday,Bicyclist Failed to Yield - Midblock,18.0,August,Bicyclist Ride Out - Midblock - Unknown,2013,42.0,No,O: No Injury,Male,Sport Utility,No,34.326264,-78.707688,Dry,30 - 35  MPH,No Control Present,Clear,No,0,0,8
No,50.0,No,Not Applicable,A: Suspected Serious Injury,Female,Pineville,Mecklenburg,No,Sunday,Non-Roadway,16.0,June,Non-Roadway,2013,22.0,No,O: No Injury,Male,Passenger Car,No,35.09035897,-80.86269741,Dry,Unknown,No Control Present,Clear,No,0,0,6
Yes,21.0,Unknown,With Traffic,B: Suspected Minor Injury,Male,Winston-Salem,Forsyth,No,Wednesday,Motorist Overtaking Bicyclist,7.0,July,Motorist Overtaking - Bicyclist Swerved,2013,65.0,Unknown,O: No Injury,Female,Passenger Car,No,36.11470715,-80.23639963,Dry,20 - 25  MPH,No Control Present,Clear,No,0,0,7
No,13.0,No,Not Applicable,C: Possible Injury,Male,Raleigh,Wake,No,Friday,Non-Roadway,16.0,August,Non-Roadway,2013,42.03850604944766,Missing,Unknown Injury,Unknown,Passenger Car,Yes,35.841474,-78.66293,Dry,5 - 15 MPH,No Control Present,Clear,No,1,0,8
Yes,57.0,No,With Traffic,B: Suspected Minor Injury,Male,None - Rural Crash,New Hanover,No,Thursday,Motorist Right Turn / Merge,12.0,August,Motorist Right Turn - Same Direction,2013,32.0,No,O: No Injury,Female,Van,No,33.96768,-77.921065,Dry,20 - 25  MPH,"Double Yellow Line, No Passing Zone",Clear,No,0,0,8
Yes,45.0,No,With Traffic,B: Suspected Minor Injury,Male,Goldsboro,Wayne,No,Friday,Motorist Overtaking Bicyclist,23.0,July,Motorist Overtaking - Undetected Bicyclist,2013,58.0,No,O: No Injury,Female,Sport Utility,No,35.38242385,-77.94083422,Dry,40 - 45  MPH,No Control Present,Clear,No,0,0,7
Yes,34.0,No,Facing Traffic,B: Suspected Minor Injury,Male,Clemmons,Forsyth,No,Thursday,Loss of Control / Turning Error,16.0,July,Motorist Turning Error - Right Turn,2013,40.0,No,O: No Injury,Male,Pickup,No,36.02525488,-80.37079329,Dry,30 - 35  MPH,Stop Sign,Cloudy,No,0,0,7
Yes,34.0,No,Facing Traffic,B: Suspected Minor Injury,Male,Raleigh,Wake,No,Tuesday,Loss of Control / Turning Error,13.0,July,Bicyclist Turning Error - Right Turn,2013,34.0,No,O: No Injury,Male,Pickup,No,35.774007,-78.632573,Dry,30 - 35  MPH,Stop Sign,Clear,No,0,0,7
Yes,32.0,No,With Traffic,C: Possible Injury,Male,None - Rural Crash,Yadkin,No,Tuesday,Motorist Overtaking Bicyclist,18.0,August,Motorist Overtaking - Other / Unknown,2013,60.0,No,O: No Injury,Male,Pickup,No,36.11962452,-80.69431705,Dry,60 - 75 MPH,No Control Present,Clear,No,0,0,8
No,18.0,No,Facing Traffic,C: Possible Injury,Female,Emerald Isle,Carteret,No,Friday,Crossing Paths - Other Circumstances,11.0,July,Crossing Paths - Intersection - Other / Unknown,2013,69.0,No,O: No Injury,Male,Sport Utility,No,34.65923697,-77.06340892,Dry,20 - 25  MPH,Stop Sign,Clear,No,0,0,7
No,47.0,No,Facing Traffic,O: No Injury,Female,None - Rural Crash,Union,No,Wednesday,Loss of Control / Turning Error,10.0,August,Motorist Turning Error - Left Turn,2013,73.0,No,O: No Injury,Male,Pickup,No,34.90347,-80.721478,Dry,50 - 55  MPH,Stop Sign,Cloudy,No,0,0,8
Yes,31.0,No,With Traffic,B: Suspected Minor Injury,Male,Wilmington,New Hanover,No,Wednesday,Motorist Overtaking Bicyclist,7.0,July,Motorist Overtaking - Other / Unknown,2013,48.0,No,O: No Injury,Male,Pickup,No,34.20135017,-77.88812882,Dry,40 - 45  MPH,Stop And Go Signal,Clear,No,0,0,7
Yes,75.0,No,With Traffic,B: Suspected Minor Injury,Male,Chapel Hill,Orange,No,Tuesday,Motorist Overtaking Bicyclist,16.0,July,Motorist Overtaking - Other / Unknown,2013,44.0,No,O: No Injury,Male,Tractor/Semi-Trailer,No,35.925435,-79.02469812,Dry,40 - 45  MPH,No Control Present,Clear,No,0,0,7
Yes,47.0,No,Facing Traffic,B: Suspected Minor Injury,Male,Winston-Salem,Forsyth,No,Thursday,Crossing Paths - Other Circumstances,21.0,July,Signalized Intersection - Other / Unknown,2013,42.03850604944766,Missing,Unknown Injury,Unknown,Unknown,Yes,36.10041712,-80.22844844,Dry,30 - 35  MPH,"Double Yellow Line, No Passing Zone",Clear,No,1,0,7
Yes,66.0,No,Facing Traffic,C: Possible Injury,Male,Washington,Beaufort,No,Wednesday,Loss of Control / Turning Error,9.0,July,Motorist Turning Error - Other,2013,20.0,No,O: No Injury,Female,Passenger Car,No,35.55453239,-77.04459818,Dry,30 - 35  MPH,Stop Sign,Clear,No,0,0,7
Yes,31.0,No,With Traffic,B: Suspected Minor Injury,Male,Asheville,Buncombe,Yes,Friday,Motorist Overtaking Bicyclist,23.0,July,Motorist Overtaking - Bicyclist Swerved,2013,47.0,Yes,O: No Injury,Male,Motorcycle,No,35.58590467,-82.55167101,Dry,30 - 35  MPH,No Control Present,Cloudy,No,0,0,7
Yes,38.0,No,With Traffic,C: Possible Injury,Female,None - Rural Crash,Johnston,No,Thursday,Motorist Overtaking Bicyclist,5.0,July,Motorist Overtaking - Other / Unknown,2013,58.0,No,O: No Injury,Male,Sport Utility,No,35.58495496,-78.55176716,Wet,40 - 45  MPH,"Double Yellow Line, No Passing Zone",Cloudy,No,0,0,7
No,57.0,No,Facing Traffic,C: Possible Injury,Male,Charlotte,Mecklenburg,No,Thursday,Bicyclist Failed to Yield - Midblock,13.0,August,Bicyclist Ride Out - Midblock - Unknown,2013,31.0,No,O: No Injury,Male,Passenger Car,No,35.24176619,-80.88846733,Dry,40 - 45  MPH,Stop And Go Signal,Clear,No,0,0,8
Yes,6.0,No,Facing Traffic,C: Possible Injury,Female,Wilmington,New Hanover,No,Friday,Crossing Paths - Other Circumstances,20.0,June,Crossing Paths - Midblock - Other / Unknown,2013,42.03850604944766,Missing,Unknown Injury,Unknown,Passenger Car,Yes,34.24663936,-77.89889517,Dry,30 - 35  MPH,No Control Present,Clear,No,1,0,6
Yes,24.0,Unknown,Facing Traffic,C: Possible Injury,Male,High Point,Guilford,No,Friday,Loss of Control / Turning Error,10.0,July,Motorist Turning Error - Right Turn,2013,50.0,No,O: No Injury,Female,Passenger Car,No,35.94675827,-79.9797648,Dry,30 - 35  MPH,Stop And Go Signal,Cloudy,No,0,0,7
Yes,8.0,No,Facing Traffic,A: Suspected Serious Injury,Female,None - Rural Crash,Robeson,No,Saturday,Bicyclist Failed to Yield - Midblock,14.0,August,Bicyclist Ride Out - Residential Driveway,2013,18.0,No,O: No Injury,Male,Passenger Car,No,34.71426982,-79.37265762,Dry,50 - 55  MPH,"Double Yellow Line, No Passing Zone",Clear,No,0,0,8
No,11.0,No,With Traffic,O: No Injury,Male,Rocky Mount,Nash,No,Saturday,Bicyclist Overtaking Motorist,20.0,July,Bicyclist Overtaking - Parked Vehicle,2013,42.03850604944766,Missing,Unknown Injury,Unknown,Passenger Car,No,35.93578334,-77.83701537,Dry,30 - 35  MPH,No Control Present,Clear,No,1,0,7
Yes,36.0,No,With Traffic,C: Possible Injury,Male,Red Springs,Robeson,No,Saturday,Motorist Failed to Yield - Sign-Controlled Intersection,12.0,July,Motorist Drive Out - Sign-Controlled Intersection,2013,18.0,No,O: No Injury,Male,Pickup,No,34.812555,-79.177481,Dry,20 - 25  MPH,Stop Sign,Clear,No,0,0,7
Yes,58.0,Yes,Unknown,K: Killed,Male,None - Rural Crash,Halifax,Yes,Tuesday,Motorist Overtaking Bicyclist,21.0,August,Motorist Overtaking - Other / Unknown,2013,42.03850604944766,Unknown,Unknown Injury,Unknown,Unknown,Yes,36.43679825,-77.87607205,Dry,50 - 55  MPH,"Double Yellow Line, No Passing Zone",Cloudy,No,1,0,8
No,25.0,No,With Traffic,O: No Injury,Male,Durham,Durham,No,Monday,Motorist Right Turn / Merge,9.0,August,Motorist Right Turn - Same Direction,2013,52.0,No,O: No Injury,Female,Passenger Car,No,35.997202,-78.92432,Dry,30 - 35  MPH,No Control Present,Clear,No,0,0,8
No,52.0,No,With Traffic,O: No Injury,Male,None - Rural Crash,Gaston,No,Wednesday,Motorist Overtaking Bicyclist,9.0,August,Motorist Overtaking - Misjudged Space,2013,81.0,No,O: No Injury,Male,Passenger Car,No,35.16479955,-81.14778178,Wet,40 - 45  MPH,"Double Yellow Line, No Passing Zone",Cloudy,No,0,0,8
Yes,59.0,No,With Traffic,C: Possible Injury,Female,Morganton,Burke,No,Wednesday,Motorist Overtaking Bicyclist,13.0,July,Motorist Overtaking - Misjudged Space,2013,42.0,No,O: No Injury,Female,Sport Utility,No,35.77970577,-81.68924255,Dry,40 - 45  MPH,No Control Present,Cloudy,No,0,0,7
No,38.0,No,With Traffic,A: Suspected Serious Injury,Female,Fuquay-Varina,Wake,No,Thursday,Motorist Right Turn / Merge,19.0,July,Motorist Right Turn - Same Direction,2013,68.0,No,O: No Injury,Female,Van,No,35.58432773,-78.8009254,Dry,20 - 25  MPH,No Control Present,Clear,No,0,0,7
No,19.0,No,Facing Traffic,C: Possible Injury,Female,Nags Head,Dare,No,Thursday,Loss of Control / Turning Error,20.0,July,Motorist Turning Error - Right Turn,2013,20.0,No,O: No Injury,Male,Passenger Car,No,35.99296374,-75.64870718,Dry,20 - 25  MPH,Stop And Go Signal,Clear,No,0,0,7
Yes,4.0,No,Facing Traffic,C: Possible Injury,Male,Nags Head,Dare,No,Thursday,Other / Unusual Circumstances,17.0,July,Play Vehicle-Related,2013,61.0,No,O: No Injury,Female,Sport Utility,No,35.9706578,-75.63158644,Dry,30 - 35  MPH,No Control Present,Clear,No,0,0,7
Yes,27.0,No,With Traffic,B: Suspected Minor Injury,Female,Carrboro,Orange,No,Thursday,Motorist Overtaking Bicyclist,22.0,August,Motorist Overtaking - Other / Unknown,2013,42.03850604944766,Missing,Unknown Injury,Unknown,Unknown,Yes,35.90875945,-79.09281274,Dry,30 - 35  MPH,No Control Present,Clear,No,1,0,8
Yes,19.0,No,Facing Traffic,C: Possible Injury,Male,Albemarle,Stanly,No,Friday,Crossing Paths - Other Circumstances,12.0,August,Signalized Intersection - Other / Unknown,2013,66.0,No,O: No Injury,Male,Passenger Car,No,35.360788,-80.199159,Dry,30 - 35  MPH,Stop And Go Signal,Clear,No,0,0,8
No,31.0,No,With Traffic,C: Possible Injury,Male,Duck,Dare,No,Monday,Motorist Overtaking Bicyclist,8.0,July,Motorist Overtaking - Other / Unknown,2013,42.03850604944766,Missing,Unknown Injury,Unknown,Unknown,Yes,36.16131602,-75.75217951,Dry,Unknown,No Control Present,Clear,No,1,0,7
Yes,43.0,No,Facing Traffic,B: Suspected Minor Injury,Female,Jacksonville,Onslow,No,Sunday,Crossing Paths - Other Circumstances,14.0,June,Crossing Paths - Uncontrolled Intersection,2013,37.0,No,O: No Injury,Female,Passenger Car,No,34.767287,-77.406525,"Water (Standing, Moving)",40 - 45  MPH,No Control Present,Rain,No,0,0,6
Yes,16.0,No,With Traffic,B: Suspected Minor Injury,Male,Oak Island,Brunswick,No,Monday,Backing Vehicle,12.0,July,Backing Vehicle,2013,59.0,No,O: No Injury,Male,Passenger Car,No,33.92093581,-78.13497222,Dry,40 - 45  MPH,No Control Present,Clear,No,0,0,7
No,7.0,No,Facing Traffic,O: No Injury,Female,None - Rural Crash,Currituck,No,Thursday,Bicyclist Failed to Yield - Midblock,13.0,August,Bicyclist Ride Out - Residential Driveway,2013,52.0,No,O: No Injury,Female,Passenger Car,No,36.50332967,-76.09462989,Dry,30 - 35  MPH,No Control Present,Rain,No,0,0,8
Yes,6.0,No,Not Applicable,C: Possible Injury,Female,Pineville,Mecklenburg,No,Friday,Non-Roadway,21.0,July,Non-Roadway,2013,30.0,Unknown,O: No Injury,Male,Pickup,No,35.09625656,-80.87218417,Wet,20 - 25  MPH,No Control Present,Cloudy,No,0,0,7
No,43.0,No,With Traffic,O: No Injury,Female,Pineville,Mecklenburg,No,Wednesday,Loss of Control / Turning Error,15.0,July,Motorist Turning Error - Right Turn,2013,16.0,No,O: No Injury,Male,Sport Utility,No,35.08509869,-80.88681991,Dry,30 - 35  MPH,Stop And Go Signal,Cloudy,No,0,0,7
Yes,35.0,No,With Traffic,B: Suspected Minor Injury,Male,None - Rural Crash,Vance,No,Tuesday,Loss of Control / Turning Error,15.0,August,Motorist Lost Control - Other / Unknown,2013,42.03850604944766,Unknown,Unknown Injury,Unknown,Passenger Car,Yes,36.1844898,-78.44784091,Dry,50 - 55  MPH,No Control Present,Clear,No,1,0,8
No,15.0,No,Facing Traffic,C: Possible Injury,Male,Charlotte,Mecklenburg,No,Friday,Motorist Failed to Yield - Midblock,14.0,August,Motorist Drive Out - Commercial Driveway / Alley,2013,50.0,No,O: No Injury,Male,Passenger Car,No,35.25185223,-80.7803603,Wet,5 - 15 MPH,Stop Sign,Cloudy,No,0,0,8
Yes,52.0,No,Facing Traffic,C: Possible Injury,Female,Durham,Durham,No,Wednesday,Motorist Failed to Yield - Midblock,17.0,August,Motorist Drive Out - Commercial Driveway / Alley,2013,30.0,No,O: No Injury,Female,Van,No,36.00099266,-78.91367302,Dry,30 - 35  MPH,Stop Sign,Cloudy,No,0,0,8