AmbulanceR,BikeAge,BikeAlcFlg,BikeDir,BikeInjury,BikeSex,City,County,CrashAlcoh,CrashDay,CrashGrp,CrashHour,CrashMonth,CrashType,CrashYear,DrvrAge,DrvrAlcFlg,DrvrInjury,DrvrSex,DrvrVehTyp,HitRun,Latitude,Longitude,RdConditio,SpeedLimit,TraffCntrl,Weather,Workzone,DrvrAgeImputedFlag,BikeAgeImputedFlag,MonthCode
No,43.0,No,With Traffic,C: Possible Injury,Male,Fuquay-Varina,Wake,No,Tuesday,Loss of Control / Turning Error,0.0,July,Motorist Turning Error - Left Turn,2013,40.0,No,O: No Injury,Male,"Single Unit Truck (2-Axle, 6-Tire)",No,35.58911022,-78.79961101,Wet,30 - 35  MPH,Stop And Go Signal,Cloudy,No,0,0,7
Yes,44.0,No,Facing Traffic,C: Possible Injury,Male,Raleigh,Wake,No,Friday,Motorist Right Turn / Merge,14.0,August,Motorist Right Turn - Opposite Direction,2013,77.0,No,O: No Injury,Male,Passenger Car,No,35.76948805,-78.63720342,Dry,30 - 35  MPH,Stop And Go Signal,Cloudy,No,0,0,8
Yes,49.0,No,Facing Traffic,C: Possible Injury,Male,Fayetteville,Cumberland,No,Wednesday,Bicyclist Failed to Yield - Signalized Intersection,11.0,July,Bicyclist Ride Through - Signalized Intersection,2013,22.0,No,O: No Injury,Male,Sport Utility,No,35.043847,-78.94206117,Dry,40 - 45  MPH,No Control Present,Clear,No,0,0,7
No,13.0,No,Facing Traffic,C: Possible Injury,Male,Fayetteville,Cumberland,No,Wednesday,Motorist Failed to Yield - Signalized Intersection,7.0,July,Motorist Drive Out - Right Turn on Red,2013,53.0,No,O: No Injury,Male,Passenger Car,No,35.05243706,-78.97354064,Dry,30 - 35  MPH,Stop And Go Signal,Clear,No,0,0,7
Yes,13.0,No,With Traffic,B: Suspected Minor Injury,Male,Raleigh,Wake,No,Saturday,Bicyclist Failed to Yield - Sign-Controlled Intersection,15.0,August,Bicyclist Ride Through - Sign-Controlled Intersection,2013,57.0,No,O: No Injury,Female,Passenger Car,No,35.791577,-78.610035,Wet,30 - 35  MPH,Stop Sign,Cloudy,No,0,0,8
No,35.0,No,With Traffic,C: Possible Injury,Female,Cary,Wake,No,Saturday,Motorist Right Turn / Merge,18.0,July,Motorist Right Turn - Same Direction,2013,53.0,No,O: No Injury,Female,Passenger Car,No,35.79605953,-78.76052739,Wet,40 - 45  MPH,No Control Present,Rain,No,0,0,7
Yes,14.0,No,Unknown,C: Possible Injury,Male,Kannapolis,Cabarrus,No,Sunday,Bicyclist Failed to Yield - Sign-Controlled Intersection,17.0,July,Bicyclist Ride Through - Sign-Controlled Intersection,2013,65.0,No,O: No Injury,Female,Passenger Car,No,35.453625,-80.63137,Dry,30 - 35  MPH,Stop Sign,Clear,No,0,0,7
No,20.0,No,Facing Traffic,C: Possible Injury,Female,Wilmington,New Hanover,No,Sunday,Motorist Failed to Yield - Midblock,14.0,August,Motorist Drive Out - Commercial Driveway / Alley,2013,44.0,No,O: No Injury,Male,Passenger Car,No,34.23603764,-77.87186583,Dry,30 - 35  MPH,Stop Sign,Clear,No,0,0,8
No,30.0,No,With Traffic,O: No Injury,Male,Pine Knoll Shores,Carteret,No,Saturday,Motorist Right Turn / Merge,10.0,June,Motorist Right Turn - Same Direction,2013,34.0,No,O: No Injury,Female,Van,No,34.69229319,-76.84504816,Dry,40 - 45  MPH,No Control Present,Clear,No,0,0,6
Yes,18.0,No,With Traffic,B: Suspected Minor Injury,Male,Raleigh,Wake,No,Thursday,Bicyclist Failed to Yield - Sign-Controlled Intersection,19.0,August,Bicyclist Ride Through - Sign-Controlled Intersection,2013,24.0,No,O: No Injury,Female,Sport Utility,No,35.776836,-78.694,Dry,30 - 35  MPH,Stop Sign,Clear,No,0,0,8
Yes,10.0,No,With Traffic,C: Possible Injury,Female,Weldon,Halifax,No,Tuesday,Bicyclist Failed to Yield - Sign-Controlled Intersection,16.0,August,Bicyclist Ride Through - Sign-Controlled Intersection,2013,69.0,No,O: No Injury,Female,Van,No,36.424357,-77.597218,Dry,20 - 25  MPH,Stop Sign,Clear,No,0,0,8
Yes,15.0,No,Facing Traffic,B: Suspected Minor Injury,Male,Fayetteville,Cumberland,No,Friday,Crossing Paths - Other Circumstances,22.0,August,Crossing Paths - Intersection - Other / Unknown,2013,39.0,No,O: No Injury,Male,Passenger Car,No,35.06862377,-79.01273722,Wet,40 - 45  MPH,No Control Present,Rain,No,0,0,8
Yes,16.0,No,Facing Traffic,C: Possible Injury,Male,Charlotte,Mecklenburg,No,Tuesday,Motorist Failed to Yield - Signalized Intersection,14.0,August,Motorist Drive Out - Right Turn on Red,2013,24.0,No,O: No Injury,Female,Passenger Car,No,35.262715,-80.772268,Dry,40 - 45  MPH,Stop And Go Signal,Cloudy,No,0,0,8
Yes,12.0,No,With Traffic,C: Possible Injury,Female,Hendersonville,Henderson,No,Monday,Bicyclist Failed to Yield - Sign-Controlled Intersection,17.0,August,Bicyclist Ride Through - Sign-Controlled Intersection,2013,43.0,No,O: No Injury,Female,Passenger Car,No,35.319673,-82.473508,Dry,30 - 35  MPH,Stop Sign,Clear,No,0,0,8
Yes,10.0,No,Facing Traffic,C: Possible Injury,Female,Fayetteville,Cumberland,No,Sunday,Motorist Failed to Yield - Sign-Controlled Intersection,11.0,July,Motorist Drive Out - Sign-Controlled Intersection,2013,22.0,No,O: No Injury,Male,Passenger Car,No,35.06622579,-78.96696298,Dry,40 - 45  MPH,Stop Sign,Clear,No,0,0,7
Yes,33.0,No,With Traffic,B: Suspected Minor Injury,Male,None - Rural Crash,Forsyth,No,Sunday,Motorist Overtaking Bicyclist,18.0,August,Motorist Overtaking - Undetected Bicyclist,2013,36.0,No,O: No Injury,Male,Sport Utility,No,36.17515787,-80.0869497,Dry,40 - 45  MPH,"Double Yellow Line, No Passing Zone",Clear,No,0,0,8
No,26.0,No,Facing Traffic,B: Suspected Minor Injury,Male,None - Rural Crash,Onslow,No,Wednesday,Motorist Failed to Yield - Sign-Controlled Intersection,16.0,August,Motorist Drive Out - Sign-Controlled Intersection,2013,42.0,No,O: No Injury,Female,Pickup,No,34.71822975,-77.47909189,Dry,40 - 45  MPH,Stop Sign,Clear,No,0,0,8
No,41.0,No,With Traffic,B: Suspected Minor Injury,Male,Duck,Dare,No,Friday,Motorist Right Turn / Merge,9.0,July,Motorist Right Turn - Same Direction,2013,32.0,No,O: No Injury,Female,Passenger Car,No,36.16429518,-75.75274045,Dry,20 - 25  MPH,No Control Present,Clear,No,0,0,7
Yes,17.0,No,Facing Traffic,B: Suspected Minor Injury,Male,Fayetteville,Cumberland,No,Monday,Bicyclist Failed to Yield - Signalized Intersection,16.0,July,Bicyclist Ride Through - Signalized Intersection,2013,56.0,No,O: No Injury,Female,Passenger Car,No,35.04280494,-78.96071836,Dry,40 - 45  MPH,No Control Present,Clear,No,0,0,7
No,23.0,No,With Traffic,B: Suspected Minor Injury,Male,Fayetteville,Cumberland,No,Tuesday,Crossing Paths - Other Circumstances,9.0,July,Crossing Paths - Midblock - Other / Unknown,2013,31.0,No,O: No Injury,Female,Passenger Car,No,35.07518735,-78.95965424,Dry,40 - 45  MPH,Stop And Go Signal,Clear,No,0,0,7
Yes,61.0,No,With Traffic,B: Suspected Minor Injury,Male,Roanoke Rapids,Halifax,No,Thursday,Motorist Failed to Yield - Sign-Controlled Intersection,11.0,August,Motorist Drive Through - Sign-Controlled Intersection,2013,42.03850604944766,Unknown,Unknown Injury,Unknown,Passenger Car,Yes,36.466724,-77.659795,Dry,Unknown,Stop Sign,Clear,No,1,0,8
Yes,35.0,Yes,With Traffic,B: Suspected Minor Injury,Male,None - Rural Crash,Scotland,Yes,Saturday,Motorist Overtaking Bicyclist,21.0,July,Motorist Overtaking - Bicyclist Swerved,2013,45.0,No,O: No Injury,Male,Truck/Trailer,No,34.679051,-79.422602,Wet,50 - 55  MPH,No Control Present,Rain,No,0,0,7
No,13.0,No,Not Applicable,O: No Injury,Male,None - Rural Crash,Union,No,Sunday,Non-Roadway,14.0,August,Non-Roadway,2013,42.03850604944766,Missing,Unknown Injury,Unknown,Passenger Car,No,35.06207087,-80.60788644,Dry,50 - 55  MPH,No Control Present,Cloudy,No,1,0,8
No,41.0,No,With Traffic,O: No Injury,Male,None - Rural Crash,Currituck,No,Friday,Other / Unusual Circumstances,16.0,August,Unusual Circumstances,2013,29.0,No,O: No Injury,Male,Pickup,No,36.28837256,-75.8005523,Dry,40 - 45  MPH,No Control Present,Cloudy,No,0,0,8
No,2.0,No,Not Applicable,O: No Injury,Male,Durham,Durham,No,Wednesday,Non-Roadway,16.0,August,Non-Roadway,2013,42.03850604944766,Missing,Unknown Injury,Unknown,Passenger Car,Yes,35.99096931,-78.89271255,Unknown,20 - 25  MPH,No Control Present,Other,No,1,0,8
Yes,27.0,Yes,With Traffic,C: Possible Injury,Male,Jacksonville,Onslow,Yes,Friday,Bicyclist Failed to Yield - Signalized Intersection,10.0,August,Bicyclist Ride Through - Signalized Intersection,2013,27.0,No,O: No Injury,Female,Passenger Car,No,34.779218,-77.416164,Wet,40 - 45  MPH,Stop And Go Signal,Cloudy,No,0,0,8
No,51.0,No,With Traffic,C: Possible Injury,Male,New Bern,Craven,No,Saturday,Crossing Paths - Other Circumstances,15.0,August,Sign-Controlled Intersection - Other / Unknown,2013,20.0,No,O: No Injury,Male,Passenger Car,No,35.10846097,-77.05239444,Dry,20 - 25  MPH,Stop Sign,Clear,No,0,0,8
Yes,50.0,No,With Traffic,B: Suspected Minor Injury,Male,Raleigh,Wake,No,Saturday,Motorist Left Turn / Merge,6.0,August,Motorist Left Turn - Opposite Direction,2013,42.0,No,O: No Injury,Male,Passenger Car,No,35.75988,-78.728353,Dry,30 - 35  MPH,No Control Present,Clear,No,0,0,8
No,13.0,No,Facing Traffic,B: Suspected Minor Injury,Male,High Point,Guilford,No,Friday,Motorist Failed to Yield - Midblock,12.0,August,Motorist Drive Out - Commercial Driveway / Alley,2013,41.0,No,O: No Injury,Female,Sport Utility,No,35.96284437,-79.95084931,Dry,Unknown,No Control Present,Clear,No,0,0,8
Yes,28.0,No,With Traffic,C: Possible Injury,Male,Wilson,Wilson,No,Saturday,Crossing Paths - Other Circumstances,19.0,August,Sign-Controlled Intersection - Other / Unknown,2013,63.0,No,O: No Injury,Male,Van,No,35.72168454,-77.91737444,Dry,30 - 35  MPH,Stop Sign,Cloudy,No,0,0,8
No,23.0,No,With Traffic,O: No Injury,Male,Raleigh,Wake,No,Thursday,Motorist Failed to Yield - Midblock,16.0,August,Motorist Drive Out - Commercial Driveway / Alley,2013,28.0,No,O: No Injury,Male,Passenger Car,No,35.78870589,-78.67209116,Dry,30 - 35  MPH,No Control Present,Clear,No,0,0,8
No,9.0,No,Not Applicable,B: Suspected Minor Injury,Male,Durham,Durham,No,Sunday,Non-Roadway,11.0,August,Non-Roadway,2013,52.0,No,O: No Injury,Female,Passenger Car,No,36.05067069,-78.9102936,Dry,5 - 15 MPH,No Control Present,Clear,No,0,0,8
No,14.0,No,With Traffic,B: Suspected Minor Injury,Male,None - Rural Crash,Davidson,No,Sunday,Bicyclist Left Turn / Merge,16.0,August,Bicyclist Left Turn - Same Direction,2013,22.0,No,O: No Injury,Male,Passenger Car,No,35.7429285,-80.28433791,Dry,50 - 55  MPH,No Control Present,Clear,No,0,0,8
Yes,14.0,No,With Traffic,A: Suspected Serious Injury,Male,None - Rural Crash,Wilkes,No,Sunday,Crossing Paths - Other Circumstances,16.0,August,Crossing Paths - Uncontrolled Intersection,2013,42.03850604944766,Missing,Unknown Injury,Unknown,Unknown,No,36.12883128,-81.16940624,Dry,Unknown,"Double Yellow Line, No Passing Zone",Clear,No,1,0,8
Yes,49.0,No,With Traffic,B: Suspected Minor Injury,Male,None - Rural Crash,Brunswick,No,Saturday,Motorist Overtaking Bicyclist,21.0,August,Motorist Overtaking - Other / Unknown,2013,31.0,No,O: No Injury,Female,Passenger Car,No,33.94650826,-78.05381144,Dry,40 - 45  MPH,"Double Yellow Line, No Passing Zone",Clear,No,0,0,8
Yes,24.0,No,With Traffic,B: Suspected Minor Injury,Female,Durham,Durham,No,Monday,Motorist Overtaking Bicyclist,14.0,August,Motorist Overtaking - Other / Unknown,2013,66.0,No,O: No Injury,Male,Passenger Car,No,35.97953228,-78.95788118,Dry,30 - 35  MPH,No Control Present,Clear,No,0,0,8
No,15.0,No,With Traffic,B: Suspected Minor Injury,Male,None - Rural Crash,Catawba,No,Thursday,Motorist Overtaking Bicyclist,11.0,July,Motorist Overtaking - Other / Unknown,2013,42.03850604944766,Missing,Unknown Injury,Unknown,Unknown,Yes,35.732113,-81.26128018,Dry,40 - 45  MPH,"Double Yellow Line, No Passing Zone",Clear,No,1,0,7
No,31.0,No,With Traffic,O: No Injury,Female,None - Rural Crash,Brunswick,No,Wednesday,Motorist Overtaking Bicyclist,7.0,August,Motorist Overtaking - Other / Unknown,2013,48.0,No,O: No Injury,Male,Passenger Car,No,34.28340022,-78.14046327,Dry,50 - 55  MPH,No Control Present,Clear,No,0,0,8
Yes,25.0,No,With Traffic,C: Possible Injury,Male,None - Rural Crash,Alamance,No,Monday,Motorist Overtaking Bicyclist,22.0,August,Motorist Overtaking - Undetected Bicyclist,2013,42.03850604944766,Unknown,Unknown Injury,Unknown,Passenger Car,Yes,36.12562214,-79.38686298,Dry,40 - 45  MPH,No Control Present,Clear,No,1,0,8
No,63.0,Unknown,With Traffic,C: Possible Injury,Male,Charlotte,Mecklenburg,No,Friday,Motorist Failed to Yield - Sign-Controlled Intersection,11.0,August,Motorist Drive Out - Sign-Controlled Intersection,2013,22.0,No,O: No Injury,Female,Passenger Car,No,35.1128448,-80.97050929,Dry,Unknown,Stop And Go Signal,Clear,No,0,0,8
Yes,37.0,Unknown,Facing Traffic,C: Possible Injury,Male,Greensboro,Guilford,No,Saturday,Motorist Failed to Yield - Signalized Intersection,11.0,August,Motorist Drive Out - Right Turn on Red,2013,54.0,No,O: No Injury,Female,Sport Utility,No,36.06467109,-79.79290708,Dry,30 - 35  MPH,Stop And Go Signal,Clear,No,0,0,8
Yes,60.0,No,With Traffic,B: Suspected Minor Injury,Male,None - Rural Crash,Currituck,No,Saturday,Motorist Left Turn / Merge,12.0,August,Motorist Left Turn - Opposite Direction,2013,80.0,No,O: No Injury,Male,Passenger Car,No,36.31304278,-75.81136995,Dry,30 - 35  MPH,No Control Present,Clear,No,0,0,8
Yes,56.0,Yes,Facing Traffic,B: Suspected Minor Injury,Male,None - Rural Crash,Mecklenburg,Yes,Sunday,Motorist Failed to Yield - Signalized Intersection,20.0,September,Motorist Drive Out - Signalized Intersection,2013,42.03850604944766,Missing,Unknown Injury,Unknown,Unknown,Yes,35.20237682,-80.73072643,Wet,40 - 45  MPH,Stop And Go Signal,Cloudy,No,1,0,9
Yes,27.0,Missing,Unknown,K: Killed,Male,Charlotte,Mecklenburg,No,Friday,Bicyclist Failed to Yield - Midblock,21.0,August,Bicyclist Ride Out - Midblock - Unknown,2013,23.0,No,C: Possible Injury,Male,Passenger Car,No,35.15219725,-80.87800274,Dry,30 - 35  MPH,No Control Present,Clear,No,0,0,8
Yes,11.0,No,With Traffic,B: Suspected Minor Injury,Female,Charlotte,Mecklenburg,No,Sunday,Bicyclist Failed to Yield - Sign-Controlled Intersection,13.0,September,Bicyclist Ride Through - Sign-Controlled Intersection,2013,40.0,No,O: No Injury,Male,Pickup,No,35.31923028,-80.80294803,Dry,20 - 25  MPH,Stop Sign,Clear,No,0,0,9
No,60.0,No,With Traffic,A: Suspected Serious Injury,Female,None - Rural Crash,Orange,No,Wednesday,Motorist Right Turn / Merge,9.0,July,Motorist Right Turn - Same Direction,2013,62.0,No,O: No Injury,Female,Passenger Car,No,36.05314125,-79.1214774,Dry,40 - 45  MPH,"Double Yellow Line, No Passing Zone",Clear,No,0,0,7
Yes,63.0,No,With Traffic,B: Suspected Minor Injury,Male,Raleigh,Wake,No,Friday,Motorist Left Turn / Merge,6.0,August,Motorist Left Turn - Opposite Direction,2013,70.0,No,O: No Injury,Male,Passenger Car,No,35.90494013,-78.70342256,Dry,40 - 45  MPH,No Control Present,Clear,No,0,0,8
Yes,12.0,No,Facing Traffic,C: Possible Injury,Male,New Bern,Craven,No,Wednesday,Motorist Left Turn / Merge,16.0,August,Motorist Left Turn - Same Direction,2013,82.0,No,O: No Injury,Male,Passenger Car,No,35.10851189,-77.05236796,Dry,30 - 35  MPH,No Control Present,Clear,No,0,0,8
No,32.0,No,With Traffic,O: No Injury,Male,Carrboro,Orange,No,Wednesday,Bicyclist Overtaking Motorist,18.0,August,Bicyclist Overtaking - Parked Vehicle,2013,42.03850604944766,Missing,Unknown Injury,Unknown,Passenger Car,No,35.94198451,-79.09068162,Dry,20 - 25  MPH,No Control Present,Clear,No,1,0,8
Yes,20.0,No,With Traffic,B: Suspected Minor Injury,Male,None - Rural Crash,Dare,No,Monday,Loss of Control / Turning Error,5.0,September,Motorist Lost Control - Other / Unknown,2013,39.0,No,O: No Injury,Male,Passenger Car,No,35.55953677,-75.46904334,Dry,30 - 35  MPH,No Control Present,Clear,No,0,0,9
No,20.0,No,With Traffic,O: No Injury,Male,Murfreesboro,Hertford,No,Monday,Bicyclist Failed to Yield - Signalized Intersection,12.0,August,Bicyclist Ride Through - Signalized Intersection,2013,51.0,No,O: No Injury,Female,Sport Utility,No,36.442416,-77.100965,Dry,30 - 35  MPH,Stop And Go Signal,Clear,No,0,0,8
Yes,14.0,No,With Traffic,C: Possible Injury,Male,Gastonia,Gaston,No,Wednesday,Bicyclist Failed to Yield - Sign-Controlled Intersection,16.0,August,Bicyclist Ride Through - Sign-Controlled Intersection,2013,24.0,No,O: No Injury,Female,Passenger Car,No,35.272712,-81.192355,Dry,30 - 35  MPH,Stop Sign,Cloudy,No,0,0,8
Yes,34.0,Yes,With Traffic,A: Suspected Serious Injury,Male,Wilmington,New Hanover,Yes,Tuesday,Bicyclist Failed to Yield - Signalized Intersection,12.0,July,Bicyclist Ride Through - Signalized Intersection,2013,20.0,No,O: No Injury,Female,Passenger Car,No,34.24290565,-77.89019485,Dry,30 - 35  MPH,Stop And Go Signal,Clear,No,0,0,7
Yes,11.0,No,With Traffic,C: Possible Injury,Female,Kannapolis,Cabarrus,No,Sunday,Bicyclist Failed to Yield - Sign-Controlled Intersection,20.0,August,Bicyclist Ride Through - Sign-Controlled Intersection,2013,19.0,No,O: No Injury,Male,Sport Utility,No,35.50068452,-80.60388388,Dry,30 - 35  MPH,Stop Sign,Clear,No,0,0,8
No,24.0,No,With Traffic,C: Possible Injury,Male,New Bern,Craven,No,Wednesday,Motorist Failed to Yield - Signalized Intersection,20.0,September,Motorist Drive Through - Signalized Intersection,2013,20.0,No,O: No Injury,Male,Pickup,No,35.10467304,-77.08217083,Dry,50 - 55  MPH,Stop And Go Signal,Clear,No,0,0,9
No,21.0,No,Not Applicable,C: Possible Injury,Male,Pembroke,Robeson,No,Monday,Non-Roadway,9.0,August,Non-Roadway,2013,50.0,No,O: No Injury,Male,Passenger Car,No,34.68866333,-79.20270274,Dry,5 - 15 MPH,Stop Sign,Clear,No,0,0,8
No,14.0,No,Facing Traffic,C: Possible Injury,Female,Duck,Dare,No,Wednesday,Motorist Left Turn / Merge,9.0,August,Motorist Left Turn - Same Direction,2013,31.0,No,O: No Injury,Female,Sport Utility,No,36.1957321,-75.76224112,Dry,30 - 35  MPH,No Control Present,Clear,No,0,0,8
Yes,33.0,No,With Traffic,B: Suspected Minor Injury,Male,Greensboro,Guilford,No,Thursday,Motorist Right Turn / Merge,11.0,September,Motorist Right Turn - Same Direction,2013,22.0,No,O: No Injury,Male,Passenger Car,No,36.06570181,-79.81111761,Dry,20 - 25  MPH,No Control Present,Clear,No,0,0,9
No,11.0,No,With Traffic,O: No Injury,Male,None - Rural Crash,New Hanover,No,Saturday,Bicyclist Left Turn / Merge,11.0,August,Bicyclist Left Turn - Same Direction,2013,31.0,No,O: No Injury,Male,Sport Utility,No,34.26167764,-77.86764107,Dry,30 - 35  MPH,No Control Present,Clear,No,0,0,8
Yes,17.0,No,With Traffic,B: Suspected Minor Injury,Male,None - Rural Crash,Union,No,Wednesday,Motorist Overtaking Bicyclist,19.0,September,Motorist Overtaking - Undetected Bicyclist,2013,30.0,No,O: No Injury,Female,Passenger Car,No,34.97693912,-80.35637472,Dry,50 - 55  MPH,"Double Yellow Line, No Passing Zone",Clear,No,0,0,9
Yes,22.0,Yes,With Traffic,B: Suspected Minor Injury,Male,None - Rural Crash,Onslow,Yes,Wednesday,Motorist Overtaking Bicyclist,21.0,September,Motorist Overtaking - Misjudged Space,2013,34.0,No,O: No Injury,Female,Van,No,34.73590036,-77.51885063,Dry,40 - 45  MPH,No Control Present,Clear,No,0,0,9
Yes,18.0,No,Facing Traffic,A: Suspected Serious Injury,Male,Smithfield,Johnston,No,Wednesday,Loss of Control / Turning Error,19.0,August,Motorist Turning Error - Left Turn,2013,44.0,No,O: No Injury,Female,Passenger Car,No,35.50545211,-78.32625548,"Water (Standing, Moving)",30 - 35  MPH,Stop And Go Signal,Rain,No,0,0,8
Yes,58.0,No,Facing Traffic,C: Possible Injury,Male,Durham,Durham,No,Thursday,Motorist Failed to Yield - Signalized Intersection,12.0,September,Motorist Drive Out - Signalized Intersection,2013,62.0,No,O: No Injury,Female,Passenger Car,No,36.02019208,-78.94862286,Dry,30 - 35  MPH,Stop And Go Signal,Clear,No,0,0,9
Yes,28.0,No,With Traffic,B: Suspected Minor Injury,Male,None - Rural Crash,Lincoln,No,Friday,Motorist Overtaking Bicyclist,5.0,September,Motorist Overtaking - Undetected Bicyclist,2013,20.0,No,O: No Injury,Male,Passenger Car,No,35.54790171,-81.2059649,Dry,40 - 45  MPH,"Double Yellow Line, No Passing Zone",Clear,No,0,0,9
Yes,22.0,No,With Traffic,C: Possible Injury,Female,Durham,Durham,No,Sunday,Motorist Left Turn / Merge,8.0,September,Motorist Left Turn - Opposite Direction,2013,55.0,No,O: No Injury,Female,Passenger Car,No,36.00990917,-78.91713903,Dry,30 - 35  MPH,No Control Present,Clear,No,0,0,9
Yes,30.0,Yes,Not Applicable,C: Possible Injury,Male,Durham,Durham,Yes,Sunday,Non-Roadway,18.0,September,Non-Roadway,2013,40.0,No,O: No Injury,Female,Passenger Car,No,35.98742776,-78.89972306,Dry,5 - 15 MPH,No Control Present,Clear,No,0,0,9
No,56.0,No,With Traffic,B: Suspected Minor Injury,Female,Emerald Isle,Carteret,No,Saturday,Crossing Paths - Other Circumstances,10.0,August,Crossing Paths - Uncontrolled Intersection,2013,44.0,No,O: No Injury,Female,Passenger Car,No,34.66310514,-77.04200401,Dry,20 - 25  MPH,No Control Present,Clear,No,0,0,8
Yes,43.0,Yes,With Traffic,A: Suspected Serious Injury,Female,High Point,Guilford,Yes,Tuesday,Loss of Control / Turning Error,20.0,August,Bicyclist Turning Error - Right Turn,2013,43.0,No,O: No Injury,Female,Sport Utility,No,35.95268217,-79.98965908,Dry,30 - 35  MPH,Stop Sign,Clear,No,0,0,8
Yes,22.0,No,Facing Traffic,B: Suspected Minor Injury,Male,Jacksonville,Onslow,No,Friday,Bicyclist Failed to Yield - Midblock,22.0,August,Bicyclist Ride Out - Midblock - Unknown,2013,26.0,No,O: No Injury,Male,Passenger Car,No,34.75565543,-77.47436058,Wet,40 - 45  MPH,No Control Present,Cloudy,No,0,0,8
Yes,44.0,No,With Traffic,B: Suspected Minor Injury,Female,None - Rural Crash,Union,No,Monday,Motorist Overtaking Bicyclist,9.0,September,Motorist Overtaking - Other / Unknown,2013,38.0,No,O: No Injury,Female,Passenger Car,No,34.990608,-80.662323,Dry,40 - 45  MPH,"Double Yellow Line, No Passing Zone",Clear,No,0,0,9
Yes,20.0,No,With Traffic,C: Possible Injury,Female,Jacksonville,Onslow,No,Friday,Motorist Overtaking Bicyclist,17.0,August,Motorist Overtaking - Misjudged Space,2013,66.0,No,O: No Injury,Unknown,Passenger Car,No,34.75192743,-77.44970837,Dry,40 - 45  MPH,No Control Present,Cloudy,No,0,0,8
No,32.52649525389365,No,With Traffic,O: No Injury,Male,Jacksonville,Onslow,No,Saturday,Parallel Paths - Other Circumstances,11.0,August,Parallel Paths - Other / Unknown,2013,42.03850604944766,Missing,Unknown Injury,Unknown,Unknown,Yes,34.79966863,-77.43956123,Wet,40 - 45  MPH,Flashing Stop And Go Signal,Cloudy,No,1,1,8
Yes,17.0,No,Facing Traffic,C: Possible Injury,Male,Greenville,Pitt,No,Monday,Motorist Failed to Yield - Sign-Controlled Intersection,19.0,August,Motorist Drive Out - Sign-Controlled Intersection,2013,23.0,No,O: No Injury,Female,Passenger Car,No,35.59041248,-77.36793818,Dry,5 - 15 MPH,Stop Sign,Cloudy,No,0,0,8
No,33.0,No,Not Applicable,O: No Injury,Female,Smithfield,Johnston,No,Saturday,Non-Roadway,17.0,August,Non-Roadway,2013,42.03850604944766,Missing,Unknown Injury,Unknown,Pickup,No,35.51796543,-78.31450535,Wet,5 - 15 MPH,No Control Present,Rain,No,1,0,8
No,48.0,No,With Traffic,C: Possible Injury,Male,Emerald Isle,Carteret,No,Wednesday,Motorist Overtaking Bicyclist,12.0,July,Motorist Overtaking - Other / Unknown,2013,83.0,No,O: No Injury,Male,Passenger Car,No,34.65766339,-77.07496404,Dry,30 - 35  MPH,No Control Present,Clear,No,0,0,7
Yes,13.0,No,Facing Traffic,B: Suspected Minor Injury,Male,Goldsboro,Wayne,No,Thursday,Bicyclist Failed to Yield - Midblock,16.0,August,Bicyclist Ride Out - Midblock - Unknown,2013,57.0,No,O: No Injury,Female,Sport Utility,No,35.38863313,-77.91963634,Dry,30 - 35  MPH,Stop And Go Signal,Cloudy,No,0,0,8
Yes,23.0,No,With Traffic,B: Suspected Minor Injury,Male,None - Rural Crash,Nash,No,Sunday,Motorist Left Turn / Merge,18.0,September,Motorist Left Turn - Opposite Direction,2013,18.0,No,O: No Injury,Female,Passenger Car,No,35.89649848,-77.859953,Dry,20 - 25  MPH,No Control Present,Clear,No,0,0,9
No,10.0,No,With Traffic,C: Possible Injury,Female,Oxford,Granville,No,Sunday,Parallel Paths - Other Circumstances,14.0,June,Parallel Paths - Other / Unknown,2013,35.0,No,O: No Injury,Female,Passenger Car,No,36.28587627,-78.57475208,Dry,20 - 25  MPH,Stop Sign,Clear,No,0,0,6
Yes,40.0,No,With Traffic,O: No Injury,Male,Raleigh,Wake,No,Sunday,Motorist Overtaking Bicyclist,19.0,June,Motorist Overtaking - Misjudged Space,2013,42.03850604944766,Missing,Unknown Injury,Unknown,Passenger Car,Yes,35.83646034,-78.64662764,Dry,30 - 35  MPH,No Control Present,Clear,No,1,0,6
Yes,12.0,No,Facing Traffic,Unknown Injury,Male,Oxford,Granville,No,Friday,Motorist Failed to Yield - Sign-Controlled Intersection,13.0,June,Motorist Drive Through - Sign-Controlled Intersection,2013,61.0,No,O: No Injury,Female,Sport Utility,No,36.31113671,-78.58981332,Dry,30 - 35  MPH,Stop Sign,Clear,No,0,0,6
No,43.0,No,With Traffic,O: No Injury,Male,Salisbury,Rowan,No,Tuesday,Bicyclist Left Turn / Merge,16.0,September,Bicyclist Left Turn - Same Direction,2013,35.0,No,O: No Injury,Female,Sport Utility,No,35.66984154,-80.46005608,Dry,30 - 35  MPH,No Control Present,Clear,No,0,0,9