AmbulanceR,BikeAge,BikeAlcFlg,BikeDir,BikeInjury,BikeSex,City,County,CrashAlcoh,CrashDay,CrashGrp,CrashHour,CrashMonth,CrashType,CrashYear,DrvrAge,DrvrAlcFlg,DrvrInjury,DrvrSex,DrvrVehTyp,HitRun,Latitude,Longitude,RdConditio,SpeedLimit,TraffCntrl,Weather,Workzone,DrvrAgeImputedFlag,BikeAgeImputedFlag,MonthCode
Yes,48.0,No,Facing Traffic,C: Possible Injury,Male,Greensboro,Guilford,Yes,Wednesday,Motorist Failed to Yield - Signalized Intersection,4.0,September,Motorist Drive Out - Right Turn on Red,2013,59.0,Yes,O: No Injury,Male,Pickup,Yes,36.08992784,-79.88868393,Dry,30 - 35  MPH,Stop And Go Signal,Clear,No,0,0,9
Yes,52.0,No,Facing Traffic,O: No Injury,Male,Greenville,Pitt,No,Tuesday,Motorist Failed to Yield - Midblock,15.0,August,Motorist Drive Out - Commercial Driveway / Alley,2013,41.0,No,O: No Injury,Female,Passenger Car,No,35.58501459,-77.37121998,Dry,5 - 15 MPH,No Control Present,Clear,No,0,0,8
Yes,20.0,No,Facing Traffic,B: Suspected Minor Injury,Female,Greenville,Pitt,No,Saturday,Bicyclist Failed to Yield - Midblock,12.0,September,Bicyclist Ride Out - Midblock - Unknown,2013,41.0,No,O: No Injury,Female,Sport Utility,No,35.60492202,-77.41099588,Dry,40 - 45  MPH,No Control Present,Clear,No,0,0,9
Yes,16.0,No,With Traffic,B: Suspected Minor Injury,Male,Elizabeth City,Pasquotank,Yes,Wednesday,Motorist Overtaking Bicyclist,22.0,August,Motorist Overtaking - Other / Unknown,2013,28.0,Yes,O: No Injury,Male,Passenger Car,No,36.3176532,-76.21745324,Dry,40 - 45  MPH,Stop And Go Signal,Clear,Yes,0,0,8
Yes,45.0,No,With Traffic,Unknown Injury,Male,Kernersville,Forsyth,No,Thursday,Motorist Failed to Yield - Sign-Controlled Intersection,13.0,August,Motorist Drive Out - Sign-Controlled Intersection,2013,17.0,No,O: No Injury,Male,Passenger Car,No,36.09531603,-80.06116027,Dry,40 - 45  MPH,No Control Present,Clear,No,0,0,8
Yes,67.0,No,With Traffic,O: No Injury,Male,Thomasville,Davidson,No,Tuesday,Motorist Left Turn / Merge,11.0,September,Motorist Left Turn - Opposite Direction,2013,26.0,No,O: No Injury,Female,Passenger Car,No,35.88133383,-80.09932859,Dry,30 - 35  MPH,Stop And Go Signal,Clear,No,0,0,9
No,30.0,No,With Traffic,C: Possible Injury,Male,None - Rural Crash,Lincoln,No,Wednesday,Motorist Overtaking Bicyclist,6.0,September,Motorist Overtaking - Misjudged Space,2013,42.03850604944766,Missing,Unknown Injury,Unknown,Passenger Car,Yes,35.52637866,-81.22683015,Dry,40 - 45  MPH,"Double Yellow Line, No Passing Zone",Clear,No,1,0,9
Yes,17.0,No,Facing Traffic,C: Possible Injury,Male,Rocky Mount,Edgecombe,No,Monday,Motorist Failed to Yield - Sign-Controlled Intersection,15.0,August,Motorist Drive Out - Sign-Controlled Intersection,2013,49.0,No,O: No Injury,Male,Sport Utility,No,35.94227593,-77.78319878,Dry,30 - 35  MPH,Stop Sign,Clear,No,0,0,8
Yes,52.0,No,With Traffic,B: Suspected Minor Injury,Female,None - Rural Crash,Durham,No,Sunday,Loss of Control / Turning Error,10.0,September,Motorist Lost Control - Mechanical Problems,2013,47.0,No,O: No Injury,Male,Pickup,No,36.10714262,-78.97096312,Dry,40 - 45  MPH,"Double Yellow Line, No Passing Zone",Clear,No,0,0,9
Yes,69.0,No,With Traffic,K: Killed,Female,None - Rural Crash,Craven,No,Saturday,Bicyclist Left Turn / Merge,9.0,September,Bicyclist Left Turn - Same Direction,2013,64.0,No,O: No Injury,Male,"Single Unit Truck (2-Axle, 6-Tire)",No,35.19312614,-77.13197567,Dry,50 - 55  MPH,"Double Yellow Line, No Passing Zone",Clear,No,0,0,9
Yes,84.0,No,With Traffic,K: Killed,Male,None - Rural Crash,Swain,No,Friday,Motorist Overtaking Bicyclist,17.0,September,Motorist Overtaking - Other / Unknown,2013,53.0,No,O: No Injury,Female,Passenger Car,No,35.37285477,-83.56341116,Dry,50 - 55  MPH,No Control Present,Clear,No,0,0,9
Yes,13.0,No,Facing Traffic,C: Possible Injury,Male,Kings Mountain,Cleveland,No,Thursday,Motorist Failed to Yield - Midblock,15.0,September,Motorist Drive Out - Other Midblock,2013,17.0,No,O: No Injury,Male,Passenger Car,No,35.23268856,-81.3697283,Dry,30 - 35  MPH,No Control Present,Clear,No,0,0,9
Yes,13.0,Unknown,With Traffic,C: Possible Injury,Male,Black Mountain,Buncombe,No,Thursday,Bicyclist Failed to Yield - Sign-Controlled Intersection,17.0,September,Bicyclist Ride Through - Sign-Controlled Intersection,2013,21.0,No,O: No Injury,Female,Van,No,35.6302144,-82.31931039,Dry,20 - 25  MPH,Stop Sign,Clear,No,0,0,9
No,32.0,No,With Traffic,B: Suspected Minor Injury,Male,Burlington,Alamance,No,Friday,Parallel Paths - Other Circumstances,17.0,September,Parallel Paths - Other / Unknown,2013,42.03850604944766,Missing,Unknown Injury,Unknown,Unknown,Yes,36.11043852,-79.42459886,Dry,20 - 25  MPH,No Control Present,Clear,No,1,0,9
No,30.0,No,Facing Traffic,C: Possible Injury,Male,Winston-Salem,Forsyth,No,Sunday,Loss of Control / Turning Error,17.0,August,Motorist Turning Error - Right Turn,2013,30.0,No,O: No Injury,Male,Pickup,No,36.07076911,-80.19899855,Dry,30 - 35  MPH,Stop Sign,Clear,No,0,0,8
Yes,30.0,No,With Traffic,B: Suspected Minor Injury,Male,Raleigh,Wake,No,Monday,Motorist Right Turn / Merge,15.0,September,Motorist Right Turn - Same Direction,2013,42.03850604944766,Missing,Unknown Injury,Unknown,Passenger Car,Yes,35.8247856,-78.70842958,Dry,40 - 45  MPH,No Control Present,Clear,No,1,0,9
No,13.0,No,With Traffic,O: No Injury,Male,Raleigh,Wake,No,Friday,Motorist Right Turn / Merge,16.0,August,Motorist Right Turn - Same Direction,2013,27.0,No,O: No Injury,Female,Passenger Car,No,35.78074612,-78.64900461,Dry,30 - 35  MPH,No Control Present,Clear,No,0,0,8
Yes,53.0,No,Facing Traffic,B: Suspected Minor Injury,Male,Jamestown,Guilford,No,Wednesday,Bicyclist Failed to Yield - Signalized Intersection,7.0,September,Bicyclist Ride Through - Signalized Intersection,2013,29.0,No,O: No Injury,Female,Passenger Car,No,36.01235702,-79.92759638,Dry,40 - 45  MPH,Stop And Go Signal,Clear,No,0,0,9
Yes,66.0,No,With Traffic,B: Suspected Minor Injury,Male,Charlotte,Mecklenburg,No,Saturday,Motorist Overtaking Bicyclist,6.0,September,Motorist Overtaking - Undetected Bicyclist,2013,40.0,No,B: Suspected Minor Injury,Female,Passenger Car,No,35.17335314,-80.76971162,Dry,30 - 35  MPH,No Control Present,Clear,No,0,0,9
Yes,15.0,No,Facing Traffic,B: Suspected Minor Injury,Male,None - Rural Crash,Halifax,No,Monday,Bicyclist Right Turn / Merge,19.0,September,Bicyclist Right Turn - Same Direction,2013,31.0,No,O: No Injury,Female,Passenger Car,No,36.42533248,-77.86409797,Dry,50 - 55  MPH,"Double Yellow Line, No Passing Zone",Clear,No,0,0,9
No,35.0,No,Not Applicable,C: Possible Injury,Male,None - Rural Crash,New Hanover,No,Saturday,Non-Roadway,0.0,September,Non-Roadway,2013,49.0,No,O: No Injury,Female,Passenger Car,No,34.30978218,-77.87806186,Dry,Unknown,No Control Present,Clear,No,0,0,9
No,15.0,No,Unknown,B: Suspected Minor Injury,Female,Roanoke Rapids,Halifax,No,Wednesday,Loss of Control / Turning Error,16.0,September,Motorist Lost Control - Other / Unknown,2013,23.0,Unknown,O: No Injury,Female,Passenger Car,No,36.46849961,-77.65346212,Unknown,20 - 25  MPH,No Control Present,Other,No,0,0,9
Yes,39.0,No,With Traffic,B: Suspected Minor Injury,Male,Elizabeth City,Pasquotank,No,Monday,Motorist Overtaking Bicyclist,23.0,September,Motorist Overtaking - Undetected Bicyclist,2013,32.0,No,O: No Injury,Male,Passenger Car,No,36.27105728,-76.20736636,Dry,50 - 55  MPH,Stop And Go Signal,Cloudy,No,0,0,9
No,45.0,No,With Traffic,O: No Injury,Male,Fayetteville,Cumberland,Yes,Tuesday,Motorist Overtaking Bicyclist,1.0,August,Motorist Overtaking - Other / Unknown,2013,47.0,Yes,O: No Injury,Male,Motorcycle,No,35.01801419,-78.90807815,Dry,40 - 45  MPH,No Control Present,Clear,No,0,0,8
Yes,15.0,No,With Traffic,B: Suspected Minor Injury,Male,Clinton,Sampson,No,Monday,Crossing Paths - Other Circumstances,15.0,September,Sign-Controlled Intersection - Other / Unknown,2013,42.03850604944766,Unknown,Unknown Injury,Unknown,Pickup,Yes,35.00165865,-78.32687069,Dry,30 - 35  MPH,No Control Present,Clear,No,1,0,9
Yes,56.0,No,With Traffic,B: Suspected Minor Injury,Male,Winston-Salem,Forsyth,No,Wednesday,Motorist Overtaking Bicyclist,7.0,September,Motorist Overtaking - Undetected Bicyclist,2013,48.0,No,O: No Injury,Male,Van,No,36.1132359,-80.18785174,Dry,40 - 45  MPH,No Control Present,Clear,No,0,0,9
Yes,20.0,No,Facing Traffic,C: Possible Injury,Female,Kitty Hawk,Dare,No,Thursday,Motorist Failed to Yield - Signalized Intersection,13.0,August,Motorist Drive Out - Right Turn on Red,2013,36.0,No,O: No Injury,Female,Sport Utility,No,36.09910303,-75.72053405,Dry,50 - 55  MPH,Stop And Go Signal,Clear,No,0,0,8
Yes,21.0,No,Facing Traffic,B: Suspected Minor Injury,Male,Wilmington,New Hanover,No,Monday,Motorist Left Turn / Merge,11.0,August,Motorist Left Turn - Same Direction,2013,62.0,No,O: No Injury,Male,Pickup,No,34.21816722,-77.87864124,Dry,30 - 35  MPH,No Control Present,Clear,No,0,0,8
Yes,12.0,No,With Traffic,A: Suspected Serious Injury,Female,Raleigh,Wake,No,Saturday,Crossing Paths - Other Circumstances,18.0,September,Sign-Controlled Intersection - Other / Unknown,2013,36.0,No,O: No Injury,Male,Passenger Car,No,35.82871596,-78.5873864,Dry,30 - 35  MPH,Stop Sign,Clear,No,0,0,9
No,54.0,Yes,Not Applicable,O: No Injury,Male,None - Rural Crash,Robeson,Yes,Wednesday,Bicyclist Failed to Yield - Midblock,20.0,September,Bicyclist Ride Out - Residential Driveway,2013,75.0,No,O: No Injury,Male,Passenger Car,No,34.80276723,-79.24481675,Dry,50 - 55  MPH,No Control Present,Clear,No,0,0,9
Yes,56.0,No,With Traffic,A: Suspected Serious Injury,Female,None - Rural Crash,Orange,No,Wednesday,Parallel Paths - Other Circumstances,17.0,September,Parallel Paths - Other / Unknown,2013,35.0,No,O: No Injury,Male,Pickup,No,36.13911564,-79.22026328,Dry,50 - 55  MPH,"Double Yellow Line, No Passing Zone",Clear,No,0,0,9
Yes,40.0,Yes,With Traffic,C: Possible Injury,Male,Ahoskie,Hertford,Yes,Saturday,Parallel Paths - Other Circumstances,20.0,August,Parallel Paths - Other / Unknown,2013,81.0,No,O: No Injury,Female,Passenger Car,No,36.28119325,-76.97964658,Dry,30 - 35  MPH,No Control Present,Clear,No,0,0,8
Yes,51.0,No,With Traffic,B: Suspected Minor Injury,Male,None - Rural Crash,Brunswick,No,Wednesday,Motorist Overtaking Bicyclist,7.0,September,Motorist Overtaking - Undetected Bicyclist,2013,19.0,No,O: No Injury,Male,Sport Utility,No,34.03764406,-78.22265684,Dry,50 - 55  MPH,No Control Present,Clear,No,0,0,9
No,22.0,No,With Traffic,C: Possible Injury,Male,Charlotte,Mecklenburg,No,Wednesday,Motorist Overtaking Bicyclist,16.0,September,Motorist Overtaking - Other / Unknown,2013,42.03850604944766,Missing,Unknown Injury,Unknown,Unknown,Yes,35.281078,-80.784031,Dry,30 - 35  MPH,Stop Sign,Clear,No,1,0,9
No,26.0,No,With Traffic,O: No Injury,Female,Durham,Durham,No,Thursday,Motorist Left Turn / Merge,21.0,September,Motorist Left Turn - Opposite Direction,2013,31.0,No,O: No Injury,Male,Passenger Car,No,35.98776074,-78.92573459,Dry,30 - 35  MPH,No Control Present,Clear,No,0,0,9
No,24.0,No,With Traffic,C: Possible Injury,Male,Shelby,Cleveland,No,Tuesday,Other / Unusual Circumstances,11.0,August,Unusual Circumstances,2013,29.0,No,O: No Injury,Male,Unknown Heavy Truck,No,35.28403891,-81.53932797,Dry,30 - 35  MPH,No Control Present,Clear,No,0,0,8
No,8.0,No,Not Applicable,O: No Injury,Male,None - Rural Crash,Harnett,No,Sunday,Bicyclist Failed to Yield - Midblock,20.0,September,Bicyclist Ride Out - Residential Driveway,2013,29.0,No,O: No Injury,Female,Sport Utility,No,35.36770734,-79.00173554,Dry,50 - 55  MPH,"Double Yellow Line, No Passing Zone",Clear,No,0,0,9
No,52.0,No,With Traffic,C: Possible Injury,Male,Durham,Durham,No,Friday,Motorist Right Turn / Merge,13.0,September,Motorist Right Turn - Same Direction,2013,23.0,No,O: No Injury,Male,Passenger Car,No,35.98981331,-78.9242958,Dry,30 - 35  MPH,No Control Present,Cloudy,No,0,0,9
No,16.0,No,With Traffic,O: No Injury,Male,Vanceboro,Craven,No,Thursday,Bicyclist Overtaking Motorist,17.0,September,Bicyclist Overtaking - Parked Vehicle,2013,42.03850604944766,Missing,Unknown Injury,Unknown,Passenger Car,No,35.30018735,-77.15103541,Dry,20 - 25  MPH,No Control Present,Clear,No,1,0,9
Yes,25.0,No,Facing Traffic,C: Possible Injury,Male,None - Rural Crash,Dare,No,Saturday,Head-On,8.0,September,Head-On - Bicyclist,2013,30.0,No,O: No Injury,Male,Sport Utility,No,35.90659019,-75.77476319,Dry,50 - 55  MPH,Human Control,Clear,No,0,0,9
Yes,43.0,No,With Traffic,B: Suspected Minor Injury,Male,Charlotte,Mecklenburg,No,Sunday,Parallel Paths - Other Circumstances,18.0,September,Motorist Turn / Merge - Other / Unknown,2013,35.0,No,O: No Injury,Male,Pickup,No,35.1626331,-80.97012862,Dry,40 - 45  MPH,No Control Present,Clear,No,0,0,9
Yes,20.0,Unknown,With Traffic,B: Suspected Minor Injury,Female,None - Rural Crash,Wake,No,Friday,Motorist Overtaking Bicyclist,23.0,September,Motorist Overtaking - Other / Unknown,2013,42.03850604944766,Unknown,Unknown Injury,Unknown,Sport Utility,Yes,35.814954,-78.308429,Dry,40 - 45  MPH,"Double Yellow Line, No Passing Zone",Clear,No,1,0,9
Yes,14.0,No,Facing Traffic,B: Suspected Minor Injury,Male,Morrisville,Wake,No,Monday,Crossing Paths - Other Circumstances,15.0,September,Sign-Controlled Intersection - Other / Unknown,2013,22.0,No,O: No Injury,Female,Passenger Car,No,35.81241603,-78.81838447,Dry,5 - 15 MPH,Stop Sign,Clear,No,0,0,9
Yes,20.0,Yes,Facing Traffic,B: Suspected Minor Injury,Female,None - Rural Crash,Wayne,Yes,Sunday,Head-On,2.0,September,Head-On - Bicyclist,2013,25.0,No,O: No Injury,Male,Pickup,No,35.18618847,-77.97572898,Wet,50 - 55  MPH,No Control Present,Rain,No,0,0,9
Yes,44.0,No,With Traffic,B: Suspected Minor Injury,Male,Charlotte,Mecklenburg,No,Sunday,Motorist Failed to Yield - Sign-Controlled Intersection,9.0,September,Motorist Drive Through - Sign-Controlled Intersection,2013,50.0,No,O: No Injury,Male,Passenger Car,No,35.18830984,-80.83939723,Dry,5 - 15 MPH,Stop Sign,Clear,No,0,0,9
Yes,28.0,No,With Traffic,C: Possible Injury,Male,Greensboro,Guilford,No,Monday,Motorist Overtaking Bicyclist,10.0,September,Motorist Overtaking - Misjudged Space,2013,88.0,No,O: No Injury,Female,Passenger Car,No,36.08912428,-79.80978884,Dry,30 - 35  MPH,No Control Present,Clear,No,0,0,9
Yes,30.0,No,With Traffic,C: Possible Injury,Female,Elizabeth City,Pasquotank,No,Friday,Bicyclist Failed to Yield - Signalized Intersection,22.0,September,Bicyclist Ride Through - Signalized Intersection,2013,50.0,No,O: No Injury,Female,Passenger Car,No,36.29493441,-76.23868767,Dry,30 - 35  MPH,Stop And Go Signal,Clear,No,0,0,9
Yes,30.0,No,With Traffic,B: Suspected Minor Injury,Male,None - Rural Crash,Mecklenburg,No,Sunday,Motorist Left Turn / Merge,11.0,September,Motorist Left Turn - Opposite Direction,2013,21.0,No,O: No Injury,Male,Passenger Car,No,35.23292708,-80.84379451,Dry,30 - 35  MPH,Stop And Go Signal,Clear,No,0,0,9
Yes,10.0,No,Not Applicable,C: Possible Injury,Male,High Point,Guilford,No,Sunday,Bicyclist Failed to Yield - Midblock,18.0,August,Bicyclist Ride Out - Residential Driveway,2013,35.0,No,O: No Injury,Female,Passenger Car,No,35.95741497,-79.98928048,Dry,30 - 35  MPH,No Control Present,Clear,No,0,0,8
Yes,64.0,No,With Traffic,C: Possible Injury,Male,Cary,Wake,No,Sunday,Motorist Right Turn / Merge,8.0,September,Motorist Right Turn - Same Direction,2013,46.0,No,O: No Injury,Female,Passenger Car,No,35.79198288,-78.78511867,Dry,20 - 25  MPH,No Control Present,Clear,No,0,0,9
No,65.0,No,Facing Traffic,C: Possible Injury,Male,None - Rural Crash,Wake,No,Monday,Motorist Failed to Yield - Sign-Controlled Intersection,14.0,September,Motorist Drive Out - Sign-Controlled Intersection,2013,32.0,No,O: No Injury,Female,Van,No,35.91670672,-78.59418225,Dry,40 - 45  MPH,Stop And Go Signal,Clear,No,0,0,9
Yes,13.0,No,Not Applicable,B: Suspected Minor Injury,Male,Asheville,Buncombe,No,Wednesday,Non-Roadway,8.0,August,Non-Roadway,2013,17.0,No,O: No Injury,Male,Passenger Car,No,35.57040143,-82.51880406,Dry,Unknown,No Control Present,Clear,No,0,0,8
No,38.0,No,With Traffic,O: No Injury,Male,Hendersonville,Henderson,No,Tuesday,Backing Vehicle,17.0,September,Backing Vehicle,2013,46.0,No,O: No Injury,Female,Passenger Car,Yes,35.31696638,-82.46635522,Dry,20 - 25  MPH,Stop And Go Signal,Clear,No,0,0,9
No,27.0,No,With Traffic,C: Possible Injury,Male,Asheville,Buncombe,No,Wednesday,Loss of Control / Turning Error,18.0,August,Motorist Turning Error - Right Turn,2013,61.0,No,O: No Injury,Female,Passenger Car,No,35.57965342,-82.5533514,Dry,40 - 45  MPH,Stop Sign,Clear,No,0,0,8
Yes,47.0,No,Facing Traffic,B: Suspected Minor Injury,Male,High Point,Guilford,No,Wednesday,Head-On,20.0,August,Head-On - Bicyclist,2013,42.03850604944766,Unknown,Unknown Injury,Unknown,Unknown,Yes,35.95233627,-79.97871988,Dry,30 - 35  MPH,No Control Present,Clear,No,1,0,8
No,40.0,No,Unknown,B: Suspected Minor Injury,Male,Whiteville,Columbus,No,Wednesday,Parallel Paths - Other Circumstances,22.0,September,Parallel Paths - Other / Unknown,2013,42.03850604944766,Unknown,O: No Injury,Male,Passenger Car,No,34.339015,-78.69126,Wet,40 - 45  MPH,No Control Present,Cloudy,No,1,0,9
No,57.0,No,With Traffic,C: Possible Injury,Male,Beaufort,Carteret,No,Tuesday,Motorist Overtaking Bicyclist,7.0,September,Motorist Overtaking - Undetected Bicyclist,2013,39.0,No,O: No Injury,Female,Passenger Car,No,34.72616542,-76.65442062,Dry,30 - 35  MPH,No Control Present,Clear,No,0,0,9
No,57.0,Unknown,With Traffic,Unknown Injury,Male,Salisbury,Rowan,No,Thursday,Bicyclist Failed to Yield - Sign-Controlled Intersection,16.0,September,Bicyclist Ride Through - Sign-Controlled Intersection,2013,43.0,No,O: No Injury,Female,Sport Utility,No,35.66627638,-80.46015257,Dry,30 - 35  MPH,Stop Sign,Clear,No,0,0,9
Yes,41.0,Yes,With Traffic,K: Killed,Male,None - Rural Crash,Orange,Yes,Thursday,Motorist Overtaking Bicyclist,23.0,September,Motorist Overtaking - Other / Unknown,2013,42.03850604944766,Unknown,Unknown Injury,Unknown,Unknown,Yes,35.8709313,-79.06863034,Dry,40 - 45  MPH,No Control Present,Clear,No,1,0,9
Yes,20.0,No,Facing Traffic,K: Killed,Male,None - Rural Crash,Guilford,No,Tuesday,Head-On,4.0,September,Head-On - Bicyclist,2013,62.0,No,O: No Injury,Male,Tractor/Semi-Trailer,No,36.13852996,-79.96786406,Dry,50 - 55  MPH,No Control Present,Clear,No,0,0,9
Yes,50.0,No,With Traffic,C: Possible Injury,Male,Apex,Wake,No,Friday,Bicyclist Left Turn / Merge,14.0,September,Bicyclist Left Turn - Same Direction,2013,23.0,No,O: No Injury,Male,Passenger Car,No,35.69123988,-78.83388921,Dry,40 - 45  MPH,No Control Present,Clear,No,0,0,9
No,56.0,No,Facing Traffic,O: No Injury,Female,None - Rural Crash,Onslow,No,Thursday,Motorist Failed to Yield - Sign-Controlled Intersection,12.0,September,Motorist Drive Out - Sign-Controlled Intersection,2013,55.0,No,O: No Injury,Female,Sport Utility,No,34.80781295,-77.4496801,Dry,30 - 35  MPH,Stop Sign,Clear,No,0,0,9
No,53.0,No,Facing Traffic,B: Suspected Minor Injury,Male,Kinston,Lenoir,No,Saturday,Head-On,15.0,September,Head-On - Bicyclist,2013,42.03850604944766,Missing,Unknown Injury,Unknown,Passenger Car,Yes,35.25599172,-77.57111693,Dry,20 - 25  MPH,No Control Present,Clear,No,1,0,9
No,34.0,No,With Traffic,B: Suspected Minor Injury,Male,None - Rural Crash,Alamance,No,Saturday,Motorist Failed to Yield - Sign-Controlled Intersection,7.0,September,Motorist Drive Out - Sign-Controlled Intersection,2013,35.0,No,O: No Injury,Male,Pickup,No,36.16826975,-79.51369975,Dry,50 - 55  MPH,Stop Sign,Clear,No,0,0,9
Yes,32.52649525389365,Unknown,With Traffic,Unknown Injury,Unknown,None - Rural Crash,Rowan,No,Friday,Parallel Paths - Other Circumstances,10.0,September,Parallel Paths - Other / Unknown,2013,53.0,No,A: Suspected Serious Injury,Male,Pedestrian,Yes,35.54210195,-80.69575115,Dry,Unknown,"Double Yellow Line, No Passing Zone",Clear,No,0,1,9
Yes,49.0,No,With Traffic,K: Killed,Male,Wilmington,New Hanover,No,Thursday,Motorist Overtaking Bicyclist,11.0,August,Motorist Overtaking - Other / Unknown,2013,59.0,No,O: No Injury,Female,Sport Utility,No,34.21678283,-77.94205173,Dry,30 - 35  MPH,Stop Sign,Clear,No,0,0,8
Yes,17.0,No,With Traffic,A: Suspected Serious Injury,Male,Raleigh,Wake,No,Friday,Motorist Left Turn / Merge,21.0,September,Motorist Left Turn - Opposite Direction,2013,25.0,No,O: No Injury,Male,Passenger Car,No,35.83547383,-78.59670696,Dry,20 - 25  MPH,No Control Present,Clear,No,0,0,9
No,49.0,No,With Traffic,C: Possible Injury,Male,Winston-Salem,Forsyth,No,Thursday,Motorist Right Turn / Merge,8.0,August,Motorist Right Turn - Same Direction,2013,25.0,No,O: No Injury,Female,Passenger Car,No,36.08118922,-80.3391382,Dry,30 - 35  MPH,No Control Present,Clear,No,0,0,8
Yes,36.0,No,With Traffic,B: Suspected Minor Injury,Male,Wilmington,New Hanover,No,Tuesday,Motorist Failed to Yield - Signalized Intersection,7.0,August,Motorist Drive Through - Signalized Intersection,2013,27.0,No,O: No Injury,Male,Van,No,34.22444087,-77.94191004,Dry,30 - 35  MPH,Stop And Go Signal,Clear,No,0,0,8
No,9.0,No,With Traffic,C: Possible Injury,Female,None - Rural Crash,New Hanover,No,Sunday,Bicyclist Overtaking Motorist,20.0,September,Bicyclist Overtaking - Parked Vehicle,2013,61.0,No,O: No Injury,Female,Passenger Car,No,34.15670917,-77.89388608,Dry,20 - 25  MPH,No Control Present,Clear,No,0,0,9
No,57.0,No,Facing Traffic,O: No Injury,Male,Fayetteville,Cumberland,No,Saturday,Motorist Failed to Yield - Midblock,8.0,August,Motorist Drive Out - Commercial Driveway / Alley,2013,49.0,No,O: No Injury,Female,Passenger Car,No,35.08648326,-78.9781524,Dry,20 - 25  MPH,No Control Present,Clear,No,0,0,8
Yes,26.0,No,With Traffic,C: Possible Injury,Male,Greensboro,Guilford,No,Monday,Motorist Failed to Yield - Signalized Intersection,17.0,September,Motorist Drive Out - Right Turn on Red,2013,54.0,No,O: No Injury,Female,Passenger Car,No,36.08130823,-79.82833419,Dry,30 - 35  MPH,Stop And Go Signal,Clear,No,0,0,9
Yes,57.0,No,Facing Traffic,C: Possible Injury,Female,Salisbury,Rowan,No,Tuesday,Crossing Paths - Other Circumstances,8.0,October,Sign-Controlled Intersection - Other / Unknown,2013,46.0,No,O: No Injury,Female,Van,No,35.66372866,-80.46771082,Dry,20 - 25  MPH,Stop Sign,Clear,No,0,0,10
Yes,28.0,No,Facing Traffic,C: Possible Injury,Male,Raleigh,Wake,No,Monday,Motorist Failed to Yield - Sign-Controlled Intersection,7.0,September,Motorist Drive Out - Sign-Controlled Intersection,2013,23.0,No,O: No Injury,Male,Passenger Car,No,35.74292163,-78.68331686,Dry,40 - 45  MPH,Stop Sign,Cloudy,No,0,0,9
Yes,37.0,No,With Traffic,B: Suspected Minor Injury,Female,Charlotte,Mecklenburg,No,Monday,Motorist Right Turn / Merge,16.0,September,Motorist Right Turn - Same Direction,2013,42.0,No,O: No Injury,Female,Passenger Car,No,35.29657481,-80.74124882,Dry,40 - 45  MPH,Stop And Go Signal,Clear,No,0,0,9
No,32.52649525389365,No,Not Applicable,O: No Injury,Female,Fayetteville,Cumberland,No,Wednesday,Crossing Paths - Other Circumstances,17.0,September,Signalized Intersection - Other / Unknown,2013,27.0,No,O: No Injury,Female,Sport Utility,No,35.02140138,-78.89478603,Dry,40 - 45  MPH,Stop And Go Signal,Clear,No,0,1,9
Yes,38.0,No,With Traffic,B: Suspected Minor Injury,Female,None - Rural Crash,Onslow,No,Sunday,Motorist Left Turn / Merge,15.0,September,Motorist Left Turn - Opposite Direction,2013,25.0,No,O: No Injury,Male,Pickup,No,34.66032448,-77.18762961,Dry,40 - 45  MPH,No Control Present,Clear,No,0,0,9
No,19.0,No,Not Applicable,C: Possible Injury,Male,Chapel Hill,Orange,No,Friday,Bicyclist Failed to Yield - Midblock,15.0,September,Bicyclist Ride Out - Midblock - Unknown,2013,67.0,No,O: No Injury,Female,Passenger Car,No,35.94212201,-79.01786166,Dry,40 - 45  MPH,No Control Present,Clear,No,0,0,9
Yes,58.0,No,Not Applicable,C: Possible Injury,Male,Charlotte,Mecklenburg,No,Wednesday,Crossing Paths - Other Circumstances,6.0,October,Sign-Controlled Intersection - Other / Unknown,2013,54.0,No,O: No Injury,Female,Passenger Car,No,35.14748544,-80.92996259,Dry,40 - 45  MPH,Stop Sign,Clear,No,0,0,10
Yes,63.0,No,With Traffic,K: Killed,Male,None - Rural Crash,Guilford,No,Monday,Bicyclist Left Turn / Merge,19.0,September,Bicyclist Left Turn - Same Direction,2013,33.0,No,O: No Injury,Male,Van,No,36.15523066,-79.56824414,Dry,50 - 55  MPH,"Double Yellow Line, No Passing Zone",Clear,No,0,0,9
No,30.0,No,With Traffic,B: Suspected Minor Injury,Male,Winston-Salem,Forsyth,No,Wednesday,Motorist Left Turn / Merge,12.0,August,Motorist Left Turn - Opposite Direction,2013,77.0,No,O: No Injury,Male,Passenger Car,No,36.06953744,-80.23887369,Dry,30 - 35  MPH,Stop And Go Signal,Clear,No,0,0,8
No,73.0,No,Facing Traffic,O: No Injury,Male,Salisbury,Rowan,No,Thursday,Motorist Failed to Yield - Midblock,12.0,October,Motorist Drive Out - Commercial Driveway / Alley,2013,68.0,No,O: No Injury,Female,Passenger Car,No,35.68280394,-80.48228675,Dry,30 - 35  MPH,No Control Present,Clear,No,0,0,10