AmbulanceR,BikeAge,BikeAlcFlg,BikeDir,BikeInjury,BikeSex,City,County,CrashAlcoh,CrashDay,CrashGrp,CrashHour,CrashMonth,CrashType,CrashYear,DrvrAge,DrvrAlcFlg,DrvrInjury,DrvrSex,DrvrVehTyp,HitRun,Latitude,Longitude,RdConditio,SpeedLimit,TraffCntrl,Weather,Workzone,DrvrAgeImputedFlag,BikeAgeImputedFlag,MonthCode
Yes,42.0,No,Facing Traffic,C: Possible Injury,Male,Charlotte,Mecklenburg,No,Monday,Motorist Failed to Yield - Midblock,19.0,September,Motorist Drive Out - Commercial Driveway / Alley,2013,40.0,No,O: No Injury,Male,Sport Utility,No,35.22428006,-80.88706791,Dry,40 - 45  MPH,No Control Present,Clear,No,0,0,9
Yes,50.0,No,With Traffic,B: Suspected Minor Injury,Male,Charlotte,Mecklenburg,No,Friday,Motorist Left Turn / Merge,17.0,October,Motorist Left Turn - Opposite Direction,2013,89.0,No,O: No Injury,Male,Passenger Car,No,35.19961076,-80.84154807,Dry,30 - 35  MPH,No Control Present,Clear,No,0,0,10
Yes,43.0,Yes,With Traffic,A: Suspected Serious Injury,Male,None - Rural Crash,Lee,Yes,Saturday,Bicyclist Left Turn / Merge,18.0,October,Bicyclist Left Turn - Same Direction,2013,42.0,Yes,O: No Injury,Male,Pickup,Yes,35.4556404,-79.29251964,Dry,50 - 55  MPH,No Control Present,Clear,No,0,0,10
No,32.0,No,Not Applicable,O: No Injury,Male,Durham,Durham,No,Sunday,Non-Roadway,11.0,October,Non-Roadway,2013,46.0,No,O: No Injury,Male,Passenger Car,No,36.03256896,-78.90276899,Dry,5 - 15 MPH,No Control Present,Clear,No,0,0,10
Yes,42.0,No,With Traffic,C: Possible Injury,Male,None - Rural Crash,Edgecombe,No,Sunday,Bicyclist Left Turn / Merge,14.0,October,Bicyclist Left Turn - Same Direction,2013,49.0,No,O: No Injury,Female,Passenger Car,No,35.96494485,-77.63610411,Dry,50 - 55  MPH,No Control Present,Cloudy,No,0,0,10
Yes,48.0,No,With Traffic,B: Suspected Minor Injury,Male,Durham,Durham,No,Sunday,Motorist Right Turn / Merge,20.0,October,Motorist Right Turn - Same Direction,2013,42.03850604944766,Missing,Unknown Injury,Unknown,Passenger Car,Yes,35.99196999,-78.86568749,Dry,30 - 35  MPH,Stop And Go Signal,Clear,No,1,0,10
Yes,53.0,Yes,Not Applicable,C: Possible Injury,Male,Raleigh,Wake,Yes,Tuesday,Bicyclist Failed to Yield - Midblock,20.0,October,Bicyclist Ride Out - Commercial Driveway / Alley,2013,20.0,No,O: No Injury,Male,Passenger Car,No,35.78006679,-78.62219871,Dry,30 - 35  MPH,Stop And Go Signal,Clear,No,0,0,10
Yes,20.0,No,Facing Traffic,C: Possible Injury,Male,Morehead City,Carteret,No,Thursday,Motorist Failed to Yield - Signalized Intersection,8.0,September,Motorist Drive Out - Signalized Intersection,2013,54.0,No,O: No Injury,Female,Sport Utility,No,34.73851059,-76.80768506,Dry,40 - 45  MPH,Stop And Go Signal,Clear,No,0,0,9
Yes,29.0,No,With Traffic,C: Possible Injury,Female,Raleigh,Wake,No,Monday,Motorist Left Turn / Merge,18.0,September,Motorist Left Turn - Opposite Direction,2013,37.0,No,O: No Injury,Male,Passenger Car,No,35.78360579,-78.68826175,Dry,20 - 25  MPH,Stop Sign,Clear,No,0,0,9
Yes,29.0,No,With Traffic,B: Suspected Minor Injury,Female,Raleigh,Wake,No,Friday,Motorist Overtaking Bicyclist,7.0,October,Motorist Overtaking - Other / Unknown,2013,23.0,No,O: No Injury,Female,Passenger Car,No,35.78697702,-78.73302559,Dry,40 - 45  MPH,No Control Present,Clear,No,0,0,10
No,35.0,No,Not Applicable,B: Suspected Minor Injury,Male,Charlotte,Mecklenburg,No,Thursday,Bicyclist Failed to Yield - Signalized Intersection,17.0,September,Bicyclist Ride Through - Signalized Intersection,2013,27.0,No,O: No Injury,Male,Passenger Car,No,35.23884456,-80.83637011,Dry,30 - 35  MPH,Stop And Go Signal,Clear,No,0,0,9
No,37.0,Yes,Facing Traffic,K: Killed,Male,Raleigh,Wake,Yes,Wednesday,Bicyclist Failed to Yield - Signalized Intersection,23.0,September,Bicyclist Ride Through - Signalized Intersection,2013,52.0,No,O: No Injury,Male,Other Bus,No,35.77557563,-78.63831772,Dry,30 - 35  MPH,Stop And Go Signal,Clear,No,0,0,9
Yes,33.0,No,With Traffic,B: Suspected Minor Injury,Female,Stanfield,Stanly,Yes,Tuesday,Motorist Overtaking Bicyclist,19.0,September,Motorist Overtaking - Other / Unknown,2013,33.0,Yes,O: No Injury,Male,Unknown,Yes,35.23338044,-80.4349836,Dry,30 - 35  MPH,No Control Present,Clear,No,0,0,9
Yes,53.0,No,Facing Traffic,C: Possible Injury,Male,Jacksonville,Onslow,No,Friday,Motorist Failed to Yield - Sign-Controlled Intersection,10.0,September,Motorist Drive Out - Sign-Controlled Intersection,2013,20.0,No,O: No Injury,Female,Passenger Car,No,34.76897654,-77.38528758,Dry,40 - 45  MPH,No Control Present,Clear,No,0,0,9
No,53.0,No,Facing Traffic,C: Possible Injury,Male,Charlotte,Mecklenburg,No,Tuesday,Motorist Failed to Yield - Signalized Intersection,15.0,October,Motorist Drive Out - Right Turn on Red,2013,55.0,No,O: No Injury,Female,Passenger Car,No,35.25289403,-80.80827711,Dry,40 - 45  MPH,Stop And Go Signal,Cloudy,No,0,0,10
Yes,49.0,No,With Traffic,B: Suspected Minor Injury,Male,None - Rural Crash,Orange,No,Friday,Motorist Left Turn / Merge,17.0,September,Motorist Left Turn - Opposite Direction,2013,24.0,No,O: No Injury,Male,Sport Utility,No,36.05199255,-79.05924867,Dry,30 - 35  MPH,"Double Yellow Line, No Passing Zone",Clear,No,0,0,9
Yes,60.0,No,With Traffic,C: Possible Injury,Male,Rocky Mount,Edgecombe,No,Wednesday,Motorist Overtaking Bicyclist,8.0,September,Motorist Overtaking - Other / Unknown,2013,19.0,No,O: No Injury,Female,Passenger Car,No,35.93988611,-77.79350967,Dry,30 - 35  MPH,No Control Present,Clear,No,0,0,9
Yes,14.0,No,Not Applicable,B: Suspected Minor Injury,Male,Granite Falls,Caldwell,No,Friday,Bicyclist Failed to Yield - Midblock,16.0,August,Bicyclist Ride Out - Commercial Driveway / Alley,2013,51.0,No,O: No Injury,Female,Passenger Car,No,35.81143324,-81.43372517,Dry,30 - 35  MPH,No Control Present,Clear,No,0,0,8
No,53.0,No,With Traffic,Unknown Injury,Male,Spencer,Rowan,No,Sunday,Motorist Failed to Yield - Sign-Controlled Intersection,12.0,September,Motorist Drive Out - Sign-Controlled Intersection,2013,80.0,No,O: No Injury,Female,Passenger Car,No,35.69276967,-80.42571938,Dry,30 - 35  MPH,No Control Present,Clear,No,0,0,9
Yes,31.0,Yes,Not Applicable,B: Suspected Minor Injury,Male,Sanford,Lee,Yes,Wednesday,Bicyclist Failed to Yield - Midblock,20.0,September,Bicyclist Ride Out - Other Midblock,2013,44.0,No,O: No Injury,Female,Passenger Car,No,35.43905929,-79.21754626,Dry,40 - 45  MPH,No Control Present,Clear,No,0,0,9
Yes,10.0,No,Not Applicable,O: No Injury,Male,Charlotte,Mecklenburg,No,Wednesday,Motorist Left Turn / Merge,7.0,September,Motorist Left Turn - Opposite Direction,2013,26.0,No,O: No Injury,Female,Passenger Car,No,35.20240542,-80.82490891,Wet,30 - 35  MPH,Stop And Go Signal,Clear,No,0,0,9
Yes,41.0,No,With Traffic,B: Suspected Minor Injury,Male,Morrisville,Wake,No,Thursday,Bicyclist Failed to Yield - Signalized Intersection,7.0,September,Bicyclist Ride Through - Signalized Intersection,2013,50.0,No,O: No Injury,Male,Single Unit Truck (3 Or More Axles),No,35.833047,-78.814527,Dry,40 - 45  MPH,Stop And Go Signal,Clear,No,0,0,9
Yes,15.0,No,With Traffic,C: Possible Injury,Male,None - Rural Crash,Alamance,No,Friday,Bicyclist Failed to Yield - Sign-Controlled Intersection,7.0,September,Bicyclist Ride Through - Sign-Controlled Intersection,2013,53.0,No,O: No Injury,Male,"Single Unit Truck (2-Axle, 6-Tire)",No,36.12508285,-79.46185164,Dry,40 - 45  MPH,Stop Sign,Clear,No,0,0,9
Yes,44.0,No,With Traffic,B: Suspected Minor Injury,Male,Charlotte,Mecklenburg,No,Thursday,Motorist Right Turn / Merge,16.0,October,Motorist Right Turn - Same Direction,2013,16.0,No,O: No Injury,Female,Passenger Car,No,35.12526637,-80.8333457,Dry,30 - 35  MPH,No Control Present,Cloudy,No,0,0,10
Yes,58.0,Yes,With Traffic,K: Killed,Male,None - Rural Crash,Rockingham,Yes,Thursday,Bicyclist Failed to Yield - Sign-Controlled Intersection,19.0,October,Bicyclist Ride Through - Sign-Controlled Intersection,2013,41.0,No,B: Suspected Minor Injury,Male,Sport Utility,No,36.24987422,-79.66333268,Dry,50 - 55  MPH,Stop Sign,Clear,No,0,0,10
No,35.0,No,With Traffic,O: No Injury,Male,Wrightsville Beach,New Hanover,No,Tuesday,Bicyclist Failed to Yield - Signalized Intersection,13.0,October,Bicyclist Ride Through - Signalized Intersection,2013,30.0,No,O: No Injury,Male,Police,No,34.21497586,-77.79067548,Wet,20 - 25  MPH,Stop And Go Signal,Rain,No,0,0,10
No,62.0,No,With Traffic,C: Possible Injury,Female,None - Rural Crash,Wake,No,Thursday,Motorist Overtaking Bicyclist,19.0,September,Motorist Overtaking - Other / Unknown,2013,42.03850604944766,Missing,Unknown Injury,Unknown,Passenger Car,Yes,35.570761,-78.771419,Dry,40 - 45  MPH,"Double Yellow Line, No Passing Zone",Cloudy,No,1,0,9
No,23.0,No,Facing Traffic,C: Possible Injury,Female,Raleigh,Wake,No,Friday,Motorist Failed to Yield - Sign-Controlled Intersection,12.0,September,Motorist Drive Out - Sign-Controlled Intersection,2013,18.0,No,O: No Injury,Male,Sport Utility,No,35.778214,-78.677467,Dry,5 - 15 MPH,Stop Sign,Cloudy,No,0,0,9
Yes,53.0,No,With Traffic,B: Suspected Minor Injury,Female,None - Rural Crash,Wake,No,Saturday,Motorist Overtaking Bicyclist,8.0,October,Motorist Overtaking - Other / Unknown,2013,69.0,No,O: No Injury,Male,Passenger Car,No,35.733383,-78.724144,Dry,40 - 45  MPH,"Double Yellow Line, No Passing Zone",Cloudy,No,0,0,10
Yes,21.0,No,Not Applicable,C: Possible Injury,Male,Wilmington,New Hanover,No,Thursday,Non-Roadway,15.0,October,Non-Roadway,2013,49.0,No,O: No Injury,Male,Passenger Car,No,34.242819,-77.887569,Dry,5 - 15 MPH,No Control Present,Clear,No,0,0,10
No,57.0,No,Not Applicable,C: Possible Injury,Male,Charlotte,Mecklenburg,No,Tuesday,Non-Roadway,17.0,October,Non-Roadway,2013,49.0,No,O: No Injury,Male,Passenger Car,No,35.21022337,-80.90933241,Dry,Unknown,No Control Present,Clear,No,0,0,10
No,30.0,Yes,With Traffic,C: Possible Injury,Male,Winston-Salem,Forsyth,Yes,Sunday,Bicyclist Overtaking Motorist,3.0,August,Bicyclist Overtaking - Parked Vehicle,2013,42.03850604944766,Missing,Unknown Injury,Unknown,Sport Utility,No,36.09628305,-80.25654938,Dry,30 - 35  MPH,No Control Present,Clear,No,1,0,8
Yes,32.0,No,With Traffic,A: Suspected Serious Injury,Female,Charlotte,Mecklenburg,No,Tuesday,Bicyclist Failed to Yield - Sign-Controlled Intersection,19.0,October,Bicyclist Ride Through - Sign-Controlled Intersection,2013,37.0,No,O: No Injury,Female,Passenger Car,No,35.23326216,-80.82132726,Dry,20 - 25  MPH,Stop Sign,Clear,No,0,0,10
Yes,31.0,No,With Traffic,O: No Injury,Male,Raleigh,Wake,No,Saturday,Motorist Left Turn / Merge,9.0,October,Motorist Left Turn - Opposite Direction,2013,33.0,No,O: No Injury,Female,Passenger Car,No,35.78532077,-78.66052166,Dry,30 - 35  MPH,Stop And Go Signal,Cloudy,No,0,0,10
No,18.0,No,With Traffic,B: Suspected Minor Injury,Male,High Point,Guilford,No,Tuesday,Motorist Failed to Yield - Signalized Intersection,21.0,September,Motorist Drive Out - Signalized Intersection,2013,42.03850604944766,Missing,Unknown Injury,Unknown,Passenger Car,Yes,35.96644722,-79.9777646,Dry,30 - 35  MPH,Stop And Go Signal,Clear,No,1,0,9
No,19.0,No,With Traffic,B: Suspected Minor Injury,Male,Wilmington,New Hanover,No,Friday,Motorist Right Turn / Merge,11.0,September,Motorist Right Turn - Same Direction,2013,69.0,No,O: No Injury,Female,Passenger Car,No,34.21982282,-77.88665224,Dry,40 - 45  MPH,Stop And Go Signal,Cloudy,No,0,0,9
Yes,11.0,No,Not Applicable,B: Suspected Minor Injury,Male,None - Rural Crash,Lee,Yes,Wednesday,Crossing Paths - Other Circumstances,19.0,October,Crossing Paths - Uncontrolled Intersection,2013,49.0,Yes,O: No Injury,Male,Pickup,No,35.35479611,-79.16196435,Dry,50 - 55  MPH,"Double Yellow Line, No Passing Zone",Cloudy,No,0,0,10
Yes,22.0,No,With Traffic,C: Possible Injury,Male,Wilmington,New Hanover,No,Wednesday,Motorist Left Turn / Merge,19.0,October,Motorist Left Turn - Opposite Direction,2013,57.0,No,O: No Injury,Male,Passenger Car,No,34.24348098,-77.91991002,Dry,30 - 35  MPH,Stop And Go Signal,Clear,No,0,0,10
No,48.0,No,With Traffic,C: Possible Injury,Male,Kinston,Lenoir,No,Thursday,Motorist Overtaking Bicyclist,9.0,October,Motorist Overtaking - Other / Unknown,2013,42.03850604944766,Missing,Unknown Injury,Unknown,Passenger Car,Yes,35.26208064,-77.58118729,Dry,20 - 25  MPH,Stop And Go Signal,Clear,No,1,0,10
No,49.0,No,Facing Traffic,O: No Injury,Male,Elizabeth City,Pasquotank,No,Tuesday,Parallel Paths - Other Circumstances,13.0,October,Parallel Paths - Other / Unknown,2013,49.0,No,O: No Injury,Male,Passenger Car,No,36.28565592,-76.23175298,Dry,20 - 25  MPH,No Control Present,Cloudy,No,0,0,10
Yes,18.0,Yes,With Traffic,B: Suspected Minor Injury,Female,Knightdale,Wake,Yes,Friday,Bicyclist Failed to Yield - Signalized Intersection,23.0,October,Bicyclist Failed to Clear - Unknown,2013,23.0,No,O: No Injury,Male,Passenger Car,No,35.798416,-78.487345,Dry,40 - 45  MPH,Stop And Go Signal,Cloudy,No,0,0,10
Yes,53.0,Yes,With Traffic,B: Suspected Minor Injury,Male,None - Rural Crash,Edgecombe,Yes,Tuesday,Motorist Overtaking Bicyclist,19.0,October,Motorist Overtaking - Undetected Bicyclist,2013,64.0,No,O: No Injury,Female,Sport Utility,No,35.85537923,-77.79493747,Dry,40 - 45  MPH,"Double Yellow Line, No Passing Zone",Cloudy,No,0,0,10
Yes,10.0,No,Not Applicable,C: Possible Injury,Male,Brevard,Transylvania,No,Tuesday,Non-Roadway,9.0,March,Non-Roadway,2013,80.0,No,O: No Injury,Female,Passenger Car,No,35.22533765,-82.72429506,Dry,30 - 35  MPH,No Control Present,Clear,No,0,0,3
Yes,22.0,No,Facing Traffic,B: Suspected Minor Injury,Male,Fayetteville,Cumberland,No,Friday,Motorist Failed to Yield - Midblock,12.0,September,Motorist Drive Out - Commercial Driveway / Alley,2013,64.0,No,O: No Injury,Female,Sport Utility,No,35.0551082,-78.87753209,Dry,5 - 15 MPH,No Control Present,Clear,No,0,0,9
Yes,53.0,No,Facing Traffic,B: Suspected Minor Injury,Male,Wilmington,New Hanover,No,Friday,Motorist Failed to Yield - Midblock,14.0,September,Motorist Drive Out - Commercial Driveway / Alley,2013,21.0,No,O: No Injury,Male,Passenger Car,No,34.24380603,-77.8830381,Dry,Unknown,No Control Present,Cloudy,No,0,0,9
Yes,56.0,No,With Traffic,B: Suspected Minor Injury,Male,None - Rural Crash,Onslow,No,Friday,Motorist Left Turn / Merge,19.0,October,Motorist Left Turn - Opposite Direction,2013,23.0,No,O: No Injury,Female,Sport Utility,No,34.75563838,-77.47491177,Wet,40 - 45  MPH,No Control Present,Rain,No,0,0,10
Yes,58.0,No,With Traffic,B: Suspected Minor Injury,Male,None - Rural Crash,Wilkes,No,Saturday,Motorist Overtaking Bicyclist,16.0,October,Motorist Overtaking - Misjudged Space,2013,42.0,No,O: No Injury,Male,Pickup,No,36.32914948,-80.97229978,Wet,50 - 55  MPH,"Double Yellow Line, No Passing Zone",Cloudy,No,0,0,10
Yes,46.0,No,With Traffic,B: Suspected Minor Injury,Male,None - Rural Crash,Pender,No,Friday,Motorist Overtaking Bicyclist,7.0,October,Motorist Overtaking - Other / Unknown,2013,42.03850604944766,Unknown,Unknown Injury,Unknown,Sport Utility,Yes,34.51584257,-77.91537462,Dry,50 - 55  MPH,"Double Yellow Line, No Passing Zone",Clear,No,1,0,10
No,14.0,No,Facing Traffic,C: Possible Injury,Male,None - Rural Crash,Harnett,No,Thursday,Bicyclist Right Turn / Merge,17.0,October,Bicyclist Right Turn - Same Direction,2013,32.0,No,O: No Injury,Male,Pickup,No,35.27280533,-79.09010647,Wet,50 - 55  MPH,"Double Yellow Line, No Passing Zone",Rain,No,0,0,10
No,20.0,No,With Traffic,C: Possible Injury,Male,Spring Lake,Cumberland,No,Friday,Crossing Paths - Other Circumstances,18.0,September,Crossing Paths - Uncontrolled Intersection,2013,41.0,No,O: No Injury,Male,Pickup,No,35.17018243,-78.97175121,Dry,30 - 35  MPH,No Control Present,Clear,No,0,0,9
No,27.0,No,Facing Traffic,C: Possible Injury,Male,None - Rural Crash,Dare,No,Tuesday,Crossing Paths - Other Circumstances,10.0,October,Crossing Paths - Uncontrolled Intersection,2013,41.0,No,O: No Injury,Male,Sport Utility,No,35.59043322,-75.46832274,Dry,40 - 45  MPH,No Control Present,Clear,No,0,0,10
Yes,46.0,No,With Traffic,C: Possible Injury,Female,Greenville,Pitt,No,Sunday,Bicyclist Left Turn / Merge,18.0,October,Bicyclist Left Turn - Same Direction,2013,37.0,No,O: No Injury,Male,Sport Utility,No,35.58300116,-77.31180105,Dry,30 - 35  MPH,No Control Present,Clear,No,0,0,10
No,29.0,No,With Traffic,C: Possible Injury,Male,Raleigh,Wake,No,Friday,Motorist Left Turn / Merge,16.0,September,Motorist Left Turn - Opposite Direction,2013,20.0,Unknown,O: No Injury,Male,Sport Utility,No,35.78655528,-78.68103842,Dry,20 - 25  MPH,No Control Present,Clear,No,0,0,9
No,27.0,No,Facing Traffic,O: No Injury,Male,Raleigh,Wake,No,Wednesday,Motorist Failed to Yield - Signalized Intersection,20.0,October,Motorist Drive Out - Right Turn on Red,2013,42.03850604944766,Missing,Unknown Injury,Unknown,Unknown,Yes,35.78071679,-78.64906114,Dry,30 - 35  MPH,Stop And Go Signal,Clear,No,1,0,10
Yes,57.0,No,With Traffic,C: Possible Injury,Male,Lumberton,Robeson,No,Sunday,Bicyclist Failed to Yield - Signalized Intersection,15.0,October,Bicyclist Failed to Clear - Trapped,2013,69.0,No,O: No Injury,Male,Pickup,No,34.63400378,-79.00333748,Dry,40 - 45  MPH,Stop And Go Signal,Cloudy,No,0,0,10
No,21.0,No,Facing Traffic,C: Possible Injury,Male,Raleigh,Wake,No,Friday,Motorist Failed to Yield - Sign-Controlled Intersection,11.0,October,Motorist Drive Out - Sign-Controlled Intersection,2013,50.0,No,O: No Injury,Female,Passenger Car,No,35.76778187,-78.69561695,Dry,40 - 45  MPH,Stop Sign,Cloudy,No,0,0,10
No,36.0,No,With Traffic,C: Possible Injury,Female,Asheville,Buncombe,No,Thursday,Motorist Left Turn / Merge,21.0,September,Motorist Left Turn - Opposite Direction,2013,36.0,No,O: No Injury,Male,Passenger Car,No,35.58093662,-82.6172445,Dry,30 - 35  MPH,No Control Present,Clear,No,0,0,9
No,63.0,Unknown,With Traffic,Unknown Injury,Male,None - Rural Crash,Johnston,No,Wednesday,Motorist Overtaking Bicyclist,22.0,October,Motorist Overtaking - Undetected Bicyclist,2013,18.0,No,O: No Injury,Male,Sport Utility,No,35.69094692,-78.21905304,Dry,50 - 55  MPH,No Control Present,Clear,No,0,0,10
Yes,12.0,No,With Traffic,C: Possible Injury,Male,Hickory,Catawba,No,Thursday,Motorist Right Turn / Merge,16.0,September,Motorist Right Turn - Same Direction,2013,18.0,No,O: No Injury,Female,Passenger Car,No,35.77856291,-81.32542099,Dry,40 - 45  MPH,Stop Sign,Clear,No,0,0,9
Yes,29.0,No,With Traffic,C: Possible Injury,Male,Erwin,Harnett,No,Monday,Bicyclist Right Turn / Merge,14.0,October,Bicyclist Right Turn - Opposite Direction,2013,67.0,No,O: No Injury,Male,Pickup,No,35.32076864,-78.65640495,Wet,40 - 45  MPH,No Control Present,Rain,No,0,0,10
Yes,32.0,No,With Traffic,B: Suspected Minor Injury,Male,None - Rural Crash,Catawba,No,Tuesday,Motorist Overtaking Bicyclist,6.0,October,Motorist Overtaking - Other / Unknown,2013,42.03850604944766,Unknown,Unknown Injury,Unknown,Passenger Car,Yes,35.78565515,-81.22914178,Dry,40 - 45  MPH,"Double Yellow Line, No Passing Zone",Cloudy,No,1,0,10
No,23.0,No,With Traffic,C: Possible Injury,Male,Charlotte,Mecklenburg,No,Saturday,Motorist Overtaking Bicyclist,14.0,October,Motorist Overtaking - Other / Unknown,2013,42.03850604944766,Missing,Unknown Injury,Unknown,Unknown Heavy Truck,Yes,35.25806042,-80.79532179,Dry,40 - 45  MPH,Stop And Go Signal,Clear,No,1,0,10
No,27.0,No,With Traffic,B: Suspected Minor Injury,Male,Charlotte,Mecklenburg,No,Saturday,Bicyclist Left Turn / Merge,14.0,October,Bicyclist Left Turn - Same Direction,2013,23.0,No,O: No Injury,Female,Passenger Car,No,35.24666924,-80.90144515,Dry,30 - 35  MPH,No Control Present,Clear,No,0,0,10
Yes,58.0,No,Unknown,C: Possible Injury,Male,None - Rural Crash,Union,No,Tuesday,Parallel Paths - Other Circumstances,20.0,October,Parallel Paths - Other / Unknown,2013,43.0,No,O: No Injury,Female,Passenger Car,No,34.97890552,-80.38168278,Dry,50 - 55  MPH,No Control Present,Clear,No,0,0,10
Yes,15.0,No,With Traffic,B: Suspected Minor Injury,Male,Alliance,Pamlico,No,Sunday,Bicyclist Left Turn / Merge,20.0,October,Bicyclist Left Turn - Same Direction,2013,70.0,No,O: No Injury,Male,Sport Utility,No,35.14399182,-76.78754274,Dry,30 - 35  MPH,No Control Present,Clear,No,0,0,10
Yes,59.0,No,Facing Traffic,C: Possible Injury,Male,Wilmington,New Hanover,No,Friday,Bicyclist Failed to Yield - Signalized Intersection,14.0,September,Bicyclist Ride Through - Signalized Intersection,2013,48.0,No,O: No Injury,Female,Sport Utility,No,34.22570246,-77.92762849,Dry,30 - 35  MPH,Stop And Go Signal,Clear,No,0,0,9
No,28.0,No,Facing Traffic,B: Suspected Minor Injury,Male,Wilmington,New Hanover,No,Tuesday,Motorist Failed to Yield - Sign-Controlled Intersection,11.0,September,Motorist Drive Through - Sign-Controlled Intersection,2013,24.0,No,O: No Injury,Female,Passenger Car,No,34.21644095,-77.9464583,Dry,30 - 35  MPH,No Control Present,Clear,No,0,0,9
Yes,56.0,No,With Traffic,B: Suspected Minor Injury,Male,Raleigh,Wake,No,Sunday,Motorist Overtaking Bicyclist,7.0,October,Motorist Overtaking - Other / Unknown,2013,42.03850604944766,Missing,Unknown Injury,Unknown,Unknown,Yes,35.80819385,-78.60333705,Dry,40 - 45  MPH,No Control Present,Cloudy,No,1,0,10
Yes,53.0,No,With Traffic,C: Possible Injury,Male,Charlotte,Mecklenburg,No,Sunday,Parallel Paths - Other Circumstances,14.0,October,Parallel Paths - Other / Unknown,2013,42.03850604944766,Missing,Unknown Injury,Unknown,Unknown,Yes,35.24140347,-80.81287278,Dry,30 - 35  MPH,No Control Present,Clear,No,1,0,10
Yes,20.0,No,With Traffic,C: Possible Injury,Male,High Point,Guilford,No,Monday,Loss of Control / Turning Error,8.0,September,Bicyclist Lost Control - Mechanical Problems,2013,36.0,No,O: No Injury,Female,Passenger Car,No,35.9565231,-79.99842025,Dry,30 - 35  MPH,No Control Present,Clear,No,0,0,9
Yes,49.0,No,With Traffic,C: Possible Injury,Male,Lewisville,Forsyth,No,Tuesday,Motorist Failed to Yield - Sign-Controlled Intersection,7.0,October,Motorist Drive Through - Sign-Controlled Intersection,2013,63.0,No,O: No Injury,Female,Passenger Car,No,36.09271563,-80.40596672,Dry,30 - 35  MPH,Stop Sign,Clear,No,0,0,10
Yes,54.0,No,Facing Traffic,C: Possible Injury,Female,New Bern,Craven,No,Tuesday,Motorist Failed to Yield - Midblock,10.0,October,Motorist Drive Out - Commercial Driveway / Alley,2013,46.0,No,O: No Injury,Female,Passenger Car,No,35.12315861,-77.08423198,Dry,30 - 35  MPH,No Control Present,Clear,No,0,0,10
Yes,42.0,Unknown,Facing Traffic,C: Possible Injury,Male,Raleigh,Wake,No,Tuesday,Bicyclist Failed to Yield - Signalized Intersection,16.0,October,Bicyclist Ride Through - Signalized Intersection,2013,57.0,No,O: No Injury,Male,Pickup,No,35.81131707,-78.61084215,Dry,40 - 45  MPH,No Control Present,Clear,No,0,0,10
Yes,13.0,No,With Traffic,B: Suspected Minor Injury,Male,None - Rural Crash,Robeson,No,Saturday,Bicyclist Left Turn / Merge,19.0,October,Bicyclist Left Turn - Same Direction,2013,26.0,No,O: No Injury,Male,Van,No,34.81173683,-79.14418838,Dry,50 - 55  MPH,No Control Present,Clear,No,0,0,10
Yes,21.0,No,Facing Traffic,O: No Injury,Male,Raleigh,Wake,No,Wednesday,Bicyclist Failed to Yield - Signalized Intersection,12.0,October,Bicyclist Ride Through - Signalized Intersection,2013,51.0,No,O: No Injury,Male,"Light Truck (Mini-Van, Panel)",No,35.85627451,-78.65046958,Dry,30 - 35  MPH,Stop And Go Signal,Clear,No,0,0,10
No,61.0,No,With Traffic,B: Suspected Minor Injury,Male,None - Rural Crash,Orange,No,Friday,Motorist Overtaking Bicyclist,16.0,September,Motorist Overtaking - Other / Unknown,2013,43.0,Unknown,O: No Injury,Male,Sport Utility,No,36.00640439,-79.17239996,Dry,50 - 55  MPH,"Double Yellow Line, No Passing Zone",Clear,No,0,0,9
Yes,22.0,Yes,With Traffic,B: Suspected Minor Injury,Male,None - Rural Crash,Pitt,Yes,Monday,Motorist Overtaking Bicyclist,19.0,October,Motorist Overtaking - Undetected Bicyclist,2013,59.0,No,O: No Injury,Female,Passenger Car,No,35.70457205,-77.47876534,Dry,50 - 55  MPH,No Control Present,Clear,No,0,0,10
Yes,32.0,No,Facing Traffic,B: Suspected Minor Injury,Male,Raleigh,Wake,No,Saturday,Motorist Failed to Yield - Signalized Intersection,11.0,November,Motorist Drive Out - Right Turn on Red,2013,49.0,No,O: No Injury,Male,Van,No,35.81553998,-78.70505364,Dry,40 - 45  MPH,Stop And Go Signal,Clear,No,0,0,11
Yes,52.0,No,With Traffic,C: Possible Injury,Male,Charlotte,Mecklenburg,No,Monday,Motorist Overtaking Bicyclist,5.0,November,Motorist Overtaking - Undetected Bicyclist,2013,65.0,No,O: No Injury,Male,Passenger Car,No,35.27778503,-80.8980593,Dry,40 - 45  MPH,No Control Present,Clear,No,0,0,11
Yes,10.0,No,With Traffic,B: Suspected Minor Injury,Male,Raleigh,Wake,No,Saturday,Bicyclist Failed to Yield - Sign-Controlled Intersection,13.0,October,Bicyclist Ride Through - Sign-Controlled Intersection,2013,36.0,No,O: No Injury,Male,Van,No,35.84266498,-78.561011,Dry,20 - 25  MPH,Stop Sign,Clear,No,0,0,10