AmbulanceR,BikeAge,BikeAlcFlg,BikeDir,BikeInjury,BikeSex,City,County,CrashAlcoh,CrashDay,CrashGrp,CrashHour,CrashMonth,CrashType,CrashYear,DrvrAge,DrvrAlcFlg,DrvrInjury,DrvrSex,DrvrVehTyp,HitRun,Latitude,Longitude,RdConditio,SpeedLimit,TraffCntrl,Weather,Workzone,DrvrAgeImputedFlag,BikeAgeImputedFlag,MonthCode
Yes,38.0,No,With Traffic,B: Suspected Minor Injury,Female,Asheville,Buncombe,No,Friday,Bicyclist Overtaking Motorist,18.0,October,Bicyclist Overtaking - Extended Door,2013,64.0,No,O: No Injury,Female,Sport Utility,No,35.59405787,-82.55549939,Dry,30 - 35  MPH,"Double Yellow Line, No Passing Zone",Clear,No,0,0,10
No,28.0,No,With Traffic,C: Possible Injury,Male,Durham,Durham,No,Monday,Motorist Left Turn / Merge,19.0,November,Motorist Left Turn - Opposite Direction,2013,22.0,No,O: No Injury,Male,Passenger Car,No,35.99687724,-78.91501624,Dry,30 - 35  MPH,Stop And Go Signal,Clear,No,0,0,11
No,56.0,No,With Traffic,C: Possible Injury,Female,Roxboro,Person,No,Monday,Motorist Overtaking Bicyclist,19.0,September,Motorist Overtaking - Undetected Bicyclist,2013,66.0,No,O: No Injury,Female,Sport Utility,No,36.39618448,-78.9850825,Dry,30 - 35  MPH,Stop And Go Signal,Clear,No,0,0,9
No,51.0,No,With Traffic,B: Suspected Minor Injury,Male,None - Rural Crash,Craven,No,Sunday,Bicyclist Left Turn / Merge,16.0,October,Bicyclist Left Turn - Same Direction,2013,26.0,No,O: No Injury,Female,Sport Utility,No,35.08515643,-77.149691,Dry,50 - 55  MPH,No Control Present,Cloudy,No,0,0,10
No,16.0,No,With Traffic,B: Suspected Minor Injury,Female,Winston-Salem,Forsyth,No,Friday,Motorist Failed to Yield - Signalized Intersection,17.0,October,Motorist Drive Out - Right Turn on Red,2013,42.03850604944766,Missing,Unknown Injury,Unknown,Unknown,Yes,36.10218451,-80.22880031,Dry,30 - 35  MPH,Stop And Go Signal,Clear,No,1,0,10
No,54.0,No,With Traffic,C: Possible Injury,Female,None - Rural Crash,Lincoln,No,Sunday,Loss of Control / Turning Error,15.0,November,Motorist Turning Error - Left Turn,2013,38.0,No,O: No Injury,Female,Pickup,No,35.50570786,-80.99052674,Dry,30 - 35  MPH,"Double Yellow Line, No Passing Zone",Clear,No,0,0,11
Yes,51.0,No,With Traffic,B: Suspected Minor Injury,Male,None - Rural Crash,Iredell,No,Sunday,Motorist Left Turn / Merge,15.0,November,Motorist Left Turn - Opposite Direction,2013,46.0,No,O: No Injury,Female,Passenger Car,No,35.56386006,-80.91241522,Dry,40 - 45  MPH,Stop Sign,Clear,No,0,0,11
No,17.0,No,Not Applicable,B: Suspected Minor Injury,Male,Salisbury,Rowan,No,Monday,Non-Roadway,10.0,November,Non-Roadway,2013,24.0,No,O: No Injury,Female,Passenger Car,No,35.66811602,-80.49784752,Dry,Unknown,No Control Present,Clear,No,0,0,11
Yes,43.0,No,With Traffic,C: Possible Injury,Male,Charlotte,Mecklenburg,No,Sunday,Motorist Left Turn / Merge,18.0,November,Motorist Left Turn - Opposite Direction,2013,42.0,No,O: No Injury,Male,Van,No,35.26126327,-80.83673116,Dry,30 - 35  MPH,Stop And Go Signal,Clear,No,0,0,11
Yes,34.0,No,With Traffic,C: Possible Injury,Male,None - Rural Crash,Onslow,No,Tuesday,Bicyclist Failed to Yield - Sign-Controlled Intersection,16.0,November,Bicyclist Ride Through - Sign-Controlled Intersection,2013,49.0,No,O: No Injury,Female,Pickup,No,34.54146,-77.43321,Dry,Unknown,Stop Sign,Clear,No,0,0,11
No,19.0,No,With Traffic,B: Suspected Minor Injury,Female,None - Rural Crash,Buncombe,No,Tuesday,Motorist Left Turn / Merge,20.0,November,Motorist Left Turn - Opposite Direction,2013,22.0,No,O: No Injury,Male,Passenger Car,No,35.61344531,-82.44352635,Dry,5 - 15 MPH,No Control Present,Clear,No,0,0,11
No,74.0,No,Facing Traffic,B: Suspected Minor Injury,Male,Durham,Durham,No,Tuesday,Motorist Failed to Yield - Signalized Intersection,9.0,November,Motorist Drive Out - Right Turn on Red,2013,19.0,No,O: No Injury,Female,Passenger Car,No,35.97125919,-78.90108167,Dry,30 - 35  MPH,Stop And Go Signal,Clear,No,0,0,11
Yes,44.0,No,With Traffic,C: Possible Injury,Male,Mooresville,Iredell,No,Monday,Motorist Overtaking Bicyclist,12.0,October,Motorist Overtaking - Undetected Bicyclist,2013,21.0,No,O: No Injury,Female,Passenger Car,No,35.60429203,-80.86285498,Dry,40 - 45  MPH,No Control Present,Cloudy,No,0,0,10
No,8.0,No,With Traffic,O: No Injury,Male,Raleigh,Wake,No,Saturday,Loss of Control / Turning Error,16.0,October,Bicyclist Lost Control - Surface Conditions,2013,42.03850604944766,Missing,Unknown Injury,Unknown,Sport Utility,No,35.72769933,-78.53402409,Dry,20 - 25  MPH,No Control Present,Clear,No,1,0,10
No,17.0,No,With Traffic,C: Possible Injury,Male,New Bern,Craven,No,Thursday,Bicyclist Failed to Yield - Sign-Controlled Intersection,18.0,November,Bicyclist Ride Out - Sign-Controlled Intersection,2013,42.03850604944766,Missing,Unknown Injury,Unknown,Unknown,Yes,35.11879793,-77.04787219,Dry,30 - 35  MPH,Stop Sign,Clear,No,1,0,11
Yes,16.0,No,With Traffic,B: Suspected Minor Injury,Male,Wilson,Wilson,No,Wednesday,Motorist Left Turn / Merge,16.0,October,Motorist Left Turn - Opposite Direction,2013,24.0,No,O: No Injury,Male,Passenger Car,No,35.73344917,-77.91728148,Wet,30 - 35  MPH,Stop Sign,Rain,No,0,0,10
Yes,24.0,No,With Traffic,C: Possible Injury,Female,Raleigh,Wake,No,Wednesday,Motorist Failed to Yield - Signalized Intersection,19.0,October,Motorist Drive Out - Right Turn on Red,2013,33.0,No,O: No Injury,Male,Passenger Car,No,35.76803858,-78.56843591,Dry,40 - 45  MPH,Stop And Go Signal,Clear,No,0,0,10
No,18.0,No,Facing Traffic,Unknown Injury,Female,Dobson,Surry,No,Tuesday,Motorist Failed to Yield - Sign-Controlled Intersection,10.0,October,Motorist Drive Out - Sign-Controlled Intersection,2013,19.0,No,O: No Injury,Female,Passenger Car,No,36.3848619,-80.71540239,Dry,5 - 15 MPH,Stop Sign,Clear,No,0,0,10
No,22.0,No,Facing Traffic,C: Possible Injury,Male,High Point,Guilford,No,Wednesday,Motorist Failed to Yield - Sign-Controlled Intersection,6.0,October,Motorist Drive Out - Sign-Controlled Intersection,2013,74.0,No,O: No Injury,Male,Passenger Car,No,35.93629063,-79.99274383,Dry,30 - 35  MPH,Stop Sign,Clear,No,0,0,10
Yes,51.0,No,Facing Traffic,B: Suspected Minor Injury,Female,Wilmington,New Hanover,No,Friday,Motorist Failed to Yield - Sign-Controlled Intersection,14.0,October,Motorist Drive Out - Sign-Controlled Intersection,2013,44.0,No,O: No Injury,Male,Passenger Car,No,34.19807104,-77.90872753,Dry,40 - 45  MPH,Stop Sign,Clear,No,0,0,10
Yes,42.0,No,With Traffic,C: Possible Injury,Male,None - Rural Crash,New Hanover,No,Monday,Motorist Overtaking Bicyclist,19.0,November,Motorist Overtaking - Other / Unknown,2013,51.0,No,O: No Injury,Male,Pickup,No,34.307577,-77.781014,Dry,50 - 55  MPH,No Control Present,Clear,No,0,0,11
Yes,28.0,No,With Traffic,B: Suspected Minor Injury,Female,Durham,Durham,No,Tuesday,Motorist Right Turn / Merge,10.0,November,Motorist Right Turn - Same Direction,2013,35.0,No,O: No Injury,Male,Pickup,No,35.9972239,-78.92426452,Dry,30 - 35  MPH,No Control Present,Clear,No,0,0,11
Yes,20.0,No,Facing Traffic,B: Suspected Minor Injury,Female,Jacksonville,Onslow,No,Wednesday,Motorist Failed to Yield - Sign-Controlled Intersection,16.0,October,Motorist Drive Out - Sign-Controlled Intersection,2013,65.0,No,O: No Injury,Female,Passenger Car,No,34.77460008,-77.38905268,Dry,Unknown,Stop Sign,Clear,No,0,0,10
No,28.0,No,With Traffic,C: Possible Injury,Male,Raleigh,Wake,No,Wednesday,Bicyclist Overtaking Motorist,11.0,November,Bicyclist Overtaking - Parked Vehicle,2013,42.03850604944766,Missing,Unknown Injury,Unknown,Sport Utility,No,35.78805873,-78.66919605,Dry,30 - 35  MPH,No Control Present,Clear,No,1,0,11
Yes,18.0,No,Facing Traffic,Unknown Injury,Male,Raleigh,Wake,No,Sunday,Crossing Paths - Other Circumstances,15.0,November,Crossing Paths - Midblock - Other / Unknown,2013,42.03850604944766,Missing,Unknown Injury,Unknown,Sport Utility,Yes,35.84987399,-78.5787454,Dry,5 - 15 MPH,No Control Present,Clear,No,1,0,11
Yes,45.0,No,With Traffic,C: Possible Injury,Male,Durham,Durham,No,Friday,Motorist Overtaking Bicyclist,20.0,November,Motorist Overtaking - Undetected Bicyclist,2013,26.0,No,O: No Injury,Female,Passenger Car,No,36.03313241,-78.97346841,Dry,30 - 35  MPH,No Control Present,Cloudy,No,0,0,11
Yes,23.0,No,With Traffic,B: Suspected Minor Injury,Male,Greensboro,Guilford,No,Sunday,Motorist Failed to Yield - Sign-Controlled Intersection,12.0,November,Motorist Drive Out - Sign-Controlled Intersection,2013,74.0,No,O: No Injury,Male,Passenger Car,No,36.06097872,-79.82426774,Dry,30 - 35  MPH,Yield Sign,Cloudy,No,0,0,11
Yes,29.0,No,With Traffic,B: Suspected Minor Injury,Female,Durham,Durham,No,Sunday,Motorist Overtaking Bicyclist,18.0,November,Motorist Overtaking - Undetected Bicyclist,2013,39.0,No,O: No Injury,Female,Sport Utility,No,35.9187191,-78.84948019,Dry,40 - 45  MPH,No Control Present,Cloudy,No,0,0,11
Yes,44.0,No,Facing Traffic,C: Possible Injury,Male,Kinston,Lenoir,No,Thursday,Motorist Failed to Yield - Signalized Intersection,16.0,November,Motorist Drive Out - Right Turn on Red,2013,41.0,No,O: No Injury,Female,Passenger Car,No,35.26908288,-77.61659599,Dry,40 - 45  MPH,Stop And Go Signal,Clear,No,0,0,11
No,62.0,No,With Traffic,B: Suspected Minor Injury,Male,Mooresville,Iredell,No,Wednesday,Bicyclist Overtaking Motorist,12.0,October,Bicyclist Overtaking - Parked Vehicle,2013,31.0,No,O: No Injury,Male,Van,No,35.53104576,-80.79894934,Dry,40 - 45  MPH,No Control Present,Clear,No,0,0,10
No,26.0,No,With Traffic,C: Possible Injury,Female,Asheville,Buncombe,No,Tuesday,Motorist Left Turn / Merge,11.0,October,Motorist Left Turn - Opposite Direction,2013,42.03850604944766,Missing,Unknown Injury,Unknown,Unknown,Yes,35.59340031,-82.5600853,Dry,20 - 25  MPH,"Double Yellow Line, No Passing Zone",Clear,No,1,0,10
Yes,60.0,Unknown,Facing Traffic,C: Possible Injury,Female,Murfreesboro,Hertford,No,Monday,Bicyclist Failed to Yield - Signalized Intersection,21.0,October,Bicyclist Failed to Clear - Unknown,2013,74.0,No,O: No Injury,Female,Passenger Car,No,36.44037444,-77.09809242,Dry,30 - 35  MPH,Stop And Go Signal,Clear,No,0,0,10
No,11.0,No,With Traffic,O: No Injury,Male,Raleigh,Wake,No,Tuesday,Bicyclist Failed to Yield - Sign-Controlled Intersection,21.0,November,Bicyclist Ride Through - Sign-Controlled Intersection,2013,44.0,No,O: No Injury,Male,Passenger Car,No,35.92061522,-78.58084711,Dry,20 - 25  MPH,Stop Sign,Clear,No,0,0,11
No,33.0,No,With Traffic,B: Suspected Minor Injury,Male,Asheville,Buncombe,Yes,Saturday,Motorist Left Turn / Merge,0.0,October,Motorist Left Turn - Opposite Direction,2013,24.0,Yes,O: No Injury,Male,Sport Utility,No,35.575578,-82.6104569,Dry,30 - 35  MPH,No Control Present,Clear,No,0,0,10
No,23.0,No,With Traffic,O: No Injury,Male,Raleigh,Wake,No,Monday,Motorist Left Turn / Merge,18.0,November,Motorist Left Turn - Opposite Direction,2013,49.0,No,O: No Injury,Male,Passenger Car,No,35.780498,-78.641712,Dry,30 - 35  MPH,No Control Present,Clear,No,0,0,11
No,11.0,No,Facing Traffic,O: No Injury,Male,Durham,Durham,No,Monday,Bicyclist Left Turn / Merge,19.0,November,Bicyclist Left Turn - Same Direction,2013,60.0,No,O: No Injury,Male,Motorcycle,No,35.97961662,-78.90570734,Dry,30 - 35  MPH,No Control Present,Clear,No,0,0,11
No,13.0,No,Not Applicable,C: Possible Injury,Male,Albemarle,Stanly,No,Saturday,Bicyclist Failed to Yield - Midblock,18.0,October,Bicyclist Ride Out - Commercial Driveway / Alley,2013,59.0,No,O: No Injury,Male,Pickup,No,35.34385133,-80.17423208,Dry,40 - 45  MPH,No Control Present,Clear,No,0,0,10
Yes,23.0,No,Facing Traffic,C: Possible Injury,Male,Greenville,Pitt,No,Wednesday,Motorist Failed to Yield - Sign-Controlled Intersection,15.0,November,Motorist Drive Out - Sign-Controlled Intersection,2013,29.0,No,O: No Injury,Female,Passenger Car,No,35.6129174,-77.38766346,Dry,20 - 25  MPH,Stop Sign,Clear,No,0,0,11
Yes,22.0,No,With Traffic,A: Suspected Serious Injury,Male,Concord,Cabarrus,No,Tuesday,Bicyclist Failed to Yield - Sign-Controlled Intersection,18.0,October,Bicyclist Ride Through - Sign-Controlled Intersection,2013,58.0,No,O: No Injury,Male,Pickup,No,35.38415623,-80.58187942,Dry,30 - 35  MPH,Stop Sign,Clear,No,0,0,10
Yes,22.0,No,Facing Traffic,C: Possible Injury,Male,Greensboro,Guilford,No,Thursday,Motorist Failed to Yield - Sign-Controlled Intersection,11.0,November,Motorist Drive Out - Sign-Controlled Intersection,2013,42.03850604944766,Missing,Unknown Injury,Unknown,Passenger Car,Yes,36.06353922,-79.8044588,Dry,30 - 35  MPH,Stop And Go Signal,Cloudy,No,1,0,11
Yes,41.0,No,Facing Traffic,B: Suspected Minor Injury,Female,None - Rural Crash,Richmond,No,Wednesday,Head-On,17.0,November,Head-On - Bicyclist,2013,42.03850604944766,Missing,Unknown Injury,Unknown,Van,Yes,34.91274716,-79.75402707,Dry,30 - 35  MPH,No Control Present,Clear,No,1,0,11
No,50.0,No,With Traffic,B: Suspected Minor Injury,Male,New Bern,Craven,No,Sunday,Motorist Right Turn / Merge,13.0,September,Motorist Right Turn - Same Direction,2013,34.0,No,O: No Injury,Female,Sport Utility,No,35.10666843,-77.05842842,Dry,30 - 35  MPH,No Control Present,Clear,No,0,0,9
Yes,8.0,No,Facing Traffic,B: Suspected Minor Injury,Male,New Bern,Craven,No,Tuesday,Bicyclist Right Turn / Merge,15.0,November,Bicyclist Right Turn - Same Direction,2013,24.0,No,O: No Injury,Male,Pickup,No,35.12055888,-77.06956713,Dry,30 - 35  MPH,No Control Present,Clear,No,0,0,11
Yes,55.0,No,With Traffic,B: Suspected Minor Injury,Female,None - Rural Crash,New Hanover,No,Saturday,Motorist Left Turn / Merge,20.0,November,Motorist Left Turn - Opposite Direction,2013,40.0,Unknown,O: No Injury,Female,Van,No,34.26951347,-77.82191977,Dry,40 - 45  MPH,No Control Present,Clear,No,0,0,11
Yes,49.0,No,Facing Traffic,C: Possible Injury,Male,High Point,Guilford,No,Friday,Motorist Failed to Yield - Midblock,16.0,October,Motorist Drive Out - Commercial Driveway / Alley,2013,55.0,No,O: No Injury,Male,Sport Utility,No,35.98714158,-80.02571833,Dry,30 - 35  MPH,No Control Present,Clear,No,0,0,10
Yes,50.0,No,With Traffic,B: Suspected Minor Injury,Male,None - Rural Crash,Wake,No,Wednesday,Motorist Left Turn / Merge,16.0,November,Motorist Left Turn - Opposite Direction,2013,22.0,No,O: No Injury,Male,Passenger Car,No,35.71323675,-78.75389901,Dry,50 - 55  MPH,"Double Yellow Line, No Passing Zone",Clear,No,0,0,11
Yes,59.0,No,With Traffic,C: Possible Injury,Male,Eden,Rockingham,No,Friday,Bicyclist Failed to Yield - Signalized Intersection,17.0,November,Bicyclist Ride Out - Signalized  Intersection,2013,61.0,No,O: No Injury,Female,Passenger Car,No,36.49261721,-79.7437674,Dry,40 - 45  MPH,Stop And Go Signal,Clear,No,0,0,11
Yes,52.0,No,Not Applicable,B: Suspected Minor Injury,Male,Roanoke Rapids,Halifax,No,Thursday,Non-Roadway,8.0,November,Non-Roadway,2013,54.0,No,O: No Injury,Female,Sport Utility,No,36.43274902,-77.64582695,Dry,5 - 15 MPH,No Control Present,Clear,No,0,0,11
No,18.0,No,Facing Traffic,B: Suspected Minor Injury,Male,Charlotte,Mecklenburg,No,Thursday,Bicyclist Failed to Yield - Signalized Intersection,17.0,November,Bicyclist Failed to Clear - Trapped,2013,39.0,No,O: No Injury,Male,Passenger Car,No,35.22228701,-80.84133077,Dry,30 - 35  MPH,Stop And Go Signal,Clear,No,0,0,11
Yes,43.0,No,With Traffic,C: Possible Injury,Male,None - Rural Crash,Brunswick,No,Saturday,Motorist Failed to Yield - Midblock,18.0,November,Motorist Drive Out - Commercial Driveway / Alley,2013,57.0,No,O: No Injury,Male,Sport Utility,No,33.9434385,-78.0292401,Dry,40 - 45  MPH,Stop Sign,Clear,No,0,0,11
Yes,24.0,No,Facing Traffic,C: Possible Injury,Male,None - Rural Crash,Duplin,No,Thursday,Loss of Control / Turning Error,18.0,November,Motorist Lost Control - Other / Unknown,2013,42.03850604944766,Missing,Unknown Injury,Unknown,Passenger Car,Yes,34.86659117,-78.03803591,Dry,50 - 55  MPH,No Control Present,Clear,No,1,0,11
Yes,22.0,No,Facing Traffic,C: Possible Injury,Female,Wilmington,New Hanover,No,Thursday,Motorist Failed to Yield - Signalized Intersection,13.0,October,Motorist Drive Out - Right Turn on Red,2013,25.0,No,O: No Injury,Male,Passenger Car,No,34.23473257,-77.86944475,Dry,Unknown,Stop And Go Signal,Clear,No,0,0,10
No,44.0,No,Not Applicable,C: Possible Injury,Male,Raleigh,Wake,No,Monday,Non-Roadway,15.0,November,Non-Roadway,2013,44.0,No,O: No Injury,Male,Passenger Car,No,35.77933242,-78.60742847,Dry,Unknown,No Control Present,Clear,No,0,0,11
Yes,12.0,No,With Traffic,B: Suspected Minor Injury,Male,High Point,Guilford,No,Tuesday,Bicyclist Left Turn / Merge,19.0,October,Bicyclist Left Turn - Same Direction,2013,50.0,No,O: No Injury,Female,Passenger Car,No,35.94929224,-79.97989105,Dry,30 - 35  MPH,No Control Present,Clear,No,0,0,10
Yes,46.0,No,With Traffic,C: Possible Injury,Male,High Point,Guilford,No,Monday,Motorist Left Turn / Merge,6.0,October,Motorist Left Turn - Opposite Direction,2013,42.03850604944766,Missing,Unknown Injury,Unknown,Unknown,Yes,35.91939122,-79.97691306,Dry,Unknown,No Control Present,Clear,No,1,0,10
Yes,46.0,No,Facing Traffic,B: Suspected Minor Injury,Male,Jacksonville,Onslow,No,Saturday,Motorist Failed to Yield - Sign-Controlled Intersection,19.0,November,Motorist Drive Out - Sign-Controlled Intersection,2013,59.0,No,O: No Injury,Male,Taxicab,No,34.74280087,-77.36928071,Dry,30 - 35  MPH,Stop Sign,Clear,No,0,0,11
Yes,53.0,Yes,With Traffic,B: Suspected Minor Injury,Male,Kinston,Lenoir,Yes,Saturday,Motorist Overtaking Bicyclist,16.0,November,Motorist Overtaking - Bicyclist Swerved,2013,63.0,Yes,O: No Injury,Male,Passenger Car,No,35.25079578,-77.58139722,Dry,30 - 35  MPH,No Control Present,Clear,No,0,0,11
Yes,66.0,Yes,With Traffic,O: No Injury,Male,None - Rural Crash,Wake,Yes,Tuesday,Motorist Overtaking Bicyclist,18.0,November,Motorist Overtaking - Undetected Bicyclist,2013,41.0,No,A: Suspected Serious Injury,Female,Passenger Car,No,35.63759191,-78.67114939,Wet,40 - 45  MPH,"Double Yellow Line, No Passing Zone","Snow, Sleet, Hail, Freezing Rain/Drizzle",No,0,0,11
Yes,17.0,No,With Traffic,B: Suspected Minor Injury,Male,Gastonia,Gaston,No,Tuesday,Bicyclist Failed to Yield - Sign-Controlled Intersection,17.0,September,Bicyclist Ride Through - Sign-Controlled Intersection,2013,62.0,No,O: No Injury,Female,Passenger Car,No,35.265635,-81.20504655,Dry,30 - 35  MPH,Stop Sign,Clear,No,0,0,9
Yes,49.0,No,With Traffic,C: Possible Injury,Male,Shallotte,Brunswick,No,Tuesday,Motorist Failed to Yield - Sign-Controlled Intersection,19.0,September,Motorist Drive Out - Sign-Controlled Intersection,2013,64.0,No,O: No Injury,Female,Passenger Car,No,33.97144374,-78.38780502,Dry,30 - 35  MPH,No Control Present,Clear,No,0,0,9
No,54.0,No,With Traffic,C: Possible Injury,Male,New Bern,Craven,No,Friday,Motorist Overtaking Bicyclist,2.0,November,Motorist Overtaking - Other / Unknown,2013,69.0,No,O: No Injury,Female,Passenger Car,No,35.11496147,-77.05545276,Wet,20 - 25  MPH,No Control Present,Rain,No,0,0,11
Yes,24.0,No,With Traffic,B: Suspected Minor Injury,Male,Chapel Hill,Orange,No,Wednesday,Motorist Left Turn / Merge,19.0,October,Motorist Left Turn - Opposite Direction,2013,23.0,No,O: No Injury,Male,Passenger Car,No,35.91172329,-79.06224537,Dry,20 - 25  MPH,No Control Present,Clear,No,0,0,10
Yes,22.0,No,Facing Traffic,C: Possible Injury,Female,Greenville,Pitt,No,Wednesday,Motorist Failed to Yield - Midblock,16.0,November,Motorist Drive Out - Commercial Driveway / Alley,2013,22.0,No,O: No Injury,Female,Passenger Car,No,35.6060968,-77.37231878,Dry,30 - 35  MPH,No Control Present,Clear,No,0,0,11
Yes,15.0,No,With Traffic,B: Suspected Minor Injury,Male,None - Rural Crash,Robeson,No,Tuesday,Motorist Overtaking Bicyclist,17.0,December,Motorist Overtaking - Undetected Bicyclist,2013,17.0,No,O: No Injury,Female,Passenger Car,No,34.70618542,-79.13066302,Dry,50 - 55  MPH,No Control Present,Cloudy,No,0,0,12
Yes,37.0,No,With Traffic,O: No Injury,Male,Raleigh,Wake,No,Saturday,Bicyclist Failed to Yield - Signalized Intersection,15.0,November,Bicyclist Ride Out - Signalized  Intersection,2013,45.0,No,O: No Injury,Female,Passenger Car,No,35.83948173,-78.64243455,Dry,30 - 35  MPH,Stop And Go Signal,Cloudy,No,0,0,11
Yes,38.0,No,Facing Traffic,C: Possible Injury,Male,Charlotte,Mecklenburg,No,Wednesday,Motorist Failed to Yield - Sign-Controlled Intersection,8.0,December,Motorist Drive Out - Sign-Controlled Intersection,2013,37.0,No,O: No Injury,Male,Sport Utility,No,35.22505917,-80.80954992,Wet,20 - 25  MPH,Stop Sign,Cloudy,No,0,0,12
Yes,16.0,No,Facing Traffic,C: Possible Injury,Male,Whiteville,Columbus,No,Monday,Bicyclist Right Turn / Merge,15.0,November,Bicyclist Right Turn - Same Direction,2013,32.0,No,O: No Injury,Male,Pickup,No,34.34860352,-78.70194036,Dry,30 - 35  MPH,No Control Present,Clear,No,0,0,11
Yes,43.0,No,Facing Traffic,O: No Injury,Female,Cary,Wake,No,Sunday,Motorist Failed to Yield - Midblock,15.0,October,Motorist Drive Out - Commercial Driveway / Alley,2013,18.0,No,C: Possible Injury,Male,Pedalcycle,No,35.76846208,-78.74085949,Dry,Unknown,Stop Sign,Clear,No,0,0,10
No,65.0,No,Not Applicable,O: No Injury,Male,Durham,Durham,No,Thursday,Bicyclist Failed to Yield - Signalized Intersection,12.0,December,Bicyclist Ride Out - Signalized  Intersection,2013,41.0,No,O: No Injury,Male,Passenger Car,No,36.07732851,-78.90979192,Wet,30 - 35  MPH,No Control Present,Cloudy,No,0,0,12
Yes,15.0,No,Not Applicable,B: Suspected Minor Injury,Male,Mooresville,Iredell,No,Wednesday,Crossing Paths - Other Circumstances,18.0,October,Crossing Paths - Intersection - Other / Unknown,2013,49.0,No,O: No Injury,Female,Passenger Car,No,35.57314646,-80.78976425,Dry,20 - 25  MPH,Stop Sign,Clear,No,0,0,10
Yes,19.0,Unknown,Facing Traffic,A: Suspected Serious Injury,Male,Clayton,Johnston,No,Wednesday,Bicyclist Failed to Yield - Signalized Intersection,13.0,October,Bicyclist Ride Out - Signalized  Intersection,2013,56.0,No,O: No Injury,Female,Sport Utility,No,35.65370031,-78.47308491,Dry,40 - 45  MPH,Stop And Go Signal,Clear,No,0,0,10
Yes,33.0,Unknown,With Traffic,C: Possible Injury,Male,None - Rural Crash,Lincoln,No,Sunday,Motorist Overtaking Bicyclist,18.0,November,Motorist Overtaking - Undetected Bicyclist,2013,37.0,No,O: No Injury,Female,Passenger Car,No,35.52468569,-81.22952145,Dry,50 - 55  MPH,"Double Yellow Line, No Passing Zone",Clear,No,0,0,11
No,66.0,No,With Traffic,C: Possible Injury,Male,Henderson,Vance,No,Wednesday,Bicyclist Failed to Yield - Sign-Controlled Intersection,20.0,November,Bicyclist Ride Out - Sign-Controlled Intersection,2013,42.03850604944766,Missing,Unknown Injury,Unknown,Unknown,Yes,36.315183,-78.405693,Dry,30 - 35  MPH,Stop Sign,Clear,No,1,0,11
Yes,14.0,No,Unknown,C: Possible Injury,Male,Raleigh,Wake,No,Tuesday,Other / Unknown - Insufficient Details,7.0,December,Unknown Approach Paths,2013,50.0,No,O: No Injury,Female,Passenger Car,No,35.77598951,-78.63509357,"Water (Standing, Moving)",30 - 35  MPH,Stop And Go Signal,Rain,No,0,0,12
No,31.0,No,Unknown,O: No Injury,Male,Durham,Durham,No,Tuesday,Bicyclist Failed to Yield - Signalized Intersection,14.0,December,Bicyclist Ride Out - Signalized  Intersection,2013,60.0,No,O: No Injury,Female,Passenger Car,No,35.900989,-78.959702,Dry,30 - 35  MPH,Stop And Go Signal,Clear,No,0,0,12
Yes,16.0,No,Facing Traffic,C: Possible Injury,Male,Winston-Salem,Forsyth,No,Wednesday,Motorist Failed to Yield - Midblock,17.0,November,Motorist Drive Out - Commercial Driveway / Alley,2013,42.03850604944766,Missing,Unknown Injury,Unknown,Unknown,Yes,36.08237067,-80.24299144,Dry,30 - 35  MPH,No Control Present,Clear,No,1,0,11
Yes,18.0,No,With Traffic,C: Possible Injury,Male,Raleigh,Wake,No,Sunday,Bicyclist Failed to Yield - Signalized Intersection,11.0,December,Bicyclist Failed to Clear - Trapped,2013,42.0,No,O: No Injury,Female,Passenger Car,No,35.74048567,-78.6304755,Wet,30 - 35  MPH,Stop And Go Signal,Cloudy,No,0,0,12
No,26.0,No,With Traffic,C: Possible Injury,Male,Wilmington,New Hanover,No,Monday,Motorist Overtaking Bicyclist,11.0,November,Motorist Overtaking - Bicyclist Swerved,2013,30.0,No,O: No Injury,Female,Passenger Car,No,34.24166284,-77.94145271,Dry,20 - 25  MPH,No Control Present,Clear,No,0,0,11
Yes,78.0,No,Facing Traffic,C: Possible Injury,Male,Monroe,Union,No,Monday,Motorist Right Turn / Merge,11.0,November,Motorist Right Turn - Opposite Direction,2013,48.0,No,O: No Injury,Female,Pickup,No,34.98783555,-80.5493419,Dry,30 - 35  MPH,Stop And Go Signal,Clear,No,0,0,11
Yes,26.0,No,Unknown,C: Possible Injury,Male,Asheville,Buncombe,No,Friday,Other / Unusual Circumstances,23.0,November,Motorist Intentionally Caused,2013,53.0,No,O: No Injury,Male,Passenger Car,No,35.58116766,-82.56414138,Dry,20 - 25  MPH,No Control Present,Clear,No,0,0,11