AmbulanceR,BikeAge,BikeAlcFlg,BikeDir,BikeInjury,BikeSex,City,County,CrashAlcoh,CrashDay,CrashGrp,CrashHour,CrashMonth,CrashType,CrashYear,DrvrAge,DrvrAlcFlg,DrvrInjury,DrvrSex,DrvrVehTyp,HitRun,Latitude,Longitude,RdConditio,SpeedLimit,TraffCntrl,Weather,Workzone,DrvrAgeImputedFlag,BikeAgeImputedFlag,MonthCode
Yes,54.0,No,Facing Traffic,B: Suspected Minor Injury,Male,Greenville,Pitt,No,Thursday,Motorist Failed to Yield - Sign-Controlled Intersection,13.0,October,Motorist Drive Out - Sign-Controlled Intersection,2013,29.0,No,O: No Injury,Female,Passenger Car,No,35.5960456,-77.40136769,Dry,20 - 25  MPH,No Control Present,Clear,No,0,0,10
Yes,30.0,No,With Traffic,B: Suspected Minor Injury,Male,Cornelius,Mecklenburg,No,Sunday,Motorist Left Turn / Merge,14.0,November,Motorist Left Turn - Opposite Direction,2013,44.0,No,O: No Injury,Female,Passenger Car,No,35.45004313,-80.89006104,Dry,40 - 45  MPH,No Control Present,Clear,No,0,0,11
Yes,53.0,No,With Traffic,B: Suspected Minor Injury,Male,Gastonia,Gaston,No,Monday,Motorist Overtaking Bicyclist,17.0,November,Motorist Overtaking - Bicyclist Swerved,2013,37.0,No,O: No Injury,Female,Sport Utility,No,35.26672066,-81.23083212,Dry,30 - 35  MPH,No Control Present,Clear,No,0,0,11
Yes,33.0,No,With Traffic,B: Suspected Minor Injury,Male,Rocky Mount,Nash,No,Friday,Bicyclist Failed to Yield - Signalized Intersection,6.0,December,Bicyclist Ride Through - Signalized Intersection,2013,28.0,No,O: No Injury,Female,Passenger Car,No,35.96376549,-77.84934133,Dry,40 - 45  MPH,Stop And Go Signal,Clear,No,0,0,12
Yes,52.0,No,With Traffic,B: Suspected Minor Injury,Male,None - Rural Crash,Wayne,No,Wednesday,Motorist Overtaking Bicyclist,6.0,December,Motorist Overtaking - Undetected Bicyclist,2013,34.0,No,O: No Injury,Male,"Single Unit Truck (2-Axle, 6-Tire)",No,35.33360209,-77.99550685,Dry,50 - 55  MPH,No Control Present,Clear,No,0,0,12
Yes,52.0,Yes,Unknown,C: Possible Injury,Male,Whiteville,Columbus,Yes,Saturday,Bicyclist Failed to Yield - Signalized Intersection,18.0,December,Bicyclist Ride Out - Signalized  Intersection,2013,55.0,No,O: No Injury,Male,Passenger Car,No,34.331491,-78.707951,"Water (Standing, Moving)",30 - 35  MPH,No Control Present,Rain,No,0,0,12
Yes,35.0,No,Unknown,B: Suspected Minor Injury,Male,Greensboro,Guilford,Yes,Sunday,Crossing Paths - Other Circumstances,23.0,December,Crossing Paths - Intersection - Other / Unknown,2013,29.0,Yes,O: No Injury,Male,Passenger Car,No,36.0511306,-79.844147,Dry,30 - 35  MPH,Stop And Go Signal,Clear,No,0,0,12
No,11.0,No,With Traffic,C: Possible Injury,Male,Concord,Cabarrus,No,Saturday,Bicyclist Failed to Yield - Sign-Controlled Intersection,14.0,November,Bicyclist Ride Out - Sign-Controlled Intersection,2013,41.0,No,O: No Injury,Male,Passenger Car,No,35.4232334,-80.74961377,Dry,20 - 25  MPH,Stop Sign,Cloudy,No,0,0,11
Yes,13.0,No,Not Applicable,C: Possible Injury,Male,Winston-Salem,Forsyth,No,Tuesday,Bicyclist Failed to Yield - Midblock,17.0,November,Bicyclist Ride Out - Other Midblock,2013,85.0,No,O: No Injury,Male,Passenger Car,No,36.12942741,-80.24072858,Dry,30 - 35  MPH,No Control Present,Cloudy,No,0,0,11
Yes,16.0,No,With Traffic,B: Suspected Minor Injury,Male,None - Rural Crash,Rowan,No,Friday,Motorist Overtaking Bicyclist,21.0,December,Motorist Overtaking - Other / Unknown,2013,42.03850604944766,Unknown,Unknown Injury,Unknown,Passenger Car,Yes,35.7214592,-80.49177414,Dry,40 - 45  MPH,No Control Present,Cloudy,No,1,0,12
No,18.0,No,Not Applicable,C: Possible Injury,Male,Chapel Hill,Orange,No,Tuesday,Non-Roadway,16.0,September,Non-Roadway,2013,43.0,No,C: Possible Injury,Male,Pickup,No,35.91376612,-79.04999685,Dry,5 - 15 MPH,No Control Present,Clear,No,0,0,9
No,22.0,No,Facing Traffic,B: Suspected Minor Injury,Male,Fayetteville,Cumberland,No,Tuesday,Motorist Right Turn / Merge,20.0,November,Motorist Right Turn - Opposite Direction,2013,24.0,No,O: No Injury,Male,Passenger Car,No,35.09658166,-78.91535956,Dry,5 - 15 MPH,No Control Present,Clear,No,0,0,11
Yes,22.0,No,With Traffic,B: Suspected Minor Injury,Male,Raleigh,Wake,No,Friday,Motorist Right Turn / Merge,18.0,December,Motorist Right Turn - Same Direction,2013,66.0,No,O: No Injury,Female,Van,No,35.78289319,-78.64483115,Dry,30 - 35  MPH,No Control Present,Clear,No,0,0,12
Yes,21.0,No,With Traffic,B: Suspected Minor Injury,Male,None - Rural Crash,Hoke,No,Tuesday,Motorist Left Turn / Merge,16.0,December,Motorist Left Turn - Opposite Direction,2013,60.0,No,O: No Injury,Male,Sport Utility,No,34.948599,-79.05663632,Dry,40 - 45  MPH,"Double Yellow Line, No Passing Zone",Clear,No,0,0,12
Yes,44.0,No,With Traffic,C: Possible Injury,Male,Cary,Wake,No,Sunday,Bicyclist Failed to Yield - Signalized Intersection,16.0,November,Bicyclist Ride Through - Signalized Intersection,2013,82.0,No,O: No Injury,Female,Passenger Car,No,35.801452,-78.767665,Dry,30 - 35  MPH,Flashing Stop And Go Signal,Clear,No,0,0,11
No,24.0,No,Facing Traffic,C: Possible Injury,Male,Raleigh,Wake,No,Tuesday,Motorist Failed to Yield - Signalized Intersection,14.0,December,Motorist Drive Out - Right Turn on Red,2013,28.0,No,O: No Injury,Male,Passenger Car,No,35.777027,-78.64363189,Wet,30 - 35  MPH,Stop And Go Signal,Cloudy,No,0,0,12
Yes,51.0,No,With Traffic,C: Possible Injury,Male,Archdale,Randolph,No,Friday,Motorist Left Turn / Merge,19.0,October,Motorist Left Turn - Opposite Direction,2013,28.0,No,O: No Injury,Female,Pedalcycle,No,35.91591113,-79.9780889,Dry,Unknown,No Control Present,Clear,No,0,0,10
Yes,37.0,No,With Traffic,B: Suspected Minor Injury,Male,Greenville,Pitt,No,Wednesday,Motorist Overtaking Bicyclist,7.0,December,Motorist Overtaking - Other / Unknown,2013,38.0,No,O: No Injury,Female,Passenger Car,No,35.56224148,-77.41685071,Dry,40 - 45  MPH,No Control Present,Clear,No,0,0,12
Yes,56.0,No,Facing Traffic,O: No Injury,Male,None - Rural Crash,Sampson,No,Thursday,Loss of Control / Turning Error,13.0,December,Motorist Lost Control - Other / Unknown,2013,18.0,No,C: Possible Injury,Female,Passenger Car,No,35.25374497,-78.42068664,Dry,50 - 55  MPH,"Double Yellow Line, No Passing Zone",Clear,No,0,0,12
Yes,52.0,Yes,With Traffic,C: Possible Injury,Male,Lumberton,Robeson,Yes,Saturday,Bicyclist Failed to Yield - Sign-Controlled Intersection,23.0,November,Bicyclist Ride Through - Sign-Controlled Intersection,2013,31.0,No,O: No Injury,Female,Passenger Car,No,34.6108524,-78.98045968,Dry,30 - 35  MPH,No Control Present,"Fog, Smog, Smoke",No,0,0,11
Yes,21.0,No,With Traffic,C: Possible Injury,Male,Jacksonville,Onslow,No,Saturday,Motorist Overtaking Bicyclist,19.0,November,Motorist Overtaking - Other / Unknown,2013,42.03850604944766,Missing,Unknown Injury,Unknown,Unknown,Yes,34.80043792,-77.43977909,Dry,40 - 45  MPH,No Control Present,Clear,No,1,0,11
No,63.0,No,With Traffic,C: Possible Injury,Male,Cary,Wake,No,Thursday,Motorist Overtaking Bicyclist,18.0,November,Motorist Overtaking - Undetected Bicyclist,2013,74.0,No,O: No Injury,Male,Sport Utility,No,35.80427605,-78.80548789,Dry,40 - 45  MPH,No Control Present,Clear,No,0,0,11
No,25.0,No,Facing Traffic,O: No Injury,Male,Durham,Durham,No,Wednesday,Motorist Failed to Yield - Signalized Intersection,8.0,December,Motorist Drive Out - Right Turn on Red,2013,42.03850604944766,No,Unknown Injury,Unknown,Pickup,Yes,36.0183816,-78.91226608,Dry,30 - 35  MPH,Stop And Go Signal,Clear,No,1,0,12
Yes,42.0,No,With Traffic,A: Suspected Serious Injury,Male,None - Rural Crash,Wake,No,Sunday,Motorist Overtaking Bicyclist,14.0,December,Motorist Overtaking - Other / Unknown,2013,44.0,No,O: No Injury,Male,Pickup,No,35.90213377,-78.70260483,Dry,40 - 45  MPH,"Double Yellow Line, No Passing Zone",Cloudy,No,0,0,12
No,51.0,Yes,With Traffic,O: No Injury,Male,Rocky Mount,Nash,Yes,Tuesday,Motorist Overtaking Bicyclist,21.0,December,Motorist Overtaking - Other / Unknown,2013,46.0,No,O: No Injury,Female,Passenger Car,No,35.96382457,-77.85477144,Dry,30 - 35  MPH,No Control Present,Clear,No,0,0,12
No,61.0,Unknown,With Traffic,C: Possible Injury,Male,None - Rural Crash,Robeson,No,Tuesday,Parallel Paths - Other Circumstances,23.0,December,Parallel Paths - Other / Unknown,2013,42.03850604944766,Missing,Unknown Injury,Unknown,Sport Utility,Yes,34.84929065,-79.09228317,Dry,50 - 55  MPH,No Control Present,Clear,No,1,0,12
Yes,23.0,No,With Traffic,B: Suspected Minor Injury,Male,None - Rural Crash,Wayne,No,Thursday,Parallel Paths - Other Circumstances,9.0,December,Parallel Paths - Other / Unknown,2013,42.03850604944766,Unknown,Unknown Injury,Unknown,Unknown,Yes,35.31913202,-78.06316945,"Water (Standing, Moving)",50 - 55  MPH,"Double Yellow Line, No Passing Zone",Rain,No,1,0,12
Yes,26.0,No,With Traffic,C: Possible Injury,Male,Wilson,Wilson,No,Thursday,Bicyclist Failed to Yield - Signalized Intersection,10.0,November,Bicyclist Failed to Clear - Multiple Threat,2013,61.0,No,O: No Injury,Male,Sport Utility,No,35.75501031,-77.92541529,Dry,40 - 45  MPH,Stop And Go Signal,Clear,No,0,0,11
No,20.0,No,With Traffic,O: No Injury,Male,Boone,Watauga,No,Thursday,Bicyclist Overtaking Motorist,16.0,November,Bicyclist Overtaking - Other / Unknown,2013,64.0,No,O: No Injury,Male,Pickup,No,36.20357753,-81.67245724,Dry,30 - 35  MPH,Stop And Go Signal,Clear,No,0,0,11
Yes,23.0,No,Facing Traffic,B: Suspected Minor Injury,Male,None - Rural Crash,Johnston,No,Friday,Bicyclist Right Turn / Merge,18.0,December,Bicyclist Right Turn - Opposite Direction,2013,31.0,No,O: No Injury,Male,Passenger Car,No,35.76447524,-78.26552235,Dry,50 - 55  MPH,"Double Yellow Line, No Passing Zone",Clear,No,0,0,12
No,14.0,No,Facing Traffic,C: Possible Injury,Male,Durham,Durham,No,Monday,Motorist Failed to Yield - Midblock,13.0,December,Motorist Drive Out - Commercial Driveway / Alley,2013,36.0,No,O: No Injury,Male,Pickup,No,35.99028822,-78.85905122,Wet,20 - 25  MPH,No Control Present,Rain,No,0,0,12
Yes,12.0,No,Facing Traffic,B: Suspected Minor Injury,Male,Chapel Hill,Orange,No,Thursday,Bicyclist Failed to Yield - Signalized Intersection,18.0,November,Bicyclist Ride Through - Signalized Intersection,2013,18.0,No,O: No Injury,Male,Passenger Car,No,35.93509586,-79.05618536,Dry,30 - 35  MPH,Stop And Go Signal,Clear,No,0,0,11
Yes,49.0,No,With Traffic,B: Suspected Minor Injury,Male,Asheville,Buncombe,No,Friday,Loss of Control / Turning Error,13.0,November,"Bicyclist Lost Control - Oversteering, Improper Braking, Speed",2013,33.0,No,O: No Injury,Male,Van,No,35.64612291,-82.56836123,Wet,20 - 25  MPH,Stop Sign,Rain,No,0,0,11
No,15.0,No,With Traffic,C: Possible Injury,Male,Mint Hill,Mecklenburg,No,Tuesday,Bicyclist Left Turn / Merge,7.0,November,Bicyclist Left Turn - Same Direction,2013,17.0,No,O: No Injury,Female,Passenger Car,No,35.18783107,-80.68857301,Dry,40 - 45  MPH,No Control Present,Clear,No,0,0,11
Yes,45.0,No,With Traffic,B: Suspected Minor Injury,Male,New Bern,Craven,No,Monday,Motorist Failed to Yield - Sign-Controlled Intersection,18.0,December,Motorist Drive Through - Sign-Controlled Intersection,2013,23.0,No,O: No Injury,Female,Passenger Car,No,35.12444306,-77.0913623,Dry,30 - 35  MPH,Stop Sign,Clear,No,0,0,12
Yes,70.0,No,Not Applicable,C: Possible Injury,Male,Clinton,Sampson,No,Monday,Non-Roadway,7.0,November,Non-Roadway,2013,65.0,No,O: No Injury,Female,Passenger Car,No,35.00589307,-78.31185605,Wet,5 - 15 MPH,No Control Present,Cloudy,No,0,0,11
Yes,21.0,No,With Traffic,C: Possible Injury,Male,None - Rural Crash,Rutherford,No,Tuesday,Motorist Overtaking Bicyclist,8.0,December,Motorist Overtaking - Other / Unknown,2013,78.0,No,O: No Injury,Female,Passenger Car,No,35.29827593,-81.94001595,Dry,40 - 45  MPH,"Double Yellow Line, No Passing Zone",Clear,No,0,0,12
Yes,54.0,No,With Traffic,C: Possible Injury,Male,Monroe,Union,No,Thursday,Loss of Control / Turning Error,17.0,November,Motorist Lost Control - Other / Unknown,2013,57.0,No,O: No Injury,Female,Sport Utility,No,34.97740373,-80.49865473,Dry,50 - 55  MPH,No Control Present,Clear,No,0,0,11
Yes,42.0,No,With Traffic,A: Suspected Serious Injury,Male,Raleigh,Wake,No,Sunday,Motorist Left Turn / Merge,2.0,December,Motorist Left Turn - Opposite Direction,2013,34.0,No,O: No Injury,Female,Sport Utility,No,35.78622144,-78.64725601,Wet,30 - 35  MPH,Stop And Go Signal,Rain,No,0,0,12
Yes,15.0,No,Facing Traffic,C: Possible Injury,Male,Raleigh,Wake,No,Wednesday,Motorist Failed to Yield - Sign-Controlled Intersection,18.0,November,Motorist Drive Out - Sign-Controlled Intersection,2013,50.0,No,O: No Injury,Male,Sport Utility,No,35.9118188,-78.47562696,Dry,30 - 35  MPH,Stop Sign,Clear,No,0,0,11
Yes,30.0,No,With Traffic,C: Possible Injury,Male,Raleigh,Wake,Yes,Tuesday,Loss of Control / Turning Error,13.0,December,Motorist Lost Control - Other / Unknown,2013,44.0,Yes,O: No Injury,Male,Passenger Car,No,35.776524,-78.62657208,Dry,30 - 35  MPH,No Control Present,Clear,No,0,0,12
Yes,64.0,No,With Traffic,C: Possible Injury,Male,Wilmington,New Hanover,No,Thursday,Bicyclist Overtaking Motorist,12.0,November,Bicyclist Overtaking - Parked Vehicle,2013,63.0,No,O: No Injury,Male,Passenger Car,No,34.18243186,-77.89468286,Dry,20 - 25  MPH,No Control Present,Clear,No,0,0,11
Yes,39.0,No,Facing Traffic,B: Suspected Minor Injury,Female,Greenville,Pitt,No,Thursday,Head-On,7.0,September,Head-On - Bicyclist,2013,41.0,No,O: No Injury,Male,Sport Utility,No,35.58384801,-77.3404653,Dry,30 - 35  MPH,No Control Present,Clear,No,0,0,9
Yes,57.0,No,Facing Traffic,C: Possible Injury,Male,Carrboro,Orange,No,Wednesday,Motorist Failed to Yield - Midblock,8.0,November,Motorist Drive Out - Commercial Driveway / Alley,2013,66.0,No,O: No Injury,Male,Passenger Car,No,35.91250389,-79.07218541,Dry,Unknown,No Control Present,Clear,No,0,0,11
Yes,58.0,No,With Traffic,B: Suspected Minor Injury,Male,Four Oaks,Johnston,No,Friday,Motorist Overtaking Bicyclist,6.0,December,Motorist Overtaking - Other / Unknown,2013,76.0,No,O: No Injury,Male,Pickup,No,35.464974,-78.387937,Dry,30 - 35  MPH,No Control Present,Clear,No,0,0,12
Yes,53.0,No,With Traffic,C: Possible Injury,Male,High Point,Guilford,No,Wednesday,Bicyclist Failed to Yield - Sign-Controlled Intersection,11.0,November,Bicyclist Ride Through - Sign-Controlled Intersection,2013,23.0,No,O: No Injury,Female,Passenger Car,No,35.960606,-80.010841,Wet,30 - 35  MPH,Flashing Signal With Stop Sign,"Snow, Sleet, Hail, Freezing Rain/Drizzle",No,0,0,11
Yes,52.0,Yes,Facing Traffic,B: Suspected Minor Injury,Female,Wilmington,New Hanover,Yes,Monday,Bicyclist Failed to Yield - Signalized Intersection,22.0,December,Bicyclist Ride Through - Signalized Intersection,2013,28.0,No,O: No Injury,Male,Passenger Car,No,34.213696,-77.881618,Dry,30 - 35  MPH,Stop And Go Signal,Clear,No,0,0,12
Yes,28.0,No,With Traffic,A: Suspected Serious Injury,Male,Wilmington,New Hanover,No,Wednesday,Motorist Overtaking Bicyclist,18.0,December,Motorist Overtaking - Other / Unknown,2013,62.0,No,O: No Injury,Female,Passenger Car,No,34.257737,-77.838061,Dry,40 - 45  MPH,No Control Present,Clear,No,0,0,12
Yes,30.0,No,With Traffic,C: Possible Injury,Male,Ahoskie,Hertford,No,Monday,Motorist Overtaking Bicyclist,21.0,October,Motorist Overtaking - Other / Unknown,2013,42.03850604944766,Missing,Unknown Injury,Unknown,Unknown,Yes,36.28585063,-76.97954998,Dry,30 - 35  MPH,No Control Present,Cloudy,No,1,0,10
No,3.0,No,Not Applicable,O: No Injury,Male,Lumberton,Robeson,No,Saturday,Non-Roadway,5.0,December,Non-Roadway,2013,42.03850604944766,Missing,Unknown Injury,Unknown,Unknown,Yes,34.64433168,-79.01184735,Dry,30 - 35  MPH,No Control Present,Clear,No,1,0,12
Yes,12.0,No,Facing Traffic,B: Suspected Minor Injury,Male,Pittsboro,Chatham,No,Wednesday,Motorist Failed to Yield - Midblock,16.0,December,Motorist Drive Out - Commercial Driveway / Alley,2013,62.0,No,O: No Injury,Female,Passenger Car,No,35.71998315,-79.17061259,Dry,Unknown,Stop Sign,Clear,No,0,0,12
No,36.0,No,With Traffic,O: No Injury,Male,Cary,Wake,No,Sunday,Parallel Paths - Other Circumstances,6.0,December,Parallel Paths - Other / Unknown,2013,58.0,No,O: No Injury,Female,Sport Utility,No,35.80159989,-78.76756681,Dry,30 - 35  MPH,Stop And Go Signal,Clear,No,0,0,12
No,26.0,Yes,Facing Traffic,C: Possible Injury,Male,Wilmington,New Hanover,Yes,Sunday,Motorist Failed to Yield - Sign-Controlled Intersection,18.0,December,Motorist Drive Out - Sign-Controlled Intersection,2013,42.03850604944766,Missing,Unknown Injury,Unknown,Unknown,Yes,34.23752123,-77.92167287,Dry,20 - 25  MPH,Stop Sign,Clear,No,1,0,12
Yes,54.0,No,With Traffic,B: Suspected Minor Injury,Male,Chadbourn,Columbus,No,Sunday,Motorist Overtaking Bicyclist,17.0,December,Motorist Overtaking - Bicyclist Swerved,2013,65.0,No,O: No Injury,Female,Passenger Car,No,34.3145011,-78.8169302,Dry,30 - 35  MPH,No Control Present,Clear,No,0,0,12
Yes,23.0,No,With Traffic,O: No Injury,Male,Cary,Wake,No,Friday,Motorist Left Turn / Merge,8.0,December,Motorist Left Turn - Opposite Direction,2013,44.0,No,O: No Injury,Female,"Light Truck (Mini-Van, Panel)",No,35.81362109,-78.84825636,Dry,30 - 35  MPH,Stop And Go Signal,Clear,No,0,0,12
Yes,60.0,No,Facing Traffic,C: Possible Injury,Male,Wilmington,New Hanover,No,Wednesday,Motorist Failed to Yield - Sign-Controlled Intersection,14.0,December,Motorist Drive Out - Sign-Controlled Intersection,2013,28.0,No,O: No Injury,Female,Passenger Car,No,34.20705872,-77.92476378,Dry,30 - 35  MPH,Stop Sign,Clear,No,0,0,12
No,34.0,No,Facing Traffic,C: Possible Injury,Male,Wilmington,New Hanover,Yes,Friday,Motorist Failed to Yield - Midblock,0.0,December,Motorist Drive Out - Commercial Driveway / Alley,2013,47.0,Yes,O: No Injury,Male,Pickup,No,34.24222337,-77.89214595,Dry,5 - 15 MPH,Stop And Go Signal,Clear,No,0,0,12
No,41.0,No,Facing Traffic,C: Possible Injury,Male,Concord,Cabarrus,No,Saturday,Motorist Failed to Yield - Sign-Controlled Intersection,18.0,December,Motorist Drive Out - Sign-Controlled Intersection,2013,68.0,No,O: No Injury,Female,Passenger Car,No,35.40671149,-80.58677249,Wet,30 - 35  MPH,Stop Sign,Rain,No,0,0,12
No,59.0,No,With Traffic,A: Suspected Serious Injury,Male,High Point,Guilford,No,Tuesday,Motorist Overtaking Bicyclist,6.0,December,Motorist Overtaking - Undetected Bicyclist,2013,39.0,No,O: No Injury,Male,Passenger Car,No,35.94562949,-80.00489195,Dry,30 - 35  MPH,No Control Present,Clear,No,0,0,12
Yes,42.0,No,Facing Traffic,B: Suspected Minor Injury,Male,Wilmington,New Hanover,No,Saturday,Motorist Failed to Yield - Signalized Intersection,18.0,December,Motorist Drive Out - Signalized Intersection,2013,24.0,No,O: No Injury,Female,Sport Utility,No,34.2272345,-77.87956709,Dry,40 - 45  MPH,Stop And Go Signal,Clear,No,0,0,12
No,54.0,No,Unknown,C: Possible Injury,Male,Elon,Alamance,No,Thursday,Bicyclist Failed to Yield - Sign-Controlled Intersection,11.0,December,Bicyclist Ride Through - Sign-Controlled Intersection,2013,56.0,No,O: No Injury,Male,Single Unit Truck (3 Or More Axles),No,36.10195324,-79.51336933,Dry,30 - 35  MPH,Stop Sign,Clear,No,0,0,12
No,41.0,No,With Traffic,B: Suspected Minor Injury,Male,Rockingham,Richmond,No,Tuesday,Motorist Overtaking Bicyclist,15.0,December,Motorist Overtaking - Misjudged Space,2013,78.0,No,O: No Injury,Male,Pickup,No,34.95913805,-79.74813933,Dry,30 - 35  MPH,"Double Yellow Line, No Passing Zone",Cloudy,No,0,0,12
Yes,69.0,No,With Traffic,B: Suspected Minor Injury,Male,Ayden,Pitt,No,Thursday,Crossing Paths - Other Circumstances,17.0,November,Sign-Controlled Intersection - Other / Unknown,2013,30.0,No,B: Suspected Minor Injury,Female,Passenger Car,No,35.4919477,-77.42848541,Dry,60 - 75 MPH,Stop Sign,Clear,No,0,0,11
Yes,51.0,No,With Traffic,C: Possible Injury,Male,Winston-Salem,Forsyth,No,Tuesday,Motorist Overtaking Bicyclist,22.0,September,Motorist Overtaking - Undetected Bicyclist,2013,22.0,No,O: No Injury,Male,Sport Utility,No,36.06371022,-80.3105128,Dry,40 - 45  MPH,"Double Yellow Line, No Passing Zone",Clear,No,0,0,9
No,22.0,No,Facing Traffic,C: Possible Injury,Male,Wilmington,New Hanover,No,Monday,Motorist Failed to Yield - Sign-Controlled Intersection,16.0,October,Motorist Drive Out - Sign-Controlled Intersection,2013,32.0,No,O: No Injury,Female,Passenger Car,No,34.22578784,-77.86701596,Dry,20 - 25  MPH,Stop Sign,Cloudy,No,0,0,10
Yes,16.0,No,With Traffic,B: Suspected Minor Injury,Male,Greenville,Pitt,No,Sunday,Bicyclist Failed to Yield - Sign-Controlled Intersection,15.0,August,Bicyclist Ride Through - Sign-Controlled Intersection,2013,45.0,No,O: No Injury,Female,Passenger Car,No,35.61583135,-77.38989238,Dry,30 - 35  MPH,Stop Sign,Clear,No,0,0,8
Yes,22.0,No,Not Applicable,B: Suspected Minor Injury,Male,Charlotte,Mecklenburg,No,Monday,Motorist Left Turn / Merge,19.0,January,Motorist Left Turn - Opposite Direction,2015,26.0,No,O: No Injury,Male,Police,No,35.256832,-80.79758744,Dry,40 - 45  MPH,No Control Present,Cloudy,No,0,0,1
Yes,68.0,No,With Traffic,A: Suspected Serious Injury,Male,Charlotte,Mecklenburg,No,Tuesday,Motorist Overtaking Bicyclist,17.0,February,Motorist Overtaking - Undetected Bicyclist,2015,39.0,No,O: No Injury,Male,Sport Utility,No,35.31005697,-80.97345474,Dry,40 - 45  MPH,No Control Present,Clear,No,0,0,2
Yes,28.0,No,With Traffic,B: Suspected Minor Injury,Female,Charlotte,Mecklenburg,No,Wednesday,Loss of Control / Turning Error,10.0,March,Motorist Turning Error - Left Turn,2015,56.0,No,O: No Injury,Male,Van,No,35.19376866,-80.7942855,Wet,20 - 25  MPH,Stop And Go Signal,Cloudy,No,0,0,3
No,10.0,No,Not Applicable,B: Suspected Minor Injury,Female,Charlotte,Mecklenburg,No,Tuesday,Bicyclist Failed to Yield - Midblock,17.0,March,Bicyclist Ride Out - Residential Driveway,2015,40.0,No,O: No Injury,Male,Van,No,35.18367122,-80.75150167,Dry,30 - 35  MPH,No Control Present,Clear,No,0,0,3
Yes,54.0,No,With Traffic,O: No Injury,Female,Charlotte,Mecklenburg,No,Tuesday,Motorist Failed to Yield - Sign-Controlled Intersection,16.0,March,Motorist Drive Out - Sign-Controlled Intersection,2015,47.0,No,O: No Injury,Female,Sport Utility,No,35.08756081,-80.85078165,Dry,30 - 35  MPH,Stop Sign,Cloudy,No,0,0,3
Yes,51.0,No,With Traffic,A: Suspected Serious Injury,Male,Charlotte,Mecklenburg,No,Friday,Motorist Overtaking Bicyclist,5.0,March,Motorist Overtaking - Other / Unknown,2015,43.0,Unknown,O: No Injury,Male,Van,No,35.20788323,-80.75386907,Wet,30 - 35  MPH,No Control Present,Clear,No,0,0,3
No,33.0,No,Facing Traffic,B: Suspected Minor Injury,Female,Charlotte,Mecklenburg,No,Sunday,Motorist Failed to Yield - Signalized Intersection,16.0,March,Motorist Drive Out - Right Turn on Red,2015,45.0,No,O: No Injury,Male,Passenger Car,No,35.20252611,-80.82476039,Dry,30 - 35  MPH,Stop And Go Signal,Clear,No,0,0,3
No,32.52649525389365,Missing,Facing Traffic,Unknown Injury,Unknown,Charlotte,Mecklenburg,No,Wednesday,Crossing Paths - Other Circumstances,18.0,April,Sign-Controlled Intersection - Other / Unknown,2015,52.0,No,O: No Injury,Female,Passenger Car,Yes,35.23459522,-80.81752692,Dry,30 - 35  MPH,Stop Sign,Clear,No,0,1,4
Yes,27.0,No,With Traffic,B: Suspected Minor Injury,Male,Charlotte,Mecklenburg,No,Wednesday,Bicyclist Overtaking Motorist,16.0,April,Bicyclist Overtaking - Parked Vehicle,2015,42.03850604944766,Missing,Unknown Injury,Unknown,Passenger Car,No,35.23914309,-80.85973183,Dry,20 - 25  MPH,No Control Present,Clear,No,1,0,4
Yes,32.0,No,With Traffic,B: Suspected Minor Injury,Male,Charlotte,Mecklenburg,No,Tuesday,Motorist Failed to Yield - Sign-Controlled Intersection,11.0,April,Motorist Drive Out - Sign-Controlled Intersection,2015,46.0,No,O: No Injury,Male,Pickup,No,35.17375411,-80.87588883,Dry,30 - 35  MPH,Stop Sign,Cloudy,No,0,0,4
Yes,53.0,No,With Traffic,B: Suspected Minor Injury,Male,Charlotte,Mecklenburg,No,Monday,Motorist Failed to Yield - Midblock,13.0,April,Motorist Drive Out - Commercial Driveway / Alley,2015,48.0,No,O: No Injury,Male,Pickup,No,35.15264309,-80.8750097,Dry,30 - 35  MPH,No Control Present,Clear,No,0,0,4
No,46.0,No,Facing Traffic,O: No Injury,Male,Charlotte,Mecklenburg,No,Saturday,Motorist Failed to Yield - Sign-Controlled Intersection,12.0,May,Motorist Drive Out - Sign-Controlled Intersection,2015,46.0,No,O: No Injury,Male,Police,No,35.18987368,-80.87574084,Dry,5 - 15 MPH,Stop Sign,Clear,No,0,0,5
No,48.0,No,With Traffic,C: Possible Injury,Female,Charlotte,Mecklenburg,No,Thursday,Motorist Failed to Yield - Sign-Controlled Intersection,14.0,April,Motorist Drive Out - Sign-Controlled Intersection,2015,57.0,No,O: No Injury,Male,Passenger Car,No,35.18352623,-80.83978853,Dry,20 - 25  MPH,Stop Sign,Clear,No,0,0,4
No,32.52649525389365,Missing,With Traffic,Unknown Injury,Male,Charlotte,Mecklenburg,No,Wednesday,Motorist Right Turn / Merge,17.0,May,Motorist Right Turn - Same Direction,2015,40.0,Unknown,O: No Injury,Female,Passenger Car,No,35.21762771,-80.83618088,Dry,30 - 35  MPH,Stop And Go Signal,Clear,No,0,1,5