AmbulanceR,BikeAge,BikeAlcFlg,BikeDir,BikeInjury,BikeSex,City,County,CrashAlcoh,CrashDay,CrashGrp,CrashHour,CrashMonth,CrashType,CrashYear,DrvrAge,DrvrAlcFlg,DrvrInjury,DrvrSex,DrvrVehTyp,HitRun,Latitude,Longitude,RdConditio,SpeedLimit,TraffCntrl,Weather,Workzone,DrvrAgeImputedFlag,BikeAgeImputedFlag,MonthCode
Yes,43.0,No,With Traffic,B: Suspected Minor Injury,Male,Charlotte,Mecklenburg,No,Saturday,Motorist Left Turn / Merge,7.0,May,Motorist Left Turn - Opposite Direction,2015,55.0,No,O: No Injury,Male,Passenger Car,No,35.07860441,-80.86856571,Dry,30 - 35  MPH,No Control Present,Clear,No,0,0,5
Yes,26.0,No,With Traffic,B: Suspected Minor Injury,Male,Charlotte,Mecklenburg,No,Thursday,Motorist Failed to Yield - Sign-Controlled Intersection,18.0,May,Motorist Drive Out - Sign-Controlled Intersection,2015,54.0,No,C: Possible Injury,Male,Passenger Car,No,35.2054189,-80.79655451,Dry,30 - 35  MPH,Stop Sign,Clear,No,0,0,5
Yes,6.0,No,Not Applicable,C: Possible Injury,Male,Charlotte,Mecklenburg,No,Thursday,Bicyclist Failed to Yield - Midblock,20.0,May,Bicyclist Ride Out - Residential Driveway,2015,17.0,No,O: No Injury,Female,Passenger Car,No,35.20926546,-80.72217691,Dry,20 - 25  MPH,No Control Present,Clear,No,0,0,5
No,24.0,No,With Traffic,B: Suspected Minor Injury,Male,Charlotte,Mecklenburg,No,Monday,Bicyclist Failed to Yield - Signalized Intersection,11.0,May,Bicyclist Ride Through - Signalized Intersection,2015,33.0,No,O: No Injury,Female,Passenger Car,No,35.22652532,-80.74723624,Dry,30 - 35  MPH,Stop And Go Signal,Clear,No,0,0,5
No,23.0,Unknown,With Traffic,O: No Injury,Male,Charlotte,Mecklenburg,No,Sunday,Motorist Failed to Yield - Signalized Intersection,15.0,May,Motorist Drive Through - Signalized Intersection,2015,38.0,Unknown,O: No Injury,Male,Van,No,35.2252931,-80.83681436,Dry,30 - 35  MPH,Stop And Go Signal,Clear,No,0,0,5
No,28.0,No,With Traffic,C: Possible Injury,Male,Charlotte,Mecklenburg,No,Thursday,Motorist Overtaking Bicyclist,18.0,June,Motorist Overtaking - Bicyclist Swerved,2015,53.0,No,O: No Injury,Male,Passenger Car,No,35.16730108,-80.84211867,Dry,20 - 25  MPH,No Control Present,Clear,No,0,0,6
No,60.0,No,With Traffic,B: Suspected Minor Injury,Male,Charlotte,Mecklenburg,No,Tuesday,Loss of Control / Turning Error,10.0,June,Bicyclist Lost Control - Mechanical Problems,2015,42.03850604944766,Missing,Unknown Injury,Unknown,Passenger Car,No,35.07770252,-80.7453828,Dry,30 - 35  MPH,No Control Present,Clear,No,1,0,6
Yes,34.0,No,Facing Traffic,C: Possible Injury,Male,Charlotte,Mecklenburg,No,Monday,Motorist Failed to Yield - Midblock,18.0,July,Motorist Drive Out - Commercial Driveway / Alley,2015,32.0,No,O: No Injury,Female,Passenger Car,No,35.21545151,-80.78003957,Dry,5 - 15 MPH,Stop Sign,Clear,No,0,0,7
No,37.0,No,With Traffic,B: Suspected Minor Injury,Male,Charlotte,Mecklenburg,No,Monday,Bicyclist Right Turn / Merge,8.0,July,Bicyclist Right Turn - Same Direction,2015,33.0,No,O: No Injury,Female,Passenger Car,No,35.20704723,-80.86086783,Dry,40 - 45  MPH,No Control Present,Clear,No,0,0,7
No,15.0,No,With Traffic,C: Possible Injury,Male,Charlotte,Mecklenburg,No,Wednesday,Motorist Left Turn / Merge,19.0,July,Motorist Left Turn - Opposite Direction,2015,32.0,No,O: No Injury,Male,Passenger Car,No,35.26137909,-80.83094706,Wet,30 - 35  MPH,No Control Present,Cloudy,No,0,0,7
No,19.0,No,With Traffic,B: Suspected Minor Injury,Female,Charlotte,Mecklenburg,No,Tuesday,Motorist Failed to Yield - Sign-Controlled Intersection,18.0,July,Motorist Drive Out - Sign-Controlled Intersection,2015,51.0,No,O: No Injury,Female,Sport Utility,No,35.36967315,-80.78420993,Dry,30 - 35  MPH,Yield Sign,Clear,No,0,0,7
No,54.0,No,With Traffic,B: Suspected Minor Injury,Male,Charlotte,Mecklenburg,No,Monday,Motorist Overtaking Bicyclist,11.0,July,Motorist Overtaking - Undetected Bicyclist,2015,21.0,No,O: No Injury,Female,Passenger Car,No,35.08901546,-80.76878689,Dry,20 - 25  MPH,No Control Present,Clear,No,0,0,7
Yes,46.0,No,With Traffic,B: Suspected Minor Injury,Female,Charlotte,Mecklenburg,No,Thursday,Motorist Left Turn / Merge,17.0,July,Motorist Left Turn - Opposite Direction,2015,78.0,No,O: No Injury,Male,Passenger Car,No,35.26709444,-80.93038425,Wet,40 - 45  MPH,No Control Present,Rain,No,0,0,7
Yes,49.0,No,With Traffic,C: Possible Injury,Female,Charlotte,Mecklenburg,No,Saturday,Crossing Paths - Other Circumstances,11.0,July,Crossing Paths - Intersection - Other / Unknown,2015,74.0,No,O: No Injury,Male,Passenger Car,No,35.18161798,-80.83834211,Dry,30 - 35  MPH,Human Control,Clear,No,0,0,7
Yes,25.0,No,Facing Traffic,C: Possible Injury,Female,Charlotte,Mecklenburg,No,Saturday,Motorist Failed to Yield - Midblock,12.0,July,Motorist Drive Out - Residential Driveway,2015,54.0,No,O: No Injury,Male,Passenger Car,No,35.19954099,-80.76067667,Dry,30 - 35  MPH,Stop Sign,Clear,No,0,0,7
No,15.0,No,Facing Traffic,B: Suspected Minor Injury,Male,Charlotte,Mecklenburg,No,Monday,Motorist Failed to Yield - Signalized Intersection,16.0,August,Motorist Drive Out - Right Turn on Red,2015,57.0,No,O: No Injury,Female,Passenger Car,No,35.14237504,-80.93049844,Dry,40 - 45  MPH,Stop And Go Signal,Clear,No,0,0,8
No,15.0,No,Facing Traffic,C: Possible Injury,Male,Charlotte,Mecklenburg,No,Thursday,Motorist Failed to Yield - Signalized Intersection,8.0,August,Motorist Drive Out - Right Turn on Red,2015,60.0,Unknown,O: No Injury,Female,Passenger Car,No,35.2682929,-80.85386338,Dry,30 - 35  MPH,Stop And Go Signal,Clear,No,0,0,8
Yes,20.0,No,Facing Traffic,B: Suspected Minor Injury,Female,Charlotte,Mecklenburg,No,Wednesday,Motorist Failed to Yield - Sign-Controlled Intersection,16.0,August,Motorist Drive Out - Sign-Controlled Intersection,2015,40.0,No,O: No Injury,Female,Sport Utility,No,35.17633139,-80.79721142,Dry,30 - 35  MPH,Stop Sign,Clear,No,0,0,8
No,14.0,No,Facing Traffic,C: Possible Injury,Male,Charlotte,Mecklenburg,No,Friday,Motorist Failed to Yield - Midblock,10.0,August,Motorist Drive Out - Residential Driveway,2015,35.0,No,O: No Injury,Male,Police,No,35.2116466,-80.76046096,Dry,30 - 35  MPH,No Control Present,Clear,No,0,0,8
No,34.0,No,Facing Traffic,Unknown Injury,Male,Charlotte,Mecklenburg,No,Monday,Motorist Left Turn / Merge,14.0,August,Motorist Left Turn - Same Direction,2015,42.03850604944766,Missing,Unknown Injury,Unknown,Unknown,Yes,35.14408713,-80.94105172,Dry,30 - 35  MPH,No Control Present,Clear,No,1,0,8
No,25.0,No,Facing Traffic,O: No Injury,Female,Charlotte,Mecklenburg,No,Tuesday,Head-On,15.0,August,Head-On - Bicyclist,2015,19.0,No,O: No Injury,Male,Passenger Car,No,35.26031856,-80.83628231,Dry,20 - 25  MPH,No Control Present,Clear,No,0,0,8
Yes,20.0,No,With Traffic,C: Possible Injury,Male,Charlotte,Mecklenburg,No,Tuesday,Motorist Failed to Yield - Sign-Controlled Intersection,0.0,August,Motorist Drive Out - Sign-Controlled Intersection,2015,23.0,No,O: No Injury,Female,Passenger Car,No,35.26019472,-80.84883074,Dry,20 - 25  MPH,Stop Sign,Clear,No,0,0,8
No,25.0,No,Facing Traffic,O: No Injury,Male,Charlotte,Mecklenburg,No,Tuesday,Motorist Failed to Yield - Midblock,17.0,August,Motorist Drive Out - Midblock - Unknown,2015,60.0,No,O: No Injury,Female,Passenger Car,No,35.305735,-80.724177,Dry,5 - 15 MPH,Other,Clear,No,0,0,8
Yes,9.0,No,Facing Traffic,B: Suspected Minor Injury,Male,Charlotte,Mecklenburg,No,Saturday,Bicyclist Failed to Yield - Sign-Controlled Intersection,18.0,September,Bicyclist Ride Through - Sign-Controlled Intersection,2015,16.0,No,O: No Injury,Male,Passenger Car,No,35.17805193,-80.7421813,Dry,20 - 25  MPH,Stop Sign,Clear,No,0,0,9
Yes,58.0,No,With Traffic,B: Suspected Minor Injury,Male,Charlotte,Mecklenburg,No,Sunday,Motorist Left Turn / Merge,12.0,September,Motorist Left Turn - Opposite Direction,2015,73.0,No,O: No Injury,Male,Passenger Car,No,35.19290721,-80.83673751,Dry,30 - 35  MPH,No Control Present,Clear,No,0,0,9
Yes,73.0,No,With Traffic,K: Killed,Male,Charlotte,Mecklenburg,No,Sunday,Loss of Control / Turning Error,11.0,September,Motorist Lost Control - Other / Unknown,2015,38.0,No,O: No Injury,Male,Pickup,No,35.23281471,-80.81093389,Dry,30 - 35  MPH,Stop And Go Signal,Clear,No,0,0,9
No,74.0,No,With Traffic,K: Killed,Male,Charlotte,Mecklenburg,No,Wednesday,Bicyclist Left Turn / Merge,10.0,September,Bicyclist Left Turn - Same Direction,2015,52.0,Unknown,O: No Injury,Female,Commercial Bus,No,35.34284629,-80.84189787,Dry,40 - 45  MPH,No Control Present,Clear,No,0,0,9
Yes,21.0,No,With Traffic,B: Suspected Minor Injury,Male,Charlotte,Mecklenburg,No,Friday,Motorist Overtaking Bicyclist,3.0,September,Motorist Overtaking - Other / Unknown,2015,42.03850604944766,Missing,Unknown Injury,Unknown,Pickup,Yes,35.22183469,-80.7712234,Wet,30 - 35  MPH,No Control Present,Cloudy,No,1,0,9
No,90.0,No,Facing Traffic,B: Suspected Minor Injury,Male,Charlotte,Mecklenburg,No,Sunday,Crossing Paths - Other Circumstances,14.0,September,Signalized Intersection - Other / Unknown,2015,42.03850604944766,Missing,Unknown Injury,Unknown,Unknown,Yes,35.09245968,-80.79758472,Wet,30 - 35  MPH,Stop And Go Signal,Rain,No,1,0,9
Yes,72.0,No,Facing Traffic,C: Possible Injury,Male,Charlotte,Mecklenburg,No,Wednesday,Motorist Failed to Yield - Sign-Controlled Intersection,18.0,October,Motorist Drive Out - Sign-Controlled Intersection,2015,38.0,No,O: No Injury,Female,Sport Utility,No,35.15137985,-80.79318126,Dry,20 - 25  MPH,Stop Sign,Clear,No,0,0,10
No,42.0,No,With Traffic,B: Suspected Minor Injury,Female,Charlotte,Mecklenburg,No,Saturday,Motorist Overtaking Bicyclist,8.0,October,Motorist Overtaking - Undetected Bicyclist,2015,17.0,No,O: No Injury,Male,Passenger Car,No,35.02191499,-80.84993524,Dry,20 - 25  MPH,No Control Present,Clear,No,0,0,10
Yes,41.0,No,Facing Traffic,B: Suspected Minor Injury,Female,Charlotte,Mecklenburg,No,Friday,Motorist Failed to Yield - Midblock,16.0,October,Motorist Drive Out - Commercial Driveway / Alley,2015,23.0,No,O: No Injury,Male,Sport Utility,No,35.15335927,-80.7466339,Dry,40 - 45  MPH,No Control Present,Clear,No,0,0,10
Yes,60.0,No,Facing Traffic,C: Possible Injury,Male,Charlotte,Mecklenburg,No,Wednesday,Motorist Failed to Yield - Midblock,11.0,November,Motorist Drive Out - Commercial Driveway / Alley,2015,69.0,No,O: No Injury,Male,Passenger Car,No,35.22796548,-80.84388569,Wet,5 - 15 MPH,Stop Sign,Rain,No,0,0,11
Yes,23.0,No,With Traffic,C: Possible Injury,Male,Charlotte,Mecklenburg,No,Thursday,Bicyclist Overtaking Motorist,13.0,September,Bicyclist Overtaking - Extended Door,2015,33.0,No,O: No Injury,Male,Pickup,No,35.23244828,-80.85055018,Dry,20 - 25  MPH,Stop And Go Signal,Cloudy,No,0,0,9
Yes,58.0,No,With Traffic,C: Possible Injury,Male,Charlotte,Mecklenburg,No,Thursday,Motorist Failed to Yield - Midblock,16.0,November,Motorist Drive Out - Commercial Driveway / Alley,2015,49.0,No,O: No Injury,Female,Sport Utility,No,35.1142841,-80.96210163,Dry,5 - 15 MPH,Stop Sign,Clear,No,0,0,11
No,57.0,No,With Traffic,B: Suspected Minor Injury,Male,Charlotte,Mecklenburg,No,Tuesday,Crossing Paths - Other Circumstances,16.0,November,Sign-Controlled Intersection - Other / Unknown,2015,40.0,No,O: No Injury,Male,Van,No,35.1409393,-80.81299708,Dry,30 - 35  MPH,Stop Sign,Clear,No,0,0,11
Yes,40.0,No,With Traffic,B: Suspected Minor Injury,Male,Charlotte,Mecklenburg,No,Thursday,Motorist Right Turn / Merge,17.0,November,Motorist Right Turn - Same Direction,2015,39.0,No,O: No Injury,Female,Passenger Car,No,35.20542159,-80.83969257,Dry,20 - 25  MPH,No Control Present,Clear,No,0,0,11
No,65.0,No,Facing Traffic,C: Possible Injury,Male,Charlotte,Mecklenburg,No,Friday,Motorist Failed to Yield - Sign-Controlled Intersection,17.0,November,Motorist Drive Out - Sign-Controlled Intersection,2015,49.0,No,O: No Injury,Female,Sport Utility,No,35.08756018,-80.86350187,Dry,30 - 35  MPH,Stop Sign,Clear,No,0,0,11
Yes,52.0,No,With Traffic,C: Possible Injury,Male,Charlotte,Mecklenburg,No,Saturday,Motorist Failed to Yield - Sign-Controlled Intersection,19.0,November,Motorist Drive Through - Sign-Controlled Intersection,2015,56.0,No,O: No Injury,Male,Passenger Car,No,35.17617727,-80.75641254,Wet,30 - 35  MPH,Stop Sign,Cloudy,No,0,0,11
Yes,24.0,No,Unknown,C: Possible Injury,Male,Charlotte,Mecklenburg,No,Sunday,Bicyclist Failed to Yield - Signalized Intersection,10.0,December,Bicyclist Ride Through - Signalized Intersection,2015,37.0,No,O: No Injury,Female,Passenger Car,No,35.21328677,-80.83396593,Dry,30 - 35  MPH,Stop And Go Signal,Clear,No,0,0,12
No,32.52649525389365,Missing,Not Applicable,Unknown Injury,Unknown,Charlotte,Mecklenburg,No,Thursday,Bicyclist Failed to Yield - Midblock,12.0,December,Bicyclist Ride Out - Midblock - Unknown,2015,42.03850604944766,Missing,Unknown Injury,Unknown,Unknown,Yes,35.17224359,-80.85450742,Wet,30 - 35  MPH,No Control Present,Cloudy,No,1,1,12
No,23.0,No,With Traffic,O: No Injury,Male,None - Rural Crash,New Hanover,No,Friday,Motorist Right Turn / Merge,17.0,January,Motorist Right Turn - Same Direction,2016,42.03850604944766,Missing,Unknown Injury,Unknown,Unknown,Yes,34.22883852,-77.86926598,"Water (Standing, Moving)",20 - 25  MPH,No Control Present,Clear,No,1,0,1
Yes,21.0,No,With Traffic,B: Suspected Minor Injury,Male,None - Rural Crash,Dare,No,Friday,Motorist Left Turn / Merge,9.0,May,Motorist Left Turn - Opposite Direction,2014,43.0,No,O: No Injury,Male,Pickup,No,36.01320475,-75.71178689,Dry,30 - 35  MPH,"Double Yellow Line, No Passing Zone",Clear,No,0,0,5
Yes,62.0,No,With Traffic,B: Suspected Minor Injury,Male,Durham,Durham,No,Tuesday,Motorist Overtaking Bicyclist,11.0,July,Motorist Overtaking - Undetected Bicyclist,2014,59.0,No,O: No Injury,Male,Sport Utility,No,36.12503638,-78.8646519,Dry,30 - 35  MPH,Yield Sign,Clear,No,0,0,7
Yes,56.0,No,With Traffic,B: Suspected Minor Injury,Male,Waxhaw,Union,No,Sunday,Motorist Left Turn / Merge,10.0,October,Motorist Left Turn - Opposite Direction,2014,17.0,No,O: No Injury,Male,Passenger Car,No,34.94416253,-80.77120407,Dry,40 - 45  MPH,No Control Present,Clear,No,0,0,10
Yes,25.0,Yes,Not Applicable,B: Suspected Minor Injury,Male,Greensboro,Guilford,Yes,Saturday,Bicyclist Failed to Yield - Midblock,2.0,May,Bicyclist Ride Out - Other Midblock,2015,30.0,No,O: No Injury,Male,Passenger Car,No,36.06305603,-79.8101694,Dry,30 - 35  MPH,Stop And Go Signal,Clear,No,0,0,5
Yes,9.0,No,With Traffic,B: Suspected Minor Injury,Male,Elizabeth City,Pasquotank,No,Friday,Bicyclist Failed to Yield - Sign-Controlled Intersection,17.0,May,Bicyclist Ride Through - Sign-Controlled Intersection,2015,27.0,No,O: No Injury,Female,Passenger Car,No,36.30547075,-76.2221409,Dry,20 - 25  MPH,Stop Sign,Clear,No,0,0,5
Yes,51.0,No,With Traffic,B: Suspected Minor Injury,Male,None - Rural Crash,Harnett,No,Monday,Motorist Overtaking Bicyclist,19.0,September,Motorist Overtaking - Other / Unknown,2015,38.0,No,O: No Injury,Male,Passenger Car,No,35.43376281,-78.79096524,Dry,50 - 55  MPH,"Double Yellow Line, No Passing Zone",Clear,No,0,0,9
Yes,49.0,No,With Traffic,B: Suspected Minor Injury,Female,None - Rural Crash,Rowan,No,Tuesday,Head-On,19.0,September,Head-On - Motorist,2015,23.0,No,O: No Injury,Female,Passenger Car,No,35.5248697,-80.71999035,Dry,50 - 55  MPH,No Control Present,Clear,No,0,0,9
No,38.0,No,With Traffic,B: Suspected Minor Injury,Male,Charlotte,Mecklenburg,No,Thursday,Motorist Left Turn / Merge,0.0,April,Motorist Left Turn - Opposite Direction,2016,31.0,No,O: No Injury,Male,Passenger Car,No,35.21321403,-80.81702784,Dry,20 - 25  MPH,Stop Sign,Clear,No,0,0,4
Yes,27.0,No,With Traffic,B: Suspected Minor Injury,Male,Raleigh,Wake,No,Wednesday,Motorist Left Turn / Merge,18.0,November,Motorist Left Turn - Opposite Direction,2016,63.0,No,O: No Injury,Female,Passenger Car,No,35.78827681,-78.64216013,Dry,30 - 35  MPH,Stop And Go Signal,Cloudy,No,0,0,11
No,15.0,No,With Traffic,B: Suspected Minor Injury,Male,Mooresville,Iredell,No,Monday,Parallel Paths - Other Circumstances,21.0,January,Parallel Paths - Other / Unknown,2017,42.03850604944766,Missing,Unknown Injury,Unknown,Pickup,Yes,35.56246716,-80.81363283,Dry,30 - 35  MPH,No Control Present,Clear,No,1,0,1
Yes,54.0,No,With Traffic,B: Suspected Minor Injury,Male,None - Rural Crash,Wake,Yes,Friday,Loss of Control / Turning Error,12.0,March,Motorist Lost Control - Alcohol / Drug Impairment,2017,36.0,Yes,O: No Injury,Male,Passenger Car,No,35.77419415,-78.92197138,Dry,40 - 45  MPH,"Double Yellow Line, No Passing Zone",Clear,No,0,0,3
Yes,28.0,No,Facing Traffic,B: Suspected Minor Injury,Male,Washington Park,Beaufort,No,Friday,Head-On,22.0,April,Head-On - Motorist,2017,19.0,No,B: Suspected Minor Injury,Male,Moped,No,35.53443932,-77.03097783,Dry,30 - 35  MPH,No Control Present,Clear,No,0,0,4
Yes,46.0,Unknown,With Traffic,B: Suspected Minor Injury,Female,Mooresville,Iredell,No,Sunday,Motorist Overtaking Bicyclist,8.0,July,Motorist Overtaking - Undetected Bicyclist,2017,80.0,Unknown,O: No Injury,Male,Passenger Car,No,35.63823708,-80.78816121,Dry,40 - 45  MPH,No Control Present,Clear,No,0,0,7
Yes,8.0,No,Not Applicable,B: Suspected Minor Injury,Male,Greenville,Pitt,No,Sunday,Non-Roadway,17.0,August,Non-Roadway,2017,62.0,No,O: No Injury,Male,Sport Utility,Yes,35.60972415,-77.41940415,Dry,Unknown,No Control Present,Clear,No,0,0,8
Yes,59.0,No,With Traffic,B: Suspected Minor Injury,Male,None - Rural Crash,Surry,No,Wednesday,Motorist Overtaking Bicyclist,13.0,October,Motorist Overtaking - Other / Unknown,2017,77.0,No,O: No Injury,Female,Passenger Car,No,36.37152846,-80.8685919,Dry,50 - 55  MPH,"Double Yellow Line, No Passing Zone",Clear,No,0,0,10
Yes,47.0,Yes,With Traffic,B: Suspected Minor Injury,Male,None - Rural Crash,Robeson,Yes,Saturday,Motorist Overtaking Bicyclist,18.0,January,Motorist Overtaking - Undetected Bicyclist,2014,28.0,No,O: No Injury,Female,Passenger Car,No,34.681035,-79.118142,Dry,50 - 55  MPH,"Double Yellow Line, No Passing Zone",Clear,No,0,0,1
Yes,20.0,No,Not Applicable,B: Suspected Minor Injury,Male,None - Rural Crash,Mecklenburg,No,Saturday,Motorist Failed to Yield - Midblock,15.0,January,Motorist Drive Out - Commercial Driveway / Alley,2014,51.0,No,O: No Injury,Male,Passenger Car,No,35.14929703,-80.89785518,Wet,30 - 35  MPH,No Control Present,Rain,No,0,0,1
Yes,62.0,No,Facing Traffic,B: Suspected Minor Injury,Male,Charlotte,Mecklenburg,No,Monday,Bicyclist Failed to Yield - Signalized Intersection,12.0,January,Bicyclist Ride Out - Signalized  Intersection,2014,19.0,No,O: No Injury,Male,Passenger Car,No,35.25812143,-80.79481979,Dry,40 - 45  MPH,Stop And Go Signal,Clear,No,0,0,1
Yes,48.0,No,With Traffic,B: Suspected Minor Injury,Male,Charlotte,Mecklenburg,No,Wednesday,Motorist Failed to Yield - Midblock,14.0,January,Motorist Drive Out - Commercial Driveway / Alley,2014,85.0,No,O: No Injury,Female,Passenger Car,No,35.21178632,-80.68958734,Dry,40 - 45  MPH,Stop Sign,Clear,No,0,0,1
Yes,75.0,No,With Traffic,B: Suspected Minor Injury,Male,None - Rural Crash,Pamlico,No,Wednesday,Motorist Right Turn / Merge,16.0,January,Motorist Right Turn - Same Direction,2014,82.0,No,O: No Injury,Female,Passenger Car,No,35.02586881,-76.81744985,Dry,50 - 55  MPH,"Double Yellow Line, No Passing Zone",Clear,No,0,0,1
Yes,26.0,No,With Traffic,B: Suspected Minor Injury,Male,None - Rural Crash,Gaston,No,Friday,Loss of Control / Turning Error,20.0,January,Bicyclist Lost Control - Other / Unknown,2014,60.0,No,O: No Injury,Male,Pickup,No,35.31552491,-81.03055033,Wet,30 - 35  MPH,"Double Yellow Line, No Passing Zone",Cloudy,No,0,0,1
Yes,36.0,No,With Traffic,B: Suspected Minor Injury,Male,None - Rural Crash,Washington,No,Monday,Motorist Overtaking Bicyclist,17.0,January,Motorist Overtaking - Other / Unknown,2014,82.0,No,O: No Injury,Female,Passenger Car,No,35.840879,-76.73539796,Dry,40 - 45  MPH,No Control Present,Clear,No,0,0,1
Yes,29.0,No,With Traffic,B: Suspected Minor Injury,Male,Durham,Durham,No,Friday,Motorist Left Turn / Merge,19.0,January,Motorist Left Turn - Opposite Direction,2014,42.03850604944766,Missing,Unknown Injury,Unknown,Passenger Car,Yes,36.00758575,-78.94613757,Dry,40 - 45  MPH,Stop And Go Signal,Clear,No,1,0,1
Yes,60.0,No,With Traffic,B: Suspected Minor Injury,Male,Charlotte,Mecklenburg,No,Saturday,Motorist Overtaking Bicyclist,15.0,February,Motorist Overtaking - Other / Unknown,2014,23.0,No,O: No Injury,Female,Sport Utility,No,35.18098075,-80.83657746,Dry,30 - 35  MPH,No Control Present,Clear,No,0,0,2
Yes,17.0,No,Not Applicable,B: Suspected Minor Injury,Male,Raleigh,Wake,No,Tuesday,Bicyclist Failed to Yield - Midblock,13.0,February,Bicyclist Ride Out - Other Midblock,2014,34.0,No,O: No Injury,Female,Sport Utility,No,35.75529731,-78.61236969,Dry,40 - 45  MPH,No Control Present,Cloudy,No,0,0,2
Yes,20.0,No,With Traffic,B: Suspected Minor Injury,Male,Greensboro,Guilford,No,Monday,Parallel Paths - Other Circumstances,19.0,January,Motorist Turn / Merge - Other / Unknown,2014,42.03850604944766,Unknown,Unknown Injury,Unknown,Passenger Car,Yes,36.09564587,-79.76991995,Dry,30 - 35  MPH,Stop Sign,Clear,No,1,0,1
Yes,15.0,No,With Traffic,B: Suspected Minor Injury,Male,None - Rural Crash,Buncombe,No,Wednesday,Bicyclist Left Turn / Merge,21.0,February,Bicyclist Left Turn - Same Direction,2014,42.03850604944766,Unknown,Unknown Injury,Unknown,Pickup,Yes,35.47230784,-82.5267386,Snow,30 - 35  MPH,"Double Yellow Line, No Passing Zone","Snow, Sleet, Hail, Freezing Rain/Drizzle",No,1,0,2
Yes,31.0,No,Not Applicable,B: Suspected Minor Injury,Male,Raleigh,Wake,No,Saturday,Crossing Paths - Other Circumstances,1.0,February,Crossing Paths - Uncontrolled Intersection,2014,42.03850604944766,Missing,Unknown Injury,Unknown,Unknown,Yes,35.79855932,-78.62449156,Wet,30 - 35  MPH,No Control Present,Clear,No,1,0,2
Yes,6.0,No,Not Applicable,B: Suspected Minor Injury,Female,Greenville,Pitt,No,Friday,Other / Unusual Circumstances,17.0,February,Play Vehicle-Related,2014,48.0,No,O: No Injury,Female,"Light Truck (Mini-Van, Panel)",No,35.60462032,-77.42758438,Dry,30 - 35  MPH,No Control Present,Clear,No,0,0,2
Yes,42.0,Yes,Facing Traffic,B: Suspected Minor Injury,Male,Wilson,Wilson,Yes,Saturday,Loss of Control / Turning Error,21.0,January,Bicylist Lost Control - Alcohol / Drug Impairment,2014,24.0,No,O: No Injury,Male,Passenger Car,No,35.71862641,-77.90285828,Wet,30 - 35  MPH,No Control Present,Clear,No,0,0,1
Yes,54.0,No,Facing Traffic,B: Suspected Minor Injury,Male,High Point,Guilford,No,Monday,Bicyclist Failed to Yield - Signalized Intersection,17.0,January,Bicyclist Ride Through - Signalized Intersection,2014,77.0,No,O: No Injury,Male,Sport Utility,No,35.9536955,-79.99197667,Dry,40 - 45  MPH,Flashing Stop And Go Signal,Clear,No,0,0,1
Yes,12.0,No,Not Applicable,B: Suspected Minor Injury,Male,None - Rural Crash,Duplin,No,Monday,Bicyclist Failed to Yield - Midblock,16.0,February,Bicyclist Ride Out - Residential Driveway,2014,17.0,No,O: No Injury,Male,Passenger Car,No,35.05773468,-77.99871882,Dry,50 - 55  MPH,No Control Present,Clear,No,0,0,2
Yes,21.0,No,With Traffic,B: Suspected Minor Injury,Male,None - Rural Crash,Bertie,No,Saturday,Motorist Overtaking Bicyclist,1.0,February,Motorist Overtaking - Bicyclist Swerved,2014,37.0,No,O: No Injury,Male,Passenger Car,No,35.93585037,-76.92439669,Dry,40 - 45  MPH,No Control Present,Clear,No,0,0,2
Yes,20.0,Yes,Not Applicable,B: Suspected Minor Injury,Male,Charlotte,Mecklenburg,Yes,Tuesday,Bicyclist Failed to Yield - Midblock,22.0,March,Bicyclist Ride Out - Other Midblock,2014,43.0,No,O: No Injury,Female,Passenger Car,No,35.17225504,-80.85469428,Dry,30 - 35  MPH,No Control Present,Clear,No,0,0,3
Yes,32.0,No,With Traffic,B: Suspected Minor Injury,Male,Raleigh,Wake,No,Sunday,Bicyclist Overtaking Motorist,10.0,March,Bicyclist Overtaking - Extended Door,2014,26.0,Missing,O: No Injury,Female,Passenger Car,No,35.78458409,-78.64896281,Dry,20 - 25  MPH,No Control Present,Clear,No,0,0,3
Yes,35.0,No,With Traffic,B: Suspected Minor Injury,Female,None - Rural Crash,Durham,No,Monday,Motorist Overtaking Bicyclist,7.0,January,Motorist Overtaking - Other / Unknown,2014,68.0,No,O: No Injury,Male,Sport Utility,No,35.90046289,-78.88009115,Dry,40 - 45  MPH,"Double Yellow Line, No Passing Zone",Clear,No,0,0,1
Yes,12.0,No,With Traffic,B: Suspected Minor Injury,Male,None - Rural Crash,Hoke,No,Monday,Bicyclist Left Turn / Merge,18.0,March,Bicyclist Left Turn - Same Direction,2014,18.0,No,O: No Injury,Female,Sport Utility,No,34.9910378,-79.18665688,Dry,40 - 45  MPH,"Double Yellow Line, No Passing Zone",Clear,No,0,0,3
Yes,56.0,Yes,With Traffic,B: Suspected Minor Injury,Male,None - Rural Crash,Edgecombe,Yes,Tuesday,Motorist Overtaking Bicyclist,20.0,March,Motorist Overtaking - Other / Unknown,2014,42.03850604944766,Unknown,Unknown Injury,Unknown,Unknown,Yes,35.84975337,-77.4922336,Dry,50 - 55  MPH,No Control Present,Clear,No,1,0,3