AmbulanceR,BikeAge,BikeAlcFlg,BikeDir,BikeInjury,BikeSex,City,County,CrashAlcoh,CrashDay,CrashGrp,CrashHour,CrashMonth,CrashType,CrashYear,DrvrAge,DrvrAlcFlg,DrvrInjury,DrvrSex,DrvrVehTyp,HitRun,Latitude,Longitude,RdConditio,SpeedLimit,TraffCntrl,Weather,Workzone,DrvrAgeImputedFlag,BikeAgeImputedFlag,MonthCode
Yes,26.0,No,With Traffic,B: Suspected Minor Injury,Male,Asheville,Buncombe,No,Tuesday,Bicyclist Failed to Yield - Signalized Intersection,21.0,February,Bicyclist Ride Through - Signalized Intersection,2014,31.0,No,O: No Injury,Male,Passenger Car,No,35.59661381,-82.5522514,Dry,20 - 25  MPH,Flashing Stop And Go Signal,Clear,No,0,0,2
No,56.0,Yes,With Traffic,B: Suspected Minor Injury,Male,Zebulon,Wake,Yes,Monday,Loss of Control / Turning Error,20.0,March,Bicyclist Lost Control - Mechanical Problems,2014,27.0,No,O: No Injury,Female,Passenger Car,No,35.82589489,-78.30989244,Wet,30 - 35  MPH,Stop Sign,Rain,No,0,0,3
No,42.0,No,With Traffic,B: Suspected Minor Injury,Male,Raleigh,Wake,Yes,Wednesday,Motorist Left Turn / Merge,19.0,March,Motorist Left Turn - Opposite Direction,2014,43.0,Yes,O: No Injury,Male,Passenger Car,No,35.76400712,-78.63142983,Dry,30 - 35  MPH,No Control Present,Cloudy,No,0,0,3
Yes,15.0,No,With Traffic,O: No Injury,Male,Clemmons,Forsyth,No,Thursday,Motorist Failed to Yield - Sign-Controlled Intersection,18.0,March,Motorist Drive Out - Sign-Controlled Intersection,2014,35.0,No,O: No Injury,Female,Van,No,36.05293968,-80.40260142,Dry,40 - 45  MPH,Stop Sign,Clear,No,0,0,3
Yes,13.0,No,With Traffic,B: Suspected Minor Injury,Female,None - Rural Crash,Dare,No,Saturday,Loss of Control / Turning Error,14.0,March,Motorist Turning Error - Left Turn,2014,56.0,No,O: No Injury,Male,Sport Utility,No,35.839675,-75.646446,Dry,30 - 35  MPH,No Control Present,Clear,No,0,0,3
Yes,21.0,No,Unknown,B: Suspected Minor Injury,Female,Charlotte,Mecklenburg,No,Monday,Crossing Paths - Other Circumstances,13.0,March,Crossing Paths - Uncontrolled Intersection,2014,29.0,No,O: No Injury,Female,Passenger Car,No,35.21059165,-80.69919519,Dry,40 - 45  MPH,No Control Present,Clear,No,0,0,3
Yes,33.0,No,Facing Traffic,B: Suspected Minor Injury,Male,Raleigh,Wake,No,Thursday,Motorist Failed to Yield - Midblock,20.0,March,Motorist Drive Out - Commercial Driveway / Alley,2014,16.0,No,O: No Injury,Male,Sport Utility,No,35.87192049,-78.67952028,Dry,30 - 35  MPH,No Control Present,Clear,No,0,0,3
Yes,50.0,No,With Traffic,B: Suspected Minor Injury,Male,Fayetteville,Cumberland,No,Tuesday,Motorist Failed to Yield - Signalized Intersection,11.0,February,Motorist Drive Out - Right Turn on Red,2014,19.0,No,O: No Injury,Female,Sport Utility,No,35.07597648,-78.89769555,Dry,30 - 35  MPH,Stop And Go Signal,Clear,No,0,0,2
Yes,8.0,No,Facing Traffic,B: Suspected Minor Injury,Male,Greenville,Pitt,No,Sunday,Bicyclist Failed to Yield - Sign-Controlled Intersection,18.0,March,Bicyclist Ride Through - Sign-Controlled Intersection,2014,19.0,No,C: Possible Injury,Male,Passenger Car,No,35.567757,-77.363786,Dry,30 - 35  MPH,Stop Sign,Clear,No,0,0,3
No,17.0,No,Not Applicable,B: Suspected Minor Injury,Male,Asheville,Buncombe,No,Sunday,Loss of Control / Turning Error,17.0,March,Bicyclist Lost Control - Mechanical Problems,2014,55.0,No,O: No Injury,Female,Passenger Car,No,35.59069979,-82.4967615,Dry,30 - 35  MPH,No Control Present,Clear,No,0,0,3
Yes,5.0,No,Not Applicable,B: Suspected Minor Injury,Male,Charlotte,Mecklenburg,No,Monday,Bicyclist Failed to Yield - Midblock,17.0,March,Bicyclist Ride Out - Other Midblock,2014,53.0,No,O: No Injury,Male,Passenger Car,No,35.26618449,-80.8394544,Dry,30 - 35  MPH,No Control Present,Clear,No,0,0,3
Yes,20.0,No,With Traffic,B: Suspected Minor Injury,Male,Raleigh,Wake,No,Sunday,Bicyclist Failed to Yield - Signalized Intersection,17.0,March,Bicyclist Ride Through - Signalized Intersection,2014,39.0,No,O: No Injury,Male,Passenger Car,No,35.77760861,-78.61390461,Dry,40 - 45  MPH,Stop And Go Signal,Clear,No,0,0,3
Yes,40.0,No,With Traffic,B: Suspected Minor Injury,Male,None - Rural Crash,Wake,No,Tuesday,Motorist Overtaking Bicyclist,14.0,April,Motorist Overtaking - Other / Unknown,2014,30.0,No,O: No Injury,Male,Passenger Car,No,35.55951299,-78.73329874,Dry,40 - 45  MPH,"Double Yellow Line, No Passing Zone",Clear,No,0,0,4
No,16.0,No,With Traffic,B: Suspected Minor Injury,Female,Fuquay-Varina,Wake,No,Tuesday,Bicyclist Left Turn / Merge,16.0,April,Bicyclist Left Turn - Same Direction,2014,56.0,No,O: No Injury,Female,Passenger Car,No,35.62440783,-78.71849763,Dry,40 - 45  MPH,"Double Yellow Line, No Passing Zone",Clear,No,0,0,4
Yes,11.0,No,With Traffic,B: Suspected Minor Injury,Female,None - Rural Crash,Guilford,No,Tuesday,Motorist Overtaking Bicyclist,20.0,April,Motorist Overtaking - Undetected Bicyclist,2014,41.0,No,O: No Injury,Female,Passenger Car,No,36.20620856,-79.78686663,Dry,50 - 55  MPH,No Control Present,Clear,No,0,0,4
Yes,16.0,No,With Traffic,B: Suspected Minor Injury,Male,Raleigh,Wake,No,Tuesday,Parallel Paths - Other Circumstances,21.0,April,Parallel Paths - Other / Unknown,2014,42.03850604944766,Missing,Unknown Injury,Unknown,Unknown,Yes,35.9418739,-78.55822823,Dry,20 - 25  MPH,No Control Present,Clear,No,1,0,4
Yes,57.0,No,With Traffic,B: Suspected Minor Injury,Male,None - Rural Crash,Durham,No,Monday,Motorist Failed to Yield - Sign-Controlled Intersection,13.0,March,Motorist Drive Out - Sign-Controlled Intersection,2014,42.0,No,O: No Injury,Male,Passenger Car,No,36.13492141,-78.81117759,Wet,5 - 15 MPH,Stop Sign,Cloudy,No,0,0,3
Yes,35.0,No,With Traffic,B: Suspected Minor Injury,Male,None - Rural Crash,Wake,No,Monday,Motorist Failed to Yield - Sign-Controlled Intersection,13.0,March,Motorist Drive Out - Sign-Controlled Intersection,2014,39.0,No,O: No Injury,Female,Sport Utility,No,35.98780473,-78.67808305,Dry,50 - 55  MPH,Stop Sign,Clear,No,0,0,3
No,13.0,No,With Traffic,B: Suspected Minor Injury,Male,None - Rural Crash,Cumberland,No,Tuesday,Motorist Overtaking Bicyclist,17.0,April,Motorist Overtaking - Bicyclist Swerved,2014,52.0,No,O: No Injury,Female,Passenger Car,No,35.18141971,-78.66020431,Dry,50 - 55  MPH,No Control Present,Clear,No,0,0,4
No,29.0,No,With Traffic,B: Suspected Minor Injury,Male,Charlotte,Mecklenburg,No,Wednesday,Motorist Right Turn / Merge,17.0,April,Motorist Right Turn - Same Direction,2014,45.0,No,O: No Injury,Female,Passenger Car,No,35.19947498,-80.84135767,Dry,30 - 35  MPH,No Control Present,Clear,No,0,0,4
Yes,32.0,No,With Traffic,B: Suspected Minor Injury,Female,Hendersonville,Henderson,No,Thursday,Motorist Overtaking Bicyclist,13.0,April,Motorist Overtaking - Undetected Bicyclist,2014,57.0,No,O: No Injury,Female,Sport Utility,No,35.33894081,-82.44273688,Dry,40 - 45  MPH,No Control Present,Clear,No,0,0,4
No,60.0,No,Facing Traffic,B: Suspected Minor Injury,Male,Raleigh,Wake,No,Thursday,Motorist Failed to Yield - Signalized Intersection,9.0,April,Motorist Drive Out - Signalized Intersection,2014,16.0,No,O: No Injury,Male,Passenger Car,No,35.87517981,-78.62335586,Dry,5 - 15 MPH,Stop And Go Signal,Clear,No,0,0,4
Yes,11.0,No,Facing Traffic,B: Suspected Minor Injury,Male,Raleigh,Wake,No,Sunday,Bicyclist Failed to Yield - Sign-Controlled Intersection,20.0,April,Bicyclist Ride Through - Sign-Controlled Intersection,2014,26.0,No,O: No Injury,Female,Sport Utility,No,35.77063945,-78.61742661,Dry,30 - 35  MPH,Stop Sign,Clear,No,0,0,4
Yes,33.0,No,Facing Traffic,B: Suspected Minor Injury,Male,Charlotte,Mecklenburg,No,Thursday,Motorist Failed to Yield - Midblock,13.0,April,Motorist Drive Out - Residential Driveway,2014,42.0,No,O: No Injury,Male,Van,No,35.23017605,-80.72857297,Dry,20 - 25  MPH,Stop Sign,Clear,No,0,0,4
Yes,24.0,No,With Traffic,B: Suspected Minor Injury,Male,None - Rural Crash,Lincoln,No,Friday,Loss of Control / Turning Error,20.0,April,Motorist Lost Control - Other / Unknown,2014,77.0,No,O: No Injury,Female,Sport Utility,No,35.4756439,-81.32860033,Dry,50 - 55  MPH,"Double Yellow Line, No Passing Zone",Clear,No,0,0,4
No,59.0,No,Facing Traffic,B: Suspected Minor Injury,Male,Lumberton,Robeson,No,Saturday,Motorist Failed to Yield - Midblock,11.0,April,Motorist Drive Out - Commercial Driveway / Alley,2014,35.0,No,O: No Injury,Female,Passenger Car,No,34.63730487,-78.99841503,Dry,40 - 45  MPH,Stop Sign,Clear,No,0,0,4
Yes,16.0,No,With Traffic,B: Suspected Minor Injury,Male,Elizabeth City,Pasquotank,No,Tuesday,Bicyclist Left Turn / Merge,12.0,April,Bicyclist Left Turn - Same Direction,2014,31.0,No,O: No Injury,Female,Passenger Car,No,36.31476287,-76.21794559,Wet,40 - 45  MPH,No Control Present,Cloudy,Yes,0,0,4
No,30.0,No,With Traffic,B: Suspected Minor Injury,Male,Mooresville,Iredell,No,Wednesday,Motorist Right Turn / Merge,16.0,April,Motorist Right Turn - Same Direction,2014,44.0,No,O: No Injury,Male,Passenger Car,No,35.58181019,-80.81386471,Dry,20 - 25  MPH,Stop And Go Signal,Clear,No,0,0,4
Yes,13.0,No,Not Applicable,A: Suspected Serious Injury,Male,None - Rural Crash,Randolph,No,Monday,Bicyclist Failed to Yield - Midblock,17.0,April,Bicyclist Ride Out - Midblock - Unknown,2014,72.0,No,C: Possible Injury,Female,Passenger Car,No,35.58818217,-79.68963032,Dry,50 - 55  MPH,No Control Present,Clear,No,0,0,4
Yes,6.0,No,Not Applicable,B: Suspected Minor Injury,Male,Wallace,Duplin,No,Friday,Non-Roadway,16.0,April,Non-Roadway,2014,55.0,No,O: No Injury,Male,Sport Utility,No,34.72571539,-77.98828214,Dry,5 - 15 MPH,No Control Present,Clear,No,0,0,4
No,38.0,Yes,With Traffic,B: Suspected Minor Injury,Male,Kinston,Lenoir,Yes,Sunday,Head-On,15.0,April,Head-On - Bicyclist,2014,42.03850604944766,Missing,Unknown Injury,Unknown,Unknown,Yes,35.26469504,-77.56782438,Dry,20 - 25  MPH,Stop Sign,Clear,No,1,0,4
Yes,54.0,Yes,Facing Traffic,B: Suspected Minor Injury,Male,Wilmington,New Hanover,Yes,Friday,Motorist Failed to Yield - Midblock,13.0,April,Motorist Drive Out - Commercial Driveway / Alley,2014,34.0,No,O: No Injury,Female,Sport Utility,No,34.21339533,-77.89884689,Dry,40 - 45  MPH,No Control Present,Clear,No,0,0,4
Yes,19.0,No,With Traffic,B: Suspected Minor Injury,Male,Fayetteville,Cumberland,No,Monday,Bicyclist Left Turn / Merge,21.0,April,Bicyclist Left Turn - Same Direction,2014,42.03850604944766,Missing,Unknown Injury,Unknown,Unknown,Yes,35.05686691,-79.01200878,Dry,40 - 45  MPH,No Control Present,Cloudy,No,1,0,4
No,32.0,No,With Traffic,B: Suspected Minor Injury,Male,Wilmington,New Hanover,No,Sunday,Motorist Failed to Yield - Signalized Intersection,5.0,April,Motorist Drive Through - Signalized Intersection,2014,42.03850604944766,Unknown,Unknown Injury,Unknown,Unknown,Yes,34.21319356,-77.92605795,Dry,30 - 35  MPH,Stop And Go Signal,Clear,No,1,0,4
Yes,48.0,No,With Traffic,B: Suspected Minor Injury,Male,Durham,Durham,No,Friday,Loss of Control / Turning Error,11.0,May,Motorist Turning Error - Left Turn,2014,46.0,No,O: No Injury,Male,Sport Utility,No,36.03976861,-78.92959252,Dry,30 - 35  MPH,Stop Sign,Cloudy,No,0,0,5
Yes,50.0,No,With Traffic,B: Suspected Minor Injury,Male,Charlotte,Mecklenburg,No,Thursday,Bicyclist Overtaking Motorist,18.0,May,Bicyclist Overtaking - Other / Unknown,2014,28.0,No,C: Possible Injury,Male,"Light Truck (Mini-Van, Panel)",No,35.362631,-80.98812,Dry,40 - 45  MPH,No Control Present,Clear,No,0,0,5
Yes,58.0,No,With Traffic,B: Suspected Minor Injury,Male,Albemarle,Stanly,No,Thursday,Bicyclist Overtaking Motorist,16.0,April,Bicyclist Overtaking - Parked Vehicle,2014,56.0,No,O: No Injury,Male,Truck/Trailer,No,35.35055754,-80.22282694,Dry,30 - 35  MPH,No Control Present,Clear,No,0,0,4
No,28.0,No,With Traffic,B: Suspected Minor Injury,Male,None - Rural Crash,Buncombe,No,Thursday,Motorist Left Turn / Merge,17.0,April,Motorist Left Turn - Opposite Direction,2014,41.0,No,O: No Injury,Female,Van,No,35.61215338,-82.43055748,Dry,30 - 35  MPH,"Double Yellow Line, No Passing Zone",Clear,No,0,0,4
Yes,11.0,No,Not Applicable,B: Suspected Minor Injury,Male,Burlington,Alamance,No,Sunday,Loss of Control / Turning Error,21.0,May,Bicyclist Lost Control - Other / Unknown,2014,48.0,No,O: No Injury,Male,Passenger Car,No,36.11028161,-79.44207476,Dry,5 - 15 MPH,Stop Sign,Clear,No,0,0,5
Yes,7.0,No,With Traffic,B: Suspected Minor Injury,Male,Greensboro,Guilford,No,Tuesday,Bicyclist Failed to Yield - Sign-Controlled Intersection,17.0,May,Bicyclist Ride Through - Sign-Controlled Intersection,2014,81.0,No,C: Possible Injury,Female,Passenger Car,No,36.04874058,-79.7643778,Dry,30 - 35  MPH,Stop Sign,Clear,No,0,0,5
No,32.52649525389365,No,With Traffic,B: Suspected Minor Injury,Male,None - Rural Crash,Caldwell,No,Saturday,Crossing Paths - Other Circumstances,10.0,May,Crossing Paths - Uncontrolled Intersection,2014,41.0,No,O: No Injury,Female,Sport Utility,No,35.79612546,-81.5219173,Dry,20 - 25  MPH,No Control Present,Clear,No,0,1,5
No,72.0,No,Facing Traffic,B: Suspected Minor Injury,Male,Lumberton,Robeson,No,Friday,Head-On,15.0,March,Head-On - Bicyclist,2014,47.0,No,O: No Injury,Male,Passenger Car,No,34.62127709,-78.9927333,Dry,30 - 35  MPH,"Double Yellow Line, No Passing Zone",Clear,No,0,0,3
No,14.0,No,With Traffic,B: Suspected Minor Injury,Male,Charlotte,Mecklenburg,No,Saturday,Bicyclist Failed to Yield - Sign-Controlled Intersection,20.0,April,Bicyclist Ride Through - Sign-Controlled Intersection,2014,46.0,No,O: No Injury,Male,Sport Utility,No,35.18130135,-80.74721683,Dry,30 - 35  MPH,Stop Sign,Clear,No,0,0,4
Yes,56.0,No,With Traffic,B: Suspected Minor Injury,Male,Asheboro,Randolph,No,Wednesday,Bicyclist Overtaking Motorist,18.0,May,Bicyclist Overtaking - Parked Vehicle,2014,42.03850604944766,Missing,Unknown Injury,Unknown,Passenger Car,No,35.70123956,-79.82548909,Dry,30 - 35  MPH,No Control Present,Clear,No,1,0,5
Yes,49.0,No,With Traffic,B: Suspected Minor Injury,Male,Weddington,Union,No,Wednesday,Motorist Overtaking Bicyclist,19.0,May,Motorist Overtaking - Other / Unknown,2014,73.0,No,O: No Injury,Male,Van,No,35.04565315,-80.73927946,Dry,40 - 45  MPH,"Double Yellow Line, No Passing Zone",Clear,No,0,0,5
No,12.0,No,Unknown,B: Suspected Minor Injury,Male,Wilmington,New Hanover,No,Tuesday,Loss of Control / Turning Error,16.0,April,Bicyclist Lost Control - Mechanical Problems,2014,48.0,No,O: No Injury,Male,Sport Utility,No,34.19162203,-77.93592066,Dry,40 - 45  MPH,No Control Present,Cloudy,No,0,0,4
Yes,8.0,No,Not Applicable,B: Suspected Minor Injury,Male,Raleigh,Wake,No,Sunday,Non-Roadway,18.0,May,Non-Roadway,2014,42.03850604944766,Missing,Unknown Injury,Unknown,Passenger Car,No,35.77710239,-78.69152661,Dry,20 - 25  MPH,No Control Present,Clear,No,1,0,5
Yes,29.0,No,Facing Traffic,B: Suspected Minor Injury,Male,Raleigh,Wake,No,Wednesday,Motorist Failed to Yield - Sign-Controlled Intersection,8.0,May,Motorist Drive Out - Sign-Controlled Intersection,2014,34.0,No,O: No Injury,Female,Van,No,35.8932077,-78.64904987,Dry,30 - 35  MPH,Stop Sign,Clear,No,0,0,5
Yes,58.0,No,With Traffic,B: Suspected Minor Injury,Male,Cary,Wake,No,Thursday,Loss of Control / Turning Error,19.0,April,Motorist Turning Error - Left Turn,2014,31.0,No,O: No Injury,Male,Pickup,No,35.79878637,-78.90032445,Dry,40 - 45  MPH,Stop Sign,Clear,No,0,0,4
No,56.0,No,Not Applicable,B: Suspected Minor Injury,Male,Spring Lake,Cumberland,No,Friday,Bicyclist Failed to Yield - Signalized Intersection,8.0,May,Bicyclist Ride Through - Signalized Intersection,2014,43.0,No,O: No Injury,Female,Passenger Car,No,35.17438741,-78.9692091,Dry,20 - 25  MPH,Stop And Go Signal,Clear,No,0,0,5
Yes,32.0,No,Not Applicable,B: Suspected Minor Injury,Male,Erwin,Harnett,No,Thursday,Non-Roadway,15.0,May,Non-Roadway,2014,48.0,No,O: No Injury,Male,Police,No,35.33031392,-78.67710363,Dry,Unknown,No Control Present,Cloudy,No,0,0,5
Yes,50.0,Yes,With Traffic,B: Suspected Minor Injury,Male,None - Rural Crash,New Hanover,Yes,Sunday,Bicyclist Left Turn / Merge,22.0,May,Bicyclist Left Turn - Same Direction,2014,42.03850604944766,Missing,Unknown Injury,Unknown,Unknown,Yes,34.32654835,-77.9217981,Dry,50 - 55  MPH,"Double Yellow Line, No Passing Zone",Clear,No,1,0,5
Yes,7.0,No,Not Applicable,B: Suspected Minor Injury,Male,Kannapolis,Rowan,No,Saturday,Bicyclist Failed to Yield - Midblock,14.0,May,Bicyclist Ride Out - Residential Driveway,2014,63.0,No,O: No Injury,Male,Passenger Car,No,35.52590111,-80.62934659,Dry,40 - 45  MPH,No Control Present,Clear,No,0,0,5
Yes,35.0,No,With Traffic,B: Suspected Minor Injury,Male,None - Rural Crash,Chatham,No,Saturday,Motorist Failed to Yield - Sign-Controlled Intersection,11.0,May,Motorist Drive Out - Sign-Controlled Intersection,2014,52.0,No,O: No Injury,Male,Sport Utility,No,35.64303961,-79.00510121,Dry,50 - 55  MPH,Stop Sign,Clear,No,0,0,5
Yes,14.0,No,With Traffic,B: Suspected Minor Injury,Male,None - Rural Crash,Guilford,No,Friday,Motorist Overtaking Bicyclist,20.0,May,Motorist Overtaking - Bicyclist Swerved,2014,17.0,No,O: No Injury,Female,Passenger Car,No,36.16898996,-79.57316597,Dry,50 - 55  MPH,No Control Present,Clear,No,0,0,5
Yes,66.0,No,With Traffic,B: Suspected Minor Injury,Male,Salisbury,Rowan,No,Saturday,Bicyclist Failed to Yield - Sign-Controlled Intersection,13.0,May,Bicyclist Ride Through - Sign-Controlled Intersection,2014,40.0,No,O: No Injury,Male,Pickup,No,35.65661849,-80.47097092,Dry,30 - 35  MPH,Stop Sign,Clear,No,0,0,5
No,17.0,No,Not Applicable,B: Suspected Minor Injury,Male,Indian Trail,Union,No,Tuesday,Crossing Paths - Other Circumstances,16.0,June,Signalized Intersection - Other / Unknown,2014,27.0,No,O: No Injury,Female,Passenger Car,No,35.04764004,-80.64583845,Dry,40 - 45  MPH,No Control Present,Clear,No,0,0,6
Yes,15.0,No,Facing Traffic,B: Suspected Minor Injury,Male,Rolesville,Wake,No,Saturday,Bicyclist Failed to Yield - Sign-Controlled Intersection,22.0,May,Bicyclist Ride Through - Sign-Controlled Intersection,2014,35.0,No,O: No Injury,Male,Passenger Car,No,35.93345415,-78.48002056,Dry,40 - 45  MPH,Stop Sign,Clear,No,0,0,5
Yes,51.0,No,With Traffic,B: Suspected Minor Injury,Male,None - Rural Crash,Wake,No,Sunday,Bicyclist Overtaking Motorist,9.0,June,Bicyclist Overtaking - Other / Unknown,2014,59.0,No,O: No Injury,Female,Sport Utility,No,35.65485411,-78.92578209,Dry,40 - 45  MPH,"Double Yellow Line, No Passing Zone",Clear,No,0,0,6
Yes,5.0,No,Not Applicable,B: Suspected Minor Injury,Male,New Bern,Craven,No,Tuesday,Bicyclist Failed to Yield - Midblock,18.0,May,Bicyclist Ride Out - Residential Driveway,2014,21.0,No,O: No Injury,Male,Passenger Car,No,35.12445253,-77.09491098,Dry,20 - 25  MPH,No Control Present,Cloudy,No,0,0,5
Yes,7.0,No,With Traffic,B: Suspected Minor Injury,Male,Raleigh,Wake,No,Thursday,Bicyclist Failed to Yield - Sign-Controlled Intersection,18.0,May,Bicyclist Ride Through - Sign-Controlled Intersection,2014,76.0,No,O: No Injury,Male,"Light Truck (Mini-Van, Panel)",No,35.77619884,-78.61824864,Dry,30 - 35  MPH,Stop Sign,Clear,No,0,0,5
Yes,56.0,No,With Traffic,B: Suspected Minor Injury,Male,Raleigh,Wake,No,Sunday,Bicyclist Overtaking Motorist,16.0,June,Bicyclist Overtaking - Extended Door,2014,24.0,No,O: No Injury,Male,Sport Utility,No,35.78135387,-78.64215595,Dry,30 - 35  MPH,No Control Present,Clear,No,0,0,6
No,27.0,Unknown,With Traffic,B: Suspected Minor Injury,Male,Charlotte,Mecklenburg,No,Monday,Motorist Failed to Yield - Midblock,12.0,June,Motorist Drive Out - Commercial Driveway / Alley,2014,42.03850604944766,Missing,Unknown Injury,Unknown,Unknown,Yes,35.22950229,-80.8117577,Dry,20 - 25  MPH,Stop Sign,Clear,No,1,0,6
Yes,5.0,No,Not Applicable,B: Suspected Minor Injury,Male,Raleigh,Wake,No,Thursday,Non-Roadway,20.0,June,Non-Roadway,2014,26.0,No,O: No Injury,Female,Passenger Car,No,35.79230962,-78.58168478,Dry,20 - 25  MPH,No Control Present,Clear,No,0,0,6
Yes,14.0,No,With Traffic,B: Suspected Minor Injury,Male,Hendersonville,Henderson,No,Wednesday,Motorist Left Turn / Merge,19.0,June,Motorist Left Turn - Opposite Direction,2014,20.0,No,O: No Injury,Male,Passenger Car,No,35.31586058,-82.45995194,Wet,20 - 25  MPH,Stop And Go Signal,Rain,No,0,0,6
Yes,53.0,No,With Traffic,B: Suspected Minor Injury,Female,None - Rural Crash,Union,No,Sunday,Motorist Overtaking Bicyclist,8.0,June,Motorist Overtaking - Other / Unknown,2014,18.0,No,O: No Injury,Male,Passenger Car,No,34.85895809,-80.77453386,Dry,50 - 55  MPH,No Control Present,Cloudy,No,0,0,6
Yes,51.0,No,Facing Traffic,B: Suspected Minor Injury,Male,Greensboro,Guilford,No,Tuesday,Bicyclist Failed to Yield - Signalized Intersection,16.0,June,Bicyclist Ride Through - Signalized Intersection,2014,56.0,No,O: No Injury,Male,Passenger Car,No,36.07300701,-79.78324,Dry,30 - 35  MPH,Stop And Go Signal,Clear,No,0,0,6
Yes,44.0,No,With Traffic,B: Suspected Minor Injury,Female,Durham,Durham,No,Wednesday,Loss of Control / Turning Error,13.0,June,Motorist Turning Error - Left Turn,2014,27.0,No,B: Suspected Minor Injury,Male,Passenger Car,No,35.99683958,-78.90756564,Dry,20 - 25  MPH,Stop Sign,Clear,No,0,0,6
Yes,14.0,No,Facing Traffic,B: Suspected Minor Injury,Male,Raleigh,Wake,No,Tuesday,Bicyclist Failed to Yield - Sign-Controlled Intersection,19.0,June,Bicyclist Ride Through - Sign-Controlled Intersection,2014,24.0,No,O: No Injury,Female,Passenger Car,No,35.75757171,-78.55788336,Dry,20 - 25  MPH,Stop Sign,Clear,No,0,0,6
Yes,38.0,No,Facing Traffic,B: Suspected Minor Injury,Male,Wilmington,New Hanover,No,Thursday,Motorist Failed to Yield - Sign-Controlled Intersection,11.0,May,Motorist Drive Out - Sign-Controlled Intersection,2014,23.0,No,O: No Injury,Female,Passenger Car,No,34.24050971,-77.90232958,Dry,20 - 25  MPH,Stop Sign,Clear,No,0,0,5
Yes,62.0,No,With Traffic,B: Suspected Minor Injury,Male,Asheville,Buncombe,No,Thursday,Backing Vehicle,17.0,May,Backing Vehicle,2014,66.0,No,C: Possible Injury,Female,Passenger Car,No,35.62772379,-82.54387576,Dry,20 - 25  MPH,No Control Present,Clear,No,0,0,5
Yes,43.0,No,With Traffic,B: Suspected Minor Injury,Male,None - Rural Crash,Moore,No,Monday,Motorist Overtaking Bicyclist,7.0,June,Motorist Overtaking - Other / Unknown,2014,24.0,No,O: No Injury,Male,"Single Unit Truck (2-Axle, 6-Tire)",No,35.09745828,-79.40233374,Dry,40 - 45  MPH,No Control Present,Clear,No,0,0,6
Yes,52.0,No,With Traffic,B: Suspected Minor Injury,Male,None - Rural Crash,Cleveland,No,Wednesday,Motorist Left Turn / Merge,22.0,June,Motorist Left Turn - Opposite Direction,2014,42.03850604944766,Missing,Unknown Injury,Unknown,Unknown,Yes,35.20356817,-81.53167892,Dry,40 - 45  MPH,"Double Yellow Line, No Passing Zone",Clear,No,1,0,6
Yes,19.0,No,Facing Traffic,B: Suspected Minor Injury,Male,Winston-Salem,Forsyth,No,Wednesday,Motorist Failed to Yield - Sign-Controlled Intersection,21.0,June,Motorist Drive Out - Sign-Controlled Intersection,2014,86.0,No,O: No Injury,Male,Passenger Car,No,36.1416677,-80.21152549,Wet,30 - 35  MPH,No Control Present,Rain,No,0,0,6
Yes,12.0,No,Not Applicable,B: Suspected Minor Injury,Male,None - Rural Crash,Durham,No,Saturday,Bicyclist Failed to Yield - Midblock,13.0,June,Bicyclist Ride Out - Commercial Driveway / Alley,2014,52.0,No,O: No Injury,Male,Pickup,No,35.98135764,-78.82053328,Dry,40 - 45  MPH,No Control Present,Clear,No,0,0,6
Yes,15.0,No,Not Applicable,B: Suspected Minor Injury,Male,Cary,Wake,No,Sunday,Non-Roadway,16.0,May,Non-Roadway,2014,37.0,No,O: No Injury,Female,Sport Utility,No,35.77457772,-78.75843228,Dry,20 - 25  MPH,No Control Present,Clear,No,0,0,5
No,22.0,No,Facing Traffic,B: Suspected Minor Injury,Female,Wilmington,New Hanover,No,Thursday,Motorist Failed to Yield - Signalized Intersection,18.0,May,Motorist Drive Out - Right Turn on Red,2014,35.0,No,O: No Injury,Male,Sport Utility,No,34.23723583,-77.86759114,Dry,20 - 25  MPH,Stop And Go Signal,Cloudy,No,0,0,5
Yes,11.0,No,Not Applicable,B: Suspected Minor Injury,Male,Winston-Salem,Forsyth,No,Sunday,Bicyclist Failed to Yield - Midblock,19.0,June,Bicyclist Ride Out - Residential Driveway,2014,34.0,No,O: No Injury,Female,Passenger Car,No,35.99739638,-80.2218357,Dry,30 - 35  MPH,No Control Present,Cloudy,No,0,0,6
No,35.0,No,With Traffic,B: Suspected Minor Injury,Male,Hendersonville,Henderson,No,Monday,Motorist Right Turn / Merge,15.0,June,Motorist Right Turn - Same Direction,2014,40.0,No,O: No Injury,Male,Passenger Car,No,35.31891405,-82.45890689,Dry,30 - 35  MPH,No Control Present,Clear,No,0,0,6
No,24.0,No,With Traffic,B: Suspected Minor Injury,Male,Raleigh,Wake,No,Friday,Motorist Left Turn / Merge,11.0,June,Motorist Left Turn - Opposite Direction,2014,68.0,Unknown,Unknown Injury,Male,Sport Utility,No,35.79200689,-78.6627573,Dry,30 - 35  MPH,Stop And Go Signal,Clear,No,0,0,6
Yes,39.0,No,With Traffic,B: Suspected Minor Injury,Male,None - Rural Crash,Buncombe,No,Friday,Motorist Overtaking Bicyclist,6.0,June,Motorist Overtaking - Other / Unknown,2014,16.0,No,O: No Injury,Female,Passenger Car,No,35.46854696,-82.57777362,Dry,40 - 45  MPH,"Double Yellow Line, No Passing Zone",Clear,No,0,0,6