AmbulanceR,BikeAge,BikeAlcFlg,BikeDir,BikeInjury,BikeSex,City,County,CrashAlcoh,CrashDay,CrashGrp,CrashHour,CrashMonth,CrashType,CrashYear,DrvrAge,DrvrAlcFlg,DrvrInjury,DrvrSex,DrvrVehTyp,HitRun,Latitude,Longitude,RdConditio,SpeedLimit,TraffCntrl,Weather,Workzone,DrvrAgeImputedFlag,BikeAgeImputedFlag,MonthCode
Yes,37.0,No,With Traffic,B: Suspected Minor Injury,Female,Oak Island,Brunswick,No,Monday,Motorist Failed to Yield - Sign-Controlled Intersection,16.0,May,Motorist Drive Out - Sign-Controlled Intersection,2014,39.0,No,O: No Injury,Male,Pickup,No,33.92580418,-78.15258885,Dry,30 - 35  MPH,No Control Present,Clear,No,0,0,5
No,67.0,No,With Traffic,B: Suspected Minor Injury,Male,None - Rural Crash,New Hanover,No,Thursday,Motorist Overtaking Bicyclist,14.0,June,Motorist Overtaking - Other / Unknown,2014,47.0,No,O: No Injury,Male,Pickup,No,34.11424291,-77.92209641,Dry,50 - 55  MPH,"Double Yellow Line, No Passing Zone",Clear,No,0,0,6
Yes,8.0,No,Facing Traffic,B: Suspected Minor Injury,Male,High Point,Guilford,No,Saturday,Bicyclist Failed to Yield - Signalized Intersection,12.0,May,Bicyclist Ride Through - Signalized Intersection,2014,36.0,No,O: No Injury,Male,Police,No,35.96577245,-79.96992301,Dry,30 - 35  MPH,Stop And Go Signal,Cloudy,No,0,0,5
Yes,13.0,No,With Traffic,B: Suspected Minor Injury,Male,High Point,Guilford,No,Sunday,Bicyclist Failed to Yield - Sign-Controlled Intersection,20.0,May,Bicyclist Ride Through - Sign-Controlled Intersection,2014,50.0,No,O: No Injury,Male,Van,Yes,35.94982154,-79.99989277,Dry,30 - 35  MPH,Stop Sign,Clear,No,0,0,5
Yes,68.0,No,With Traffic,B: Suspected Minor Injury,Male,High Point,Guilford,No,Wednesday,Motorist Overtaking Bicyclist,16.0,May,Motorist Overtaking - Misjudged Space,2014,20.0,No,O: No Injury,Female,Passenger Car,No,36.02206533,-80.01579082,Dry,40 - 45  MPH,No Control Present,Clear,No,0,0,5
Yes,29.0,No,With Traffic,B: Suspected Minor Injury,Male,Raleigh,Wake,No,Friday,Motorist Right Turn / Merge,18.0,June,Motorist Right Turn - Same Direction,2014,37.0,No,O: No Injury,Male,Sport Utility,No,35.78893707,-78.66023068,Dry,30 - 35  MPH,No Control Present,Cloudy,No,0,0,6
Yes,7.0,No,With Traffic,B: Suspected Minor Injury,Male,Raleigh,Wake,No,Sunday,Bicyclist Failed to Yield - Sign-Controlled Intersection,17.0,June,Bicyclist Ride Through - Sign-Controlled Intersection,2014,42.0,No,O: No Injury,Male,Pickup,No,35.79958756,-78.6161179,Dry,20 - 25  MPH,Stop Sign,Clear,No,0,0,6
Yes,40.0,No,With Traffic,B: Suspected Minor Injury,Male,None - Rural Crash,Craven,Yes,Wednesday,Motorist Overtaking Bicyclist,21.0,June,Motorist Overtaking - Other / Unknown,2014,39.0,Yes,O: No Injury,Male,Sport Utility,No,34.87519207,-76.77960733,Dry,30 - 35  MPH,No Control Present,Clear,No,0,0,6
Yes,58.0,No,Facing Traffic,B: Suspected Minor Injury,Male,Raleigh,Wake,No,Monday,Motorist Right Turn / Merge,8.0,June,Motorist Right Turn - Opposite Direction,2014,54.0,No,O: No Injury,Female,Van,No,35.76867515,-78.61725061,Dry,30 - 35  MPH,Stop And Go Signal,Clear,No,0,0,6
No,40.0,No,With Traffic,B: Suspected Minor Injury,Male,Charlotte,Mecklenburg,No,Monday,Bicyclist Overtaking Motorist,16.0,June,Bicyclist Overtaking - Parked Vehicle,2014,72.0,No,O: No Injury,Female,Passenger Car,No,35.3010015,-80.85337988,Dry,30 - 35  MPH,No Control Present,Clear,No,0,0,6
Yes,15.0,No,Facing Traffic,B: Suspected Minor Injury,Male,Apex,Wake,No,Friday,Motorist Failed to Yield - Midblock,16.0,July,Motorist Drive Out - Commercial Driveway / Alley,2014,42.0,No,O: No Injury,Male,Pickup,No,35.73492981,-78.86223738,Dry,40 - 45  MPH,Stop Sign,Clear,No,0,0,7
No,15.0,No,Not Applicable,B: Suspected Minor Injury,Male,Cramerton,Gaston,No,Wednesday,Bicyclist Failed to Yield - Midblock,16.0,June,Bicyclist Ride Out - Commercial Driveway / Alley,2014,47.0,No,O: No Injury,Male,Pickup,No,35.22955986,-81.08332769,Dry,20 - 25  MPH,No Control Present,Clear,No,0,0,6
No,19.0,No,With Traffic,B: Suspected Minor Injury,Male,Raleigh,Wake,No,Saturday,Motorist Overtaking Bicyclist,17.0,July,Motorist Overtaking - Other / Unknown,2014,42.03850604944766,Missing,Unknown Injury,Unknown,Unknown,Yes,35.86952691,-78.57581294,Dry,40 - 45  MPH,No Control Present,Clear,No,1,0,7
No,43.0,No,With Traffic,B: Suspected Minor Injury,Male,None - Rural Crash,Randolph,No,Monday,Motorist Left Turn / Merge,14.0,June,Motorist Left Turn - Opposite Direction,2014,41.0,No,O: No Injury,Male,Sport Utility,No,35.84895003,-79.72869399,Dry,50 - 55  MPH,No Control Present,Clear,No,0,0,6
Yes,23.0,Yes,With Traffic,B: Suspected Minor Injury,Male,None - Rural Crash,Union,Yes,Friday,Loss of Control / Turning Error,12.0,June,Motorist Lost Control - Other / Unknown,2014,42.03850604944766,Unknown,Unknown Injury,Unknown,Unknown,Yes,34.9221021,-80.67443408,Dry,40 - 45  MPH,"Double Yellow Line, No Passing Zone",Clear,No,1,0,6
Yes,24.0,No,Not Applicable,B: Suspected Minor Injury,Male,None - Rural Crash,Pitt,No,Sunday,Bicyclist Failed to Yield - Sign-Controlled Intersection,12.0,June,Bicyclist Ride Through - Sign-Controlled Intersection,2014,66.0,No,O: No Injury,Male,Pickup,No,35.66698204,-77.44457602,Dry,50 - 55  MPH,"Double Yellow Line, No Passing Zone",Clear,No,0,0,6
Yes,17.0,No,Facing Traffic,B: Suspected Minor Injury,Male,None - Rural Crash,New Hanover,No,Monday,Motorist Failed to Yield - Midblock,16.0,June,Motorist Drive Out - Commercial Driveway / Alley,2014,54.0,No,O: No Injury,Male,Passenger Car,No,34.13337182,-77.89539132,Dry,5 - 15 MPH,No Control Present,Clear,No,0,0,6
No,32.0,No,With Traffic,B: Suspected Minor Injury,Male,Holden Beach,Brunswick,No,Sunday,Motorist Left Turn / Merge,7.0,June,Motorist Left Turn - Same Direction,2014,19.0,No,O: No Injury,Female,Passenger Car,No,33.91395904,-78.26931352,Dry,30 - 35  MPH,No Control Present,Clear,No,0,0,6
Yes,17.0,No,Facing Traffic,B: Suspected Minor Injury,Male,None - Rural Crash,Warren,No,Friday,Bicyclist Right Turn / Merge,14.0,July,Bicyclist Right Turn - Same Direction,2014,25.0,No,O: No Injury,Female,Passenger Car,No,36.42466237,-78.17093373,Dry,40 - 45  MPH,No Control Present,Clear,No,0,0,7
Yes,53.0,No,With Traffic,B: Suspected Minor Injury,Male,None - Rural Crash,Buncombe,No,Friday,Motorist Overtaking Bicyclist,15.0,July,Motorist Overtaking - Undetected Bicyclist,2014,18.0,No,O: No Injury,Male,Pickup,No,35.51094475,-82.60024958,Dry,40 - 45  MPH,No Control Present,Clear,No,0,0,7
Yes,33.0,No,With Traffic,B: Suspected Minor Injury,Male,Durham,Durham,No,Friday,Motorist Failed to Yield - Sign-Controlled Intersection,18.0,July,Motorist Drive Out - Sign-Controlled Intersection,2014,40.0,No,O: No Injury,Male,Passenger Car,No,35.99997717,-78.90148297,Dry,20 - 25  MPH,Stop Sign,Cloudy,No,0,0,7
No,52.0,Yes,Facing Traffic,B: Suspected Minor Injury,Male,Atlantic Beach,Carteret,Yes,Sunday,Motorist Failed to Yield - Sign-Controlled Intersection,20.0,June,Motorist Drive Out - Sign-Controlled Intersection,2014,22.0,No,O: No Injury,Female,Sport Utility,No,34.70035667,-76.73285345,Dry,20 - 25  MPH,No Control Present,Clear,No,0,0,6
No,52.0,No,With Traffic,B: Suspected Minor Injury,Male,Apex,Wake,No,Sunday,Motorist Right Turn / Merge,16.0,July,Motorist Right Turn - Same Direction,2014,49.0,No,O: No Injury,Male,Pickup,No,35.75846478,-78.87602022,Dry,40 - 45  MPH,No Control Present,Clear,No,0,0,7
Yes,10.0,No,Facing Traffic,B: Suspected Minor Injury,Female,Raleigh,Wake,No,Thursday,Motorist Failed to Yield - Sign-Controlled Intersection,17.0,July,Motorist Drive Out - Sign-Controlled Intersection,2014,64.0,No,O: No Injury,Female,Sport Utility,No,35.90516438,-78.73681531,Dry,30 - 35  MPH,Stop Sign,Cloudy,No,0,0,7
Yes,28.0,No,With Traffic,B: Suspected Minor Injury,Male,Greensboro,Guilford,No,Sunday,Motorist Failed to Yield - Signalized Intersection,16.0,July,Motorist Drive Through - Signalized Intersection,2014,19.0,No,O: No Injury,Female,Passenger Car,No,36.06893811,-79.79423181,Dry,30 - 35  MPH,Stop And Go Signal,Clear,No,0,0,7
No,17.0,No,Not Applicable,B: Suspected Minor Injury,Male,Charlotte,Mecklenburg,No,Sunday,Non-Roadway,17.0,July,Non-Roadway,2014,26.0,No,O: No Injury,Male,Sport Utility,No,35.3346358,-80.8129996,Dry,5 - 15 MPH,Stop Sign,Clear,No,0,0,7
Yes,17.0,No,With Traffic,B: Suspected Minor Injury,Male,Landis,Rowan,No,Thursday,Bicyclist Failed to Yield - Sign-Controlled Intersection,18.0,April,Bicyclist Ride Through - Sign-Controlled Intersection,2014,52.0,No,O: No Injury,Male,Pickup,No,35.54786118,-80.61114939,Wet,30 - 35  MPH,Stop Sign,Clear,No,0,0,4
No,12.0,No,Not Applicable,B: Suspected Minor Injury,Male,None - Rural Crash,Craven,Yes,Thursday,Crossing Paths - Other Circumstances,14.0,June,Sign-Controlled Intersection - Other / Unknown,2014,55.0,Yes,O: No Injury,Male,Pickup,No,34.98867151,-76.98205224,Dry,50 - 55  MPH,Stop Sign,Clear,No,0,0,6
Yes,59.0,No,With Traffic,B: Suspected Minor Injury,Male,None - Rural Crash,Hertford,No,Tuesday,Motorist Overtaking Bicyclist,11.0,July,Motorist Overtaking - Bicyclist Swerved,2014,70.0,No,O: No Injury,Female,Sport Utility,No,36.33218722,-77.02425911,Dry,40 - 45  MPH,No Control Present,Clear,No,0,0,7
Yes,57.0,No,With Traffic,B: Suspected Minor Injury,Female,None - Rural Crash,Lenoir,No,Tuesday,Loss of Control / Turning Error,14.0,July,Motorist Turning Error - Left Turn,2014,68.0,No,O: No Injury,Male,Pickup,No,35.21516227,-77.57022646,Dry,50 - 55  MPH,"Double Yellow Line, No Passing Zone",Cloudy,No,0,0,7
Yes,5.0,No,With Traffic,B: Suspected Minor Injury,Male,Raleigh,Wake,No,Wednesday,Bicyclist Failed to Yield - Sign-Controlled Intersection,18.0,July,Bicyclist Ride Through - Sign-Controlled Intersection,2014,43.0,No,O: No Injury,Female,Sport Utility,No,35.78509128,-78.58004772,Dry,30 - 35  MPH,Stop Sign,Clear,No,0,0,7
Yes,9.0,No,With Traffic,B: Suspected Minor Injury,Female,Clayton,Johnston,No,Tuesday,Loss of Control / Turning Error,18.0,July,Bicyclist Lost Control - Mechanical Problems,2014,24.0,No,O: No Injury,Female,Passenger Car,No,35.66079774,-78.45576973,Dry,20 - 25  MPH,Stop Sign,Clear,No,0,0,7
Yes,55.0,No,With Traffic,B: Suspected Minor Injury,Female,None - Rural Crash,Gaston,No,Sunday,Motorist Overtaking Bicyclist,11.0,May,Motorist Overtaking - Other / Unknown,2014,42.03850604944766,Missing,Unknown Injury,Unknown,Unknown,Yes,35.16392635,-81.0391991,Dry,40 - 45  MPH,"Double Yellow Line, No Passing Zone",Clear,No,1,0,5
Yes,60.0,No,Facing Traffic,B: Suspected Minor Injury,Female,Morehead City,Carteret,No,Monday,Motorist Failed to Yield - Midblock,16.0,June,Motorist Drive Out - Commercial Driveway / Alley,2014,42.0,No,O: No Injury,Male,Pickup,No,34.72720236,-76.75282301,Dry,30 - 35  MPH,No Control Present,Clear,No,0,0,6
Yes,23.0,No,With Traffic,B: Suspected Minor Injury,Male,Gastonia,Gaston,No,Tuesday,Motorist Overtaking Bicyclist,20.0,June,Motorist Overtaking - Other / Unknown,2014,51.0,No,O: No Injury,Male,Sport Utility,No,35.27619637,-81.12749476,Dry,20 - 25  MPH,No Control Present,Clear,No,0,0,6
Yes,24.0,No,With Traffic,B: Suspected Minor Injury,Male,Raleigh,Wake,No,Monday,Parking / Bus-Related,16.0,July,Motorist Drive In / Out - Parking,2014,52.0,No,O: No Injury,Female,Sport Utility,No,35.77609319,-78.6393635,Wet,30 - 35  MPH,No Control Present,Rain,No,0,0,7
No,41.0,Unknown,Facing Traffic,B: Suspected Minor Injury,Male,Wilmington,New Hanover,No,Friday,Motorist Failed to Yield - Sign-Controlled Intersection,19.0,June,Motorist Drive Out - Sign-Controlled Intersection,2014,25.0,Unknown,Unknown Injury,Male,Passenger Car,No,34.243544,-77.91741983,Dry,30 - 35  MPH,Stop Sign,Clear,No,0,0,6
Yes,75.0,No,With Traffic,B: Suspected Minor Injury,Male,Newland,Avery,No,Thursday,Head-On,10.0,June,Head-On - Motorist,2014,42.03850604944766,Missing,Unknown Injury,Unknown,Pickup,Yes,36.09997036,-81.92190466,Dry,20 - 25  MPH,"Double Yellow Line, No Passing Zone",Cloudy,No,1,0,6
Yes,21.0,No,With Traffic,B: Suspected Minor Injury,Male,Raleigh,Wake,No,Friday,Bicyclist Overtaking Motorist,13.0,July,Bicyclist Overtaking - Extended Door,2014,59.0,Missing,O: No Injury,Male,Passenger Car,No,35.78593613,-78.66188392,Dry,30 - 35  MPH,No Control Present,Cloudy,No,0,0,7
Yes,35.0,Unknown,With Traffic,B: Suspected Minor Injury,Male,None - Rural Crash,Hertford,No,Sunday,Motorist Overtaking Bicyclist,15.0,July,Motorist Overtaking - Other / Unknown,2014,42.03850604944766,No,Unknown Injury,Unknown,Unknown,Yes,36.30720219,-77.03844117,Dry,50 - 55  MPH,"Double Yellow Line, No Passing Zone",Clear,No,1,0,7
Yes,9.0,No,Facing Traffic,B: Suspected Minor Injury,Male,Burlington,Alamance,No,Friday,Bicyclist Failed to Yield - Sign-Controlled Intersection,14.0,June,Bicyclist Ride Through - Sign-Controlled Intersection,2014,46.0,No,O: No Injury,Female,Sport Utility,No,36.08425419,-79.43247518,Dry,30 - 35  MPH,Stop Sign,Cloudy,No,0,0,6
Yes,14.0,No,With Traffic,B: Suspected Minor Injury,Male,None - Rural Crash,Hoke,No,Thursday,Motorist Overtaking Bicyclist,14.0,July,Motorist Overtaking - Other / Unknown,2014,63.0,No,O: No Injury,Female,Passenger Car,No,34.99092179,-79.11985943,Dry,50 - 55  MPH,"Double Yellow Line, No Passing Zone",Clear,No,0,0,7
Yes,62.0,No,With Traffic,B: Suspected Minor Injury,Male,None - Rural Crash,Watauga,No,Saturday,Motorist Left Turn / Merge,10.0,June,Motorist Left Turn - Opposite Direction,2014,40.0,No,O: No Injury,Male,"Single Unit Truck (2-Axle, 6-Tire)",No,36.293549,-81.823217,Dry,30 - 35  MPH,Stop Sign,Clear,No,0,0,6
Yes,38.0,No,With Traffic,B: Suspected Minor Injury,Male,High Point,Guilford,No,Friday,Motorist Overtaking Bicyclist,15.0,June,Motorist Overtaking - Other / Unknown,2014,40.0,No,O: No Injury,Male,Passenger Car,No,35.93396613,-79.98386935,Dry,30 - 35  MPH,"Double Yellow Line, No Passing Zone",Clear,No,0,0,6
Yes,22.0,No,Facing Traffic,B: Suspected Minor Injury,Male,Kings Mountain,Cleveland,No,Thursday,Motorist Failed to Yield - Sign-Controlled Intersection,7.0,August,Motorist Drive Out - Sign-Controlled Intersection,2014,59.0,No,O: No Injury,Female,"Light Truck (Mini-Van, Panel)",No,35.23970172,-81.3695169,Dry,30 - 35  MPH,No Control Present,Clear,No,0,0,8
Yes,82.0,No,With Traffic,B: Suspected Minor Injury,Female,None - Rural Crash,Lincoln,No,Saturday,Motorist Failed to Yield - Sign-Controlled Intersection,10.0,June,Motorist Drive Through - Sign-Controlled Intersection,2014,39.0,No,O: No Injury,Female,Sport Utility,No,35.57508,-81.420969,Dry,20 - 25  MPH,Stop Sign,Clear,No,0,0,6
Yes,61.0,No,Unknown,B: Suspected Minor Injury,Male,Greenville,Pitt,No,Monday,Motorist Left Turn / Merge,16.0,July,Motorist Left Turn - Opposite Direction,2014,24.0,No,O: No Injury,Male,Passenger Car,No,35.59634011,-77.39053928,Dry,40 - 45  MPH,No Control Present,Clear,No,0,0,7
Yes,59.0,No,With Traffic,B: Suspected Minor Injury,Male,Elizabeth City,Pasquotank,No,Thursday,Motorist Overtaking Bicyclist,18.0,August,Motorist Overtaking - Bicyclist Swerved,2014,40.0,No,O: No Injury,Male,Sport Utility,No,36.32424579,-76.22208151,Dry,40 - 45  MPH,Stop And Go Signal,Clear,No,0,0,8
No,34.0,No,With Traffic,B: Suspected Minor Injury,Male,Fayetteville,Cumberland,No,Wednesday,Motorist Failed to Yield - Midblock,19.0,June,Motorist Drive Out - Commercial Driveway / Alley,2014,42.03850604944766,Missing,Unknown Injury,Unknown,Unknown,Yes,35.06918244,-78.95923795,Dry,40 - 45  MPH,No Control Present,Clear,No,1,0,6
Yes,68.0,No,Facing Traffic,B: Suspected Minor Injury,Male,Kinston,Lenoir,No,Wednesday,Motorist Failed to Yield - Midblock,15.0,August,Motorist Drive Out - Other Midblock,2014,64.0,No,O: No Injury,Male,Passenger Car,No,35.28953378,-77.548638,Dry,50 - 55  MPH,No Control Present,Clear,No,0,0,8
Yes,20.0,No,Facing Traffic,B: Suspected Minor Injury,Male,None - Rural Crash,Gaston,No,Tuesday,Head-On,0.0,June,Head-On - Bicyclist,2014,46.0,No,O: No Injury,Male,Sport Utility,No,35.18641317,-81.20689173,Dry,50 - 55  MPH,No Control Present,Clear,No,0,0,6
Yes,13.0,No,With Traffic,B: Suspected Minor Injury,Male,High Point,Guilford,No,Thursday,Bicyclist Failed to Yield - Sign-Controlled Intersection,12.0,July,Bicyclist Ride Through - Sign-Controlled Intersection,2014,45.0,No,O: No Injury,Male,"Single Unit Truck (2-Axle, 6-Tire)",No,35.96101804,-80.0023169,Dry,30 - 35  MPH,Stop Sign,Clear,No,0,0,7
Yes,50.0,No,With Traffic,B: Suspected Minor Injury,Female,None - Rural Crash,Forsyth,No,Tuesday,Motorist Overtaking Bicyclist,19.0,July,Motorist Overtaking - Misjudged Space,2014,23.0,No,O: No Injury,Male,Pickup,No,36.17453895,-80.39338358,Dry,40 - 45  MPH,"Double Yellow Line, No Passing Zone",Clear,No,0,0,7
Yes,34.0,No,Facing Traffic,B: Suspected Minor Injury,Male,None - Rural Crash,New Hanover,No,Monday,Motorist Failed to Yield - Midblock,15.0,August,Motorist Drive Out - Commercial Driveway / Alley,2014,35.0,No,O: No Injury,Female,Sport Utility,No,34.27642089,-77.81502773,Dry,40 - 45  MPH,Stop Sign,Clear,No,0,0,8
Yes,14.0,No,With Traffic,B: Suspected Minor Injury,Male,Burlington,Alamance,No,Thursday,Bicyclist Failed to Yield - Signalized Intersection,12.0,August,Bicyclist Ride Through - Signalized Intersection,2014,67.0,No,O: No Injury,Female,Passenger Car,No,36.08509081,-79.4407508,Dry,30 - 35  MPH,Stop And Go Signal,Clear,No,0,0,8
No,46.0,No,Facing Traffic,B: Suspected Minor Injury,Female,Rocky Mount,Nash,No,Monday,Motorist Left Turn / Merge,21.0,August,Motorist Left Turn - Opposite Direction,2014,22.0,Unknown,Unknown Injury,Male,Pickup,No,35.9330798,-77.81041684,Dry,30 - 35  MPH,No Control Present,Clear,No,0,0,8
Yes,55.0,No,With Traffic,B: Suspected Minor Injury,Male,None - Rural Crash,Sampson,No,Wednesday,Motorist Overtaking Bicyclist,5.0,July,Motorist Overtaking - Other / Unknown,2014,64.0,No,O: No Injury,Female,Passenger Car,No,35.19967708,-78.51070603,Dry,50 - 55  MPH,No Control Present,Cloudy,No,0,0,7
No,23.0,No,With Traffic,B: Suspected Minor Injury,Male,Wrightsville Beach,New Hanover,Yes,Friday,Motorist Overtaking Bicyclist,16.0,July,Motorist Overtaking - Other / Unknown,2014,25.0,Yes,O: No Injury,Male,Unknown,Yes,34.21713719,-77.78916907,Dry,20 - 25  MPH,No Control Present,Clear,No,0,0,7
Yes,28.0,No,With Traffic,B: Suspected Minor Injury,Male,Durham,Durham,No,Friday,Motorist Right Turn / Merge,8.0,June,Motorist Right Turn - Same Direction,2014,41.0,No,O: No Injury,Female,Passenger Car,No,36.00662579,-78.93305753,Dry,20 - 25  MPH,Stop Sign,Clear,No,0,0,6
Yes,50.0,Yes,With Traffic,B: Suspected Minor Injury,Male,Charlotte,Mecklenburg,Yes,Saturday,Motorist Overtaking Bicyclist,20.0,August,Motorist Overtaking - Undetected Bicyclist,2014,47.0,Yes,O: No Injury,Male,Passenger Car,No,35.209772,-80.794948,Dry,30 - 35  MPH,Stop And Go Signal,Cloudy,No,0,0,8
Yes,26.0,No,With Traffic,B: Suspected Minor Injury,Male,Raleigh,Wake,No,Tuesday,Motorist Failed to Yield - Sign-Controlled Intersection,19.0,June,Motorist Drive Out - Sign-Controlled Intersection,2014,29.0,No,O: No Injury,Male,Passenger Car,No,35.77414055,-78.6780834,Wet,20 - 25  MPH,Stop Sign,Clear,No,0,0,6
Yes,41.0,No,With Traffic,B: Suspected Minor Injury,Male,New Bern,Craven,No,Tuesday,Bicyclist Failed to Yield - Sign-Controlled Intersection,22.0,August,Bicyclist Ride Through - Sign-Controlled Intersection,2014,69.0,No,O: No Injury,Male,Pickup,No,35.106693,-77.051827,Dry,20 - 25  MPH,Stop Sign,Clear,No,0,0,8
Yes,19.0,No,With Traffic,B: Suspected Minor Injury,Female,Asheville,Buncombe,No,Tuesday,Bicyclist Failed to Yield - Sign-Controlled Intersection,11.0,July,Bicyclist Ride Out - Sign-Controlled Intersection,2014,24.0,No,O: No Injury,Female,Passenger Car,No,35.587164,-82.503172,Dry,40 - 45  MPH,No Control Present,Clear,No,0,0,7
Yes,23.0,No,With Traffic,B: Suspected Minor Injury,Male,Raleigh,Wake,No,Monday,Motorist Right Turn / Merge,19.0,August,Motorist Right Turn - Same Direction,2014,28.0,No,O: No Injury,Male,Sport Utility,No,35.8267956,-78.6766975,Dry,30 - 35  MPH,No Control Present,Cloudy,No,0,0,8
Yes,22.0,No,With Traffic,B: Suspected Minor Injury,Female,Boone,Watauga,No,Monday,Motorist Right Turn / Merge,12.0,August,Motorist Right Turn - Same Direction,2014,47.0,No,O: No Injury,Female,Pickup,No,36.21375675,-81.68227166,Wet,20 - 25  MPH,Stop And Go Signal,Rain,No,0,0,8
Yes,34.0,No,Facing Traffic,B: Suspected Minor Injury,Male,Washington,Beaufort,No,Wednesday,Bicyclist Failed to Yield - Sign-Controlled Intersection,5.0,July,Bicyclist Ride Out - Sign-Controlled Intersection,2014,56.0,No,O: No Injury,Male,Passenger Car,No,35.54668313,-77.03333963,Dry,30 - 35  MPH,No Control Present,Clear,No,0,0,7
No,18.0,No,Facing Traffic,B: Suspected Minor Injury,Male,None - Rural Crash,New Hanover,No,Sunday,Head-On,18.0,August,Head-On - Bicyclist,2014,42.03850604944766,Unknown,Unknown Injury,Unknown,Passenger Car,Yes,34.28265389,-77.84803942,Dry,30 - 35  MPH,No Control Present,Clear,No,1,0,8
Yes,5.0,No,Not Applicable,B: Suspected Minor Injury,Male,Monroe,Union,No,Friday,Bicyclist Failed to Yield - Midblock,19.0,July,Multiple Threat - Midblock,2014,25.0,No,O: No Injury,Female,Sport Utility,No,35.01570425,-80.60127894,Dry,20 - 25  MPH,No Control Present,Cloudy,No,0,0,7
Yes,27.0,No,Facing Traffic,B: Suspected Minor Injury,Male,Greensboro,Guilford,No,Monday,Motorist Failed to Yield - Midblock,15.0,August,Motorist Drive Out - Commercial Driveway / Alley,2014,32.0,No,O: No Injury,Male,Passenger Car,No,36.08792057,-79.89700331,Dry,5 - 15 MPH,No Control Present,Clear,No,0,0,8
Yes,6.0,No,With Traffic,B: Suspected Minor Injury,Male,Charlotte,Mecklenburg,No,Tuesday,Backing Vehicle,20.0,August,Backing Vehicle,2014,46.0,No,O: No Injury,Male,Passenger Car,No,35.15796162,-80.91365109,Dry,20 - 25  MPH,No Control Present,Clear,No,0,0,8
Yes,30.0,No,Facing Traffic,B: Suspected Minor Injury,Female,Wilmington,New Hanover,No,Tuesday,Motorist Failed to Yield - Midblock,8.0,July,Motorist Drive Out - Residential Driveway,2014,32.0,No,O: No Injury,Male,Pickup,No,34.2192116,-77.90609982,Dry,Unknown,No Control Present,Clear,No,0,0,7
Yes,34.0,No,Facing Traffic,B: Suspected Minor Injury,Female,Mooresville,Iredell,No,Saturday,Motorist Failed to Yield - Sign-Controlled Intersection,11.0,August,Motorist Drive Out - Sign-Controlled Intersection,2014,17.0,No,O: No Injury,Female,Sport Utility,No,35.57783035,-80.88645368,Dry,30 - 35  MPH,Stop Sign,Clear,No,0,0,8
No,42.0,No,With Traffic,B: Suspected Minor Injury,Male,None - Rural Crash,Randolph,No,Tuesday,Motorist Overtaking Bicyclist,10.0,August,Motorist Overtaking - Other / Unknown,2014,28.0,No,O: No Injury,Male,Pickup,No,35.7104851,-79.6291095,Dry,50 - 55  MPH,"Double Yellow Line, No Passing Zone",Clear,No,0,0,8
Yes,22.0,No,With Traffic,B: Suspected Minor Injury,Male,Oak Island,Brunswick,No,Friday,Motorist Overtaking Bicyclist,2.0,June,Motorist Overtaking - Other / Unknown,2014,42.03850604944766,Missing,Unknown Injury,Unknown,Unknown,Yes,33.91261357,-78.07337397,Dry,40 - 45  MPH,No Control Present,Clear,No,1,0,6
No,25.0,No,With Traffic,B: Suspected Minor Injury,Male,Oak Island,Brunswick,No,Tuesday,Bicyclist Left Turn / Merge,21.0,July,Bicyclist Left Turn - Opposite Direction,2014,49.0,No,O: No Injury,Male,Sport Utility,No,33.90878991,-78.07537355,Dry,30 - 35  MPH,No Control Present,Clear,No,0,0,7
Yes,54.0,No,Facing Traffic,B: Suspected Minor Injury,Male,Rocky Mount,Nash,No,Friday,Motorist Failed to Yield - Signalized Intersection,15.0,August,Motorist Drive Out - Signalized Intersection,2014,36.0,No,O: No Injury,Female,Sport Utility,No,35.94393724,-77.80159047,Dry,30 - 35  MPH,Stop And Go Signal,Clear,No,0,0,8
Yes,30.0,No,With Traffic,B: Suspected Minor Injury,Female,Teachey,Duplin,No,Sunday,Bicyclist Left Turn / Merge,13.0,August,Bicyclist Left Turn - Same Direction,2014,59.0,No,O: No Injury,Male,Passenger Car,No,34.76664033,-78.00215862,Wet,40 - 45  MPH,No Control Present,Cloudy,No,0,0,8
Yes,9.0,No,Not Applicable,B: Suspected Minor Injury,Male,None - Rural Crash,Rutherford,No,Tuesday,Bicyclist Failed to Yield - Midblock,16.0,August,Bicyclist Ride Out - Other Midblock,2014,54.0,No,O: No Injury,Male,Pickup,No,35.23905043,-81.76337662,Dry,30 - 35  MPH,"Double Yellow Line, No Passing Zone",Clear,No,0,0,8
No,23.0,No,With Traffic,B: Suspected Minor Injury,Male,Charlotte,Mecklenburg,No,Monday,Motorist Failed to Yield - Sign-Controlled Intersection,19.0,September,Motorist Drive Through - Sign-Controlled Intersection,2014,42.03850604944766,Missing,Unknown Injury,Unknown,Unknown,Yes,35.21611414,-80.78615241,Dry,30 - 35  MPH,Stop Sign,Clear,No,1,0,9
Yes,26.0,No,Facing Traffic,B: Suspected Minor Injury,Male,Greenville,Pitt,No,Wednesday,Bicyclist Failed to Yield - Sign-Controlled Intersection,17.0,August,Bicyclist Ride Out - Sign-Controlled Intersection,2014,40.0,No,O: No Injury,Male,Passenger Car,No,35.61282821,-77.37584697,Dry,30 - 35  MPH,Stop Sign,Clear,No,0,0,8