AmbulanceR,BikeAge,BikeAlcFlg,BikeDir,BikeInjury,BikeSex,City,County,CrashAlcoh,CrashDay,CrashGrp,CrashHour,CrashMonth,CrashType,CrashYear,DrvrAge,DrvrAlcFlg,DrvrInjury,DrvrSex,DrvrVehTyp,HitRun,Latitude,Longitude,RdConditio,SpeedLimit,TraffCntrl,Weather,Workzone,DrvrAgeImputedFlag,BikeAgeImputedFlag,MonthCode
Yes,11.0,No,Not Applicable,B: Suspected Minor Injury,Female,None - Rural Crash,Burke,No,Tuesday,Bicyclist Failed to Yield - Midblock,17.0,August,Bicyclist Ride Out - Residential Driveway,2014,52.0,No,O: No Injury,Male,Passenger Car,No,35.64213951,-81.47446963,Dry,30 - 35  MPH,No Control Present,Clear,No,0,0,8
Yes,17.0,No,With Traffic,B: Suspected Minor Injury,Male,Durham,Durham,Yes,Sunday,Bicyclist Failed to Yield - Sign-Controlled Intersection,9.0,August,Bicyclist Ride Through - Sign-Controlled Intersection,2014,32.0,Yes,O: No Injury,Male,Sport Utility,No,35.99919748,-78.88780636,Dry,20 - 25  MPH,Stop Sign,Clear,No,0,0,8
Yes,57.0,No,With Traffic,B: Suspected Minor Injury,Male,None - Rural Crash,Onslow,No,Tuesday,Bicyclist Failed to Yield - Sign-Controlled Intersection,6.0,August,Bicyclist Ride Out - Sign-Controlled Intersection,2014,57.0,No,O: No Injury,Male,Passenger Car,No,34.71757677,-77.32045002,Wet,40 - 45  MPH,Stop Sign,"Fog, Smog, Smoke",No,0,0,8
Yes,51.0,No,With Traffic,B: Suspected Minor Injury,Female,Mooresville,Iredell,No,Saturday,Motorist Left Turn / Merge,10.0,August,Motorist Left Turn - Opposite Direction,2014,69.0,No,O: No Injury,Female,Passenger Car,No,35.58620137,-80.80658552,Dry,30 - 35  MPH,No Control Present,Clear,No,0,0,8
Yes,51.0,Yes,With Traffic,B: Suspected Minor Injury,Male,None - Rural Crash,Columbus,Yes,Saturday,Motorist Overtaking Bicyclist,22.0,August,Motorist Overtaking - Other / Unknown,2014,42.03850604944766,Unknown,Unknown Injury,Unknown,Passenger Car,Yes,34.32814868,-78.78755353,Dry,50 - 55  MPH,No Control Present,Clear,No,1,0,8
Yes,22.0,No,Facing Traffic,B: Suspected Minor Injury,Male,Boone,Watauga,No,Wednesday,Motorist Failed to Yield - Midblock,6.0,September,Motorist Drive Out - Other Midblock,2014,25.0,No,O: No Injury,Male,Passenger Car,No,36.21606954,-81.67310157,Dry,30 - 35  MPH,No Control Present,Cloudy,No,0,0,9
No,7.0,No,With Traffic,B: Suspected Minor Injury,Male,Kannapolis,Rowan,No,Thursday,Bicyclist Left Turn / Merge,19.0,August,Bicyclist Left Turn - Opposite Direction,2014,23.0,No,O: No Injury,Male,Passenger Car,No,35.5091829,-80.62187535,Dry,30 - 35  MPH,Stop Sign,Clear,No,0,0,8
Yes,30.0,No,With Traffic,B: Suspected Minor Injury,Female,Beaufort,Carteret,No,Thursday,Motorist Failed to Yield - Sign-Controlled Intersection,20.0,September,Motorist Drive Out - Sign-Controlled Intersection,2014,57.0,No,O: No Injury,Female,Passenger Car,No,34.716531,-76.66126498,Dry,20 - 25  MPH,Stop Sign,Clear,No,0,0,9
Yes,52.0,No,With Traffic,B: Suspected Minor Injury,Male,Hendersonville,Henderson,No,Saturday,Motorist Failed to Yield - Sign-Controlled Intersection,16.0,August,Motorist Drive Out - Sign-Controlled Intersection,2014,38.0,No,O: No Injury,Male,Passenger Car,No,35.35006363,-82.43061192,Dry,30 - 35  MPH,Stop Sign,Clear,No,0,0,8
Yes,10.0,No,Unknown,B: Suspected Minor Injury,Male,Conover,Catawba,No,Saturday,Bicyclist Failed to Yield - Sign-Controlled Intersection,12.0,September,Bicyclist Ride Through - Sign-Controlled Intersection,2014,26.0,No,O: No Injury,Male,Passenger Car,No,35.73345877,-81.23276742,Dry,30 - 35  MPH,Stop Sign,Clear,No,0,0,9
No,22.0,Yes,With Traffic,B: Suspected Minor Injury,Male,Charlotte,Mecklenburg,Yes,Saturday,Motorist Left Turn / Merge,23.0,September,Motorist Left Turn - Opposite Direction,2014,29.0,No,O: No Injury,Female,Passenger Car,No,35.20265378,-80.73071899,Dry,40 - 45  MPH,Stop And Go Signal,Clear,No,0,0,9
Yes,18.0,No,Not Applicable,B: Suspected Minor Injury,Male,River Bend,Craven,No,Thursday,Non-Roadway,17.0,July,Non-Roadway,2014,72.0,No,O: No Injury,Female,Passenger Car,No,35.07608465,-77.15054662,Dry,Unknown,No Control Present,Clear,No,0,0,7
Yes,7.0,No,With Traffic,B: Suspected Minor Injury,Male,None - Rural Crash,Cleveland,No,Thursday,Motorist Overtaking Bicyclist,20.0,August,Motorist Overtaking - Other / Unknown,2014,42.03850604944766,Unknown,Unknown Injury,Unknown,Passenger Car,Yes,35.20892399,-81.38752685,Dry,20 - 25  MPH,No Control Present,Clear,No,1,0,8
Yes,28.0,No,Facing Traffic,B: Suspected Minor Injury,Female,None - Rural Crash,New Hanover,No,Saturday,Motorist Failed to Yield - Midblock,9.0,August,Motorist Drive Out - Commercial Driveway / Alley,2014,43.0,No,O: No Injury,Male,Pickup,No,34.27502892,-77.81612398,Dry,40 - 45  MPH,No Control Present,Cloudy,No,0,0,8
Yes,19.0,No,Not Applicable,B: Suspected Minor Injury,Male,Greenville,Pitt,No,Thursday,Motorist Left Turn / Merge,20.0,September,Motorist Left Turn - Opposite Direction,2014,28.0,No,O: No Injury,Male,Passenger Car,No,35.58386473,-77.37231032,Wet,40 - 45  MPH,Stop Sign,Rain,No,0,0,9
Yes,16.0,No,With Traffic,B: Suspected Minor Injury,Male,Kitty Hawk,Dare,No,Thursday,Loss of Control / Turning Error,13.0,July,Bicyclist Lost Control - Surface Conditions,2014,45.0,No,O: No Injury,Female,Sport Utility,No,36.06622549,-75.69347674,Dry,50 - 55  MPH,No Control Present,Cloudy,No,0,0,7
Yes,45.0,No,Facing Traffic,B: Suspected Minor Injury,Female,Gastonia,Gaston,No,Friday,Motorist Failed to Yield - Midblock,17.0,July,Motorist Drive Out - Commercial Driveway / Alley,2014,46.0,No,O: No Injury,Male,Sport Utility,No,35.25080509,-81.19013044,Dry,30 - 35  MPH,No Control Present,Clear,No,0,0,7
Yes,35.0,No,With Traffic,B: Suspected Minor Injury,Female,Charlotte,Mecklenburg,No,Sunday,Loss of Control / Turning Error,11.0,September,Motorist Turning Error - Left Turn,2014,17.0,No,O: No Injury,Female,Passenger Car,No,35.28016304,-80.69905472,Dry,30 - 35  MPH,Stop Sign,Clear,No,0,0,9
Yes,19.0,No,With Traffic,B: Suspected Minor Injury,Male,Raleigh,Wake,No,Friday,Motorist Left Turn / Merge,18.0,September,Motorist Left Turn - Opposite Direction,2014,61.0,No,O: No Injury,Female,Pickup,No,35.78068211,-78.6475729,Dry,30 - 35  MPH,Stop And Go Signal,Clear,No,0,0,9
No,17.0,No,With Traffic,B: Suspected Minor Injury,Male,None - Rural Crash,Onslow,No,Sunday,Bicyclist Failed to Yield - Sign-Controlled Intersection,10.0,August,Bicyclist Ride Through - Sign-Controlled Intersection,2014,43.0,No,O: No Injury,Male,Passenger Car,No,34.73133159,-77.49470566,Dry,40 - 45  MPH,Stop Sign,Clear,No,0,0,8
Yes,42.0,No,With Traffic,B: Suspected Minor Injury,Female,Emerald Isle,Carteret,No,Saturday,Motorist Overtaking Bicyclist,8.0,August,Motorist Overtaking - Other / Unknown,2014,49.0,No,O: No Injury,Female,Sport Utility,No,34.6610164,-77.05298136,Dry,40 - 45  MPH,No Control Present,Cloudy,No,0,0,8
Yes,15.0,No,Facing Traffic,B: Suspected Minor Injury,Female,Durham,Durham,No,Tuesday,Motorist Failed to Yield - Midblock,14.0,September,Motorist Drive Out - Commercial Driveway / Alley,2014,42.03850604944766,Missing,Unknown Injury,Unknown,"Light Truck (Mini-Van, Panel)",Yes,35.92190028,-78.95782194,Dry,5 - 15 MPH,No Control Present,Clear,No,1,0,9
No,9.0,No,Not Applicable,B: Suspected Minor Injury,Male,Wilmington,New Hanover,No,Wednesday,Bicyclist Failed to Yield - Midblock,19.0,August,Bicyclist Ride Out - Other Midblock,2014,71.0,No,O: No Injury,Female,Passenger Car,No,34.22897682,-77.88112252,Dry,5 - 15 MPH,No Control Present,Clear,No,0,0,8
Yes,19.0,No,Not Applicable,B: Suspected Minor Injury,Male,None - Rural Crash,Harnett,No,Thursday,Non-Roadway,14.0,September,Non-Roadway,2014,20.0,No,O: No Injury,Male,Passenger Car,No,35.40940774,-78.73670384,Dry,5 - 15 MPH,No Control Present,Clear,No,0,0,9
No,67.0,No,With Traffic,B: Suspected Minor Injury,Male,Charlotte,Mecklenburg,No,Thursday,Motorist Failed to Yield - Sign-Controlled Intersection,13.0,July,Motorist Drive Out - Sign-Controlled Intersection,2014,42.03850604944766,Missing,Unknown Injury,Female,Unknown,Yes,35.20963891,-80.87426446,Dry,30 - 35  MPH,Stop Sign,Cloudy,No,1,0,7
Yes,40.0,No,With Traffic,B: Suspected Minor Injury,Male,Wilmington,New Hanover,No,Thursday,Motorist Left Turn / Merge,19.0,August,Motorist Left Turn - Opposite Direction,2014,33.0,No,O: No Injury,Female,Passenger Car,No,34.18198518,-77.89855597,Dry,20 - 25  MPH,No Control Present,Clear,No,0,0,8
Yes,30.0,No,Facing Traffic,B: Suspected Minor Injury,Male,Salisbury,Rowan,No,Saturday,Bicyclist Failed to Yield - Signalized Intersection,6.0,September,Bicyclist Ride Through - Signalized Intersection,2014,37.0,No,O: No Injury,Female,Passenger Car,No,35.66186203,-80.50023755,Wet,40 - 45  MPH,Stop And Go Signal,Rain,No,0,0,9
No,18.0,No,With Traffic,B: Suspected Minor Injury,Male,Raleigh,Wake,No,Tuesday,Motorist Left Turn / Merge,17.0,September,Motorist Left Turn - Opposite Direction,2014,27.0,No,O: No Injury,Female,Passenger Car,No,35.7881573,-78.66964221,Dry,30 - 35  MPH,Stop And Go Signal,Clear,No,0,0,9
Yes,36.0,No,With Traffic,B: Suspected Minor Injury,Male,Raleigh,Wake,No,Saturday,Motorist Left Turn / Merge,10.0,September,Motorist Left Turn - Opposite Direction,2014,87.0,No,O: No Injury,Female,Passenger Car,No,35.82075982,-78.63449324,Wet,30 - 35  MPH,No Control Present,Rain,No,0,0,9
Yes,20.0,No,Facing Traffic,B: Suspected Minor Injury,Female,Kill Devil Hills,Dare,No,Thursday,Motorist Failed to Yield - Sign-Controlled Intersection,12.0,July,Motorist Drive Out - Sign-Controlled Intersection,2014,53.0,No,O: No Injury,Male,Van,No,35.99584735,-75.65045241,Dry,20 - 25  MPH,Stop Sign,Clear,No,0,0,7
Yes,24.0,No,With Traffic,B: Suspected Minor Injury,Male,Wilmington,New Hanover,No,Saturday,Loss of Control / Turning Error,2.0,August,Motorist Turning Error - Left Turn,2014,24.0,No,O: No Injury,Female,Passenger Car,No,34.21704243,-77.88538714,Dry,30 - 35  MPH,No Control Present,Clear,No,0,0,8
Yes,63.0,No,With Traffic,B: Suspected Minor Injury,Female,Kill Devil Hills,Dare,No,Friday,Crossing Paths - Other Circumstances,9.0,September,Crossing Paths - Uncontrolled Intersection,2014,36.0,No,O: No Injury,Male,Passenger Car,No,36.013319,-75.65695838,Dry,5 - 15 MPH,No Control Present,Clear,No,0,0,9
No,14.0,No,With Traffic,B: Suspected Minor Injury,Male,Gastonia,Gaston,No,Wednesday,Motorist Right Turn / Merge,17.0,August,Motorist Right Turn - Same Direction,2014,42.03850604944766,Missing,Unknown Injury,Unknown,Unknown,Yes,35.27394682,-81.20297463,Dry,30 - 35  MPH,No Control Present,Clear,No,1,0,8
No,14.0,No,With Traffic,B: Suspected Minor Injury,Male,Gastonia,Gaston,No,Wednesday,Motorist Overtaking Bicyclist,17.0,August,Motorist Overtaking - Other / Unknown,2014,42.03850604944766,Missing,Unknown Injury,Unknown,Unknown,Yes,35.27394682,-81.20297463,Dry,30 - 35  MPH,No Control Present,Clear,No,1,0,8
No,40.0,No,With Traffic,B: Suspected Minor Injury,Male,Lumberton,Robeson,No,Wednesday,Motorist Overtaking Bicyclist,15.0,August,Motorist Overtaking - Other / Unknown,2014,51.0,No,O: No Injury,Male,Sport Utility,No,34.66642305,-78.9948857,Dry,30 - 35  MPH,Yield Sign,Clear,No,0,0,8
Yes,62.0,No,With Traffic,B: Suspected Minor Injury,Female,Calabash,Brunswick,No,Monday,Motorist Overtaking Bicyclist,16.0,September,Motorist Overtaking - Misjudged Space,2014,32.0,No,O: No Injury,Male,Pickup,No,33.89252974,-78.54929744,Dry,40 - 45  MPH,"Double Yellow Line, No Passing Zone",Clear,No,0,0,9
No,62.0,No,With Traffic,B: Suspected Minor Injury,Female,Raleigh,Wake,No,Tuesday,Motorist Left Turn / Merge,9.0,September,Motorist Left Turn - Opposite Direction,2014,78.0,No,O: No Injury,Male,Passenger Car,No,35.89976017,-78.68087562,Dry,40 - 45  MPH,Stop And Go Signal,Clear,No,0,0,9
Yes,41.0,Yes,With Traffic,B: Suspected Minor Injury,Female,Wilson,Wilson,Yes,Saturday,Motorist Failed to Yield - Sign-Controlled Intersection,22.0,August,Motorist Drive Out - Sign-Controlled Intersection,2014,29.0,No,O: No Injury,Female,Passenger Car,No,35.71956007,-77.90106401,Dry,30 - 35  MPH,Stop Sign,Clear,No,0,0,8
Yes,59.0,No,Facing Traffic,B: Suspected Minor Injury,Male,Durham,Durham,No,Friday,Motorist Failed to Yield - Midblock,13.0,September,Motorist Drive Out - Commercial Driveway / Alley,2014,48.0,No,O: No Injury,Female,Passenger Car,No,36.00147635,-78.8953841,Dry,30 - 35  MPH,No Control Present,Clear,No,0,0,9
No,30.0,No,Facing Traffic,B: Suspected Minor Injury,Female,Kill Devil Hills,Dare,No,Sunday,Motorist Failed to Yield - Midblock,18.0,August,Motorist Drive Out - Commercial Driveway / Alley,2014,44.0,No,O: No Injury,Female,Passenger Car,No,36.03815433,-75.67434406,Dry,Unknown,Stop Sign,Clear,No,0,0,8
Yes,45.0,Yes,With Traffic,B: Suspected Minor Injury,Male,None - Rural Crash,Robeson,Yes,Thursday,Motorist Overtaking Bicyclist,19.0,September,Motorist Overtaking - Undetected Bicyclist,2014,30.0,No,O: No Injury,Female,Passenger Car,No,34.55008156,-79.12007873,Dry,50 - 55  MPH,"Double Yellow Line, No Passing Zone",Clear,No,0,0,9
Yes,45.0,No,Facing Traffic,B: Suspected Minor Injury,Male,Winston-Salem,Forsyth,Yes,Monday,Loss of Control / Turning Error,14.0,August,Motorist Lost Control - Other / Unknown,2014,26.0,Yes,O: No Injury,Female,Sport Utility,No,36.11483549,-80.23437559,Dry,30 - 35  MPH,No Control Present,Clear,No,0,0,8
Yes,56.0,No,With Traffic,B: Suspected Minor Injury,Male,Greensboro,Guilford,No,Monday,Bicyclist Left Turn / Merge,10.0,September,Bicyclist Left Turn - Same Direction,2014,26.0,No,O: No Injury,Male,Passenger Car,No,36.05011524,-79.78280842,Dry,30 - 35  MPH,No Control Present,Clear,No,0,0,9
No,17.0,No,Facing Traffic,B: Suspected Minor Injury,Male,Charlotte,Mecklenburg,No,Wednesday,Motorist Failed to Yield - Signalized Intersection,14.0,September,Motorist Drive Out - Right Turn on Red,2014,68.0,No,O: No Injury,Male,Passenger Car,No,35.09668883,-80.85947517,Dry,30 - 35  MPH,Stop Sign,Clear,No,0,0,9
Yes,18.0,No,With Traffic,B: Suspected Minor Injury,Male,None - Rural Crash,Buncombe,No,Saturday,Motorist Overtaking Bicyclist,18.0,September,Motorist Overtaking - Misjudged Space,2014,46.0,No,O: No Injury,Female,Passenger Car,No,35.51893806,-82.40371513,Dry,40 - 45  MPH,"Double Yellow Line, No Passing Zone",Clear,No,0,0,9
Yes,43.0,No,With Traffic,B: Suspected Minor Injury,Male,Greensboro,Guilford,No,Monday,Motorist Overtaking Bicyclist,21.0,August,Motorist Overtaking - Undetected Bicyclist,2014,24.0,No,O: No Injury,Male,Passenger Car,No,36.14670901,-79.74878057,Wet,30 - 35  MPH,No Control Present,Rain,No,0,0,8
Yes,30.0,No,With Traffic,B: Suspected Minor Injury,Female,Fayetteville,Cumberland,No,Monday,Motorist Overtaking Bicyclist,15.0,August,Motorist Overtaking - Misjudged Space,2014,21.0,No,O: No Injury,Female,Pickup,No,35.10342804,-78.99292333,Dry,40 - 45  MPH,No Control Present,Cloudy,No,0,0,8
Yes,38.0,No,With Traffic,B: Suspected Minor Injury,Male,None - Rural Crash,Randolph,No,Monday,Motorist Overtaking Bicyclist,8.0,September,Motorist Overtaking - Other / Unknown,2014,42.03850604944766,Unknown,Unknown Injury,Unknown,Pickup,Yes,35.85185286,-79.88647846,Dry,50 - 55  MPH,No Control Present,Clear,No,1,0,9
Yes,37.0,No,With Traffic,B: Suspected Minor Injury,Female,Jacksonville,Onslow,No,Wednesday,Loss of Control / Turning Error,8.0,August,Bicyclist Turning Error - Right Turn,2014,28.0,No,O: No Injury,Female,Sport Utility,No,34.79149718,-77.40037468,Dry,20 - 25  MPH,"Double Yellow Line, No Passing Zone",Cloudy,No,0,0,8
No,7.0,No,With Traffic,B: Suspected Minor Injury,Female,None - Rural Crash,Pitt,No,Friday,Motorist Overtaking Bicyclist,19.0,July,Motorist Overtaking - Other / Unknown,2014,21.0,No,O: No Injury,Male,Sport Utility,No,35.6725356,-77.51526358,Dry,5 - 15 MPH,No Control Present,Clear,No,0,0,7
Yes,53.0,No,With Traffic,B: Suspected Minor Injury,Male,None - Rural Crash,Carteret,No,Thursday,Motorist Left Turn / Merge,7.0,August,Motorist Left Turn - Opposite Direction,2014,60.0,No,O: No Injury,Female,Passenger Car,No,34.72558712,-76.93585966,Dry,50 - 55  MPH,Stop And Go Signal,Clear,No,0,0,8
Yes,20.0,No,With Traffic,B: Suspected Minor Injury,Male,None - Rural Crash,Cumberland,No,Friday,Bicyclist Left Turn / Merge,7.0,September,Bicyclist Left Turn - Opposite Direction,2014,20.0,No,O: No Injury,Female,Sport Utility,No,35.02998561,-78.79358673,Dry,30 - 35  MPH,"Double Yellow Line, No Passing Zone",Clear,No,0,0,9
No,28.0,No,Facing Traffic,B: Suspected Minor Injury,Male,High Point,Guilford,No,Sunday,Motorist Failed to Yield - Midblock,15.0,September,Motorist Drive Out - Commercial Driveway / Alley,2014,20.0,No,O: No Injury,Male,Passenger Car,No,35.97877428,-80.02081513,Dry,5 - 15 MPH,No Control Present,Clear,No,0,0,9
Yes,26.0,No,Facing Traffic,B: Suspected Minor Injury,Male,Raleigh,Wake,No,Sunday,Motorist Failed to Yield - Signalized Intersection,7.0,September,Motorist Drive Out - Right Turn on Red,2014,24.0,No,O: No Injury,Male,Passenger Car,No,35.77516222,-78.65672059,Dry,40 - 45  MPH,Stop And Go Signal,Clear,No,0,0,9
Yes,21.0,No,Facing Traffic,B: Suspected Minor Injury,Female,None - Rural Crash,Cabarrus,No,Saturday,Motorist Right Turn / Merge,15.0,September,Motorist Right Turn - Opposite Direction,2014,80.0,No,O: No Injury,Male,Pickup,No,35.49763927,-80.56082063,Dry,30 - 35  MPH,No Control Present,Clear,No,0,0,9
Yes,40.0,No,With Traffic,B: Suspected Minor Injury,Male,Raleigh,Wake,No,Sunday,Motorist Overtaking Bicyclist,20.0,September,Motorist Overtaking - Undetected Bicyclist,2014,67.0,No,O: No Injury,Male,Passenger Car,No,35.81139233,-78.5844963,Dry,40 - 45  MPH,No Control Present,Clear,No,0,0,9
Yes,23.0,No,With Traffic,B: Suspected Minor Injury,Male,Wilmington,New Hanover,No,Friday,Motorist Failed to Yield - Midblock,10.0,September,Motorist Drive Out - Commercial Driveway / Alley,2014,32.0,No,O: No Injury,Male,Passenger Car,No,34.23140052,-77.87877485,Dry,5 - 15 MPH,No Control Present,Clear,No,0,0,9
Yes,26.0,No,Facing Traffic,B: Suspected Minor Injury,Male,Fayetteville,Cumberland,No,Sunday,Head-On,10.0,August,Head-On - Bicyclist,2014,78.0,No,O: No Injury,Male,Passenger Car,No,35.01429453,-79.06165973,Dry,50 - 55  MPH,No Control Present,Clear,No,0,0,8
Yes,57.0,No,With Traffic,B: Suspected Minor Injury,Male,Lewisville,Forsyth,No,Saturday,Motorist Overtaking Bicyclist,11.0,September,Motorist Overtaking - Undetected Bicyclist,2014,61.0,No,O: No Injury,Male,Pickup,No,36.09995573,-80.44597543,Dry,40 - 45  MPH,"Double Yellow Line, No Passing Zone",Clear,No,0,0,9
Yes,55.0,No,With Traffic,B: Suspected Minor Injury,Male,None - Rural Crash,Henderson,No,Friday,Motorist Overtaking Bicyclist,17.0,September,Motorist Overtaking - Bicyclist Swerved,2014,42.0,No,O: No Injury,Male,Pickup,No,35.25921656,-82.43830259,Dry,30 - 35  MPH,"Double Yellow Line, No Passing Zone",Clear,No,0,0,9
No,47.0,No,With Traffic,B: Suspected Minor Injury,Male,Charlotte,Mecklenburg,No,Wednesday,Head-On,6.0,September,Head-On - Bicyclist,2014,24.0,No,O: No Injury,Male,Sport Utility,No,35.16566946,-80.8356479,Dry,30 - 35  MPH,Stop And Go Signal,Cloudy,No,0,0,9
Yes,48.0,No,With Traffic,B: Suspected Minor Injury,Male,Gastonia,Gaston,No,Monday,Motorist Overtaking Bicyclist,19.0,September,Motorist Overtaking - Other / Unknown,2014,42.03850604944766,Missing,Unknown Injury,Unknown,Unknown,Yes,35.2617597,-81.20086023,Dry,30 - 35  MPH,No Control Present,Clear,No,1,0,9
Yes,52.0,No,With Traffic,B: Suspected Minor Injury,Male,Wilmington,New Hanover,No,Tuesday,Motorist Failed to Yield - Sign-Controlled Intersection,14.0,September,Motorist Drive Out - Sign-Controlled Intersection,2014,17.0,No,O: No Injury,Female,Passenger Car,No,34.20127944,-77.93119217,Dry,20 - 25  MPH,Stop Sign,Clear,No,0,0,9
Yes,18.0,No,Facing Traffic,B: Suspected Minor Injury,Male,Duck,Dare,No,Friday,Motorist Failed to Yield - Sign-Controlled Intersection,18.0,August,Motorist Drive Out - Sign-Controlled Intersection,2014,36.0,No,O: No Injury,Female,Sport Utility,No,36.1555719,-75.74546445,Dry,30 - 35  MPH,Stop Sign,Clear,No,0,0,8
Yes,55.0,No,With Traffic,B: Suspected Minor Injury,Male,Greenville,Pitt,No,Friday,Loss of Control / Turning Error,16.0,October,Bicyclist Turning Error - Other,2014,26.0,No,O: No Injury,Female,Sport Utility,No,35.61034036,-77.39072646,Dry,20 - 25  MPH,No Control Present,Clear,No,0,0,10
Yes,44.0,No,With Traffic,B: Suspected Minor Injury,Male,Duck,Dare,No,Saturday,Motorist Left Turn / Merge,8.0,August,Motorist Left Turn - Opposite Direction,2014,41.0,No,O: No Injury,Male,Passenger Car,No,36.17008625,-75.75592296,Dry,20 - 25  MPH,No Control Present,Clear,No,0,0,8
Yes,45.0,No,With Traffic,B: Suspected Minor Injury,Male,Matthews,Mecklenburg,No,Saturday,Motorist Left Turn / Merge,9.0,September,Motorist Left Turn - Opposite Direction,2014,75.0,No,O: No Injury,Male,Passenger Car,No,35.10825942,-80.72908094,Dry,30 - 35  MPH,Stop And Go Signal,Clear,No,0,0,9
Yes,62.0,No,With Traffic,B: Suspected Minor Injury,Female,Brevard,Transylvania,No,Wednesday,Motorist Failed to Yield - Sign-Controlled Intersection,11.0,October,Motorist Drive Out - Sign-Controlled Intersection,2014,82.0,No,O: No Injury,Female,Passenger Car,No,35.25363126,-82.70083862,Dry,30 - 35  MPH,Stop Sign,Clear,No,0,0,10
Yes,56.0,No,With Traffic,B: Suspected Minor Injury,Male,Thomasville,Davidson,No,Wednesday,Motorist Right Turn / Merge,8.0,July,Motorist Right Turn - Same Direction,2014,75.0,No,O: No Injury,Male,Pickup,No,35.89349964,-80.10331415,Dry,30 - 35  MPH,No Control Present,Clear,No,0,0,7
Yes,26.0,No,With Traffic,B: Suspected Minor Injury,Male,Charlotte,Mecklenburg,No,Thursday,Loss of Control / Turning Error,17.0,October,Motorist Turning Error - Right Turn,2014,47.0,No,O: No Injury,Male,Pickup,No,35.23058094,-80.78317534,Dry,20 - 25  MPH,Stop Sign,Clear,No,0,0,10
Yes,45.0,Yes,Facing Traffic,B: Suspected Minor Injury,Male,Durham,Durham,Yes,Wednesday,Bicyclist Failed to Yield - Signalized Intersection,17.0,October,Bicyclist Ride Through - Signalized Intersection,2014,58.0,No,O: No Injury,Female,Passenger Car,No,35.97942691,-78.89171487,Dry,40 - 45  MPH,Stop And Go Signal,Clear,No,0,0,10
Yes,23.0,No,With Traffic,B: Suspected Minor Injury,Male,Statesville,Iredell,No,Wednesday,Head-On,12.0,October,Head-On - Bicyclist,2014,41.0,No,O: No Injury,Male,Pickup,No,35.77601469,-80.88475655,Dry,30 - 35  MPH,No Control Present,Clear,No,0,0,10
Yes,14.0,No,Facing Traffic,B: Suspected Minor Injury,Male,None - Rural Crash,Dare,No,Wednesday,Motorist Right Turn / Merge,7.0,October,Motorist Right Turn - Opposite Direction,2014,29.0,No,O: No Injury,Male,Pickup,No,35.989585,-75.666628,Dry,20 - 25  MPH,"Double Yellow Line, No Passing Zone",Clear,No,0,0,10
Yes,66.0,No,With Traffic,B: Suspected Minor Injury,Male,Wallace,Duplin,No,Thursday,Motorist Failed to Yield - Sign-Controlled Intersection,9.0,October,Motorist Drive Out - Sign-Controlled Intersection,2014,81.0,No,O: No Injury,Male,Sport Utility,No,34.73251647,-77.99170916,Dry,30 - 35  MPH,Stop Sign,Clear,No,0,0,10
Yes,21.0,No,Facing Traffic,B: Suspected Minor Injury,Female,Wilmington,New Hanover,No,Friday,Motorist Failed to Yield - Sign-Controlled Intersection,11.0,September,Motorist Drive Through - Sign-Controlled Intersection,2014,56.0,No,O: No Injury,Male,Passenger Car,No,34.19183109,-77.92744016,Dry,50 - 55  MPH,Stop Sign,Clear,No,0,0,9
Yes,57.0,No,With Traffic,B: Suspected Minor Injury,Female,Greensboro,Guilford,No,Sunday,Loss of Control / Turning Error,12.0,October,Bicyclist Lost Control - Surface Conditions,2014,57.0,No,O: No Injury,Male,Van,No,36.10097095,-79.97892513,Dry,30 - 35  MPH,No Control Present,Clear,Yes,0,0,10
Yes,18.0,Unknown,Not Applicable,B: Suspected Minor Injury,Male,Raleigh,Wake,No,Monday,Bicyclist Failed to Yield - Midblock,15.0,September,Bicyclist Ride Out - Other Midblock,2014,34.0,Unknown,O: No Injury,Male,Passenger Car,No,35.78348756,-78.67112676,Dry,5 - 15 MPH,No Control Present,Clear,No,0,0,9
Yes,66.0,No,With Traffic,B: Suspected Minor Injury,Male,Wilmington,New Hanover,No,Monday,Motorist Right Turn / Merge,12.0,September,Motorist Right Turn - Same Direction,2014,20.0,No,O: No Injury,Female,Pickup,No,34.22736046,-77.87949139,Dry,40 - 45  MPH,Stop And Go Signal,Cloudy,No,0,0,9
Yes,42.0,No,With Traffic,B: Suspected Minor Injury,Female,None - Rural Crash,Wayne,No,Thursday,Motorist Overtaking Bicyclist,18.0,October,Motorist Overtaking - Bicyclist Swerved,2014,60.0,No,O: No Injury,Male,Passenger Car,No,35.53751849,-77.99545636,Dry,50 - 55  MPH,No Control Present,Clear,No,0,0,10
Yes,37.0,No,With Traffic,B: Suspected Minor Injury,Male,None - Rural Crash,Cumberland,No,Friday,Motorist Overtaking Bicyclist,14.0,September,Motorist Overtaking - Bicyclist Swerved,2014,73.0,No,O: No Injury,Male,Sport Utility,No,35.01110039,-78.94815143,Dry,40 - 45  MPH,No Control Present,Clear,No,0,0,9