AmbulanceR,BikeAge,BikeAlcFlg,BikeDir,BikeInjury,BikeSex,City,County,CrashAlcoh,CrashDay,CrashGrp,CrashHour,CrashMonth,CrashType,CrashYear,DrvrAge,DrvrAlcFlg,DrvrInjury,DrvrSex,DrvrVehTyp,HitRun,Latitude,Longitude,RdConditio,SpeedLimit,TraffCntrl,Weather,Workzone,DrvrAgeImputedFlag,BikeAgeImputedFlag,MonthCode
Yes,15.0,No,With Traffic,B: Suspected Minor Injury,Male,Rhodhiss,Burke,No,Thursday,Bicyclist Failed to Yield - Sign-Controlled Intersection,16.0,May,Bicyclist Ride Through - Sign-Controlled Intersection,2014,43.0,No,O: No Injury,Male,Pickup,No,35.77045518,-81.43014041,Dry,30 - 35  MPH,Yield Sign,Clear,No,0,0,5
Yes,46.0,No,Facing Traffic,B: Suspected Minor Injury,Male,Greenville,Pitt,No,Wednesday,Motorist Failed to Yield - Sign-Controlled Intersection,6.0,October,Motorist Drive Out - Sign-Controlled Intersection,2014,43.0,No,O: No Injury,Female,Sport Utility,No,35.60639652,-77.38408433,Dry,30 - 35  MPH,Stop And Go Signal,Clear,No,0,0,10
No,37.0,Unknown,With Traffic,B: Suspected Minor Injury,Male,Fayetteville,Cumberland,No,Wednesday,Motorist Overtaking Bicyclist,11.0,October,Motorist Overtaking - Other / Unknown,2014,42.03850604944766,Missing,Unknown Injury,Unknown,Pickup,Yes,35.12107987,-78.91258015,Unknown,30 - 35  MPH,No Control Present,Other,No,1,0,10
Yes,23.0,No,With Traffic,B: Suspected Minor Injury,Male,None - Rural Crash,Dare,No,Sunday,Motorist Right Turn / Merge,6.0,October,Motorist Right Turn - Same Direction,2014,57.0,No,O: No Injury,Male,Pickup,No,35.90642,-75.598765,Dry,40 - 45  MPH,No Control Present,Clear,No,0,0,10
Yes,12.0,No,Unknown,B: Suspected Minor Injury,Male,Winston-Salem,Forsyth,No,Monday,Loss of Control / Turning Error,12.0,September,Bicyclist Lost Control - Surface Conditions,2014,33.0,No,O: No Injury,Male,Pickup,No,36.14626642,-80.29758801,Wet,30 - 35  MPH,Stop Sign,Cloudy,No,0,0,9
Yes,13.0,No,With Traffic,B: Suspected Minor Injury,Male,None - Rural Crash,Orange,No,Sunday,Bicyclist Left Turn / Merge,11.0,October,Bicyclist Left Turn - Same Direction,2014,17.0,No,O: No Injury,Male,Passenger Car,No,35.98145174,-78.99791172,Wet,40 - 45  MPH,"Double Yellow Line, No Passing Zone",Rain,No,0,0,10
Yes,39.0,No,With Traffic,B: Suspected Minor Injury,Male,Durham,Durham,No,Tuesday,Motorist Left Turn / Merge,19.0,October,Motorist Left Turn - Opposite Direction,2014,61.0,No,O: No Injury,Male,Sport Utility,No,35.99510391,-78.83324335,Dry,30 - 35  MPH,No Control Present,Clear,No,0,0,10
Yes,23.0,No,Facing Traffic,B: Suspected Minor Injury,Male,Charlotte,Mecklenburg,No,Friday,Motorist Right Turn / Merge,17.0,October,Motorist Right Turn - Opposite Direction,2014,17.0,No,O: No Injury,Female,Passenger Car,No,35.22534701,-80.83477495,Dry,30 - 35  MPH,Stop And Go Signal,Clear,No,0,0,10
Yes,39.0,No,Facing Traffic,B: Suspected Minor Injury,Male,Gibsonville,Guilford,No,Tuesday,Motorist Right Turn / Merge,18.0,September,Motorist Right Turn - Opposite Direction,2014,29.0,No,O: No Injury,Female,Sport Utility,No,36.10655894,-79.54377412,Dry,20 - 25  MPH,No Control Present,Clear,No,0,0,9
Yes,26.0,No,With Traffic,B: Suspected Minor Injury,Male,Asheville,Buncombe,No,Sunday,Motorist Left Turn / Merge,21.0,October,Motorist Left Turn - Opposite Direction,2014,37.0,No,O: No Injury,Female,Van,No,35.56846069,-82.54904385,Dry,30 - 35  MPH,Stop And Go Signal,Clear,No,0,0,10
No,24.0,No,With Traffic,B: Suspected Minor Injury,Male,Raleigh,Wake,No,Tuesday,Bicyclist Overtaking Motorist,14.0,October,Bicyclist Overtaking - Extended Door,2014,19.0,Missing,O: No Injury,Male,Sport Utility,No,35.77832031,-78.64147843,Dry,20 - 25  MPH,No Control Present,Clear,No,0,0,10
No,26.0,No,With Traffic,B: Suspected Minor Injury,Male,Durham,Durham,No,Monday,Motorist Left Turn / Merge,11.0,October,Motorist Left Turn - Opposite Direction,2014,75.0,No,O: No Injury,Female,Passenger Car,No,35.90295004,-78.95320143,Dry,30 - 35  MPH,Stop And Go Signal,Clear,No,0,0,10
No,47.0,No,With Traffic,B: Suspected Minor Injury,Female,Raleigh,Wake,No,Wednesday,Bicyclist Left Turn / Merge,23.0,October,Bicyclist Left Turn - Opposite Direction,2014,42.03850604944766,Missing,Unknown Injury,Unknown,Unknown,Yes,35.8696704,-78.71305474,Dry,30 - 35  MPH,Stop Sign,Clear,No,1,0,10
Yes,21.0,No,With Traffic,B: Suspected Minor Injury,Male,Raleigh,Wake,No,Thursday,Bicyclist Overtaking Motorist,21.0,October,Bicyclist Overtaking - Parked Vehicle,2014,42.03850604944766,Missing,Unknown Injury,Unknown,Passenger Car,No,35.78229484,-78.65457657,Dry,30 - 35  MPH,No Control Present,Clear,No,1,0,10
Yes,49.0,No,Not Applicable,B: Suspected Minor Injury,Male,Mooresville,Iredell,No,Friday,Motorist Left Turn / Merge,11.0,October,Motorist Left Turn - Opposite Direction,2014,56.0,No,O: No Injury,Female,Passenger Car,No,35.59984466,-80.81203289,Dry,40 - 45  MPH,"Double Yellow Line, No Passing Zone",Cloudy,No,0,0,10
Yes,36.0,No,With Traffic,B: Suspected Minor Injury,Male,Winston-Salem,Forsyth,No,Monday,Bicyclist Failed to Yield - Signalized Intersection,12.0,October,Bicyclist Ride Through - Signalized Intersection,2014,72.0,No,O: No Injury,Male,Passenger Car,No,36.09949719,-80.24819793,Dry,30 - 35  MPH,Stop And Go Signal,Clear,No,0,0,10
Yes,46.0,No,With Traffic,B: Suspected Minor Injury,Male,None - Rural Crash,Sampson,No,Wednesday,Motorist Overtaking Bicyclist,8.0,October,Motorist Overtaking - Bicyclist Swerved,2014,74.0,No,O: No Injury,Female,Sport Utility,No,35.28513946,-78.528892,Dry,50 - 55  MPH,No Control Present,Clear,No,0,0,10
Yes,10.0,No,Not Applicable,B: Suspected Minor Injury,Male,None - Rural Crash,Caldwell,No,Saturday,Bicyclist Failed to Yield - Midblock,12.0,October,Bicyclist Ride Out - Residential Driveway,2014,22.0,No,O: No Injury,Male,Sport Utility,No,35.84278056,-81.40303572,Dry,Unknown,No Control Present,Clear,No,0,0,10
Yes,16.0,No,Facing Traffic,B: Suspected Minor Injury,Male,Mooresville,Iredell,No,Wednesday,Motorist Failed to Yield - Midblock,4.0,October,Motorist Drive Out - Commercial Driveway / Alley,2014,42.0,No,O: No Injury,Male,Pickup,No,35.5843144,-80.81045717,Dry,5 - 15 MPH,No Control Present,Clear,No,0,0,10
Yes,57.0,No,With Traffic,B: Suspected Minor Injury,Male,Asheboro,Randolph,No,Saturday,Motorist Left Turn / Merge,19.0,October,Motorist Left Turn - Opposite Direction,2014,27.0,No,O: No Injury,Male,Passenger Car,No,35.70502396,-79.82045453,Dry,30 - 35  MPH,No Control Present,Clear,No,0,0,10
Yes,18.0,No,With Traffic,B: Suspected Minor Injury,Male,Greensboro,Guilford,No,Thursday,Motorist Right Turn / Merge,16.0,October,Motorist Right Turn - Same Direction,2014,76.0,No,O: No Injury,Male,Passenger Car,No,36.07406545,-79.76422922,Dry,30 - 35  MPH,Stop And Go Signal,Clear,No,0,0,10
Yes,49.0,No,With Traffic,B: Suspected Minor Injury,Male,Winston-Salem,Forsyth,No,Thursday,Motorist Overtaking Bicyclist,17.0,October,Motorist Overtaking - Bicyclist Swerved,2014,46.0,No,O: No Injury,Female,Passenger Car,No,36.10519571,-80.15894528,Dry,40 - 45  MPH,"Double Yellow Line, No Passing Zone",Clear,No,0,0,10
No,47.0,No,With Traffic,B: Suspected Minor Injury,Male,None - Rural Crash,Onslow,No,Tuesday,Motorist Overtaking Bicyclist,13.0,October,Motorist Overtaking - Other / Unknown,2014,82.0,No,O: No Injury,Male,Passenger Car,No,34.59517155,-77.48056288,Dry,50 - 55  MPH,No Control Present,Clear,No,0,0,10
No,18.0,No,With Traffic,B: Suspected Minor Injury,Male,Carrboro,Orange,No,Monday,Bicyclist Left Turn / Merge,8.0,October,Bicyclist Left Turn - Same Direction,2014,42.03850604944766,Missing,Unknown Injury,Unknown,Unknown,Yes,35.91027062,-79.07276051,Dry,20 - 25  MPH,No Control Present,Clear,No,1,0,10
No,39.0,No,With Traffic,B: Suspected Minor Injury,Male,None - Rural Crash,Wake,No,Saturday,Motorist Overtaking Bicyclist,9.0,October,Motorist Overtaking - Misjudged Space,2014,42.03850604944766,Missing,Unknown Injury,Unknown,Unknown,Yes,36.05834838,-78.65003204,Dry,40 - 45  MPH,"Double Yellow Line, No Passing Zone",Clear,No,1,0,10
No,28.0,No,With Traffic,B: Suspected Minor Injury,Male,Raleigh,Wake,No,Thursday,Motorist Left Turn / Merge,20.0,November,Motorist Left Turn - Opposite Direction,2014,67.0,No,O: No Injury,Female,Sport Utility,No,35.77576719,-78.64201312,Wet,30 - 35  MPH,Stop And Go Signal,Rain,No,0,0,11
No,37.0,Yes,Not Applicable,B: Suspected Minor Injury,Male,Wake Forest,Wake,Yes,Monday,Bicyclist Failed to Yield - Midblock,3.0,October,Bicyclist Ride Out - Midblock - Unknown,2014,30.0,No,O: No Injury,Male,Passenger Car,No,35.94679099,-78.53694498,Dry,30 - 35  MPH,No Control Present,Clear,No,0,0,10
No,25.0,No,With Traffic,B: Suspected Minor Injury,Male,Wrightsville Beach,New Hanover,No,Friday,Parallel Paths - Other Circumstances,14.0,October,Motorist Turn / Merge - Other / Unknown,2014,28.0,No,O: No Injury,Male,Passenger Car,No,34.21886396,-77.78796998,Dry,20 - 25  MPH,No Control Present,Clear,No,0,0,10
Yes,26.0,No,With Traffic,B: Suspected Minor Injury,Male,Raleigh,Wake,No,Friday,Motorist Overtaking Bicyclist,17.0,November,Motorist Overtaking - Bicyclist Swerved,2014,25.0,No,O: No Injury,Female,Passenger Car,No,35.7796428,-78.64011028,Dry,20 - 25  MPH,Stop And Go Signal,Clear,No,0,0,11
Yes,39.0,No,With Traffic,B: Suspected Minor Injury,Male,None - Rural Crash,Carteret,No,Monday,Motorist Overtaking Bicyclist,12.0,September,Motorist Overtaking - Misjudged Space,2014,42.03850604944766,Unknown,Unknown Injury,Unknown,Unknown,Yes,34.72474902,-77.07425372,Dry,50 - 55  MPH,No Control Present,Cloudy,No,1,0,9
No,36.0,No,With Traffic,B: Suspected Minor Injury,Male,Raleigh,Wake,No,Wednesday,Motorist Left Turn / Merge,16.0,November,Motorist Left Turn - Opposite Direction,2014,61.0,No,O: No Injury,Male,Passenger Car,No,35.77434875,-78.64367225,Dry,30 - 35  MPH,Stop And Go Signal,Clear,No,0,0,11
Yes,16.0,No,Not Applicable,B: Suspected Minor Injury,Male,Winston-Salem,Forsyth,No,Monday,Bicyclist Failed to Yield - Midblock,19.0,October,Bicyclist Ride Out - Commercial Driveway / Alley,2014,34.0,No,O: No Injury,Male,Sport Utility,No,36.13973624,-80.2492395,Dry,40 - 45  MPH,No Control Present,Clear,No,0,0,10
Yes,25.0,No,With Traffic,B: Suspected Minor Injury,Male,Greensboro,Guilford,No,Monday,Motorist Failed to Yield - Signalized Intersection,17.0,November,Motorist Drive Out - Right Turn on Red,2014,59.0,No,O: No Injury,Male,Van,No,36.09397601,-79.96521205,Wet,30 - 35  MPH,Stop And Go Signal,Cloudy,Yes,0,0,11
Yes,7.0,No,With Traffic,B: Suspected Minor Injury,Female,Lumberton,Robeson,No,Sunday,Bicyclist Failed to Yield - Sign-Controlled Intersection,12.0,October,Bicyclist Ride Through - Sign-Controlled Intersection,2014,20.0,No,O: No Injury,Female,Sport Utility,No,34.58022688,-78.89581213,Dry,50 - 55  MPH,Stop Sign,Clear,No,0,0,10
Yes,49.0,No,With Traffic,B: Suspected Minor Injury,Male,Greensboro,Guilford,No,Sunday,Motorist Left Turn / Merge,13.0,October,Motorist Left Turn - Opposite Direction,2014,75.0,No,O: No Injury,Female,Passenger Car,No,36.08521319,-79.77330695,Dry,30 - 35  MPH,No Control Present,Clear,No,0,0,10
Yes,48.0,No,With Traffic,B: Suspected Minor Injury,Male,Greenville,Pitt,No,Thursday,Motorist Left Turn / Merge,23.0,October,Motorist Left Turn - Opposite Direction,2014,28.0,No,O: No Injury,Male,Pickup,No,35.612661,-77.366353,Dry,20 - 25  MPH,Stop Sign,Clear,No,0,0,10
No,25.0,No,With Traffic,B: Suspected Minor Injury,Male,Raleigh,Wake,No,Thursday,Motorist Right Turn / Merge,0.0,October,Motorist Right Turn - Same Direction,2014,66.0,No,O: No Injury,Male,Other Bus,No,35.77595919,-78.67093759,Dry,40 - 45  MPH,Stop And Go Signal,Clear,No,0,0,10
Yes,18.0,No,With Traffic,B: Suspected Minor Injury,Male,None - Rural Crash,Carteret,No,Saturday,Bicyclist Failed to Yield - Sign-Controlled Intersection,17.0,October,Bicyclist Ride Through - Sign-Controlled Intersection,2014,32.0,No,O: No Injury,Female,Passenger Car,No,34.79692614,-76.89744621,Dry,40 - 45  MPH,Stop Sign,Clear,No,0,0,10
Yes,21.0,No,Facing Traffic,B: Suspected Minor Injury,Female,Wilmington,New Hanover,No,Friday,Motorist Failed to Yield - Midblock,12.0,November,Motorist Drive Out - Commercial Driveway / Alley,2014,37.0,No,O: No Injury,Female,Sport Utility,No,34.2282999,-77.94051306,Dry,5 - 15 MPH,No Control Present,Clear,No,0,0,11
Yes,23.0,No,With Traffic,B: Suspected Minor Injury,Male,Raleigh,Wake,No,Tuesday,Motorist Failed to Yield - Sign-Controlled Intersection,17.0,November,Motorist Drive Out - Sign-Controlled Intersection,2014,42.03850604944766,Missing,Unknown Injury,Unknown,Unknown,Yes,35.78698372,-78.68707603,Dry,20 - 25  MPH,Stop Sign,Clear,No,1,0,11
Yes,16.0,No,With Traffic,B: Suspected Minor Injury,Male,Charlotte,Mecklenburg,No,Friday,Crossing Paths - Other Circumstances,12.0,November,Sign-Controlled Intersection - Other / Unknown,2014,26.0,No,O: No Injury,Female,Sport Utility,No,35.22220659,-80.77945452,Dry,40 - 45  MPH,No Control Present,Clear,No,0,0,11
Yes,76.0,No,Facing Traffic,B: Suspected Minor Injury,Male,Rolesville,Wake,No,Wednesday,Motorist Failed to Yield - Sign-Controlled Intersection,20.0,November,Motorist Drive Out - Sign-Controlled Intersection,2014,33.0,No,O: No Injury,Female,"Light Truck (Mini-Van, Panel)",No,35.93103981,-78.45754415,Dry,30 - 35  MPH,Stop Sign,Clear,No,0,0,11
Yes,21.0,No,Not Applicable,B: Suspected Minor Injury,Male,Brevard,Transylvania,No,Thursday,Non-Roadway,16.0,November,Non-Roadway,2014,50.0,No,O: No Injury,Male,Passenger Car,No,35.27435779,-82.70495919,Dry,20 - 25  MPH,No Control Present,Clear,No,0,0,11
Yes,35.0,No,Facing Traffic,B: Suspected Minor Injury,Male,Charlotte,Mecklenburg,No,Sunday,Motorist Right Turn / Merge,17.0,November,Motorist Right Turn - Opposite Direction,2014,42.0,No,O: No Injury,Female,Passenger Car,No,35.24982218,-80.78045768,Dry,30 - 35  MPH,No Control Present,Clear,No,0,0,11
Yes,79.0,No,With Traffic,B: Suspected Minor Injury,Male,Asheville,Buncombe,No,Wednesday,Motorist Overtaking Bicyclist,11.0,November,Motorist Overtaking - Other / Unknown,2014,42.03850604944766,Missing,Unknown Injury,Unknown,Unknown,Yes,35.56539121,-82.55658814,Dry,30 - 35  MPH,Stop And Go Signal,Clear,No,1,0,11
No,22.0,No,With Traffic,B: Suspected Minor Injury,Male,Boone,Watauga,No,Monday,Parallel Paths - Other Circumstances,15.0,December,Bicyclist Ride Out - Parallel Path,2014,22.0,No,O: No Injury,Male,Sport Utility,No,36.21647705,-81.68144176,Dry,20 - 25  MPH,Stop Sign,Cloudy,No,0,0,12
No,71.0,No,With Traffic,B: Suspected Minor Injury,Female,Belmont,Gaston,No,Saturday,Motorist Overtaking Bicyclist,15.0,November,Motorist Overtaking - Bicyclist Swerved,2014,50.0,No,O: No Injury,Male,Sport Utility,No,35.24666335,-81.01343851,Dry,50 - 55  MPH,No Control Present,Clear,No,0,0,11
Yes,65.0,No,Not Applicable,B: Suspected Minor Injury,Male,Harmony,Iredell,No,Monday,Bicyclist Failed to Yield - Midblock,10.0,November,Bicyclist Ride Out - Commercial Driveway / Alley,2014,62.0,No,O: No Injury,Female,Sport Utility,No,35.95468922,-80.77242888,Dry,40 - 45  MPH,"Double Yellow Line, No Passing Zone",Clear,No,0,0,11
Yes,20.0,No,With Traffic,B: Suspected Minor Injury,Male,Greensboro,Guilford,No,Thursday,Bicyclist Failed to Yield - Signalized Intersection,18.0,November,Bicyclist Ride Through - Signalized Intersection,2014,32.0,No,O: No Injury,Male,Passenger Car,No,36.06213651,-79.81560389,Dry,30 - 35  MPH,Stop And Go Signal,Clear,No,0,0,11
Yes,10.0,No,Not Applicable,B: Suspected Minor Injury,Male,Morven,Anson,No,Saturday,Non-Roadway,14.0,November,Non-Roadway,2014,73.0,No,O: No Injury,Male,Pickup,No,34.863654,-80.00041701,Dry,Unknown,No Control Present,Clear,No,0,0,11
Yes,25.0,No,Facing Traffic,B: Suspected Minor Injury,Male,Greensboro,Guilford,No,Thursday,Motorist Failed to Yield - Signalized Intersection,14.0,November,Motorist Drive Out - Right Turn on Red,2014,40.0,No,O: No Injury,Male,Pickup,No,36.06229603,-79.86090624,Dry,30 - 35  MPH,Stop And Go Signal,Clear,No,0,0,11
Yes,54.0,No,With Traffic,B: Suspected Minor Injury,Male,None - Rural Crash,Cumberland,No,Monday,Motorist Overtaking Bicyclist,5.0,December,Motorist Overtaking - Other / Unknown,2014,82.0,No,O: No Injury,Male,Pickup,No,34.94117499,-78.98863706,Dry,50 - 55  MPH,"Double Yellow Line, No Passing Zone",Clear,No,0,0,12
Yes,73.0,No,With Traffic,B: Suspected Minor Injury,Male,None - Rural Crash,Guilford,No,Monday,Motorist Right Turn / Merge,15.0,November,Motorist Right Turn - Same Direction,2014,17.0,No,O: No Injury,Male,Passenger Car,No,36.03206327,-79.92208249,Dry,40 - 45  MPH,No Control Present,Clear,No,0,0,11
No,17.0,No,With Traffic,B: Suspected Minor Injury,Male,None - Rural Crash,Johnston,No,Sunday,Motorist Overtaking Bicyclist,16.0,November,Motorist Overtaking - Bicyclist Swerved,2014,28.0,No,B: Suspected Minor Injury,Male,Motorcycle,No,35.60912512,-78.46655892,Dry,50 - 55  MPH,"Double Yellow Line, No Passing Zone",Clear,No,0,0,11
No,56.0,No,With Traffic,B: Suspected Minor Injury,Male,Smithfield,Johnston,No,Friday,Loss of Control / Turning Error,4.0,December,Motorist Lost Control - Alcohol / Drug Impairment,2014,37.0,No,O: No Injury,Female,Passenger Car,No,35.51196519,-78.33725706,Dry,50 - 55  MPH,No Control Present,Clear,No,0,0,12
Yes,27.0,No,With Traffic,B: Suspected Minor Injury,Male,Statesville,Iredell,No,Wednesday,Loss of Control / Turning Error,22.0,December,Bicyclist Lost Control - Other / Unknown,2014,42.03850604944766,Missing,Unknown Injury,Unknown,Sport Utility,No,35.78437529,-80.88891878,Dry,20 - 25  MPH,No Control Present,Clear,No,1,0,12
Yes,13.0,No,Facing Traffic,B: Suspected Minor Injury,Male,Wilmington,New Hanover,No,Tuesday,Bicyclist Failed to Yield - Signalized Intersection,16.0,November,Bicyclist Ride Through - Signalized Intersection,2014,27.0,No,O: No Injury,Female,Sport Utility,No,34.22651319,-77.93157968,Dry,30 - 35  MPH,No Control Present,Clear,No,0,0,11
Yes,17.0,No,Facing Traffic,B: Suspected Minor Injury,Male,Raleigh,Wake,No,Wednesday,Motorist Failed to Yield - Midblock,16.0,December,Motorist Drive Out - Commercial Driveway / Alley,2014,33.0,No,O: No Injury,Male,Passenger Car,No,35.82048425,-78.62347255,Dry,30 - 35  MPH,Stop Sign,Clear,No,0,0,12
Yes,52.0,No,With Traffic,B: Suspected Minor Injury,Male,None - Rural Crash,Randolph,No,Wednesday,Motorist Overtaking Bicyclist,17.0,December,Motorist Overtaking - Other / Unknown,2014,68.0,No,O: No Injury,Male,Pickup,No,35.86235341,-79.70083647,Dry,50 - 55  MPH,No Control Present,Cloudy,No,0,0,12
Yes,60.0,No,With Traffic,B: Suspected Minor Injury,Male,None - Rural Crash,Beaufort,No,Monday,Motorist Overtaking Bicyclist,16.0,December,Motorist Overtaking - Other / Unknown,2014,55.0,No,O: No Injury,Male,"Single Unit Truck (2-Axle, 6-Tire)",No,35.52290421,-77.0859754,Dry,50 - 55  MPH,No Control Present,Clear,No,0,0,12
Yes,28.0,No,Facing Traffic,B: Suspected Minor Injury,Male,Charlotte,Mecklenburg,No,Wednesday,Motorist Failed to Yield - Midblock,15.0,December,Motorist Drive Out - Commercial Driveway / Alley,2014,49.0,No,O: No Injury,Female,Passenger Car,No,35.17802474,-80.88010731,Dry,30 - 35  MPH,No Control Present,Clear,No,0,0,12
Yes,17.0,No,With Traffic,B: Suspected Minor Injury,Male,Raleigh,Wake,No,Sunday,Motorist Overtaking Bicyclist,20.0,December,Motorist Overtaking - Bicyclist Swerved,2014,36.0,No,O: No Injury,Male,Sport Utility,No,35.7371049,-78.56577602,Dry,40 - 45  MPH,No Control Present,Clear,No,0,0,12
Yes,37.0,No,With Traffic,B: Suspected Minor Injury,Male,Raleigh,Wake,No,Wednesday,Motorist Failed to Yield - Sign-Controlled Intersection,8.0,December,Motorist Drive Out - Sign-Controlled Intersection,2014,44.0,No,O: No Injury,Female,Sport Utility,No,35.87513331,-78.70186258,Dry,20 - 25  MPH,Stop Sign,Clear,No,0,0,12
Yes,40.0,Yes,Facing Traffic,B: Suspected Minor Injury,Male,Wilmington,New Hanover,Yes,Wednesday,Motorist Left Turn / Merge,13.0,November,Motorist Left Turn - Same Direction,2014,40.0,No,O: No Injury,Female,Passenger Car,No,34.22677968,-77.86650072,Dry,20 - 25  MPH,No Control Present,Clear,No,0,0,11
No,50.0,Yes,With Traffic,B: Suspected Minor Injury,Male,Lillington,Harnett,Yes,Friday,Motorist Overtaking Bicyclist,20.0,December,Motorist Overtaking - Bicyclist Swerved,2014,27.0,No,O: No Injury,Male,Pickup,No,35.39499791,-78.83674501,Dry,30 - 35  MPH,No Control Present,Clear,No,0,0,12
Yes,44.0,No,Facing Traffic,B: Suspected Minor Injury,Male,Raleigh,Wake,No,Tuesday,Motorist Left Turn / Merge,7.0,December,Motorist Left Turn - Opposite Direction,2014,77.0,No,O: No Injury,Male,Passenger Car,No,35.77816292,-78.63649705,Dry,30 - 35  MPH,Stop And Go Signal,Clear,No,0,0,12
Yes,27.0,No,Facing Traffic,B: Suspected Minor Injury,Male,Wilmington,New Hanover,No,Saturday,Motorist Failed to Yield - Signalized Intersection,7.0,December,Motorist Drive Out - Signalized Intersection,2014,33.0,No,O: No Injury,Female,Passenger Car,No,34.22804572,-77.94501395,Wet,30 - 35  MPH,Stop And Go Signal,Cloudy,No,0,0,12
Yes,52.0,Yes,Facing Traffic,B: Suspected Minor Injury,Male,None - Rural Crash,Columbus,Yes,Thursday,Head-On,17.0,December,Head-On - Bicyclist,2014,34.0,No,O: No Injury,Female,Passenger Car,No,34.34195732,-78.87441504,Dry,50 - 55  MPH,No Control Present,Clear,No,0,0,12
Yes,63.0,No,With Traffic,B: Suspected Minor Injury,Male,None - Rural Crash,Guilford,No,Wednesday,Motorist Overtaking Bicyclist,16.0,December,Motorist Overtaking - Undetected Bicyclist,2014,71.0,No,O: No Injury,Male,Pickup,No,36.18811138,-79.76058259,Dry,40 - 45  MPH,No Control Present,Clear,No,0,0,12
Yes,19.0,No,With Traffic,B: Suspected Minor Injury,Male,Charlotte,Mecklenburg,No,Friday,Loss of Control / Turning Error,14.0,December,Motorist Lost Control - Other / Unknown,2014,42.03850604944766,Missing,Unknown Injury,Unknown,Unknown,Yes,35.18047858,-80.87572994,Dry,30 - 35  MPH,No Control Present,Clear,No,1,0,12
Yes,11.0,No,Not Applicable,B: Suspected Minor Injury,Male,None - Rural Crash,Columbus,No,Thursday,Non-Roadway,17.0,December,Non-Roadway,2014,32.0,No,O: No Injury,Female,Passenger Car,No,34.14878,-78.876691,Dry,Unknown,No Control Present,Clear,No,0,0,12
No,21.0,No,With Traffic,B: Suspected Minor Injury,Male,None - Rural Crash,New Hanover,No,Tuesday,Motorist Overtaking Bicyclist,13.0,December,Motorist Overtaking - Bicyclist Swerved,2014,24.0,No,O: No Injury,Female,Passenger Car,No,34.14755421,-77.90064558,Dry,40 - 45  MPH,No Control Present,Cloudy,No,0,0,12
No,14.0,No,With Traffic,B: Suspected Minor Injury,Male,None - Rural Crash,Carteret,No,Monday,Motorist Overtaking Bicyclist,17.0,December,Motorist Overtaking - Undetected Bicyclist,2014,33.0,No,O: No Injury,Female,Passenger Car,No,34.718217,-76.663818,Wet,50 - 55  MPH,"Double Yellow Line, No Passing Zone",Rain,No,0,0,12
Yes,51.0,Yes,With Traffic,B: Suspected Minor Injury,Male,Charlotte,Mecklenburg,Yes,Tuesday,Bicyclist Failed to Yield - Sign-Controlled Intersection,16.0,January,Bicyclist Ride Through - Sign-Controlled Intersection,2015,50.0,No,O: No Injury,Female,Passenger Car,No,35.23318352,-80.81383922,Dry,30 - 35  MPH,Stop And Go Signal,Clear,No,0,0,1
Yes,68.0,Missing,With Traffic,B: Suspected Minor Injury,Male,Belmont,Gaston,No,Monday,Bicyclist Overtaking Motorist,10.0,December,Bicyclist Overtaking - Parked Vehicle,2014,42.03850604944766,No,Unknown Injury,Unknown,"Light Truck (Mini-Van, Panel)",No,35.249474,-81.04171015,Wet,30 - 35  MPH,No Control Present,Rain,No,1,0,12
Yes,32.0,Unknown,Not Applicable,B: Suspected Minor Injury,Male,Wilmington,New Hanover,No,Friday,Bicyclist Failed to Yield - Midblock,14.0,December,Bicyclist Ride Out - Other Midblock,2014,20.0,No,O: No Injury,Male,Passenger Car,No,34.23572953,-77.87102973,Dry,30 - 35  MPH,No Control Present,Clear,No,0,0,12
Yes,6.0,No,Not Applicable,B: Suspected Minor Injury,Male,Burlington,Alamance,No,Friday,Bicyclist Failed to Yield - Midblock,16.0,December,Bicyclist Ride Out - Residential Driveway,2014,52.0,No,O: No Injury,Female,Van,Yes,36.09541999,-79.42147212,Dry,30 - 35  MPH,No Control Present,Clear,No,0,0,12
Yes,7.0,No,With Traffic,B: Suspected Minor Injury,Male,Roseboro,Sampson,No,Saturday,Bicyclist Failed to Yield - Sign-Controlled Intersection,15.0,December,Bicyclist Ride Through - Sign-Controlled Intersection,2014,18.0,No,O: No Injury,Female,Passenger Car,No,34.95214184,-78.51285536,Dry,20 - 25  MPH,Stop Sign,Clear,No,0,0,12
No,30.0,No,Facing Traffic,B: Suspected Minor Injury,Male,Charlotte,Mecklenburg,No,Friday,Motorist Failed to Yield - Midblock,16.0,January,Motorist Drive Out - Other Midblock,2015,55.0,No,O: No Injury,Male,Sport Utility,No,35.2234641,-80.8458679,Dry,5 - 15 MPH,No Control Present,Clear,No,0,0,1
Yes,28.0,No,Facing Traffic,B: Suspected Minor Injury,Male,New Bern,Craven,No,Friday,Motorist Failed to Yield - Signalized Intersection,9.0,January,Motorist Drive Out - Signalized Intersection,2015,67.0,No,O: No Injury,Male,Sport Utility,No,35.09845655,-77.09866941,Dry,50 - 55  MPH,Stop And Go Signal,Clear,No,0,0,1