AmbulanceR,BikeAge,BikeAlcFlg,BikeDir,BikeInjury,BikeSex,City,County,CrashAlcoh,CrashDay,CrashGrp,CrashHour,CrashMonth,CrashType,CrashYear,DrvrAge,DrvrAlcFlg,DrvrInjury,DrvrSex,DrvrVehTyp,HitRun,Latitude,Longitude,RdConditio,SpeedLimit,TraffCntrl,Weather,Workzone,DrvrAgeImputedFlag,BikeAgeImputedFlag,MonthCode
Yes,19.0,No,With Traffic,B: Suspected Minor Injury,Male,Cullowhee,Jackson,No,Friday,Bicyclist Overtaking Motorist,13.0,November,Bicyclist Overtaking - Other / Unknown,2014,20.0,No,O: No Injury,Male,Passenger Car,No,35.31054873,-83.18024049,Dry,20 - 25  MPH,No Control Present,Clear,No,0,0,11
Yes,41.0,No,With Traffic,B: Suspected Minor Injury,Male,None - Rural Crash,Robeson,No,Thursday,Motorist Overtaking Bicyclist,16.0,January,Motorist Overtaking - Other / Unknown,2015,66.0,No,O: No Injury,Female,Passenger Car,No,34.68775639,-79.18388184,Dry,50 - 55  MPH,"Double Yellow Line, No Passing Zone",Clear,No,0,0,1
Yes,54.0,No,With Traffic,B: Suspected Minor Injury,Male,Burlington,Alamance,No,Friday,Motorist Failed to Yield - Sign-Controlled Intersection,23.0,October,Motorist Drive Out - Sign-Controlled Intersection,2014,16.0,No,O: No Injury,Female,Passenger Car,No,36.08036581,-79.52147012,Wet,40 - 45  MPH,Stop Sign,Rain,No,0,0,10
Yes,53.0,No,Facing Traffic,B: Suspected Minor Injury,Male,Kinston,Lenoir,No,Friday,Head-On,19.0,January,Head-On - Bicyclist,2015,36.0,No,O: No Injury,Male,Passenger Car,No,35.2851957,-77.5762218,Wet,30 - 35  MPH,No Control Present,Rain,No,0,0,1
Yes,19.0,No,Facing Traffic,B: Suspected Minor Injury,Male,Morehead City,Carteret,No,Wednesday,Loss of Control / Turning Error,21.0,December,Motorist Turning Error - Right Turn,2014,71.0,No,O: No Injury,Female,Sport Utility,No,34.72369259,-76.71963185,Dry,20 - 25  MPH,Stop Sign,Clear,No,0,0,12
Yes,49.0,No,With Traffic,B: Suspected Minor Injury,Male,Asheville,Buncombe,No,Sunday,Motorist Overtaking Bicyclist,16.0,December,Motorist Overtaking - Misjudged Space,2014,41.0,No,O: No Injury,Male,Passenger Car,No,35.59077581,-82.53039844,Dry,30 - 35  MPH,No Control Present,Cloudy,No,0,0,12
No,26.0,No,With Traffic,B: Suspected Minor Injury,Male,Jacksonville,Onslow,No,Sunday,Motorist Overtaking Bicyclist,19.0,January,Motorist Overtaking - Undetected Bicyclist,2015,37.0,No,O: No Injury,Female,Unknown,Yes,34.76644538,-77.40782721,Dry,40 - 45  MPH,No Control Present,Clear,No,0,0,1
No,67.0,No,With Traffic,B: Suspected Minor Injury,Male,Durham,Durham,No,Tuesday,Motorist Overtaking Bicyclist,14.0,January,Motorist Overtaking - Other / Unknown,2015,47.0,No,O: No Injury,Female,Sport Utility,No,35.90360465,-78.92131549,Dry,40 - 45  MPH,No Control Present,Cloudy,No,0,0,1
No,52.0,No,With Traffic,B: Suspected Minor Injury,Male,None - Rural Crash,Hoke,No,Monday,Motorist Left Turn / Merge,15.0,January,Motorist Left Turn - Opposite Direction,2015,21.0,No,O: No Injury,Male,Sport Utility,No,34.94859254,-79.05667819,Dry,50 - 55  MPH,"Double Yellow Line, No Passing Zone",Clear,No,0,0,1
Yes,39.0,No,Unknown,B: Suspected Minor Injury,Male,None - Rural Crash,New Hanover,No,Tuesday,Crossing Paths - Other Circumstances,16.0,January,Sign-Controlled Intersection - Other / Unknown,2015,32.0,No,O: No Injury,Male,Sport Utility,No,34.27312158,-77.8180727,Wet,40 - 45  MPH,Stop Sign,Cloudy,No,0,0,1
Yes,8.0,No,Not Applicable,B: Suspected Minor Injury,Male,Charlotte,Mecklenburg,No,Saturday,Non-Roadway,16.0,February,Non-Roadway,2015,56.0,No,O: No Injury,Male,Passenger Car,No,35.2807458,-80.8105806,Dry,20 - 25  MPH,No Control Present,Clear,No,0,0,2
Yes,5.0,No,Facing Traffic,B: Suspected Minor Injury,Male,Wilmington,New Hanover,No,Saturday,Crossing Paths - Other Circumstances,17.0,January,Crossing Paths - Uncontrolled Intersection,2015,18.0,Unknown,O: No Injury,Male,Passenger Car,No,34.24164069,-77.93842632,Dry,20 - 25  MPH,No Control Present,Clear,No,0,0,1
Yes,38.0,No,With Traffic,B: Suspected Minor Injury,Male,None - Rural Crash,Gaston,No,Sunday,Motorist Left Turn / Merge,13.0,January,Motorist Left Turn - Opposite Direction,2015,81.0,No,O: No Injury,Female,Passenger Car,No,35.19336987,-81.1511298,Dry,40 - 45  MPH,"Double Yellow Line, No Passing Zone",Clear,No,0,0,1
Yes,10.0,No,Unknown,B: Suspected Minor Injury,Male,Durham,Durham,No,Friday,Bicyclist Failed to Yield - Sign-Controlled Intersection,18.0,February,Bicyclist Ride Through - Sign-Controlled Intersection,2015,42.0,No,O: No Injury,Male,"Light Truck (Mini-Van, Panel)",No,36.05274103,-78.91475549,Dry,30 - 35  MPH,Stop Sign,Clear,No,0,0,2
Yes,8.0,Unknown,With Traffic,B: Suspected Minor Injury,Male,Durham,Durham,No,Sunday,Crossing Paths - Other Circumstances,0.0,February,Sign-Controlled Intersection - Other / Unknown,2015,46.0,Unknown,O: No Injury,Male,Passenger Car,Yes,35.98429028,-78.87500779,Dry,30 - 35  MPH,Stop Sign,Clear,No,0,0,2
Yes,8.0,No,Unknown,B: Suspected Minor Injury,Male,Burlington,Alamance,No,Friday,Bicyclist Failed to Yield - Sign-Controlled Intersection,15.0,February,Bicyclist Ride Through - Sign-Controlled Intersection,2015,31.0,No,O: No Injury,Male,Pickup,No,36.08019844,-79.41830879,Dry,30 - 35  MPH,Stop Sign,Clear,No,0,0,2
Yes,29.0,No,With Traffic,B: Suspected Minor Injury,Male,Greensboro,Guilford,No,Wednesday,Motorist Failed to Yield - Signalized Intersection,21.0,February,Motorist Drive Through - Signalized Intersection,2015,59.0,No,O: No Injury,Male,Passenger Car,No,36.07444715,-79.82791575,Dry,30 - 35  MPH,Stop And Go Signal,Clear,No,0,0,2
Yes,58.0,No,Not Applicable,B: Suspected Minor Injury,Male,Greensboro,Guilford,No,Monday,Bicyclist Failed to Yield - Midblock,12.0,January,Bicyclist Ride Out - Other Midblock,2015,34.0,No,O: No Injury,Male,Passenger Car,No,36.16496226,-79.71947743,Dry,50 - 55  MPH,No Control Present,Clear,No,0,0,1
Yes,34.0,No,With Traffic,B: Suspected Minor Injury,Male,Fayetteville,Cumberland,No,Thursday,Motorist Overtaking Bicyclist,21.0,January,Motorist Overtaking - Bicyclist Swerved,2015,42.0,No,O: No Injury,Male,Passenger Car,No,35.12464491,-78.91113539,Dry,20 - 25  MPH,Stop Sign,Clear,No,0,0,1
No,37.0,No,With Traffic,B: Suspected Minor Injury,Male,Charlotte,Mecklenburg,No,Monday,Motorist Overtaking Bicyclist,19.0,March,Motorist Overtaking - Other / Unknown,2015,42.03850604944766,Missing,Unknown Injury,Unknown,Passenger Car,Yes,35.18657222,-80.84008643,Dry,30 - 35  MPH,No Control Present,Clear,No,1,0,3
Yes,17.0,No,Unknown,B: Suspected Minor Injury,Female,Cary,Wake,No,Tuesday,Crossing Paths - Other Circumstances,11.0,February,Sign-Controlled Intersection - Other / Unknown,2015,50.0,No,O: No Injury,Male,"Single Unit Truck (2-Axle, 6-Tire)",No,35.74147794,-78.77146184,Dry,40 - 45  MPH,Stop Sign,Clear,No,0,0,2
Yes,58.0,No,With Traffic,B: Suspected Minor Injury,Male,Burlington,Alamance,No,Friday,Motorist Left Turn / Merge,5.0,March,Motorist Left Turn - Opposite Direction,2015,54.0,No,O: No Injury,Male,Pickup,No,36.09756062,-79.43575221,Dry,30 - 35  MPH,Stop And Go Signal,Clear,No,0,0,3
Yes,61.0,No,With Traffic,B: Suspected Minor Injury,Male,None - Rural Crash,Granville,No,Sunday,Motorist Overtaking Bicyclist,13.0,March,Motorist Overtaking - Other / Unknown,2015,66.0,No,O: No Injury,Female,Sport Utility,No,36.05038077,-78.57376512,Dry,40 - 45  MPH,"Double Yellow Line, No Passing Zone",Clear,No,0,0,3
Yes,6.0,No,Not Applicable,B: Suspected Minor Injury,Female,Rocky Mount,Nash,No,Thursday,Bicyclist Failed to Yield - Midblock,18.0,March,Bicyclist Ride Out - Midblock - Unknown,2015,67.0,No,O: No Injury,Female,Passenger Car,No,35.94296892,-77.80286769,Dry,30 - 35  MPH,No Control Present,Clear,No,0,0,3
No,49.0,No,With Traffic,B: Suspected Minor Injury,Male,Charlotte,Mecklenburg,No,Sunday,Other / Unusual Circumstances,15.0,March,Unusual Circumstances,2015,44.0,No,O: No Injury,Female,Sport Utility,No,35.26881102,-80.97591925,Dry,40 - 45  MPH,Stop Sign,Clear,No,0,0,3
Yes,17.0,Unknown,Unknown,B: Suspected Minor Injury,Male,Reidsville,Rockingham,Yes,Thursday,Bicyclist Failed to Yield - Signalized Intersection,19.0,February,Bicyclist Ride Through - Signalized Intersection,2015,68.0,Yes,O: No Injury,Female,Passenger Car,No,36.33847814,-79.65273398,Dry,40 - 45  MPH,Stop And Go Signal,Clear,No,0,0,2
Yes,28.0,No,With Traffic,B: Suspected Minor Injury,Female,Durham,Durham,No,Friday,Motorist Failed to Yield - Sign-Controlled Intersection,17.0,March,Motorist Drive Out - Sign-Controlled Intersection,2015,67.0,No,O: No Injury,Male,Sport Utility,No,36.00762532,-78.92805241,Dry,20 - 25  MPH,Stop Sign,Clear,No,0,0,3
Yes,18.0,No,With Traffic,B: Suspected Minor Injury,Male,None - Rural Crash,Rowan,No,Tuesday,Motorist Overtaking Bicyclist,18.0,March,Motorist Overtaking - Other / Unknown,2015,32.0,No,C: Possible Injury,Male,Sport Utility,No,35.67204485,-80.53101929,Dry,50 - 55  MPH,"Double Yellow Line, No Passing Zone",Clear,No,0,0,3
Yes,22.0,Yes,With Traffic,B: Suspected Minor Injury,Male,Brevard,Transylvania,Yes,Friday,Motorist Left Turn / Merge,0.0,March,Motorist Left Turn - Opposite Direction,2015,33.0,Yes,O: No Injury,Male,Passenger Car,No,35.22620296,-82.73809968,Wet,30 - 35  MPH,No Control Present,Rain,No,0,0,3
No,6.0,No,Not Applicable,B: Suspected Minor Injury,Male,Winston-Salem,Forsyth,No,Thursday,Bicyclist Failed to Yield - Midblock,18.0,March,Bicyclist Ride Out - Other Midblock,2015,42.03850604944766,Missing,Unknown Injury,Unknown,Unknown,Yes,36.11962748,-80.25282343,Dry,Unknown,No Control Present,Clear,No,1,0,3
Yes,21.0,No,With Traffic,B: Suspected Minor Injury,Male,Boone,Watauga,No,Tuesday,Motorist Left Turn / Merge,9.0,March,Motorist Left Turn - Opposite Direction,2015,20.0,No,O: No Injury,Male,Sport Utility,No,36.22093274,-81.69147468,Dry,30 - 35  MPH,Stop Sign,Clear,No,0,0,3
Yes,22.0,No,With Traffic,B: Suspected Minor Injury,Male,Raleigh,Wake,No,Thursday,Motorist Overtaking Bicyclist,9.0,March,Motorist Overtaking - Other / Unknown,2015,42.03850604944766,Missing,Unknown Injury,Unknown,Unknown,Yes,35.78350748,-78.66508071,Wet,20 - 25  MPH,No Control Present,Cloudy,No,1,0,3
Yes,23.0,No,With Traffic,B: Suspected Minor Injury,Male,Charlotte,Mecklenburg,No,Wednesday,Bicyclist Left Turn / Merge,17.0,March,Bicyclist Left Turn - Same Direction,2015,24.0,No,O: No Injury,Female,Passenger Car,No,35.30608007,-80.72439218,Dry,30 - 35  MPH,Stop And Go Signal,Clear,No,0,0,3
Yes,37.0,No,Facing Traffic,B: Suspected Minor Injury,Male,Dunn,Harnett,No,Thursday,Head-On,18.0,January,Head-On - Bicyclist,2014,52.0,No,O: No Injury,Male,Pickup,No,35.30171384,-78.61303297,Dry,30 - 35  MPH,No Control Present,Clear,No,0,0,1
Yes,18.0,No,With Traffic,B: Suspected Minor Injury,Male,Charlotte,Mecklenburg,No,Tuesday,Bicyclist Overtaking Motorist,16.0,March,Bicyclist Overtaking - Parked Vehicle,2015,42.03850604944766,Missing,Unknown Injury,Unknown,"Light Truck (Mini-Van, Panel)",No,35.24997857,-80.77983214,Dry,30 - 35  MPH,Warning Sign,Clear,No,1,0,3
Yes,57.0,No,With Traffic,B: Suspected Minor Injury,Male,Jamestown,Guilford,No,Wednesday,Motorist Right Turn / Merge,17.0,October,Motorist Right Turn - Same Direction,2014,33.0,No,O: No Injury,Male,Passenger Car,No,35.9948762,-79.93546202,Dry,30 - 35  MPH,"Double Yellow Line, No Passing Zone",Clear,No,0,0,10
No,28.0,No,With Traffic,B: Suspected Minor Injury,Male,Raleigh,Wake,No,Monday,Bicyclist Failed to Yield - Signalized Intersection,18.0,March,Bicyclist Ride Through - Signalized Intersection,2015,28.0,No,O: No Injury,Male,Sport Utility,No,35.81984326,-78.62401895,Dry,30 - 35  MPH,Stop And Go Signal,Clear,No,0,0,3
No,48.0,No,With Traffic,B: Suspected Minor Injury,Male,Carrboro,Orange,No,Friday,Motorist Left Turn / Merge,0.0,March,Motorist Left Turn - Opposite Direction,2015,27.0,No,O: No Injury,Male,Passenger Car,No,35.91001258,-79.06596092,Wet,20 - 25  MPH,No Control Present,Rain,No,0,0,3
Yes,48.0,No,With Traffic,B: Suspected Minor Injury,Male,None - Rural Crash,Orange,No,Tuesday,Motorist Left Turn / Merge,16.0,March,Motorist Left Turn - Opposite Direction,2015,85.0,No,O: No Injury,Male,Passenger Car,No,36.03463471,-79.05417136,Dry,40 - 45  MPH,"Double Yellow Line, No Passing Zone",Clear,No,0,0,3
Yes,43.0,No,With Traffic,B: Suspected Minor Injury,Male,Charlotte,Mecklenburg,No,Friday,Motorist Left Turn / Merge,18.0,April,Motorist Left Turn - Opposite Direction,2015,28.0,No,O: No Injury,Female,Passenger Car,No,35.20124366,-80.86594383,Dry,30 - 35  MPH,Stop And Go Signal,Clear,No,0,0,4
Yes,65.0,No,With Traffic,B: Suspected Minor Injury,Female,None - Rural Crash,Pasquotank,No,Friday,Motorist Overtaking Bicyclist,14.0,April,Motorist Overtaking - Bicyclist Swerved,2015,32.0,No,O: No Injury,Male,Pickup,No,36.2044384,-76.14482989,Dry,50 - 55  MPH,No Control Present,Clear,No,0,0,4
No,20.0,No,Facing Traffic,B: Suspected Minor Injury,Female,Cary,Wake,No,Tuesday,Motorist Failed to Yield - Sign-Controlled Intersection,16.0,March,Motorist Drive Out - Sign-Controlled Intersection,2015,43.0,No,O: No Injury,Female,"Light Truck (Mini-Van, Panel)",No,35.78872519,-78.86272293,Dry,20 - 25  MPH,Stop Sign,Cloudy,No,0,0,3
Yes,55.0,No,Unknown,B: Suspected Minor Injury,Male,Wilmington,New Hanover,No,Friday,Motorist Failed to Yield - Midblock,16.0,March,Motorist Drive Out - Other Midblock,2015,54.0,No,O: No Injury,Male,Sport Utility,No,34.21448824,-77.94148709,Dry,30 - 35  MPH,No Control Present,Clear,No,0,0,3
Yes,61.0,No,With Traffic,B: Suspected Minor Injury,Female,Raleigh,Wake,No,Friday,Bicyclist Failed to Yield - Signalized Intersection,14.0,April,Bicyclist Ride Through - Signalized Intersection,2015,46.0,No,O: No Injury,Male,Van,No,35.78047579,-78.6416706,Dry,30 - 35  MPH,Stop And Go Signal,Clear,No,0,0,4
Yes,32.52649525389365,No,With Traffic,B: Suspected Minor Injury,Male,None - Rural Crash,Wayne,No,Friday,Motorist Overtaking Bicyclist,6.0,March,Motorist Overtaking - Undetected Bicyclist,2015,34.0,No,O: No Injury,Male,Sport Utility,No,35.39537641,-78.0688754,Dry,50 - 55  MPH,No Control Present,Clear,No,0,1,3
Yes,12.0,No,Not Applicable,B: Suspected Minor Injury,Female,Burlington,Alamance,No,Tuesday,Backing Vehicle,16.0,April,Backing Vehicle,2015,44.0,No,O: No Injury,Male,Pickup,No,36.09615394,-79.41213233,Dry,30 - 35  MPH,No Control Present,Clear,No,0,0,4
Yes,38.0,No,With Traffic,B: Suspected Minor Injury,Male,Asheville,Buncombe,No,Tuesday,Motorist Left Turn / Merge,20.0,March,Motorist Left Turn - Opposite Direction,2015,41.0,No,O: No Injury,Male,Passenger Car,No,35.63477264,-82.54960073,Dry,30 - 35  MPH,Stop Sign,Clear,No,0,0,3
Yes,19.0,No,With Traffic,B: Suspected Minor Injury,Male,Durham,Durham,No,Saturday,Motorist Left Turn / Merge,21.0,March,Motorist Left Turn - Same Direction,2015,20.0,No,O: No Injury,Female,Passenger Car,No,36.0101894,-78.9426519,Dry,30 - 35  MPH,No Control Present,Clear,No,0,0,3
Yes,51.0,No,With Traffic,B: Suspected Minor Injury,Male,Raleigh,Wake,No,Sunday,Motorist Overtaking Bicyclist,12.0,April,Motorist Overtaking - Other / Unknown,2015,52.0,No,O: No Injury,Female,Sport Utility,No,35.79232192,-78.54208621,Dry,40 - 45  MPH,No Control Present,Clear,No,0,0,4
Yes,5.0,No,With Traffic,B: Suspected Minor Injury,Male,High Point,Guilford,No,Tuesday,Bicyclist Failed to Yield - Sign-Controlled Intersection,18.0,March,Bicyclist Ride Through - Sign-Controlled Intersection,2015,49.0,No,O: No Injury,Female,Passenger Car,No,35.97470133,-80.00585098,Dry,20 - 25  MPH,Yield Sign,Clear,No,0,0,3
Yes,47.0,No,With Traffic,B: Suspected Minor Injury,Male,None - Rural Crash,Polk,No,Saturday,Motorist Overtaking Bicyclist,12.0,April,Motorist Overtaking - Other / Unknown,2015,67.0,No,O: No Injury,Male,Passenger Car,No,35.24969437,-82.31511609,Dry,50 - 55  MPH,"Double Yellow Line, No Passing Zone",Clear,No,0,0,4
Yes,38.0,No,With Traffic,B: Suspected Minor Injury,Female,Wilmington,New Hanover,No,Thursday,Motorist Overtaking Bicyclist,19.0,April,Motorist Overtaking - Bicyclist Swerved,2015,37.0,No,O: No Injury,Male,Sport Utility,No,34.22004791,-77.84545919,Dry,40 - 45  MPH,No Control Present,Clear,No,0,0,4
Yes,5.0,No,Not Applicable,B: Suspected Minor Injury,Male,Charlotte,Mecklenburg,No,Friday,Bicyclist Failed to Yield - Midblock,13.0,April,Bicyclist Ride Out - Other Midblock,2015,46.0,No,O: No Injury,Female,Passenger Car,No,35.16329499,-80.87364525,Dry,20 - 25  MPH,No Control Present,Cloudy,No,0,0,4
Yes,9.0,No,With Traffic,B: Suspected Minor Injury,Female,Charlotte,Mecklenburg,No,Monday,Parallel Paths - Other Circumstances,14.0,April,Bicyclist Ride Out - Parallel Path,2015,60.0,No,C: Possible Injury,Male,Van,No,35.26780374,-80.877682,Dry,30 - 35  MPH,Stop Sign,Clear,No,0,0,4
Yes,25.0,No,With Traffic,B: Suspected Minor Injury,Female,None - Rural Crash,Craven,No,Wednesday,Bicyclist Failed to Yield - Signalized Intersection,18.0,April,Bicyclist Ride Through - Signalized Intersection,2015,64.0,No,O: No Injury,Female,Passenger Car,No,35.0818938,-77.03114311,Dry,50 - 55  MPH,Stop And Go Signal,Clear,No,0,0,4
Yes,15.0,No,Not Applicable,B: Suspected Minor Injury,Male,Wilmington,New Hanover,No,Friday,Bicyclist Failed to Yield - Signalized Intersection,10.0,March,Bicyclist Ride Through - Signalized Intersection,2015,34.0,No,O: No Injury,Female,Passenger Car,No,34.2379176,-77.94641823,Dry,30 - 35  MPH,Stop And Go Signal,Clear,No,0,0,3
Yes,19.0,No,With Traffic,B: Suspected Minor Injury,Male,Asheville,Buncombe,No,Saturday,Bicyclist Failed to Yield - Sign-Controlled Intersection,6.0,April,Bicyclist Ride Through - Sign-Controlled Intersection,2015,37.0,No,O: No Injury,Female,Passenger Car,No,35.61289339,-82.55681793,Dry,20 - 25  MPH,Stop Sign,Clear,No,0,0,4
Yes,25.0,No,With Traffic,B: Suspected Minor Injury,Male,Williamston,Martin,No,Sunday,Bicyclist Failed to Yield - Signalized Intersection,18.0,May,Bicyclist Ride Through - Signalized Intersection,2014,61.0,No,O: No Injury,Female,Passenger Car,No,35.85508013,-77.05488576,Dry,20 - 25  MPH,Stop And Go Signal,Clear,No,0,0,5
Yes,35.0,Yes,Not Applicable,B: Suspected Minor Injury,Male,Raleigh,Wake,Yes,Friday,Bicyclist Failed to Yield - Midblock,23.0,April,Bicyclist Ride Out - Midblock - Unknown,2015,23.0,No,O: No Injury,Female,Passenger Car,No,35.78496986,-78.68751049,Dry,40 - 45  MPH,No Control Present,Clear,No,0,0,4
No,19.0,No,Not Applicable,B: Suspected Minor Injury,Female,Wilmington,New Hanover,No,Wednesday,Bicyclist Failed to Yield - Midblock,10.0,April,Bicyclist Ride Out - Midblock - Unknown,2015,19.0,No,O: No Injury,Female,Passenger Car,No,34.22424512,-77.87416679,Dry,20 - 25  MPH,No Control Present,Cloudy,No,0,0,4
No,25.0,No,With Traffic,B: Suspected Minor Injury,Male,Raleigh,Wake,No,Saturday,Motorist Left Turn / Merge,18.0,April,Motorist Left Turn - Opposite Direction,2015,19.0,No,O: No Injury,Male,Passenger Car,No,35.78916102,-78.6744595,Dry,30 - 35  MPH,Stop And Go Signal,Clear,No,0,0,4
Yes,16.0,No,Unknown,B: Suspected Minor Injury,Male,Winston-Salem,Forsyth,No,Saturday,Loss of Control / Turning Error,18.0,April,Bicyclist Lost Control - Mechanical Problems,2015,32.0,No,O: No Injury,Male,Sport Utility,No,36.11481118,-80.24792927,Dry,20 - 25  MPH,Stop Sign,Clear,No,0,0,4
Yes,52.0,No,With Traffic,B: Suspected Minor Injury,Male,Chapel Hill,Orange,No,Saturday,Bicyclist Overtaking Motorist,17.0,April,Bicyclist Overtaking - Extended Door,2015,38.0,No,O: No Injury,Female,Passenger Car,No,35.91386644,-79.05410817,Dry,20 - 25  MPH,"Double Yellow Line, No Passing Zone",Clear,No,0,0,4
Yes,17.0,No,With Traffic,B: Suspected Minor Injury,Female,Greensboro,Guilford,No,Thursday,Parallel Paths - Other Circumstances,14.0,April,Bicyclist Ride Out - Parallel Path,2015,58.0,No,O: No Injury,Male,Van,No,36.10947172,-79.7651374,Dry,30 - 35  MPH,No Control Present,Clear,No,0,0,4
Yes,61.0,No,With Traffic,B: Suspected Minor Injury,Male,None - Rural Crash,Lee,No,Monday,Motorist Failed to Yield - Midblock,11.0,April,Motorist Drive Out - Residential Driveway,2015,33.0,No,O: No Injury,Female,Passenger Car,No,35.49014509,-79.15933256,Dry,5 - 15 MPH,"Double Yellow Line, No Passing Zone",Clear,No,0,0,4
Yes,58.0,No,Facing Traffic,B: Suspected Minor Injury,Male,New Bern,Craven,No,Wednesday,Motorist Failed to Yield - Sign-Controlled Intersection,15.0,April,Motorist Drive Out - Sign-Controlled Intersection,2015,44.0,No,O: No Injury,Female,Sport Utility,No,35.1135426,-77.06921567,Dry,30 - 35  MPH,Stop Sign,Cloudy,No,0,0,4
Yes,8.0,No,With Traffic,B: Suspected Minor Injury,Male,Wilson,Wilson,No,Saturday,Bicyclist Failed to Yield - Sign-Controlled Intersection,14.0,April,Bicyclist Ride Through - Sign-Controlled Intersection,2015,19.0,No,O: No Injury,Female,Passenger Car,No,35.72095303,-77.89876296,Dry,30 - 35  MPH,Stop Sign,Clear,No,0,0,4
No,14.0,No,With Traffic,B: Suspected Minor Injury,Male,Salisbury,Rowan,No,Saturday,Loss of Control / Turning Error,16.0,April,Bicyclist Lost Control - Mechanical Problems,2015,46.0,No,O: No Injury,Female,Passenger Car,No,35.65876938,-80.49726103,Dry,30 - 35  MPH,Stop Sign,Clear,No,0,0,4
Yes,38.0,No,With Traffic,B: Suspected Minor Injury,Male,None - Rural Crash,Chatham,No,Saturday,Motorist Left Turn / Merge,11.0,April,Motorist Left Turn - Opposite Direction,2015,23.0,No,O: No Injury,Male,Passenger Car,No,35.86698757,-79.16122686,Wet,50 - 55  MPH,"Double Yellow Line, No Passing Zone",Rain,No,0,0,4
Yes,50.0,No,With Traffic,B: Suspected Minor Injury,Male,Concord,Cabarrus,No,Tuesday,Other / Unknown - Insufficient Details,17.0,April,Unknown Approach Paths,2015,42.03850604944766,Missing,Unknown Injury,Unknown,Unknown,Yes,35.39486441,-80.59774714,Dry,Unknown,No Control Present,Clear,No,1,0,4
No,6.0,No,Not Applicable,B: Suspected Minor Injury,Male,Raleigh,Wake,No,Sunday,Bicyclist Failed to Yield - Midblock,16.0,April,Bicyclist Ride Out - Commercial Driveway / Alley,2015,61.0,No,O: No Injury,Female,Sport Utility,No,35.82902042,-78.62550404,Dry,20 - 25  MPH,No Control Present,Clear,No,0,0,4
Yes,19.0,No,With Traffic,B: Suspected Minor Injury,Male,None - Rural Crash,Wayne,No,Wednesday,Motorist Overtaking Bicyclist,20.0,April,Motorist Overtaking - Other / Unknown,2015,39.0,No,O: No Injury,Male,Passenger Car,No,35.30988849,-78.01658722,Dry,40 - 45  MPH,"Double Yellow Line, No Passing Zone",Clear,No,0,0,4
Yes,23.0,No,With Traffic,B: Suspected Minor Injury,Male,Raleigh,Wake,No,Saturday,Motorist Overtaking Bicyclist,2.0,April,Motorist Overtaking - Other / Unknown,2015,42.03850604944766,Missing,Unknown Injury,Unknown,Unknown,Yes,35.76081534,-78.63148032,Dry,30 - 35  MPH,No Control Present,Clear,No,1,0,4
Yes,37.0,No,Unknown,B: Suspected Minor Injury,Male,Durham,Durham,No,Tuesday,Parallel Paths - Other Circumstances,21.0,April,Motorist Turn / Merge - Other / Unknown,2015,33.0,No,O: No Injury,Female,Passenger Car,No,35.99067314,-78.90619647,Dry,30 - 35  MPH,Stop And Go Signal,Clear,No,0,0,4
Yes,19.0,No,Not Applicable,B: Suspected Minor Injury,Male,Charlotte,Mecklenburg,No,Monday,Non-Roadway,13.0,April,Non-Roadway,2015,42.0,No,O: No Injury,Female,Passenger Car,No,35.15660136,-80.75474548,Dry,20 - 25  MPH,No Control Present,Clear,No,0,0,4
Yes,27.0,No,Facing Traffic,B: Suspected Minor Injury,Male,Thomasville,Davidson,No,Wednesday,Bicyclist Failed to Yield - Sign-Controlled Intersection,17.0,April,Bicyclist Ride Through - Sign-Controlled Intersection,2015,60.0,No,O: No Injury,Female,Pickup,No,35.87077255,-80.08336886,Dry,30 - 35  MPH,Stop Sign,Cloudy,No,0,0,4
No,49.0,No,Facing Traffic,B: Suspected Minor Injury,Male,Lumberton,Robeson,No,Saturday,Motorist Failed to Yield - Sign-Controlled Intersection,17.0,April,Motorist Drive Out - Sign-Controlled Intersection,2015,34.0,No,O: No Injury,Female,Passenger Car,No,34.61333324,-79.01910072,Wet,30 - 35  MPH,Stop Sign,Cloudy,No,0,0,4
No,22.0,No,Unknown,B: Suspected Minor Injury,Male,Asheville,Buncombe,No,Thursday,Bicyclist Failed to Yield - Sign-Controlled Intersection,16.0,April,Bicyclist Ride Through - Sign-Controlled Intersection,2015,25.0,No,O: No Injury,Male,Passenger Car,No,35.61896995,-82.56340682,Dry,20 - 25  MPH,No Control Present,Clear,No,0,0,4
Yes,42.0,No,With Traffic,B: Suspected Minor Injury,Female,None - Rural Crash,Catawba,No,Tuesday,Bicyclist Failed to Yield - Sign-Controlled Intersection,20.0,April,Bicyclist Ride Through - Sign-Controlled Intersection,2015,75.0,No,O: No Injury,Male,Passenger Car,No,35.62997261,-80.99119316,Dry,40 - 45  MPH,Stop Sign,Clear,No,0,0,4
Yes,22.0,Yes,With Traffic,B: Suspected Minor Injury,Male,None - Rural Crash,Wake,Yes,Monday,Motorist Overtaking Bicyclist,22.0,April,Motorist Overtaking - Undetected Bicyclist,2015,52.0,No,O: No Injury,Male,Passenger Car,No,35.88431236,-78.58680465,Dry,40 - 45  MPH,"Double Yellow Line, No Passing Zone",Clear,No,0,0,4