AmbulanceR,BikeAge,BikeAlcFlg,BikeDir,BikeInjury,BikeSex,City,County,CrashAlcoh,CrashDay,CrashGrp,CrashHour,CrashMonth,CrashType,CrashYear,DrvrAge,DrvrAlcFlg,DrvrInjury,DrvrSex,DrvrVehTyp,HitRun,Latitude,Longitude,RdConditio,SpeedLimit,TraffCntrl,Weather,Workzone,DrvrAgeImputedFlag,BikeAgeImputedFlag,MonthCode
Yes,8.0,No,Not Applicable,B: Suspected Minor Injury,Male,Charlotte,Mecklenburg,No,Monday,Bicyclist Failed to Yield - Midblock,18.0,May,Bicyclist Ride Out - Other Midblock,2015,46.0,No,O: No Injury,Male,Pickup,No,35.21720503,-80.79201343,Dry,30 - 35  MPH,No Control Present,Clear,No,0,0,5
Yes,12.0,No,Facing Traffic,B: Suspected Minor Injury,Male,Newport,Carteret,No,Tuesday,Bicyclist Failed to Yield - Signalized Intersection,19.0,April,Bicyclist Ride Through - Signalized Intersection,2015,52.0,No,O: No Injury,Female,Passenger Car,No,34.77763071,-76.87183821,Dry,50 - 55  MPH,Stop And Go Signal,Clear,No,0,0,4
Yes,46.0,Yes,With Traffic,B: Suspected Minor Injury,Male,Beaufort,Carteret,Yes,Monday,Motorist Failed to Yield - Signalized Intersection,18.0,May,Motorist Drive Through - Signalized Intersection,2015,42.03850604944766,Missing,Unknown Injury,Unknown,Pickup,Yes,34.72081423,-76.66304513,Dry,30 - 35  MPH,Stop And Go Signal,Clear,No,1,0,5
Yes,26.0,No,With Traffic,B: Suspected Minor Injury,Male,Chapel Hill,Orange,No,Friday,Motorist Left Turn / Merge,16.0,May,Motorist Left Turn - Opposite Direction,2015,51.0,No,O: No Injury,Male,Passenger Car,No,35.90753216,-79.06279499,Dry,20 - 25  MPH,Stop Sign,Clear,No,0,0,5
No,27.0,No,With Traffic,B: Suspected Minor Injury,Male,Raleigh,Wake,No,Friday,Other / Unknown - Insufficient Details,18.0,April,Unknown Approach Paths,2015,38.0,No,O: No Injury,Male,Pickup,No,35.8191072,-78.59596156,Dry,30 - 35  MPH,Stop And Go Signal,Clear,No,0,0,4
Yes,22.0,No,With Traffic,B: Suspected Minor Injury,Male,None - Rural Crash,Chatham,No,Thursday,Motorist Overtaking Bicyclist,13.0,April,Motorist Overtaking - Other / Unknown,2015,42.03850604944766,Unknown,Unknown Injury,Unknown,Sport Utility,Yes,35.80308586,-79.02920833,Dry,50 - 55  MPH,No Control Present,Clear,No,1,0,4
Yes,52.0,No,With Traffic,B: Suspected Minor Injury,Male,Greensboro,Guilford,No,Saturday,Motorist Overtaking Bicyclist,9.0,May,Motorist Overtaking - Other / Unknown,2015,76.0,No,O: No Injury,Female,Passenger Car,No,36.07094271,-79.82450572,Dry,20 - 25  MPH,No Control Present,Clear,No,0,0,5
Yes,75.0,No,With Traffic,B: Suspected Minor Injury,Male,Southern Pines,Moore,No,Tuesday,Bicyclist Failed to Yield - Sign-Controlled Intersection,15.0,April,Bicyclist Ride Out - Sign-Controlled Intersection,2015,19.0,No,O: No Injury,Male,Passenger Car,No,35.16846712,-79.39510673,Dry,30 - 35  MPH,Stop Sign,Clear,No,0,0,4
Yes,26.0,No,With Traffic,B: Suspected Minor Injury,Male,New Bern,Craven,No,Wednesday,Motorist Overtaking Bicyclist,8.0,April,Motorist Overtaking - Bicyclist Swerved,2015,37.0,No,O: No Injury,Male,Pickup,No,35.10631588,-77.07629748,Dry,30 - 35  MPH,No Control Present,Clear,No,0,0,4
Yes,43.0,No,With Traffic,B: Suspected Minor Injury,Male,Raleigh,Wake,No,Monday,Motorist Right Turn / Merge,12.0,May,Motorist Right Turn - Same Direction,2015,89.0,No,C: Possible Injury,Male,Passenger Car,No,35.76565903,-78.63090898,Dry,5 - 15 MPH,No Control Present,Cloudy,No,0,0,5
Yes,21.0,No,Facing Traffic,B: Suspected Minor Injury,Female,Raleigh,Wake,No,Monday,Motorist Failed to Yield - Midblock,13.0,May,Motorist Drive Out - Residential Driveway,2015,60.0,No,O: No Injury,Female,Passenger Car,No,35.85174203,-78.71106602,Dry,30 - 35  MPH,No Control Present,Clear,No,0,0,5
No,35.0,No,Not Applicable,B: Suspected Minor Injury,Male,Greenville,Pitt,No,Wednesday,Bicyclist Failed to Yield - Midblock,12.0,May,Bicyclist Ride Out - Residential Driveway,2015,67.0,No,O: No Injury,Female,Passenger Car,No,35.61433627,-77.37909951,Dry,20 - 25  MPH,No Control Present,Clear,No,0,0,5
Yes,51.0,Unknown,With Traffic,B: Suspected Minor Injury,Female,Tarboro,Edgecombe,No,Thursday,Bicyclist Failed to Yield - Signalized Intersection,10.0,May,Bicyclist Ride Through - Signalized Intersection,2015,83.0,No,O: No Injury,Female,Passenger Car,No,35.89630096,-77.53699336,Dry,30 - 35  MPH,Stop And Go Signal,Clear,No,0,0,5
Yes,29.0,No,Facing Traffic,B: Suspected Minor Injury,Male,Burlington,Alamance,No,Thursday,Head-On,15.0,May,Head-On - Bicyclist,2015,63.0,No,O: No Injury,Female,Sport Utility,No,36.08321419,-79.45920011,Dry,30 - 35  MPH,Stop And Go Signal,Clear,No,0,0,5
No,59.0,No,With Traffic,B: Suspected Minor Injury,Male,Chapel Hill,Orange,No,Tuesday,Motorist Overtaking Bicyclist,17.0,May,Motorist Overtaking - Other / Unknown,2015,42.0,No,O: No Injury,Male,Passenger Car,No,35.89619387,-79.04514227,Dry,40 - 45  MPH,No Control Present,Clear,No,0,0,5
No,58.0,No,With Traffic,B: Suspected Minor Injury,Male,Lake Park,Union,No,Monday,Crossing Paths - Other Circumstances,11.0,April,Sign-Controlled Intersection - Other / Unknown,2015,71.0,No,O: No Injury,Female,Passenger Car,No,35.08533755,-80.62766055,Dry,20 - 25  MPH,Stop Sign,Clear,No,0,0,4
Yes,21.0,No,Facing Traffic,B: Suspected Minor Injury,Male,Rocky Mount,Nash,No,Tuesday,Motorist Failed to Yield - Midblock,15.0,May,Motorist Drive Out - Commercial Driveway / Alley,2015,40.0,No,O: No Injury,Female,Sport Utility,No,35.9628409,-77.83659474,Dry,40 - 45  MPH,No Control Present,Clear,No,0,0,5
Yes,61.0,No,With Traffic,B: Suspected Minor Injury,Male,Woodfin,Buncombe,No,Wednesday,Motorist Overtaking Bicyclist,22.0,April,Motorist Overtaking - Undetected Bicyclist,2014,89.0,No,O: No Injury,Male,Van,No,35.65299095,-82.58055156,Dry,40 - 45  MPH,No Control Present,Clear,No,0,0,4
Yes,58.0,No,With Traffic,B: Suspected Minor Injury,Male,Cary,Wake,No,Saturday,Motorist Left Turn / Merge,12.0,May,Motorist Left Turn - Opposite Direction,2015,59.0,No,O: No Injury,Female,Passenger Car,No,35.79146046,-78.76721384,Dry,30 - 35  MPH,No Control Present,Clear,Yes,0,0,5
Yes,52.0,No,With Traffic,B: Suspected Minor Injury,Male,Raleigh,Wake,No,Saturday,Loss of Control / Turning Error,21.0,May,Bicyclist Turning Error - Left Turn,2015,43.0,No,O: No Injury,Male,Sport Utility,No,35.81919649,-78.58647943,Dry,30 - 35  MPH,Stop Sign,Clear,No,0,0,5
No,34.0,No,With Traffic,B: Suspected Minor Injury,Male,None - Rural Crash,Cabarrus,No,Saturday,Other / Unusual Circumstances,11.0,January,Unusual Circumstances,2015,42.03850604944766,Unknown,Unknown Injury,Unknown,Unknown,Yes,35.26595605,-80.63875,Dry,40 - 45  MPH,"Double Yellow Line, No Passing Zone",Clear,No,1,0,1
Yes,52.0,No,With Traffic,B: Suspected Minor Injury,Male,Kannapolis,Cabarrus,No,Tuesday,Motorist Left Turn / Merge,5.0,May,Motorist Left Turn - Opposite Direction,2015,42.03850604944766,Unknown,Unknown Injury,Unknown,Unknown,Yes,35.52814952,-80.61434647,Dry,40 - 45  MPH,No Control Present,Clear,No,1,0,5
Yes,11.0,No,With Traffic,B: Suspected Minor Injury,Male,Thomasville,Davidson,No,Saturday,Motorist Overtaking Bicyclist,11.0,May,Motorist Overtaking - Other / Unknown,2015,24.0,No,O: No Injury,Male,Pickup,No,35.85707035,-80.09410888,Dry,20 - 25  MPH,No Control Present,Clear,No,0,0,5
Yes,42.0,No,With Traffic,B: Suspected Minor Injury,Female,None - Rural Crash,Orange,No,Saturday,Motorist Overtaking Bicyclist,18.0,May,Motorist Overtaking - Other / Unknown,2015,19.0,No,O: No Injury,Female,Passenger Car,No,35.99034848,-78.99554143,Dry,40 - 45  MPH,"Double Yellow Line, No Passing Zone",Clear,No,0,0,5
Yes,58.0,No,With Traffic,B: Suspected Minor Injury,Male,Wilmington,New Hanover,No,Friday,Motorist Failed to Yield - Signalized Intersection,11.0,May,Motorist Drive Through - Signalized Intersection,2015,65.0,No,O: No Injury,Female,Passenger Car,No,34.19554274,-77.90909265,Dry,40 - 45  MPH,Stop And Go Signal,Clear,No,0,0,5
No,18.0,No,With Traffic,B: Suspected Minor Injury,Male,None - Rural Crash,Lincoln,No,Friday,Motorist Overtaking Bicyclist,18.0,April,Motorist Overtaking - Bicyclist Swerved,2015,48.0,No,O: No Injury,Female,Passenger Car,No,35.49308512,-81.23192106,Dry,40 - 45  MPH,"Double Yellow Line, No Passing Zone",Clear,No,0,0,4
No,81.0,No,With Traffic,B: Suspected Minor Injury,Male,Fayetteville,Cumberland,No,Thursday,Bicyclist Overtaking Motorist,11.0,May,Bicyclist Overtaking - Parked Vehicle,2015,42.03850604944766,Missing,Unknown Injury,Unknown,Passenger Car,No,35.06127532,-78.95328036,Dry,Unknown,No Control Present,Clear,No,1,0,5
Yes,52.0,No,Unknown,B: Suspected Minor Injury,Male,Raleigh,Wake,No,Sunday,Motorist Overtaking Bicyclist,3.0,May,Motorist Overtaking - Other / Unknown,2015,18.0,No,O: No Injury,Male,Passenger Car,Yes,35.81918559,-78.5864697,Dry,30 - 35  MPH,No Control Present,Clear,No,0,0,5
No,26.0,No,With Traffic,B: Suspected Minor Injury,Male,Chapel Hill,Orange,No,Tuesday,Loss of Control / Turning Error,17.0,November,Bicyclist Lost Control - Mechanical Problems,2014,21.0,No,Unknown Injury,Female,Passenger Car,No,35.90805475,-79.05285178,Dry,20 - 25  MPH,No Control Present,Clear,No,0,0,11
Yes,43.0,No,With Traffic,B: Suspected Minor Injury,Male,Chapel Hill,Orange,No,Friday,Motorist Failed to Yield - Midblock,16.0,January,Motorist Drive Out - Commercial Driveway / Alley,2015,58.0,No,O: No Injury,Female,Passenger Car,No,35.90188778,-79.04410048,Dry,20 - 25  MPH,Stop Sign,Clear,No,0,0,1
Yes,9.0,No,With Traffic,B: Suspected Minor Injury,Female,Wilson,Wilson,No,Wednesday,Crossing Paths - Other Circumstances,17.0,May,Sign-Controlled Intersection - Other / Unknown,2015,57.0,No,O: No Injury,Male,Pickup,No,35.73736888,-77.91486146,Dry,30 - 35  MPH,Stop Sign,Clear,No,0,0,5
Yes,30.0,No,With Traffic,B: Suspected Minor Injury,Male,Dobson,Surry,No,Thursday,Bicyclist Failed to Yield - Sign-Controlled Intersection,11.0,June,Bicyclist Ride Through - Sign-Controlled Intersection,2015,20.0,No,O: No Injury,Female,Van,No,36.39349906,-80.72573192,Dry,30 - 35  MPH,Stop Sign,Clear,No,0,0,6
Yes,27.0,Yes,With Traffic,B: Suspected Minor Injury,Male,None - Rural Crash,Pitt,Yes,Sunday,Motorist Overtaking Bicyclist,2.0,May,Motorist Overtaking - Other / Unknown,2015,42.03850604944766,Unknown,Unknown Injury,Unknown,Unknown,Yes,35.6744998,-77.45212254,Dry,50 - 55  MPH,"Double Yellow Line, No Passing Zone",Clear,No,1,0,5
Yes,57.0,No,With Traffic,B: Suspected Minor Injury,Male,None - Rural Crash,Gaston,No,Sunday,Motorist Overtaking Bicyclist,9.0,May,Motorist Overtaking - Bicyclist Swerved,2015,73.0,No,O: No Injury,Male,Passenger Car,No,35.16542712,-81.03882921,Dry,40 - 45  MPH,"Double Yellow Line, No Passing Zone",Clear,No,0,0,5
Yes,50.0,No,With Traffic,B: Suspected Minor Injury,Male,None - Rural Crash,Lenoir,No,Sunday,Motorist Overtaking Bicyclist,8.0,May,Motorist Overtaking - Other / Unknown,2015,78.0,No,O: No Injury,Male,Passenger Car,No,35.23098132,-77.82179717,Dry,50 - 55  MPH,No Control Present,Clear,No,0,0,5
Yes,33.0,No,With Traffic,B: Suspected Minor Injury,Female,Lincolnton,Lincoln,No,Saturday,Motorist Left Turn / Merge,9.0,May,Motorist Left Turn - Opposite Direction,2015,79.0,No,O: No Injury,Male,Sport Utility,No,35.45840513,-81.20833629,Dry,40 - 45  MPH,No Control Present,Clear,No,0,0,5
Yes,57.0,No,Facing Traffic,B: Suspected Minor Injury,Female,Emerald Isle,Carteret,No,Saturday,Motorist Left Turn / Merge,10.0,May,Motorist Left Turn - Same Direction,2015,76.0,No,O: No Injury,Male,Passenger Car,No,34.6645585,-77.03581339,Dry,20 - 25  MPH,No Control Present,Clear,No,0,0,5
Yes,20.0,No,Facing Traffic,B: Suspected Minor Injury,Male,Fuquay-Varina,Wake,No,Thursday,Motorist Failed to Yield - Midblock,14.0,May,Motorist Drive Out - Commercial Driveway / Alley,2015,40.0,No,O: No Injury,Male,Van,No,35.59318454,-78.77203604,Dry,Unknown,No Control Present,Clear,No,0,0,5
Yes,25.0,No,Facing Traffic,B: Suspected Minor Injury,Female,Hickory,Catawba,No,Tuesday,Motorist Failed to Yield - Midblock,13.0,June,Motorist Drive Out - Commercial Driveway / Alley,2015,73.0,No,O: No Injury,Male,Passenger Car,No,35.76074259,-81.33387226,Dry,30 - 35  MPH,No Control Present,Cloudy,No,0,0,6
No,27.0,No,Facing Traffic,B: Suspected Minor Injury,Male,Asheville,Buncombe,No,Friday,Motorist Failed to Yield - Midblock,11.0,May,Motorist Drive Out - Commercial Driveway / Alley,2015,43.0,No,O: No Injury,Male,Pickup,No,35.58700623,-82.59546172,Dry,40 - 45  MPH,No Control Present,Cloudy,No,0,0,5
Yes,51.0,No,With Traffic,B: Suspected Minor Injury,Male,Greensboro,Guilford,No,Thursday,Motorist Right Turn / Merge,18.0,June,Motorist Right Turn - Same Direction,2015,24.0,No,O: No Injury,Male,Passenger Car,No,36.06717891,-79.80028642,Dry,30 - 35  MPH,No Control Present,Clear,No,0,0,6
Yes,11.0,No,With Traffic,B: Suspected Minor Injury,Male,Gastonia,Gaston,No,Wednesday,Head-On,23.0,June,Head-On - Unknown,2015,31.0,No,Unknown Injury,Male,Passenger Car,No,35.27371318,-81.20285662,Dry,20 - 25  MPH,No Control Present,Clear,No,0,0,6
Yes,28.0,No,With Traffic,B: Suspected Minor Injury,Male,Greensboro,Guilford,No,Thursday,Bicyclist Overtaking Motorist,19.0,June,Bicyclist Overtaking - Passing on Right,2015,49.0,No,O: No Injury,Male,Passenger Car,No,36.0724107,-79.84791054,Dry,30 - 35  MPH,Stop And Go Signal,Clear,No,0,0,6
Yes,19.0,No,Not Applicable,B: Suspected Minor Injury,Male,Kinston,Lenoir,No,Tuesday,Bicyclist Failed to Yield - Midblock,15.0,June,Bicyclist Ride Out - Commercial Driveway / Alley,2015,24.0,No,C: Possible Injury,Female,Passenger Car,No,35.26772007,-77.58177721,Dry,30 - 35  MPH,No Control Present,Clear,No,0,0,6
Yes,14.0,No,Unknown,B: Suspected Minor Injury,Male,Henderson,Vance,No,Saturday,Crossing Paths - Other Circumstances,20.0,May,Sign-Controlled Intersection - Other / Unknown,2015,42.03850604944766,Missing,Unknown Injury,Unknown,Unknown,Yes,36.33386491,-78.40790787,Dry,30 - 35  MPH,Stop Sign,Clear,No,1,0,5
Yes,14.0,No,With Traffic,B: Suspected Minor Injury,Male,Gastonia,Gaston,No,Friday,Bicyclist Left Turn / Merge,12.0,June,Bicyclist Left Turn - Same Direction,2015,21.0,No,O: No Injury,Female,Pickup,No,35.25530354,-81.2080434,Dry,30 - 35  MPH,No Control Present,Cloudy,No,0,0,6
Yes,14.0,No,With Traffic,B: Suspected Minor Injury,Female,Greensboro,Guilford,No,Saturday,Motorist Overtaking Bicyclist,21.0,June,Motorist Overtaking - Other / Unknown,2015,42.03850604944766,Missing,Unknown Injury,Unknown,Van,Yes,36.01745805,-79.79967826,Dry,30 - 35  MPH,No Control Present,Clear,No,1,0,6
Yes,91.0,No,Unknown,B: Suspected Minor Injury,Male,None - Rural Crash,Orange,No,Sunday,Loss of Control / Turning Error,10.0,May,Motorist Lost Control - Other / Unknown,2015,78.0,No,O: No Injury,Female,Passenger Car,No,36.0102036,-79.08312574,Dry,50 - 55  MPH,"Double Yellow Line, No Passing Zone",Clear,No,0,0,5
Yes,33.0,No,With Traffic,B: Suspected Minor Injury,Male,None - Rural Crash,Durham,No,Wednesday,Bicyclist Left Turn / Merge,6.0,June,Bicyclist Left Turn - Opposite Direction,2015,26.0,No,O: No Injury,Male,Passenger Car,No,35.92094824,-78.87462532,Dry,40 - 45  MPH,Stop And Go Signal,Clear,No,0,0,6
Yes,33.0,No,Facing Traffic,B: Suspected Minor Injury,Male,None - Rural Crash,Wake,No,Wednesday,Head-On,19.0,June,Head-On - Bicyclist,2015,42.03850604944766,Unknown,Unknown Injury,Unknown,Unknown,Yes,35.92533285,-78.50172469,Dry,40 - 45  MPH,"Double Yellow Line, No Passing Zone",Clear,No,1,0,6
Yes,57.0,No,With Traffic,B: Suspected Minor Injury,Male,None - Rural Crash,New Hanover,No,Thursday,Motorist Overtaking Bicyclist,10.0,June,Motorist Overtaking - Other / Unknown,2015,38.0,No,O: No Injury,Male,"Light Truck (Mini-Van, Panel)",No,34.31801091,-77.88177652,Dry,40 - 45  MPH,"Double Yellow Line, No Passing Zone",Clear,No,0,0,6
No,21.0,No,With Traffic,B: Suspected Minor Injury,Male,Chapel Hill,Orange,No,Friday,Motorist Right Turn / Merge,12.0,June,Motorist Right Turn - Same Direction,2015,20.0,No,O: No Injury,Female,Sport Utility,No,35.89612678,-79.05866814,Dry,30 - 35  MPH,No Control Present,Clear,No,0,0,6
Yes,10.0,No,Not Applicable,B: Suspected Minor Injury,Female,Shelby,Cleveland,No,Wednesday,Bicyclist Failed to Yield - Midblock,17.0,June,Bicyclist Ride Out - Other Midblock,2015,27.0,No,O: No Injury,Female,Passenger Car,No,35.28665317,-81.55027759,Dry,30 - 35  MPH,No Control Present,Cloudy,No,0,0,6
No,12.0,No,Not Applicable,B: Suspected Minor Injury,Female,Matthews,Mecklenburg,No,Tuesday,Non-Roadway,14.0,June,Non-Roadway,2015,21.0,No,O: No Injury,Female,Passenger Car,No,35.12442401,-80.71713667,Dry,5 - 15 MPH,No Control Present,Clear,No,0,0,6
No,14.0,No,Facing Traffic,B: Suspected Minor Injury,Male,Morehead City,Carteret,No,Tuesday,Motorist Failed to Yield - Midblock,16.0,June,Motorist Drive Out - Commercial Driveway / Alley,2015,65.0,No,Unknown Injury,Female,Passenger Car,No,34.72719983,-76.75246543,Dry,5 - 15 MPH,No Control Present,Clear,No,0,0,6
Yes,29.0,No,Facing Traffic,B: Suspected Minor Injury,Male,Greenville,Pitt,No,Monday,Motorist Failed to Yield - Signalized Intersection,17.0,June,Motorist Drive Out - Right Turn on Red,2015,25.0,No,O: No Injury,Male,Sport Utility,No,35.57455274,-77.39047676,Dry,40 - 45  MPH,Stop And Go Signal,Clear,No,0,0,6
Yes,31.0,No,With Traffic,B: Suspected Minor Injury,Male,None - Rural Crash,Davie,No,Sunday,Motorist Overtaking Bicyclist,15.0,June,Motorist Overtaking - Bicyclist Swerved,2015,37.0,No,O: No Injury,Female,Pickup,No,35.90222916,-80.58913648,Dry,50 - 55  MPH,"Double Yellow Line, No Passing Zone",Clear,No,0,0,6
No,23.0,Unknown,Facing Traffic,B: Suspected Minor Injury,Male,Cary,Wake,No,Monday,Motorist Failed to Yield - Midblock,19.0,June,Motorist Drive Out - Other Midblock,2015,45.0,Unknown,O: No Injury,Male,Pickup,No,35.77692407,-78.76433864,Unknown,Unknown,Stop Sign,Cloudy,No,0,0,6
Yes,12.0,No,Not Applicable,B: Suspected Minor Injury,Female,None - Rural Crash,Robeson,No,Sunday,Bicyclist Failed to Yield - Midblock,19.0,June,Bicyclist Ride Out - Residential Driveway,2015,65.0,No,O: No Injury,Female,Passenger Car,No,34.56021302,-78.95363241,Dry,50 - 55  MPH,No Control Present,Clear,No,0,0,6
Yes,11.0,No,Not Applicable,B: Suspected Minor Injury,Male,None - Rural Crash,Onslow,No,Friday,Bicyclist Failed to Yield - Midblock,19.0,June,Bicyclist Ride Out - Midblock - Unknown,2015,53.0,No,O: No Injury,Female,Sport Utility,No,34.91647271,-77.6034216,Dry,50 - 55  MPH,No Control Present,Clear,No,0,0,6
Yes,42.0,No,Facing Traffic,B: Suspected Minor Injury,Male,Charlotte,Mecklenburg,No,Thursday,Parallel Paths - Other Circumstances,18.0,June,Bicyclist Ride Out - Parallel Path,2015,54.0,No,O: No Injury,Male,Pickup,No,35.26266613,-80.79501949,Dry,40 - 45  MPH,No Control Present,Clear,No,0,0,6
No,50.0,No,With Traffic,B: Suspected Minor Injury,Female,Raleigh,Wake,No,Saturday,Motorist Overtaking Bicyclist,11.0,June,Motorist Overtaking - Other / Unknown,2015,42.03850604944766,Missing,Unknown Injury,Unknown,Sport Utility,Yes,35.89071875,-78.69855174,Dry,40 - 45  MPH,No Control Present,Clear,No,1,0,6
Yes,14.0,No,With Traffic,B: Suspected Minor Injury,Male,None - Rural Crash,Sampson,No,Friday,Motorist Overtaking Bicyclist,13.0,June,Motorist Overtaking - Bicyclist Swerved,2015,60.0,No,O: No Injury,Female,Sport Utility,No,35.24524863,-78.5048708,Dry,50 - 55  MPH,"Double Yellow Line, No Passing Zone",Cloudy,No,0,0,6
No,23.0,No,With Traffic,B: Suspected Minor Injury,Male,Clayton,Johnston,No,Friday,Bicyclist Failed to Yield - Signalized Intersection,9.0,June,Bicyclist Ride Through - Signalized Intersection,2015,28.0,No,O: No Injury,Female,Passenger Car,No,35.65675647,-78.47844984,Dry,40 - 45  MPH,Stop And Go Signal,Clear,No,0,0,6
Yes,6.0,No,Not Applicable,B: Suspected Minor Injury,Male,Charlotte,Mecklenburg,No,Saturday,Non-Roadway,17.0,April,Non-Roadway,2015,27.0,No,O: No Injury,Female,Sport Utility,No,35.27952032,-80.7887335,Dry,5 - 15 MPH,No Control Present,Clear,No,0,0,4
Yes,25.0,No,With Traffic,B: Suspected Minor Injury,Female,Raleigh,Wake,No,Wednesday,Crossing Paths - Other Circumstances,17.0,June,Signalized Intersection - Other / Unknown,2015,42.03850604944766,Missing,Unknown Injury,Unknown,Unknown,Yes,35.84402038,-78.64377465,Dry,20 - 25  MPH,Stop And Go Signal,Clear,No,1,0,6
Yes,13.0,No,Not Applicable,B: Suspected Minor Injury,Male,None - Rural Crash,Cleveland,No,Saturday,Bicyclist Failed to Yield - Midblock,19.0,June,Bicyclist Ride Out - Other Midblock,2015,73.0,No,O: No Injury,Male,Passenger Car,No,35.3646268,-81.56599078,Dry,50 - 55  MPH,"Double Yellow Line, No Passing Zone",Clear,No,0,0,6
Yes,17.0,No,With Traffic,B: Suspected Minor Injury,Male,Mooresville,Iredell,No,Thursday,Motorist Overtaking Bicyclist,3.0,June,Motorist Overtaking - Undetected Bicyclist,2015,58.0,No,O: No Injury,Male,Passenger Car,No,35.59692706,-80.80838454,Dry,40 - 45  MPH,"Double Yellow Line, No Passing Zone",Clear,No,0,0,6
Yes,26.0,No,With Traffic,B: Suspected Minor Injury,Male,Wilmington,New Hanover,No,Tuesday,Motorist Failed to Yield - Sign-Controlled Intersection,21.0,June,Motorist Drive Out - Sign-Controlled Intersection,2015,69.0,No,O: No Injury,Male,Sport Utility,No,34.22051487,-77.90690645,Dry,30 - 35  MPH,Stop Sign,Clear,No,0,0,6
No,14.0,No,Facing Traffic,B: Suspected Minor Injury,Female,Charlotte,Mecklenburg,No,Friday,Motorist Failed to Yield - Midblock,16.0,June,Motorist Drive Out - Residential Driveway,2015,64.0,No,O: No Injury,Female,Sport Utility,No,35.05891925,-80.80970615,Dry,30 - 35  MPH,No Control Present,Clear,No,0,0,6
Yes,26.0,No,With Traffic,B: Suspected Minor Injury,Male,Charlotte,Mecklenburg,No,Tuesday,Motorist Overtaking Bicyclist,21.0,June,Motorist Overtaking - Other / Unknown,2015,42.03850604944766,Missing,Unknown Injury,Unknown,Unknown,Yes,35.30043172,-80.90651127,Dry,20 - 25  MPH,No Control Present,Clear,No,1,0,6
Yes,40.0,No,With Traffic,B: Suspected Minor Injury,Male,Lewisville,Forsyth,No,Thursday,Motorist Left Turn / Merge,20.0,June,Motorist Left Turn - Opposite Direction,2015,67.0,No,O: No Injury,Male,Pickup,No,36.09994206,-80.44613742,Dry,50 - 55  MPH,"Double Yellow Line, No Passing Zone",Clear,No,0,0,6
Yes,20.0,No,Facing Traffic,B: Suspected Minor Injury,Male,Charlotte,Mecklenburg,No,Monday,Motorist Failed to Yield - Midblock,12.0,June,Motorist Drive Out - Commercial Driveway / Alley,2015,24.0,No,O: No Injury,Female,Passenger Car,No,35.29813563,-80.73774868,Dry,Unknown,Stop And Go Signal,Clear,No,0,0,6
Yes,27.0,No,Facing Traffic,B: Suspected Minor Injury,Male,Greensboro,Guilford,No,Tuesday,Motorist Failed to Yield - Midblock,15.0,June,Motorist Drive Out - Commercial Driveway / Alley,2015,60.0,No,O: No Injury,Male,Pickup,No,36.0169325,-79.80442859,Dry,5 - 15 MPH,No Control Present,Clear,No,0,0,6
Yes,14.0,No,Facing Traffic,B: Suspected Minor Injury,Male,Burlington,Alamance,No,Tuesday,Motorist Failed to Yield - Sign-Controlled Intersection,16.0,June,Motorist Drive Out - Sign-Controlled Intersection,2015,58.0,No,O: No Injury,Female,Passenger Car,No,36.10797173,-79.43419378,Dry,30 - 35  MPH,Stop Sign,Clear,No,0,0,6
Yes,64.0,No,Not Applicable,B: Suspected Minor Injury,Male,Greenville,Pitt,No,Tuesday,Bicyclist Failed to Yield - Midblock,13.0,June,Bicyclist Ride Out - Commercial Driveway / Alley,2015,36.0,No,O: No Injury,Male,Passenger Car,No,35.60878038,-77.39450714,Dry,40 - 45  MPH,No Control Present,Clear,No,0,0,6
Yes,34.0,Yes,Not Applicable,B: Suspected Minor Injury,Male,Greenville,Pitt,Yes,Sunday,Bicyclist Failed to Yield - Midblock,21.0,June,Bicyclist Ride Out - Commercial Driveway / Alley,2015,34.0,No,O: No Injury,Male,Passenger Car,No,35.57367501,-77.39469403,Dry,40 - 45  MPH,No Control Present,Clear,No,0,0,6
Yes,40.0,No,Facing Traffic,B: Suspected Minor Injury,Male,Lincolnton,Lincoln,No,Saturday,Motorist Failed to Yield - Midblock,9.0,July,Motorist Drive Out - Commercial Driveway / Alley,2015,27.0,No,O: No Injury,Male,Sport Utility,No,35.47561526,-81.24343506,Dry,30 - 35  MPH,No Control Present,Cloudy,No,0,0,7
Yes,44.0,Unknown,Not Applicable,B: Suspected Minor Injury,Male,Raleigh,Wake,No,Saturday,Non-Roadway,14.0,July,Non-Roadway,2015,24.0,No,O: No Injury,Male,Passenger Car,No,35.79415148,-78.6116011,Wet,30 - 35  MPH,No Control Present,Rain,No,0,0,7
Yes,58.0,No,With Traffic,B: Suspected Minor Injury,Male,None - Rural Crash,Wake,No,Saturday,Motorist Overtaking Bicyclist,18.0,June,Motorist Overtaking - Other / Unknown,2015,42.03850604944766,No,Unknown Injury,Unknown,Unknown,Yes,35.63687471,-78.67123008,Dry,40 - 45  MPH,Stop Sign,Clear,No,1,0,6
Yes,67.0,No,With Traffic,B: Suspected Minor Injury,Female,None - Rural Crash,Cherokee,No,Monday,Bicyclist Left Turn / Merge,10.0,June,Bicyclist Left Turn - Same Direction,2015,78.0,No,O: No Injury,Female,Passenger Car,No,34.99623644,-84.15298629,Dry,50 - 55  MPH,No Control Present,Clear,No,0,0,6