AmbulanceR,BikeAge,BikeAlcFlg,BikeDir,BikeInjury,BikeSex,City,County,CrashAlcoh,CrashDay,CrashGrp,CrashHour,CrashMonth,CrashType,CrashYear,DrvrAge,DrvrAlcFlg,DrvrInjury,DrvrSex,DrvrVehTyp,HitRun,Latitude,Longitude,RdConditio,SpeedLimit,TraffCntrl,Weather,Workzone,DrvrAgeImputedFlag,BikeAgeImputedFlag,MonthCode
Yes,13.0,No,Facing Traffic,B: Suspected Minor Injury,Male,Clayton,Johnston,No,Sunday,Head-On,14.0,June,Head-On - Bicyclist,2015,21.0,No,O: No Injury,Male,Passenger Car,No,35.63172279,-78.4540088,Dry,20 - 25  MPH,No Control Present,Clear,No,0,0,6
No,61.0,Yes,Not Applicable,B: Suspected Minor Injury,Male,Roanoke Rapids,Halifax,Yes,Monday,Bicyclist Failed to Yield - Midblock,21.0,July,Bicyclist Ride Out - Other Midblock,2015,46.0,No,O: No Injury,Male,Passenger Car,No,36.44559192,-77.64209742,Dry,30 - 35  MPH,No Control Present,Clear,No,0,0,7
Yes,57.0,No,With Traffic,B: Suspected Minor Injury,Male,Wilmington,New Hanover,No,Wednesday,Motorist Left Turn / Merge,7.0,June,Motorist Left Turn - Opposite Direction,2015,24.0,No,O: No Injury,Female,Passenger Car,No,34.22279195,-77.84159415,Dry,40 - 45  MPH,Stop Sign,Clear,No,0,0,6
Yes,26.0,No,With Traffic,B: Suspected Minor Injury,Male,Durham,Durham,No,Wednesday,Motorist Right Turn / Merge,13.0,July,Motorist Right Turn - Same Direction,2015,47.0,No,O: No Injury,Female,Passenger Car,No,35.91887,-78.96168326,Dry,30 - 35  MPH,Stop And Go Signal,Clear,No,0,0,7
Yes,12.0,No,Facing Traffic,B: Suspected Minor Injury,Female,Raleigh,Wake,No,Tuesday,Motorist Failed to Yield - Signalized Intersection,18.0,June,Motorist Drive Out - Signalized Intersection,2015,28.0,No,O: No Injury,Female,Passenger Car,No,35.76080778,-78.66157505,Dry,30 - 35  MPH,Stop And Go Signal,Clear,No,0,0,6
Yes,25.0,No,With Traffic,B: Suspected Minor Injury,Female,Asheville,Buncombe,No,Saturday,Bicyclist Overtaking Motorist,2.0,June,Bicyclist Overtaking - Parked Vehicle,2015,42.03850604944766,Missing,Unknown Injury,Unknown,Passenger Car,No,35.60152939,-82.5651382,Dry,20 - 25  MPH,No Control Present,Clear,No,1,0,6
Yes,20.0,Yes,Unknown,B: Suspected Minor Injury,Male,None - Rural Crash,Cumberland,Yes,Sunday,Motorist Failed to Yield - Midblock,23.0,June,Motorist Drive Out - Midblock - Unknown,2015,42.03850604944766,Unknown,Unknown Injury,Unknown,Unknown,Yes,35.20776975,-78.94985468,Dry,50 - 55  MPH,No Control Present,Clear,No,1,0,6
Yes,14.0,No,With Traffic,B: Suspected Minor Injury,Male,Durham,Durham,No,Wednesday,Bicyclist Failed to Yield - Signalized Intersection,22.0,July,Bicyclist Ride Through - Signalized Intersection,2015,42.0,No,O: No Injury,Female,Passenger Car,No,35.99501402,-78.89730547,Dry,30 - 35  MPH,Stop And Go Signal,Clear,No,0,0,7
Yes,58.0,No,With Traffic,B: Suspected Minor Injury,Male,Morrisville,Wake,No,Monday,Motorist Overtaking Bicyclist,13.0,July,Motorist Overtaking - Other / Unknown,2015,84.0,No,O: No Injury,Female,Passenger Car,No,35.82027973,-78.84856744,Dry,40 - 45  MPH,No Control Present,Clear,No,0,0,7
Yes,65.0,No,With Traffic,B: Suspected Minor Injury,Male,Shelby,Cleveland,No,Monday,Motorist Left Turn / Merge,9.0,June,Motorist Left Turn - Opposite Direction,2015,68.0,No,O: No Injury,Male,Sport Utility,No,35.27922076,-81.56580541,Dry,30 - 35  MPH,No Control Present,Clear,No,0,0,6
Yes,53.0,Yes,With Traffic,B: Suspected Minor Injury,Male,Brevard,Transylvania,Yes,Saturday,Bicyclist Overtaking Motorist,22.0,July,Bicyclist Overtaking - Parked Vehicle,2015,43.0,Missing,O: No Injury,Male,Sport Utility,No,35.23268469,-82.74016693,Dry,30 - 35  MPH,No Control Present,Clear,No,0,0,7
Yes,35.0,No,With Traffic,B: Suspected Minor Injury,Male,Durham,Durham,No,Monday,Bicyclist Failed to Yield - Signalized Intersection,8.0,July,Bicyclist Ride Through - Signalized Intersection,2015,22.0,No,O: No Injury,Male,Passenger Car,No,35.96158571,-78.96147522,Wet,30 - 35  MPH,Stop And Go Signal,Cloudy,No,0,0,7
Yes,18.0,No,Facing Traffic,B: Suspected Minor Injury,Female,Emerald Isle,Carteret,No,Saturday,Crossing Paths - Other Circumstances,18.0,July,Sign-Controlled Intersection - Other / Unknown,2015,22.0,No,O: No Injury,Female,Police,No,34.66674282,-77.02657242,Dry,20 - 25  MPH,No Control Present,Clear,No,0,0,7
Yes,31.0,No,With Traffic,B: Suspected Minor Injury,Male,Elizabeth City,Pasquotank,No,Friday,Motorist Failed to Yield - Sign-Controlled Intersection,21.0,July,Motorist Drive Out - Sign-Controlled Intersection,2015,59.0,No,O: No Injury,Male,Pickup,No,36.29213014,-76.22246243,Wet,20 - 25  MPH,Stop Sign,Rain,No,0,0,7
Yes,63.0,No,Facing Traffic,B: Suspected Minor Injury,Male,Morehead City,Carteret,No,Tuesday,Bicyclist Failed to Yield - Sign-Controlled Intersection,19.0,June,Bicyclist Ride Through - Sign-Controlled Intersection,2015,54.0,No,O: No Injury,Female,Passenger Car,No,34.72493334,-76.73522952,Dry,30 - 35  MPH,Stop Sign,Clear,No,0,0,6
Yes,64.0,No,With Traffic,B: Suspected Minor Injury,Male,Alexander,Buncombe,No,Saturday,Motorist Overtaking Bicyclist,11.0,July,Motorist Overtaking - Other / Unknown,2015,69.0,No,O: No Injury,Female,Motor Home/Recreational Vehicle,No,35.70854218,-82.61996707,Dry,30 - 35  MPH,"Double Yellow Line, No Passing Zone",Cloudy,No,0,0,7
Yes,55.0,No,With Traffic,B: Suspected Minor Injury,Male,Bayboro,Pamlico,No,Friday,Motorist Overtaking Bicyclist,20.0,July,Motorist Overtaking - Other / Unknown,2015,51.0,No,O: No Injury,Male,Passenger Car,No,35.14748717,-76.76313679,Dry,30 - 35  MPH,"Double Yellow Line, No Passing Zone",Clear,No,0,0,7
No,27.0,No,With Traffic,B: Suspected Minor Injury,Male,Charlotte,Mecklenburg,No,Thursday,Bicyclist Right Turn / Merge,16.0,July,Bicyclist Right Turn - Same Direction,2015,60.0,No,O: No Injury,Male,Passenger Car,No,35.1640722,-80.73769745,Dry,40 - 45  MPH,No Control Present,Cloudy,No,0,0,7
Yes,24.0,No,With Traffic,B: Suspected Minor Injury,Male,Raleigh,Wake,No,Friday,Motorist Left Turn / Merge,17.0,July,Motorist Left Turn - Opposite Direction,2015,64.0,No,O: No Injury,Male,Passenger Car,No,35.82482066,-78.62139996,Dry,30 - 35  MPH,Stop And Go Signal,Clear,No,0,0,7
Yes,61.0,No,With Traffic,B: Suspected Minor Injury,Male,Wilmington,New Hanover,No,Thursday,Motorist Overtaking Bicyclist,22.0,July,Motorist Overtaking - Undetected Bicyclist,2015,21.0,No,O: No Injury,Male,Pickup,No,34.23443987,-77.88805848,Wet,40 - 45  MPH,No Control Present,Rain,No,0,0,7
Yes,14.0,No,Not Applicable,B: Suspected Minor Injury,Male,None - Rural Crash,Dare,No,Monday,Loss of Control / Turning Error,16.0,July,Bicyclist Lost Control - Surface Conditions,2015,55.0,No,O: No Injury,Male,Sport Utility,No,35.57501975,-75.46713499,Dry,30 - 35  MPH,"Double Yellow Line, No Passing Zone",Clear,No,0,0,7
Yes,18.0,No,With Traffic,B: Suspected Minor Injury,Female,Hickory,Catawba,No,Thursday,Bicyclist Failed to Yield - Sign-Controlled Intersection,16.0,July,Bicyclist Ride Through - Sign-Controlled Intersection,2015,35.0,No,C: Possible Injury,Female,Sport Utility,No,35.72825033,-81.33703921,Dry,30 - 35  MPH,Stop Sign,Clear,No,0,0,7
Yes,30.0,No,With Traffic,B: Suspected Minor Injury,Male,Greenville,Pitt,No,Thursday,Motorist Left Turn / Merge,20.0,July,Motorist Left Turn - Opposite Direction,2015,22.0,No,O: No Injury,Male,Passenger Car,No,35.59097719,-77.3782635,Wet,40 - 45  MPH,Stop And Go Signal,Rain,No,0,0,7
Yes,14.0,No,With Traffic,B: Suspected Minor Injury,Male,Charlotte,Mecklenburg,No,Tuesday,Motorist Right Turn / Merge,17.0,July,Motorist Right Turn - Same Direction,2015,23.0,No,O: No Injury,Male,Passenger Car,Yes,35.22804939,-80.77522713,Dry,30 - 35  MPH,Stop And Go Signal,Clear,No,0,0,7
Yes,54.0,No,With Traffic,B: Suspected Minor Injury,Female,Belmont,Gaston,No,Sunday,Crossing Paths - Other Circumstances,9.0,June,Sign-Controlled Intersection - Other / Unknown,2015,29.0,No,O: No Injury,Female,Sport Utility,No,35.22727936,-81.03969271,Dry,30 - 35  MPH,Stop Sign,Clear,No,0,0,6
Yes,21.0,No,With Traffic,B: Suspected Minor Injury,Male,Greenville,Pitt,No,Wednesday,Motorist Overtaking Bicyclist,13.0,July,Motorist Overtaking - Other / Unknown,2015,42.03850604944766,Missing,Unknown Injury,Unknown,Unknown,Yes,35.60674733,-77.34571945,Dry,30 - 35  MPH,No Control Present,Clear,No,1,0,7
Yes,40.0,No,With Traffic,B: Suspected Minor Injury,Male,None - Rural Crash,Lee,No,Thursday,Motorist Overtaking Bicyclist,15.0,July,Motorist Overtaking - Other / Unknown,2015,29.0,No,O: No Injury,Male,Pickup,No,35.50135442,-79.27851116,Dry,50 - 55  MPH,"Double Yellow Line, No Passing Zone",Clear,No,0,0,7
Yes,19.0,No,Facing Traffic,B: Suspected Minor Injury,Male,Pineville,Mecklenburg,No,Sunday,Motorist Failed to Yield - Sign-Controlled Intersection,14.0,July,Motorist Drive Out - Sign-Controlled Intersection,2015,30.0,No,O: No Injury,Female,Passenger Car,No,35.09128622,-80.8696952,Dry,5 - 15 MPH,Stop Sign,Clear,No,0,0,7
Yes,34.0,Unknown,Facing Traffic,B: Suspected Minor Injury,Male,Durham,Durham,No,Sunday,Crossing Paths - Other Circumstances,20.0,July,Signalized Intersection - Other / Unknown,2015,53.0,No,O: No Injury,Female,Passenger Car,No,36.01711112,-78.91904108,Dry,20 - 25  MPH,Stop And Go Signal,Clear,No,0,0,7
Yes,22.0,No,With Traffic,B: Suspected Minor Injury,Male,Charlotte,Mecklenburg,No,Saturday,Crossing Paths - Other Circumstances,22.0,July,Signalized Intersection - Other / Unknown,2015,51.0,No,O: No Injury,Male,Passenger Car,Yes,35.22252164,-80.84748591,Dry,30 - 35  MPH,Stop And Go Signal,Clear,No,0,0,7
Yes,19.0,No,Not Applicable,B: Suspected Minor Injury,Male,Greenville,Pitt,No,Tuesday,Bicyclist Failed to Yield - Midblock,14.0,July,Bicyclist Ride Out - Midblock - Unknown,2015,41.0,No,O: No Injury,Female,Passenger Car,No,35.57670064,-77.38233946,Dry,40 - 45  MPH,Stop And Go Signal,Clear,No,0,0,7
Yes,12.0,No,Facing Traffic,B: Suspected Minor Injury,Male,Cary,Wake,No,Tuesday,Motorist Failed to Yield - Sign-Controlled Intersection,19.0,July,Motorist Drive Out - Sign-Controlled Intersection,2015,42.03850604944766,Unknown,Unknown Injury,Unknown,Unknown,Yes,35.78381381,-78.8058515,Dry,20 - 25  MPH,Stop Sign,Clear,No,1,0,7
Yes,47.0,No,Not Applicable,B: Suspected Minor Injury,Male,None - Rural Crash,Robeson,Yes,Saturday,Bicyclist Failed to Yield - Midblock,13.0,July,Bicyclist Ride Out - Other Midblock,2015,65.0,Yes,O: No Injury,Female,Sport Utility,No,34.65767249,-79.24325999,Dry,50 - 55  MPH,No Control Present,Clear,No,0,0,7
Yes,65.0,No,With Traffic,B: Suspected Minor Injury,Male,None - Rural Crash,Lincoln,No,Saturday,Bicyclist Left Turn / Merge,12.0,July,Bicyclist Left Turn - Same Direction,2015,20.0,No,O: No Injury,Male,Pickup,No,35.53960424,-81.16352172,Dry,40 - 45  MPH,"Double Yellow Line, No Passing Zone",Clear,No,0,0,7
Yes,49.0,Yes,Facing Traffic,B: Suspected Minor Injury,Male,Dobson,Surry,Yes,Monday,Head-On,15.0,July,Head-On - Bicyclist,2015,53.0,No,O: No Injury,Female,Passenger Car,No,36.38906094,-80.71910072,Dry,30 - 35  MPH,"Double Yellow Line, No Passing Zone",Clear,No,0,0,7
Yes,27.0,No,With Traffic,B: Suspected Minor Injury,Male,Fayetteville,Cumberland,No,Tuesday,Motorist Overtaking Bicyclist,12.0,July,Motorist Overtaking - Undetected Bicyclist,2015,43.0,No,O: No Injury,Female,Pickup,No,34.98908038,-79.00550218,Dry,40 - 45  MPH,No Control Present,Clear,No,0,0,7
Yes,48.0,Missing,Unknown,B: Suspected Minor Injury,Male,Morehead City,Carteret,No,Tuesday,Bicyclist Right Turn / Merge,19.0,July,Bicyclist Right Turn - Same Direction,2015,42.03850604944766,No,Unknown Injury,Unknown,Passenger Car,Yes,34.7374772,-76.79288677,Dry,40 - 45  MPH,Stop Sign,Clear,No,1,0,7
Yes,18.0,No,With Traffic,B: Suspected Minor Injury,Male,None - Rural Crash,Rockingham,No,Friday,Bicyclist Left Turn / Merge,16.0,July,Bicyclist Left Turn - Same Direction,2015,25.0,No,O: No Injury,Female,Passenger Car,No,36.38593673,-79.65011996,Dry,50 - 55  MPH,No Control Present,Clear,No,0,0,7
Yes,23.0,Unknown,With Traffic,B: Suspected Minor Injury,Male,Greensboro,Guilford,No,Wednesday,Crossing Paths - Other Circumstances,1.0,July,Crossing Paths - Uncontrolled Intersection,2015,42.03850604944766,Missing,Unknown Injury,Unknown,Passenger Car,Yes,36.06451081,-79.80512241,Dry,30 - 35  MPH,Stop Sign,Clear,No,1,0,7
Yes,52.0,Yes,With Traffic,B: Suspected Minor Injury,Male,None - Rural Crash,Bladen,Yes,Tuesday,Motorist Overtaking Bicyclist,12.0,July,Motorist Overtaking - Bicyclist Swerved,2015,49.0,No,O: No Injury,Female,Passenger Car,No,34.67836809,-78.49000619,Dry,50 - 55  MPH,No Control Present,Clear,No,0,0,7
Yes,33.0,No,With Traffic,B: Suspected Minor Injury,Female,None - Rural Crash,New Hanover,No,Sunday,Motorist Right Turn / Merge,12.0,July,Motorist Right Turn - Same Direction,2015,47.0,No,O: No Injury,Female,Sport Utility,No,34.29311477,-77.77604729,Dry,40 - 45  MPH,Yield Sign,Clear,No,0,0,7
Yes,56.0,No,With Traffic,B: Suspected Minor Injury,Male,Greensboro,Guilford,No,Monday,Bicyclist Failed to Yield - Signalized Intersection,13.0,August,Bicyclist Ride Through - Signalized Intersection,2015,59.0,No,O: No Injury,Female,Passenger Car,No,36.06467217,-79.79294586,Dry,30 - 35  MPH,Stop And Go Signal,Clear,No,0,0,8
Yes,18.0,No,Facing Traffic,B: Suspected Minor Injury,Male,Wilmington,New Hanover,No,Thursday,Motorist Failed to Yield - Midblock,11.0,July,Motorist Drive Out - Other Midblock,2015,63.0,No,O: No Injury,Female,"Light Truck (Mini-Van, Panel)",No,34.24951794,-77.88963538,Dry,40 - 45  MPH,No Control Present,Clear,No,0,0,7
No,12.0,No,Unknown,B: Suspected Minor Injury,Male,Morehead City,Carteret,No,Monday,Crossing Paths - Other Circumstances,14.0,July,Sign-Controlled Intersection - Other / Unknown,2015,42.03850604944766,Missing,Unknown Injury,Unknown,Unknown,Yes,34.72427673,-76.74965842,Dry,5 - 15 MPH,No Control Present,Clear,No,1,0,7
No,45.0,No,With Traffic,B: Suspected Minor Injury,Male,None - Rural Crash,Catawba,No,Thursday,Motorist Overtaking Bicyclist,11.0,August,Motorist Overtaking - Other / Unknown,2015,42.03850604944766,No,Unknown Injury,Unknown,Unknown,Yes,35.75600092,-81.15692219,Dry,40 - 45  MPH,"Double Yellow Line, No Passing Zone",Clear,No,1,0,8
Yes,10.0,No,Facing Traffic,B: Suspected Minor Injury,Male,Rocky Mount,Nash,No,Tuesday,Bicyclist Right Turn / Merge,7.0,August,Bicyclist Right Turn - Same Direction,2015,37.0,No,O: No Injury,Male,Passenger Car,No,35.94074968,-77.85806414,Dry,30 - 35  MPH,No Control Present,Clear,No,0,0,8
Yes,25.0,No,With Traffic,B: Suspected Minor Injury,Male,None - Rural Crash,Forsyth,No,Friday,Motorist Overtaking Bicyclist,5.0,August,Motorist Overtaking - Other / Unknown,2015,42.03850604944766,No,Unknown Injury,Unknown,Unknown,Yes,36.15297945,-80.12669362,Wet,50 - 55  MPH,"Double Yellow Line, No Passing Zone",Cloudy,No,1,0,8
Yes,8.0,No,Not Applicable,B: Suspected Minor Injury,Male,Charlotte,Mecklenburg,No,Sunday,Bicyclist Failed to Yield - Midblock,15.0,August,Bicyclist Ride Out - Other Midblock,2015,19.0,No,O: No Injury,Male,Passenger Car,No,35.34722129,-80.70375721,Dry,30 - 35  MPH,No Control Present,Clear,No,0,0,8
Yes,50.0,Yes,With Traffic,B: Suspected Minor Injury,Male,Greensboro,Guilford,Yes,Thursday,Bicyclist Failed to Yield - Sign-Controlled Intersection,16.0,May,Bicyclist Ride Through - Sign-Controlled Intersection,2015,29.0,No,O: No Injury,Female,Passenger Car,No,36.06284279,-79.81195391,Dry,30 - 35  MPH,No Control Present,Clear,No,0,0,5
Yes,25.0,No,Facing Traffic,B: Suspected Minor Injury,Male,Raleigh,Wake,No,Saturday,Motorist Failed to Yield - Midblock,13.0,August,Motorist Drive Out - Commercial Driveway / Alley,2015,36.0,No,O: No Injury,Female,Passenger Car,No,35.84708701,-78.58004778,Dry,40 - 45  MPH,No Control Present,Clear,No,0,0,8
No,23.0,No,With Traffic,B: Suspected Minor Injury,Male,Greensboro,Guilford,No,Friday,Motorist Right Turn / Merge,14.0,July,Motorist Right Turn - Same Direction,2015,37.0,No,O: No Injury,Male,Sport Utility,No,36.06577762,-79.81085895,Dry,Unknown,No Control Present,Clear,No,0,0,7
Yes,44.0,No,With Traffic,B: Suspected Minor Injury,Male,New Bern,Craven,No,Saturday,Motorist Overtaking Bicyclist,2.0,August,Motorist Overtaking - Other / Unknown,2015,42.03850604944766,Missing,Unknown Injury,Unknown,Unknown,Yes,35.1526567,-77.12573978,Dry,50 - 55  MPH,No Control Present,Cloudy,No,1,0,8
Yes,14.0,No,With Traffic,B: Suspected Minor Injury,Male,None - Rural Crash,Robeson,Yes,Tuesday,Head-On,18.0,August,Head-On - Motorist,2015,38.0,Yes,B: Suspected Minor Injury,Male,Passenger Car,No,34.85422868,-79.08735034,Dry,50 - 55  MPH,"Double Yellow Line, No Passing Zone",Clear,No,0,0,8
Yes,16.0,No,Facing Traffic,B: Suspected Minor Injury,Female,Charlotte,Mecklenburg,No,Tuesday,Bicyclist Failed to Yield - Sign-Controlled Intersection,15.0,August,Bicyclist Ride Through - Sign-Controlled Intersection,2015,39.0,No,O: No Injury,Female,Sport Utility,No,35.11471443,-80.80247568,Wet,20 - 25  MPH,Stop Sign,Cloudy,No,0,0,8
Yes,16.0,No,Not Applicable,B: Suspected Minor Injury,Male,Durham,Durham,No,Wednesday,Bicyclist Failed to Yield - Midblock,2.0,August,Bicyclist Ride Out - Residential Driveway,2015,52.0,No,O: No Injury,Male,Passenger Car,No,35.94749271,-78.92049263,Dry,30 - 35  MPH,No Control Present,Clear,No,0,0,8
Yes,20.0,No,Facing Traffic,B: Suspected Minor Injury,Male,Charlotte,Mecklenburg,No,Thursday,Motorist Failed to Yield - Midblock,20.0,August,Motorist Drive Out - Commercial Driveway / Alley,2015,42.03850604944766,Missing,Unknown Injury,Unknown,Unknown,Yes,35.2028585,-80.73808513,Dry,40 - 45  MPH,Stop Sign,Clear,No,1,0,8
Yes,59.0,No,Facing Traffic,B: Suspected Minor Injury,Male,Fayetteville,Cumberland,No,Tuesday,Motorist Left Turn / Merge,15.0,July,Motorist Left Turn - Opposite Direction,2015,46.0,No,O: No Injury,Female,Passenger Car,No,35.04963357,-78.86938153,Dry,30 - 35  MPH,Stop And Go Signal,Clear,No,0,0,7
Yes,37.0,No,With Traffic,B: Suspected Minor Injury,Male,Durham,Durham,No,Thursday,Motorist Overtaking Bicyclist,17.0,August,Motorist Overtaking - Other / Unknown,2015,42.03850604944766,Missing,Unknown Injury,Unknown,Passenger Car,Yes,35.9952636,-78.89716363,Dry,30 - 35  MPH,No Control Present,Clear,No,1,0,8
Yes,22.0,No,With Traffic,B: Suspected Minor Injury,Male,Raleigh,Wake,No,Monday,Motorist Left Turn / Merge,17.0,August,Motorist Left Turn - Opposite Direction,2015,56.0,No,O: No Injury,Female,Passenger Car,No,35.76651435,-78.6573219,Dry,20 - 25  MPH,No Control Present,Clear,No,0,0,8
Yes,24.0,No,With Traffic,B: Suspected Minor Injury,Male,Raleigh,Wake,No,Monday,Motorist Left Turn / Merge,22.0,August,Motorist Left Turn - Opposite Direction,2015,23.0,No,O: No Injury,Male,Passenger Car,No,35.78760749,-78.61446483,Dry,30 - 35  MPH,No Control Present,Clear,No,0,0,8
Yes,54.0,No,Facing Traffic,B: Suspected Minor Injury,Male,Wilmington,New Hanover,No,Friday,Motorist Failed to Yield - Midblock,10.0,July,Motorist Drive Out - Commercial Driveway / Alley,2015,59.0,No,O: No Injury,Male,Passenger Car,No,34.24451453,-77.8803935,Dry,40 - 45  MPH,No Control Present,Cloudy,No,0,0,7
Yes,26.0,No,Not Applicable,B: Suspected Minor Injury,Male,Carrboro,Orange,No,Thursday,Non-Roadway,14.0,August,Non-Roadway,2015,42.03850604944766,Missing,Unknown Injury,Unknown,Unknown,Yes,35.91583884,-79.09588365,Dry,30 - 35  MPH,No Control Present,Clear,No,1,0,8
Yes,25.0,No,With Traffic,B: Suspected Minor Injury,Male,Boone,Watauga,No,Thursday,Motorist Right Turn / Merge,18.0,August,Motorist Right Turn - Same Direction,2015,21.0,No,O: No Injury,Male,Passenger Car,No,36.21356774,-81.67570732,Dry,30 - 35  MPH,No Control Present,Clear,No,0,0,8
Yes,36.0,No,With Traffic,B: Suspected Minor Injury,Female,Charlotte,Mecklenburg,No,Friday,Bicyclist Overtaking Motorist,17.0,August,Bicyclist Overtaking - Other / Unknown,2015,42.03850604944766,Missing,Unknown Injury,Unknown,Unknown,Yes,35.22745967,-80.83379711,Dry,30 - 35  MPH,Stop And Go Signal,Clear,No,1,0,8
Yes,21.0,No,With Traffic,B: Suspected Minor Injury,Male,Boone,Watauga,No,Thursday,Motorist Right Turn / Merge,12.0,August,Motorist Right Turn - Same Direction,2015,47.0,No,O: No Injury,Female,Pickup,No,36.20538181,-81.66942898,Dry,30 - 35  MPH,No Control Present,Clear,No,0,0,8
Yes,59.0,No,With Traffic,B: Suspected Minor Injury,Male,Charlotte,Mecklenburg,No,Saturday,Motorist Left Turn / Merge,16.0,August,Motorist Left Turn - Opposite Direction,2015,25.0,No,O: No Injury,Female,Passenger Car,No,35.21037261,-80.83613805,Dry,30 - 35  MPH,Stop And Go Signal,Clear,No,0,0,8
Yes,55.0,No,Facing Traffic,B: Suspected Minor Injury,Female,Greenville,Pitt,No,Tuesday,Crossing Paths - Other Circumstances,12.0,August,Sign-Controlled Intersection - Other / Unknown,2015,42.0,No,O: No Injury,Female,Passenger Car,No,35.60585447,-77.34171448,Dry,30 - 35  MPH,Stop Sign,Clear,No,0,0,8
Yes,59.0,No,With Traffic,B: Suspected Minor Injury,Male,Charlotte,Mecklenburg,No,Monday,Motorist Left Turn / Merge,5.0,August,Motorist Left Turn - Opposite Direction,2015,28.0,No,O: No Injury,Male,Sport Utility,No,35.25189237,-80.89768764,Dry,30 - 35  MPH,Stop Sign,Clear,No,0,0,8
No,56.0,No,With Traffic,B: Suspected Minor Injury,Male,Chapel Hill,Orange,No,Saturday,Motorist Right Turn / Merge,14.0,August,Motorist Right Turn - Same Direction,2015,69.0,No,O: No Injury,Male,Passenger Car,No,35.94603403,-79.05818938,Dry,30 - 35  MPH,Stop And Go Signal,Clear,No,0,0,8
Yes,26.0,No,Facing Traffic,B: Suspected Minor Injury,Male,Wilmington,New Hanover,No,Thursday,Motorist Failed to Yield - Midblock,6.0,August,Motorist Drive Out - Commercial Driveway / Alley,2015,38.0,No,O: No Injury,Female,Sport Utility,No,34.21144217,-77.89462518,Dry,40 - 45  MPH,No Control Present,Clear,No,0,0,8
Yes,29.0,No,With Traffic,B: Suspected Minor Injury,Male,Carrboro,Orange,No,Thursday,Motorist Overtaking Bicyclist,16.0,August,Motorist Overtaking - Other / Unknown,2015,85.0,No,O: No Injury,Male,Passenger Car,No,35.90503923,-79.08885734,Dry,30 - 35  MPH,"Double Yellow Line, No Passing Zone",Clear,No,0,0,8
Yes,40.0,No,With Traffic,B: Suspected Minor Injury,Male,Duck,Dare,No,Saturday,Motorist Right Turn / Merge,12.0,August,Motorist Right Turn - Same Direction,2015,20.0,No,O: No Injury,Male,Sport Utility,No,36.17041721,-75.7560798,Dry,20 - 25  MPH,No Control Present,Clear,No,0,0,8
Yes,24.0,No,With Traffic,B: Suspected Minor Injury,Female,Raleigh,Wake,No,Monday,Motorist Left Turn / Merge,21.0,August,Motorist Left Turn - Opposite Direction,2015,70.0,No,O: No Injury,Male,Sport Utility,No,35.78627748,-78.64733698,Dry,30 - 35  MPH,Stop And Go Signal,Clear,No,0,0,8
Yes,13.0,No,With Traffic,B: Suspected Minor Injury,Female,None - Rural Crash,Cleveland,No,Monday,Motorist Overtaking Bicyclist,6.0,August,Motorist Overtaking - Other / Unknown,2015,28.0,No,O: No Injury,Male,Passenger Car,No,35.32912083,-81.5871988,Wet,50 - 55  MPH,"Double Yellow Line, No Passing Zone","Fog, Smog, Smoke",No,0,0,8
Yes,17.0,No,With Traffic,B: Suspected Minor Injury,Female,Lenoir,Caldwell,No,Tuesday,Motorist Left Turn / Merge,21.0,September,Motorist Left Turn - Opposite Direction,2015,22.0,No,O: No Injury,Male,Sport Utility,No,35.89055475,-81.5174223,Dry,30 - 35  MPH,Stop And Go Signal,Clear,No,0,0,9
Yes,49.0,No,With Traffic,B: Suspected Minor Injury,Male,None - Rural Crash,Davidson,No,Tuesday,Motorist Overtaking Bicyclist,6.0,August,Motorist Overtaking - Other / Unknown,2015,63.0,No,O: No Injury,Female,Passenger Car,No,35.79782655,-80.30602423,Wet,40 - 45  MPH,"Double Yellow Line, No Passing Zone",Cloudy,No,0,0,8
Yes,14.0,No,Facing Traffic,B: Suspected Minor Injury,Male,Raleigh,Wake,No,Wednesday,Bicyclist Failed to Yield - Signalized Intersection,15.0,September,Bicyclist Failed to Clear - Trapped,2015,22.0,No,O: No Injury,Female,Sport Utility,No,35.87285739,-78.6795419,Dry,40 - 45  MPH,Stop And Go Signal,Clear,No,0,0,9
Yes,6.0,No,Not Applicable,B: Suspected Minor Injury,Male,Wilmington,New Hanover,No,Sunday,Non-Roadway,19.0,August,Non-Roadway,2015,23.0,No,O: No Injury,Male,Passenger Car,No,34.21532468,-77.93323994,Dry,20 - 25  MPH,No Control Present,Clear,No,0,0,8
Yes,60.0,No,With Traffic,B: Suspected Minor Injury,Male,Summerfield,Guilford,No,Sunday,Motorist Overtaking Bicyclist,10.0,August,Motorist Overtaking - Other / Unknown,2015,28.0,No,O: No Injury,Male,Pickup,No,36.2029346,-79.84476118,Dry,40 - 45  MPH,"Double Yellow Line, No Passing Zone",Clear,No,0,0,8
Yes,4.0,No,Facing Traffic,B: Suspected Minor Injury,Male,Greensboro,Guilford,No,Thursday,Backing Vehicle,19.0,September,Backing Vehicle,2015,16.0,No,O: No Injury,Male,Passenger Car,No,36.01993236,-79.77872174,Dry,5 - 15 MPH,No Control Present,Clear,No,0,0,9
Yes,54.0,No,Facing Traffic,B: Suspected Minor Injury,Male,Greensboro,Guilford,No,Saturday,Motorist Failed to Yield - Midblock,10.0,September,Motorist Drive Out - Commercial Driveway / Alley,2015,38.0,No,O: No Injury,Female,Passenger Car,No,36.04233151,-79.77313776,Dry,30 - 35  MPH,Stop Sign,Clear,No,0,0,9