AmbulanceR,BikeAge,BikeAlcFlg,BikeDir,BikeInjury,BikeSex,City,County,CrashAlcoh,CrashDay,CrashGrp,CrashHour,CrashMonth,CrashType,CrashYear,DrvrAge,DrvrAlcFlg,DrvrInjury,DrvrSex,DrvrVehTyp,HitRun,Latitude,Longitude,RdConditio,SpeedLimit,TraffCntrl,Weather,Workzone,DrvrAgeImputedFlag,BikeAgeImputedFlag,MonthCode
Yes,72.0,Unknown,With Traffic,B: Suspected Minor Injury,Male,North Topsail Beach,Onslow,No,Monday,Bicyclist Left Turn / Merge,16.0,August,Bicyclist Left Turn - Same Direction,2015,53.0,No,O: No Injury,Female,Van,No,34.47995684,-77.44751306,Dry,40 - 45  MPH,No Control Present,Clear,No,0,0,8
No,45.0,No,Not Applicable,B: Suspected Minor Injury,Male,None - Rural Crash,Haywood,No,Monday,Non-Roadway,8.0,August,Non-Roadway,2015,62.0,No,O: No Injury,Male,Pickup,No,35.52756438,-82.96371469,Dry,5 - 15 MPH,No Control Present,Clear,No,0,0,8
Yes,27.0,No,With Traffic,B: Suspected Minor Injury,Male,Raleigh,Wake,No,Saturday,Motorist Left Turn / Merge,18.0,September,Motorist Left Turn - Opposite Direction,2015,42.03850604944766,Missing,Unknown Injury,Unknown,Passenger Car,Yes,35.77822392,-78.64017248,Dry,30 - 35  MPH,Stop And Go Signal,Clear,No,1,0,9
No,41.0,No,With Traffic,B: Suspected Minor Injury,Male,Fayetteville,Cumberland,No,Tuesday,Bicyclist Left Turn / Merge,16.0,August,Bicyclist Left Turn - Same Direction,2015,52.0,No,O: No Injury,Female,Commercial Bus,No,35.09739662,-78.98847781,Dry,40 - 45  MPH,Stop And Go Signal,Clear,No,0,0,8
Yes,20.0,No,Facing Traffic,B: Suspected Minor Injury,Female,Nags Head,Dare,No,Thursday,Motorist Failed to Yield - Sign-Controlled Intersection,18.0,July,Motorist Drive Out - Sign-Controlled Intersection,2015,29.0,No,O: No Injury,Male,Sport Utility,No,35.91315916,-75.5992598,Dry,5 - 15 MPH,Stop Sign,Clear,No,0,0,7
Yes,43.0,No,Unknown,B: Suspected Minor Injury,Male,Raleigh,Wake,No,Saturday,Parallel Paths - Other Circumstances,17.0,September,Bicyclist Ride Out - Parallel Path,2015,21.0,No,O: No Injury,Female,Passenger Car,No,35.78807378,-78.64715736,Dry,30 - 35  MPH,No Control Present,Clear,No,0,0,9
Yes,9.0,No,Not Applicable,B: Suspected Minor Injury,Female,None - Rural Crash,Carteret,No,Tuesday,Non-Roadway,20.0,July,Non-Roadway,2015,18.0,Unknown,O: No Injury,Male,Pickup,Yes,34.78597051,-76.89874995,Dry,Unknown,No Control Present,Clear,No,0,0,7
No,15.0,No,Not Applicable,B: Suspected Minor Injury,Male,Wilmington,New Hanover,No,Wednesday,Bicyclist Failed to Yield - Midblock,19.0,August,Bicyclist Ride Out - Midblock - Unknown,2015,38.0,No,O: No Injury,Female,Passenger Car,No,34.24169641,-77.94090087,Dry,30 - 35  MPH,No Control Present,Cloudy,No,0,0,8
No,12.0,No,Not Applicable,B: Suspected Minor Injury,Female,None - Rural Crash,Buncombe,No,Wednesday,Non-Roadway,18.0,September,Non-Roadway,2015,42.03850604944766,Missing,Unknown Injury,Unknown,Passenger Car,Yes,35.53519297,-82.71915919,Unknown,5 - 15 MPH,No Control Present,Clear,No,1,0,9
No,23.0,No,With Traffic,B: Suspected Minor Injury,Male,Raleigh,Wake,No,Friday,Motorist Failed to Yield - Midblock,11.0,September,Motorist Drive Out - Other Midblock,2015,21.0,No,O: No Injury,Male,Passenger Car,No,35.78506428,-78.6655554,Dry,5 - 15 MPH,Stop Sign,Clear,No,0,0,9
Yes,16.0,No,With Traffic,B: Suspected Minor Injury,Male,None - Rural Crash,Rowan,No,Thursday,Motorist Overtaking Bicyclist,6.0,September,Motorist Overtaking - Bicyclist Swerved,2015,27.0,No,O: No Injury,Male,Passenger Car,No,35.56966676,-80.45974524,Dry,50 - 55  MPH,"Double Yellow Line, No Passing Zone",Clear,No,0,0,9
Yes,12.0,No,With Traffic,B: Suspected Minor Injury,Male,None - Rural Crash,Jackson,No,Sunday,Motorist Overtaking Bicyclist,19.0,August,Motorist Overtaking - Other / Unknown,2015,42.03850604944766,Missing,Unknown Injury,Unknown,Unknown,Yes,35.31646602,-83.17778619,Dry,40 - 45  MPH,"Double Yellow Line, No Passing Zone",Clear,No,1,0,8
Yes,29.0,No,Facing Traffic,B: Suspected Minor Injury,Male,Raleigh,Wake,No,Saturday,Motorist Failed to Yield - Sign-Controlled Intersection,10.0,August,Motorist Drive Out - Sign-Controlled Intersection,2015,62.0,No,O: No Injury,Female,Passenger Car,No,35.84771624,-78.59270445,Dry,30 - 35  MPH,Stop Sign,Clear,No,0,0,8
Yes,38.0,No,Facing Traffic,B: Suspected Minor Injury,Male,Robbinsville,Graham,No,Friday,Motorist Failed to Yield - Midblock,15.0,September,Motorist Drive Out - Commercial Driveway / Alley,2015,27.0,No,O: No Injury,Female,Sport Utility,No,35.32549059,-83.80330165,Dry,30 - 35  MPH,No Control Present,Cloudy,No,0,0,9
Yes,15.0,No,Not Applicable,B: Suspected Minor Injury,Male,Emerald Isle,Carteret,No,Sunday,Crossing Paths - Other Circumstances,16.0,August,Crossing Paths - Uncontrolled Intersection,2015,38.0,No,O: No Injury,Male,Passenger Car,No,34.67812305,-76.9429661,Dry,20 - 25  MPH,Stop Sign,Cloudy,No,0,0,8
Yes,44.0,No,With Traffic,B: Suspected Minor Injury,Male,None - Rural Crash,New Hanover,No,Wednesday,Motorist Failed to Yield - Sign-Controlled Intersection,15.0,September,Motorist Drive Out - Sign-Controlled Intersection,2015,45.0,No,O: No Injury,Male,Pickup,No,34.29832058,-77.77189347,Dry,5 - 15 MPH,Stop Sign,Clear,No,0,0,9
Yes,16.0,No,Facing Traffic,B: Suspected Minor Injury,Male,Greenville,Pitt,No,Wednesday,Motorist Failed to Yield - Signalized Intersection,22.0,September,Motorist Drive Out - Right Turn on Red,2015,61.0,No,O: No Injury,Male,Passenger Car,No,35.59026008,-77.36064656,Dry,30 - 35  MPH,Stop And Go Signal,Clear,No,0,0,9
Yes,48.0,No,With Traffic,B: Suspected Minor Injury,Male,None - Rural Crash,Stanly,No,Saturday,Loss of Control / Turning Error,11.0,September,Motorist Turning Error - Left Turn,2015,42.0,No,O: No Injury,Male,Pickup,No,35.27333795,-80.37624827,Dry,50 - 55  MPH,"Double Yellow Line, No Passing Zone",Clear,No,0,0,9
Yes,37.0,No,With Traffic,B: Suspected Minor Injury,Male,None - Rural Crash,Pasquotank,No,Thursday,Bicyclist Left Turn / Merge,17.0,September,Bicyclist Left Turn - Same Direction,2015,36.0,No,O: No Injury,Male,Van,No,36.25103508,-76.17780266,Dry,50 - 55  MPH,"Double Yellow Line, No Passing Zone",Clear,No,0,0,9
No,22.0,No,With Traffic,B: Suspected Minor Injury,Male,Durham,Durham,No,Wednesday,Crossing Paths - Other Circumstances,22.0,September,Signalized Intersection - Other / Unknown,2015,33.0,No,O: No Injury,Female,Passenger Car,No,35.98806623,-78.90247545,Dry,30 - 35  MPH,Stop And Go Signal,Clear,No,0,0,9
No,7.0,No,Not Applicable,B: Suspected Minor Injury,Male,Clayton,Johnston,No,Monday,Non-Roadway,18.0,August,Non-Roadway,2015,39.0,No,O: No Injury,Male,Sport Utility,No,35.63190847,-78.49420536,Dry,30 - 35  MPH,No Control Present,Cloudy,No,0,0,8
Yes,14.0,No,With Traffic,B: Suspected Minor Injury,Male,Durham,Durham,No,Friday,Motorist Overtaking Bicyclist,21.0,September,Motorist Overtaking - Other / Unknown,2015,27.0,No,O: No Injury,Male,Passenger Car,No,35.99887847,-78.85181723,Dry,30 - 35  MPH,No Control Present,Clear,No,0,0,9
Yes,25.0,Unknown,With Traffic,B: Suspected Minor Injury,Female,Wilmington,New Hanover,No,Wednesday,Bicyclist Failed to Yield - Sign-Controlled Intersection,12.0,February,Bicyclist Ride Through - Sign-Controlled Intersection,2015,27.0,No,O: No Injury,Female,Sport Utility,No,34.22569657,-77.90668499,Dry,30 - 35  MPH,Stop Sign,Clear,No,0,0,2
Yes,63.0,No,With Traffic,B: Suspected Minor Injury,Male,None - Rural Crash,Gates,No,Tuesday,Motorist Overtaking Bicyclist,15.0,September,Motorist Overtaking - Other / Unknown,2015,18.0,No,O: No Injury,Male,Pickup,No,36.4504328,-76.69471885,Dry,50 - 55  MPH,No Control Present,Clear,No,0,0,9
Yes,19.0,No,With Traffic,B: Suspected Minor Injury,Female,None - Rural Crash,Davidson,No,Thursday,Motorist Overtaking Bicyclist,17.0,September,Motorist Overtaking - Undetected Bicyclist,2015,19.0,No,O: No Injury,Female,Sport Utility,No,35.80517455,-80.23398745,Wet,40 - 45  MPH,"Double Yellow Line, No Passing Zone",Rain,No,0,0,9
Yes,51.0,No,Facing Traffic,B: Suspected Minor Injury,Male,Vanceboro,Craven,No,Monday,Motorist Failed to Yield - Midblock,11.0,September,Motorist Drive Out - Residential Driveway,2015,81.0,No,O: No Injury,Male,Sport Utility,No,35.29743244,-77.14919132,Dry,30 - 35  MPH,"Double Yellow Line, No Passing Zone",Clear,No,0,0,9
Yes,52.0,No,With Traffic,B: Suspected Minor Injury,Male,None - Rural Crash,Wayne,No,Monday,Motorist Overtaking Bicyclist,17.0,August,Motorist Overtaking - Other / Unknown,2015,64.0,No,O: No Injury,Male,Pickup,No,35.45056664,-77.91092893,Dry,30 - 35  MPH,"Double Yellow Line, No Passing Zone",Clear,No,0,0,8
Yes,22.0,No,With Traffic,B: Suspected Minor Injury,Male,None - Rural Crash,Forsyth,No,Wednesday,Motorist Left Turn / Merge,13.0,September,Motorist Left Turn - Opposite Direction,2015,72.0,No,O: No Injury,Female,Passenger Car,No,36.10439739,-80.1073674,Dry,40 - 45  MPH,Human Control,Clear,No,0,0,9
Yes,73.0,No,With Traffic,B: Suspected Minor Injury,Male,Goldsboro,Wayne,No,Sunday,Bicyclist Left Turn / Merge,7.0,September,Bicyclist Left Turn - Same Direction,2015,29.0,No,O: No Injury,Female,Passenger Car,No,35.36723108,-77.96400861,Dry,30 - 35  MPH,No Control Present,Clear,No,0,0,9
Yes,46.0,No,With Traffic,B: Suspected Minor Injury,Male,None - Rural Crash,Robeson,No,Tuesday,Motorist Overtaking Bicyclist,21.0,September,Motorist Overtaking - Undetected Bicyclist,2015,23.0,No,O: No Injury,Male,Passenger Car,No,34.51889425,-79.10537082,Dry,50 - 55  MPH,No Control Present,Clear,No,0,0,9
Yes,55.0,No,With Traffic,B: Suspected Minor Injury,Female,Kitty Hawk,Dare,No,Tuesday,Motorist Left Turn / Merge,8.0,September,Motorist Left Turn - Opposite Direction,2015,62.0,No,O: No Injury,Female,Van,No,36.0696966,-75.71814418,Dry,30 - 35  MPH,No Control Present,Clear,No,0,0,9
Yes,35.0,No,With Traffic,B: Suspected Minor Injury,Male,Raleigh,Wake,No,Saturday,Motorist Failed to Yield - Midblock,13.0,September,Motorist Drive Out - Other Midblock,2015,71.0,No,O: No Injury,Male,Passenger Car,No,35.76814501,-78.6294684,Wet,5 - 15 MPH,No Control Present,Rain,No,0,0,9
No,24.0,No,With Traffic,B: Suspected Minor Injury,Male,Cary,Wake,No,Thursday,Motorist Overtaking Bicyclist,12.0,September,Motorist Overtaking - Other / Unknown,2015,42.03850604944766,Missing,Unknown Injury,Unknown,Unknown,Yes,35.78763288,-78.83096068,Dry,Unknown,No Control Present,Clear,No,1,0,9
Yes,18.0,No,Not Applicable,B: Suspected Minor Injury,Male,Greenville,Pitt,No,Thursday,Bicyclist Failed to Yield - Midblock,16.0,September,Bicyclist Ride Out - Commercial Driveway / Alley,2015,42.03850604944766,Missing,Unknown Injury,Unknown,Unknown,Yes,35.6039822,-77.36193455,Dry,5 - 15 MPH,Stop And Go Signal,Clear,No,1,0,9
No,31.0,No,With Traffic,B: Suspected Minor Injury,Male,Asheville,Buncombe,No,Friday,Motorist Failed to Yield - Sign-Controlled Intersection,7.0,September,Motorist Drive Out - Sign-Controlled Intersection,2015,15.0,No,O: No Injury,Male,Sport Utility,No,35.58004459,-82.57414952,Dry,30 - 35  MPH,Stop Sign,Cloudy,No,0,0,9
Yes,64.0,No,With Traffic,B: Suspected Minor Injury,Male,None - Rural Crash,Cleveland,No,Wednesday,Motorist Overtaking Bicyclist,10.0,September,Motorist Overtaking - Other / Unknown,2015,63.0,No,O: No Injury,Male,Pickup,No,35.41885726,-81.53223287,Dry,50 - 55  MPH,Other,Clear,No,0,0,9
Yes,36.0,No,With Traffic,B: Suspected Minor Injury,Male,None - Rural Crash,Graham,No,Friday,Motorist Overtaking Bicyclist,19.0,September,Motorist Overtaking - Undetected Bicyclist,2015,23.0,No,O: No Injury,Male,Pickup,No,35.30822401,-83.79470978,Wet,40 - 45  MPH,No Control Present,Rain,No,0,0,9
Yes,10.0,No,With Traffic,B: Suspected Minor Injury,Male,None - Rural Crash,Iredell,No,Sunday,Motorist Overtaking Bicyclist,19.0,September,Motorist Overtaking - Other / Unknown,2015,53.0,No,O: No Injury,Male,Pickup,Yes,35.54910433,-80.90671863,Dry,30 - 35  MPH,"Double Yellow Line, No Passing Zone",Clear,No,0,0,9
Yes,11.0,No,Not Applicable,B: Suspected Minor Injury,Female,Elizabeth City,Pasquotank,No,Saturday,Bicyclist Failed to Yield - Midblock,14.0,September,Bicyclist Ride Out - Residential Driveway,2015,20.0,No,O: No Injury,Male,Passenger Car,No,36.31322283,-76.25992606,Dry,40 - 45  MPH,"Double Yellow Line, No Passing Zone",Clear,No,0,0,9
Yes,28.0,No,Facing Traffic,B: Suspected Minor Injury,Female,Wilmington,New Hanover,No,Wednesday,Head-On,11.0,September,Head-On - Bicyclist,2015,42.03850604944766,Missing,Unknown Injury,Unknown,Unknown,Yes,34.23946775,-77.90891575,Dry,30 - 35  MPH,No Control Present,Clear,No,1,0,9
Yes,51.0,Yes,Not Applicable,B: Suspected Minor Injury,Male,None - Rural Crash,Beaufort,Yes,Wednesday,Bicyclist Failed to Yield - Midblock,18.0,September,Bicyclist Ride Out - Commercial Driveway / Alley,2015,26.0,No,O: No Injury,Female,Passenger Car,No,35.58023649,-77.09026356,Dry,50 - 55  MPH,No Control Present,Cloudy,No,0,0,9
Yes,18.0,No,Not Applicable,B: Suspected Minor Injury,Female,Wilmington,New Hanover,No,Friday,Non-Roadway,14.0,September,Non-Roadway,2015,42.03850604944766,Missing,Unknown Injury,Unknown,Unknown,Yes,34.22217857,-77.87207948,Dry,5 - 15 MPH,Stop Sign,Clear,No,1,0,9
Yes,12.0,No,Not Applicable,B: Suspected Minor Injury,Male,Asheboro,Randolph,No,Thursday,Bicyclist Failed to Yield - Midblock,15.0,September,Bicyclist Ride Out - Midblock - Unknown,2015,56.0,No,O: No Injury,Male,Pickup,No,35.69071274,-79.81875602,Dry,20 - 25  MPH,No Control Present,Clear,No,0,0,9
Yes,64.0,No,With Traffic,B: Suspected Minor Injury,Male,Chapel Hill,Orange,No,Wednesday,Motorist Right Turn / Merge,17.0,September,Motorist Right Turn - Same Direction,2015,40.0,No,O: No Injury,Male,Passenger Car,No,35.91224448,-79.06116275,Dry,20 - 25  MPH,"Double Yellow Line, No Passing Zone",Cloudy,No,0,0,9
Yes,30.0,No,With Traffic,B: Suspected Minor Injury,Male,Apex,Wake,No,Sunday,Motorist Overtaking Bicyclist,17.0,September,Motorist Overtaking - Other / Unknown,2015,56.0,No,O: No Injury,Female,Passenger Car,No,35.72525141,-78.85547668,Dry,30 - 35  MPH,"Double Yellow Line, No Passing Zone",Clear,No,0,0,9
Yes,18.0,No,Facing Traffic,B: Suspected Minor Injury,Female,Indian Trail,Union,No,Monday,Motorist Failed to Yield - Sign-Controlled Intersection,15.0,October,Motorist Drive Out - Sign-Controlled Intersection,2015,49.0,No,O: No Injury,Male,Passenger Car,No,35.06486191,-80.63172955,Wet,40 - 45  MPH,Stop Sign,Cloudy,No,0,0,10
Yes,42.0,Yes,Facing Traffic,B: Suspected Minor Injury,Male,Raleigh,Wake,Yes,Tuesday,Bicyclist Failed to Yield - Signalized Intersection,19.0,October,Bicyclist Ride Through - Signalized Intersection,2015,43.0,No,O: No Injury,Male,Passenger Car,No,35.8951179,-78.56417581,Dry,40 - 45  MPH,Stop And Go Signal,Clear,No,0,0,10
Yes,39.0,No,With Traffic,B: Suspected Minor Injury,Male,None - Rural Crash,Cumberland,No,Saturday,Motorist Left Turn / Merge,19.0,September,Motorist Left Turn - Same Direction,2015,42.03850604944766,Unknown,Unknown Injury,Unknown,Passenger Car,Yes,34.97730234,-78.98624525,Wet,40 - 45  MPH,Stop And Go Signal,Cloudy,No,1,0,9
Yes,48.0,No,With Traffic,B: Suspected Minor Injury,Male,None - Rural Crash,Wilkes,No,Saturday,Motorist Overtaking Bicyclist,11.0,June,Motorist Overtaking - Other / Unknown,2015,82.0,No,O: No Injury,Male,Sport Utility,No,36.08731643,-81.13911583,Dry,40 - 45  MPH,"Double Yellow Line, No Passing Zone",Clear,No,0,0,6
Yes,24.0,No,With Traffic,B: Suspected Minor Injury,Male,Charlotte,Mecklenburg,No,Thursday,Motorist Failed to Yield - Sign-Controlled Intersection,20.0,October,Motorist Drive Out - Sign-Controlled Intersection,2015,21.0,No,O: No Injury,Male,Passenger Car,No,35.31379948,-80.72809098,Dry,20 - 25  MPH,Stop Sign,Clear,No,0,0,10
Yes,18.0,No,Facing Traffic,B: Suspected Minor Injury,Male,Charlotte,Mecklenburg,No,Friday,Crossing Paths - Other Circumstances,16.0,October,Signalized Intersection - Other / Unknown,2015,42.03850604944766,Missing,Unknown Injury,Unknown,Unknown,Yes,35.29048265,-80.75743487,Dry,40 - 45  MPH,Stop And Go Signal,Clear,Yes,1,0,10
Yes,32.0,No,Facing Traffic,B: Suspected Minor Injury,Male,Durham,Durham,No,Sunday,Motorist Failed to Yield - Midblock,16.0,October,Motorist Drive Out - Residential Driveway,2015,23.0,No,O: No Injury,Female,Passenger Car,No,35.96694068,-78.94915188,Dry,5 - 15 MPH,Stop Sign,Clear,No,0,0,10
Yes,10.0,No,Facing Traffic,B: Suspected Minor Injury,Male,Salisbury,Rowan,No,Saturday,Bicyclist Failed to Yield - Signalized Intersection,12.0,October,Bicyclist Failed to Clear - Unknown,2015,62.0,No,O: No Injury,Male,Passenger Car,No,35.67690674,-80.4576825,Wet,30 - 35  MPH,Stop And Go Signal,Cloudy,No,0,0,10
Yes,61.0,No,Unknown,B: Suspected Minor Injury,Male,Wilmington,New Hanover,No,Saturday,Crossing Paths - Other Circumstances,22.0,September,Sign-Controlled Intersection - Other / Unknown,2015,42.03850604944766,Missing,Unknown Injury,Unknown,Unknown,Yes,34.19378065,-77.93564939,Wet,40 - 45  MPH,Stop Sign,Rain,No,1,0,9
Yes,19.0,No,With Traffic,B: Suspected Minor Injury,Male,None - Rural Crash,Guilford,No,Saturday,Motorist Overtaking Bicyclist,11.0,October,Motorist Overtaking - Bicyclist Swerved,2015,28.0,No,O: No Injury,Female,Sport Utility,No,36.01906413,-79.92040113,Dry,40 - 45  MPH,"Double Yellow Line, No Passing Zone",Cloudy,No,0,0,10
Yes,21.0,No,With Traffic,B: Suspected Minor Injury,Female,None - Rural Crash,Harnett,No,Monday,Crossing Paths - Other Circumstances,11.0,September,Sign-Controlled Intersection - Other / Unknown,2015,33.0,No,O: No Injury,Female,Passenger Car,No,35.40714489,-78.7405147,Dry,30 - 35  MPH,Yield Sign,Cloudy,No,0,0,9
Yes,43.0,No,Not Applicable,B: Suspected Minor Injury,Male,None - Rural Crash,Craven,No,Friday,Bicyclist Failed to Yield - Midblock,21.0,October,Bicyclist Ride Out - Other Midblock,2015,28.0,No,O: No Injury,Male,Pickup,No,35.15246953,-77.03487497,Dry,50 - 55  MPH,No Control Present,Clear,No,0,0,10
Yes,62.0,No,With Traffic,B: Suspected Minor Injury,Female,None - Rural Crash,Currituck,No,Sunday,Motorist Overtaking Bicyclist,10.0,October,Motorist Overtaking - Other / Unknown,2015,64.0,No,O: No Injury,Male,Van,No,36.30939034,-75.80858646,Dry,40 - 45  MPH,"Double Yellow Line, No Passing Zone",Clear,No,0,0,10
Yes,10.0,No,Unknown,B: Suspected Minor Injury,Male,Durham,Durham,No,Tuesday,Bicyclist Failed to Yield - Sign-Controlled Intersection,17.0,October,Bicyclist Ride Through - Sign-Controlled Intersection,2015,21.0,No,O: No Injury,Female,Passenger Car,No,35.97167721,-78.91203167,Dry,20 - 25  MPH,Stop Sign,Clear,No,0,0,10
No,11.0,No,With Traffic,B: Suspected Minor Injury,Female,None - Rural Crash,Haywood,No,Friday,Motorist Overtaking Bicyclist,19.0,October,Motorist Overtaking - Other / Unknown,2015,42.03850604944766,Unknown,Unknown Injury,Unknown,Unknown,Yes,35.56363269,-82.80693574,Dry,50 - 55  MPH,No Control Present,Cloudy,No,1,0,10
Yes,52.0,No,With Traffic,B: Suspected Minor Injury,Male,Mount Holly,Gaston,No,Tuesday,Motorist Failed to Yield - Signalized Intersection,11.0,September,Motorist Drive Out - Signalized Intersection,2015,29.0,No,O: No Injury,Female,Passenger Car,No,35.29562819,-81.01634023,Dry,20 - 25  MPH,Stop And Go Signal,Clear,No,0,0,9
No,28.0,No,With Traffic,B: Suspected Minor Injury,Male,Charlotte,Mecklenburg,No,Thursday,Motorist Left Turn / Merge,22.0,October,Motorist Left Turn - Same Direction,2015,34.0,No,O: No Injury,Male,Pickup,No,35.23472137,-80.82148888,Dry,30 - 35  MPH,No Control Present,Clear,No,0,0,10
Yes,25.0,No,With Traffic,B: Suspected Minor Injury,Male,Durham,Durham,No,Wednesday,Parking / Bus-Related,22.0,October,Motorist Drive In / Out - Parking,2015,52.0,No,O: No Injury,Male,Van,No,36.0004264,-78.91005373,Dry,20 - 25  MPH,No Control Present,Clear,No,0,0,10
Yes,66.0,Yes,With Traffic,B: Suspected Minor Injury,Male,Raleigh,Wake,Yes,Wednesday,Motorist Overtaking Bicyclist,22.0,October,Motorist Overtaking - Undetected Bicyclist,2015,34.0,No,O: No Injury,Male,Passenger Car,No,35.86925146,-78.6126608,Dry,40 - 45  MPH,No Control Present,Clear,No,0,0,10
Yes,48.0,No,With Traffic,B: Suspected Minor Injury,Male,Thomasville,Davidson,No,Tuesday,Motorist Overtaking Bicyclist,17.0,September,Motorist Overtaking - Undetected Bicyclist,2015,58.0,No,O: No Injury,Female,Passenger Car,No,35.88065329,-80.08974695,Dry,30 - 35  MPH,No Control Present,Clear,No,0,0,9
Yes,27.0,No,With Traffic,B: Suspected Minor Injury,Male,Kannapolis,Cabarrus,Yes,Saturday,Head-On,20.0,October,Head-On - Motorist,2015,49.0,Yes,O: No Injury,Female,Sport Utility,No,35.48526329,-80.61910847,Wet,30 - 35  MPH,No Control Present,Cloudy,No,0,0,10
Yes,28.0,No,With Traffic,B: Suspected Minor Injury,Male,Boone,Watauga,No,Monday,Motorist Left Turn / Merge,12.0,October,Motorist Left Turn - Opposite Direction,2015,60.0,No,O: No Injury,Female,Van,No,36.20860963,-81.6731431,Dry,30 - 35  MPH,No Control Present,Clear,No,0,0,10
Yes,11.0,No,Not Applicable,B: Suspected Minor Injury,Male,Oak Island,Brunswick,No,Tuesday,Bicyclist Failed to Yield - Midblock,17.0,October,Bicyclist Ride Out - Residential Driveway,2015,62.0,No,O: No Injury,Male,Pickup,No,33.91043534,-78.10646467,Dry,30 - 35  MPH,No Control Present,Cloudy,No,0,0,10
Yes,20.0,No,With Traffic,B: Suspected Minor Injury,Male,Nags Head,Dare,No,Wednesday,Motorist Overtaking Bicyclist,16.0,September,Motorist Overtaking - Other / Unknown,2015,71.0,No,O: No Injury,Female,Sport Utility,No,35.90420037,-75.60330428,Dry,50 - 55  MPH,No Control Present,Clear,No,0,0,9
Yes,41.0,No,With Traffic,B: Suspected Minor Injury,Female,Greensboro,Guilford,No,Monday,Motorist Left Turn / Merge,9.0,September,Motorist Left Turn - Opposite Direction,2015,20.0,No,O: No Injury,Female,Passenger Car,No,36.0666066,-79.78787111,Dry,20 - 25  MPH,Stop Sign,Clear,No,0,0,9
Yes,43.0,No,With Traffic,B: Suspected Minor Injury,Male,Greensboro,Guilford,No,Monday,Motorist Overtaking Bicyclist,19.0,August,Motorist Overtaking - Other / Unknown,2015,42.03850604944766,Unknown,Unknown Injury,Unknown,Unknown,Yes,36.11652198,-79.83273622,Dry,40 - 45  MPH,No Control Present,Clear,No,1,0,8
Yes,51.0,No,With Traffic,B: Suspected Minor Injury,Male,None - Rural Crash,Alamance,No,Sunday,Bicyclist Left Turn / Merge,12.0,October,Bicyclist Left Turn - Same Direction,2015,68.0,No,O: No Injury,Female,Sport Utility,No,35.97546262,-79.28005316,Dry,50 - 55  MPH,Stop Sign,Clear,No,0,0,10
No,63.0,No,With Traffic,B: Suspected Minor Injury,Male,Lenoir,Caldwell,No,Thursday,Motorist Overtaking Bicyclist,11.0,October,Motorist Overtaking - Undetected Bicyclist,2015,74.0,No,O: No Injury,Female,Passenger Car,No,35.88179626,-81.48573526,Dry,30 - 35  MPH,No Control Present,Clear,No,0,0,10
Yes,55.0,No,Not Applicable,B: Suspected Minor Injury,Male,Wilmington,New Hanover,No,Wednesday,Bicyclist Failed to Yield - Midblock,8.0,September,Bicyclist Ride Out - Midblock - Unknown,2015,75.0,No,O: No Injury,Male,Passenger Car,No,34.24180916,-77.89505689,Dry,30 - 35  MPH,No Control Present,Clear,No,0,0,9
Yes,18.0,No,Not Applicable,B: Suspected Minor Injury,Male,Durham,Durham,No,Saturday,Bicyclist Failed to Yield - Midblock,0.0,October,Bicyclist Ride Out - Midblock - Unknown,2015,34.0,No,O: No Injury,Male,Passenger Car,No,35.99255833,-78.86830207,Dry,30 - 35  MPH,No Control Present,Clear,No,0,0,10
Yes,14.0,No,With Traffic,B: Suspected Minor Injury,Male,None - Rural Crash,Robeson,No,Saturday,Motorist Overtaking Bicyclist,16.0,October,Motorist Overtaking - Bicyclist Swerved,2015,27.0,No,O: No Injury,Female,Sport Utility,No,34.75022357,-79.31389996,Dry,50 - 55  MPH,No Control Present,Clear,No,0,0,10
Yes,21.0,No,Not Applicable,B: Suspected Minor Injury,Male,Kernersville,Forsyth,No,Wednesday,Non-Roadway,13.0,October,Non-Roadway,2015,37.0,No,O: No Injury,Female,Passenger Car,No,36.10831415,-80.10104582,Dry,Unknown,No Control Present,Clear,No,0,0,10
Yes,80.0,No,With Traffic,B: Suspected Minor Injury,Male,Carrboro,Orange,No,Tuesday,Motorist Right Turn / Merge,16.0,October,Motorist Right Turn - Same Direction,2015,70.0,No,O: No Injury,Male,Pickup,No,35.91784884,-79.08337142,Dry,30 - 35  MPH,"Double Yellow Line, No Passing Zone",Clear,No,0,0,10
Yes,22.0,No,Facing Traffic,B: Suspected Minor Injury,Male,None - Rural Crash,Catawba,No,Wednesday,Bicyclist Right Turn / Merge,13.0,October,Bicyclist Right Turn - Same Direction,2015,33.0,No,O: No Injury,Female,Passenger Car,No,35.69715384,-81.26319027,Dry,50 - 55  MPH,No Control Present,Clear,No,0,0,10
Yes,17.0,No,Not Applicable,B: Suspected Minor Injury,Male,None - Rural Crash,Vance,No,Saturday,Bicyclist Failed to Yield - Midblock,16.0,October,Bicyclist Ride Out - Residential Driveway,2015,25.0,No,O: No Injury,Male,Passenger Car,No,36.35836383,-78.34318323,Dry,50 - 55  MPH,"Double Yellow Line, No Passing Zone",Clear,No,0,0,10