AmbulanceR,BikeAge,BikeAlcFlg,BikeDir,BikeInjury,BikeSex,City,County,CrashAlcoh,CrashDay,CrashGrp,CrashHour,CrashMonth,CrashType,CrashYear,DrvrAge,DrvrAlcFlg,DrvrInjury,DrvrSex,DrvrVehTyp,HitRun,Latitude,Longitude,RdConditio,SpeedLimit,TraffCntrl,Weather,Workzone,DrvrAgeImputedFlag,BikeAgeImputedFlag,MonthCode
Yes,21.0,No,With Traffic,B: Suspected Minor Injury,Male,Greenville,Pitt,No,Wednesday,Bicyclist Right Turn / Merge,5.0,October,Bicyclist Right Turn - Same Direction,2015,35.0,No,O: No Injury,Female,Passenger Car,No,35.60273329,-77.33987546,Wet,40 - 45  MPH,Stop And Go Signal,Clear,No,0,0,10
Yes,54.0,Yes,Facing Traffic,B: Suspected Minor Injury,Male,Whiteville,Columbus,Yes,Friday,Crossing Paths - Other Circumstances,17.0,October,Crossing Paths - Intersection - Other / Unknown,2015,72.0,No,O: No Injury,Male,Pickup,No,34.30379,-78.718428,Dry,40 - 45  MPH,No Control Present,Clear,No,0,0,10
Yes,47.0,No,With Traffic,B: Suspected Minor Injury,Male,Cary,Wake,No,Wednesday,Crossing Paths - Other Circumstances,12.0,October,Sign-Controlled Intersection - Other / Unknown,2015,68.0,No,O: No Injury,Male,Passenger Car,No,35.79355388,-78.78309778,Dry,30 - 35  MPH,Stop Sign,Clear,No,0,0,10
Yes,48.0,No,With Traffic,B: Suspected Minor Injury,Male,None - Rural Crash,Johnston,No,Thursday,Backing Vehicle,19.0,October,Backing Vehicle,2015,44.0,No,O: No Injury,Male,Pickup,No,35.57475323,-78.61206296,Dry,20 - 25  MPH,No Control Present,Clear,No,0,0,10
No,21.0,No,With Traffic,B: Suspected Minor Injury,Male,Raleigh,Wake,No,Thursday,Motorist Left Turn / Merge,18.0,October,Motorist Left Turn - Opposite Direction,2015,19.0,No,O: No Injury,Female,Sport Utility,No,35.78582427,-78.67211837,Dry,20 - 25  MPH,No Control Present,Cloudy,No,0,0,10
Yes,13.0,No,Not Applicable,B: Suspected Minor Injury,Male,Greenville,Pitt,No,Thursday,Crossing Paths - Other Circumstances,22.0,October,Crossing Paths - Intersection - Other / Unknown,2015,42.03850604944766,Missing,Unknown Injury,Unknown,Pickup,Yes,35.59632864,-77.3419237,Dry,20 - 25  MPH,No Control Present,Clear,No,1,0,10
No,48.0,No,With Traffic,B: Suspected Minor Injury,Male,None - Rural Crash,Cumberland,No,Thursday,Motorist Overtaking Bicyclist,16.0,October,Motorist Overtaking - Other / Unknown,2015,49.0,No,O: No Injury,Male,Van,No,34.97545659,-78.99923709,Dry,50 - 55  MPH,"Double Yellow Line, No Passing Zone",Clear,No,0,0,10
No,59.0,No,Unknown,B: Suspected Minor Injury,Male,Durham,Durham,No,Wednesday,Other / Unknown - Insufficient Details,17.0,November,Unknown Approach Paths,2015,18.0,No,O: No Injury,Female,Sport Utility,No,36.029348,-78.89029,Dry,20 - 25  MPH,Stop And Go Signal,Clear,No,0,0,11
No,58.0,No,Not Applicable,B: Suspected Minor Injury,Male,Wilmington,New Hanover,No,Friday,Bicyclist Failed to Yield - Midblock,13.0,October,Bicyclist Ride Out - Midblock - Unknown,2015,60.0,No,O: No Injury,Female,Passenger Car,No,34.20817928,-77.86110931,Dry,40 - 45  MPH,No Control Present,Clear,No,0,0,10
Yes,62.0,No,With Traffic,B: Suspected Minor Injury,Male,None - Rural Crash,Harnett,No,Friday,Motorist Overtaking Bicyclist,18.0,November,Motorist Overtaking - Other / Unknown,2015,32.0,No,O: No Injury,Male,Passenger Car,No,35.24839386,-78.90043586,Dry,50 - 55  MPH,"Double Yellow Line, No Passing Zone",Clear,No,0,0,11
Yes,61.0,No,Facing Traffic,B: Suspected Minor Injury,Male,None - Rural Crash,Iredell,No,Thursday,Head-On,8.0,October,Head-On - Bicyclist,2015,26.0,No,O: No Injury,Male,Passenger Car,No,35.7139645,-80.84051799,Dry,40 - 45  MPH,"Double Yellow Line, No Passing Zone",Clear,No,0,0,10
Yes,14.0,No,With Traffic,B: Suspected Minor Injury,Female,New Bern,Craven,No,Friday,Bicyclist Failed to Yield - Sign-Controlled Intersection,20.0,November,Bicyclist Ride Through - Sign-Controlled Intersection,2015,82.0,No,O: No Injury,Male,Sport Utility,No,35.10769309,-77.0728718,Dry,20 - 25  MPH,Stop Sign,Clear,No,0,0,11
No,16.0,No,Facing Traffic,B: Suspected Minor Injury,Male,None - Rural Crash,Hoke,No,Friday,Motorist Overtaking Bicyclist,7.0,October,Motorist Overtaking - Other / Unknown,2015,69.0,No,O: No Injury,Male,Passenger Car,No,34.96588938,-79.09479229,Dry,50 - 55  MPH,No Control Present,Clear,No,0,0,10
Yes,38.0,No,With Traffic,B: Suspected Minor Injury,Male,Mills River,Henderson,No,Thursday,Loss of Control / Turning Error,15.0,November,Motorist Turning Error - Left Turn,2015,33.0,No,O: No Injury,Female,Sport Utility,No,35.39684006,-82.62444742,Wet,50 - 55  MPH,"Double Yellow Line, No Passing Zone",Rain,No,0,0,11
Yes,54.0,No,Facing Traffic,B: Suspected Minor Injury,Male,Greensboro,Guilford,No,Thursday,Motorist Failed to Yield - Signalized Intersection,14.0,November,Motorist Drive Out - Signalized Intersection,2015,66.0,No,O: No Injury,Male,Sport Utility,No,36.06353864,-79.80446246,Wet,30 - 35  MPH,Stop And Go Signal,Clear,No,0,0,11
Yes,25.0,No,With Traffic,B: Suspected Minor Injury,Male,Burlington,Alamance,No,Friday,Bicyclist Failed to Yield - Sign-Controlled Intersection,16.0,November,Bicyclist Ride Through - Sign-Controlled Intersection,2015,22.0,No,O: No Injury,Male,Passenger Car,No,36.10460773,-79.43213187,Dry,30 - 35  MPH,Stop Sign,Clear,No,0,0,11
Yes,10.0,No,Not Applicable,B: Suspected Minor Injury,Male,Indian Trail,Union,No,Tuesday,Bicyclist Failed to Yield - Midblock,20.0,November,Bicyclist Ride Out - Midblock - Unknown,2015,34.0,No,O: No Injury,Female,Passenger Car,No,35.04489392,-80.65721316,Dry,20 - 25  MPH,No Control Present,Clear,No,0,0,11
Yes,13.0,No,Facing Traffic,B: Suspected Minor Injury,Male,Charlotte,Mecklenburg,No,Friday,Motorist Right Turn / Merge,17.0,November,Motorist Right Turn - Opposite Direction,2015,63.0,No,O: No Injury,Female,Van,No,35.22281494,-80.70575589,Dry,30 - 35  MPH,Stop Sign,Clear,No,0,0,11
Yes,58.0,No,With Traffic,B: Suspected Minor Injury,Male,Wilmington,New Hanover,No,Thursday,Motorist Overtaking Bicyclist,16.0,November,Motorist Overtaking - Other / Unknown,2015,26.0,No,C: Possible Injury,Male,Van,No,34.1605354,-77.91360042,Dry,40 - 45  MPH,No Control Present,Clear,No,0,0,11
Yes,54.0,No,Not Applicable,B: Suspected Minor Injury,Male,Raleigh,Wake,No,Friday,Motorist Left Turn / Merge,15.0,November,Motorist Left Turn - Same Direction,2015,20.0,No,O: No Injury,Female,Passenger Car,No,35.79083246,-78.66295782,Dry,30 - 35  MPH,Stop And Go Signal,Clear,No,0,0,11
Yes,30.0,Yes,With Traffic,B: Suspected Minor Injury,Male,None - Rural Crash,Lee,Yes,Thursday,Motorist Overtaking Bicyclist,23.0,November,Motorist Overtaking - Undetected Bicyclist,2015,59.0,No,O: No Injury,Female,Passenger Car,No,35.46500406,-79.09580261,Dry,40 - 45  MPH,"Double Yellow Line, No Passing Zone",Clear,No,0,0,11
No,47.0,No,With Traffic,B: Suspected Minor Injury,Male,None - Rural Crash,Mecklenburg,No,Friday,Motorist Overtaking Bicyclist,15.0,November,Motorist Overtaking - Other / Unknown,2015,42.03850604944766,Missing,Unknown Injury,Unknown,Unknown,Yes,35.15781977,-80.61967188,Dry,40 - 45  MPH,No Control Present,Clear,No,1,0,11
Yes,51.0,Yes,With Traffic,B: Suspected Minor Injury,Male,None - Rural Crash,Columbus,Yes,Sunday,Motorist Overtaking Bicyclist,18.0,November,Motorist Overtaking - Bicyclist Swerved,2015,17.0,No,O: No Injury,Male,Pickup,No,34.27369565,-78.77609168,Dry,50 - 55  MPH,No Control Present,Clear,No,0,0,11
Yes,49.0,No,With Traffic,B: Suspected Minor Injury,Male,None - Rural Crash,Johnston,No,Friday,Motorist Overtaking Bicyclist,17.0,November,Motorist Overtaking - Undetected Bicyclist,2015,53.0,No,O: No Injury,Female,Passenger Car,No,35.61490303,-78.43940811,Dry,50 - 55  MPH,"Double Yellow Line, No Passing Zone",Clear,No,0,0,11
Yes,62.0,No,Facing Traffic,B: Suspected Minor Injury,Male,Tarboro,Edgecombe,No,Tuesday,Motorist Failed to Yield - Midblock,13.0,November,Motorist Drive Out - Commercial Driveway / Alley,2015,62.0,No,O: No Injury,Male,Passenger Car,No,35.89705653,-77.5421519,Dry,5 - 15 MPH,No Control Present,Clear,No,0,0,11
Yes,76.0,No,Not Applicable,B: Suspected Minor Injury,Male,Waxhaw,Union,No,Friday,Non-Roadway,15.0,November,Non-Roadway,2015,20.0,No,O: No Injury,Female,Passenger Car,No,34.95428748,-80.75869612,Wet,5 - 15 MPH,No Control Present,Cloudy,No,0,0,11
No,23.0,No,With Traffic,B: Suspected Minor Injury,Male,Raleigh,Wake,No,Friday,Motorist Overtaking Bicyclist,9.0,December,Motorist Overtaking - Other / Unknown,2015,45.0,No,O: No Injury,Male,Sport Utility,No,35.77883966,-78.66271796,Dry,20 - 25  MPH,No Control Present,Clear,No,0,0,12
No,19.0,No,With Traffic,B: Suspected Minor Injury,Male,Hendersonville,Henderson,No,Friday,Motorist Left Turn / Merge,7.0,December,Motorist Left Turn - Opposite Direction,2015,42.0,No,O: No Injury,Female,Passenger Car,No,35.32222781,-82.46574667,Dry,20 - 25  MPH,No Control Present,Clear,No,0,0,12
Yes,57.0,No,With Traffic,B: Suspected Minor Injury,Female,None - Rural Crash,Hyde,No,Monday,Motorist Overtaking Bicyclist,8.0,October,Motorist Overtaking - Other / Unknown,2015,44.0,No,O: No Injury,Male,Pickup,No,35.44273868,-76.22161069,Dry,40 - 45  MPH,No Control Present,Clear,No,0,0,10
Yes,59.0,No,With Traffic,B: Suspected Minor Injury,Male,Greensboro,Guilford,No,Monday,Crossing Paths - Other Circumstances,19.0,December,Sign-Controlled Intersection - Other / Unknown,2015,63.0,No,O: No Injury,Female,Sport Utility,No,36.05645296,-79.78465894,Dry,20 - 25  MPH,Stop Sign,Clear,No,0,0,12
Yes,14.0,No,Not Applicable,B: Suspected Minor Injury,Male,Mooresville,Iredell,No,Wednesday,Bicyclist Failed to Yield - Midblock,15.0,November,Bicyclist Ride Out - Residential Driveway,2015,48.0,No,O: No Injury,Female,Passenger Car,No,35.57995024,-80.81350714,Dry,30 - 35  MPH,No Control Present,Cloudy,No,0,0,11
Yes,22.0,No,With Traffic,B: Suspected Minor Injury,Male,Wilmington,New Hanover,No,Saturday,Bicyclist Overtaking Motorist,16.0,November,Bicyclist Overtaking - Parked Vehicle,2015,42.03850604944766,Missing,Unknown Injury,Unknown,Passenger Car,No,34.24346011,-77.90929279,Dry,30 - 35  MPH,No Control Present,Clear,No,1,0,11
Yes,28.0,No,With Traffic,B: Suspected Minor Injury,Male,Wilmington,New Hanover,No,Sunday,Motorist Overtaking Bicyclist,17.0,November,Motorist Overtaking - Other / Unknown,2015,42.03850604944766,Missing,Unknown Injury,Unknown,Unknown,Yes,34.24967492,-77.82708828,Wet,40 - 45  MPH,Stop And Go Signal,Rain,No,1,0,11
Yes,31.0,No,With Traffic,B: Suspected Minor Injury,Male,Burgaw,Pender,No,Saturday,Parallel Paths - Other Circumstances,21.0,November,Parallel Paths - Other / Unknown,2015,42.03850604944766,Missing,Unknown Injury,Unknown,Unknown,Yes,34.56154997,-77.92136968,Dry,Unknown,No Control Present,Clear,No,1,0,11
Yes,12.0,No,With Traffic,B: Suspected Minor Injury,Male,Greensboro,Guilford,No,Sunday,Bicyclist Failed to Yield - Signalized Intersection,10.0,December,Bicyclist Ride Through - Signalized Intersection,2015,46.0,No,O: No Injury,Male,Passenger Car,No,36.00337501,-79.80630185,Dry,30 - 35  MPH,Stop And Go Signal,Cloudy,No,0,0,12
Yes,37.0,No,With Traffic,B: Suspected Minor Injury,Female,Cary,Wake,No,Sunday,Motorist Overtaking Bicyclist,8.0,November,Motorist Overtaking - Other / Unknown,2015,32.0,No,O: No Injury,Female,Sport Utility,No,35.82350223,-78.90976103,Dry,30 - 35  MPH,No Control Present,Clear,No,0,0,11
Yes,42.0,No,With Traffic,B: Suspected Minor Injury,Male,Greensboro,Guilford,No,Sunday,Motorist Overtaking Bicyclist,17.0,December,Motorist Overtaking - Undetected Bicyclist,2015,39.0,No,O: No Injury,Female,Sport Utility,No,36.06439037,-79.88192348,Dry,30 - 35  MPH,No Control Present,Clear,No,0,0,12
No,44.0,No,With Traffic,B: Suspected Minor Injury,Male,Asheville,Buncombe,No,Friday,Motorist Left Turn / Merge,20.0,November,Motorist Left Turn - Opposite Direction,2015,47.0,No,O: No Injury,Female,Passenger Car,No,35.58324026,-82.60623789,Dry,30 - 35  MPH,Stop And Go Signal,Clear,No,0,0,11
Yes,29.0,Yes,Unknown,B: Suspected Minor Injury,Male,Charlotte,Mecklenburg,Yes,Saturday,Bicyclist Failed to Yield - Sign-Controlled Intersection,2.0,December,Bicyclist Ride Through - Sign-Controlled Intersection,2015,39.0,No,O: No Injury,Male,Passenger Car,No,35.2456443,-80.80219535,Dry,30 - 35  MPH,No Control Present,Clear,No,0,0,12
Yes,36.0,No,Facing Traffic,B: Suspected Minor Injury,Female,Brevard,Transylvania,No,Wednesday,Motorist Failed to Yield - Midblock,14.0,December,Motorist Drive Out - Commercial Driveway / Alley,2015,69.0,No,O: No Injury,Male,Passenger Car,No,35.27131008,-82.7057642,Dry,5 - 15 MPH,Stop Sign,Clear,No,0,0,12
Yes,17.0,No,Not Applicable,B: Suspected Minor Injury,Male,Charlotte,Mecklenburg,No,Wednesday,Bicyclist Failed to Yield - Midblock,17.0,December,Bicyclist Ride Out - Commercial Driveway / Alley,2015,33.0,No,O: No Injury,Female,Sport Utility,No,35.20340976,-80.73448747,Dry,30 - 35  MPH,Stop And Go Signal,Clear,No,0,0,12
Yes,56.0,No,With Traffic,B: Suspected Minor Injury,Male,None - Rural Crash,Robeson,No,Sunday,Motorist Overtaking Bicyclist,18.0,December,Motorist Overtaking - Undetected Bicyclist,2015,18.0,No,O: No Injury,Female,Passenger Car,No,34.8132201,-79.13421657,Dry,50 - 55  MPH,"Double Yellow Line, No Passing Zone",Clear,No,0,0,12
Yes,52.0,No,With Traffic,B: Suspected Minor Injury,Male,Charlotte,Mecklenburg,No,Tuesday,Motorist Overtaking Bicyclist,16.0,December,Motorist Overtaking - Undetected Bicyclist,2015,33.0,No,O: No Injury,Male,Passenger Car,No,35.23186819,-80.60500865,Dry,50 - 55  MPH,No Control Present,Clear,No,0,0,12
Yes,77.0,No,With Traffic,B: Suspected Minor Injury,Male,Black Creek,Wilson,No,Wednesday,Crossing Paths - Other Circumstances,8.0,December,Sign-Controlled Intersection - Other / Unknown,2015,54.0,No,O: No Injury,Male,Pickup,No,35.6390376,-77.92879521,Dry,30 - 35  MPH,"Double Yellow Line, No Passing Zone",Clear,No,0,0,12
Yes,28.0,No,Facing Traffic,B: Suspected Minor Injury,Male,Kannapolis,Cabarrus,No,Saturday,Bicyclist Failed to Yield - Signalized Intersection,17.0,November,Bicyclist Ride Through - Signalized Intersection,2015,52.0,No,O: No Injury,Male,Passenger Car,No,35.47572888,-80.61120865,Dry,40 - 45  MPH,Stop And Go Signal,Clear,No,0,0,11
Yes,47.0,No,Not Applicable,B: Suspected Minor Injury,Male,Kill Devil Hills,Dare,No,Wednesday,Bicyclist Failed to Yield - Midblock,11.0,November,Bicyclist Ride Out - Commercial Driveway / Alley,2015,60.0,No,O: No Injury,Male,Pickup,No,35.99931108,-75.65240982,Dry,40 - 45  MPH,No Control Present,Clear,No,0,0,11
Yes,25.0,No,With Traffic,B: Suspected Minor Injury,Male,Winston-Salem,Forsyth,No,Sunday,Motorist Left Turn / Merge,11.0,December,Motorist Left Turn - Same Direction,2015,38.0,No,O: No Injury,Male,Sport Utility,No,36.097791,-80.25056722,Dry,30 - 35  MPH,No Control Present,Clear,No,0,0,12
Yes,32.52649525389365,No,With Traffic,B: Suspected Minor Injury,Male,Thomasville,Davidson,No,Wednesday,Motorist Overtaking Bicyclist,19.0,December,Motorist Overtaking - Undetected Bicyclist,2015,73.0,No,O: No Injury,Male,Passenger Car,No,35.86808247,-80.08284862,Wet,30 - 35  MPH,No Control Present,Cloudy,No,0,1,12
Yes,50.0,No,With Traffic,B: Suspected Minor Injury,Male,Raleigh,Wake,No,Tuesday,Crossing Paths - Other Circumstances,19.0,December,Sign-Controlled Intersection - Other / Unknown,2015,42.03850604944766,Missing,Unknown Injury,Unknown,"Light Truck (Mini-Van, Panel)",Yes,35.844556,-78.5816223,Wet,30 - 35  MPH,Stop Sign,Cloudy,No,1,0,12
Yes,55.0,No,With Traffic,B: Suspected Minor Injury,Male,None - Rural Crash,Lincoln,No,Monday,Bicyclist Left Turn / Merge,12.0,December,Bicyclist Left Turn - Same Direction,2015,28.0,No,O: No Injury,Male,Passenger Car,No,35.49814832,-81.10513459,Wet,40 - 45  MPH,"Double Yellow Line, No Passing Zone",Cloudy,No,0,0,12
Yes,19.0,No,Facing Traffic,B: Suspected Minor Injury,Male,Greensboro,Guilford,No,Monday,Loss of Control / Turning Error,15.0,January,Bicyclist Turning Error - Left Turn,2016,37.0,No,O: No Injury,Female,Passenger Car,No,36.03609897,-79.8411634,Dry,30 - 35  MPH,Stop Sign,Cloudy,No,0,0,1
Yes,52.0,No,Not Applicable,B: Suspected Minor Injury,Male,Burlington,Alamance,No,Saturday,Bicyclist Failed to Yield - Midblock,8.0,August,Bicyclist Ride Out - Residential Driveway,2015,74.0,No,O: No Injury,Male,Pickup,No,36.06825881,-79.41787798,Dry,40 - 45  MPH,No Control Present,Clear,No,0,0,8
No,42.0,Yes,With Traffic,B: Suspected Minor Injury,Male,Burlington,Alamance,Yes,Monday,Motorist Overtaking Bicyclist,19.0,October,Motorist Overtaking - Undetected Bicyclist,2015,54.0,No,O: No Injury,Male,Passenger Car,No,36.09259359,-79.39299551,Dry,40 - 45  MPH,No Control Present,Cloudy,No,0,0,10
No,35.0,No,Facing Traffic,B: Suspected Minor Injury,Male,Charlotte,Mecklenburg,No,Saturday,Bicyclist Failed to Yield - Signalized Intersection,9.0,January,Bicyclist Ride Through - Signalized Intersection,2016,38.0,No,O: No Injury,Male,Pickup,No,35.18405514,-80.76139911,Wet,40 - 45  MPH,Stop And Go Signal,Cloudy,No,0,0,1
Yes,16.0,No,Facing Traffic,B: Suspected Minor Injury,Male,Charlotte,Mecklenburg,No,Saturday,Motorist Left Turn / Merge,18.0,January,Motorist Left Turn - Same Direction,2016,33.0,No,O: No Injury,Female,Passenger Car,No,35.2027388,-80.72587075,Wet,40 - 45  MPH,Stop And Go Signal,Rain,No,0,0,1
Yes,76.0,No,With Traffic,B: Suspected Minor Injury,Male,Greenville,Pitt,No,Tuesday,Bicyclist Overtaking Motorist,9.0,July,Bicyclist Overtaking - Parked Vehicle,2015,42.03850604944766,Missing,Unknown Injury,Unknown,Passenger Car,No,35.56294568,-77.37067172,Dry,30 - 35  MPH,No Control Present,Clear,No,1,0,7
Yes,6.0,No,With Traffic,B: Suspected Minor Injury,Male,Greenville,Pitt,No,Thursday,Bicyclist Failed to Yield - Sign-Controlled Intersection,15.0,January,Bicyclist Ride Through - Sign-Controlled Intersection,2016,44.0,No,O: No Injury,Female,Sport Utility,No,35.6055476,-77.38789185,Dry,20 - 25  MPH,Stop Sign,Clear,No,0,0,1
Yes,28.0,No,Facing Traffic,B: Suspected Minor Injury,Male,None - Rural Crash,Onslow,No,Monday,Head-On,19.0,January,Head-On - Bicyclist,2016,65.0,No,O: No Injury,Female,Van,No,34.74163259,-77.32746537,Dry,40 - 45  MPH,"Double Yellow Line, No Passing Zone",Clear,No,0,0,1
Yes,13.0,No,Facing Traffic,B: Suspected Minor Injury,Male,Lenoir,Caldwell,No,Sunday,Bicyclist Failed to Yield - Sign-Controlled Intersection,13.0,January,Bicyclist Ride Through - Sign-Controlled Intersection,2016,45.0,No,O: No Injury,Female,Passenger Car,No,35.90465137,-81.54137574,Dry,20 - 25  MPH,Stop Sign,Clear,No,0,0,1
Yes,20.0,No,With Traffic,B: Suspected Minor Injury,Male,Cary,Wake,No,Monday,Bicyclist Failed to Yield - Signalized Intersection,10.0,November,Bicyclist Failed to Clear - Trapped,2015,37.0,No,O: No Injury,Female,Passenger Car,No,35.86089986,-78.89793356,Wet,40 - 45  MPH,Stop And Go Signal,Rain,No,0,0,11
Yes,33.0,No,Unknown,B: Suspected Minor Injury,Male,Wilmington,New Hanover,No,Tuesday,Crossing Paths - Other Circumstances,17.0,December,Sign-Controlled Intersection - Other / Unknown,2015,63.0,No,O: No Injury,Male,Pickup,No,34.22586478,-77.93954625,Wet,30 - 35  MPH,No Control Present,Rain,No,0,0,12
Yes,8.0,No,With Traffic,B: Suspected Minor Injury,Male,Wilson,Wilson,No,Friday,Loss of Control / Turning Error,15.0,December,Bicyclist Lost Control - Other / Unknown,2015,44.0,No,O: No Injury,Male,Truck/Trailer,No,35.71525551,-77.91377481,Wet,30 - 35  MPH,No Control Present,Cloudy,No,0,0,12
Yes,68.0,No,With Traffic,B: Suspected Minor Injury,Male,None - Rural Crash,Brunswick,No,Tuesday,Motorist Right Turn / Merge,11.0,January,Motorist Right Turn - Same Direction,2016,42.03850604944766,No,Unknown Injury,Unknown,Pickup,Yes,33.9453244,-78.50213325,Dry,50 - 55  MPH,"Double Yellow Line, No Passing Zone",Clear,No,1,0,1
Yes,56.0,No,With Traffic,B: Suspected Minor Injury,Male,None - Rural Crash,Hyde,No,Wednesday,Motorist Overtaking Bicyclist,19.0,January,Motorist Overtaking - Undetected Bicyclist,2016,57.0,No,O: No Injury,Male,Passenger Car,No,35.50857558,-76.00290852,Dry,30 - 35  MPH,"Double Yellow Line, No Passing Zone",Clear,No,0,0,1
Yes,55.0,Unknown,With Traffic,B: Suspected Minor Injury,Male,None - Rural Crash,Carteret,Yes,Wednesday,Motorist Overtaking Bicyclist,23.0,December,Motorist Overtaking - Other / Unknown,2015,26.0,Yes,O: No Injury,Male,Pickup,No,34.74511366,-76.82972001,Dry,40 - 45  MPH,No Control Present,Clear,No,0,0,12
Yes,15.0,No,With Traffic,B: Suspected Minor Injury,Male,Harrisburg,Cabarrus,No,Friday,Motorist Overtaking Bicyclist,16.0,December,Motorist Overtaking - Other / Unknown,2015,42.03850604944766,Missing,Unknown Injury,Unknown,Unknown,Yes,35.32482078,-80.64753441,Dry,30 - 35  MPH,No Control Present,Clear,No,1,0,12
Yes,6.0,No,With Traffic,B: Suspected Minor Injury,Male,Burlington,Alamance,No,Saturday,Crossing Paths - Other Circumstances,11.0,August,Sign-Controlled Intersection - Other / Unknown,2015,34.0,No,O: No Injury,Female,Van,No,36.08574113,-79.43975911,Dry,30 - 35  MPH,Stop Sign,Clear,No,0,0,8
No,56.0,No,Facing Traffic,B: Suspected Minor Injury,Male,Winston-Salem,Forsyth,No,Thursday,Motorist Left Turn / Merge,15.0,January,Motorist Left Turn - Same Direction,2016,41.0,No,O: No Injury,Male,Van,No,36.09015305,-80.23205417,Dry,30 - 35  MPH,No Control Present,Clear,No,0,0,1
No,18.0,No,Facing Traffic,B: Suspected Minor Injury,Male,Denton,Davidson,No,Wednesday,Crossing Paths - Other Circumstances,12.0,January,Crossing Paths - Uncontrolled Intersection,2016,35.0,No,O: No Injury,Male,Passenger Car,No,35.64318595,-80.10389357,Dry,50 - 55  MPH,"Double Yellow Line, No Passing Zone",Clear,No,0,0,1
No,50.0,No,With Traffic,B: Suspected Minor Injury,Male,Charlotte,Mecklenburg,No,Monday,Motorist Failed to Yield - Sign-Controlled Intersection,15.0,February,Motorist Drive Out - Sign-Controlled Intersection,2016,65.0,No,O: No Injury,Male,Sport Utility,No,35.1074124,-80.95930975,Dry,30 - 35  MPH,Stop Sign,Clear,No,0,0,2
Yes,54.0,Yes,With Traffic,B: Suspected Minor Injury,Male,Durham,Durham,Yes,Friday,Bicyclist Failed to Yield - Signalized Intersection,17.0,February,Bicyclist Ride Through - Signalized Intersection,2016,55.0,No,O: No Injury,Female,Sport Utility,No,35.99269011,-78.8861028,Dry,30 - 35  MPH,Stop And Go Signal,Clear,No,0,0,2
Yes,28.0,No,With Traffic,B: Suspected Minor Injury,Male,Mooresville,Iredell,No,Tuesday,Bicyclist Failed to Yield - Signalized Intersection,8.0,January,Bicyclist Ride Through - Signalized Intersection,2016,28.0,No,Unknown Injury,Unknown,Unknown,Yes,35.57894876,-80.84037225,Dry,40 - 45  MPH,Stop And Go Signal,Clear,No,0,0,1
Yes,49.0,No,With Traffic,B: Suspected Minor Injury,Male,None - Rural Crash,Guilford,No,Thursday,Motorist Overtaking Bicyclist,18.0,February,Motorist Overtaking - Undetected Bicyclist,2016,37.0,No,O: No Injury,Female,"Light Truck (Mini-Van, Panel)",No,35.92032694,-79.92530746,Dry,40 - 45  MPH,No Control Present,Clear,No,0,0,2
Yes,19.0,No,With Traffic,B: Suspected Minor Injury,Male,Mooresville,Iredell,No,Saturday,Motorist Overtaking Bicyclist,23.0,January,Motorist Overtaking - Undetected Bicyclist,2016,42.03850604944766,Missing,Unknown Injury,Unknown,Unknown,Yes,35.58840578,-80.83155782,Dry,40 - 45  MPH,No Control Present,Clear,No,1,0,1
Yes,23.0,No,Facing Traffic,B: Suspected Minor Injury,Male,Charlotte,Mecklenburg,No,Thursday,Bicyclist Failed to Yield - Signalized Intersection,15.0,January,Bicyclist Ride Through - Signalized Intersection,2016,18.0,No,C: Possible Injury,Female,Passenger Car,No,35.31099167,-80.72937041,Dry,20 - 25  MPH,Stop And Go Signal,Clear,No,0,0,1
Yes,8.0,No,With Traffic,B: Suspected Minor Injury,Male,Greenville,Pitt,No,Tuesday,Motorist Left Turn / Merge,17.0,February,Motorist Left Turn - Opposite Direction,2016,41.0,No,O: No Injury,Female,Passenger Car,No,35.55689609,-77.41283585,Dry,30 - 35  MPH,No Control Present,Clear,No,0,0,2
No,58.0,No,With Traffic,B: Suspected Minor Injury,Male,Charlotte,Mecklenburg,No,Thursday,Motorist Failed to Yield - Sign-Controlled Intersection,8.0,February,Motorist Drive Out - Sign-Controlled Intersection,2016,40.0,No,O: No Injury,Female,Passenger Car,No,35.19951041,-80.74310126,Dry,20 - 25  MPH,Stop Sign,Clear,No,0,0,2
Yes,50.0,No,Not Applicable,B: Suspected Minor Injury,Male,Fayetteville,Cumberland,No,Friday,Bicyclist Failed to Yield - Midblock,19.0,January,Bicyclist Ride Out - Other Midblock,2016,34.0,No,O: No Injury,Male,Pickup,No,35.02301537,-78.98464565,Wet,20 - 25  MPH,No Control Present,Rain,No,0,0,1
No,43.0,No,Facing Traffic,B: Suspected Minor Injury,Male,Winston-Salem,Forsyth,No,Monday,Bicyclist Right Turn / Merge,18.0,February,Bicyclist Right Turn - Same Direction,2016,60.0,No,O: No Injury,Male,Passenger Car,No,36.00203491,-80.22971474,Wet,40 - 45  MPH,No Control Present,Rain,No,0,0,2
Yes,21.0,No,Not Applicable,B: Suspected Minor Injury,Male,Wilmington,New Hanover,No,Tuesday,Bicyclist Failed to Yield - Midblock,15.0,February,Bicyclist Ride Out - Other Midblock,2016,22.0,No,O: No Injury,Female,Passenger Car,No,34.2293339,-77.87628402,Dry,Unknown,No Control Present,Clear,No,0,0,2