AmbulanceR,BikeAge,BikeAlcFlg,BikeDir,BikeInjury,BikeSex,City,County,CrashAlcoh,CrashDay,CrashGrp,CrashHour,CrashMonth,CrashType,CrashYear,DrvrAge,DrvrAlcFlg,DrvrInjury,DrvrSex,DrvrVehTyp,HitRun,Latitude,Longitude,RdConditio,SpeedLimit,TraffCntrl,Weather,Workzone,DrvrAgeImputedFlag,BikeAgeImputedFlag,MonthCode
Yes,16.0,No,With Traffic,B: Suspected Minor Injury,Male,Greensboro,Guilford,No,Saturday,Other / Unusual Circumstances,0.0,February,Motorist Intentionally Caused,2016,42.03850604944766,Missing,Unknown Injury,Unknown,Passenger Car,Yes,36.0835376,-79.75033216,Dry,30 - 35  MPH,No Control Present,Clear,No,1,0,2
No,21.0,No,Facing Traffic,B: Suspected Minor Injury,Male,Wilmington,New Hanover,No,Tuesday,Motorist Failed to Yield - Midblock,14.0,February,Motorist Drive Out - Commercial Driveway / Alley,2016,53.0,No,O: No Injury,Male,Pickup,No,34.23098464,-77.87805051,Dry,30 - 35  MPH,No Control Present,Clear,No,0,0,2
Yes,15.0,No,With Traffic,B: Suspected Minor Injury,Male,Mooresville,Iredell,No,Thursday,Motorist Left Turn / Merge,6.0,February,Motorist Left Turn - Opposite Direction,2016,40.0,No,O: No Injury,Male,Unknown Heavy Truck,No,35.58081527,-80.81081203,Dry,30 - 35  MPH,"Double Yellow Line, No Passing Zone",Clear,No,0,0,2
No,12.0,No,Not Applicable,B: Suspected Minor Injury,Male,Shelby,Cleveland,No,Friday,Bicyclist Failed to Yield - Midblock,16.0,February,Bicyclist Ride Out - Other Midblock,2016,72.0,No,O: No Injury,Female,Passenger Car,No,35.27795568,-81.53970252,Dry,50 - 55  MPH,No Control Present,Clear,No,0,0,2
Yes,61.0,Yes,With Traffic,B: Suspected Minor Injury,Male,Statesville,Iredell,Yes,Friday,Bicyclist Left Turn / Merge,18.0,February,Bicyclist Left Turn - Same Direction,2016,47.0,No,O: No Injury,Female,Sport Utility,No,35.78210318,-80.90872578,Dry,30 - 35  MPH,No Control Present,Clear,No,0,0,2
No,22.0,No,With Traffic,B: Suspected Minor Injury,Male,Raleigh,Wake,No,Friday,Motorist Left Turn / Merge,17.0,February,Motorist Left Turn - Opposite Direction,2016,34.0,No,O: No Injury,Male,Pickup,No,35.77801384,-78.66376178,Dry,30 - 35  MPH,No Control Present,Clear,No,0,0,2
Yes,28.0,No,With Traffic,B: Suspected Minor Injury,Male,Weddington,Union,No,Thursday,Motorist Overtaking Bicyclist,14.0,September,Motorist Overtaking - Other / Unknown,2015,42.03850604944766,Missing,Unknown Injury,Unknown,Unknown,Yes,35.00098342,-80.70282745,Dry,40 - 45  MPH,"Double Yellow Line, No Passing Zone",Clear,No,1,0,9
Yes,64.0,Yes,Not Applicable,B: Suspected Minor Injury,Male,Charlotte,Mecklenburg,Yes,Tuesday,Non-Roadway,14.0,March,Non-Roadway,2016,49.0,No,O: No Injury,Male,Passenger Car,No,35.22598358,-80.89123836,Dry,20 - 25  MPH,Stop Sign,Clear,No,0,0,3
Yes,31.0,No,With Traffic,A: Suspected Serious Injury,Male,None - Rural Crash,Johnston,No,Saturday,Motorist Overtaking Bicyclist,14.0,February,Motorist Overtaking - Other / Unknown,2016,50.0,No,O: No Injury,Female,Passenger Car,No,35.48386335,-78.61395616,Dry,50 - 55  MPH,"Double Yellow Line, No Passing Zone",Cloudy,No,0,0,2
Yes,10.0,No,Not Applicable,B: Suspected Minor Injury,Male,None - Rural Crash,Transylvania,No,Wednesday,Bicyclist Failed to Yield - Midblock,16.0,March,Bicyclist Ride Out - Residential Driveway,2016,68.0,No,O: No Injury,Male,Pickup,No,35.10846575,-82.95812769,Dry,30 - 35  MPH,"Double Yellow Line, No Passing Zone",Clear,No,0,0,3
Yes,16.0,No,Unknown,B: Suspected Minor Injury,Male,Charlotte,Mecklenburg,No,Saturday,Bicyclist Failed to Yield - Sign-Controlled Intersection,19.0,March,Bicyclist Ride Through - Sign-Controlled Intersection,2016,24.0,No,O: No Injury,Female,Passenger Car,No,35.26121022,-80.84503053,Dry,30 - 35  MPH,No Control Present,Clear,No,0,0,3
Yes,17.0,No,With Traffic,B: Suspected Minor Injury,Male,Raleigh,Wake,No,Saturday,Bicyclist Failed to Yield - Signalized Intersection,16.0,March,Bicyclist Ride Through - Signalized Intersection,2016,26.0,No,O: No Injury,Female,Sport Utility,No,35.90465206,-78.58818118,Dry,40 - 45  MPH,Stop And Go Signal,Clear,No,0,0,3
Yes,28.0,No,With Traffic,B: Suspected Minor Injury,Male,Wilmington,New Hanover,No,Sunday,Motorist Failed to Yield - Sign-Controlled Intersection,9.0,February,Motorist Drive Through - Sign-Controlled Intersection,2016,42.03850604944766,Missing,Unknown Injury,Unknown,Passenger Car,Yes,34.22847218,-77.93980917,Dry,20 - 25  MPH,Stop Sign,Clear,No,1,0,2
Yes,51.0,No,With Traffic,B: Suspected Minor Injury,Male,None - Rural Crash,Sampson,No,Monday,Motorist Overtaking Bicyclist,16.0,November,Motorist Overtaking - Undetected Bicyclist,2015,85.0,No,O: No Injury,Male,Pickup,No,34.91545423,-78.40007828,Dry,50 - 55  MPH,"Double Yellow Line, No Passing Zone",Clear,No,0,0,11
No,66.0,No,Facing Traffic,B: Suspected Minor Injury,Male,Salisbury,Rowan,No,Wednesday,Motorist Right Turn / Merge,13.0,March,Motorist Right Turn - Opposite Direction,2016,74.0,No,O: No Injury,Male,Pickup,No,35.66405195,-80.47439061,Dry,20 - 25  MPH,Stop And Go Signal,Clear,No,0,0,3
Yes,29.0,No,With Traffic,B: Suspected Minor Injury,Male,River Bend,Craven,No,Saturday,Motorist Left Turn / Merge,6.0,February,Motorist Left Turn - Opposite Direction,2016,24.0,No,O: No Injury,Female,Sport Utility,No,35.08530151,-77.14890942,Dry,50 - 55  MPH,Yield Sign,Clear,No,0,0,2
Yes,20.0,No,Not Applicable,B: Suspected Minor Injury,Male,Goldsboro,Wayne,No,Saturday,Bicyclist Failed to Yield - Midblock,19.0,February,Bicyclist Ride Out - Commercial Driveway / Alley,2016,31.0,No,O: No Injury,Female,Sport Utility,No,35.37481287,-77.95706489,Dry,30 - 35  MPH,No Control Present,Clear,No,0,0,2
Yes,30.0,No,With Traffic,B: Suspected Minor Injury,Male,Charlotte,Mecklenburg,Yes,Sunday,Bicyclist Left Turn / Merge,15.0,March,Bicyclist Left Turn - Same Direction,2016,43.0,Yes,O: No Injury,Male,Pickup,Yes,35.21483922,-80.98892035,Dry,30 - 35  MPH,No Control Present,Clear,No,0,0,3
Yes,14.0,No,Facing Traffic,B: Suspected Minor Injury,Female,None - Rural Crash,Brunswick,No,Monday,Motorist Failed to Yield - Sign-Controlled Intersection,20.0,March,Motorist Drive Out - Sign-Controlled Intersection,2016,38.0,No,O: No Injury,Male,Pickup,No,33.89821932,-78.47878692,Dry,50 - 55  MPH,No Control Present,Clear,No,0,0,3
Yes,16.0,No,Not Applicable,B: Suspected Minor Injury,Male,Durham,Durham,No,Thursday,Bicyclist Failed to Yield - Midblock,15.0,March,Bicyclist Ride Out - Commercial Driveway / Alley,2016,60.0,No,O: No Injury,Female,Passenger Car,No,35.99166708,-78.86819253,Dry,30 - 35  MPH,No Control Present,Clear,No,0,0,3
Yes,51.0,No,With Traffic,B: Suspected Minor Injury,Male,Gastonia,Gaston,No,Sunday,Motorist Failed to Yield - Sign-Controlled Intersection,10.0,March,Motorist Drive Out - Sign-Controlled Intersection,2016,43.0,No,O: No Injury,Male,Passenger Car,No,35.23308119,-81.19439282,Dry,30 - 35  MPH,Stop Sign,Cloudy,No,0,0,3
Yes,14.0,No,Not Applicable,B: Suspected Minor Injury,Male,None - Rural Crash,Columbus,No,Wednesday,Bicyclist Failed to Yield - Midblock,15.0,March,Bicyclist Ride Out - Residential Driveway,2016,16.0,No,O: No Injury,Female,Passenger Car,No,34.39345075,-78.5869903,Dry,50 - 55  MPH,"Double Yellow Line, No Passing Zone",Clear,No,0,0,3
No,52.0,No,With Traffic,B: Suspected Minor Injury,Male,Cary,Wake,No,Friday,Bicyclist Left Turn / Merge,16.0,February,Bicyclist Left Turn - Opposite Direction,2016,87.0,No,O: No Injury,Male,Passenger Car,No,35.77461644,-78.86524449,Dry,20 - 25  MPH,No Control Present,Clear,No,0,0,2
Yes,27.0,No,With Traffic,B: Suspected Minor Injury,Male,Tarboro,Edgecombe,No,Friday,Motorist Right Turn / Merge,11.0,March,Motorist Right Turn - Same Direction,2016,39.0,No,O: No Injury,Male,Passenger Car,No,35.89711273,-77.5576835,Dry,30 - 35  MPH,Stop And Go Signal,Clear,No,0,0,3
No,18.0,No,With Traffic,B: Suspected Minor Injury,Female,Charlotte,Mecklenburg,No,Friday,Loss of Control / Turning Error,14.0,March,Motorist Lost Control - Other / Unknown,2016,42.03850604944766,Missing,Unknown Injury,Unknown,Unknown,Yes,35.21188849,-80.73601635,Dry,30 - 35  MPH,No Control Present,Clear,No,1,0,3
Yes,58.0,No,Facing Traffic,B: Suspected Minor Injury,Male,Gastonia,Gaston,No,Friday,Motorist Failed to Yield - Midblock,12.0,March,Motorist Drive Out - Commercial Driveway / Alley,2016,61.0,No,O: No Injury,Male,Pickup,No,35.2612644,-81.17870109,Dry,5 - 15 MPH,No Control Present,Cloudy,No,0,0,3
Yes,25.0,Unknown,Facing Traffic,B: Suspected Minor Injury,Male,Statesville,Iredell,No,Thursday,Bicyclist Failed to Yield - Sign-Controlled Intersection,16.0,March,Bicyclist Ride Out - Sign-Controlled Intersection,2016,87.0,Missing,O: No Injury,Female,Passenger Car,No,35.79144951,-80.86646758,Dry,30 - 35  MPH,Stop Sign,Clear,No,0,0,3
No,37.0,No,With Traffic,B: Suspected Minor Injury,Male,None - Rural Crash,Johnston,No,Thursday,Motorist Overtaking Bicyclist,20.0,March,Motorist Overtaking - Undetected Bicyclist,2016,81.0,No,O: No Injury,Male,Passenger Car,No,35.55532616,-78.61894051,Dry,50 - 55  MPH,"Double Yellow Line, No Passing Zone",Clear,No,0,0,3
Yes,67.0,No,With Traffic,B: Suspected Minor Injury,Male,Raleigh,Wake,No,Sunday,Motorist Overtaking Bicyclist,14.0,March,Motorist Overtaking - Other / Unknown,2016,42.03850604944766,Missing,Unknown Injury,Unknown,Passenger Car,Yes,35.7921622,-78.7114905,Dry,30 - 35  MPH,No Control Present,Clear,No,1,0,3
Yes,12.0,No,Not Applicable,B: Suspected Minor Injury,Male,Charlotte,Mecklenburg,No,Monday,Non-Roadway,16.0,March,Non-Roadway,2016,29.0,No,O: No Injury,Male,Sport Utility,No,35.24472602,-80.74849837,Dry,5 - 15 MPH,No Control Present,Clear,No,0,0,3
Yes,6.0,No,Not Applicable,B: Suspected Minor Injury,Male,Winston-Salem,Forsyth,No,Sunday,Non-Roadway,19.0,March,Non-Roadway,2016,25.0,No,O: No Injury,Female,Passenger Car,No,36.06570873,-80.17799489,Dry,5 - 15 MPH,No Control Present,Clear,No,0,0,3
Yes,10.0,No,Facing Traffic,B: Suspected Minor Injury,Male,Thomasville,Davidson,No,Monday,Head-On,7.0,March,Head-On - Bicyclist,2016,42.03850604944766,Missing,Unknown Injury,Unknown,Sport Utility,Yes,35.89495133,-80.05665666,Dry,30 - 35  MPH,No Control Present,Clear,No,1,0,3
Yes,30.0,No,With Traffic,B: Suspected Minor Injury,Male,None - Rural Crash,Henderson,No,Saturday,Motorist Left Turn / Merge,9.0,March,Motorist Left Turn - Opposite Direction,2016,45.0,Unknown,O: No Injury,Female,Pickup,No,35.37198279,-82.45165995,Dry,40 - 45  MPH,"Double Yellow Line, No Passing Zone",Clear,No,0,0,3
No,7.0,No,With Traffic,B: Suspected Minor Injury,Male,Reidsville,Rockingham,No,Wednesday,Loss of Control / Turning Error,17.0,March,Bicyclist Turning Error - Right Turn,2016,27.0,No,O: No Injury,Male,Police,No,36.36383955,-79.67150974,Dry,30 - 35  MPH,Stop Sign,Clear,No,0,0,3
Yes,14.0,No,With Traffic,B: Suspected Minor Injury,Male,None - Rural Crash,Currituck,No,Monday,Bicyclist Left Turn / Merge,13.0,March,Bicyclist Left Turn - Same Direction,2016,17.0,No,O: No Injury,Male,Passenger Car,No,36.32923528,-75.81674509,Dry,30 - 35  MPH,"Double Yellow Line, No Passing Zone",Clear,No,0,0,3
Yes,47.0,No,Facing Traffic,B: Suspected Minor Injury,Male,Cedar Point,Carteret,No,Thursday,Motorist Failed to Yield - Midblock,9.0,March,Motorist Drive Out - Commercial Driveway / Alley,2016,54.0,No,O: No Injury,Male,Pickup,No,34.68774127,-77.07177995,Dry,Unknown,No Control Present,Clear,No,0,0,3
Yes,21.0,No,Not Applicable,B: Suspected Minor Injury,Male,Wilmington,New Hanover,No,Monday,Bicyclist Failed to Yield - Midblock,14.0,March,Multiple Threat - Midblock,2016,52.0,No,O: No Injury,Female,Sport Utility,No,34.23634977,-77.87230956,Dry,30 - 35  MPH,No Control Present,Clear,No,0,0,3
Yes,20.0,No,With Traffic,B: Suspected Minor Injury,Male,Raleigh,Wake,No,Monday,Motorist Left Turn / Merge,14.0,April,Motorist Left Turn - Opposite Direction,2016,26.0,No,O: No Injury,Male,Passenger Car,No,35.77287491,-78.64049428,Dry,30 - 35  MPH,Stop And Go Signal,Clear,Yes,0,0,4
No,67.0,No,With Traffic,B: Suspected Minor Injury,Male,Waxhaw,Union,No,Saturday,Loss of Control / Turning Error,11.0,March,Motorist Turning Error - Left Turn,2016,30.0,No,O: No Injury,Male,Pickup,No,34.92466617,-80.7445684,Dry,20 - 25  MPH,Stop Sign,Clear,No,0,0,3
Yes,61.0,No,With Traffic,B: Suspected Minor Injury,Male,None - Rural Crash,Franklin,No,Sunday,Motorist Overtaking Bicyclist,19.0,April,Motorist Overtaking - Other / Unknown,2016,19.0,No,O: No Injury,Male,Sport Utility,No,36.09748289,-78.47511743,Dry,30 - 35  MPH,"Double Yellow Line, No Passing Zone",Clear,No,0,0,4
Yes,6.0,No,Not Applicable,B: Suspected Minor Injury,Male,None - Rural Crash,Robeson,No,Monday,Bicyclist Failed to Yield - Midblock,17.0,April,Bicyclist Ride Out - Other Midblock,2016,26.0,No,O: No Injury,Female,Sport Utility,No,34.79191392,-79.31343181,Dry,50 - 55  MPH,"Double Yellow Line, No Passing Zone",Clear,No,0,0,4
Yes,12.0,No,Facing Traffic,B: Suspected Minor Injury,Male,None - Rural Crash,Dare,No,Thursday,Motorist Failed to Yield - Midblock,17.0,March,Motorist Drive Out - Commercial Driveway / Alley,2016,35.0,No,O: No Injury,Female,Sport Utility,No,35.26676701,-75.53114387,Dry,20 - 25  MPH,"Double Yellow Line, No Passing Zone",Clear,No,0,0,3
Yes,16.0,No,With Traffic,B: Suspected Minor Injury,Male,Clemmons,Forsyth,No,Saturday,Bicyclist Failed to Yield - Sign-Controlled Intersection,16.0,April,Bicyclist Ride Through - Sign-Controlled Intersection,2016,69.0,No,O: No Injury,Male,Passenger Car,No,36.02784128,-80.36922467,Dry,30 - 35  MPH,Stop Sign,Clear,No,0,0,4
Yes,34.0,No,Facing Traffic,B: Suspected Minor Injury,Male,Raleigh,Wake,No,Monday,Crossing Paths - Other Circumstances,18.0,March,Sign-Controlled Intersection - Other / Unknown,2016,37.0,No,O: No Injury,Female,Passenger Car,No,35.77660153,-78.62917348,Dry,30 - 35  MPH,Stop Sign,Clear,No,0,0,3
Yes,16.0,No,With Traffic,B: Suspected Minor Injury,Male,Thomasville,Davidson,No,Saturday,Motorist Overtaking Bicyclist,18.0,April,Motorist Overtaking - Other / Unknown,2016,42.03850604944766,Missing,Unknown Injury,Unknown,Unknown,Yes,35.87466285,-80.07577921,Dry,20 - 25  MPH,No Control Present,Clear,No,1,0,4
Yes,15.0,No,With Traffic,B: Suspected Minor Injury,Female,Mooresville,Iredell,No,Wednesday,Bicyclist Failed to Yield - Sign-Controlled Intersection,20.0,March,Bicyclist Ride Through - Sign-Controlled Intersection,2016,34.0,No,O: No Injury,Male,Passenger Car,No,35.58675957,-80.80185468,Dry,30 - 35  MPH,Stop Sign,Clear,No,0,0,3
Yes,33.0,No,Facing Traffic,B: Suspected Minor Injury,Male,Charlotte,Mecklenburg,No,Saturday,Head-On,11.0,April,Head-On - Bicyclist,2016,42.03850604944766,Missing,Unknown Injury,Unknown,Unknown,Yes,35.25875536,-80.89366643,Dry,30 - 35  MPH,No Control Present,Clear,No,1,0,4
Yes,26.0,No,With Traffic,B: Suspected Minor Injury,Male,Durham,Durham,No,Tuesday,Loss of Control / Turning Error,4.0,April,Motorist Turning Error - Right Turn,2016,42.03850604944766,Missing,Unknown Injury,Unknown,"Light Truck (Mini-Van, Panel)",Yes,35.96512116,-78.88283552,Dry,20 - 25  MPH,Stop Sign,Clear,No,1,0,4
Yes,23.0,No,Facing Traffic,B: Suspected Minor Injury,Male,Raleigh,Wake,No,Saturday,Motorist Failed to Yield - Midblock,13.0,April,Motorist Drive Out - Commercial Driveway / Alley,2016,42.03850604944766,Missing,Unknown Injury,Unknown,Passenger Car,Yes,35.7978295,-78.57579725,Dry,40 - 45  MPH,No Control Present,Clear,No,1,0,4
Yes,13.0,No,Not Applicable,B: Suspected Minor Injury,Male,Hickory,Catawba,No,Thursday,Parallel Paths - Other Circumstances,19.0,March,Bicyclist Ride Out - Parallel Path,2016,47.0,No,O: No Injury,Female,Passenger Car,No,35.75461902,-81.32940301,Dry,20 - 25  MPH,No Control Present,Clear,No,0,0,3
Yes,39.0,No,With Traffic,B: Suspected Minor Injury,Male,Fayetteville,Cumberland,No,Sunday,Motorist Failed to Yield - Sign-Controlled Intersection,20.0,March,Motorist Drive Out - Sign-Controlled Intersection,2016,24.0,No,O: No Injury,Male,Passenger Car,No,35.03317193,-78.99750861,Wet,30 - 35  MPH,Stop Sign,Rain,No,0,0,3
Yes,21.0,No,With Traffic,A: Suspected Serious Injury,Male,None - Rural Crash,Watauga,No,Sunday,Motorist Overtaking Bicyclist,16.0,April,Motorist Overtaking - Undetected Bicyclist,2016,20.0,No,O: No Injury,Female,Sport Utility,No,36.18932044,-81.74615979,Dry,50 - 55  MPH,"Double Yellow Line, No Passing Zone",Clear,No,0,0,4
Yes,42.0,Yes,With Traffic,B: Suspected Minor Injury,Female,Albemarle,Stanly,Yes,Sunday,Bicyclist Failed to Yield - Sign-Controlled Intersection,20.0,April,Bicyclist Ride Through - Sign-Controlled Intersection,2016,26.0,No,C: Possible Injury,Female,Passenger Car,No,35.35246908,-80.18083911,Dry,30 - 35  MPH,Stop Sign,Cloudy,No,0,0,4
No,32.0,No,With Traffic,B: Suspected Minor Injury,Male,Wilmington,New Hanover,No,Wednesday,Bicyclist Failed to Yield - Signalized Intersection,11.0,March,Bicyclist Ride Through - Signalized Intersection,2016,19.0,No,O: No Injury,Female,Passenger Car,No,34.23680273,-77.94481519,Dry,20 - 25  MPH,Stop And Go Signal,Clear,No,0,0,3
Yes,30.0,No,With Traffic,B: Suspected Minor Injury,Male,None - Rural Crash,Pitt,No,Sunday,Motorist Overtaking Bicyclist,13.0,April,Motorist Overtaking - Other / Unknown,2016,42.03850604944766,No,Unknown Injury,Unknown,Unknown,Yes,35.69978757,-77.47316553,Dry,50 - 55  MPH,No Control Present,Clear,No,1,0,4
Yes,29.0,No,Facing Traffic,B: Suspected Minor Injury,Male,Charlotte,Mecklenburg,No,Thursday,Motorist Failed to Yield - Signalized Intersection,17.0,April,Motorist Drive Out - Right Turn on Red,2016,36.0,No,O: No Injury,Male,Pickup,No,35.20253139,-80.82478602,Dry,30 - 35  MPH,Stop And Go Signal,Clear,No,0,0,4
Yes,8.0,No,Not Applicable,B: Suspected Minor Injury,Male,None - Rural Crash,Catawba,No,Sunday,Bicyclist Failed to Yield - Midblock,13.0,April,Bicyclist Ride Out - Residential Driveway,2016,42.03850604944766,Missing,Unknown Injury,Unknown,Passenger Car,Yes,35.74259103,-81.13368948,Dry,50 - 55  MPH,"Double Yellow Line, No Passing Zone",Clear,No,1,0,4
No,11.0,No,Not Applicable,B: Suspected Minor Injury,Male,Asheville,Buncombe,No,Wednesday,Bicyclist Failed to Yield - Midblock,18.0,April,Bicyclist Ride Out - Residential Driveway,2016,48.0,No,O: No Injury,Male,Passenger Car,No,35.56787202,-82.57094927,Dry,20 - 25  MPH,No Control Present,Clear,No,0,0,4
Yes,53.0,No,With Traffic,B: Suspected Minor Injury,Male,None - Rural Crash,Scotland,No,Saturday,Motorist Overtaking Bicyclist,21.0,April,Motorist Overtaking - Other / Unknown,2016,42.03850604944766,Unknown,Unknown Injury,Unknown,Passenger Car,Yes,34.84372137,-79.38929487,Dry,50 - 55  MPH,No Control Present,Clear,No,1,0,4
Yes,12.0,No,With Traffic,B: Suspected Minor Injury,Female,None - Rural Crash,Rockingham,No,Monday,Motorist Overtaking Bicyclist,16.0,May,Motorist Overtaking - Other / Unknown,2016,64.0,No,O: No Injury,Female,Passenger Car,No,36.25551436,-79.8935498,Dry,40 - 45  MPH,"Double Yellow Line, No Passing Zone",Clear,No,0,0,5
Yes,61.0,No,Not Applicable,B: Suspected Minor Injury,Male,None - Rural Crash,Lenoir,No,Friday,Bicyclist Failed to Yield - Midblock,23.0,May,Bicyclist Ride Out - Midblock - Unknown,2016,42.0,No,O: No Injury,Male,Passenger Car,No,35.29788499,-77.53778968,Dry,60 - 75 MPH,No Control Present,Clear,No,0,0,5
Yes,26.0,No,Facing Traffic,B: Suspected Minor Injury,Male,Cary,Wake,No,Saturday,Motorist Failed to Yield - Sign-Controlled Intersection,13.0,April,Motorist Drive Out - Sign-Controlled Intersection,2016,32.0,No,O: No Injury,Female,Sport Utility,No,35.79408342,-78.80318317,Dry,20 - 25  MPH,Stop Sign,Clear,No,0,0,4
Yes,13.0,No,With Traffic,B: Suspected Minor Injury,Male,High Point,Guilford,No,Sunday,Loss of Control / Turning Error,13.0,April,Bicyclist Lost Control - Mechanical Problems,2016,56.0,No,O: No Injury,Female,Passenger Car,No,35.95325028,-79.98295045,Dry,30 - 35  MPH,"Double Yellow Line, No Passing Zone",Clear,No,0,0,4
Yes,22.0,No,Facing Traffic,B: Suspected Minor Injury,Male,Fuquay-Varina,Wake,No,Monday,Bicyclist Failed to Yield - Signalized Intersection,19.0,April,Bicyclist Ride Through - Signalized Intersection,2016,38.0,No,O: No Injury,Male,Pickup,No,35.59248502,-78.77391742,Dry,30 - 35  MPH,Stop And Go Signal,Clear,No,0,0,4
Yes,51.0,No,With Traffic,B: Suspected Minor Injury,Female,Asheville,Buncombe,No,Saturday,Motorist Right Turn / Merge,20.0,April,Motorist Right Turn - Same Direction,2016,43.0,No,O: No Injury,Male,Passenger Car,No,35.57868245,-82.58850991,Dry,20 - 25  MPH,Stop And Go Signal,Clear,No,0,0,4
Yes,16.0,No,Facing Traffic,B: Suspected Minor Injury,Male,Fayetteville,Cumberland,No,Friday,Motorist Overtaking Bicyclist,14.0,April,Motorist Overtaking - Other / Unknown,2016,42.03850604944766,Missing,Unknown Injury,Unknown,Unknown,Yes,35.07567601,-78.99052769,Dry,20 - 25  MPH,No Control Present,Cloudy,No,1,0,4
No,23.0,No,With Traffic,B: Suspected Minor Injury,Male,Chapel Hill,Orange,No,Thursday,Motorist Failed to Yield - Sign-Controlled Intersection,20.0,May,Motorist Drive Out - Sign-Controlled Intersection,2016,21.0,No,O: No Injury,Male,Sport Utility,No,35.90128956,-79.05776887,Wet,30 - 35  MPH,Stop Sign,Rain,No,0,0,5
No,68.0,No,With Traffic,B: Suspected Minor Injury,Male,None - Rural Crash,Pitt,No,Tuesday,Bicyclist Left Turn / Merge,10.0,March,Bicyclist Left Turn - Same Direction,2016,66.0,No,O: No Injury,Female,Passenger Car,No,35.66251232,-77.38969634,Dry,50 - 55  MPH,"Double Yellow Line, No Passing Zone",Clear,No,0,0,3
Yes,40.0,No,Facing Traffic,B: Suspected Minor Injury,Male,Raleigh,Wake,No,Monday,Motorist Failed to Yield - Midblock,15.0,May,Motorist Drive Out - Commercial Driveway / Alley,2016,27.0,No,O: No Injury,Female,Passenger Car,No,35.86020379,-78.58180354,Dry,40 - 45  MPH,No Control Present,Clear,No,0,0,5
Yes,87.0,No,With Traffic,B: Suspected Minor Injury,Male,None - Rural Crash,Robeson,No,Friday,Motorist Overtaking Bicyclist,8.0,April,Motorist Overtaking - Other / Unknown,2016,28.0,No,O: No Injury,Female,Sport Utility,No,34.71152908,-79.19932335,Dry,50 - 55  MPH,"Double Yellow Line, No Passing Zone",Clear,No,0,0,4
No,51.0,No,With Traffic,B: Suspected Minor Injury,Male,Clemmons,Forsyth,No,Monday,Motorist Failed to Yield - Sign-Controlled Intersection,7.0,May,Motorist Drive Out - Sign-Controlled Intersection,2016,43.0,No,O: No Injury,Female,Sport Utility,No,36.06317729,-80.37266291,Dry,20 - 25  MPH,Stop Sign,Clear,No,0,0,5
Yes,38.0,No,Facing Traffic,B: Suspected Minor Injury,Male,None - Rural Crash,Pender,No,Sunday,Head-On,10.0,April,Head-On - Bicyclist,2016,19.0,No,O: No Injury,Female,Passenger Car,No,34.45443362,-77.88387692,Dry,40 - 45  MPH,No Control Present,Clear,No,0,0,4
Yes,55.0,No,With Traffic,B: Suspected Minor Injury,Male,Wilson,Wilson,No,Friday,Motorist Overtaking Bicyclist,4.0,April,Motorist Overtaking - Other / Unknown,2016,42.03850604944766,Missing,Unknown Injury,Unknown,Unknown,Yes,35.70557533,-77.91805246,Dry,40 - 45  MPH,No Control Present,Cloudy,No,1,0,4
No,52.0,No,Facing Traffic,B: Suspected Minor Injury,Male,Wilmington,New Hanover,No,Friday,Motorist Failed to Yield - Sign-Controlled Intersection,19.0,April,Motorist Drive Out - Sign-Controlled Intersection,2016,46.0,No,O: No Injury,Male,Passenger Car,No,34.17982101,-77.92777078,Dry,20 - 25  MPH,No Control Present,Clear,No,0,0,4
Yes,60.0,No,With Traffic,B: Suspected Minor Injury,Male,None - Rural Crash,Clay,No,Saturday,Motorist Right Turn / Merge,14.0,May,Motorist Right Turn - Same Direction,2016,60.0,No,O: No Injury,Female,Sport Utility,No,35.04185218,-83.81083286,Dry,30 - 35  MPH,"Double Yellow Line, No Passing Zone",Clear,No,0,0,5
Yes,66.0,Yes,With Traffic,B: Suspected Minor Injury,Male,Laurinburg,Scotland,Yes,Friday,Bicyclist Left Turn / Merge,14.0,May,Bicyclist Left Turn - Same Direction,2016,22.0,No,O: No Injury,Male,Passenger Car,No,34.75711409,-79.47331443,Dry,30 - 35  MPH,No Control Present,Cloudy,No,0,0,5
Yes,11.0,No,Unknown,B: Suspected Minor Injury,Male,None - Rural Crash,Chatham,No,Monday,Crossing Paths - Other Circumstances,17.0,May,Sign-Controlled Intersection - Other / Unknown,2016,74.0,No,O: No Injury,Female,Passenger Car,No,35.85424285,-79.02461183,Dry,20 - 25  MPH,Stop Sign,Clear,No,0,0,5
Yes,6.0,No,With Traffic,B: Suspected Minor Injury,Male,Durham,Durham,No,Friday,Motorist Overtaking Bicyclist,17.0,May,Motorist Overtaking - Other / Unknown,2016,42.03850604944766,Missing,Unknown Injury,Unknown,Passenger Car,Yes,36.04348713,-78.89064326,Dry,20 - 25  MPH,No Control Present,Clear,No,1,0,5
Yes,8.0,No,Facing Traffic,B: Suspected Minor Injury,Male,Durham,Durham,No,Thursday,Head-On,17.0,May,Head-On - Bicyclist,2016,42.03850604944766,Missing,Unknown Injury,Unknown,Passenger Car,Yes,35.99778688,-78.85870954,Wet,30 - 35  MPH,No Control Present,Rain,No,1,0,5