AmbulanceR,BikeAge,BikeAlcFlg,BikeDir,BikeInjury,BikeSex,City,County,CrashAlcoh,CrashDay,CrashGrp,CrashHour,CrashMonth,CrashType,CrashYear,DrvrAge,DrvrAlcFlg,DrvrInjury,DrvrSex,DrvrVehTyp,HitRun,Latitude,Longitude,RdConditio,SpeedLimit,TraffCntrl,Weather,Workzone,DrvrAgeImputedFlag,BikeAgeImputedFlag,MonthCode
Yes,23.0,No,With Traffic,B: Suspected Minor Injury,Male,Raleigh,Wake,No,Saturday,Motorist Overtaking Bicyclist,4.0,May,Motorist Overtaking - Other / Unknown,2016,42.03850604944766,Missing,Unknown Injury,Unknown,Unknown,Yes,35.78016537,-78.61767982,Dry,Unknown,Stop Sign,Clear,No,1,0,5
Yes,47.0,No,With Traffic,B: Suspected Minor Injury,Male,None - Rural Crash,Gaston,No,Monday,Motorist Failed to Yield - Sign-Controlled Intersection,13.0,May,Motorist Drive Out - Sign-Controlled Intersection,2016,18.0,No,O: No Injury,Male,Passenger Car,No,35.33156117,-81.03314777,Dry,40 - 45  MPH,Stop Sign,Clear,No,0,0,5
Yes,14.0,No,Facing Traffic,B: Suspected Minor Injury,Male,Charlotte,Mecklenburg,No,Wednesday,Motorist Failed to Yield - Signalized Intersection,20.0,May,Motorist Drive Out - Signalized Intersection,2016,33.0,No,C: Possible Injury,Male,Passenger Car,No,35.20295468,-80.73465167,Dry,Unknown,Flashing Signal With Stop Sign,Clear,No,0,0,5
Yes,60.0,Yes,With Traffic,B: Suspected Minor Injury,Male,None - Rural Crash,Pender,Yes,Friday,Motorist Overtaking Bicyclist,21.0,May,Motorist Overtaking - Undetected Bicyclist,2016,49.0,No,O: No Injury,Male,Passenger Car,No,34.49958543,-78.0598591,Dry,50 - 55  MPH,No Control Present,Clear,No,0,0,5
Yes,7.0,No,With Traffic,B: Suspected Minor Injury,Female,Thomasville,Davidson,No,Thursday,Bicyclist Failed to Yield - Signalized Intersection,19.0,May,Bicyclist Ride Through - Signalized Intersection,2016,69.0,No,O: No Injury,Male,Passenger Car,No,35.87301274,-80.085424,Dry,30 - 35  MPH,Stop And Go Signal,Cloudy,No,0,0,5
Yes,29.0,No,With Traffic,B: Suspected Minor Injury,Male,Charlotte,Mecklenburg,No,Tuesday,Motorist Failed to Yield - Signalized Intersection,12.0,May,Motorist Drive Out - Signalized Intersection,2016,42.03850604944766,Missing,Unknown Injury,Unknown,Passenger Car,Yes,35.18397366,-80.88643576,Dry,30 - 35  MPH,Stop And Go Signal,Clear,No,1,0,5
Yes,29.0,No,Facing Traffic,B: Suspected Minor Injury,Male,Greensboro,Guilford,No,Wednesday,Motorist Failed to Yield - Signalized Intersection,12.0,June,Motorist Drive Out - Signalized Intersection,2016,53.0,No,O: No Injury,Male,Passenger Car,Yes,36.03343924,-79.80099371,Dry,30 - 35  MPH,Stop And Go Signal,Clear,No,0,0,6
Yes,11.0,No,With Traffic,B: Suspected Minor Injury,Female,High Point,Guilford,No,Saturday,Crossing Paths - Other Circumstances,19.0,May,Sign-Controlled Intersection - Other / Unknown,2016,37.0,No,O: No Injury,Male,Passenger Car,No,35.96696756,-79.93612644,Dry,20 - 25  MPH,Stop Sign,Cloudy,No,0,0,5
Yes,51.0,No,With Traffic,B: Suspected Minor Injury,Male,Pinehurst,Moore,No,Wednesday,Motorist Overtaking Bicyclist,5.0,May,Motorist Overtaking - Other / Unknown,2016,18.0,No,O: No Injury,Male,Unknown,Yes,35.19654146,-79.46278295,Dry,30 - 35  MPH,No Control Present,Clear,No,0,0,5
Yes,40.0,No,With Traffic,B: Suspected Minor Injury,Male,Raleigh,Wake,No,Saturday,Motorist Overtaking Bicyclist,9.0,May,Motorist Overtaking - Other / Unknown,2016,24.0,No,O: No Injury,Female,Passenger Car,No,35.96397913,-78.55059683,Dry,30 - 35  MPH,No Control Present,Clear,No,0,0,5
Yes,6.0,No,Not Applicable,B: Suspected Minor Injury,Male,Charlotte,Mecklenburg,No,Saturday,Non-Roadway,16.0,June,Non-Roadway,2016,39.0,No,O: No Injury,Female,Passenger Car,No,35.20668671,-80.7591433,Dry,5 - 15 MPH,No Control Present,Clear,No,0,0,6
Yes,28.0,No,With Traffic,B: Suspected Minor Injury,Male,None - Rural Crash,New Hanover,No,Tuesday,Motorist Overtaking Bicyclist,14.0,May,Motorist Overtaking - Bicyclist Swerved,2016,25.0,No,O: No Injury,Female,Sport Utility,No,34.27166542,-77.92703305,Dry,40 - 45  MPH,No Control Present,Cloudy,No,0,0,5
Yes,15.0,No,With Traffic,B: Suspected Minor Injury,Male,Charlotte,Mecklenburg,No,Tuesday,Bicyclist Overtaking Motorist,15.0,June,Bicyclist Overtaking - Other / Unknown,2016,33.0,No,O: No Injury,Female,Passenger Car,No,35.20707985,-80.89678952,Dry,20 - 25  MPH,Stop Sign,Clear,No,0,0,6
Yes,35.0,No,With Traffic,B: Suspected Minor Injury,Male,Statesville,Iredell,No,Friday,Motorist Left Turn / Merge,7.0,May,Motorist Left Turn - Opposite Direction,2016,63.0,No,O: No Injury,Male,Passenger Car,No,35.7889291,-80.92321528,Dry,30 - 35  MPH,Stop And Go Signal,Clear,No,0,0,5
No,12.0,No,With Traffic,B: Suspected Minor Injury,Male,Gastonia,Gaston,No,Wednesday,Other / Unusual Circumstances,14.0,June,Bicycle Only,2016,42.03850604944766,Missing,Unknown Injury,Unknown,Passenger Car,No,35.2756063,-81.1234468,Dry,30 - 35  MPH,No Control Present,Clear,No,1,0,6
Yes,48.0,No,With Traffic,B: Suspected Minor Injury,Male,None - Rural Crash,New Hanover,No,Saturday,Motorist Overtaking Bicyclist,15.0,June,Motorist Overtaking - Other / Unknown,2016,34.0,No,O: No Injury,Female,"Light Truck (Mini-Van, Panel)",Yes,34.12017149,-77.90010135,Dry,50 - 55  MPH,No Control Present,Clear,No,0,0,6
Yes,58.0,No,With Traffic,B: Suspected Minor Injury,Male,Henderson,Vance,No,Monday,Backing Vehicle,19.0,May,Backing Vehicle,2016,19.0,No,O: No Injury,Male,Sport Utility,No,36.31875142,-78.3988727,Dry,20 - 25  MPH,No Control Present,Clear,No,0,0,5
Yes,33.0,No,With Traffic,B: Suspected Minor Injury,Male,Charlotte,Mecklenburg,No,Wednesday,Motorist Right Turn / Merge,7.0,June,Motorist Right Turn - Same Direction,2016,42.0,No,O: No Injury,Male,Passenger Car,No,35.22082831,-80.85121562,Dry,30 - 35  MPH,Stop And Go Signal,Clear,No,0,0,6
No,41.0,Yes,With Traffic,B: Suspected Minor Injury,Male,Raleigh,Wake,Yes,Friday,Motorist Overtaking Bicyclist,1.0,June,Motorist Overtaking - Other / Unknown,2016,42.03850604944766,Missing,Unknown Injury,Unknown,Passenger Car,Yes,35.77425304,-78.73510262,Dry,30 - 35  MPH,No Control Present,Clear,No,1,0,6
No,40.0,No,With Traffic,B: Suspected Minor Injury,Female,None - Rural Crash,Guilford,No,Thursday,Motorist Overtaking Bicyclist,16.0,May,Motorist Overtaking - Other / Unknown,2016,42.03850604944766,No,Unknown Injury,Unknown,Sport Utility,Yes,36.01421304,-79.92736601,Dry,40 - 45  MPH,"Double Yellow Line, No Passing Zone",Clear,No,1,0,5
Yes,11.0,No,Facing Traffic,B: Suspected Minor Injury,Female,Charlotte,Mecklenburg,No,Friday,Bicyclist Failed to Yield - Signalized Intersection,18.0,June,Bicyclist Ride Through - Signalized Intersection,2016,55.0,No,O: No Injury,Female,Van,No,35.18419842,-80.76131563,Dry,30 - 35  MPH,Stop And Go Signal,Clear,Yes,0,0,6
Yes,21.0,No,Facing Traffic,B: Suspected Minor Injury,Male,Durham,Durham,No,Friday,Motorist Failed to Yield - Midblock,18.0,June,Motorist Drive Out - Commercial Driveway / Alley,2016,27.0,No,O: No Injury,Male,Pickup,No,36.05191653,-78.90520036,Dry,5 - 15 MPH,No Control Present,Clear,No,0,0,6
Yes,7.0,No,Not Applicable,B: Suspected Minor Injury,Male,Greenville,Pitt,No,Friday,Non-Roadway,15.0,June,Non-Roadway,2016,33.0,No,O: No Injury,Male,Passenger Car,No,35.60384743,-77.33610644,Dry,Unknown,No Control Present,Clear,No,0,0,6
Yes,16.0,No,Not Applicable,B: Suspected Minor Injury,Male,Charlotte,Mecklenburg,No,Friday,Bicyclist Failed to Yield - Midblock,12.0,April,Bicyclist Ride Out - Midblock - Unknown,2016,45.0,No,O: No Injury,Male,Passenger Car,No,35.27745697,-80.76697959,Dry,30 - 35  MPH,Stop And Go Signal,Clear,Yes,0,0,4
Yes,36.0,No,With Traffic,B: Suspected Minor Injury,Male,Fayetteville,Cumberland,No,Thursday,Motorist Right Turn / Merge,10.0,May,Motorist Right Turn - Same Direction,2016,66.0,No,O: No Injury,Female,Passenger Car,No,35.09929087,-79.01107272,Dry,30 - 35  MPH,Stop And Go Signal,Cloudy,No,0,0,5
Yes,19.0,Yes,With Traffic,B: Suspected Minor Injury,Male,Washington Park,Beaufort,Yes,Sunday,Bicyclist Right Turn / Merge,0.0,June,Bicyclist Right Turn - Same Direction,2016,49.0,No,O: No Injury,Female,Passenger Car,No,35.53434553,-77.03104174,Dry,30 - 35  MPH,No Control Present,Clear,No,0,0,6
No,32.0,No,With Traffic,B: Suspected Minor Injury,Female,Lumberton,Robeson,No,Monday,Motorist Failed to Yield - Midblock,21.0,June,Motorist Drive Out - Commercial Driveway / Alley,2016,49.0,No,O: No Injury,Female,Passenger Car,No,34.62614165,-78.98499272,Wet,5 - 15 MPH,No Control Present,Rain,No,0,0,6
Yes,47.0,No,With Traffic,B: Suspected Minor Injury,Male,Roanoke Rapids,Halifax,No,Wednesday,Loss of Control / Turning Error,17.0,June,Bicylist Lost Control - Alcohol / Drug Impairment,2016,67.0,No,O: No Injury,Male,"Single Unit Truck (2-Axle, 6-Tire)",No,36.45580877,-77.64537049,Dry,20 - 25  MPH,No Control Present,Clear,No,0,0,6
Yes,47.0,No,Facing Traffic,B: Suspected Minor Injury,Male,Charlotte,Mecklenburg,No,Friday,Bicyclist Failed to Yield - Signalized Intersection,16.0,June,Bicyclist Ride Through - Signalized Intersection,2016,26.0,No,O: No Injury,Female,Passenger Car,No,35.21012491,-80.85530807,Dry,20 - 25  MPH,No Control Present,Clear,No,0,0,6
No,31.0,No,With Traffic,B: Suspected Minor Injury,Male,Durham,Durham,No,Saturday,Motorist Failed to Yield - Sign-Controlled Intersection,18.0,June,Motorist Drive Through - Sign-Controlled Intersection,2016,42.03850604944766,Missing,Unknown Injury,Unknown,Passenger Car,Yes,36.01520303,-78.91563295,Dry,30 - 35  MPH,Stop Sign,Clear,No,1,0,6
No,71.0,No,With Traffic,B: Suspected Minor Injury,Male,Durham,Durham,No,Sunday,Motorist Failed to Yield - Sign-Controlled Intersection,15.0,June,Motorist Drive Out - Sign-Controlled Intersection,2016,19.0,No,O: No Injury,Male,Passenger Car,No,35.90273202,-78.95315599,Dry,20 - 25  MPH,Stop And Go Signal,Clear,No,0,0,6
Yes,49.0,Unknown,With Traffic,B: Suspected Minor Injury,Male,Asheville,Buncombe,No,Saturday,Loss of Control / Turning Error,17.0,May,Bicyclist Turning Error - Left Turn,2016,37.0,No,O: No Injury,Female,Sport Utility,No,35.59040089,-82.56929304,Dry,30 - 35  MPH,No Control Present,Clear,No,0,0,5
Yes,45.0,Unknown,Not Applicable,B: Suspected Minor Injury,Male,Wilmington,New Hanover,No,Wednesday,Bicyclist Failed to Yield - Midblock,8.0,June,Bicyclist Ride Out - Midblock - Unknown,2016,63.0,No,O: No Injury,Male,Passenger Car,No,34.22919182,-77.93089227,Wet,30 - 35  MPH,Stop Sign,Rain,No,0,0,6
Yes,13.0,No,Facing Traffic,B: Suspected Minor Injury,Male,Burlington,Alamance,No,Wednesday,Bicyclist Failed to Yield - Sign-Controlled Intersection,22.0,March,Bicyclist Ride Through - Sign-Controlled Intersection,2016,55.0,No,O: No Injury,Male,Passenger Car,No,36.08319417,-79.41805301,Dry,30 - 35  MPH,Stop Sign,Clear,No,0,0,3
Yes,68.0,No,With Traffic,B: Suspected Minor Injury,Male,River Bend,Craven,No,Sunday,Bicyclist Left Turn / Merge,15.0,May,Bicyclist Left Turn - Same Direction,2016,45.0,No,O: No Injury,Female,Passenger Car,No,35.08594994,-77.14778561,Dry,50 - 55  MPH,No Control Present,Clear,No,0,0,5
Yes,45.0,No,With Traffic,B: Suspected Minor Injury,Female,Greensboro,Guilford,No,Wednesday,Motorist Overtaking Bicyclist,18.0,June,Motorist Overtaking - Other / Unknown,2016,88.0,No,O: No Injury,Male,Passenger Car,No,36.17784925,-79.7113906,Dry,30 - 35  MPH,No Control Present,Clear,No,0,0,6
No,45.0,No,With Traffic,B: Suspected Minor Injury,Male,Concord,Cabarrus,No,Monday,Motorist Overtaking Bicyclist,12.0,May,Motorist Overtaking - Other / Unknown,2016,55.0,No,O: No Injury,Male,Pickup,No,35.44844429,-80.61510247,Dry,30 - 35  MPH,Stop And Go Signal,Clear,No,0,0,5
Yes,36.0,No,With Traffic,B: Suspected Minor Injury,Male,Charlotte,Mecklenburg,No,Saturday,Motorist Left Turn / Merge,1.0,June,Motorist Left Turn - Opposite Direction,2016,32.0,No,O: No Injury,Male,Passenger Car,No,35.22269208,-80.83181921,Dry,20 - 25  MPH,Stop And Go Signal,Clear,No,0,0,6
No,9.0,No,With Traffic,B: Suspected Minor Injury,Male,Burlington,Alamance,No,Saturday,Bicyclist Failed to Yield - Sign-Controlled Intersection,13.0,June,Bicyclist Ride Through - Sign-Controlled Intersection,2016,42.03850604944766,Missing,Unknown Injury,Unknown,Unknown,Yes,36.07657301,-79.43824057,Dry,30 - 35  MPH,Stop Sign,Clear,No,1,0,6
Yes,58.0,Yes,With Traffic,B: Suspected Minor Injury,Male,None - Rural Crash,New Hanover,Yes,Sunday,Motorist Overtaking Bicyclist,12.0,June,Motorist Overtaking - Bicyclist Swerved,2016,35.0,No,O: No Injury,Male,Sport Utility,No,34.30124823,-77.92647771,Dry,30 - 35  MPH,No Control Present,Clear,No,0,0,6
Yes,12.0,No,Not Applicable,B: Suspected Minor Injury,Male,Kannapolis,Cabarrus,No,Friday,Bicyclist Failed to Yield - Midblock,19.0,June,Bicyclist Ride Out - Midblock - Unknown,2016,17.0,No,O: No Injury,Male,Passenger Car,No,35.44872713,-80.73466408,Dry,20 - 25  MPH,No Control Present,Clear,No,0,0,6
Yes,22.0,No,Facing Traffic,B: Suspected Minor Injury,Male,Charlotte,Mecklenburg,No,Monday,Crossing Paths - Other Circumstances,14.0,June,Signalized Intersection - Other / Unknown,2016,58.0,No,O: No Injury,Male,Pickup,No,35.21878562,-80.83524653,Dry,30 - 35  MPH,No Control Present,Clear,No,0,0,6
No,19.0,Unknown,Facing Traffic,B: Suspected Minor Injury,Male,Cary,Wake,No,Friday,Motorist Failed to Yield - Sign-Controlled Intersection,7.0,May,Motorist Drive Out - Sign-Controlled Intersection,2016,49.0,Unknown,O: No Injury,Female,Sport Utility,No,35.77966619,-78.80710136,Dry,20 - 25  MPH,Stop Sign,Clear,No,0,0,5
Yes,49.0,No,With Traffic,B: Suspected Minor Injury,Male,Raleigh,Wake,No,Saturday,Crossing Paths - Other Circumstances,3.0,June,Signalized Intersection - Other / Unknown,2016,42.03850604944766,Missing,Unknown Injury,Unknown,Unknown,Yes,35.78126767,-78.64163793,Dry,30 - 35  MPH,Stop And Go Signal,Clear,No,1,0,6
Yes,10.0,No,Not Applicable,B: Suspected Minor Injury,Male,None - Rural Crash,Cleveland,No,Monday,Bicyclist Failed to Yield - Midblock,17.0,May,Bicyclist Ride Out - Midblock - Unknown,2016,33.0,No,O: No Injury,Female,Passenger Car,No,35.40591925,-81.53359268,Dry,40 - 45  MPH,"Double Yellow Line, No Passing Zone",Clear,No,0,0,5
Yes,47.0,No,With Traffic,B: Suspected Minor Injury,Male,Durham,Durham,No,Thursday,Motorist Overtaking Bicyclist,4.0,June,Motorist Overtaking - Other / Unknown,2016,42.03850604944766,Missing,Unknown Injury,Unknown,Unknown,Yes,35.91623472,-78.9509784,Wet,30 - 35  MPH,No Control Present,Cloudy,No,1,0,6
Yes,34.0,No,With Traffic,B: Suspected Minor Injury,Female,Charlotte,Mecklenburg,No,Saturday,Motorist Overtaking Bicyclist,20.0,June,Motorist Overtaking - Other / Unknown,2016,42.03850604944766,Missing,Unknown Injury,Unknown,Unknown,Yes,35.23148352,-80.81140621,Dry,30 - 35  MPH,No Control Present,Clear,No,1,0,6
Yes,38.0,No,With Traffic,B: Suspected Minor Injury,Male,None - Rural Crash,Transylvania,No,Sunday,Motorist Failed to Yield - Midblock,15.0,June,Motorist Drive Out - Other Midblock,2016,52.0,No,O: No Injury,Female,Passenger Car,No,35.19098794,-82.6236328,Dry,30 - 35  MPH,"Double Yellow Line, No Passing Zone",Clear,No,0,0,6
Yes,21.0,No,With Traffic,B: Suspected Minor Injury,Male,Durham,Durham,No,Wednesday,Motorist Overtaking Bicyclist,11.0,June,Motorist Overtaking - Other / Unknown,2016,42.03850604944766,Missing,Unknown Injury,Unknown,Passenger Car,Yes,35.99346861,-78.85609897,Dry,30 - 35  MPH,No Control Present,Clear,No,1,0,6
Yes,14.0,No,With Traffic,B: Suspected Minor Injury,Male,Canton,Haywood,No,Sunday,Bicyclist Failed to Yield - Sign-Controlled Intersection,20.0,July,Bicyclist Ride Through - Sign-Controlled Intersection,2016,78.0,No,O: No Injury,Female,Passenger Car,No,35.54046275,-82.8311885,Dry,20 - 25  MPH,Stop Sign,Cloudy,No,0,0,7
Yes,24.0,No,Facing Traffic,B: Suspected Minor Injury,Male,Charlotte,Mecklenburg,No,Sunday,Head-On,4.0,July,Head-On - Bicyclist,2016,50.0,No,O: No Injury,Male,Van,No,35.23734498,-80.80103341,Dry,20 - 25  MPH,No Control Present,Clear,No,0,0,7
Yes,22.0,No,Facing Traffic,B: Suspected Minor Injury,Female,Greenville,Pitt,No,Tuesday,Bicyclist Failed to Yield - Signalized Intersection,10.0,May,Bicyclist Ride Through - Signalized Intersection,2016,34.0,No,O: No Injury,Female,Passenger Car,No,35.60092123,-77.37098921,Dry,30 - 35  MPH,Stop And Go Signal,Clear,No,0,0,5
Yes,60.0,No,With Traffic,B: Suspected Minor Injury,Male,None - Rural Crash,New Hanover,No,Wednesday,Motorist Failed to Yield - Midblock,11.0,June,Motorist Drive Out - Residential Driveway,2016,64.0,No,O: No Injury,Male,Passenger Car,No,34.11029145,-77.92207707,Dry,50 - 55  MPH,No Control Present,Clear,No,0,0,6
Yes,24.0,No,Facing Traffic,B: Suspected Minor Injury,Male,Boone,Watauga,No,Wednesday,Motorist Failed to Yield - Midblock,20.0,July,Motorist Drive Out - Commercial Driveway / Alley,2016,28.0,No,O: No Injury,Female,Passenger Car,No,36.20091653,-81.66118402,Dry,5 - 15 MPH,No Control Present,Clear,No,0,0,7
Yes,34.0,No,With Traffic,B: Suspected Minor Injury,Male,Winston-Salem,Forsyth,No,Monday,Motorist Left Turn / Merge,21.0,June,Motorist Left Turn - Opposite Direction,2016,75.0,No,O: No Injury,Male,Passenger Car,No,36.06931944,-80.20275306,Dry,30 - 35  MPH,No Control Present,Clear,No,0,0,6
Yes,15.0,No,Facing Traffic,B: Suspected Minor Injury,Female,None - Rural Crash,Harnett,No,Monday,Motorist Overtaking Bicyclist,21.0,June,Motorist Overtaking - Undetected Bicyclist,2016,25.0,No,C: Possible Injury,Male,Passenger Car,No,35.3145069,-79.02179142,Dry,50 - 55  MPH,No Control Present,Clear,No,0,0,6
No,41.0,No,With Traffic,B: Suspected Minor Injury,Male,None - Rural Crash,Rockingham,No,Thursday,Motorist Overtaking Bicyclist,13.0,June,Motorist Overtaking - Misjudged Space,2016,33.0,No,O: No Injury,Male,Sport Utility,No,36.26234406,-79.72546314,Dry,50 - 55  MPH,"Double Yellow Line, No Passing Zone",Clear,No,0,0,6
Yes,50.0,No,With Traffic,B: Suspected Minor Injury,Male,None - Rural Crash,Catawba,No,Wednesday,Motorist Left Turn / Merge,19.0,June,Motorist Left Turn - Opposite Direction,2016,53.0,No,O: No Injury,Male,Pickup,No,35.79427672,-81.186041,Dry,50 - 55  MPH,"Double Yellow Line, No Passing Zone",Clear,No,0,0,6
Yes,65.0,No,With Traffic,B: Suspected Minor Injury,Male,None - Rural Crash,Sampson,No,Sunday,Motorist Overtaking Bicyclist,21.0,June,Motorist Overtaking - Other / Unknown,2016,25.0,No,O: No Injury,Male,Pickup,No,35.25415674,-78.41383711,Dry,50 - 55  MPH,"Double Yellow Line, No Passing Zone",Clear,No,0,0,6
Yes,42.0,No,With Traffic,B: Suspected Minor Injury,Male,None - Rural Crash,Onslow,No,Monday,Bicyclist Overtaking Motorist,7.0,July,Bicyclist Overtaking - Parked Vehicle,2016,42.03850604944766,Missing,Unknown Injury,Unknown,Sport Utility,No,34.83389428,-77.52905517,Dry,50 - 55  MPH,No Control Present,Clear,No,1,0,7
No,36.0,No,With Traffic,B: Suspected Minor Injury,Male,High Point,Guilford,No,Monday,Motorist Overtaking Bicyclist,9.0,June,Motorist Overtaking - Misjudged Space,2016,61.0,No,O: No Injury,Female,Passenger Car,No,35.97480807,-80.01988965,Dry,30 - 35  MPH,Stop Sign,Clear,No,0,0,6
Yes,14.0,No,Not Applicable,B: Suspected Minor Injury,Male,Fayetteville,Cumberland,No,Monday,Bicyclist Failed to Yield - Midblock,15.0,June,Bicyclist Ride Out - Midblock - Unknown,2016,19.0,No,O: No Injury,Female,Sport Utility,No,35.11364996,-78.8797262,Dry,40 - 45  MPH,No Control Present,Clear,No,0,0,6
Yes,52.0,No,With Traffic,B: Suspected Minor Injury,Male,None - Rural Crash,Cabarrus,No,Saturday,Motorist Overtaking Bicyclist,16.0,June,Motorist Overtaking - Other / Unknown,2016,36.0,No,O: No Injury,Male,Pickup,No,35.5029061,-80.54350333,Dry,50 - 55  MPH,"Double Yellow Line, No Passing Zone",Clear,No,0,0,6
Yes,22.0,No,With Traffic,B: Suspected Minor Injury,Male,Blowing Rock,Watauga,No,Tuesday,Motorist Failed to Yield - Midblock,11.0,July,Motorist Drive Out - Commercial Driveway / Alley,2016,73.0,No,O: No Injury,Female,Passenger Car,No,36.1342324,-81.67477909,Dry,20 - 25  MPH,No Control Present,Clear,No,0,0,7
Yes,45.0,No,With Traffic,B: Suspected Minor Injury,Male,None - Rural Crash,Lincoln,No,Wednesday,Motorist Overtaking Bicyclist,7.0,June,Motorist Overtaking - Other / Unknown,2016,54.0,No,O: No Injury,Male,Pickup,No,35.53709697,-81.26585747,Dry,50 - 55  MPH,"Double Yellow Line, No Passing Zone",Clear,No,0,0,6
Yes,16.0,No,With Traffic,B: Suspected Minor Injury,Male,Charlotte,Mecklenburg,No,Sunday,Motorist Overtaking Bicyclist,14.0,July,Motorist Overtaking - Other / Unknown,2016,42.03850604944766,Missing,Unknown Injury,Unknown,Unknown,Yes,35.15563641,-80.78002489,Dry,20 - 25  MPH,No Control Present,Clear,No,1,0,7
Yes,12.0,No,With Traffic,B: Suspected Minor Injury,Male,Waynesville,Haywood,No,Wednesday,Bicyclist Failed to Yield - Sign-Controlled Intersection,17.0,June,Bicyclist Ride Through - Sign-Controlled Intersection,2016,25.0,No,O: No Injury,Female,Passenger Car,No,35.49554582,-82.99858962,Dry,20 - 25  MPH,Stop Sign,Clear,No,0,0,6
Yes,22.0,No,With Traffic,B: Suspected Minor Injury,Female,Kill Devil Hills,Dare,Yes,Friday,Motorist Overtaking Bicyclist,3.0,June,Motorist Overtaking - Other / Unknown,2016,26.0,Yes,O: No Injury,Male,Passenger Car,No,36.01107939,-75.65950249,Wet,40 - 45  MPH,No Control Present,Rain,No,0,0,6
No,28.0,No,With Traffic,B: Suspected Minor Injury,Male,High Point,Guilford,No,Friday,Motorist Failed to Yield - Sign-Controlled Intersection,14.0,July,Motorist Drive Out - Sign-Controlled Intersection,2016,33.0,No,O: No Injury,Female,Sport Utility,No,35.97077527,-79.97958465,Dry,30 - 35  MPH,Stop Sign,Clear,No,0,0,7
Yes,61.0,No,With Traffic,B: Suspected Minor Injury,Male,Wilmington,New Hanover,No,Tuesday,Loss of Control / Turning Error,12.0,June,Motorist Lost Control - Other / Unknown,2016,28.0,No,C: Possible Injury,Female,Sport Utility,No,34.23660238,-77.87301495,Dry,40 - 45  MPH,Stop And Go Signal,Clear,No,0,0,6
No,38.0,No,With Traffic,B: Suspected Minor Injury,Male,Wrightsville Beach,New Hanover,No,Wednesday,Motorist Left Turn / Merge,8.0,June,Motorist Left Turn - Same Direction,2016,26.0,No,O: No Injury,Male,Sport Utility,No,34.20416079,-77.79880528,Dry,30 - 35  MPH,No Control Present,Clear,No,0,0,6
No,54.0,No,With Traffic,C: Possible Injury,Male,None - Rural Crash,Gaston,No,Wednesday,Other / Unusual Circumstances,9.0,June,Bicycle Only,2016,66.0,No,O: No Injury,Female,Sport Utility,No,35.18567772,-81.05914494,Dry,40 - 45  MPH,"Double Yellow Line, No Passing Zone",Clear,No,0,0,6
Yes,37.0,No,With Traffic,B: Suspected Minor Injury,Male,Asheville,Buncombe,No,Tuesday,Motorist Overtaking Bicyclist,9.0,June,Motorist Overtaking - Misjudged Space,2016,59.0,No,O: No Injury,Male,"Light Truck (Mini-Van, Panel)",No,35.57968285,-82.57445114,Dry,20 - 25  MPH,No Control Present,Clear,No,0,0,6
Yes,12.0,No,Facing Traffic,B: Suspected Minor Injury,Female,Gastonia,Gaston,No,Sunday,Bicyclist Failed to Yield - Signalized Intersection,21.0,July,Bicyclist Ride Through - Signalized Intersection,2016,35.0,No,O: No Injury,Female,Passenger Car,No,35.23482579,-81.20549542,Dry,40 - 45  MPH,Stop And Go Signal,Clear,No,0,0,7
No,14.0,No,With Traffic,B: Suspected Minor Injury,Male,Concord,Cabarrus,No,Thursday,Bicyclist Left Turn / Merge,15.0,June,Bicyclist Left Turn - Same Direction,2016,52.0,No,O: No Injury,Female,Sport Utility,No,35.43381889,-80.60116617,Dry,30 - 35  MPH,No Control Present,Clear,No,0,0,6
Yes,33.0,No,With Traffic,B: Suspected Minor Injury,Male,None - Rural Crash,Pitt,No,Wednesday,Loss of Control / Turning Error,18.0,July,Motorist Lost Control - Other / Unknown,2016,18.0,No,O: No Injury,Male,Passenger Car,No,35.56241788,-77.35998449,Dry,50 - 55  MPH,"Double Yellow Line, No Passing Zone",Clear,No,0,0,7
Yes,22.0,No,With Traffic,B: Suspected Minor Injury,Female,None - Rural Crash,Orange,No,Wednesday,Motorist Overtaking Bicyclist,7.0,July,Motorist Overtaking - Undetected Bicyclist,2016,35.0,No,O: No Injury,Male,Pickup,No,35.97257352,-79.13789558,Dry,40 - 45  MPH,"Double Yellow Line, No Passing Zone",Clear,No,0,0,7
Yes,64.0,No,With Traffic,B: Suspected Minor Injury,Male,None - Rural Crash,Stokes,No,Wednesday,Motorist Overtaking Bicyclist,19.0,July,Motorist Overtaking - Other / Unknown,2016,30.0,Unknown,Unknown Injury,Male,Pickup,Yes,36.38777885,-80.44072244,Dry,50 - 55  MPH,"Double Yellow Line, No Passing Zone",Clear,No,0,0,7
Yes,42.0,No,With Traffic,B: Suspected Minor Injury,Male,None - Rural Crash,Cabarrus,No,Sunday,Motorist Overtaking Bicyclist,7.0,July,Motorist Overtaking - Other / Unknown,2016,26.0,No,O: No Injury,Male,Sport Utility,No,35.36901878,-80.57093208,Dry,50 - 55  MPH,No Control Present,Clear,No,0,0,7
Yes,58.0,No,With Traffic,B: Suspected Minor Injury,Female,Charlotte,Mecklenburg,No,Tuesday,Motorist Overtaking Bicyclist,6.0,July,Motorist Overtaking - Other / Unknown,2016,31.0,No,O: No Injury,Female,Sport Utility,No,35.03047518,-80.80737442,Dry,40 - 45  MPH,No Control Present,Clear,No,0,0,7