AmbulanceR,BikeAge,BikeAlcFlg,BikeDir,BikeInjury,BikeSex,City,County,CrashAlcoh,CrashDay,CrashGrp,CrashHour,CrashMonth,CrashType,CrashYear,DrvrAge,DrvrAlcFlg,DrvrInjury,DrvrSex,DrvrVehTyp,HitRun,Latitude,Longitude,RdConditio,SpeedLimit,TraffCntrl,Weather,Workzone,DrvrAgeImputedFlag,BikeAgeImputedFlag,MonthCode
Yes,18.0,No,With Traffic,B: Suspected Minor Injury,Male,Hillsborough,Orange,No,Monday,Crossing Paths - Other Circumstances,15.0,July,Sign-Controlled Intersection - Other / Unknown,2016,42.03850604944766,Missing,Unknown Injury,Unknown,Passenger Car,Yes,36.07061063,-79.11674018,Dry,20 - 25  MPH,Stop Sign,Clear,No,1,0,7
Yes,23.0,No,With Traffic,B: Suspected Minor Injury,Female,Raleigh,Wake,No,Thursday,Head-On,1.0,July,Head-On - Motorist,2016,42.03850604944766,Missing,Unknown Injury,Unknown,Passenger Car,Yes,35.78003394,-78.65543736,Dry,20 - 25  MPH,No Control Present,Clear,No,1,0,7
Yes,23.0,No,With Traffic,B: Suspected Minor Injury,Female,Durham,Durham,No,Wednesday,Motorist Overtaking Bicyclist,17.0,July,Motorist Overtaking - Undetected Bicyclist,2016,27.0,No,O: No Injury,Male,Sport Utility,No,35.87755977,-78.8599455,Dry,30 - 35  MPH,No Control Present,Clear,No,0,0,7
Yes,20.0,No,With Traffic,B: Suspected Minor Injury,Male,Charlotte,Mecklenburg,No,Sunday,Motorist Failed to Yield - Midblock,22.0,July,Motorist Drive Out - Commercial Driveway / Alley,2016,32.0,No,O: No Injury,Male,Passenger Car,No,35.06157069,-80.85001479,Dry,30 - 35  MPH,No Control Present,Clear,No,0,0,7
Yes,49.0,No,With Traffic,B: Suspected Minor Injury,Male,None - Rural Crash,Randolph,No,Wednesday,Motorist Overtaking Bicyclist,6.0,July,Motorist Overtaking - Other / Unknown,2016,32.0,No,O: No Injury,Male,Pickup,No,35.89696125,-79.59867558,Dry,50 - 55  MPH,"Double Yellow Line, No Passing Zone",Clear,No,0,0,7
Yes,16.0,No,Not Applicable,B: Suspected Minor Injury,Male,None - Rural Crash,Moore,No,Thursday,Non-Roadway,18.0,June,Non-Roadway,2016,42.03850604944766,Unknown,Unknown Injury,Unknown,Passenger Car,Yes,35.28387155,-79.56905949,Dry,5 - 15 MPH,No Control Present,Clear,No,1,0,6
Yes,55.0,Yes,Facing Traffic,B: Suspected Minor Injury,Male,Durham,Durham,Yes,Saturday,Bicyclist Failed to Yield - Signalized Intersection,2.0,July,Bicyclist Failed to Clear - Unknown,2016,42.03850604944766,Missing,Unknown Injury,Unknown,Passenger Car,Yes,36.00336626,-78.91472555,Dry,30 - 35  MPH,Stop And Go Signal,Clear,No,1,0,7
Yes,20.0,No,Facing Traffic,B: Suspected Minor Injury,Male,Wilmington,New Hanover,No,Wednesday,Motorist Left Turn / Merge,13.0,June,Motorist Left Turn - Same Direction,2016,49.0,No,O: No Injury,Male,Van,No,34.24027354,-77.90544758,Dry,30 - 35  MPH,Stop Sign,Clear,No,0,0,6
Yes,40.0,No,With Traffic,B: Suspected Minor Injury,Female,Burlington,Alamance,No,Monday,Bicyclist Failed to Yield - Sign-Controlled Intersection,23.0,August,Bicyclist Ride Through - Sign-Controlled Intersection,2016,51.0,No,O: No Injury,Female,Passenger Car,No,36.09041949,-79.41909691,Dry,30 - 35  MPH,Stop Sign,Clear,No,0,0,8
Yes,18.0,No,Facing Traffic,B: Suspected Minor Injury,Male,Rocky Mount,Edgecombe,No,Sunday,Crossing Paths - Other Circumstances,12.0,July,Signalized Intersection - Other / Unknown,2016,42.03850604944766,Missing,Unknown Injury,Unknown,Sport Utility,Yes,35.93749905,-77.79269599,Dry,30 - 35  MPH,Stop And Go Signal,Clear,No,1,0,7
Yes,57.0,No,Facing Traffic,B: Suspected Minor Injury,Male,High Point,Guilford,No,Wednesday,Head-On,6.0,June,Head-On - Bicyclist,2016,21.0,No,O: No Injury,Male,Passenger Car,No,35.93707415,-80.03156273,Dry,30 - 35  MPH,No Control Present,Clear,No,0,0,6
Yes,5.0,No,Not Applicable,B: Suspected Minor Injury,Male,Greenville,Pitt,No,Wednesday,Non-Roadway,16.0,July,Non-Roadway,2016,30.0,No,O: No Injury,Female,Passenger Car,No,35.57824643,-77.35707038,Dry,5 - 15 MPH,No Control Present,Clear,No,0,0,7
Yes,24.0,No,With Traffic,B: Suspected Minor Injury,Male,None - Rural Crash,Washington,No,Tuesday,Motorist Overtaking Bicyclist,15.0,July,Motorist Overtaking - Bicyclist Swerved,2016,44.0,No,O: No Injury,Female,Passenger Car,No,35.91510239,-76.60088934,Dry,50 - 55  MPH,No Control Present,Clear,No,0,0,7
Yes,53.0,No,With Traffic,B: Suspected Minor Injury,Female,None - Rural Crash,Guilford,No,Saturday,Motorist Failed to Yield - Sign-Controlled Intersection,9.0,July,Motorist Drive Out - Sign-Controlled Intersection,2016,59.0,No,O: No Injury,Female,Passenger Car,No,36.12454893,-79.6743166,Dry,40 - 45  MPH,Stop Sign,Clear,No,0,0,7
Yes,42.0,No,Facing Traffic,B: Suspected Minor Injury,Female,Fayetteville,Cumberland,No,Sunday,Motorist Failed to Yield - Sign-Controlled Intersection,19.0,July,Motorist Drive Out - Sign-Controlled Intersection,2016,37.0,No,O: No Injury,Female,Sport Utility,No,35.10402435,-78.89089399,Dry,20 - 25  MPH,No Control Present,Clear,No,0,0,7
No,20.0,No,With Traffic,B: Suspected Minor Injury,Male,Charlotte,Mecklenburg,No,Friday,Motorist Right Turn / Merge,15.0,August,Motorist Right Turn - Same Direction,2016,46.0,No,O: No Injury,Female,Pickup,No,35.20328909,-80.72313207,Dry,40 - 45  MPH,No Control Present,Cloudy,No,0,0,8
Yes,56.0,No,With Traffic,B: Suspected Minor Injury,Male,None - Rural Crash,New Hanover,No,Friday,Motorist Overtaking Bicyclist,11.0,August,Motorist Overtaking - Other / Unknown,2016,67.0,No,O: No Injury,Female,Pickup,No,33.96218616,-77.93026779,Dry,40 - 45  MPH,"Double Yellow Line, No Passing Zone",Clear,No,0,0,8
Yes,56.0,No,Facing Traffic,B: Suspected Minor Injury,Male,Greenville,Pitt,No,Thursday,Motorist Failed to Yield - Signalized Intersection,18.0,August,Motorist Drive Through - Signalized Intersection,2016,33.0,No,O: No Injury,Female,Passenger Car,Yes,35.60062773,-77.39220932,Dry,30 - 35  MPH,Stop And Go Signal,Clear,No,0,0,8
Yes,44.0,No,With Traffic,B: Suspected Minor Injury,Female,Charlotte,Mecklenburg,No,Friday,Motorist Right Turn / Merge,18.0,August,Motorist Right Turn - Same Direction,2016,42.03850604944766,Missing,Unknown Injury,Unknown,Unknown,Yes,35.23742773,-80.82944735,Wet,30 - 35  MPH,Stop And Go Signal,Cloudy,No,1,0,8
Yes,38.0,No,Unknown,B: Suspected Minor Injury,Male,Hope Mills,Cumberland,No,Tuesday,Bicyclist Right Turn / Merge,17.0,July,Bicyclist Right Turn - Same Direction,2016,19.0,No,O: No Injury,Female,Passenger Car,No,34.97868873,-78.95753997,Dry,30 - 35  MPH,No Control Present,Clear,No,0,0,7
Yes,25.0,Yes,With Traffic,B: Suspected Minor Injury,Male,Charlotte,Mecklenburg,Yes,Saturday,Motorist Overtaking Bicyclist,2.0,August,Motorist Overtaking - Other / Unknown,2016,42.03850604944766,Missing,Unknown Injury,Unknown,Unknown,Yes,35.21923108,-80.79900789,Dry,30 - 35  MPH,No Control Present,Clear,No,1,0,8
Yes,58.0,No,With Traffic,B: Suspected Minor Injury,Male,Charlotte,Mecklenburg,No,Saturday,Motorist Overtaking Bicyclist,19.0,August,Motorist Overtaking - Other / Unknown,2016,42.03850604944766,Missing,Unknown Injury,Unknown,Unknown,Yes,35.14020123,-80.87750422,Dry,30 - 35  MPH,"Double Yellow Line, No Passing Zone",Clear,No,1,0,8
Yes,28.0,No,With Traffic,B: Suspected Minor Injury,Female,None - Rural Crash,Orange,No,Saturday,Motorist Failed to Yield - Sign-Controlled Intersection,10.0,August,Motorist Drive Through - Sign-Controlled Intersection,2016,66.0,No,O: No Injury,Female,Passenger Car,No,36.18058505,-79.11003412,Dry,40 - 45  MPH,Stop Sign,Clear,No,0,0,8
Yes,19.0,No,With Traffic,B: Suspected Minor Injury,Female,Kill Devil Hills,Dare,No,Wednesday,Motorist Left Turn / Merge,15.0,July,Motorist Left Turn - Opposite Direction,2016,63.0,No,O: No Injury,Male,Sport Utility,No,36.01082011,-75.65909861,Dry,40 - 45  MPH,No Control Present,Clear,No,0,0,7
Yes,25.0,No,Facing Traffic,B: Suspected Minor Injury,Male,Greenville,Pitt,No,Saturday,Motorist Failed to Yield - Midblock,15.0,August,Motorist Drive Out - Residential Driveway,2016,30.0,No,O: No Injury,Female,Sport Utility,No,35.61974907,-77.41180802,Dry,Unknown,No Control Present,Clear,No,0,0,8
No,33.0,No,With Traffic,B: Suspected Minor Injury,Male,Charlotte,Mecklenburg,No,Monday,Loss of Control / Turning Error,10.0,August,Motorist Turning Error - Left Turn,2016,31.0,No,O: No Injury,Male,Pickup,No,35.23548527,-80.8019848,Dry,20 - 25  MPH,Stop Sign,Clear,No,0,0,8
Yes,49.0,Unknown,With Traffic,B: Suspected Minor Injury,Male,Charlotte,Mecklenburg,No,Tuesday,Bicyclist Failed to Yield - Signalized Intersection,11.0,August,Bicyclist Ride Out - Signalized  Intersection,2016,54.0,No,O: No Injury,Male,Van,No,35.23954015,-80.83604354,Dry,30 - 35  MPH,Stop And Go Signal,Cloudy,No,0,0,8
Yes,22.0,No,With Traffic,B: Suspected Minor Injury,Male,Raleigh,Wake,No,Wednesday,Bicyclist Failed to Yield - Signalized Intersection,11.0,August,Bicyclist Ride Through - Signalized Intersection,2016,48.0,No,O: No Injury,Male,Pickup,No,35.78385373,-78.6825538,Dry,40 - 45  MPH,Stop And Go Signal,Clear,No,0,0,8
No,41.0,No,With Traffic,B: Suspected Minor Injury,Female,None - Rural Crash,Iredell,No,Saturday,Motorist Overtaking Bicyclist,9.0,August,Motorist Overtaking - Other / Unknown,2016,57.0,No,O: No Injury,Male,Passenger Car,No,35.76099216,-80.83375955,Dry,40 - 45  MPH,"Double Yellow Line, No Passing Zone",Clear,No,0,0,8
Yes,11.0,No,Facing Traffic,B: Suspected Minor Injury,Male,Raleigh,Wake,No,Monday,Motorist Failed to Yield - Signalized Intersection,19.0,August,Motorist Drive Out - Right Turn on Red,2016,42.03850604944766,Missing,Unknown Injury,Unknown,Unknown,Yes,35.74808564,-78.60653606,Dry,40 - 45  MPH,Stop And Go Signal,Clear,No,1,0,8
Yes,19.0,No,Facing Traffic,B: Suspected Minor Injury,Female,Atlantic Beach,Carteret,No,Sunday,Motorist Failed to Yield - Midblock,20.0,July,Motorist Drive Out - Commercial Driveway / Alley,2016,22.0,No,O: No Injury,Male,Passenger Car,No,34.70695869,-76.73775569,Dry,Unknown,No Control Present,Clear,No,0,0,7
Yes,19.0,No,Facing Traffic,B: Suspected Minor Injury,Male,Statesville,Iredell,No,Saturday,Bicyclist Failed to Yield - Sign-Controlled Intersection,19.0,July,Bicyclist Ride Through - Sign-Controlled Intersection,2016,76.0,No,O: No Injury,Male,Passenger Car,No,35.76464926,-80.89009154,Dry,30 - 35  MPH,Stop Sign,Clear,No,0,0,7
No,23.0,No,Facing Traffic,B: Suspected Minor Injury,Male,Boone,Watauga,No,Tuesday,Crossing Paths - Other Circumstances,15.0,August,Signalized Intersection - Other / Unknown,2016,32.0,No,O: No Injury,Male,Passenger Car,No,36.20381356,-81.66682319,Dry,30 - 35  MPH,Stop And Go Signal,Cloudy,No,0,0,8
Yes,19.0,No,Facing Traffic,B: Suspected Minor Injury,Female,Kill Devil Hills,Dare,No,Sunday,Motorist Failed to Yield - Signalized Intersection,19.0,July,Motorist Drive Out - Right Turn on Red,2016,43.0,No,O: No Injury,Male,Passenger Car,No,35.99762739,-75.65150026,Wet,40 - 45  MPH,Stop And Go Signal,Cloudy,No,0,0,7
Yes,38.0,Yes,With Traffic,B: Suspected Minor Injury,Male,None - Rural Crash,New Hanover,Yes,Monday,Motorist Overtaking Bicyclist,22.0,August,Motorist Overtaking - Other / Unknown,2016,42.03850604944766,Unknown,Unknown Injury,Unknown,Unknown,Yes,34.09685635,-77.88920737,Dry,40 - 45  MPH,"Double Yellow Line, No Passing Zone",Clear,No,1,0,8
Yes,32.0,No,With Traffic,B: Suspected Minor Injury,Female,None - Rural Crash,Moore,No,Thursday,Bicyclist Left Turn / Merge,12.0,August,Bicyclist Left Turn - Same Direction,2016,71.0,No,O: No Injury,Female,Pickup,No,35.21339237,-79.37845074,Dry,40 - 45  MPH,No Control Present,Clear,No,0,0,8
Yes,30.0,No,Facing Traffic,B: Suspected Minor Injury,Female,Fayetteville,Cumberland,No,Saturday,Motorist Failed to Yield - Sign-Controlled Intersection,14.0,May,Motorist Drive Out - Sign-Controlled Intersection,2016,61.0,No,O: No Injury,Male,Pickup,No,35.05187464,-78.94070018,Dry,20 - 25  MPH,Stop Sign,Clear,No,0,0,5
Yes,59.0,No,With Traffic,B: Suspected Minor Injury,Male,None - Rural Crash,Onslow,No,Monday,Motorist Overtaking Bicyclist,7.0,August,Motorist Overtaking - Other / Unknown,2016,27.0,No,O: No Injury,Female,Passenger Car,No,34.67747044,-77.4700903,Dry,50 - 55  MPH,No Control Present,Clear,No,0,0,8
No,59.0,Yes,With Traffic,B: Suspected Minor Injury,Male,Laurinburg,Scotland,Yes,Saturday,Motorist Overtaking Bicyclist,16.0,July,Motorist Overtaking - Bicyclist Swerved,2016,37.0,No,O: No Injury,Male,Passenger Car,Yes,34.78247251,-79.44202437,Dry,30 - 35  MPH,No Control Present,Clear,No,0,0,7
Yes,50.0,No,With Traffic,B: Suspected Minor Injury,Female,New Bern,Craven,No,Saturday,Motorist Failed to Yield - Midblock,9.0,July,Motorist Drive Out - Commercial Driveway / Alley,2016,68.0,No,O: No Injury,Male,Passenger Car,No,35.0973221,-77.0383578,Dry,30 - 35  MPH,No Control Present,Clear,No,0,0,7
Yes,24.0,No,With Traffic,B: Suspected Minor Injury,Male,Greensboro,Guilford,No,Tuesday,Parallel Paths - Other Circumstances,6.0,August,Motorist Turn / Merge - Other / Unknown,2016,38.0,No,O: No Injury,Male,Pickup,No,36.05080579,-79.73306867,Dry,40 - 45  MPH,Stop And Go Signal,Clear,No,0,0,8
Yes,54.0,No,With Traffic,B: Suspected Minor Injury,Male,Raleigh,Wake,No,Saturday,Motorist Left Turn / Merge,11.0,August,Motorist Left Turn - Opposite Direction,2016,26.0,No,O: No Injury,Female,Passenger Car,No,35.7881725,-78.63959147,Dry,30 - 35  MPH,Stop Sign,Clear,No,0,0,8
Yes,30.0,No,With Traffic,B: Suspected Minor Injury,Male,None - Rural Crash,Randolph,No,Saturday,Motorist Overtaking Bicyclist,23.0,August,Motorist Overtaking - Other / Unknown,2016,42.03850604944766,Unknown,Unknown Injury,Unknown,Unknown,Yes,35.89035695,-79.80808728,Dry,40 - 45  MPH,"Double Yellow Line, No Passing Zone",Clear,No,1,0,8
Yes,28.0,No,Not Applicable,B: Suspected Minor Injury,Male,None - Rural Crash,Rutherford,No,Tuesday,Bicyclist Failed to Yield - Midblock,19.0,August,Bicyclist Ride Out - Residential Driveway,2016,37.0,No,O: No Injury,Female,Pickup,No,35.27464585,-81.78968426,Dry,50 - 55  MPH,"Double Yellow Line, No Passing Zone",Clear,No,0,0,8
No,39.0,No,With Traffic,B: Suspected Minor Injury,Male,Durham,Durham,No,Thursday,Motorist Right Turn / Merge,8.0,September,Motorist Right Turn - Same Direction,2016,30.0,No,O: No Injury,Female,Passenger Car,No,35.9972358,-78.92426,Dry,30 - 35  MPH,No Control Present,Clear,No,0,0,9
No,46.0,No,Unknown,B: Suspected Minor Injury,Male,Charlotte,Mecklenburg,No,Tuesday,Parallel Paths - Other Circumstances,12.0,August,Motorist Turn / Merge - Other / Unknown,2016,60.0,No,O: No Injury,Male,Passenger Car,No,35.23005818,-80.8390383,Dry,30 - 35  MPH,No Control Present,Clear,No,0,0,8
Yes,22.0,No,With Traffic,B: Suspected Minor Injury,Male,Boone,Watauga,No,Thursday,Motorist Left Turn / Merge,15.0,September,Motorist Left Turn - Opposite Direction,2016,21.0,No,O: No Injury,Male,Sport Utility,No,36.21250459,-81.680716,Wet,5 - 15 MPH,No Control Present,Cloudy,No,0,0,9
Yes,56.0,No,With Traffic,B: Suspected Minor Injury,Male,Southern Pines,Moore,No,Saturday,Motorist Right Turn / Merge,19.0,August,Motorist Right Turn - Same Direction,2016,55.0,No,O: No Injury,Male,Pickup,No,35.18265744,-79.40012868,Dry,30 - 35  MPH,No Control Present,Clear,No,0,0,8
No,93.0,No,With Traffic,B: Suspected Minor Injury,Male,Tarboro,Edgecombe,No,Wednesday,Motorist Failed to Yield - Midblock,10.0,August,Motorist Drive Out - Residential Driveway,2016,71.0,No,O: No Injury,Female,Sport Utility,No,35.90022784,-77.53724338,Dry,5 - 15 MPH,No Control Present,Clear,No,0,0,8
Yes,64.0,No,Facing Traffic,B: Suspected Minor Injury,Male,Hendersonville,Henderson,No,Friday,Motorist Failed to Yield - Signalized Intersection,19.0,September,Motorist Drive Out - Right Turn on Red,2016,80.0,No,O: No Injury,Female,Passenger Car,No,35.32345099,-82.46283142,Dry,30 - 35  MPH,Stop And Go Signal,Clear,No,0,0,9
Yes,48.0,No,With Traffic,B: Suspected Minor Injury,Male,None - Rural Crash,Catawba,No,Saturday,Motorist Overtaking Bicyclist,16.0,August,Motorist Overtaking - Other / Unknown,2016,19.0,No,O: No Injury,Male,Passenger Car,No,35.63003778,-80.9955937,Dry,40 - 45  MPH,No Control Present,Cloudy,No,0,0,8
Yes,55.0,No,With Traffic,B: Suspected Minor Injury,Male,None - Rural Crash,Lincoln,No,Wednesday,Motorist Overtaking Bicyclist,22.0,August,Motorist Overtaking - Other / Unknown,2016,18.0,No,O: No Injury,Female,Passenger Car,No,35.45519401,-81.04144957,Dry,50 - 55  MPH,No Control Present,Clear,No,0,0,8
Yes,48.0,No,With Traffic,B: Suspected Minor Injury,Male,None - Rural Crash,Wake,No,Thursday,Bicyclist Left Turn / Merge,18.0,August,Bicyclist Left Turn - Same Direction,2016,28.0,No,O: No Injury,Male,Passenger Car,No,35.68505261,-78.83398786,Dry,30 - 35  MPH,"Double Yellow Line, No Passing Zone",Clear,No,0,0,8
Yes,21.0,No,Facing Traffic,B: Suspected Minor Injury,Male,Charlotte,Mecklenburg,No,Monday,Motorist Failed to Yield - Midblock,23.0,September,Motorist Drive Out - Commercial Driveway / Alley,2016,28.0,No,O: No Injury,Male,Pickup,No,35.21905574,-80.81094351,Dry,20 - 25  MPH,No Control Present,Clear,No,0,0,9
Yes,41.0,No,With Traffic,B: Suspected Minor Injury,Male,Maxton,Robeson,No,Friday,Motorist Overtaking Bicyclist,21.0,September,Motorist Overtaking - Undetected Bicyclist,2016,38.0,No,O: No Injury,Female,Passenger Car,No,34.73671885,-79.35189211,Wet,30 - 35  MPH,"Double Yellow Line, No Passing Zone",Rain,No,0,0,9
Yes,28.0,No,With Traffic,B: Suspected Minor Injury,Male,Durham,Durham,No,Friday,Loss of Control / Turning Error,15.0,September,Bicyclist Lost Control - Mechanical Problems,2016,42.03850604944766,No,Unknown Injury,Unknown,Pickup,Yes,35.98533319,-78.88172467,Dry,30 - 35  MPH,Stop Sign,Clear,No,1,0,9
No,46.0,No,Facing Traffic,B: Suspected Minor Injury,Male,Hickory,Catawba,No,Friday,Motorist Failed to Yield - Sign-Controlled Intersection,8.0,August,Motorist Drive Out - Sign-Controlled Intersection,2016,53.0,No,O: No Injury,Female,Sport Utility,No,35.74122101,-81.33554837,Wet,30 - 35  MPH,Stop Sign,Cloudy,No,0,0,8
Yes,51.0,No,With Traffic,B: Suspected Minor Injury,Male,None - Rural Crash,Pender,No,Sunday,Motorist Overtaking Bicyclist,10.0,September,Motorist Overtaking - Other / Unknown,2016,22.0,No,O: No Injury,Male,Sport Utility,No,34.69327775,-77.95319237,Dry,50 - 55  MPH,No Control Present,Clear,No,0,0,9
Yes,16.0,No,With Traffic,B: Suspected Minor Injury,Male,Burgaw,Pender,No,Saturday,Motorist Failed to Yield - Sign-Controlled Intersection,21.0,August,Motorist Drive Out - Sign-Controlled Intersection,2016,56.0,No,O: No Injury,Female,Van,No,34.55202942,-77.92388415,Dry,30 - 35  MPH,Stop Sign,Clear,No,0,0,8
Yes,50.0,No,With Traffic,B: Suspected Minor Injury,Female,Shallotte,Brunswick,No,Saturday,Motorist Overtaking Bicyclist,9.0,August,Motorist Overtaking - Undetected Bicyclist,2016,25.0,No,O: No Injury,Female,Passenger Car,No,33.98268796,-78.41855785,Dry,40 - 45  MPH,No Control Present,Clear,No,0,0,8
Yes,21.0,No,With Traffic,B: Suspected Minor Injury,Female,Raleigh,Wake,No,Tuesday,Motorist Overtaking Bicyclist,20.0,September,Motorist Overtaking - Other / Unknown,2016,23.0,No,O: No Injury,Male,Pickup,No,35.77705404,-78.67865893,Dry,40 - 45  MPH,No Control Present,Clear,No,0,0,9
Yes,30.0,No,Facing Traffic,B: Suspected Minor Injury,Male,Wilmington,New Hanover,No,Monday,Motorist Failed to Yield - Midblock,16.0,August,Motorist Drive Out - Commercial Driveway / Alley,2016,40.0,No,O: No Injury,Female,Passenger Car,No,34.24358622,-77.88564959,Dry,30 - 35  MPH,No Control Present,Clear,No,0,0,8
Yes,48.0,No,With Traffic,B: Suspected Minor Injury,Male,Duck,Dare,No,Sunday,Motorist Left Turn / Merge,9.0,August,Motorist Left Turn - Opposite Direction,2016,36.0,Unknown,O: No Injury,Male,Sport Utility,No,36.16091591,-75.75202536,Dry,20 - 25  MPH,No Control Present,Clear,No,0,0,8
No,36.0,Yes,Unknown,B: Suspected Minor Injury,Male,Wilmington,New Hanover,Yes,Thursday,Bicyclist Failed to Yield - Sign-Controlled Intersection,22.0,August,Bicyclist Ride Through - Sign-Controlled Intersection,2016,42.03850604944766,Missing,Unknown Injury,Unknown,Unknown,Yes,34.23413084,-77.93256697,Dry,20 - 25  MPH,Stop Sign,Clear,No,1,0,8
Yes,18.0,No,With Traffic,B: Suspected Minor Injury,Male,Durham,Durham,No,Saturday,Motorist Overtaking Bicyclist,21.0,September,Motorist Overtaking - Undetected Bicyclist,2016,53.0,No,O: No Injury,Male,Sport Utility,No,36.04627696,-78.90268327,Dry,30 - 35  MPH,Stop And Go Signal,Clear,No,0,0,9
Yes,16.0,No,With Traffic,B: Suspected Minor Injury,Male,Charlotte,Mecklenburg,No,Thursday,Motorist Right Turn / Merge,13.0,September,Motorist Right Turn - Same Direction,2016,51.0,No,O: No Injury,Male,Sport Utility,No,35.13759412,-80.87813054,Dry,30 - 35  MPH,No Control Present,Clear,No,0,0,9
No,68.0,Unknown,Facing Traffic,B: Suspected Minor Injury,Male,Cary,Wake,No,Sunday,Motorist Failed to Yield - Sign-Controlled Intersection,9.0,August,Motorist Drive Out - Sign-Controlled Intersection,2016,31.0,Unknown,O: No Injury,Female,Passenger Car,No,35.79162192,-78.82301783,Dry,20 - 25  MPH,Stop Sign,Clear,No,0,0,8
No,25.0,No,With Traffic,B: Suspected Minor Injury,Male,Asheville,Buncombe,No,Saturday,Motorist Right Turn / Merge,20.0,August,Motorist Right Turn - Same Direction,2016,19.0,No,O: No Injury,Male,Passenger Car,No,35.59126151,-82.55177161,Dry,30 - 35  MPH,Stop And Go Signal,Clear,No,0,0,8
Yes,17.0,No,With Traffic,B: Suspected Minor Injury,Male,Charlotte,Mecklenburg,No,Saturday,Crossing Paths - Other Circumstances,22.0,September,Sign-Controlled Intersection - Other / Unknown,2016,42.0,No,O: No Injury,Male,Sport Utility,No,35.11918384,-80.98331409,Dry,40 - 45  MPH,Stop Sign,Clear,No,0,0,9
Yes,31.0,No,With Traffic,B: Suspected Minor Injury,Male,Durham,Durham,No,Saturday,Motorist Left Turn / Merge,8.0,September,Motorist Left Turn - Opposite Direction,2016,42.03850604944766,Unknown,Unknown Injury,Unknown,Passenger Car,Yes,36.00529484,-78.92465348,Dry,30 - 35  MPH,No Control Present,Clear,No,1,0,9
Yes,21.0,No,With Traffic,B: Suspected Minor Injury,Male,Wilmington,New Hanover,No,Wednesday,Motorist Failed to Yield - Sign-Controlled Intersection,15.0,August,Motorist Drive Out - Sign-Controlled Intersection,2016,34.0,No,O: No Injury,Female,Sport Utility,No,34.22993819,-77.87102136,Dry,20 - 25  MPH,Flashing Signal With Stop Sign,Clear,No,0,0,8
Yes,28.0,No,With Traffic,B: Suspected Minor Injury,Male,Elon,Alamance,No,Friday,Bicyclist Failed to Yield - Signalized Intersection,7.0,August,Bicyclist Ride Through - Signalized Intersection,2016,38.0,No,O: No Injury,Female,Sport Utility,No,36.10290245,-79.51947776,Dry,30 - 35  MPH,Stop And Go Signal,Clear,No,0,0,8
Yes,26.0,No,Facing Traffic,B: Suspected Minor Injury,Female,Greensboro,Guilford,No,Saturday,Motorist Failed to Yield - Midblock,15.0,September,Motorist Drive Out - Commercial Driveway / Alley,2016,39.0,No,O: No Injury,Female,Passenger Car,No,36.06921553,-79.87024697,Dry,5 - 15 MPH,No Control Present,Clear,No,0,0,9
Yes,19.0,No,Facing Traffic,B: Suspected Minor Injury,Female,Boone,Watauga,No,Wednesday,Motorist Failed to Yield - Sign-Controlled Intersection,9.0,September,Motorist Drive Out - Sign-Controlled Intersection,2016,19.0,No,O: No Injury,Female,Passenger Car,No,36.20945756,-81.67360151,Dry,5 - 15 MPH,Stop Sign,Clear,No,0,0,9
Yes,50.0,No,Unknown,B: Suspected Minor Injury,Male,Jacksonville,Onslow,No,Friday,Motorist Failed to Yield - Midblock,14.0,August,Motorist Drive Out - Commercial Driveway / Alley,2016,29.0,No,O: No Injury,Male,Sport Utility,No,34.76009856,-77.41459928,Dry,30 - 35  MPH,"Double Yellow Line, No Passing Zone",Clear,No,0,0,8
Yes,32.0,No,Not Applicable,B: Suspected Minor Injury,Female,None - Rural Crash,Carteret,No,Monday,Crossing Paths - Other Circumstances,15.0,May,Signalized Intersection - Other / Unknown,2016,22.0,No,O: No Injury,Male,Pickup,No,34.68773532,-77.07219708,Dry,30 - 35  MPH,Stop And Go Signal,Clear,No,0,0,5
Yes,44.0,No,With Traffic,B: Suspected Minor Injury,Female,None - Rural Crash,Henderson,No,Thursday,Motorist Left Turn / Merge,17.0,September,Motorist Left Turn - Opposite Direction,2016,44.0,No,O: No Injury,Female,Sport Utility,No,35.34120712,-82.48046886,Dry,30 - 35  MPH,"Double Yellow Line, No Passing Zone",Clear,No,0,0,9
Yes,14.0,No,With Traffic,B: Suspected Minor Injury,Female,Fayetteville,Cumberland,No,Wednesday,Loss of Control / Turning Error,20.0,August,"Bicyclist Lost Control - Oversteering, Improper Braking, Speed",2016,42.03850604944766,Missing,Unknown Injury,Unknown,Passenger Car,No,35.04807415,-79.08782659,Dry,Unknown,No Control Present,Clear,No,1,0,8
Yes,18.0,No,Unknown,B: Suspected Minor Injury,Male,Emerald Isle,Carteret,No,Saturday,Bicyclist Failed to Yield - Sign-Controlled Intersection,18.0,August,Bicyclist Ride Through - Sign-Controlled Intersection,2016,23.0,No,O: No Injury,Male,Sport Utility,No,34.66985625,-76.99370803,Dry,20 - 25  MPH,Stop Sign,Clear,No,0,0,8