AmbulanceR,BikeAge,BikeAlcFlg,BikeDir,BikeInjury,BikeSex,City,County,CrashAlcoh,CrashDay,CrashGrp,CrashHour,CrashMonth,CrashType,CrashYear,DrvrAge,DrvrAlcFlg,DrvrInjury,DrvrSex,DrvrVehTyp,HitRun,Latitude,Longitude,RdConditio,SpeedLimit,TraffCntrl,Weather,Workzone,DrvrAgeImputedFlag,BikeAgeImputedFlag,MonthCode
Yes,24.0,No,Facing Traffic,B: Suspected Minor Injury,Female,Fayetteville,Cumberland,No,Monday,Motorist Failed to Yield - Sign-Controlled Intersection,16.0,August,Motorist Drive Out - Sign-Controlled Intersection,2016,34.0,No,O: No Injury,Female,Van,No,35.1318151,-78.90052002,Dry,20 - 25  MPH,Stop Sign,Clear,No,0,0,8
Yes,53.0,No,With Traffic,B: Suspected Minor Injury,Male,Lumberton,Robeson,No,Monday,Motorist Overtaking Bicyclist,12.0,August,Motorist Overtaking - Bicyclist Swerved,2016,48.0,No,O: No Injury,Female,Passenger Car,No,34.61171329,-79.0351659,Dry,40 - 45  MPH,"Double Yellow Line, No Passing Zone",Clear,No,0,0,8
Yes,51.0,No,With Traffic,B: Suspected Minor Injury,Male,Charlotte,Mecklenburg,No,Saturday,Motorist Overtaking Bicyclist,6.0,September,Motorist Overtaking - Other / Unknown,2016,26.0,No,O: No Injury,Male,Pickup,No,35.17501756,-80.81398225,Dry,40 - 45  MPH,No Control Present,Clear,No,0,0,9
Yes,42.0,No,With Traffic,B: Suspected Minor Injury,Male,Charlotte,Mecklenburg,No,Sunday,Motorist Left Turn / Merge,10.0,September,Motorist Left Turn - Opposite Direction,2016,61.0,No,O: No Injury,Male,Sport Utility,No,35.11717635,-80.80582215,Dry,30 - 35  MPH,No Control Present,Clear,No,0,0,9
Yes,49.0,No,With Traffic,B: Suspected Minor Injury,Male,Shelby,Cleveland,No,Thursday,Motorist Overtaking Bicyclist,4.0,August,Motorist Overtaking - Undetected Bicyclist,2016,25.0,No,O: No Injury,Male,Pickup,No,35.30458,-81.52748476,Dry,40 - 45  MPH,No Control Present,Clear,No,0,0,8
No,14.0,No,Not Applicable,B: Suspected Minor Injury,Male,None - Rural Crash,Granville,No,Wednesday,Bicyclist Failed to Yield - Midblock,17.0,September,Bicyclist Ride Out - Other Midblock,2016,25.0,No,O: No Injury,Female,Passenger Car,No,36.13977078,-78.60591813,Dry,50 - 55  MPH,"Double Yellow Line, No Passing Zone",Clear,No,0,0,9
Yes,7.0,No,Not Applicable,B: Suspected Minor Injury,Male,Gastonia,Gaston,No,Sunday,Crossing Paths - Other Circumstances,14.0,September,Signalized Intersection - Other / Unknown,2016,34.0,No,O: No Injury,Male,Passenger Car,No,35.24852791,-81.19054522,Dry,30 - 35  MPH,No Control Present,Clear,No,0,0,9
Yes,34.0,No,With Traffic,B: Suspected Minor Injury,Male,Wilmington,New Hanover,No,Thursday,Bicyclist Failed to Yield - Sign-Controlled Intersection,9.0,August,Bicyclist Ride Through - Sign-Controlled Intersection,2016,33.0,No,O: No Injury,Female,Passenger Car,No,34.24036241,-77.91887815,Dry,30 - 35  MPH,No Control Present,Clear,No,0,0,8
Yes,55.0,No,Not Applicable,B: Suspected Minor Injury,Male,Raleigh,Wake,No,Thursday,Bicyclist Failed to Yield - Midblock,21.0,September,Bicyclist Ride Out - Commercial Driveway / Alley,2016,25.0,No,O: No Injury,Female,Sport Utility,No,35.7744859,-78.64544111,Dry,30 - 35  MPH,No Control Present,Clear,No,0,0,9
No,54.0,No,With Traffic,B: Suspected Minor Injury,Female,Winston-Salem,Forsyth,No,Monday,Motorist Left Turn / Merge,7.0,September,Motorist Left Turn - Opposite Direction,2016,39.0,No,O: No Injury,Male,Passenger Car,No,36.09266278,-80.26508264,Dry,30 - 35  MPH,No Control Present,Clear,No,0,0,9
Yes,28.0,No,With Traffic,B: Suspected Minor Injury,Male,Rocky Mount,Edgecombe,No,Saturday,Motorist Overtaking Bicyclist,21.0,October,Motorist Overtaking - Other / Unknown,2016,42.03850604944766,Missing,Unknown Injury,Unknown,Passenger Car,Yes,35.94069857,-77.77550437,Dry,30 - 35  MPH,No Control Present,Clear,No,1,0,10
Yes,19.0,No,With Traffic,B: Suspected Minor Injury,Male,None - Rural Crash,Cleveland,No,Wednesday,Motorist Overtaking Bicyclist,20.0,September,Motorist Overtaking - Other / Unknown,2016,42.03850604944766,Missing,Unknown Injury,Unknown,Moped,Yes,35.22150061,-81.50769666,Dry,50 - 55  MPH,No Control Present,Clear,No,1,0,9
No,63.0,No,With Traffic,B: Suspected Minor Injury,Male,None - Rural Crash,Iredell,No,Saturday,Motorist Overtaking Bicyclist,12.0,September,Motorist Overtaking - Other / Unknown,2016,56.0,No,O: No Injury,Male,Pickup,No,35.52598197,-80.79058008,"Water (Standing, Moving)",30 - 35  MPH,"Double Yellow Line, No Passing Zone",Clear,No,0,0,9
No,38.0,No,With Traffic,B: Suspected Minor Injury,Male,Huntersville,Mecklenburg,No,Tuesday,Loss of Control / Turning Error,17.0,October,Motorist Turning Error - Left Turn,2016,42.03850604944766,Missing,Unknown Injury,Unknown,Unknown,Yes,35.40921166,-80.84103521,Dry,20 - 25  MPH,Stop Sign,Clear,No,1,0,10
Yes,25.0,No,With Traffic,B: Suspected Minor Injury,Male,Wilmington,New Hanover,No,Monday,Motorist Failed to Yield - Midblock,13.0,September,Motorist Drive Out - Commercial Driveway / Alley,2016,82.0,No,O: No Injury,Female,Passenger Car,No,34.1973817,-77.89845746,Dry,50 - 55  MPH,No Control Present,Clear,No,0,0,9
Yes,47.0,No,Not Applicable,B: Suspected Minor Injury,Male,Wilmington,New Hanover,No,Saturday,Bicyclist Failed to Yield - Midblock,20.0,September,Bicyclist Ride Out - Commercial Driveway / Alley,2016,54.0,No,O: No Injury,Male,Passenger Car,Yes,34.24209762,-77.89343646,Dry,40 - 45  MPH,No Control Present,Clear,No,0,0,9
No,23.0,No,With Traffic,B: Suspected Minor Injury,Male,Boone,Watauga,No,Friday,Motorist Left Turn / Merge,18.0,September,Motorist Left Turn - Opposite Direction,2016,53.0,No,O: No Injury,Male,Pickup,No,36.20628132,-81.67064965,Dry,30 - 35  MPH,No Control Present,Clear,Yes,0,0,9
Yes,15.0,No,With Traffic,B: Suspected Minor Injury,Male,White Lake,Bladen,No,Sunday,Motorist Right Turn / Merge,9.0,September,Motorist Right Turn - Same Direction,2016,69.0,No,Unknown Injury,Male,Sport Utility,No,34.63587545,-78.484134,Dry,20 - 25  MPH,No Control Present,Clear,No,0,0,9
Yes,45.0,No,With Traffic,B: Suspected Minor Injury,Male,Greenville,Pitt,No,Wednesday,Motorist Right Turn / Merge,16.0,September,Motorist Right Turn - Same Direction,2016,18.0,No,O: No Injury,Male,Passenger Car,No,35.61294612,-77.38699508,Dry,20 - 25  MPH,Stop And Go Signal,Clear,No,0,0,9
Yes,28.0,No,Facing Traffic,B: Suspected Minor Injury,Male,Raleigh,Wake,No,Monday,Motorist Left Turn / Merge,13.0,October,Motorist Left Turn - Same Direction,2016,48.0,No,C: Possible Injury,Female,Passenger Car,No,35.78872957,-78.68413929,Dry,20 - 25  MPH,No Control Present,Clear,No,0,0,10
No,21.0,No,With Traffic,B: Suspected Minor Injury,Male,None - Rural Crash,Brunswick,No,Friday,Motorist Overtaking Bicyclist,16.0,September,Motorist Overtaking - Other / Unknown,2016,43.0,No,O: No Injury,Male,Van,No,33.95231732,-78.46241934,Dry,50 - 55  MPH,No Control Present,Cloudy,No,0,0,9
No,50.0,No,With Traffic,B: Suspected Minor Injury,Male,None - Rural Crash,Rowan,No,Saturday,Motorist Overtaking Bicyclist,12.0,September,Motorist Overtaking - Other / Unknown,2016,91.0,No,O: No Injury,Male,Pickup,No,35.64245418,-80.63801372,Dry,50 - 55  MPH,"Double Yellow Line, No Passing Zone",Clear,No,0,0,9
No,25.0,No,With Traffic,B: Suspected Minor Injury,Male,Charlotte,Mecklenburg,No,Tuesday,Crossing Paths - Other Circumstances,18.0,October,Sign-Controlled Intersection - Other / Unknown,2016,48.0,No,O: No Injury,Male,Pickup,No,35.14988522,-80.89752759,Dry,30 - 35  MPH,Stop Sign,Clear,No,0,0,10
Yes,50.0,No,With Traffic,B: Suspected Minor Injury,Female,Taylortown,Moore,No,Tuesday,Motorist Overtaking Bicyclist,19.0,September,Motorist Overtaking - Other / Unknown,2016,42.03850604944766,Missing,Unknown Injury,Unknown,Unknown,Yes,35.22418423,-79.48215896,Dry,Unknown,No Control Present,Clear,No,1,0,9
No,12.0,No,Facing Traffic,B: Suspected Minor Injury,Male,Charlotte,Mecklenburg,No,Thursday,Motorist Failed to Yield - Sign-Controlled Intersection,17.0,October,Motorist Drive Out - Sign-Controlled Intersection,2016,29.0,No,O: No Injury,Male,Pickup,No,35.12879629,-80.85432151,Dry,5 - 15 MPH,Stop Sign,Clear,No,0,0,10
Yes,20.0,No,With Traffic,B: Suspected Minor Injury,Male,Durham,Durham,No,Saturday,Bicyclist Failed to Yield - Signalized Intersection,16.0,October,Bicyclist Ride Through - Signalized Intersection,2016,23.0,No,O: No Injury,Female,Passenger Car,No,35.98615969,-78.8986061,Dry,30 - 35  MPH,Stop And Go Signal,Clear,No,0,0,10
No,14.0,No,With Traffic,B: Suspected Minor Injury,Male,None - Rural Crash,Dare,No,Wednesday,Crossing Paths - Other Circumstances,19.0,October,Crossing Paths - Uncontrolled Intersection,2016,32.0,No,O: No Injury,Female,Sport Utility,No,36.00829236,-75.70902743,Dry,20 - 25  MPH,No Control Present,Clear,No,0,0,10
Yes,6.0,No,Not Applicable,B: Suspected Minor Injury,Male,None - Rural Crash,Moore,No,Wednesday,Bicyclist Failed to Yield - Midblock,15.0,October,Bicyclist Ride Out - Residential Driveway,2016,73.0,No,O: No Injury,Male,Passenger Car,No,35.41714998,-79.55403772,Dry,50 - 55  MPH,"Double Yellow Line, No Passing Zone",Clear,No,0,0,10
Yes,13.0,No,Facing Traffic,B: Suspected Minor Injury,Female,Cary,Wake,No,Sunday,Crossing Paths - Other Circumstances,15.0,September,Signalized Intersection - Other / Unknown,2016,50.0,No,O: No Injury,Female,Sport Utility,No,35.79260964,-78.83829657,Dry,20 - 25  MPH,Stop And Go Signal,Clear,No,0,0,9
Yes,58.0,No,With Traffic,B: Suspected Minor Injury,Male,Roanoke Rapids,Halifax,No,Tuesday,Motorist Failed to Yield - Sign-Controlled Intersection,15.0,September,Motorist Drive Out - Sign-Controlled Intersection,2016,18.0,No,O: No Injury,Male,Pickup,No,36.47349672,-77.64767878,Wet,20 - 25  MPH,Stop Sign,Clear,No,0,0,9
No,7.0,No,Unknown,B: Suspected Minor Injury,Female,Burgaw,Pender,No,Tuesday,Bicyclist Failed to Yield - Signalized Intersection,15.0,September,Bicyclist Ride Through - Signalized Intersection,2016,85.0,No,O: No Injury,Male,Sport Utility,No,34.55014031,-77.92483815,Dry,Unknown,Stop And Go Signal,Cloudy,No,0,0,9
Yes,57.0,No,With Traffic,B: Suspected Minor Injury,Male,None - Rural Crash,Caldwell,No,Tuesday,Motorist Failed to Yield - Sign-Controlled Intersection,13.0,October,Motorist Drive Out - Sign-Controlled Intersection,2016,60.0,No,O: No Injury,Male,Passenger Car,No,35.79032,-81.424475,Dry,30 - 35  MPH,Stop Sign,Clear,No,0,0,10
Yes,34.0,No,With Traffic,B: Suspected Minor Injury,Male,Raleigh,Wake,No,Tuesday,Motorist Overtaking Bicyclist,7.0,October,Motorist Overtaking - Other / Unknown,2016,29.0,Unknown,O: No Injury,Male,Pickup,Yes,35.90365318,-78.75774145,Dry,40 - 45  MPH,No Control Present,Clear,No,0,0,10
Yes,72.0,No,With Traffic,B: Suspected Minor Injury,Male,Sanford,Lee,No,Friday,Bicyclist Failed to Yield - Sign-Controlled Intersection,17.0,September,Bicyclist Ride Through - Sign-Controlled Intersection,2016,30.0,No,O: No Injury,Female,Passenger Car,No,35.49333426,-79.20910005,Dry,30 - 35  MPH,Stop Sign,Clear,No,0,0,9
Yes,41.0,No,Facing Traffic,B: Suspected Minor Injury,Male,Charlotte,Mecklenburg,No,Wednesday,Bicyclist Failed to Yield - Signalized Intersection,6.0,October,Bicyclist Ride Through - Signalized Intersection,2016,39.0,No,O: No Injury,Male,Passenger Car,No,35.1983009,-80.88376872,Dry,30 - 35  MPH,Stop And Go Signal,Clear,No,0,0,10
Yes,21.0,No,With Traffic,B: Suspected Minor Injury,Male,Charlotte,Mecklenburg,No,Friday,Motorist Left Turn / Merge,23.0,September,Motorist Left Turn - Opposite Direction,2016,28.0,No,O: No Injury,Female,Passenger Car,No,35.30799616,-80.73646815,Wet,20 - 25  MPH,Stop And Go Signal,Cloudy,No,0,0,9
Yes,63.0,Yes,With Traffic,B: Suspected Minor Injury,Male,Asheville,Buncombe,Yes,Sunday,Motorist Overtaking Bicyclist,16.0,September,Motorist Overtaking - Bicyclist Swerved,2016,93.0,No,O: No Injury,Male,Pickup,No,35.55760298,-82.63990076,"Water (Standing, Moving)",40 - 45  MPH,No Control Present,Clear,No,0,0,9
Yes,22.0,No,With Traffic,B: Suspected Minor Injury,Male,Chapel Hill,Orange,No,Sunday,Motorist Overtaking Bicyclist,22.0,October,Motorist Overtaking - Other / Unknown,2016,42.03850604944766,Missing,Unknown Injury,Unknown,Sport Utility,Yes,35.92315922,-79.05156298,Dry,20 - 25  MPH,No Control Present,Clear,No,1,0,10
Yes,28.0,No,With Traffic,B: Suspected Minor Injury,Male,Winston-Salem,Forsyth,No,Tuesday,Motorist Left Turn / Merge,14.0,September,Motorist Left Turn - Opposite Direction,2016,49.0,No,O: No Injury,Male,Passenger Car,No,36.09804172,-80.24793812,Dry,30 - 35  MPH,Stop And Go Signal,Clear,No,0,0,9
No,18.0,No,Not Applicable,B: Suspected Minor Injury,Male,Chapel Hill,Orange,No,Sunday,Bicyclist Failed to Yield - Midblock,13.0,October,Bicyclist Ride Out - Other Midblock,2016,19.0,No,Unknown Injury,Female,Passenger Car,No,35.90830347,-79.04703274,Dry,5 - 15 MPH,No Control Present,Clear,No,0,0,10
Yes,49.0,No,With Traffic,B: Suspected Minor Injury,Male,Weddington,Union,No,Sunday,Motorist Left Turn / Merge,18.0,October,Motorist Left Turn - Opposite Direction,2016,57.0,No,O: No Injury,Male,Passenger Car,No,35.05646308,-80.73058654,Dry,40 - 45  MPH,"Double Yellow Line, No Passing Zone",Clear,No,0,0,10
Yes,8.0,No,Not Applicable,B: Suspected Minor Injury,Female,Salisbury,Rowan,No,Wednesday,Bicyclist Failed to Yield - Midblock,18.0,October,Bicyclist Ride Out - Residential Driveway,2016,25.0,No,O: No Injury,Female,Sport Utility,No,35.67687116,-80.48760694,Dry,30 - 35  MPH,No Control Present,Clear,No,0,0,10
Yes,21.0,No,With Traffic,B: Suspected Minor Injury,Male,Charlotte,Mecklenburg,No,Wednesday,Motorist Right Turn / Merge,19.0,October,Motorist Right Turn - Same Direction,2016,63.0,No,O: No Injury,Male,Sport Utility,No,35.19926192,-80.88642287,Dry,30 - 35  MPH,Stop And Go Signal,Clear,No,0,0,10
Yes,57.0,No,With Traffic,B: Suspected Minor Injury,Male,None - Rural Crash,Forsyth,No,Sunday,Motorist Overtaking Bicyclist,9.0,October,Motorist Overtaking - Other / Unknown,2016,42.03850604944766,Unknown,Unknown Injury,Unknown,Unknown,Yes,36.07773644,-80.07735934,Dry,40 - 45  MPH,"Double Yellow Line, No Passing Zone",Clear,No,1,0,10
Yes,57.0,No,With Traffic,B: Suspected Minor Injury,Female,None - Rural Crash,Cumberland,No,Thursday,Motorist Overtaking Bicyclist,19.0,October,Motorist Overtaking - Other / Unknown,2016,20.0,No,O: No Injury,Female,Sport Utility,No,34.94419713,-78.95237817,Dry,40 - 45  MPH,"Double Yellow Line, No Passing Zone",Clear,No,0,0,10
Yes,15.0,No,Facing Traffic,B: Suspected Minor Injury,Male,None - Rural Crash,Bertie,No,Saturday,Bicyclist Right Turn / Merge,19.0,October,Bicyclist Right Turn - Same Direction,2016,64.0,No,O: No Injury,Female,Sport Utility,No,35.93489336,-76.92163334,Dry,40 - 45  MPH,No Control Present,Clear,No,0,0,10
Yes,76.0,No,Facing Traffic,B: Suspected Minor Injury,Male,Greensboro,Guilford,No,Friday,Loss of Control / Turning Error,9.0,October,Bicyclist Turning Error - Left Turn,2016,30.0,No,O: No Injury,Female,Passenger Car,No,36.11410467,-79.76059989,Dry,30 - 35  MPH,Stop Sign,Cloudy,No,0,0,10
Yes,40.0,No,Not Applicable,B: Suspected Minor Injury,Female,Raleigh,Wake,No,Tuesday,Bicyclist Failed to Yield - Midblock,15.0,November,Bicyclist Ride Out - Other Midblock,2016,71.0,No,O: No Injury,Male,Commercial Bus,No,35.78177857,-78.67715657,Dry,5 - 15 MPH,No Control Present,Cloudy,No,0,0,11
Yes,65.0,No,Facing Traffic,B: Suspected Minor Injury,Male,Cary,Wake,No,Wednesday,Motorist Failed to Yield - Midblock,8.0,October,Motorist Drive Out - Commercial Driveway / Alley,2016,34.0,No,O: No Injury,Male,Passenger Car,No,35.77462513,-78.78157542,Dry,Unknown,No Control Present,Clear,No,0,0,10
No,35.0,No,Facing Traffic,B: Suspected Minor Injury,Male,None - Rural Crash,Orange,No,Saturday,Motorist Failed to Yield - Sign-Controlled Intersection,14.0,October,Motorist Drive Out - Sign-Controlled Intersection,2016,49.0,No,O: No Injury,Female,Sport Utility,No,36.13641787,-79.01498565,Dry,50 - 55  MPH,Stop Sign,Clear,No,0,0,10
Yes,21.0,No,With Traffic,B: Suspected Minor Injury,Female,None - Rural Crash,Wake,No,Wednesday,Motorist Overtaking Bicyclist,21.0,October,Motorist Overtaking - Other / Unknown,2016,17.0,No,O: No Injury,Female,Van,No,35.58432515,-78.76626818,Dry,40 - 45  MPH,"Double Yellow Line, No Passing Zone",Clear,No,0,0,10
No,15.0,No,Facing Traffic,B: Suspected Minor Injury,Male,Brevard,Transylvania,No,Monday,Motorist Failed to Yield - Sign-Controlled Intersection,7.0,September,Motorist Drive Out - Sign-Controlled Intersection,2016,42.03850604944766,Missing,Unknown Injury,Unknown,Passenger Car,Yes,35.2191119,-82.73546145,Dry,30 - 35  MPH,Stop Sign,Clear,No,1,0,9
Yes,27.0,No,Not Applicable,B: Suspected Minor Injury,Female,Raleigh,Wake,No,Wednesday,Bicyclist Failed to Yield - Midblock,19.0,October,Multiple Threat - Midblock,2016,58.0,No,O: No Injury,Female,Passenger Car,No,35.76524733,-78.69441877,Dry,30 - 35  MPH,Other,Clear,No,0,0,10
Yes,10.0,No,Not Applicable,B: Suspected Minor Injury,Male,None - Rural Crash,Onslow,No,Tuesday,Non-Roadway,16.0,October,Non-Roadway,2016,54.0,No,O: No Injury,Female,Sport Utility,No,34.54219782,-77.38903555,Dry,5 - 15 MPH,No Control Present,Clear,No,0,0,10
Yes,48.0,No,With Traffic,B: Suspected Minor Injury,Male,New Bern,Craven,No,Sunday,Motorist Failed to Yield - Sign-Controlled Intersection,1.0,October,Motorist Drive Through - Sign-Controlled Intersection,2016,58.0,No,B: Suspected Minor Injury,Female,Passenger Car,No,35.10667747,-77.03829225,Dry,20 - 25  MPH,Flashing Signal Without Stop Sign,Clear,No,0,0,10
Yes,46.0,No,With Traffic,B: Suspected Minor Injury,Male,Beaufort,Carteret,No,Sunday,Motorist Overtaking Bicyclist,9.0,September,Motorist Overtaking - Other / Unknown,2016,19.0,No,O: No Injury,Female,Passenger Car,No,34.71686874,-76.6656856,Dry,20 - 25  MPH,No Control Present,Clear,No,0,0,9
Yes,70.0,No,With Traffic,B: Suspected Minor Injury,Male,Charlotte,Mecklenburg,No,Sunday,Crossing Paths - Other Circumstances,13.0,November,Signalized Intersection - Other / Unknown,2016,29.0,No,O: No Injury,Male,Passenger Car,No,35.33550685,-80.82491989,Dry,40 - 45  MPH,Stop And Go Signal,Clear,No,0,0,11
Yes,10.0,No,Facing Traffic,B: Suspected Minor Injury,Male,Charlotte,Mecklenburg,No,Sunday,Bicyclist Overtaking Motorist,14.0,November,Bicyclist Overtaking - Parked Vehicle,2016,42.03850604944766,Missing,Unknown Injury,Unknown,Passenger Car,No,35.27510025,-80.74787675,Dry,20 - 25  MPH,No Control Present,Clear,No,1,0,11
Yes,19.0,No,With Traffic,B: Suspected Minor Injury,Male,Raleigh,Wake,No,Monday,Bicyclist Failed to Yield - Signalized Intersection,14.0,November,Bicyclist Ride Through - Signalized Intersection,2016,58.0,No,O: No Injury,Male,Pickup,No,35.74621609,-78.58623876,Dry,30 - 35  MPH,Stop And Go Signal,Clear,No,0,0,11
Yes,48.0,No,Not Applicable,B: Suspected Minor Injury,Male,Greensboro,Guilford,No,Friday,Bicyclist Failed to Yield - Midblock,23.0,October,Bicyclist Ride Out - Midblock - Unknown,2016,42.03850604944766,Unknown,Unknown Injury,Unknown,Passenger Car,Yes,36.07471381,-79.76186446,Dry,30 - 35  MPH,No Control Present,Clear,No,1,0,10
No,69.0,No,Not Applicable,B: Suspected Minor Injury,Male,Durham,Durham,No,Tuesday,Motorist Right Turn / Merge,15.0,November,Motorist Right Turn - Same Direction,2016,42.03850604944766,Unknown,Unknown Injury,Unknown,Passenger Car,Yes,35.91111488,-78.94056799,Dry,30 - 35  MPH,Stop And Go Signal,Clear,No,1,0,11
No,15.0,No,With Traffic,B: Suspected Minor Injury,Male,Greenville,Pitt,No,Tuesday,Motorist Overtaking Bicyclist,17.0,October,Motorist Overtaking - Other / Unknown,2016,42.03850604944766,Missing,Unknown Injury,Unknown,Sport Utility,Yes,35.59108465,-77.37861173,Dry,30 - 35  MPH,Stop And Go Signal,Clear,No,1,0,10
Yes,12.0,No,With Traffic,B: Suspected Minor Injury,Male,High Point,Guilford,No,Saturday,Bicyclist Overtaking Motorist,19.0,October,Bicyclist Overtaking - Parked Vehicle,2016,42.03850604944766,Missing,Unknown Injury,Unknown,Passenger Car,No,35.95511713,-80.02087926,Dry,Unknown,No Control Present,Clear,No,1,0,10
Yes,35.0,No,With Traffic,B: Suspected Minor Injury,Male,Charlotte,Mecklenburg,No,Friday,Motorist Overtaking Bicyclist,12.0,November,Motorist Overtaking - Undetected Bicyclist,2016,41.0,No,O: No Injury,Female,Sport Utility,No,35.11200625,-80.82556034,Dry,30 - 35  MPH,No Control Present,Clear,No,0,0,11
Yes,7.0,No,Unknown,B: Suspected Minor Injury,Male,Charlotte,Mecklenburg,No,Wednesday,Crossing Paths - Other Circumstances,16.0,November,Sign-Controlled Intersection - Other / Unknown,2016,64.0,No,O: No Injury,Male,Pickup,No,35.25914165,-80.89776044,Dry,20 - 25  MPH,No Control Present,Clear,No,0,0,11
Yes,67.0,No,With Traffic,B: Suspected Minor Injury,Male,Holly Springs,Wake,No,Friday,Motorist Right Turn / Merge,15.0,November,Motorist Right Turn - Same Direction,2016,41.0,No,O: No Injury,Female,Sport Utility,No,35.68157721,-78.79666889,Dry,40 - 45  MPH,Stop Sign,Clear,No,0,0,11
Yes,29.0,No,With Traffic,B: Suspected Minor Injury,Male,Huntersville,Mecklenburg,No,Sunday,Motorist Overtaking Bicyclist,18.0,November,Motorist Overtaking - Other / Unknown,2016,21.0,No,O: No Injury,Male,Passenger Car,Yes,35.38242668,-80.88035434,Dry,40 - 45  MPH,"Double Yellow Line, No Passing Zone",Clear,No,0,0,11
Yes,49.0,No,Facing Traffic,B: Suspected Minor Injury,Male,High Point,Guilford,No,Wednesday,Motorist Failed to Yield - Sign-Controlled Intersection,16.0,November,Motorist Drive Out - Sign-Controlled Intersection,2016,55.0,No,O: No Injury,Male,Passenger Car,No,35.9558515,-80.01298405,Dry,30 - 35  MPH,Stop Sign,Clear,No,0,0,11
Yes,57.0,No,With Traffic,B: Suspected Minor Injury,Male,Morganton,Burke,No,Monday,Motorist Overtaking Bicyclist,18.0,October,Motorist Overtaking - Other / Unknown,2016,42.03850604944766,Missing,Unknown Injury,Unknown,Unknown,Yes,35.73602473,-81.7220363,Dry,40 - 45  MPH,No Control Present,Clear,No,1,0,10
Yes,26.0,No,With Traffic,B: Suspected Minor Injury,Male,Asheville,Buncombe,No,Sunday,Loss of Control / Turning Error,16.0,October,Motorist Turning Error - Right Turn,2016,42.03850604944766,Missing,Unknown Injury,Unknown,Sport Utility,Yes,35.60332916,-82.54400106,Dry,20 - 25  MPH,No Control Present,Clear,No,1,0,10
Yes,18.0,No,Facing Traffic,B: Suspected Minor Injury,Female,Wilmington,New Hanover,No,Sunday,Motorist Failed to Yield - Sign-Controlled Intersection,18.0,October,Motorist Drive Through - Sign-Controlled Intersection,2016,54.0,No,O: No Injury,Female,Passenger Car,No,34.16898644,-77.91881578,Dry,30 - 35  MPH,Stop Sign,Clear,No,0,0,10
Yes,46.0,No,With Traffic,B: Suspected Minor Injury,Male,Wilmington,New Hanover,No,Sunday,Backing Vehicle,10.0,October,Backing Vehicle,2016,38.0,No,O: No Injury,Male,Pickup,No,34.19056012,-77.90252359,Dry,5 - 15 MPH,No Control Present,Clear,No,0,0,10
Yes,59.0,No,With Traffic,B: Suspected Minor Injury,Female,None - Rural Crash,Nash,No,Monday,Motorist Overtaking Bicyclist,16.0,November,Motorist Overtaking - Misjudged Space,2016,46.0,No,O: No Injury,Female,Sport Utility,No,35.92172631,-77.88969687,Dry,40 - 45  MPH,"Double Yellow Line, No Passing Zone",Clear,No,0,0,11
Yes,42.0,No,With Traffic,B: Suspected Minor Injury,Female,None - Rural Crash,Randolph,No,Thursday,Bicyclist Overtaking Motorist,15.0,November,Bicyclist Overtaking - Passing on Left,2016,60.0,No,O: No Injury,Female,"Light Truck (Mini-Van, Panel)",No,35.86056019,-79.74179534,Dry,50 - 55  MPH,"Double Yellow Line, No Passing Zone",Clear,No,0,0,11
Yes,15.0,No,With Traffic,B: Suspected Minor Injury,Male,Cary,Wake,No,Tuesday,Motorist Overtaking Bicyclist,6.0,October,Motorist Overtaking - Other / Unknown,2016,25.0,No,O: No Injury,Male,Sport Utility,No,35.82360464,-78.87558449,Dry,40 - 45  MPH,No Control Present,Clear,Yes,0,0,10
Yes,55.0,No,With Traffic,B: Suspected Minor Injury,Male,Greenville,Pitt,No,Saturday,Motorist Overtaking Bicyclist,18.0,November,Motorist Overtaking - Undetected Bicyclist,2016,28.0,No,O: No Injury,Female,Sport Utility,No,35.59624483,-77.40123855,Dry,40 - 45  MPH,No Control Present,Clear,No,0,0,11
Yes,62.0,No,With Traffic,B: Suspected Minor Injury,Male,None - Rural Crash,Columbus,No,Monday,Other / Unusual Circumstances,15.0,November,Bicycle Only,2016,36.0,No,O: No Injury,Female,Sport Utility,No,34.13217025,-78.62953759,Dry,50 - 55  MPH,No Control Present,Clear,No,0,0,11
Yes,48.0,No,With Traffic,B: Suspected Minor Injury,Male,Lincolnton,Lincoln,No,Thursday,Crossing Paths - Other Circumstances,10.0,December,Signalized Intersection - Other / Unknown,2016,20.0,No,O: No Injury,Female,Passenger Car,No,35.47262024,-81.25060842,Dry,5 - 15 MPH,Stop And Go Signal,Clear,No,0,0,12
Yes,19.0,No,With Traffic,B: Suspected Minor Injury,Male,Wilmington,New Hanover,No,Tuesday,Bicyclist Failed to Yield - Sign-Controlled Intersection,13.0,October,Bicyclist Ride Through - Sign-Controlled Intersection,2016,64.0,No,O: No Injury,Female,Other Bus,No,34.24284194,-77.93976961,Dry,20 - 25  MPH,Stop Sign,Clear,No,0,0,10