AmbulanceR,BikeAge,BikeAlcFlg,BikeDir,BikeInjury,BikeSex,City,County,CrashAlcoh,CrashDay,CrashGrp,CrashHour,CrashMonth,CrashType,CrashYear,DrvrAge,DrvrAlcFlg,DrvrInjury,DrvrSex,DrvrVehTyp,HitRun,Latitude,Longitude,RdConditio,SpeedLimit,TraffCntrl,Weather,Workzone,DrvrAgeImputedFlag,BikeAgeImputedFlag,MonthCode
No,36.0,No,With Traffic,B: Suspected Minor Injury,Male,Charlotte,Mecklenburg,No,Sunday,Motorist Left Turn / Merge,16.0,November,Motorist Left Turn - Opposite Direction,2016,41.0,No,O: No Injury,Male,Passenger Car,No,35.13333846,-80.80761946,Dry,30 - 35  MPH,No Control Present,Clear,No,0,0,11
No,16.0,No,With Traffic,B: Suspected Minor Injury,Male,Fayetteville,Cumberland,No,Tuesday,Motorist Overtaking Bicyclist,19.0,November,Motorist Overtaking - Other / Unknown,2016,42.03850604944766,Missing,Unknown Injury,Unknown,Unknown,Yes,35.0524981,-78.99199603,Dry,20 - 25  MPH,No Control Present,Clear,No,1,0,11
Yes,22.0,No,Not Applicable,B: Suspected Minor Injury,Male,None - Rural Crash,Macon,No,Tuesday,Bicyclist Failed to Yield - Midblock,7.0,December,Bicyclist Ride Out - Midblock - Unknown,2016,59.0,No,O: No Injury,Female,Passenger Car,No,35.14535461,-83.39561074,Wet,50 - 55  MPH,No Control Present,Rain,No,0,0,12
Yes,39.0,No,With Traffic,B: Suspected Minor Injury,Male,None - Rural Crash,Granville,No,Thursday,Motorist Overtaking Bicyclist,17.0,November,Motorist Overtaking - Undetected Bicyclist,2016,63.0,No,O: No Injury,Male,Sport Utility,No,36.26588528,-78.7114195,Dry,50 - 55  MPH,"Double Yellow Line, No Passing Zone",Clear,No,0,0,11
Yes,52.0,No,With Traffic,B: Suspected Minor Injury,Male,Weldon,Halifax,No,Tuesday,Bicyclist Left Turn / Merge,14.0,November,Bicyclist Left Turn - Same Direction,2016,25.0,No,O: No Injury,Male,Passenger Car,No,36.42481841,-77.59829772,Dry,30 - 35  MPH,Stop Sign,Clear,No,0,0,11
Yes,42.0,No,With Traffic,B: Suspected Minor Injury,Male,Charlotte,Mecklenburg,No,Sunday,Motorist Overtaking Bicyclist,11.0,June,Motorist Overtaking - Other / Unknown,2016,42.03850604944766,Missing,Unknown Injury,Unknown,Unknown,Yes,35.07179553,-81.03271543,Dry,30 - 35  MPH,No Control Present,Clear,No,1,0,6
Yes,20.0,No,Facing Traffic,B: Suspected Minor Injury,Female,Greenville,Pitt,No,Sunday,Bicyclist Failed to Yield - Signalized Intersection,4.0,December,Bicyclist Ride Through - Signalized Intersection,2016,33.0,No,O: No Injury,Male,Passenger Car,No,35.58581899,-77.37061741,Dry,30 - 35  MPH,Stop And Go Signal,Clear,No,0,0,12
Yes,35.0,No,With Traffic,B: Suspected Minor Injury,Male,Huntersville,Mecklenburg,No,Thursday,Motorist Failed to Yield - Sign-Controlled Intersection,16.0,December,Motorist Drive Through - Sign-Controlled Intersection,2016,63.0,No,O: No Injury,Male,Passenger Car,No,35.39301374,-80.85979219,Dry,30 - 35  MPH,Yield Sign,Clear,No,0,0,12
No,31.0,No,Facing Traffic,B: Suspected Minor Injury,Female,Wilmington,New Hanover,No,Saturday,Bicyclist Failed to Yield - Signalized Intersection,12.0,August,Bicyclist Ride Out - Signalized  Intersection,2016,55.0,No,O: No Injury,Female,Passenger Car,No,34.22449178,-77.82375457,Dry,20 - 25  MPH,Stop And Go Signal,Clear,No,0,0,8
No,17.0,No,Facing Traffic,B: Suspected Minor Injury,Female,Chapel Hill,Orange,No,Wednesday,Motorist Right Turn / Merge,10.0,October,Motorist Right Turn - Opposite Direction,2016,64.0,No,O: No Injury,Male,Van,No,35.90355851,-79.04418897,Dry,20 - 25  MPH,Flashing Stop And Go Signal,Clear,No,0,0,10
Yes,40.0,No,Not Applicable,B: Suspected Minor Injury,Male,Wilmington,New Hanover,No,Thursday,Bicyclist Failed to Yield - Midblock,19.0,November,Bicyclist Ride Out - Commercial Driveway / Alley,2016,52.0,No,O: No Injury,Female,Sport Utility,No,34.24005124,-77.8709076,Dry,50 - 55  MPH,No Control Present,Clear,No,0,0,11
Yes,68.0,Yes,With Traffic,B: Suspected Minor Injury,Male,Raleigh,Wake,Yes,Tuesday,Motorist Overtaking Bicyclist,17.0,December,Motorist Overtaking - Undetected Bicyclist,2016,46.0,No,O: No Injury,Male,Van,No,35.74082164,-78.64888905,Wet,40 - 45  MPH,No Control Present,Rain,No,0,0,12
Yes,43.0,No,With Traffic,B: Suspected Minor Injury,Male,Wilmington,New Hanover,No,Friday,Motorist Left Turn / Merge,17.0,November,Motorist Left Turn - Opposite Direction,2016,23.0,No,O: No Injury,Male,Pickup,No,34.21870669,-77.86964777,Dry,Unknown,Stop Sign,Cloudy,No,0,0,11
Yes,71.0,No,Facing Traffic,B: Suspected Minor Injury,Male,Wilson,Wilson,No,Friday,Motorist Failed to Yield - Sign-Controlled Intersection,16.0,November,Motorist Drive Out - Sign-Controlled Intersection,2016,18.0,No,O: No Injury,Female,Van,No,35.71155374,-77.93778807,Dry,30 - 35  MPH,Stop Sign,Clear,No,0,0,11
Yes,20.0,Yes,Facing Traffic,B: Suspected Minor Injury,Male,Raleigh,Wake,Yes,Wednesday,Motorist Failed to Yield - Midblock,7.0,December,Motorist Drive Out - Commercial Driveway / Alley,2016,56.0,No,O: No Injury,Female,Passenger Car,No,35.80108507,-78.57785431,Dry,Unknown,No Control Present,Clear,No,0,0,12
Yes,26.0,No,Facing Traffic,B: Suspected Minor Injury,Male,Fayetteville,Cumberland,No,Sunday,Crossing Paths - Other Circumstances,22.0,November,Crossing Paths - Intersection - Other / Unknown,2016,83.0,No,O: No Injury,Male,Passenger Car,No,35.07934887,-78.89019889,Wet,30 - 35  MPH,Stop And Go Signal,Rain,No,0,0,11
Yes,33.0,No,With Traffic,B: Suspected Minor Injury,Male,Charlotte,Mecklenburg,No,Tuesday,Motorist Left Turn / Merge,18.0,December,Motorist Left Turn - Opposite Direction,2016,23.0,No,O: No Injury,Male,Passenger Car,No,35.22312008,-80.86478713,Dry,20 - 25  MPH,No Control Present,Clear,No,0,0,12
Yes,63.0,No,With Traffic,B: Suspected Minor Injury,Male,None - Rural Crash,Macon,No,Monday,Motorist Overtaking Bicyclist,12.0,December,Motorist Overtaking - Other / Unknown,2016,84.0,No,O: No Injury,Male,Sport Utility,No,35.19562,-83.36785325,Dry,40 - 45  MPH,No Control Present,Cloudy,No,0,0,12
Yes,60.0,Missing,With Traffic,B: Suspected Minor Injury,Male,None - Rural Crash,New Hanover,No,Thursday,Bicyclist Overtaking Motorist,16.0,December,Bicyclist Overtaking - Parked Vehicle,2016,42.03850604944766,No,Unknown Injury,Unknown,Passenger Car,No,34.35997693,-77.85443727,Wet,Unknown,No Control Present,Cloudy,No,1,0,12
Yes,52.0,Yes,With Traffic,B: Suspected Minor Injury,Male,None - Rural Crash,Iredell,Yes,Friday,Motorist Overtaking Bicyclist,11.0,December,Motorist Overtaking - Other / Unknown,2016,39.0,No,O: No Injury,Male,Sport Utility,No,35.54905199,-80.85864754,Dry,40 - 45  MPH,"Double Yellow Line, No Passing Zone",Clear,No,0,0,12
Yes,60.0,No,With Traffic,B: Suspected Minor Injury,Male,Wilmington,New Hanover,No,Wednesday,Motorist Failed to Yield - Sign-Controlled Intersection,8.0,December,Motorist Drive Out - Sign-Controlled Intersection,2016,31.0,No,O: No Injury,Female,Passenger Car,No,34.17469204,-77.8830409,Dry,20 - 25  MPH,Stop Sign,Clear,No,0,0,12
Yes,3.0,No,With Traffic,B: Suspected Minor Injury,Male,None - Rural Crash,Alexander,No,Tuesday,Other / Unusual Circumstances,18.0,December,Play Vehicle-Related,2016,24.0,No,O: No Injury,Male,Passenger Car,No,35.82570668,-81.30570209,Dry,50 - 55  MPH,"Double Yellow Line, No Passing Zone",Clear,No,0,0,12
Yes,18.0,No,Facing Traffic,B: Suspected Minor Injury,Male,None - Rural Crash,Iredell,No,Thursday,Head-On,21.0,January,Head-On - Bicyclist,2017,48.0,No,O: No Injury,Male,Sport Utility,No,35.75949976,-80.92766826,Dry,40 - 45  MPH,"Double Yellow Line, No Passing Zone",Clear,No,0,0,1
Yes,21.0,No,With Traffic,B: Suspected Minor Injury,Female,None - Rural Crash,Brunswick,No,Sunday,Motorist Overtaking Bicyclist,11.0,December,Motorist Overtaking - Other / Unknown,2016,20.0,No,O: No Injury,Male,Passenger Car,No,33.96008986,-78.41596232,Dry,50 - 55  MPH,No Control Present,Cloudy,No,0,0,12
Yes,8.0,No,With Traffic,B: Suspected Minor Injury,Female,Liberty,Randolph,No,Thursday,Crossing Paths - Other Circumstances,15.0,December,Sign-Controlled Intersection - Other / Unknown,2016,45.0,No,O: No Injury,Male,Passenger Car,No,35.8469977,-79.57267963,Dry,20 - 25  MPH,No Control Present,Clear,No,0,0,12
Yes,37.0,No,With Traffic,B: Suspected Minor Injury,Male,Gastonia,Gaston,No,Thursday,Motorist Left Turn / Merge,15.0,January,Motorist Left Turn - Opposite Direction,2017,51.0,No,O: No Injury,Female,Passenger Car,No,35.23483805,-81.2053795,Dry,40 - 45  MPH,Stop And Go Signal,Clear,No,0,0,1
Yes,22.0,No,With Traffic,B: Suspected Minor Injury,Male,Raleigh,Wake,No,Friday,Bicyclist Failed to Yield - Signalized Intersection,10.0,January,Bicyclist Ride Through - Signalized Intersection,2017,21.0,No,O: No Injury,Male,Passenger Car,No,35.78357245,-78.68219425,Dry,40 - 45  MPH,Stop And Go Signal,Clear,No,0,0,1
Yes,11.0,No,Not Applicable,B: Suspected Minor Injury,Male,Charlotte,Mecklenburg,No,Tuesday,Non-Roadway,17.0,January,Non-Roadway,2017,35.0,No,O: No Injury,Male,Sport Utility,No,35.19817191,-80.72592767,Dry,5 - 15 MPH,No Control Present,Clear,No,0,0,1
Yes,54.0,Yes,With Traffic,B: Suspected Minor Injury,Male,None - Rural Crash,Brunswick,Yes,Tuesday,Motorist Overtaking Bicyclist,17.0,January,Motorist Overtaking - Undetected Bicyclist,2017,62.0,No,O: No Injury,Male,Pickup,No,33.980263,-78.03189101,Dry,50 - 55  MPH,"Double Yellow Line, No Passing Zone",Clear,No,0,0,1
Yes,32.0,No,With Traffic,B: Suspected Minor Injury,Male,None - Rural Crash,Onslow,No,Wednesday,Motorist Overtaking Bicyclist,19.0,January,Motorist Overtaking - Other / Unknown,2017,42.03850604944766,Unknown,Unknown Injury,Unknown,Unknown,Yes,34.78098633,-77.4945347,Dry,50 - 55  MPH,No Control Present,Clear,No,1,0,1
Yes,60.0,No,With Traffic,B: Suspected Minor Injury,Male,None - Rural Crash,Rockingham,No,Wednesday,Motorist Overtaking Bicyclist,16.0,December,Motorist Overtaking - Undetected Bicyclist,2016,71.0,No,O: No Injury,Female,Sport Utility,No,36.37269418,-80.01600912,Dry,40 - 45  MPH,Stop Sign,Clear,No,0,0,12
Yes,16.0,No,With Traffic,B: Suspected Minor Injury,Male,Wilmington,New Hanover,No,Tuesday,Crossing Paths - Other Circumstances,20.0,December,Sign-Controlled Intersection - Other / Unknown,2016,46.0,No,O: No Injury,Male,Passenger Car,No,34.23681543,-77.93015959,Dry,30 - 35  MPH,Stop Sign,Clear,No,0,0,12
Yes,17.0,No,With Traffic,B: Suspected Minor Injury,Male,None - Rural Crash,Sampson,No,Wednesday,Motorist Overtaking Bicyclist,19.0,January,Motorist Overtaking - Bicyclist Swerved,2017,53.0,No,O: No Injury,Female,Sport Utility,No,35.23155214,-78.36516876,Dry,50 - 55  MPH,"Double Yellow Line, No Passing Zone",Clear,No,0,0,1
No,20.0,No,Facing Traffic,B: Suspected Minor Injury,Male,Raleigh,Wake,No,Wednesday,Motorist Failed to Yield - Sign-Controlled Intersection,13.0,January,Motorist Drive Out - Sign-Controlled Intersection,2017,21.0,No,O: No Injury,Male,Passenger Car,No,35.7746455,-78.67193558,Dry,20 - 25  MPH,Stop Sign,Clear,No,0,0,1
Yes,44.0,No,With Traffic,B: Suspected Minor Injury,Male,None - Rural Crash,Lenoir,No,Friday,Motorist Overtaking Bicyclist,15.0,January,Motorist Overtaking - Other / Unknown,2017,81.0,No,O: No Injury,Female,Passenger Car,No,35.30529326,-77.66472824,Dry,40 - 45  MPH,"Double Yellow Line, No Passing Zone",Cloudy,No,0,0,1
No,20.0,No,Facing Traffic,B: Suspected Minor Injury,Male,Winston-Salem,Forsyth,No,Sunday,Crossing Paths - Other Circumstances,15.0,January,Signalized Intersection - Other / Unknown,2017,60.0,No,O: No Injury,Female,Passenger Car,No,36.08063669,-80.22055934,Wet,30 - 35  MPH,Stop And Go Signal,Rain,No,0,0,1
No,17.0,No,Facing Traffic,B: Suspected Minor Injury,Male,Raleigh,Wake,No,Saturday,Motorist Failed to Yield - Sign-Controlled Intersection,15.0,January,Motorist Drive Out - Sign-Controlled Intersection,2017,32.0,No,O: No Injury,Male,Passenger Car,No,35.74978802,-78.60924053,Dry,30 - 35  MPH,Stop Sign,Clear,No,0,0,1
Yes,35.0,No,With Traffic,B: Suspected Minor Injury,Male,Seven Springs,Wayne,No,Sunday,Motorist Overtaking Bicyclist,0.0,January,Motorist Overtaking - Undetected Bicyclist,2017,42.03850604944766,Unknown,Unknown Injury,Unknown,Unknown,Yes,35.16428273,-77.88501568,Dry,50 - 55  MPH,"Double Yellow Line, No Passing Zone",Clear,No,1,0,1
Yes,10.0,No,Not Applicable,B: Suspected Minor Injury,Male,Winston-Salem,Forsyth,No,Friday,Non-Roadway,11.0,December,Non-Roadway,2016,38.0,No,O: No Injury,Female,Sport Utility,No,36.16145727,-80.29137625,Dry,Unknown,No Control Present,Clear,No,0,0,12
Yes,22.0,No,With Traffic,B: Suspected Minor Injury,Male,Selma,Johnston,Yes,Wednesday,Motorist Overtaking Bicyclist,3.0,December,Motorist Overtaking - Undetected Bicyclist,2016,54.0,Yes,O: No Injury,Male,Pickup,No,35.52367612,-78.3022467,Wet,40 - 45  MPH,No Control Present,Clear,No,0,0,12
Yes,57.0,No,With Traffic,B: Suspected Minor Injury,Female,Charlotte,Mecklenburg,No,Saturday,Motorist Left Turn / Merge,17.0,January,Motorist Left Turn - Same Direction,2017,50.0,No,O: No Injury,Male,Passenger Car,No,35.21357712,-80.76954231,Dry,30 - 35  MPH,No Control Present,Clear,No,0,0,1
No,16.0,No,Unknown,B: Suspected Minor Injury,Male,Lenoir,Caldwell,No,Saturday,Bicyclist Failed to Yield - Signalized Intersection,17.0,February,Bicyclist Ride Through - Signalized Intersection,2017,42.03850604944766,Missing,Unknown Injury,Unknown,Sport Utility,Yes,35.91328802,-81.53788139,Dry,20 - 25  MPH,Stop And Go Signal,Clear,No,1,0,2
Yes,21.0,No,Facing Traffic,B: Suspected Minor Injury,Male,Raleigh,Wake,No,Tuesday,Loss of Control / Turning Error,21.0,January,Motorist Turning Error - Left Turn,2017,42.03850604944766,Missing,Unknown Injury,Unknown,Passenger Car,Yes,35.8193516,-78.58777185,Dry,30 - 35  MPH,Stop Sign,Clear,No,1,0,1
Yes,5.0,No,Not Applicable,B: Suspected Minor Injury,Male,Burlington,Alamance,No,Wednesday,Bicyclist Failed to Yield - Midblock,18.0,January,Bicyclist Ride Out - Other Midblock,2017,37.0,No,O: No Injury,Male,Passenger Car,No,36.10507001,-79.41576745,Dry,30 - 35  MPH,No Control Present,Clear,No,0,0,1
No,22.0,No,With Traffic,B: Suspected Minor Injury,Male,None - Rural Crash,New Hanover,No,Monday,Motorist Failed to Yield - Midblock,19.0,January,Motorist Drive Out - Commercial Driveway / Alley,2017,23.0,No,O: No Injury,Female,Sport Utility,No,34.16780693,-77.89167256,Dry,40 - 45  MPH,No Control Present,Clear,No,0,0,1
Yes,32.0,Yes,Facing Traffic,B: Suspected Minor Injury,Male,Greensboro,Guilford,Yes,Wednesday,Motorist Overtaking Bicyclist,22.0,January,Motorist Overtaking - Other / Unknown,2017,42.03850604944766,Missing,Unknown Injury,Unknown,Van,Yes,36.06400357,-79.83219544,Dry,30 - 35  MPH,No Control Present,Clear,No,1,0,1
Yes,30.0,No,Not Applicable,B: Suspected Minor Injury,Male,Fayetteville,Cumberland,No,Sunday,Non-Roadway,14.0,December,Non-Roadway,2016,31.0,No,O: No Injury,Female,Sport Utility,No,35.08045154,-78.98977943,Wet,30 - 35  MPH,No Control Present,Rain,No,0,0,12
Yes,67.0,No,With Traffic,B: Suspected Minor Injury,Male,Lumberton,Robeson,No,Friday,Motorist Overtaking Bicyclist,14.0,January,Motorist Overtaking - Other / Unknown,2017,66.0,No,O: No Injury,Male,Passenger Car,No,34.6295224,-79.01558622,Dry,30 - 35  MPH,"Double Yellow Line, No Passing Zone",Clear,No,0,0,1
Yes,55.0,No,Facing Traffic,B: Suspected Minor Injury,Female,Charlotte,Mecklenburg,No,Wednesday,Motorist Failed to Yield - Midblock,11.0,January,Motorist Drive Out - Commercial Driveway / Alley,2017,26.0,No,O: No Injury,Female,Sport Utility,No,35.2132416,-80.85628879,Dry,Unknown,No Control Present,Clear,No,0,0,1
Yes,56.0,Yes,Facing Traffic,B: Suspected Minor Injury,Male,None - Rural Crash,Cumberland,Yes,Sunday,Motorist Failed to Yield - Sign-Controlled Intersection,22.0,February,Motorist Drive Through - Sign-Controlled Intersection,2017,42.03850604944766,Unknown,Unknown Injury,Unknown,Unknown,Yes,35.14858203,-78.91155138,Dry,30 - 35  MPH,Stop Sign,Clear,No,1,0,2
Yes,54.0,Yes,With Traffic,B: Suspected Minor Injury,Male,Wilmington,New Hanover,Yes,Wednesday,Bicyclist Right Turn / Merge,19.0,January,Bicyclist Right Turn - Same Direction,2017,34.0,No,O: No Injury,Male,Passenger Car,No,34.24979632,-77.88962866,Dry,30 - 35  MPH,No Control Present,Clear,No,0,0,1
Yes,60.0,No,Not Applicable,B: Suspected Minor Injury,Male,Charlotte,Mecklenburg,No,Monday,Bicyclist Failed to Yield - Midblock,10.0,December,Bicyclist Ride Out - Other Midblock,2016,29.0,No,O: No Injury,Female,Passenger Car,No,35.25024766,-80.77867767,Wet,30 - 35  MPH,No Control Present,Cloudy,No,0,0,12
Yes,56.0,Yes,Facing Traffic,B: Suspected Minor Injury,Male,Greensboro,Guilford,Yes,Saturday,Head-On,17.0,February,Head-On - Motorist,2017,23.0,No,O: No Injury,Female,Passenger Car,No,36.12520303,-79.76544568,Dry,30 - 35  MPH,No Control Present,Clear,No,0,0,2
Yes,28.0,No,With Traffic,B: Suspected Minor Injury,Male,Durham,Durham,No,Saturday,Motorist Left Turn / Merge,19.0,February,Motorist Left Turn - Opposite Direction,2017,20.0,Unknown,O: No Injury,Male,Passenger Car,Yes,36.01854586,-78.89012459,Dry,30 - 35  MPH,No Control Present,Clear,No,0,0,2
No,30.0,No,With Traffic,B: Suspected Minor Injury,Male,Chapel Hill,Orange,No,Wednesday,Motorist Failed to Yield - Midblock,10.0,January,Motorist Drive Out - Commercial Driveway / Alley,2017,48.0,No,O: No Injury,Female,Van,No,35.90563347,-79.04542686,Dry,20 - 25  MPH,No Control Present,Clear,No,0,0,1
No,60.0,No,Facing Traffic,B: Suspected Minor Injury,Male,Charlotte,Mecklenburg,No,Wednesday,Motorist Left Turn / Merge,20.0,February,Motorist Left Turn - Same Direction,2017,47.0,No,O: No Injury,Female,Sport Utility,No,35.14200476,-80.74053088,Wet,30 - 35  MPH,No Control Present,Rain,No,0,0,2
No,38.0,No,With Traffic,B: Suspected Minor Injury,Male,East Spencer,Rowan,No,Thursday,Motorist Overtaking Bicyclist,21.0,February,Motorist Overtaking - Undetected Bicyclist,2017,53.0,No,O: No Injury,Male,Pickup,No,35.68426317,-80.43235238,Wet,30 - 35  MPH,"Double Yellow Line, No Passing Zone",Rain,No,0,0,2
No,24.0,No,With Traffic,B: Suspected Minor Injury,Female,Wilmington,New Hanover,No,Wednesday,Motorist Failed to Yield - Sign-Controlled Intersection,21.0,February,Motorist Drive Out - Sign-Controlled Intersection,2017,23.0,No,O: No Injury,Female,Passenger Car,Yes,34.22997566,-77.87099443,Dry,30 - 35  MPH,Flashing Signal With Stop Sign,Clear,No,0,0,2
Yes,17.0,No,With Traffic,B: Suspected Minor Injury,Male,Charlotte,Mecklenburg,No,Monday,Motorist Overtaking Bicyclist,20.0,February,Motorist Overtaking - Other / Unknown,2017,42.03850604944766,Missing,Unknown Injury,Unknown,Unknown,Yes,35.22161001,-80.75063903,Dry,30 - 35  MPH,No Control Present,Clear,No,1,0,2
Yes,13.0,No,Unknown,B: Suspected Minor Injury,Male,Leland,Brunswick,No,Saturday,Crossing Paths - Other Circumstances,19.0,January,Crossing Paths - Midblock - Other / Unknown,2017,54.0,No,O: No Injury,Male,Pickup,No,34.24828438,-78.02754389,Wet,40 - 45  MPH,No Control Present,Rain,No,0,0,1
Yes,12.0,No,With Traffic,B: Suspected Minor Injury,Female,Charlotte,Mecklenburg,No,Sunday,Bicyclist Overtaking Motorist,13.0,February,Bicyclist Overtaking - Parked Vehicle,2017,42.03850604944766,Missing,Unknown Injury,Unknown,Sport Utility,No,35.0821592,-80.73780245,Dry,20 - 25  MPH,No Control Present,Clear,No,1,0,2
Yes,60.0,No,With Traffic,B: Suspected Minor Injury,Male,None - Rural Crash,Randolph,No,Sunday,Motorist Overtaking Bicyclist,21.0,February,Motorist Overtaking - Undetected Bicyclist,2017,16.0,No,O: No Injury,Female,Passenger Car,No,35.72983718,-79.9411508,Dry,50 - 55  MPH,No Control Present,Clear,No,0,0,2
Yes,22.0,No,With Traffic,B: Suspected Minor Injury,Male,Thomasville,Davidson,No,Monday,Motorist Overtaking Bicyclist,9.0,February,Motorist Overtaking - Bicyclist Swerved,2017,42.03850604944766,Missing,Unknown Injury,Unknown,Unknown,Yes,35.87250171,-80.07576294,Dry,30 - 35  MPH,No Control Present,Clear,No,1,0,2
Yes,51.0,No,With Traffic,B: Suspected Minor Injury,Male,Raleigh,Wake,No,Friday,Motorist Right Turn / Merge,15.0,February,Motorist Right Turn - Same Direction,2017,20.0,No,O: No Injury,Male,Sport Utility,No,35.78671703,-78.66399968,Dry,30 - 35  MPH,Stop And Go Signal,Clear,No,0,0,2
Yes,14.0,No,With Traffic,B: Suspected Minor Injury,Male,Raleigh,Wake,No,Thursday,Motorist Left Turn / Merge,13.0,March,Motorist Left Turn - Same Direction,2017,21.0,No,O: No Injury,Female,Passenger Car,No,35.78359718,-78.68261887,Dry,40 - 45  MPH,Stop And Go Signal,Clear,No,0,0,3
Yes,55.0,No,Facing Traffic,B: Suspected Minor Injury,Male,Raleigh,Wake,No,Tuesday,Motorist Failed to Yield - Signalized Intersection,8.0,February,Motorist Drive Out - Right Turn on Red,2017,70.0,No,O: No Injury,Male,Van,No,35.76076771,-78.64939581,Dry,30 - 35  MPH,Stop And Go Signal,Clear,No,0,0,2
No,29.0,No,With Traffic,B: Suspected Minor Injury,Male,Asheville,Buncombe,No,Saturday,Motorist Failed to Yield - Sign-Controlled Intersection,15.0,February,Motorist Drive Out - Sign-Controlled Intersection,2017,40.0,No,O: No Injury,Female,Sport Utility,No,35.57829135,-82.60210933,Dry,20 - 25  MPH,Stop Sign,Clear,No,0,0,2
Yes,71.0,No,With Traffic,B: Suspected Minor Injury,Male,Wilmington,New Hanover,No,Saturday,Motorist Overtaking Bicyclist,18.0,February,Motorist Overtaking - Other / Unknown,2017,24.0,No,O: No Injury,Female,Passenger Car,No,34.23400821,-77.92858414,Dry,30 - 35  MPH,No Control Present,Clear,No,0,0,2
No,52.0,No,With Traffic,B: Suspected Minor Injury,Male,Asheville,Buncombe,No,Monday,Bicyclist Overtaking Motorist,20.0,February,Bicyclist Overtaking - Extended Door,2017,54.0,No,O: No Injury,Male,Passenger Car,No,35.57880412,-82.59500941,Dry,Unknown,No Control Present,Clear,No,0,0,2
Yes,18.0,No,With Traffic,B: Suspected Minor Injury,Male,None - Rural Crash,Brunswick,No,Thursday,Bicyclist Left Turn / Merge,16.0,March,Bicyclist Left Turn - Same Direction,2017,38.0,No,O: No Injury,Female,Van,No,34.22067497,-78.01114201,Dry,40 - 45  MPH,"Double Yellow Line, No Passing Zone",Clear,No,0,0,3
Yes,47.0,No,With Traffic,B: Suspected Minor Injury,Male,Charlotte,Mecklenburg,No,Wednesday,Motorist Overtaking Bicyclist,7.0,March,Motorist Overtaking - Misjudged Space,2017,47.0,No,O: No Injury,Male,Passenger Car,No,35.10762329,-80.82681504,Dry,40 - 45  MPH,No Control Present,Cloudy,No,0,0,3
No,77.0,No,With Traffic,B: Suspected Minor Injury,Male,Atlantic Beach,Carteret,No,Friday,Motorist Right Turn / Merge,14.0,November,Motorist Right Turn - Same Direction,2016,56.0,No,O: No Injury,Male,Unknown,Yes,34.69791618,-76.78420115,Dry,40 - 45  MPH,No Control Present,Clear,No,0,0,11
Yes,5.0,No,Not Applicable,B: Suspected Minor Injury,Male,Ahoskie,Hertford,No,Sunday,Bicyclist Failed to Yield - Midblock,18.0,February,Bicyclist Ride Out - Other Midblock,2017,63.0,No,O: No Injury,Female,Passenger Car,No,36.27228392,-76.98280347,Dry,20 - 25  MPH,No Control Present,Clear,No,0,0,2
Yes,64.0,No,With Traffic,B: Suspected Minor Injury,Male,Wake Forest,Wake,No,Tuesday,Motorist Overtaking Bicyclist,0.0,February,Motorist Overtaking - Undetected Bicyclist,2017,47.0,No,O: No Injury,Male,Sport Utility,No,36.0008354,-78.52289325,Dry,50 - 55  MPH,No Control Present,Clear,No,0,0,2
No,17.0,No,Facing Traffic,B: Suspected Minor Injury,Male,Charlotte,Mecklenburg,No,Saturday,Bicyclist Failed to Yield - Signalized Intersection,19.0,February,Bicyclist Ride Through - Signalized Intersection,2017,28.0,No,O: No Injury,Male,Sport Utility,No,35.21871034,-80.83747559,Dry,30 - 35  MPH,Stop And Go Signal,Clear,No,0,0,2
Yes,18.0,No,Facing Traffic,B: Suspected Minor Injury,Female,Winston-Salem,Forsyth,No,Friday,Bicyclist Failed to Yield - Midblock,15.0,February,Bicyclist Ride Out - Other Midblock,2017,26.0,No,O: No Injury,Female,Sport Utility,No,36.15825778,-80.26650096,Dry,30 - 35  MPH,"Double Yellow Line, No Passing Zone",Clear,No,0,0,2
Yes,14.0,No,With Traffic,B: Suspected Minor Injury,Male,Charlotte,Mecklenburg,No,Saturday,Motorist Overtaking Bicyclist,22.0,February,Motorist Overtaking - Misjudged Space,2017,42.03850604944766,Missing,Unknown Injury,Unknown,Unknown,Yes,35.22203927,-80.98333024,Dry,20 - 25  MPH,Stop Sign,Clear,No,1,0,2
Yes,63.0,No,With Traffic,B: Suspected Minor Injury,Male,Tarboro,Edgecombe,No,Saturday,Motorist Overtaking Bicyclist,13.0,March,Motorist Overtaking - Other / Unknown,2017,25.0,No,O: No Injury,Female,Passenger Car,No,35.92285126,-77.54750884,Dry,40 - 45  MPH,No Control Present,Clear,No,0,0,3
No,25.0,No,With Traffic,B: Suspected Minor Injury,Female,Chapel Hill,Orange,No,Thursday,Motorist Overtaking Bicyclist,20.0,March,Motorist Overtaking - Misjudged Space,2017,42.03850604944766,Missing,Unknown Injury,Unknown,Unknown,Yes,35.9093853,-79.05790763,Dry,20 - 25  MPH,No Control Present,Clear,No,1,0,3
Yes,7.0,No,With Traffic,B: Suspected Minor Injury,Female,Apex,Wake,No,Thursday,Bicyclist Failed to Yield - Sign-Controlled Intersection,19.0,March,Bicyclist Ride Through - Sign-Controlled Intersection,2017,44.0,No,O: No Injury,Female,Sport Utility,No,35.71554913,-78.89610053,Dry,20 - 25  MPH,Stop Sign,Clear,No,0,0,3