AmbulanceR,BikeAge,BikeAlcFlg,BikeDir,BikeInjury,BikeSex,City,County,CrashAlcoh,CrashDay,CrashGrp,CrashHour,CrashMonth,CrashType,CrashYear,DrvrAge,DrvrAlcFlg,DrvrInjury,DrvrSex,DrvrVehTyp,HitRun,Latitude,Longitude,RdConditio,SpeedLimit,TraffCntrl,Weather,Workzone,DrvrAgeImputedFlag,BikeAgeImputedFlag,MonthCode
Yes,53.0,No,With Traffic,B: Suspected Minor Injury,Male,None - Rural Crash,Columbus,No,Thursday,Motorist Overtaking Bicyclist,18.0,March,Motorist Overtaking - Undetected Bicyclist,2017,39.0,No,O: No Injury,Male,"Single Unit Truck (2-Axle, 6-Tire)",No,34.32736077,-78.79371254,Dry,40 - 45  MPH,"Double Yellow Line, No Passing Zone",Clear,No,0,0,3
No,9.0,No,With Traffic,B: Suspected Minor Injury,Male,Durham,Durham,No,Sunday,Bicyclist Failed to Yield - Sign-Controlled Intersection,14.0,March,Bicyclist Ride Through - Sign-Controlled Intersection,2017,29.0,No,O: No Injury,Male,Passenger Car,No,35.98218275,-78.90770402,Dry,30 - 35  MPH,Stop Sign,Clear,No,0,0,3
Yes,9.0,No,Facing Traffic,B: Suspected Minor Injury,Male,None - Rural Crash,Davidson,No,Tuesday,Head-On,7.0,February,Head-On - Bicyclist,2017,33.0,No,O: No Injury,Female,Passenger Car,No,35.7830461,-80.37053998,Dry,20 - 25  MPH,No Control Present,Clear,No,0,0,2
Yes,23.0,No,Facing Traffic,B: Suspected Minor Injury,Male,Charlotte,Mecklenburg,No,Tuesday,Motorist Overtaking Bicyclist,7.0,March,Motorist Overtaking - Undetected Bicyclist,2017,46.0,No,O: No Injury,Male,Sport Utility,No,35.30590837,-80.86802412,Dry,30 - 35  MPH,No Control Present,Clear,No,0,0,3
Yes,45.0,No,With Traffic,B: Suspected Minor Injury,Male,None - Rural Crash,Chatham,No,Wednesday,Motorist Overtaking Bicyclist,23.0,March,Motorist Overtaking - Other / Unknown,2017,68.0,Unknown,O: No Injury,Female,Passenger Car,Yes,35.86271861,-79.00817535,Dry,40 - 45  MPH,No Control Present,Clear,No,0,0,3
Yes,33.0,No,Not Applicable,B: Suspected Minor Injury,Male,Wilmington,New Hanover,No,Thursday,Non-Roadway,14.0,March,Non-Roadway,2017,85.0,No,O: No Injury,Female,Sport Utility,No,34.19667725,-77.88934231,Dry,40 - 45  MPH,No Control Present,Clear,No,0,0,3
Yes,49.0,No,Facing Traffic,B: Suspected Minor Injury,Male,Wilmington,New Hanover,No,Monday,Motorist Failed to Yield - Sign-Controlled Intersection,14.0,March,Motorist Drive Out - Sign-Controlled Intersection,2017,47.0,No,O: No Injury,Male,Sport Utility,No,34.22843086,-77.83112,Wet,20 - 25  MPH,Stop Sign,Rain,No,0,0,3
Yes,46.0,No,With Traffic,B: Suspected Minor Injury,Male,East Laurinburg,Scotland,No,Wednesday,Motorist Overtaking Bicyclist,6.0,March,Motorist Overtaking - Other / Unknown,2017,37.0,No,O: No Injury,Female,Sport Utility,No,34.7703302,-79.45187923,Dry,30 - 35  MPH,"Double Yellow Line, No Passing Zone",Cloudy,No,0,0,3
Yes,22.0,No,With Traffic,B: Suspected Minor Injury,Male,None - Rural Crash,Onslow,No,Tuesday,Motorist Overtaking Bicyclist,22.0,March,Motorist Overtaking - Other / Unknown,2017,30.0,No,O: No Injury,Male,Pickup,No,34.92003063,-77.62382251,Dry,50 - 55  MPH,No Control Present,Clear,No,0,0,3
Yes,53.0,No,With Traffic,B: Suspected Minor Injury,Male,Fayetteville,Cumberland,No,Sunday,Motorist Overtaking Bicyclist,20.0,February,Motorist Overtaking - Other / Unknown,2017,42.03850604944766,Missing,Unknown Injury,Unknown,Unknown,Yes,35.13066011,-78.89680915,Dry,30 - 35  MPH,No Control Present,Clear,No,1,0,2
No,40.0,No,Facing Traffic,B: Suspected Minor Injury,Male,Fayetteville,Cumberland,No,Saturday,Head-On,19.0,February,Head-On - Bicyclist,2017,57.0,No,O: No Injury,Male,Pickup,No,35.02282225,-78.99141571,Dry,20 - 25  MPH,No Control Present,Clear,No,0,0,2
Yes,25.0,No,With Traffic,B: Suspected Minor Injury,Female,Durham,Durham,No,Monday,Bicyclist Overtaking Motorist,8.0,March,Bicyclist Overtaking - Extended Door,2017,25.0,No,O: No Injury,Female,Passenger Car,No,35.9967066,-78.91908628,Dry,30 - 35  MPH,No Control Present,Clear,No,0,0,3
Yes,63.0,No,With Traffic,B: Suspected Minor Injury,Male,Rocky Mount,Nash,No,Tuesday,Motorist Overtaking Bicyclist,12.0,March,Motorist Overtaking - Misjudged Space,2017,51.0,No,O: No Injury,Male,Sport Utility,No,35.95993464,-77.82145937,Wet,30 - 35  MPH,No Control Present,Cloudy,No,0,0,3
No,25.0,No,With Traffic,B: Suspected Minor Injury,Female,Asheville,Buncombe,No,Tuesday,Motorist Left Turn / Merge,12.0,March,Motorist Left Turn - Same Direction,2017,29.0,No,O: No Injury,Female,Passenger Car,No,35.62000771,-82.55441899,Dry,30 - 35  MPH,"Double Yellow Line, No Passing Zone",Cloudy,No,0,0,3
No,23.0,No,Facing Traffic,B: Suspected Minor Injury,Male,Charlotte,Mecklenburg,No,Tuesday,Motorist Failed to Yield - Sign-Controlled Intersection,12.0,March,Motorist Drive Out - Sign-Controlled Intersection,2017,35.0,No,O: No Injury,Female,Pickup,No,35.14898531,-80.83299807,Dry,20 - 25  MPH,Stop Sign,Clear,No,0,0,3
Yes,57.0,No,With Traffic,B: Suspected Minor Injury,Male,Winston-Salem,Forsyth,No,Monday,Motorist Overtaking Bicyclist,22.0,March,Motorist Overtaking - Other / Unknown,2017,59.0,No,O: No Injury,Male,Passenger Car,No,36.05941929,-80.36111483,Dry,50 - 55  MPH,"Double Yellow Line, No Passing Zone",Clear,No,0,0,3
Yes,21.0,No,With Traffic,B: Suspected Minor Injury,Male,Raleigh,Wake,No,Saturday,Bicyclist Failed to Yield - Sign-Controlled Intersection,18.0,April,Bicyclist Ride Through - Sign-Controlled Intersection,2017,68.0,No,O: No Injury,Male,Passenger Car,No,35.76457955,-78.63305766,Dry,20 - 25  MPH,No Control Present,Clear,No,0,0,4
Yes,24.0,No,With Traffic,B: Suspected Minor Injury,Male,None - Rural Crash,Brunswick,No,Thursday,Motorist Overtaking Bicyclist,8.0,March,Motorist Overtaking - Other / Unknown,2017,42.03850604944766,Unknown,Unknown Injury,Unknown,Sport Utility,Yes,34.30796928,-78.1355989,Dry,50 - 55  MPH,No Control Present,Clear,No,1,0,3
Yes,27.0,No,With Traffic,B: Suspected Minor Injury,Male,Asheville,Buncombe,No,Tuesday,Motorist Left Turn / Merge,19.0,March,Motorist Left Turn - Opposite Direction,2017,27.0,No,O: No Injury,Female,Passenger Car,No,35.59896354,-82.55339743,Dry,20 - 25  MPH,Stop And Go Signal,Clear,No,0,0,3
Yes,32.0,No,With Traffic,B: Suspected Minor Injury,Male,Chapel Hill,Orange,No,Thursday,Motorist Right Turn / Merge,14.0,March,Motorist Right Turn - Same Direction,2017,61.0,No,O: No Injury,Male,Sport Utility,No,35.90251109,-79.01059584,Dry,20 - 25  MPH,Stop And Go Signal,Clear,No,0,0,3
Yes,15.0,No,Facing Traffic,B: Suspected Minor Injury,Male,Rocky Mount,Nash,No,Tuesday,Loss of Control / Turning Error,18.0,April,"Motorist Lost Control - Oversteering, Improper Braking, Speed",2017,22.0,No,O: No Injury,Male,Police,No,35.93336345,-77.81076371,Dry,30 - 35  MPH,No Control Present,Clear,No,0,0,4
Yes,50.0,No,With Traffic,B: Suspected Minor Injury,Male,Marvin,Union,No,Wednesday,Motorist Failed to Yield - Sign-Controlled Intersection,19.0,March,Motorist Drive Out - Sign-Controlled Intersection,2017,17.0,No,O: No Injury,Male,Sport Utility,No,34.99181524,-80.79832986,Dry,40 - 45  MPH,Stop Sign,Clear,No,0,0,3
No,21.0,No,Not Applicable,B: Suspected Minor Injury,Male,Raleigh,Wake,No,Thursday,Non-Roadway,17.0,April,Non-Roadway,2017,42.03850604944766,Missing,Unknown Injury,Unknown,Passenger Car,No,35.78329052,-78.68776254,Dry,5 - 15 MPH,No Control Present,Clear,No,1,0,4
Yes,23.0,No,Not Applicable,B: Suspected Minor Injury,Female,Raleigh,Wake,No,Tuesday,Non-Roadway,10.0,April,Non-Roadway,2017,53.0,No,O: No Injury,Male,Van,No,35.78462357,-78.69416986,Dry,30 - 35  MPH,No Control Present,Clear,No,0,0,4
No,65.0,No,With Traffic,B: Suspected Minor Injury,Male,Charlotte,Mecklenburg,No,Tuesday,Motorist Overtaking Bicyclist,3.0,April,Motorist Overtaking - Other / Unknown,2017,36.0,No,O: No Injury,Male,Passenger Car,No,35.05495349,-80.81244036,Dry,40 - 45  MPH,No Control Present,Clear,No,0,0,4
No,16.0,No,With Traffic,B: Suspected Minor Injury,Male,Charlotte,Mecklenburg,No,Friday,Motorist Overtaking Bicyclist,15.0,April,Motorist Overtaking - Other / Unknown,2017,42.03850604944766,Missing,Unknown Injury,Unknown,Sport Utility,Yes,35.18124637,-80.89459641,Dry,30 - 35  MPH,No Control Present,Clear,No,1,0,4
Yes,33.0,Unknown,With Traffic,B: Suspected Minor Injury,Male,Wilmington,New Hanover,No,Tuesday,Crossing Paths - Other Circumstances,14.0,March,Crossing Paths - Intersection - Other / Unknown,2017,35.0,No,O: No Injury,Female,Van,No,34.21526523,-77.88598799,Dry,40 - 45  MPH,No Control Present,Clear,No,0,0,3
Yes,21.0,No,With Traffic,B: Suspected Minor Injury,Male,Kinston,Lenoir,No,Sunday,Parallel Paths - Other Circumstances,19.0,April,Parallel Paths - Other / Unknown,2017,21.0,No,O: No Injury,Male,Passenger Car,No,35.26493414,-77.57777938,Dry,30 - 35  MPH,No Control Present,Clear,No,0,0,4
No,22.0,No,With Traffic,B: Suspected Minor Injury,Male,Durham,Durham,No,Monday,Motorist Overtaking Bicyclist,9.0,April,Motorist Overtaking - Other / Unknown,2017,85.0,No,O: No Injury,Male,Passenger Car,No,36.00295549,-78.95110257,Dry,20 - 25  MPH,Yield Sign,Clear,No,0,0,4
Yes,76.0,No,Facing Traffic,B: Suspected Minor Injury,Male,Raleigh,Wake,No,Friday,Crossing Paths - Other Circumstances,12.0,April,Crossing Paths - Intersection - Other / Unknown,2017,18.0,No,O: No Injury,Male,Sport Utility,No,35.94911791,-78.57249703,Dry,30 - 35  MPH,Stop Sign,Clear,No,0,0,4
Yes,54.0,No,With Traffic,B: Suspected Minor Injury,Male,New Bern,Craven,No,Wednesday,Loss of Control / Turning Error,18.0,March,Motorist Turning Error - Left Turn,2017,70.0,No,O: No Injury,Male,Passenger Car,No,35.11622079,-77.04732432,Dry,30 - 35  MPH,Stop Sign,Clear,No,0,0,3
Yes,51.0,No,With Traffic,B: Suspected Minor Injury,Male,Chapel Hill,Orange,No,Tuesday,Motorist Failed to Yield - Sign-Controlled Intersection,11.0,April,Motorist Drive Out - Sign-Controlled Intersection,2017,66.0,No,O: No Injury,Female,Passenger Car,No,35.95152537,-79.03641033,Dry,20 - 25  MPH,Stop Sign,Clear,No,0,0,4
No,62.0,No,With Traffic,B: Suspected Minor Injury,Male,Charlotte,Mecklenburg,No,Saturday,Motorist Overtaking Bicyclist,15.0,April,Motorist Overtaking - Other / Unknown,2017,57.0,No,O: No Injury,Female,Passenger Car,No,35.11379245,-80.78534808,Dry,30 - 35  MPH,No Control Present,Clear,No,0,0,4
Yes,52.0,No,Not Applicable,B: Suspected Minor Injury,Male,Charlotte,Mecklenburg,No,Tuesday,Non-Roadway,18.0,April,Non-Roadway,2017,61.0,No,O: No Injury,Male,Passenger Car,No,35.25961735,-80.76633211,Dry,30 - 35  MPH,Stop Sign,Clear,No,0,0,4
Yes,19.0,No,Facing Traffic,B: Suspected Minor Injury,Male,Salisbury,Rowan,No,Wednesday,Crossing Paths - Other Circumstances,12.0,April,Crossing Paths - Intersection - Other / Unknown,2017,56.0,No,O: No Injury,Male,Sport Utility,No,35.68174949,-80.48188469,Dry,30 - 35  MPH,No Control Present,Clear,No,0,0,4
Yes,20.0,No,With Traffic,B: Suspected Minor Injury,Male,Wilmington,New Hanover,No,Wednesday,Motorist Left Turn / Merge,12.0,April,Motorist Left Turn - Opposite Direction,2017,20.0,No,O: No Injury,Female,Passenger Car,No,34.22490581,-77.87352589,Dry,20 - 25  MPH,No Control Present,Clear,No,0,0,4
Yes,27.0,No,Facing Traffic,B: Suspected Minor Injury,Female,Raleigh,Wake,No,Wednesday,Motorist Failed to Yield - Sign-Controlled Intersection,15.0,April,Motorist Drive Out - Sign-Controlled Intersection,2017,28.0,No,O: No Injury,Male,Passenger Car,No,35.76661818,-78.70022652,Dry,20 - 25  MPH,Stop Sign,Clear,No,0,0,4
Yes,20.0,No,With Traffic,B: Suspected Minor Injury,Female,Winston-Salem,Forsyth,No,Thursday,Motorist Failed to Yield - Sign-Controlled Intersection,8.0,April,Motorist Drive Out - Sign-Controlled Intersection,2017,42.0,No,O: No Injury,Female,Passenger Car,No,36.09446633,-80.25321274,Dry,20 - 25  MPH,Stop Sign,Clear,No,0,0,4
Yes,57.0,No,Facing Traffic,B: Suspected Minor Injury,Male,Charlotte,Mecklenburg,No,Saturday,Motorist Failed to Yield - Sign-Controlled Intersection,21.0,April,Motorist Drive Through - Sign-Controlled Intersection,2017,43.0,No,O: No Injury,Male,Passenger Car,No,35.2604777,-80.85625958,Dry,20 - 25  MPH,Stop Sign,Clear,No,0,0,4
Yes,7.0,No,With Traffic,B: Suspected Minor Injury,Female,None - Rural Crash,Wayne,No,Saturday,Bicyclist Failed to Yield - Sign-Controlled Intersection,18.0,April,Bicyclist Ride Out - Sign-Controlled Intersection,2017,57.0,No,O: No Injury,Male,Passenger Car,No,35.39452618,-78.07130171,Dry,50 - 55  MPH,Stop Sign,Clear,No,0,0,4
Yes,27.0,No,With Traffic,B: Suspected Minor Injury,Male,None - Rural Crash,Scotland,No,Saturday,Motorist Overtaking Bicyclist,21.0,April,Motorist Overtaking - Other / Unknown,2017,42.03850604944766,Unknown,Unknown Injury,Unknown,Unknown,Yes,34.74489095,-79.37074573,Dry,50 - 55  MPH,No Control Present,Clear,No,1,0,4
Yes,21.0,No,With Traffic,B: Suspected Minor Injury,Male,Winston-Salem,Forsyth,No,Monday,Bicyclist Overtaking Motorist,17.0,April,Bicyclist Overtaking - Other / Unknown,2017,42.03850604944766,Missing,Unknown Injury,Unknown,Unknown,Yes,36.05058883,-80.33937289,Wet,Unknown,"Double Yellow Line, No Passing Zone",Cloudy,No,1,0,4
Yes,44.0,Unknown,With Traffic,B: Suspected Minor Injury,Male,High Point,Guilford,No,Tuesday,Bicyclist Failed to Yield - Sign-Controlled Intersection,14.0,April,Bicyclist Ride Through - Sign-Controlled Intersection,2017,50.0,No,O: No Injury,Male,Passenger Car,No,35.98387383,-79.99617343,Wet,30 - 35  MPH,Stop Sign,Cloudy,No,0,0,4
No,22.0,No,Facing Traffic,B: Suspected Minor Injury,Female,Jacksonville,Onslow,No,Tuesday,Motorist Failed to Yield - Midblock,14.0,April,Motorist Drive Out - Residential Driveway,2017,18.0,No,O: No Injury,Female,Sport Utility,No,34.80581898,-77.41126604,Dry,20 - 25  MPH,Stop Sign,Clear,No,0,0,4
No,15.0,No,Facing Traffic,B: Suspected Minor Injury,Male,Winston-Salem,Forsyth,No,Tuesday,Bicyclist Failed to Yield - Midblock,16.0,May,Bicyclist Ride Out - Other Midblock,2017,42.03850604944766,Missing,Unknown Injury,Unknown,Unknown,Yes,36.07063802,-80.22652909,Dry,30 - 35  MPH,"Double Yellow Line, No Passing Zone",Clear,No,1,0,5
Yes,23.0,No,With Traffic,B: Suspected Minor Injury,Male,Durham,Durham,No,Sunday,Motorist Left Turn / Merge,15.0,May,Motorist Left Turn - Opposite Direction,2017,46.0,No,O: No Injury,Male,Passenger Car,No,35.99671261,-78.91573519,Dry,20 - 25  MPH,Stop Sign,Clear,No,0,0,5
Yes,75.0,No,With Traffic,B: Suspected Minor Injury,Male,Raleigh,Wake,No,Saturday,Motorist Failed to Yield - Signalized Intersection,15.0,May,Motorist Drive Out - Right Turn on Red,2017,23.0,No,O: No Injury,Male,Passenger Car,No,35.81645796,-78.56738036,Dry,40 - 45  MPH,No Control Present,Clear,No,0,0,5
No,7.0,No,Not Applicable,B: Suspected Minor Injury,Female,Charlotte,Mecklenburg,No,Sunday,Non-Roadway,20.0,May,Non-Roadway,2017,29.0,No,O: No Injury,Female,Passenger Car,No,35.20884614,-80.89401324,Dry,Unknown,No Control Present,Clear,No,0,0,5
Yes,59.0,No,With Traffic,B: Suspected Minor Injury,Male,Greensboro,Guilford,No,Monday,Motorist Left Turn / Merge,9.0,May,Motorist Left Turn - Opposite Direction,2017,74.0,No,O: No Injury,Male,Passenger Car,No,36.14753773,-79.88330462,Dry,40 - 45  MPH,No Control Present,Clear,No,0,0,5
Yes,66.0,No,Facing Traffic,B: Suspected Minor Injury,Male,None - Rural Crash,Rockingham,No,Wednesday,Bicyclist Overtaking Motorist,16.0,April,Bicyclist Overtaking - Passing on Left,2017,20.0,No,O: No Injury,Female,Pickup,No,36.35488637,-79.71393373,Dry,40 - 45  MPH,"Double Yellow Line, No Passing Zone",Clear,No,0,0,4
Yes,6.0,No,With Traffic,B: Suspected Minor Injury,Male,Lincolnton,Lincoln,No,Thursday,Motorist Failed to Yield - Sign-Controlled Intersection,15.0,May,Motorist Drive Out - Sign-Controlled Intersection,2017,17.0,No,O: No Injury,Male,Sport Utility,No,35.47014336,-81.24231074,Dry,20 - 25  MPH,Stop Sign,Clear,No,0,0,5
No,55.0,No,With Traffic,B: Suspected Minor Injury,Male,Durham,Durham,No,Thursday,Loss of Control / Turning Error,13.0,May,Motorist Lost Control - Other / Unknown,2017,71.0,No,O: No Injury,Male,Sport Utility,No,36.00317639,-78.91444048,Dry,30 - 35  MPH,No Control Present,Clear,No,0,0,5
Yes,25.0,No,With Traffic,B: Suspected Minor Injury,Male,High Point,Guilford,No,Wednesday,Bicyclist Failed to Yield - Sign-Controlled Intersection,11.0,May,Bicyclist Ride Through - Sign-Controlled Intersection,2017,31.0,No,O: No Injury,Female,Passenger Car,No,35.95444387,-79.96111908,Dry,30 - 35  MPH,Stop Sign,Clear,No,0,0,5
No,58.0,Yes,With Traffic,B: Suspected Minor Injury,Male,None - Rural Crash,Johnston,Yes,Tuesday,Motorist Overtaking Bicyclist,22.0,April,Motorist Overtaking - Misjudged Space,2017,18.0,No,O: No Injury,Female,Passenger Car,No,35.75307828,-78.34836938,Dry,50 - 55  MPH,"Double Yellow Line, No Passing Zone",Cloudy,No,0,0,4
Yes,60.0,Unknown,With Traffic,B: Suspected Minor Injury,Male,Charlotte,Mecklenburg,No,Saturday,Backing Vehicle,8.0,May,Backing Vehicle,2017,65.0,No,O: No Injury,Male,Passenger Car,No,35.04293839,-80.84184091,Dry,20 - 25  MPH,No Control Present,Clear,No,0,0,5
Yes,46.0,No,Facing Traffic,B: Suspected Minor Injury,Unknown,Cary,Wake,No,Saturday,Motorist Failed to Yield - Sign-Controlled Intersection,17.0,May,Motorist Drive Out - Sign-Controlled Intersection,2017,49.0,No,O: No Injury,Male,Sport Utility,No,35.79603337,-78.84826001,Dry,20 - 25  MPH,Stop And Go Signal,Clear,No,0,0,5
Yes,55.0,No,With Traffic,B: Suspected Minor Injury,Male,None - Rural Crash,Rowan,No,Wednesday,Motorist Failed to Yield - Midblock,11.0,May,Motorist Drive Out - Residential Driveway,2017,68.0,No,O: No Injury,Female,Passenger Car,No,35.58091106,-80.48831308,Dry,40 - 45  MPH,"Double Yellow Line, No Passing Zone",Clear,No,0,0,5
Yes,6.0,No,Not Applicable,B: Suspected Minor Injury,Male,Raleigh,Wake,No,Monday,Bicyclist Failed to Yield - Midblock,17.0,May,Bicyclist Ride Out - Residential Driveway,2017,62.0,No,O: No Injury,Male,"Light Truck (Mini-Van, Panel)",No,35.78438469,-78.70702931,Dry,30 - 35  MPH,No Control Present,Clear,No,0,0,5
No,31.0,No,With Traffic,B: Suspected Minor Injury,Male,Charlotte,Mecklenburg,No,Tuesday,Motorist Failed to Yield - Sign-Controlled Intersection,17.0,May,Motorist Drive Through - Sign-Controlled Intersection,2017,50.0,No,O: No Injury,Female,Passenger Car,No,35.24390055,-80.80226603,Dry,20 - 25  MPH,Stop Sign,Clear,No,0,0,5
Yes,38.0,No,With Traffic,B: Suspected Minor Injury,Male,None - Rural Crash,Chatham,No,Sunday,Motorist Overtaking Bicyclist,10.0,May,Motorist Overtaking - Misjudged Space,2017,44.0,No,O: No Injury,Male,Sport Utility,No,35.68124781,-79.03708821,Dry,50 - 55  MPH,"Double Yellow Line, No Passing Zone",Clear,No,0,0,5
Yes,54.0,Yes,With Traffic,B: Suspected Minor Injury,Male,Charlotte,Mecklenburg,Yes,Wednesday,Motorist Right Turn / Merge,8.0,May,Motorist Right Turn - Same Direction,2017,55.0,No,O: No Injury,Male,Passenger Car,No,35.22468161,-80.82813473,Wet,30 - 35  MPH,No Control Present,Cloudy,No,0,0,5
Yes,18.0,No,With Traffic,B: Suspected Minor Injury,Male,None - Rural Crash,Davidson,No,Thursday,Motorist Overtaking Bicyclist,17.0,May,Motorist Overtaking - Bicyclist Swerved,2017,37.0,No,O: No Injury,Male,Passenger Car,No,35.81913846,-80.20047815,Dry,40 - 45  MPH,"Double Yellow Line, No Passing Zone",Clear,No,0,0,5
No,20.0,No,Facing Traffic,A: Suspected Serious Injury,Male,Burlington,Alamance,No,Friday,Head-On,20.0,April,Head-On - Bicyclist,2017,42.03850604944766,Missing,Unknown Injury,Unknown,Unknown,Yes,36.10321991,-79.43421204,Dry,30 - 35  MPH,No Control Present,Clear,No,1,0,4
Yes,47.0,No,With Traffic,B: Suspected Minor Injury,Female,Wilmington,New Hanover,No,Wednesday,Motorist Overtaking Bicyclist,20.0,May,Motorist Overtaking - Other / Unknown,2017,42.03850604944766,Missing,Unknown Injury,Unknown,Unknown,Yes,34.25008861,-77.8896867,Dry,40 - 45  MPH,No Control Present,Cloudy,No,1,0,5
Yes,19.0,No,Not Applicable,B: Suspected Minor Injury,Male,Raleigh,Wake,No,Tuesday,Non-Roadway,17.0,May,Non-Roadway,2017,45.0,No,O: No Injury,Male,Passenger Car,No,35.82881444,-78.58471072,Wet,30 - 35  MPH,No Control Present,Rain,No,0,0,5
No,29.0,Unknown,With Traffic,B: Suspected Minor Injury,Male,Charlotte,Mecklenburg,No,Saturday,Motorist Overtaking Bicyclist,2.0,May,Motorist Overtaking - Other / Unknown,2017,42.03850604944766,Missing,Unknown Injury,Male,Unknown,Yes,35.21934424,-80.80021176,Unknown,30 - 35  MPH,No Control Present,Clear,No,1,0,5
Yes,51.0,No,Facing Traffic,B: Suspected Minor Injury,Male,Charlotte,Mecklenburg,No,Monday,Motorist Failed to Yield - Sign-Controlled Intersection,9.0,May,Motorist Drive Out - Sign-Controlled Intersection,2017,47.0,No,O: No Injury,Male,Pickup,No,35.13816876,-80.83852164,Dry,30 - 35  MPH,Stop Sign,Clear,No,0,0,5
Yes,27.0,Unknown,With Traffic,B: Suspected Minor Injury,Male,Mount Holly,Gaston,No,Monday,Motorist Overtaking Bicyclist,9.0,May,Motorist Overtaking - Bicyclist Swerved,2017,47.0,No,O: No Injury,Male,Sport Utility,No,35.27296311,-81.0261848,Dry,50 - 55  MPH,No Control Present,Clear,No,0,0,5
Yes,24.0,No,With Traffic,B: Suspected Minor Injury,Male,Charlotte,Mecklenburg,No,Monday,Bicyclist Failed to Yield - Signalized Intersection,18.0,May,Bicyclist Ride Through - Signalized Intersection,2017,55.0,No,O: No Injury,Female,Passenger Car,No,35.19111266,-80.87455296,Dry,30 - 35  MPH,Stop And Go Signal,Cloudy,No,0,0,5
Yes,39.0,No,With Traffic,B: Suspected Minor Injury,Male,Charlotte,Mecklenburg,No,Saturday,Bicyclist Left Turn / Merge,11.0,May,Bicyclist Left Turn - Same Direction,2017,80.0,No,O: No Injury,Male,Passenger Car,No,35.27608422,-80.86670876,Dry,30 - 35  MPH,No Control Present,Cloudy,No,0,0,5
Yes,40.0,No,With Traffic,B: Suspected Minor Injury,Male,Charlotte,Mecklenburg,No,Tuesday,Bicyclist Overtaking Motorist,19.0,May,Bicyclist Overtaking - Other / Unknown,2017,23.0,No,O: No Injury,Male,Tractor/Semi-Trailer,No,35.25982314,-80.76627923,Dry,20 - 25  MPH,Stop And Go Signal,Clear,No,0,0,5
Yes,28.0,No,Not Applicable,B: Suspected Minor Injury,Male,Wilmington,New Hanover,No,Tuesday,Non-Roadway,16.0,May,Non-Roadway,2017,47.0,No,O: No Injury,Female,Sport Utility,No,34.23191959,-77.82886625,Dry,Unknown,Stop And Go Signal,Clear,No,0,0,5
Yes,11.0,No,Not Applicable,B: Suspected Minor Injury,Male,Knightdale,Wake,No,Saturday,Bicyclist Failed to Yield - Sign-Controlled Intersection,14.0,June,Bicyclist Ride Through - Sign-Controlled Intersection,2017,54.0,No,O: No Injury,Female,Sport Utility,No,35.78640375,-78.51142082,Dry,20 - 25  MPH,Stop Sign,Clear,No,0,0,6
Yes,72.0,No,With Traffic,B: Suspected Minor Injury,Male,None - Rural Crash,Rockingham,No,Wednesday,Bicyclist Overtaking Motorist,11.0,May,Bicyclist Overtaking - Parked Vehicle,2017,42.03850604944766,Missing,Unknown Injury,Unknown,Pickup,No,36.24993454,-79.72079443,Dry,40 - 45  MPH,"Double Yellow Line, No Passing Zone",Clear,No,1,0,5
Yes,23.0,No,Not Applicable,B: Suspected Minor Injury,Male,Wilmington,New Hanover,No,Wednesday,Non-Roadway,20.0,May,Non-Roadway,2017,20.0,No,O: No Injury,Male,Passenger Car,No,34.22346933,-77.87955642,Dry,20 - 25  MPH,No Control Present,Clear,No,0,0,5
Yes,21.0,No,With Traffic,B: Suspected Minor Injury,Male,Durham,Durham,No,Sunday,Motorist Overtaking Bicyclist,0.0,May,Motorist Overtaking - Bicyclist Swerved,2017,30.0,No,O: No Injury,Male,Passenger Car,No,35.99344432,-78.87245842,Dry,30 - 35  MPH,No Control Present,Cloudy,No,0,0,5
No,9.0,No,Facing Traffic,B: Suspected Minor Injury,Male,High Point,Guilford,No,Thursday,Backing Vehicle,17.0,May,Backing Vehicle,2017,21.0,No,O: No Injury,Female,Sport Utility,No,36.03897733,-79.97080382,Dry,30 - 35  MPH,No Control Present,Clear,No,0,0,5
No,29.0,No,Facing Traffic,B: Suspected Minor Injury,Male,Charlotte,Mecklenburg,No,Monday,Motorist Failed to Yield - Midblock,11.0,June,Motorist Drive Out - Commercial Driveway / Alley,2017,49.0,No,O: No Injury,Male,Truck/Tractor,No,35.27018657,-80.8373873,Dry,40 - 45  MPH,No Control Present,Cloudy,No,0,0,6
Yes,15.0,No,With Traffic,B: Suspected Minor Injury,Male,None - Rural Crash,Stokes,No,Thursday,Motorist Overtaking Bicyclist,19.0,May,Motorist Overtaking - Other / Unknown,2017,42.03850604944766,Unknown,Unknown Injury,Unknown,Passenger Car,Yes,36.30650188,-80.18094215,Dry,50 - 55  MPH,"Double Yellow Line, No Passing Zone",Clear,No,1,0,5
Yes,34.0,No,Not Applicable,B: Suspected Minor Injury,Male,Charlotte,Mecklenburg,No,Friday,Crossing Paths - Other Circumstances,14.0,June,Signalized Intersection - Other / Unknown,2017,53.0,No,O: No Injury,Male,Passenger Car,No,35.107272,-80.88148022,Dry,40 - 45  MPH,Stop And Go Signal,Clear,No,0,0,6
Yes,17.0,No,With Traffic,B: Suspected Minor Injury,Male,Butner,Granville,No,Saturday,Loss of Control / Turning Error,17.0,June,Bicyclist Lost Control - Mechanical Problems,2017,51.0,No,O: No Injury,Female,Sport Utility,No,36.13972939,-78.74790635,Dry,30 - 35  MPH,"Double Yellow Line, No Passing Zone",Clear,No,0,0,6