AmbulanceR,BikeAge,BikeAlcFlg,BikeDir,BikeInjury,BikeSex,City,County,CrashAlcoh,CrashDay,CrashGrp,CrashHour,CrashMonth,CrashType,CrashYear,DrvrAge,DrvrAlcFlg,DrvrInjury,DrvrSex,DrvrVehTyp,HitRun,Latitude,Longitude,RdConditio,SpeedLimit,TraffCntrl,Weather,Workzone,DrvrAgeImputedFlag,BikeAgeImputedFlag,MonthCode
Yes,12.0,No,Facing Traffic,B: Suspected Minor Injury,Male,Goldsboro,Wayne,No,Wednesday,Crossing Paths - Other Circumstances,20.0,May,Sign-Controlled Intersection - Other / Unknown,2017,63.0,No,O: No Injury,Male,Passenger Car,No,35.36827321,-77.98777765,Dry,20 - 25  MPH,No Control Present,Clear,No,0,0,5
No,61.0,No,Facing Traffic,B: Suspected Minor Injury,Male,Charlotte,Mecklenburg,No,Monday,Motorist Failed to Yield - Midblock,13.0,June,Motorist Drive Out - Commercial Driveway / Alley,2017,59.0,No,O: No Injury,Male,Single Unit Truck (3 Or More Axles),No,35.22486749,-80.84227254,Dry,20 - 25  MPH,No Control Present,Cloudy,Yes,0,0,6
No,28.0,No,Facing Traffic,B: Suspected Minor Injury,Male,Chapel Hill,Orange,No,Thursday,Motorist Failed to Yield - Signalized Intersection,16.0,June,Motorist Drive Out - Right Turn on Red,2017,90.0,No,O: No Injury,Female,Passenger Car,No,35.90542398,-79.01627212,Dry,20 - 25  MPH,Stop And Go Signal,Clear,No,0,0,6
Yes,6.0,No,With Traffic,B: Suspected Minor Injury,Male,Charlotte,Mecklenburg,No,Thursday,Motorist Right Turn / Merge,8.0,June,Motorist Right Turn - Same Direction,2017,49.0,No,O: No Injury,Male,Pickup,No,35.03831956,-80.85437355,Dry,20 - 25  MPH,No Control Present,Clear,No,0,0,6
Yes,20.0,No,Facing Traffic,B: Suspected Minor Injury,Male,Charlotte,Mecklenburg,No,Thursday,Motorist Failed to Yield - Midblock,15.0,June,Motorist Drive Out - Commercial Driveway / Alley,2017,57.0,No,O: No Injury,Female,Passenger Car,No,35.20405637,-80.72151446,Dry,40 - 45  MPH,No Control Present,Clear,No,0,0,6
Yes,15.0,No,With Traffic,B: Suspected Minor Injury,Male,Charlotte,Mecklenburg,No,Friday,Bicyclist Failed to Yield - Sign-Controlled Intersection,17.0,June,Bicyclist Ride Through - Sign-Controlled Intersection,2017,73.0,No,O: No Injury,Female,Passenger Car,No,35.1755746,-80.85880878,Dry,20 - 25  MPH,Stop Sign,Clear,No,0,0,6
Yes,54.0,No,With Traffic,B: Suspected Minor Injury,Male,Carrboro,Orange,No,Friday,Loss of Control / Turning Error,8.0,May,Motorist Turning Error - Right Turn,2017,56.0,No,O: No Injury,Female,Passenger Car,No,35.90073823,-79.07376103,Dry,30 - 35  MPH,Stop And Go Signal,Clear,No,0,0,5
Yes,20.0,No,Not Applicable,B: Suspected Minor Injury,Male,Carrboro,Orange,No,Tuesday,Non-Roadway,20.0,May,Non-Roadway,2017,22.0,No,O: No Injury,Female,Passenger Car,No,35.91094161,-79.06734036,Dry,Unknown,No Control Present,Clear,No,0,0,5
Yes,37.0,Yes,With Traffic,B: Suspected Minor Injury,Male,Charlotte,Mecklenburg,Yes,Saturday,Motorist Overtaking Bicyclist,17.0,June,Motorist Overtaking - Other / Unknown,2017,70.0,No,O: No Injury,Male,Van,No,35.18682882,-80.72952943,Dry,40 - 45  MPH,No Control Present,Clear,No,0,0,6
Yes,63.0,No,Facing Traffic,B: Suspected Minor Injury,Male,Greenville,Pitt,No,Monday,Bicyclist Failed to Yield - Sign-Controlled Intersection,13.0,June,Bicyclist Ride Through - Sign-Controlled Intersection,2017,62.0,No,O: No Injury,Male,Passenger Car,No,35.60811145,-77.38701958,Wet,40 - 45  MPH,Stop Sign,Rain,Yes,0,0,6
Yes,68.0,No,Facing Traffic,B: Suspected Minor Injury,Male,Ocean Isle Beach,Brunswick,No,Saturday,Motorist Failed to Yield - Sign-Controlled Intersection,11.0,June,Motorist Drive Out - Sign-Controlled Intersection,2017,65.0,No,O: No Injury,Male,Van,No,33.89069596,-78.42749207,Dry,30 - 35  MPH,Stop Sign,Clear,No,0,0,6
Yes,63.0,No,With Traffic,B: Suspected Minor Injury,Male,Roanoke Rapids,Halifax,No,Saturday,Motorist Left Turn / Merge,19.0,June,Motorist Left Turn - Opposite Direction,2017,42.03850604944766,Missing,Unknown Injury,Unknown,Unknown,Yes,36.47194889,-77.65194798,Dry,20 - 25  MPH,No Control Present,Clear,No,1,0,6
Yes,22.0,No,With Traffic,B: Suspected Minor Injury,Male,Asheville,Buncombe,No,Sunday,Parallel Paths - Other Circumstances,12.0,June,Bicyclist Ride Out - Parallel Path,2017,39.0,No,O: No Injury,Female,"Light Truck (Mini-Van, Panel)",No,35.5915972,-82.53067032,Dry,30 - 35  MPH,No Control Present,Clear,No,0,0,6
Yes,39.0,No,With Traffic,B: Suspected Minor Injury,Female,Boone,Watauga,No,Thursday,Motorist Left Turn / Merge,12.0,June,Motorist Left Turn - Opposite Direction,2017,46.0,No,O: No Injury,Female,Sport Utility,No,36.20627808,-81.67072391,Dry,30 - 35  MPH,No Control Present,Clear,No,0,0,6
Yes,18.0,No,With Traffic,B: Suspected Minor Injury,Male,Greenville,Pitt,No,Thursday,Motorist Overtaking Bicyclist,16.0,June,Motorist Overtaking - Other / Unknown,2017,24.0,No,O: No Injury,Female,Passenger Car,No,35.60067546,-77.37560554,Dry,30 - 35  MPH,RR Gate And Flasher,Clear,No,0,0,6
Yes,53.0,No,With Traffic,B: Suspected Minor Injury,Female,Belmont,Gaston,No,Thursday,Motorist Left Turn / Merge,19.0,June,Motorist Left Turn - Opposite Direction,2017,33.0,No,O: No Injury,Female,Sport Utility,No,35.24321373,-81.03788003,Dry,20 - 25  MPH,Stop And Go Signal,Clear,No,0,0,6
No,12.0,No,With Traffic,B: Suspected Minor Injury,Male,Burlington,Alamance,No,Thursday,Bicyclist Left Turn / Merge,16.0,June,Bicyclist Left Turn - Same Direction,2017,42.0,No,O: No Injury,Male,Pickup,No,36.09570176,-79.38572403,Dry,20 - 25  MPH,Stop Sign,Clear,No,0,0,6
Yes,67.0,No,Facing Traffic,B: Suspected Minor Injury,Male,Burlington,Alamance,No,Friday,Bicyclist Failed to Yield - Sign-Controlled Intersection,22.0,June,Bicyclist Ride Through - Sign-Controlled Intersection,2017,46.0,No,O: No Injury,Male,Passenger Car,No,36.104185,-79.438963,Dry,30 - 35  MPH,Stop Sign,Cloudy,No,0,0,6
Yes,70.0,No,With Traffic,B: Suspected Minor Injury,Male,Greensboro,Guilford,No,Sunday,Loss of Control / Turning Error,10.0,June,Motorist Turning Error - Right Turn,2017,91.0,No,O: No Injury,Female,Passenger Car,No,36.035942,-79.888962,Dry,40 - 45  MPH,Stop And Go Signal,Clear,No,0,0,6
No,21.0,No,Not Applicable,B: Suspected Minor Injury,Female,Charlotte,Mecklenburg,No,Tuesday,Non-Roadway,21.0,June,Non-Roadway,2017,61.0,No,O: No Injury,Male,Passenger Car,No,35.29443028,-80.74016999,Dry,20 - 25  MPH,No Control Present,Cloudy,No,0,0,6
No,6.0,No,Not Applicable,B: Suspected Minor Injury,Male,None - Rural Crash,Hoke,No,Friday,Bicyclist Failed to Yield - Midblock,19.0,June,Bicyclist Ride Out - Residential Driveway,2017,56.0,No,O: No Injury,Male,Passenger Car,No,35.04739176,-79.11784101,Dry,20 - 25  MPH,No Control Present,Clear,No,0,0,6
Yes,13.0,No,With Traffic,B: Suspected Minor Injury,Male,High Point,Guilford,No,Thursday,Parallel Paths - Other Circumstances,16.0,June,Bicyclist Ride Out - Parallel Path,2017,60.0,No,O: No Injury,Male,Passenger Car,No,35.96447651,-79.95589963,Dry,40 - 45  MPH,No Control Present,Clear,No,0,0,6
Yes,15.0,No,Not Applicable,B: Suspected Minor Injury,Male,Tarboro,Edgecombe,No,Friday,Crossing Paths - Other Circumstances,16.0,June,Crossing Paths - Uncontrolled Intersection,2017,63.0,No,O: No Injury,Male,Passenger Car,No,35.90895984,-77.54188119,Dry,20 - 25  MPH,No Control Present,Clear,No,0,0,6
No,13.0,No,With Traffic,B: Suspected Minor Injury,Male,Charlotte,Mecklenburg,No,Wednesday,Motorist Overtaking Bicyclist,13.0,June,Motorist Overtaking - Other / Unknown,2017,64.0,No,O: No Injury,Female,Sport Utility,No,35.30596124,-80.85901795,Dry,30 - 35  MPH,No Control Present,Cloudy,No,0,0,6
Yes,69.0,No,With Traffic,B: Suspected Minor Injury,Male,None - Rural Crash,Watauga,No,Monday,Motorist Right Turn / Merge,13.0,June,Motorist Right Turn - Same Direction,2017,35.0,No,O: No Injury,Male,Pickup,No,36.126167,-81.71642664,Dry,50 - 55  MPH,"Double Yellow Line, No Passing Zone",Clear,No,0,0,6
Yes,47.0,No,Facing Traffic,B: Suspected Minor Injury,Male,Rocky Mount,Nash,No,Thursday,Bicyclist Failed to Yield - Sign-Controlled Intersection,6.0,June,Bicyclist Ride Out - Sign-Controlled Intersection,2017,37.0,No,O: No Injury,Male,Passenger Car,No,35.96316969,-77.81966054,Dry,40 - 45  MPH,Stop And Go Signal,Cloudy,No,0,0,6
Yes,17.0,No,Facing Traffic,B: Suspected Minor Injury,Male,Greensboro,Guilford,No,Monday,Motorist Failed to Yield - Midblock,11.0,June,Motorist Drive Out - Commercial Driveway / Alley,2017,42.03850604944766,Unknown,Unknown Injury,Unknown,Sport Utility,Yes,36.03903466,-79.84956087,Dry,5 - 15 MPH,Stop Sign,Clear,No,1,0,6
Yes,11.0,No,Unknown,B: Suspected Minor Injury,Male,Charlotte,Mecklenburg,No,Saturday,Head-On,11.0,June,Head-On - Unknown,2017,38.0,No,O: No Injury,Male,Sport Utility,Yes,35.25850747,-80.90091595,Dry,20 - 25  MPH,No Control Present,Clear,No,0,0,6
No,10.0,No,With Traffic,B: Suspected Minor Injury,Male,Siler City,Chatham,No,Friday,Bicyclist Failed to Yield - Sign-Controlled Intersection,18.0,June,Bicyclist Ride Through - Sign-Controlled Intersection,2017,45.0,No,O: No Injury,Female,Van,No,35.72272579,-79.44100125,Wet,5 - 15 MPH,Stop Sign,Clear,No,0,0,6
Yes,32.52649525389365,No,Facing Traffic,B: Suspected Minor Injury,Male,Lumberton,Robeson,No,Saturday,Bicyclist Failed to Yield - Sign-Controlled Intersection,19.0,June,Bicyclist Ride Through - Sign-Controlled Intersection,2017,34.0,No,O: No Injury,Female,Passenger Car,No,34.62133296,-79.0482642,Dry,20 - 25  MPH,Stop Sign,Clear,No,0,1,6
Yes,27.0,No,Not Applicable,B: Suspected Minor Injury,Male,Thomasville,Davidson,No,Saturday,Bicyclist Failed to Yield - Signalized Intersection,11.0,June,Bicyclist Ride Through - Signalized Intersection,2017,49.0,No,O: No Injury,Female,Sport Utility,No,35.87660475,-80.07801895,Dry,30 - 35  MPH,No Control Present,Clear,No,0,0,6
No,13.0,No,With Traffic,B: Suspected Minor Injury,Male,Charlotte,Mecklenburg,No,Tuesday,Motorist Failed to Yield - Sign-Controlled Intersection,15.0,June,Motorist Drive Out - Sign-Controlled Intersection,2017,22.0,No,O: No Injury,Male,Passenger Car,No,35.03350907,-80.83425802,Dry,20 - 25  MPH,Stop Sign,Clear,No,0,0,6
No,32.0,No,With Traffic,B: Suspected Minor Injury,Male,Hendersonville,Henderson,No,Sunday,Motorist Right Turn / Merge,18.0,June,Motorist Right Turn - Same Direction,2017,42.03850604944766,Missing,Unknown Injury,Unknown,Passenger Car,Yes,35.32885125,-82.46809151,Dry,Unknown,No Control Present,Clear,No,1,0,6
Yes,44.0,No,Facing Traffic,B: Suspected Minor Injury,Male,High Point,Guilford,No,Monday,Motorist Failed to Yield - Signalized Intersection,15.0,June,Motorist Drive Through - Signalized Intersection,2017,22.0,No,O: No Injury,Female,Passenger Car,No,35.96632083,-79.97770873,Dry,40 - 45  MPH,Stop And Go Signal,Clear,No,0,0,6
Yes,52.0,No,With Traffic,B: Suspected Minor Injury,Male,Kinston,Lenoir,No,Wednesday,Motorist Overtaking Bicyclist,21.0,June,Motorist Overtaking - Bicyclist Swerved,2017,39.0,No,O: No Injury,Male,Passenger Car,No,35.27070401,-77.59998824,Dry,30 - 35  MPH,No Control Present,Clear,No,0,0,6
No,15.0,No,With Traffic,B: Suspected Minor Injury,Male,None - Rural Crash,Brunswick,No,Wednesday,Motorist Overtaking Bicyclist,14.0,June,Motorist Overtaking - Other / Unknown,2017,42.03850604944766,Unknown,Unknown Injury,Unknown,Passenger Car,Yes,33.90261413,-78.55566331,Dry,40 - 45  MPH,"Double Yellow Line, No Passing Zone",Clear,No,1,0,6
Yes,14.0,No,Facing Traffic,B: Suspected Minor Injury,Male,None - Rural Crash,Franklin,No,Wednesday,Bicyclist Right Turn / Merge,17.0,June,Bicyclist Right Turn - Same Direction,2017,56.0,No,O: No Injury,Male,Pickup,No,36.12201979,-78.38714858,Dry,40 - 45  MPH,Other,Clear,No,0,0,6
Yes,58.0,No,With Traffic,B: Suspected Minor Injury,Male,None - Rural Crash,Davidson,No,Wednesday,Motorist Failed to Yield - Sign-Controlled Intersection,17.0,June,Motorist Drive Out - Sign-Controlled Intersection,2017,26.0,No,O: No Injury,Male,Passenger Car,No,35.99450793,-80.06246947,Dry,40 - 45  MPH,Stop Sign,Clear,No,0,0,6
Yes,51.0,No,With Traffic,B: Suspected Minor Injury,Male,Durham,Durham,No,Friday,Motorist Right Turn / Merge,1.0,June,Motorist Right Turn - Same Direction,2017,45.0,No,O: No Injury,Male,Passenger Car,Yes,35.98049241,-78.89949116,Dry,20 - 25  MPH,Stop And Go Signal,Clear,No,0,0,6
Yes,65.0,No,With Traffic,B: Suspected Minor Injury,Male,Durham,Durham,No,Thursday,Motorist Right Turn / Merge,15.0,June,Motorist Right Turn - Same Direction,2017,44.0,No,O: No Injury,Female,Passenger Car,No,35.93366462,-78.88803306,Dry,40 - 45  MPH,Stop And Go Signal,Clear,No,0,0,6
No,48.0,No,Facing Traffic,B: Suspected Minor Injury,Male,None - Rural Crash,Robeson,No,Saturday,Bicyclist Right Turn / Merge,14.0,June,Bicyclist Right Turn - Same Direction,2017,42.03850604944766,Unknown,Unknown Injury,Unknown,Unknown,Yes,34.76566475,-79.18770562,Dry,50 - 55  MPH,No Control Present,Clear,No,1,0,6
Yes,26.0,No,With Traffic,B: Suspected Minor Injury,Male,Raleigh,Wake,No,Sunday,Motorist Right Turn / Merge,2.0,July,Motorist Right Turn - Same Direction,2017,56.0,No,O: No Injury,Female,Passenger Car,No,35.78051566,-78.64342473,Dry,30 - 35  MPH,Stop And Go Signal,Clear,No,0,0,7
No,34.0,No,With Traffic,B: Suspected Minor Injury,Male,Holly Springs,Wake,No,Tuesday,Motorist Failed to Yield - Signalized Intersection,8.0,July,Motorist Drive Through - Signalized Intersection,2017,33.0,No,O: No Injury,Female,Sport Utility,No,35.63217193,-78.85155397,Dry,30 - 35  MPH,Stop And Go Signal,Clear,No,0,0,7
Yes,65.0,No,With Traffic,B: Suspected Minor Injury,Male,None - Rural Crash,Pasquotank,No,Tuesday,Motorist Overtaking Bicyclist,15.0,June,Motorist Overtaking - Bicyclist Swerved,2017,22.0,No,O: No Injury,Male,"Single Unit Truck (2-Axle, 6-Tire)",No,36.4152973,-76.34352649,Dry,40 - 45  MPH,"Double Yellow Line, No Passing Zone",Clear,No,0,0,6
Yes,9.0,No,With Traffic,B: Suspected Minor Injury,Male,Sanford,Lee,No,Sunday,Loss of Control / Turning Error,21.0,June,Bicyclist Lost Control - Mechanical Problems,2017,36.0,No,O: No Injury,Female,Passenger Car,No,35.46372108,-79.16890108,Dry,30 - 35  MPH,Stop Sign,Clear,No,0,0,6
Yes,60.0,No,Facing Traffic,B: Suspected Minor Injury,Male,Beulaville,Duplin,No,Tuesday,Motorist Failed to Yield - Midblock,20.0,June,Motorist Drive Out - Commercial Driveway / Alley,2017,37.0,No,O: No Injury,Female,Passenger Car,No,34.92301656,-77.77423458,Dry,5 - 15 MPH,No Control Present,Clear,No,0,0,6
Yes,56.0,No,With Traffic,B: Suspected Minor Injury,Female,Wilmington,New Hanover,No,Monday,Bicyclist Failed to Yield - Sign-Controlled Intersection,9.0,June,Bicyclist Ride Through - Sign-Controlled Intersection,2017,61.0,No,O: No Injury,Male,Pickup,No,34.215205,-77.886007,Dry,40 - 45  MPH,Stop Sign,Clear,No,0,0,6
Yes,38.0,No,With Traffic,B: Suspected Minor Injury,Male,Charlotte,Mecklenburg,No,Wednesday,Bicyclist Left Turn / Merge,6.0,July,Bicyclist Left Turn - Same Direction,2017,55.0,No,O: No Injury,Male,Single Unit Truck (3 Or More Axles),No,35.236674,-80.794277,Dry,20 - 25  MPH,No Control Present,Cloudy,No,0,0,7
Yes,12.0,No,Not Applicable,B: Suspected Minor Injury,Male,None - Rural Crash,Davidson,Yes,Sunday,Bicyclist Failed to Yield - Midblock,19.0,July,Bicyclist Ride Out - Residential Driveway,2017,34.0,Yes,O: No Injury,Male,Pickup,No,35.92369848,-80.25751554,Dry,40 - 45  MPH,"Double Yellow Line, No Passing Zone",Clear,No,0,0,7
Yes,4.0,No,Not Applicable,B: Suspected Minor Injury,Male,High Point,Guilford,No,Sunday,Bicyclist Failed to Yield - Midblock,13.0,June,Bicyclist Ride Out - Residential Driveway,2017,30.0,Unknown,Unknown Injury,Male,Pickup,No,35.9508729,-79.98605699,Dry,30 - 35  MPH,No Control Present,Clear,No,0,0,6
Yes,55.0,Yes,With Traffic,B: Suspected Minor Injury,Male,Raleigh,Wake,Yes,Saturday,Motorist Overtaking Bicyclist,22.0,July,Motorist Overtaking - Other / Unknown,2017,42.03850604944766,Missing,Unknown Injury,Unknown,Unknown,Yes,35.74732232,-78.6152594,Dry,20 - 25  MPH,No Control Present,Clear,No,1,0,7
Yes,31.0,No,Facing Traffic,B: Suspected Minor Injury,Male,Charlotte,Mecklenburg,No,Saturday,Bicyclist Failed to Yield - Sign-Controlled Intersection,17.0,June,Bicyclist Ride Through - Sign-Controlled Intersection,2017,24.0,No,O: No Injury,Male,Passenger Car,No,35.211728,-80.736123,Dry,20 - 25  MPH,Stop Sign,Cloudy,No,0,0,6
Yes,17.0,No,Facing Traffic,B: Suspected Minor Injury,Male,None - Rural Crash,Currituck,No,Saturday,Bicyclist Failed to Yield - Midblock,14.0,July,Bicyclist Ride Out - Other Midblock,2017,67.0,No,O: No Injury,Male,Sport Utility,No,36.516822,-76.16911954,Dry,40 - 45  MPH,No Control Present,Clear,No,0,0,7
Yes,21.0,No,Not Applicable,B: Suspected Minor Injury,Male,Wilmington,New Hanover,No,Tuesday,Bicyclist Failed to Yield - Midblock,8.0,June,Bicyclist Ride Out - Other Midblock,2017,20.0,No,O: No Injury,Female,Sport Utility,No,34.22697736,-77.86649273,Dry,20 - 25  MPH,No Control Present,Clear,No,0,0,6
Yes,67.0,No,With Traffic,B: Suspected Minor Injury,Male,Raleigh,Wake,No,Wednesday,Motorist Failed to Yield - Midblock,12.0,July,Motorist Drive Out - Commercial Driveway / Alley,2017,32.0,No,O: No Injury,Male,Passenger Car,No,35.79813621,-78.55708457,Dry,40 - 45  MPH,No Control Present,Clear,No,0,0,7
Yes,28.0,No,Facing Traffic,B: Suspected Minor Injury,Male,Raleigh,Wake,No,Friday,Bicyclist Failed to Yield - Midblock,21.0,July,Bicyclist Ride Out - Commercial Driveway / Alley,2017,18.0,No,O: No Injury,Female,Passenger Car,No,35.7977275,-78.55594177,Dry,40 - 45  MPH,Stop And Go Signal,Clear,No,0,0,7
No,18.0,No,With Traffic,B: Suspected Minor Injury,Male,Sylva,Jackson,No,Friday,Motorist Failed to Yield - Midblock,13.0,June,Motorist Drive Out - Commercial Driveway / Alley,2017,68.0,No,O: No Injury,Female,Passenger Car,No,35.37230681,-83.20811667,Dry,Unknown,No Control Present,Clear,No,0,0,6
No,25.0,No,Facing Traffic,B: Suspected Minor Injury,Male,Rocky Mount,Edgecombe,No,Friday,Bicyclist Right Turn / Merge,17.0,July,Bicyclist Right Turn - Opposite Direction,2017,59.0,No,O: No Injury,Male,Pickup,No,35.94032736,-77.79278955,Dry,30 - 35  MPH,Stop And Go Signal,Cloudy,No,0,0,7
Yes,18.0,No,With Traffic,B: Suspected Minor Injury,Male,Durham,Durham,No,Sunday,Motorist Left Turn / Merge,21.0,July,Motorist Left Turn - Opposite Direction,2017,26.0,No,O: No Injury,Female,Passenger Car,No,36.01374662,-78.88699112,Dry,40 - 45  MPH,Stop And Go Signal,Cloudy,No,0,0,7
Yes,32.0,No,With Traffic,B: Suspected Minor Injury,Female,None - Rural Crash,Dare,No,Sunday,Motorist Failed to Yield - Sign-Controlled Intersection,7.0,July,Motorist Drive Out - Sign-Controlled Intersection,2017,52.0,No,O: No Injury,Female,Sport Utility,No,35.91744133,-75.67759971,Dry,40 - 45  MPH,Stop Sign,Clear,No,0,0,7
Yes,32.0,No,With Traffic,B: Suspected Minor Injury,Male,None - Rural Crash,Wake,No,Tuesday,Loss of Control / Turning Error,11.0,July,Motorist Turning Error - Left Turn,2017,83.0,No,O: No Injury,Male,Pickup,No,36.02684389,-78.65223245,Dry,40 - 45  MPH,"Double Yellow Line, No Passing Zone",Clear,No,0,0,7
Yes,65.0,No,With Traffic,B: Suspected Minor Injury,Male,Rocky Mount,Nash,No,Sunday,Motorist Overtaking Bicyclist,8.0,July,Motorist Overtaking - Other / Unknown,2017,38.0,No,O: No Injury,Male,Pickup,No,36.00846791,-77.7734328,Dry,50 - 55  MPH,No Control Present,Clear,No,0,0,7
Yes,14.0,No,Unknown,B: Suspected Minor Injury,Male,Winston-Salem,Forsyth,No,Friday,Bicyclist Failed to Yield - Signalized Intersection,11.0,July,Bicyclist Ride Through - Signalized Intersection,2017,22.0,No,O: No Injury,Female,Sport Utility,No,36.08446056,-80.34749665,Dry,30 - 35  MPH,No Control Present,Clear,No,0,0,7
Yes,13.0,No,With Traffic,B: Suspected Minor Injury,Male,Zebulon,Wake,No,Saturday,Bicyclist Failed to Yield - Sign-Controlled Intersection,20.0,June,Bicyclist Ride Out - Sign-Controlled Intersection,2017,15.0,No,O: No Injury,Male,Passenger Car,No,35.82600055,-78.34118087,Dry,20 - 25  MPH,Stop Sign,Clear,No,0,0,6
Yes,14.0,No,With Traffic,B: Suspected Minor Injury,Male,Charlotte,Mecklenburg,No,Tuesday,Motorist Failed to Yield - Midblock,12.0,July,Motorist Drive Out - Commercial Driveway / Alley,2017,25.0,No,O: No Injury,Female,Passenger Car,No,35.13962032,-80.7391584,Dry,30 - 35  MPH,Stop Sign,Clear,No,0,0,7
No,16.0,No,With Traffic,B: Suspected Minor Injury,Male,None - Rural Crash,Robeson,No,Tuesday,Motorist Overtaking Bicyclist,6.0,July,Motorist Overtaking - Other / Unknown,2017,52.0,No,O: No Injury,Male,Sport Utility,No,34.69529676,-79.05984808,Wet,50 - 55  MPH,"Double Yellow Line, No Passing Zone",Rain,No,0,0,7
Yes,9.0,No,With Traffic,B: Suspected Minor Injury,Male,Concord,Cabarrus,No,Monday,Bicyclist Failed to Yield - Sign-Controlled Intersection,17.0,July,Bicyclist Ride Through - Sign-Controlled Intersection,2017,27.0,No,O: No Injury,Male,Sport Utility,No,35.3965059,-80.58431841,Dry,30 - 35  MPH,Stop Sign,Clear,No,0,0,7
Yes,65.0,Yes,With Traffic,B: Suspected Minor Injury,Male,Charlotte,Mecklenburg,Yes,Monday,Crossing Paths - Other Circumstances,16.0,July,Sign-Controlled Intersection - Other / Unknown,2017,24.0,No,O: No Injury,Male,Passenger Car,No,35.21936971,-80.87018037,Dry,20 - 25  MPH,Stop Sign,Clear,No,0,0,7
Yes,52.0,No,With Traffic,B: Suspected Minor Injury,Male,None - Rural Crash,Stanly,No,Thursday,Crossing Paths - Other Circumstances,7.0,July,Sign-Controlled Intersection - Other / Unknown,2017,32.0,No,O: No Injury,Female,Passenger Car,Yes,35.35174614,-80.21178984,Dry,20 - 25  MPH,Stop Sign,Clear,No,0,0,7
Yes,26.0,Unknown,With Traffic,B: Suspected Minor Injury,Male,Beaufort,Carteret,No,Friday,Motorist Failed to Yield - Sign-Controlled Intersection,16.0,July,Motorist Drive Through - Sign-Controlled Intersection,2017,42.03850604944766,Missing,Unknown Injury,Unknown,Passenger Car,Yes,34.71406448,-76.65415591,Dry,20 - 25  MPH,No Control Present,Clear,No,1,0,7
Yes,24.0,No,With Traffic,B: Suspected Minor Injury,Male,Raleigh,Wake,No,Sunday,Bicyclist Failed to Yield - Signalized Intersection,17.0,July,Bicyclist Ride Through - Signalized Intersection,2017,23.0,No,O: No Injury,Female,Passenger Car,No,35.76772132,-78.62482189,Dry,20 - 25  MPH,Stop And Go Signal,Clear,No,0,0,7
Yes,31.0,No,With Traffic,B: Suspected Minor Injury,Male,Raleigh,Wake,No,Friday,Bicyclist Failed to Yield - Signalized Intersection,6.0,July,Bicyclist Ride Through - Signalized Intersection,2017,69.0,No,O: No Injury,Male,Van,No,35.93484319,-78.57677632,Dry,40 - 45  MPH,Stop And Go Signal,Clear,No,0,0,7
Yes,49.0,No,With Traffic,B: Suspected Minor Injury,Male,Oak Ridge,Guilford,No,Monday,Motorist Overtaking Bicyclist,7.0,July,Motorist Overtaking - Other / Unknown,2017,30.0,No,O: No Injury,Female,Sport Utility,No,36.14665687,-79.9925027,Dry,40 - 45  MPH,"Double Yellow Line, No Passing Zone",Clear,No,0,0,7
Yes,57.0,No,With Traffic,B: Suspected Minor Injury,Male,Charlotte,Mecklenburg,No,Saturday,Bicyclist Left Turn / Merge,10.0,July,Bicyclist Left Turn - Same Direction,2017,79.0,No,O: No Injury,Female,Passenger Car,No,35.13846317,-80.74207598,Dry,30 - 35  MPH,No Control Present,Clear,No,0,0,7
Yes,59.0,No,With Traffic,B: Suspected Minor Injury,Male,None - Rural Crash,Scotland,No,Tuesday,Motorist Overtaking Bicyclist,12.0,July,Motorist Overtaking - Other / Unknown,2017,94.0,No,O: No Injury,Female,Passenger Car,No,34.73629982,-79.5387729,Dry,50 - 55  MPH,"Double Yellow Line, No Passing Zone",Clear,No,0,0,7
Yes,20.0,No,With Traffic,B: Suspected Minor Injury,Male,Raleigh,Wake,No,Monday,Motorist Failed to Yield - Signalized Intersection,14.0,July,Motorist Drive Through - Signalized Intersection,2017,24.0,No,O: No Injury,Female,Sport Utility,No,35.91228762,-78.78174882,Dry,40 - 45  MPH,Stop And Go Signal,Clear,No,0,0,7
No,67.0,No,With Traffic,B: Suspected Minor Injury,Male,Washington,Beaufort,No,Friday,Bicyclist Left Turn / Merge,10.0,July,Bicyclist Left Turn - Same Direction,2017,64.0,No,O: No Injury,Female,Sport Utility,No,35.5580371,-77.05180355,Dry,30 - 35  MPH,No Control Present,Clear,No,0,0,7
Yes,14.0,No,Unknown,B: Suspected Minor Injury,Male,Wilson,Wilson,No,Friday,Bicyclist Failed to Yield - Midblock,15.0,July,Bicyclist Ride Out - Other Midblock,2017,55.0,No,O: No Injury,Male,Sport Utility,No,35.71075875,-77.94112902,Dry,40 - 45  MPH,No Control Present,Clear,No,0,0,7
Yes,48.0,No,With Traffic,B: Suspected Minor Injury,Male,Winston-Salem,Forsyth,No,Tuesday,Loss of Control / Turning Error,3.0,July,Motorist Lost Control - Other / Unknown,2017,24.0,No,O: No Injury,Male,Passenger Car,No,36.14208915,-80.25153939,Dry,30 - 35  MPH,"Double Yellow Line, No Passing Zone",Clear,No,0,0,7
No,57.0,No,With Traffic,B: Suspected Minor Injury,Male,None - Rural Crash,Buncombe,No,Friday,Motorist Overtaking Bicyclist,22.0,July,Motorist Overtaking - Undetected Bicyclist,2017,16.0,No,O: No Injury,Male,Pickup,No,35.59743196,-82.4141543,Wet,40 - 45  MPH,No Control Present,Rain,No,0,0,7