AmbulanceR,BikeAge,BikeAlcFlg,BikeDir,BikeInjury,BikeSex,City,County,CrashAlcoh,CrashDay,CrashGrp,CrashHour,CrashMonth,CrashType,CrashYear,DrvrAge,DrvrAlcFlg,DrvrInjury,DrvrSex,DrvrVehTyp,HitRun,Latitude,Longitude,RdConditio,SpeedLimit,TraffCntrl,Weather,Workzone,DrvrAgeImputedFlag,BikeAgeImputedFlag,MonthCode
Yes,16.0,No,Unknown,B: Suspected Minor Injury,Male,Beaufort,Carteret,No,Thursday,Backing Vehicle,19.0,July,Backing Vehicle,2017,54.0,No,O: No Injury,Female,Sport Utility,No,34.71538034,-76.66218765,Dry,20 - 25  MPH,No Control Present,Clear,No,0,0,7
Yes,19.0,No,With Traffic,B: Suspected Minor Injury,Male,Wallace,Duplin,No,Monday,Motorist Failed to Yield - Sign-Controlled Intersection,8.0,July,Motorist Drive Through - Sign-Controlled Intersection,2017,50.0,No,O: No Injury,Male,Pickup,No,34.7348498,-77.99589148,Dry,30 - 35  MPH,Stop Sign,Clear,No,0,0,7
Yes,54.0,No,With Traffic,B: Suspected Minor Injury,Male,Charlotte,Mecklenburg,No,Sunday,Motorist Overtaking Bicyclist,9.0,July,Motorist Overtaking - Other / Unknown,2017,63.0,No,C: Possible Injury,Male,Passenger Car,No,35.24157235,-80.99927106,Dry,40 - 45  MPH,No Control Present,Clear,No,0,0,7
Yes,39.0,No,Facing Traffic,B: Suspected Minor Injury,Male,Charlotte,Mecklenburg,No,Friday,Motorist Failed to Yield - Sign-Controlled Intersection,11.0,August,Motorist Drive Out - Sign-Controlled Intersection,2017,22.0,No,O: No Injury,Female,Passenger Car,No,35.14679288,-80.87634927,Dry,20 - 25  MPH,Stop Sign,Cloudy,No,0,0,8
Yes,27.0,No,With Traffic,B: Suspected Minor Injury,Male,Charlotte,Mecklenburg,No,Friday,Motorist Left Turn / Merge,14.0,August,Motorist Left Turn - Opposite Direction,2017,38.0,No,O: No Injury,Male,Passenger Car,No,35.22247073,-80.84957106,Dry,20 - 25  MPH,No Control Present,Clear,No,0,0,8
No,24.0,No,With Traffic,B: Suspected Minor Injury,Male,Greenville,Pitt,No,Wednesday,Motorist Overtaking Bicyclist,23.0,August,Motorist Overtaking - Other / Unknown,2017,42.03850604944766,Missing,Unknown Injury,Unknown,Pickup,Yes,35.60799881,-77.38543227,Dry,30 - 35  MPH,No Control Present,Clear,Yes,1,0,8
Yes,12.0,No,Not Applicable,B: Suspected Minor Injury,Male,Raleigh,Wake,No,Sunday,Bicyclist Failed to Yield - Midblock,15.0,July,Bicyclist Ride Out - Other Midblock,2017,48.0,No,O: No Injury,Female,Sport Utility,No,35.91369719,-78.58771188,Dry,20 - 25  MPH,No Control Present,Clear,No,0,0,7
No,35.0,No,With Traffic,B: Suspected Minor Injury,Female,None - Rural Crash,Orange,No,Saturday,Loss of Control / Turning Error,7.0,July,Motorist Turning Error - Left Turn,2017,45.0,No,O: No Injury,Female,Passenger Car,No,35.9263436,-79.14518213,Dry,50 - 55  MPH,"Double Yellow Line, No Passing Zone",Clear,No,0,0,7
Yes,38.0,No,With Traffic,B: Suspected Minor Injury,Female,Winston-Salem,Forsyth,No,Tuesday,Bicyclist Overtaking Motorist,18.0,August,Bicyclist Overtaking - Extended Door,2017,50.0,No,O: No Injury,Male,Passenger Car,No,36.09827882,-80.24626938,Dry,30 - 35  MPH,No Control Present,Clear,No,0,0,8
Yes,55.0,No,Facing Traffic,B: Suspected Minor Injury,Male,Wilmington,New Hanover,No,Monday,Motorist Failed to Yield - Signalized Intersection,19.0,July,Motorist Drive Through - Signalized Intersection,2017,53.0,No,O: No Injury,Male,Pickup,No,34.17579018,-77.89105253,Dry,40 - 45  MPH,Stop And Go Signal,Clear,No,0,0,7
Yes,45.0,No,With Traffic,B: Suspected Minor Injury,Male,Mooresville,Iredell,No,Sunday,Motorist Overtaking Bicyclist,7.0,July,Motorist Overtaking - Other / Unknown,2017,51.0,No,O: No Injury,Female,Sport Utility,No,35.57208853,-80.86785738,Dry,40 - 45  MPH,No Control Present,Clear,No,0,0,7
Yes,22.0,No,Facing Traffic,B: Suspected Minor Injury,Female,Kill Devil Hills,Dare,No,Wednesday,Crossing Paths - Other Circumstances,14.0,August,Signalized Intersection - Other / Unknown,2017,64.0,No,O: No Injury,Male,Pickup,No,36.02835406,-75.66994202,Dry,20 - 25  MPH,Stop And Go Signal,Clear,No,0,0,8
Yes,62.0,No,Not Applicable,B: Suspected Minor Injury,Male,Winston-Salem,Forsyth,No,Wednesday,Non-Roadway,16.0,July,Non-Roadway,2017,42.03850604944766,Missing,Unknown Injury,Unknown,Motorcycle,Yes,36.06722718,-80.25244002,Dry,Unknown,No Control Present,Clear,No,1,0,7
Yes,61.0,No,Facing Traffic,B: Suspected Minor Injury,Male,None - Rural Crash,Onslow,No,Wednesday,Motorist Failed to Yield - Sign-Controlled Intersection,19.0,August,Motorist Drive Out - Sign-Controlled Intersection,2017,20.0,No,O: No Injury,Female,Passenger Car,No,34.81018907,-77.45109843,Dry,40 - 45  MPH,Stop Sign,Clear,No,0,0,8
Yes,24.0,No,Not Applicable,B: Suspected Minor Injury,Male,None - Rural Crash,Dare,No,Friday,Bicyclist Failed to Yield - Midblock,14.0,August,Bicyclist Ride Out - Commercial Driveway / Alley,2017,26.0,No,O: No Injury,Male,Passenger Car,No,35.91848909,-75.67784947,Dry,30 - 35  MPH,"Double Yellow Line, No Passing Zone",Clear,No,0,0,8
Yes,54.0,No,With Traffic,B: Suspected Minor Injury,Male,Plymouth,Washington,No,Saturday,Motorist Overtaking Bicyclist,13.0,July,Motorist Overtaking - Other / Unknown,2017,89.0,No,O: No Injury,Female,Passenger Car,No,35.86066168,-76.73729278,Dry,40 - 45  MPH,No Control Present,Clear,No,0,0,7
Yes,44.0,No,With Traffic,B: Suspected Minor Injury,Male,Rocky Mount,Edgecombe,No,Monday,Motorist Failed to Yield - Sign-Controlled Intersection,15.0,August,Motorist Drive Out - Sign-Controlled Intersection,2017,42.03850604944766,Unknown,Unknown Injury,Unknown,Sport Utility,Yes,35.94240058,-77.78257541,Dry,30 - 35  MPH,Stop Sign,Clear,No,1,0,8
Yes,13.0,No,With Traffic,B: Suspected Minor Injury,Male,Rocky Mount,Nash,No,Monday,Motorist Overtaking Bicyclist,16.0,August,Motorist Overtaking - Other / Unknown,2017,42.03850604944766,Missing,Unknown Injury,Unknown,Passenger Car,Yes,35.99964176,-77.77613597,Dry,50 - 55  MPH,No Control Present,Cloudy,No,1,0,8
Yes,27.0,No,Facing Traffic,B: Suspected Minor Injury,Male,Charlotte,Mecklenburg,No,Thursday,Loss of Control / Turning Error,23.0,August,"Bicyclist Lost Control - Oversteering, Improper Braking, Speed",2017,67.0,No,O: No Injury,Female,Passenger Car,No,35.17144075,-80.8461456,Dry,30 - 35  MPH,"Double Yellow Line, No Passing Zone",Clear,No,0,0,8
No,42.0,No,With Traffic,B: Suspected Minor Injury,Female,Charlotte,Mecklenburg,No,Tuesday,Motorist Overtaking Bicyclist,15.0,August,Motorist Overtaking - Undetected Bicyclist,2017,34.0,No,O: No Injury,Female,Sport Utility,No,35.12926283,-80.8133233,Dry,30 - 35  MPH,Stop Sign,Clear,No,0,0,8
Yes,60.0,No,Facing Traffic,B: Suspected Minor Injury,Female,Greenville,Pitt,No,Saturday,Motorist Failed to Yield - Midblock,14.0,August,Motorist Drive Out - Commercial Driveway / Alley,2017,21.0,No,O: No Injury,Female,Passenger Car,No,35.58346713,-77.367611,Wet,30 - 35  MPH,No Control Present,Cloudy,No,0,0,8
Yes,33.0,No,With Traffic,B: Suspected Minor Injury,Male,Raleigh,Wake,No,Tuesday,Motorist Left Turn / Merge,21.0,August,Motorist Left Turn - Same Direction,2017,26.0,No,O: No Injury,Male,Sport Utility,No,35.76567017,-78.62975386,Wet,30 - 35  MPH,No Control Present,Clear,No,0,0,8
Yes,44.0,Yes,With Traffic,B: Suspected Minor Injury,Male,Durham,Durham,Yes,Friday,Motorist Overtaking Bicyclist,1.0,August,Motorist Overtaking - Other / Unknown,2017,42.03850604944766,Missing,Unknown Injury,Unknown,Pickup,Yes,35.99544649,-78.86503698,Dry,30 - 35  MPH,"Double Yellow Line, No Passing Zone",Clear,No,1,0,8
Yes,68.0,No,With Traffic,B: Suspected Minor Injury,Female,Burlington,Alamance,No,Saturday,Motorist Overtaking Bicyclist,21.0,August,Motorist Overtaking - Other / Unknown,2017,42.03850604944766,Missing,Unknown Injury,Unknown,Unknown,Yes,36.10202085,-79.44416499,Dry,30 - 35  MPH,No Control Present,Clear,No,1,0,8
Yes,13.0,No,With Traffic,B: Suspected Minor Injury,Male,None - Rural Crash,Duplin,No,Tuesday,Motorist Overtaking Bicyclist,21.0,July,Motorist Overtaking - Other / Unknown,2017,46.0,No,O: No Injury,Female,Passenger Car,No,34.89425545,-77.70609908,Dry,50 - 55  MPH,No Control Present,Clear,No,0,0,7
Yes,18.0,No,Facing Traffic,B: Suspected Minor Injury,Female,Newport,Carteret,No,Sunday,Bicyclist Failed to Yield - Signalized Intersection,20.0,August,Bicyclist Ride Through - Signalized Intersection,2017,78.0,No,O: No Injury,Male,Sport Utility,No,34.78920426,-76.87636436,Dry,50 - 55  MPH,Stop And Go Signal,Clear,No,0,0,8
No,54.0,Unknown,Facing Traffic,B: Suspected Minor Injury,Female,Southern Shores,Dare,No,Thursday,Motorist Failed to Yield - Sign-Controlled Intersection,19.0,August,Motorist Drive Out - Sign-Controlled Intersection,2017,49.0,No,O: No Injury,Male,Pickup,No,36.10642429,-75.71552457,Dry,Unknown,Stop Sign,Clear,No,0,0,8
No,42.0,No,With Traffic,B: Suspected Minor Injury,Male,Carrboro,Orange,No,Wednesday,Motorist Left Turn / Merge,8.0,June,Motorist Left Turn - Opposite Direction,2017,74.0,No,O: No Injury,Female,Passenger Car,No,35.91222167,-79.07890477,Dry,20 - 25  MPH,No Control Present,Clear,No,0,0,6
Yes,18.0,No,Facing Traffic,B: Suspected Minor Injury,Female,Apex,Wake,No,Monday,Motorist Failed to Yield - Midblock,17.0,August,Motorist Drive Out - Commercial Driveway / Alley,2017,55.0,No,O: No Injury,Female,Passenger Car,No,35.74590098,-78.8754857,Dry,20 - 25  MPH,Stop Sign,Cloudy,No,0,0,8
Yes,22.0,No,With Traffic,B: Suspected Minor Injury,Male,Charlotte,Mecklenburg,No,Wednesday,Bicyclist Overtaking Motorist,11.0,August,Bicyclist Overtaking - Extended Door,2017,47.0,No,O: No Injury,Female,Passenger Car,No,35.230253,-80.841678,Dry,20 - 25  MPH,No Control Present,Clear,No,0,0,8
Yes,57.0,No,With Traffic,B: Suspected Minor Injury,Male,None - Rural Crash,Robeson,No,Thursday,Motorist Overtaking Bicyclist,16.0,August,Motorist Overtaking - Other / Unknown,2017,49.0,No,O: No Injury,Male,Pickup,No,34.53300419,-79.09603923,Wet,50 - 55  MPH,No Control Present,Rain,No,0,0,8
Yes,60.0,No,With Traffic,B: Suspected Minor Injury,Female,None - Rural Crash,Yancey,No,Tuesday,Motorist Failed to Yield - Sign-Controlled Intersection,9.0,August,Motorist Drive Out - Sign-Controlled Intersection,2017,71.0,No,O: No Injury,Female,Sport Utility,No,35.874005,-82.319521,Dry,50 - 55  MPH,Stop Sign,Clear,No,0,0,8
Yes,14.0,No,Facing Traffic,B: Suspected Minor Injury,Male,Raleigh,Wake,No,Tuesday,Motorist Left Turn / Merge,18.0,August,Motorist Left Turn - Same Direction,2017,39.0,No,O: No Injury,Female,Passenger Car,No,35.87064209,-78.66381354,Dry,40 - 45  MPH,Stop And Go Signal,Clear,No,0,0,8
Yes,37.0,No,With Traffic,B: Suspected Minor Injury,Male,Maxton,Robeson,No,Wednesday,Motorist Left Turn / Merge,23.0,August,Motorist Left Turn - Opposite Direction,2017,33.0,No,O: No Injury,Female,Passenger Car,No,34.736756,-79.34638692,Dry,30 - 35  MPH,Stop Sign,Clear,No,0,0,8
Yes,29.0,No,With Traffic,B: Suspected Minor Injury,Male,Charlotte,Mecklenburg,No,Wednesday,Motorist Left Turn / Merge,17.0,August,Motorist Left Turn - Opposite Direction,2017,37.0,No,O: No Injury,Female,Van,No,35.11495887,-80.96225797,Dry,40 - 45  MPH,Stop And Go Signal,Clear,No,0,0,8
Yes,66.0,No,Facing Traffic,B: Suspected Minor Injury,Male,Greensboro,Guilford,No,Thursday,Bicyclist Failed to Yield - Signalized Intersection,21.0,August,Bicyclist Ride Through - Signalized Intersection,2017,48.0,No,O: No Injury,Male,Passenger Car,No,36.11140776,-79.7811173,Dry,30 - 35  MPH,Stop And Go Signal,Clear,No,0,0,8
Yes,22.0,No,With Traffic,B: Suspected Minor Injury,Female,Boone,Watauga,No,Wednesday,Bicyclist Failed to Yield - Signalized Intersection,18.0,August,Bicyclist Ride Through - Signalized Intersection,2017,35.0,No,O: No Injury,Male,Sport Utility,No,36.21004392,-81.67445456,Dry,30 - 35  MPH,Stop And Go Signal,Clear,No,0,0,8
Yes,43.0,No,With Traffic,B: Suspected Minor Injury,Female,Durham,Durham,No,Friday,Bicyclist Left Turn / Merge,14.0,July,Bicyclist Left Turn - Same Direction,2017,58.0,No,O: No Injury,Female,Pickup,No,36.00550914,-78.90440681,Dry,30 - 35  MPH,No Control Present,Clear,No,0,0,7
Yes,8.0,No,With Traffic,B: Suspected Minor Injury,Male,Battleboro,Nash,No,Saturday,Bicyclist Failed to Yield - Sign-Controlled Intersection,14.0,August,Bicyclist Ride Through - Sign-Controlled Intersection,2017,42.03850604944766,Missing,Unknown Injury,Unknown,Passenger Car,Yes,36.05000938,-77.74500412,Dry,30 - 35  MPH,Stop Sign,Clear,No,1,0,8
No,76.0,No,Facing Traffic,B: Suspected Minor Injury,Female,None - Rural Crash,Brunswick,No,Tuesday,Crossing Paths - Other Circumstances,10.0,August,Sign-Controlled Intersection - Other / Unknown,2017,64.0,No,O: No Injury,Female,Sport Utility,No,33.94863718,-78.13085529,Dry,20 - 25  MPH,Stop Sign,Cloudy,No,0,0,8
Yes,67.0,No,With Traffic,B: Suspected Minor Injury,Male,Charlotte,Mecklenburg,No,Monday,Motorist Left Turn / Merge,11.0,August,Motorist Left Turn - Opposite Direction,2017,39.0,No,O: No Injury,Female,Passenger Car,No,35.2922122,-80.79650026,Dry,40 - 45  MPH,Stop And Go Signal,Clear,Yes,0,0,8
Yes,26.0,Unknown,With Traffic,B: Suspected Minor Injury,Male,Beaufort,Carteret,No,Friday,Motorist Overtaking Bicyclist,14.0,August,Motorist Overtaking - Misjudged Space,2017,71.0,No,O: No Injury,Male,Pickup,No,34.72250946,-76.66727009,Dry,30 - 35  MPH,Stop And Go Signal,Clear,No,0,0,8
Yes,45.0,No,With Traffic,B: Suspected Minor Injury,Male,None - Rural Crash,Buncombe,No,Monday,Motorist Overtaking Bicyclist,7.0,August,Motorist Overtaking - Other / Unknown,2017,34.0,No,O: No Injury,Male,Pickup,No,35.77856888,-82.45999896,Dry,30 - 35  MPH,"Double Yellow Line, No Passing Zone",Clear,No,0,0,8
Yes,54.0,No,With Traffic,B: Suspected Minor Injury,Male,Raleigh,Wake,No,Thursday,Motorist Overtaking Bicyclist,19.0,August,Motorist Overtaking - Undetected Bicyclist,2017,34.0,No,O: No Injury,Male,Passenger Car,No,35.87722151,-78.72589804,Dry,30 - 35  MPH,No Control Present,Clear,No,0,0,8
Yes,22.0,No,With Traffic,B: Suspected Minor Injury,Male,Charlotte,Mecklenburg,No,Monday,Loss of Control / Turning Error,13.0,August,"Bicyclist Lost Control - Oversteering, Improper Braking, Speed",2017,42.0,No,O: No Injury,Male,Single Unit Truck (3 Or More Axles),No,35.21837156,-80.68254725,Dry,20 - 25  MPH,No Control Present,Cloudy,No,0,0,8
No,33.0,No,With Traffic,B: Suspected Minor Injury,Male,Asheville,Buncombe,No,Tuesday,Motorist Left Turn / Merge,19.0,August,Motorist Left Turn - Opposite Direction,2017,80.0,No,O: No Injury,Male,Passenger Car,No,35.59108751,-82.55512276,Dry,20 - 25  MPH,No Control Present,Clear,No,0,0,8
Yes,33.0,No,Facing Traffic,B: Suspected Minor Injury,Male,Greenville,Pitt,No,Wednesday,Motorist Failed to Yield - Midblock,15.0,August,Motorist Drive Out - Commercial Driveway / Alley,2017,70.0,No,O: No Injury,Female,Sport Utility,No,35.58073235,-77.38096916,Dry,Unknown,Yield Sign,Clear,No,0,0,8
Yes,41.0,No,With Traffic,B: Suspected Minor Injury,Male,Lumberton,Robeson,No,Wednesday,Motorist Overtaking Bicyclist,0.0,August,Motorist Overtaking - Other / Unknown,2017,42.03850604944766,Missing,Unknown Injury,Unknown,Unknown,Yes,34.65780139,-79.00959633,Dry,30 - 35  MPH,No Control Present,Clear,No,1,0,8
Yes,34.0,No,Facing Traffic,B: Suspected Minor Injury,Male,Gastonia,Gaston,No,Wednesday,Motorist Left Turn / Merge,18.0,August,Motorist Left Turn - Same Direction,2017,18.0,No,O: No Injury,Male,Pickup,No,35.25975293,-81.21674625,Dry,40 - 45  MPH,No Control Present,Clear,No,0,0,8
No,22.0,No,With Traffic,B: Suspected Minor Injury,Male,Boone,Watauga,No,Wednesday,Motorist Right Turn / Merge,12.0,August,Motorist Right Turn - Same Direction,2017,63.0,No,O: No Injury,Male,Pickup,No,36.21376283,-81.68227197,Dry,20 - 25  MPH,Stop And Go Signal,Clear,No,0,0,8
Yes,46.0,Yes,With Traffic,B: Suspected Minor Injury,Male,Durham,Durham,Yes,Sunday,Crossing Paths - Other Circumstances,2.0,August,Signalized Intersection - Other / Unknown,2017,28.0,No,O: No Injury,Female,Passenger Car,No,35.99486311,-78.89742627,Dry,30 - 35  MPH,Stop And Go Signal,Clear,No,0,0,8
Yes,12.0,No,With Traffic,B: Suspected Minor Injury,Male,Durham,Durham,No,Sunday,Crossing Paths - Other Circumstances,23.0,September,Signalized Intersection - Other / Unknown,2017,42.03850604944766,Missing,Unknown Injury,Unknown,Passenger Car,Yes,35.97636146,-78.89726445,Dry,20 - 25  MPH,Stop And Go Signal,Clear,No,1,0,9
Yes,42.0,No,With Traffic,B: Suspected Minor Injury,Male,Charlotte,Mecklenburg,No,Saturday,Motorist Failed to Yield - Sign-Controlled Intersection,14.0,September,Motorist Drive Out - Sign-Controlled Intersection,2017,34.0,No,O: No Injury,Male,Sport Utility,No,35.27598167,-80.94112317,Dry,30 - 35  MPH,Stop Sign,Clear,No,0,0,9
Yes,30.0,No,With Traffic,B: Suspected Minor Injury,Male,Wilmington,New Hanover,No,Thursday,Bicyclist Failed to Yield - Sign-Controlled Intersection,14.0,August,Bicyclist Ride Through - Sign-Controlled Intersection,2017,32.0,No,O: No Injury,Female,Passenger Car,No,34.24256338,-77.935843,Dry,30 - 35  MPH,Stop Sign,Clear,No,0,0,8
Yes,13.0,No,Facing Traffic,B: Suspected Minor Injury,Female,Durham,Durham,No,Wednesday,Bicyclist Failed to Yield - Signalized Intersection,16.0,August,Bicyclist Ride Through - Signalized Intersection,2017,61.0,No,O: No Injury,Female,Sport Utility,No,35.99060516,-78.90622447,Dry,20 - 25  MPH,Stop And Go Signal,Clear,No,0,0,8
Yes,15.0,No,With Traffic,B: Suspected Minor Injury,Male,Thomasville,Davidson,No,Tuesday,Motorist Overtaking Bicyclist,17.0,August,Motorist Overtaking - Bicyclist Swerved,2017,53.0,No,O: No Injury,Male,Passenger Car,No,35.89794967,-80.05353257,Dry,30 - 35  MPH,No Control Present,Clear,No,0,0,8
No,18.0,No,With Traffic,B: Suspected Minor Injury,Male,Lumberton,Robeson,No,Wednesday,Motorist Left Turn / Merge,18.0,August,Motorist Left Turn - Opposite Direction,2017,39.0,No,O: No Injury,Female,Passenger Car,No,34.62022047,-79.01016731,Dry,Unknown,Stop And Go Signal,Cloudy,No,0,0,8
Yes,61.0,No,With Traffic,B: Suspected Minor Injury,Female,None - Rural Crash,Gaston,No,Thursday,Motorist Overtaking Bicyclist,7.0,August,Motorist Overtaking - Other / Unknown,2017,24.0,No,O: No Injury,Female,Passenger Car,No,35.34946561,-81.21090854,Dry,40 - 45  MPH,"Double Yellow Line, No Passing Zone",Clear,No,0,0,8
No,49.0,No,Facing Traffic,B: Suspected Minor Injury,Male,Asheville,Buncombe,No,Saturday,Motorist Failed to Yield - Midblock,4.0,August,Motorist Drive Out - Commercial Driveway / Alley,2017,42.03850604944766,Missing,Unknown Injury,Unknown,Unknown,Yes,35.58703047,-82.5958265,Dry,5 - 15 MPH,No Control Present,Clear,No,1,0,8
Yes,24.0,No,With Traffic,B: Suspected Minor Injury,Male,Raleigh,Wake,No,Saturday,Motorist Failed to Yield - Signalized Intersection,9.0,September,Motorist Drive Through - Signalized Intersection,2017,42.03850604944766,Missing,Unknown Injury,Unknown,Passenger Car,Yes,35.7682973,-78.69412849,Wet,30 - 35  MPH,Stop And Go Signal,Cloudy,No,1,0,9
Yes,16.0,No,With Traffic,B: Suspected Minor Injury,Male,None - Rural Crash,Haywood,No,Monday,Motorist Overtaking Bicyclist,17.0,September,Motorist Overtaking - Other / Unknown,2017,32.0,No,O: No Injury,Male,Pickup,No,35.45194442,-83.00285431,Dry,30 - 35  MPH,"Double Yellow Line, No Passing Zone",Clear,No,0,0,9
Yes,16.0,No,Not Applicable,B: Suspected Minor Injury,Male,Elizabeth City,Pasquotank,No,Wednesday,Bicyclist Failed to Yield - Midblock,15.0,August,Bicyclist Ride Out - Commercial Driveway / Alley,2017,33.0,No,O: No Injury,Female,Van,No,36.29199319,-76.24498799,Dry,40 - 45  MPH,Stop And Go Signal,Clear,No,0,0,8
No,52.0,No,With Traffic,B: Suspected Minor Injury,Male,Charlotte,Mecklenburg,No,Wednesday,Bicyclist Failed to Yield - Signalized Intersection,22.0,August,Bicyclist Failed to Clear - Trapped,2017,23.0,No,O: No Injury,Female,Passenger Car,No,35.2244681,-80.84942424,Dry,20 - 25  MPH,Stop And Go Signal,Clear,No,0,0,8
Yes,20.0,No,With Traffic,B: Suspected Minor Injury,Male,Greensboro,Guilford,No,Thursday,Motorist Left Turn / Merge,20.0,September,Motorist Left Turn - Opposite Direction,2017,21.0,No,O: No Injury,Male,Passenger Car,No,36.06656256,-79.80283159,Dry,20 - 25  MPH,Stop And Go Signal,Clear,No,0,0,9
No,13.0,No,With Traffic,B: Suspected Minor Injury,Male,Asheville,Buncombe,No,Friday,Head-On,14.0,August,Head-On - Bicyclist,2017,27.0,No,O: No Injury,Male,Passenger Car,No,35.62631588,-82.5512011,Dry,20 - 25  MPH,No Control Present,Cloudy,No,0,0,8
Yes,22.0,No,Facing Traffic,B: Suspected Minor Injury,Male,Raleigh,Wake,No,Monday,Bicyclist Failed to Yield - Signalized Intersection,7.0,September,Bicyclist Ride Through - Signalized Intersection,2017,24.0,No,O: No Injury,Female,Sport Utility,No,35.87580824,-78.54060468,Dry,50 - 55  MPH,Stop And Go Signal,Clear,No,0,0,9
Yes,17.0,No,With Traffic,B: Suspected Minor Injury,Male,None - Rural Crash,Henderson,No,Saturday,Motorist Left Turn / Merge,18.0,September,Motorist Left Turn - Opposite Direction,2017,83.0,No,O: No Injury,Female,Passenger Car,No,35.2842068,-82.44321596,Dry,30 - 35  MPH,Stop And Go Signal,Clear,No,0,0,9
Yes,14.0,No,Not Applicable,B: Suspected Minor Injury,Male,Charlotte,Mecklenburg,No,Sunday,Bicyclist Failed to Yield - Midblock,18.0,September,Bicyclist Ride Out - Residential Driveway,2017,22.0,No,O: No Injury,Female,Passenger Car,No,35.29931433,-80.93512069,Dry,30 - 35  MPH,No Control Present,Clear,No,0,0,9
Yes,37.0,No,With Traffic,B: Suspected Minor Injury,Female,Raleigh,Wake,No,Thursday,Bicyclist Left Turn / Merge,17.0,September,Bicyclist Left Turn - Same Direction,2017,18.0,No,O: No Injury,Male,Passenger Car,No,35.83309696,-78.71145164,Dry,40 - 45  MPH,No Control Present,Clear,No,0,0,9
Yes,58.0,No,With Traffic,B: Suspected Minor Injury,Male,Southern Pines,Moore,No,Wednesday,Motorist Overtaking Bicyclist,10.0,August,Motorist Overtaking - Undetected Bicyclist,2017,76.0,No,O: No Injury,Female,Sport Utility,No,35.19767214,-79.40690325,Dry,40 - 45  MPH,No Control Present,Clear,No,0,0,8
No,36.0,No,With Traffic,B: Suspected Minor Injury,Male,Wilmington,New Hanover,No,Sunday,Motorist Overtaking Bicyclist,23.0,August,Motorist Overtaking - Misjudged Space,2017,42.03850604944766,Missing,Unknown Injury,Unknown,Unknown,Yes,34.21010413,-77.83675296,Dry,Unknown,No Control Present,Clear,No,1,0,8
Yes,56.0,No,With Traffic,B: Suspected Minor Injury,Male,None - Rural Crash,Henderson,No,Monday,Motorist Left Turn / Merge,14.0,September,Motorist Left Turn - Opposite Direction,2017,63.0,No,O: No Injury,Male,Motorcycle,No,35.29836666,-82.46445491,Dry,40 - 45  MPH,Stop And Go Signal,Clear,No,0,0,9
Yes,23.0,No,With Traffic,B: Suspected Minor Injury,Male,None - Rural Crash,Granville,No,Friday,Motorist Failed to Yield - Sign-Controlled Intersection,20.0,September,Motorist Drive Out - Sign-Controlled Intersection,2017,18.0,No,C: Possible Injury,Female,Passenger Car,No,36.27403427,-78.60763286,Wet,40 - 45  MPH,Stop Sign,Cloudy,No,0,0,9
Yes,63.0,No,With Traffic,B: Suspected Minor Injury,Female,None - Rural Crash,Granville,No,Friday,Motorist Overtaking Bicyclist,13.0,August,Motorist Overtaking - Misjudged Space,2017,62.0,No,O: No Injury,Male,Passenger Car,No,36.11841446,-78.54540881,Dry,40 - 45  MPH,No Control Present,Clear,No,0,0,8
No,21.0,Unknown,Not Applicable,B: Suspected Minor Injury,Female,Kill Devil Hills,Dare,No,Wednesday,Non-Roadway,12.0,August,Non-Roadway,2017,40.0,Unknown,O: No Injury,Female,Passenger Car,No,36.03269463,-75.673615,Dry,Unknown,No Control Present,Clear,No,0,0,8
Yes,21.0,No,Facing Traffic,B: Suspected Minor Injury,Male,Chapel Hill,Orange,No,Thursday,Bicyclist Failed to Yield - Signalized Intersection,10.0,September,Bicyclist Ride Through - Signalized Intersection,2017,80.0,No,O: No Injury,Female,Passenger Car,No,35.91555133,-79.04921338,Dry,20 - 25  MPH,Stop And Go Signal,Clear,No,0,0,9
Yes,67.0,No,Facing Traffic,B: Suspected Minor Injury,Male,Raleigh,Wake,No,Thursday,Bicyclist Failed to Yield - Signalized Intersection,8.0,September,Bicyclist Ride Through - Signalized Intersection,2017,59.0,No,O: No Injury,Male,Sport Utility,No,35.77694344,-78.6394297,Wet,30 - 35  MPH,Stop And Go Signal,Rain,No,0,0,9
Yes,58.0,Yes,With Traffic,B: Suspected Minor Injury,Male,Kill Devil Hills,Dare,Yes,Sunday,Motorist Overtaking Bicyclist,21.0,September,Motorist Overtaking - Bicyclist Swerved,2017,41.0,No,B: Suspected Minor Injury,Male,Pickup,No,36.03573437,-75.67407274,Dry,50 - 55  MPH,No Control Present,Clear,No,0,0,9
No,32.0,No,With Traffic,B: Suspected Minor Injury,Male,Kill Devil Hills,Dare,No,Friday,Motorist Right Turn / Merge,9.0,September,Motorist Right Turn - Same Direction,2017,31.0,Unknown,O: No Injury,Male,Sport Utility,Yes,36.00342622,-75.65106715,Dry,30 - 35  MPH,No Control Present,Cloudy,No,0,0,9
Yes,18.0,No,Facing Traffic,B: Suspected Minor Injury,Male,Durham,Durham,No,Wednesday,Motorist Failed to Yield - Signalized Intersection,18.0,September,Motorist Drive Out - Right Turn on Red,2017,60.0,No,O: No Injury,Male,Passenger Car,No,35.96167885,-78.96166937,Dry,30 - 35  MPH,Stop And Go Signal,Clear,No,0,0,9