AmbulanceR,BikeAge,BikeAlcFlg,BikeDir,BikeInjury,BikeSex,City,County,CrashAlcoh,CrashDay,CrashGrp,CrashHour,CrashMonth,CrashType,CrashYear,DrvrAge,DrvrAlcFlg,DrvrInjury,DrvrSex,DrvrVehTyp,HitRun,Latitude,Longitude,RdConditio,SpeedLimit,TraffCntrl,Weather,Workzone,DrvrAgeImputedFlag,BikeAgeImputedFlag,MonthCode
Yes,20.0,No,Facing Traffic,B: Suspected Minor Injury,Male,Durham,Durham,No,Thursday,Motorist Right Turn / Merge,16.0,September,Motorist Right Turn - Opposite Direction,2017,33.0,No,O: No Injury,Male,Passenger Car,No,35.98631573,-78.89862034,Dry,30 - 35  MPH,Stop And Go Signal,Clear,No,0,0,9
Yes,25.0,No,With Traffic,B: Suspected Minor Injury,Male,Wilmington,New Hanover,No,Friday,Other / Unusual Circumstances,1.0,September,Motorist Intentionally Caused,2017,18.0,Unknown,O: No Injury,Male,Passenger Car,Yes,34.22757344,-77.93443567,Wet,20 - 25  MPH,Stop Sign,Cloudy,No,0,0,9
Yes,23.0,No,With Traffic,B: Suspected Minor Injury,Male,High Point,Guilford,No,Friday,Motorist Overtaking Bicyclist,23.0,September,Motorist Overtaking - Other / Unknown,2017,42.03850604944766,Unknown,Unknown Injury,Unknown,Unknown,Yes,36.04845639,-79.96222142,Wet,40 - 45  MPH,No Control Present,Rain,No,1,0,9
Yes,49.0,No,With Traffic,B: Suspected Minor Injury,Male,None - Rural Crash,Alamance,No,Friday,Motorist Overtaking Bicyclist,13.0,August,Motorist Overtaking - Other / Unknown,2017,79.0,No,O: No Injury,Male,Pickup,No,35.90453651,-79.38384808,Dry,50 - 55  MPH,No Control Present,Clear,No,0,0,8
Yes,19.0,No,Facing Traffic,B: Suspected Minor Injury,Male,Charlotte,Mecklenburg,No,Friday,Crossing Paths - Other Circumstances,13.0,August,Crossing Paths - Uncontrolled Intersection,2017,43.0,No,O: No Injury,Female,Passenger Car,No,35.21202998,-80.8659528,Dry,30 - 35  MPH,No Control Present,Clear,No,0,0,8
Yes,45.0,No,With Traffic,B: Suspected Minor Injury,Male,Lenoir,Caldwell,No,Monday,Motorist Overtaking Bicyclist,15.0,September,Motorist Overtaking - Other / Unknown,2017,70.0,No,O: No Injury,Male,Pickup,No,35.87606567,-81.51539116,Dry,30 - 35  MPH,No Control Present,Clear,No,0,0,9
Yes,61.0,No,With Traffic,B: Suspected Minor Injury,Male,Albemarle,Stanly,No,Friday,Motorist Right Turn / Merge,16.0,September,Motorist Right Turn - Same Direction,2017,42.03850604944766,Missing,Unknown Injury,Unknown,Passenger Car,Yes,35.35052331,-80.20507295,Dry,30 - 35  MPH,Stop And Go Signal,Clear,No,1,0,9
No,66.0,No,With Traffic,B: Suspected Minor Injury,Male,Elizabeth City,Pasquotank,No,Friday,Motorist Right Turn / Merge,16.0,September,Motorist Right Turn - Same Direction,2017,26.0,No,O: No Injury,Female,Passenger Car,No,36.35297965,-76.31427555,Dry,60 - 75 MPH,No Control Present,Clear,No,0,0,9
Yes,12.0,No,Facing Traffic,B: Suspected Minor Injury,Male,Cornelius,Mecklenburg,No,Friday,Parallel Paths - Other Circumstances,16.0,September,Bicyclist Ride Out - Parallel Path,2017,39.0,No,O: No Injury,Male,Sport Utility,No,35.46965184,-80.82930533,Dry,30 - 35  MPH,"Double Yellow Line, No Passing Zone",Clear,No,0,0,9
Yes,27.0,No,Facing Traffic,B: Suspected Minor Injury,Female,Charlotte,Mecklenburg,No,Thursday,Motorist Failed to Yield - Midblock,12.0,September,Motorist Drive Out - Commercial Driveway / Alley,2017,48.0,No,O: No Injury,Female,Passenger Car,No,35.21880414,-80.83525133,Dry,5 - 15 MPH,Stop Sign,Clear,No,0,0,9
Yes,22.0,No,With Traffic,B: Suspected Minor Injury,Male,Charlotte,Mecklenburg,No,Saturday,Motorist Overtaking Bicyclist,21.0,September,Motorist Overtaking - Other / Unknown,2017,42.03850604944766,Missing,Unknown Injury,Unknown,Unknown,Yes,35.22609629,-80.84188612,Dry,20 - 25  MPH,No Control Present,Clear,No,1,0,9
No,81.0,No,With Traffic,B: Suspected Minor Injury,Male,Bessemer City,Gaston,No,Saturday,Backing Vehicle,8.0,September,Backing Vehicle,2017,62.0,No,O: No Injury,Female,Sport Utility,No,35.29239937,-81.2790728,Dry,30 - 35  MPH,No Control Present,Clear,No,0,0,9
Yes,34.0,No,With Traffic,B: Suspected Minor Injury,Male,Charlotte,Mecklenburg,No,Tuesday,Bicyclist Left Turn / Merge,18.0,September,Bicyclist Left Turn - Same Direction,2017,39.0,No,B: Suspected Minor Injury,Male,Motorcycle,No,35.30674298,-80.83928238,Dry,40 - 45  MPH,Human Control,Clear,No,0,0,9
Yes,59.0,No,Not Applicable,B: Suspected Minor Injury,Male,Wilmington,New Hanover,No,Sunday,Non-Roadway,13.0,September,Non-Roadway,2017,54.0,No,O: No Injury,Female,Sport Utility,No,34.22877094,-77.82799093,Dry,Unknown,No Control Present,Cloudy,No,0,0,9
No,6.0,No,Not Applicable,B: Suspected Minor Injury,Female,Charlotte,Mecklenburg,No,Monday,Backing Vehicle,17.0,September,Backing Vehicle,2017,57.0,No,O: No Injury,Male,Sport Utility,No,35.27838478,-80.95268276,Dry,20 - 25  MPH,No Control Present,Clear,No,0,0,9
Yes,20.0,No,Not Applicable,B: Suspected Minor Injury,Male,Greenville,Pitt,No,Monday,Non-Roadway,12.0,September,Non-Roadway,2017,42.03850604944766,Missing,Unknown Injury,Unknown,Sport Utility,Yes,35.60821784,-77.39631606,Dry,Unknown,Stop Sign,Clear,No,1,0,9
Yes,25.0,No,With Traffic,B: Suspected Minor Injury,Male,Raleigh,Wake,No,Saturday,Motorist Left Turn / Merge,20.0,September,Motorist Left Turn - Opposite Direction,2017,42.0,No,O: No Injury,Male,Passenger Car,No,35.78068977,-78.64757423,Dry,20 - 25  MPH,Stop And Go Signal,Clear,No,0,0,9
Yes,5.0,No,With Traffic,B: Suspected Minor Injury,Female,Dallas,Gaston,No,Sunday,Crossing Paths - Other Circumstances,16.0,September,Crossing Paths - Intersection - Other / Unknown,2017,25.0,No,O: No Injury,Male,Passenger Car,No,35.30453785,-81.17503769,Dry,20 - 25  MPH,Stop Sign,Clear,No,0,0,9
No,16.0,No,Facing Traffic,B: Suspected Minor Injury,Male,Burlington,Alamance,No,Friday,Motorist Failed to Yield - Sign-Controlled Intersection,7.0,September,Motorist Drive Out - Sign-Controlled Intersection,2017,51.0,No,O: No Injury,Female,Passenger Car,No,36.07676508,-79.45260415,Dry,30 - 35  MPH,Stop Sign,Clear,No,0,0,9
Yes,21.0,No,Facing Traffic,B: Suspected Minor Injury,Female,Durham,Durham,No,Wednesday,Motorist Failed to Yield - Sign-Controlled Intersection,20.0,September,Motorist Drive Out - Sign-Controlled Intersection,2017,42.0,No,O: No Injury,Male,Passenger Car,No,36.00995539,-78.92084852,Dry,30 - 35  MPH,No Control Present,Clear,No,0,0,9
No,30.0,No,Unknown,B: Suspected Minor Injury,Male,Wilmington,New Hanover,No,Tuesday,Crossing Paths - Other Circumstances,20.0,September,Crossing Paths - Intersection - Other / Unknown,2017,32.0,No,O: No Injury,Male,Passenger Car,No,34.2099859,-77.8839234,Dry,40 - 45  MPH,No Control Present,Clear,No,0,0,9
No,29.0,No,With Traffic,B: Suspected Minor Injury,Male,Durham,Durham,No,Wednesday,Motorist Failed to Yield - Sign-Controlled Intersection,18.0,October,Motorist Drive Through - Sign-Controlled Intersection,2017,47.0,No,O: No Injury,Male,Passenger Car,No,35.98618307,-78.92856942,Dry,30 - 35  MPH,Stop Sign,Clear,No,0,0,10
Yes,13.0,No,Facing Traffic,B: Suspected Minor Injury,Male,Greensboro,Guilford,No,Thursday,Motorist Right Turn / Merge,18.0,October,Motorist Right Turn - Opposite Direction,2017,42.03850604944766,Missing,Unknown Injury,Unknown,Passenger Car,Yes,36.09103169,-79.812267,Dry,30 - 35  MPH,Stop And Go Signal,Clear,No,1,0,10
Yes,67.0,No,With Traffic,B: Suspected Minor Injury,Male,Charlotte,Mecklenburg,No,Sunday,Motorist Left Turn / Merge,11.0,October,Motorist Left Turn - Opposite Direction,2017,51.0,No,O: No Injury,Male,Passenger Car,No,35.18985207,-80.81942817,Dry,20 - 25  MPH,No Control Present,Clear,No,0,0,10
No,74.0,No,With Traffic,B: Suspected Minor Injury,Male,Kinston,Lenoir,No,Friday,Motorist Left Turn / Merge,14.0,October,Motorist Left Turn - Opposite Direction,2017,42.03850604944766,Missing,Unknown Injury,Unknown,Sport Utility,Yes,35.27048919,-77.59503358,Dry,20 - 25  MPH,No Control Present,Clear,No,1,0,10
Yes,56.0,No,Facing Traffic,B: Suspected Minor Injury,Male,Wilson,Wilson,No,Tuesday,Loss of Control / Turning Error,22.0,September,Bicyclist Turning Error - Other,2017,24.0,No,O: No Injury,Male,Passenger Car,No,35.72686458,-77.90232285,Dry,30 - 35  MPH,Stop Sign,Clear,No,0,0,9
Yes,27.0,No,Not Applicable,B: Suspected Minor Injury,Female,Wilmington,New Hanover,No,Tuesday,Non-Roadway,7.0,September,Non-Roadway,2017,20.0,No,O: No Injury,Male,Passenger Car,No,34.22898678,-77.87328964,Dry,5 - 15 MPH,Stop Sign,Clear,No,0,0,9
No,38.0,No,With Traffic,B: Suspected Minor Injury,Male,None - Rural Crash,Onslow,No,Thursday,Motorist Right Turn / Merge,11.0,September,Motorist Right Turn - Same Direction,2017,52.0,No,O: No Injury,Male,Pickup,No,34.75516769,-77.47248677,Dry,40 - 45  MPH,Stop And Go Signal,Clear,No,0,0,9
No,45.0,No,With Traffic,B: Suspected Minor Injury,Male,None - Rural Crash,Onslow,No,Wednesday,Motorist Overtaking Bicyclist,10.0,September,Motorist Overtaking - Other / Unknown,2017,21.0,No,O: No Injury,Male,Passenger Car,No,34.84341393,-77.53424427,Dry,50 - 55  MPH,No Control Present,Clear,No,0,0,9
Yes,54.0,No,With Traffic,B: Suspected Minor Injury,Male,Winston-Salem,Forsyth,No,Friday,Motorist Overtaking Bicyclist,5.0,September,Motorist Overtaking - Other / Unknown,2017,22.0,No,O: No Injury,Male,Passenger Car,No,36.13823996,-80.22978446,Dry,30 - 35  MPH,No Control Present,Clear,No,0,0,9
Yes,19.0,No,With Traffic,B: Suspected Minor Injury,Male,None - Rural Crash,Columbus,No,Friday,Motorist Overtaking Bicyclist,20.0,September,Motorist Overtaking - Other / Unknown,2017,45.0,No,O: No Injury,Male,Passenger Car,No,34.36033012,-78.71006954,Dry,50 - 55  MPH,"Double Yellow Line, No Passing Zone",Clear,No,0,0,9
No,44.0,No,With Traffic,B: Suspected Minor Injury,Male,None - Rural Crash,Moore,No,Saturday,Motorist Overtaking Bicyclist,13.0,September,Motorist Overtaking - Other / Unknown,2017,56.0,No,O: No Injury,Male,Passenger Car,No,35.11810023,-79.38869523,Dry,40 - 45  MPH,"Double Yellow Line, No Passing Zone",Clear,No,0,0,9
No,43.0,No,Unknown,B: Suspected Minor Injury,Male,Troutman,Iredell,No,Sunday,Crossing Paths - Other Circumstances,12.0,September,Sign-Controlled Intersection - Other / Unknown,2017,18.0,No,O: No Injury,Male,Passenger Car,No,35.71856422,-80.90065707,Dry,Unknown,No Control Present,Clear,No,0,0,9
No,16.0,No,Facing Traffic,B: Suspected Minor Injury,Male,Charlotte,Mecklenburg,No,Saturday,Motorist Failed to Yield - Midblock,18.0,October,Motorist Drive Out - Residential Driveway,2017,39.0,No,O: No Injury,Male,Passenger Car,No,35.11776541,-80.82225638,Wet,30 - 35  MPH,Stop Sign,Cloudy,No,0,0,10
Yes,37.0,No,Not Applicable,B: Suspected Minor Injury,Male,Wilmington,New Hanover,No,Thursday,Bicyclist Failed to Yield - Midblock,13.0,September,Bicyclist Ride Out - Other Midblock,2017,34.0,No,O: No Injury,Male,Passenger Car,No,34.23225472,-77.88673844,Dry,Unknown,No Control Present,Clear,No,0,0,9
Yes,63.0,No,With Traffic,B: Suspected Minor Injury,Male,Charlotte,Mecklenburg,No,Thursday,Motorist Overtaking Bicyclist,16.0,October,Motorist Overtaking - Other / Unknown,2017,42.03850604944766,Missing,Unknown Injury,Unknown,Unknown,Yes,35.12025047,-80.97150142,Dry,30 - 35  MPH,No Control Present,Clear,No,1,0,10
No,16.0,No,With Traffic,B: Suspected Minor Injury,Male,Gastonia,Gaston,No,Friday,Bicyclist Failed to Yield - Sign-Controlled Intersection,14.0,October,Bicyclist Ride Through - Sign-Controlled Intersection,2017,33.0,No,O: No Injury,Female,Passenger Car,No,35.25696103,-81.17018085,Dry,30 - 35  MPH,Stop Sign,Cloudy,No,0,0,10
Yes,51.0,No,With Traffic,B: Suspected Minor Injury,Female,None - Rural Crash,Wilkes,No,Sunday,Bicyclist Overtaking Motorist,13.0,October,Bicyclist Overtaking - Other / Unknown,2017,70.0,No,O: No Injury,Male,Passenger Car,No,36.34531631,-81.02584262,Dry,30 - 35  MPH,"Double Yellow Line, No Passing Zone",Clear,No,0,0,10
Yes,57.0,No,With Traffic,B: Suspected Minor Injury,Male,Leland,Brunswick,No,Saturday,Motorist Left Turn / Merge,13.0,October,Motorist Left Turn - Opposite Direction,2017,75.0,No,O: No Injury,Female,Van,No,34.18352072,-78.02428862,Dry,30 - 35  MPH,Stop Sign,Clear,No,0,0,10
Yes,8.0,No,Facing Traffic,B: Suspected Minor Injury,Male,Kinston,Lenoir,No,Friday,Crossing Paths - Other Circumstances,16.0,September,Sign-Controlled Intersection - Other / Unknown,2017,82.0,No,O: No Injury,Female,Passenger Car,No,35.26257939,-77.56296243,Dry,Unknown,No Control Present,Clear,No,0,0,9
Yes,20.0,No,With Traffic,B: Suspected Minor Injury,Male,Raleigh,Wake,No,Wednesday,Motorist Left Turn / Merge,17.0,October,Motorist Left Turn - Opposite Direction,2017,21.0,No,O: No Injury,Male,Sport Utility,No,35.78571998,-78.68162952,Dry,5 - 15 MPH,Stop Sign,Clear,No,0,0,10
Yes,11.0,No,Facing Traffic,B: Suspected Minor Injury,Male,Winston-Salem,Forsyth,No,Thursday,Motorist Failed to Yield - Midblock,18.0,October,Motorist Drive Out - Residential Driveway,2017,22.0,No,O: No Injury,Male,Sport Utility,No,36.08990659,-80.31492343,Dry,Unknown,No Control Present,Clear,No,0,0,10
Yes,61.0,No,Facing Traffic,B: Suspected Minor Injury,Male,Charlotte,Mecklenburg,No,Friday,Motorist Failed to Yield - Signalized Intersection,12.0,October,Motorist Drive Out - Right Turn on Red,2017,41.0,No,O: No Injury,Female,Passenger Car,No,35.21643031,-80.78880603,Dry,30 - 35  MPH,Stop And Go Signal,Clear,No,0,0,10
Yes,55.0,No,With Traffic,B: Suspected Minor Injury,Male,Greenville,Pitt,No,Sunday,Bicyclist Left Turn / Merge,13.0,October,Bicyclist Left Turn - Same Direction,2017,58.0,No,O: No Injury,Male,Van,No,35.59436282,-77.40149547,Dry,40 - 45  MPH,No Control Present,Clear,No,0,0,10
Yes,63.0,No,With Traffic,B: Suspected Minor Injury,Female,Kinston,Lenoir,No,Friday,Motorist Left Turn / Merge,14.0,October,Motorist Left Turn - Opposite Direction,2017,37.0,No,O: No Injury,Female,Sport Utility,No,35.2623985,-77.58278232,Dry,20 - 25  MPH,Stop And Go Signal,Clear,No,0,0,10
Yes,59.0,No,With Traffic,B: Suspected Minor Injury,Male,None - Rural Crash,Orange,Yes,Tuesday,Motorist Overtaking Bicyclist,17.0,September,Motorist Overtaking - Bicyclist Swerved,2017,35.0,Yes,O: No Injury,Male,Passenger Car,No,35.94652316,-79.11782985,Dry,40 - 45  MPH,"Double Yellow Line, No Passing Zone",Clear,No,0,0,9
Yes,27.0,No,With Traffic,B: Suspected Minor Injury,Male,None - Rural Crash,Perquimans,No,Saturday,Motorist Overtaking Bicyclist,18.0,October,Motorist Overtaking - Other / Unknown,2017,39.0,No,O: No Injury,Male,Pickup,No,36.1672225,-76.44814283,Wet,50 - 55  MPH,"Double Yellow Line, No Passing Zone",Cloudy,No,0,0,10
Yes,22.0,No,With Traffic,B: Suspected Minor Injury,Male,Thomasville,Davidson,No,Tuesday,Motorist Overtaking Bicyclist,6.0,May,Motorist Overtaking - Other / Unknown,2017,21.0,No,O: No Injury,Male,Pickup,No,35.91268329,-80.05980556,Dry,40 - 45  MPH,No Control Present,Clear,No,0,0,5
Yes,54.0,No,With Traffic,B: Suspected Minor Injury,Male,None - Rural Crash,Orange,No,Friday,Motorist Failed to Yield - Sign-Controlled Intersection,17.0,October,Motorist Drive Out - Sign-Controlled Intersection,2017,74.0,No,O: No Injury,Female,Sport Utility,No,36.03287358,-79.03826971,Dry,40 - 45  MPH,Stop Sign,Clear,No,0,0,10
Yes,24.0,No,With Traffic,B: Suspected Minor Injury,Male,Asheville,Buncombe,No,Monday,Motorist Overtaking Bicyclist,5.0,October,Motorist Overtaking - Other / Unknown,2017,49.0,No,O: No Injury,Male,Pickup,No,35.45868761,-82.51152695,Wet,40 - 45  MPH,No Control Present,Rain,No,0,0,10
Yes,25.0,No,Unknown,B: Suspected Minor Injury,Male,Charlotte,Mecklenburg,No,Wednesday,Other / Unknown - Insufficient Details,21.0,October,Unknown Approach Paths,2017,18.0,No,O: No Injury,Male,Sport Utility,No,35.20238962,-80.73073037,Dry,20 - 25  MPH,Stop And Go Signal,Clear,No,0,0,10
Yes,52.0,No,With Traffic,B: Suspected Minor Injury,Male,Carrboro,Orange,No,Friday,Motorist Failed to Yield - Sign-Controlled Intersection,9.0,September,Motorist Drive Out - Sign-Controlled Intersection,2017,51.0,No,O: No Injury,Female,Passenger Car,No,35.9131304,-79.07890968,Dry,20 - 25  MPH,Stop Sign,Cloudy,No,0,0,9
Yes,31.0,No,With Traffic,B: Suspected Minor Injury,Male,Carrboro,Orange,No,Monday,Motorist Right Turn / Merge,16.0,September,Motorist Right Turn - Same Direction,2017,18.0,No,O: No Injury,Male,Passenger Car,Yes,35.92106542,-79.08393047,Dry,30 - 35  MPH,No Control Present,Clear,No,0,0,9
Yes,23.0,No,Facing Traffic,B: Suspected Minor Injury,Male,Huntersville,Mecklenburg,No,Tuesday,Motorist Failed to Yield - Midblock,12.0,October,Motorist Drive Out - Commercial Driveway / Alley,2017,27.0,No,O: No Injury,Female,Passenger Car,No,35.41087836,-80.8551564,Dry,5 - 15 MPH,Stop Sign,Clear,No,0,0,10
Yes,61.0,No,With Traffic,B: Suspected Minor Injury,Male,Morehead City,Carteret,No,Thursday,Motorist Overtaking Bicyclist,7.0,October,Motorist Overtaking - Bicyclist Swerved,2017,68.0,No,O: No Injury,Male,Pickup,No,34.72113686,-76.69033618,Dry,40 - 45  MPH,No Control Present,Clear,No,0,0,10
Yes,57.0,No,With Traffic,B: Suspected Minor Injury,Male,Goldsboro,Wayne,No,Friday,Bicyclist Failed to Yield - Sign-Controlled Intersection,16.0,October,Bicyclist Ride Through - Sign-Controlled Intersection,2017,30.0,No,O: No Injury,Male,Truck/Trailer,No,35.37380218,-77.98662297,Dry,30 - 35  MPH,Stop Sign,Clear,No,0,0,10
No,67.0,No,With Traffic,B: Suspected Minor Injury,Male,Wilmington,New Hanover,No,Friday,Motorist Right Turn / Merge,17.0,October,Motorist Right Turn - Same Direction,2017,47.0,No,O: No Injury,Male,Sport Utility,No,34.24763762,-77.86484983,Dry,40 - 45  MPH,No Control Present,Clear,No,0,0,10
Yes,20.0,No,Facing Traffic,B: Suspected Minor Injury,Female,Wilmington,New Hanover,No,Monday,Motorist Failed to Yield - Midblock,15.0,October,Motorist Drive Out - Commercial Driveway / Alley,2017,20.0,No,O: No Injury,Female,Passenger Car,No,34.23104857,-77.87822597,Dry,30 - 35  MPH,No Control Present,Clear,No,0,0,10
No,13.0,No,With Traffic,B: Suspected Minor Injury,Male,Wilmington,New Hanover,No,Tuesday,Motorist Left Turn / Merge,18.0,October,Motorist Left Turn - Opposite Direction,2017,66.0,No,O: No Injury,Female,Sport Utility,No,34.19470364,-77.9363456,Dry,40 - 45  MPH,Flashing Stop And Go Signal,Clear,No,0,0,10
Yes,45.0,No,With Traffic,B: Suspected Minor Injury,Female,None - Rural Crash,Wilson,No,Saturday,Motorist Left Turn / Merge,11.0,October,Motorist Left Turn - Opposite Direction,2017,59.0,No,O: No Injury,Male,Pickup,No,35.77609853,-78.00882787,Dry,40 - 45  MPH,"Double Yellow Line, No Passing Zone",Clear,No,0,0,10
Yes,60.0,Yes,With Traffic,B: Suspected Minor Injury,Male,Benson,Johnston,Yes,Friday,Motorist Overtaking Bicyclist,19.0,November,Motorist Overtaking - Undetected Bicyclist,2017,72.0,No,O: No Injury,Male,Pickup,No,35.38667429,-78.54489418,Dry,30 - 35  MPH,No Control Present,Clear,No,0,0,11
Yes,59.0,No,With Traffic,B: Suspected Minor Injury,Male,Charlotte,Mecklenburg,No,Friday,Bicyclist Left Turn / Merge,12.0,October,Bicyclist Left Turn - Same Direction,2017,69.0,No,O: No Injury,Female,Passenger Car,No,35.22335064,-80.62307716,Dry,40 - 45  MPH,No Control Present,Clear,No,0,0,10
Yes,20.0,No,With Traffic,B: Suspected Minor Injury,Male,New Bern,Craven,No,Friday,Motorist Overtaking Bicyclist,8.0,October,Motorist Overtaking - Other / Unknown,2017,34.0,No,O: No Injury,Female,Sport Utility,No,35.12738363,-77.06163522,Dry,30 - 35  MPH,No Control Present,Clear,No,0,0,10
Yes,46.0,No,With Traffic,B: Suspected Minor Injury,Male,Raleigh,Wake,No,Friday,Motorist Left Turn / Merge,7.0,November,Motorist Left Turn - Opposite Direction,2017,29.0,No,O: No Injury,Female,Passenger Car,No,35.78859321,-78.64878327,Dry,30 - 35  MPH,Stop And Go Signal,Clear,No,0,0,11
Yes,21.0,No,With Traffic,B: Suspected Minor Injury,Male,Chapel Hill,Orange,No,Friday,Bicyclist Failed to Yield - Signalized Intersection,13.0,October,Bicyclist Ride Through - Signalized Intersection,2017,18.0,No,O: No Injury,Female,Passenger Car,No,35.91308294,-79.05568773,Dry,20 - 25  MPH,Stop And Go Signal,Clear,No,0,0,10
Yes,24.0,No,With Traffic,B: Suspected Minor Injury,Male,Charlotte,Mecklenburg,No,Tuesday,Head-On,17.0,October,Head-On - Bicyclist,2017,33.0,Unknown,O: No Injury,Female,Passenger Car,Yes,35.23121373,-80.83736316,Dry,20 - 25  MPH,Stop And Go Signal,Clear,No,0,0,10
No,36.0,No,Not Applicable,B: Suspected Minor Injury,Male,Charlotte,Mecklenburg,No,Wednesday,Non-Roadway,19.0,November,Non-Roadway,2017,31.0,No,O: No Injury,Female,Passenger Car,No,35.31424148,-80.77297135,Wet,5 - 15 MPH,Stop Sign,Rain,No,0,0,11
Yes,44.0,No,With Traffic,B: Suspected Minor Injury,Male,Wallburg,Davidson,No,Saturday,Loss of Control / Turning Error,19.0,November,Bicyclist Turning Error - Left Turn,2017,44.0,No,O: No Injury,Male,Sport Utility,No,36.00054299,-80.16357466,Dry,30 - 35  MPH,Stop Sign,Cloudy,No,0,0,11
Yes,26.0,No,With Traffic,B: Suspected Minor Injury,Female,Raleigh,Wake,No,Saturday,Crossing Paths - Other Circumstances,17.0,October,Signalized Intersection - Other / Unknown,2017,31.0,No,O: No Injury,Female,Sport Utility,No,35.80630924,-78.56474246,Dry,40 - 45  MPH,Stop And Go Signal,Clear,No,0,0,10
Yes,6.0,No,Facing Traffic,B: Suspected Minor Injury,Male,None - Rural Crash,Cumberland,No,Monday,Head-On,18.0,October,Head-On - Bicyclist,2017,29.0,No,O: No Injury,Female,Passenger Car,No,34.97946789,-78.9217357,Dry,20 - 25  MPH,No Control Present,Clear,No,0,0,10
Yes,28.0,No,With Traffic,B: Suspected Minor Injury,Female,Wilmington,New Hanover,No,Friday,Bicyclist Left Turn / Merge,13.0,October,Bicyclist Left Turn - Same Direction,2017,19.0,No,O: No Injury,Male,Pickup,No,34.22444966,-77.87526059,Dry,20 - 25  MPH,No Control Present,Clear,No,0,0,10
Yes,28.0,No,Facing Traffic,B: Suspected Minor Injury,Female,Raleigh,Wake,No,Tuesday,Motorist Failed to Yield - Signalized Intersection,10.0,November,Motorist Drive Out - Right Turn on Red,2017,28.0,No,O: No Injury,Female,Passenger Car,No,35.7487389,-78.7020651,Dry,40 - 45  MPH,Stop And Go Signal,Cloudy,No,0,0,11
Yes,52.0,No,With Traffic,B: Suspected Minor Injury,Male,Burlington,Alamance,No,Wednesday,Motorist Overtaking Bicyclist,16.0,November,Motorist Overtaking - Misjudged Space,2017,30.0,No,O: No Injury,Female,Pickup,No,36.04655157,-79.46287052,Dry,50 - 55  MPH,No Control Present,Clear,No,0,0,11
Yes,53.0,No,With Traffic,B: Suspected Minor Injury,Male,None - Rural Crash,Scotland,No,Wednesday,Motorist Overtaking Bicyclist,8.0,November,Motorist Overtaking - Other / Unknown,2017,33.0,No,O: No Injury,Female,Passenger Car,No,34.76771833,-79.37161507,Dry,50 - 55  MPH,No Control Present,Clear,No,0,0,11
Yes,27.0,No,Facing Traffic,B: Suspected Minor Injury,Male,High Point,Guilford,No,Friday,Motorist Failed to Yield - Midblock,13.0,November,Motorist Drive Out - Commercial Driveway / Alley,2017,57.0,No,O: No Injury,Male,Passenger Car,No,35.99317463,-79.99778725,Dry,Unknown,No Control Present,Clear,No,0,0,11
Yes,67.0,No,With Traffic,B: Suspected Minor Injury,Female,None - Rural Crash,Durham,No,Sunday,Motorist Overtaking Bicyclist,16.0,November,Motorist Overtaking - Other / Unknown,2017,42.03850604944766,Unknown,Unknown Injury,Unknown,Unknown,Yes,36.20515232,-78.94243912,Dry,40 - 45  MPH,"Double Yellow Line, No Passing Zone",Clear,No,1,0,11
Yes,66.0,No,With Traffic,B: Suspected Minor Injury,Male,None - Rural Crash,Brunswick,No,Thursday,Motorist Right Turn / Merge,11.0,November,Motorist Right Turn - Same Direction,2017,77.0,No,O: No Injury,Male,Sport Utility,No,34.00797523,-78.29887389,Dry,50 - 55  MPH,No Control Present,Clear,No,0,0,11
Yes,77.0,No,With Traffic,B: Suspected Minor Injury,Male,None - Rural Crash,Wake,No,Monday,Motorist Overtaking Bicyclist,14.0,November,Motorist Overtaking - Other / Unknown,2017,49.0,No,O: No Injury,Female,Sport Utility,No,35.68733877,-78.75722477,Dry,40 - 45  MPH,"Double Yellow Line, No Passing Zone",Clear,No,0,0,11
Yes,59.0,No,With Traffic,B: Suspected Minor Injury,Male,Charlotte,Mecklenburg,No,Thursday,Motorist Left Turn / Merge,15.0,November,Motorist Left Turn - Opposite Direction,2017,43.0,No,O: No Injury,Male,Pickup,No,35.20350885,-80.84681366,Dry,20 - 25  MPH,Stop And Go Signal,Clear,No,0,0,11
Yes,20.0,No,Facing Traffic,B: Suspected Minor Injury,Male,Raleigh,Wake,No,Friday,Motorist Failed to Yield - Midblock,10.0,November,Motorist Drive Out - Commercial Driveway / Alley,2017,66.0,No,O: No Injury,Male,Pickup,No,35.84733648,-78.60188625,Dry,5 - 15 MPH,No Control Present,Clear,No,0,0,11
Yes,28.0,No,With Traffic,B: Suspected Minor Injury,Male,Asheville,Buncombe,No,Tuesday,Motorist Right Turn / Merge,17.0,November,Motorist Right Turn - Same Direction,2017,39.0,No,O: No Injury,Female,Passenger Car,No,35.57835258,-82.58362817,Dry,30 - 35  MPH,No Control Present,Clear,No,0,0,11