AmbulanceR,BikeAge,BikeAlcFlg,BikeDir,BikeInjury,BikeSex,City,County,CrashAlcoh,CrashDay,CrashGrp,CrashHour,CrashMonth,CrashType,CrashYear,DrvrAge,DrvrAlcFlg,DrvrInjury,DrvrSex,DrvrVehTyp,HitRun,Latitude,Longitude,RdConditio,SpeedLimit,TraffCntrl,Weather,Workzone,DrvrAgeImputedFlag,BikeAgeImputedFlag,MonthCode
Yes,55.0,No,With Traffic,B: Suspected Minor Injury,Male,Conover,Catawba,No,Friday,Motorist Overtaking Bicyclist,17.0,November,Motorist Overtaking - Undetected Bicyclist,2017,68.0,No,O: No Injury,Male,Passenger Car,No,35.69038552,-81.18285176,Dry,40 - 45  MPH,No Control Present,Clear,No,0,0,11
Yes,12.0,No,Facing Traffic,B: Suspected Minor Injury,Male,Raleigh,Wake,No,Saturday,Motorist Failed to Yield - Signalized Intersection,11.0,November,Motorist Drive Through - Signalized Intersection,2017,16.0,No,O: No Injury,Female,Sport Utility,No,35.86134464,-78.61937598,Dry,30 - 35  MPH,Stop And Go Signal,Clear,No,0,0,11
Yes,40.0,No,With Traffic,B: Suspected Minor Injury,Male,Weddington,Union,No,Friday,Motorist Overtaking Bicyclist,17.0,November,Motorist Overtaking - Other / Unknown,2017,36.0,No,O: No Injury,Male,Pickup,No,34.9942998,-80.79817864,Dry,40 - 45  MPH,"Double Yellow Line, No Passing Zone",Clear,No,0,0,11
No,14.0,No,Facing Traffic,B: Suspected Minor Injury,Male,Garner,Wake,No,Tuesday,Bicyclist Failed to Yield - Sign-Controlled Intersection,17.0,November,Bicyclist Ride Out - Sign-Controlled Intersection,2017,42.03850604944766,Missing,Unknown Injury,Unknown,Pickup,Yes,35.70942519,-78.62420734,Dry,30 - 35  MPH,Stop And Go Signal,Clear,No,1,0,11
No,13.0,No,With Traffic,B: Suspected Minor Injury,Male,None - Rural Crash,Cumberland,No,Friday,Bicyclist Right Turn / Merge,9.0,November,Bicyclist Right Turn - Same Direction,2017,44.0,No,O: No Injury,Female,Passenger Car,No,34.97641915,-78.98465945,Dry,40 - 45  MPH,No Control Present,Clear,No,0,0,11
Yes,29.0,No,With Traffic,B: Suspected Minor Injury,Male,Durham,Durham,No,Monday,Motorist Right Turn / Merge,9.0,November,Motorist Right Turn - Same Direction,2017,27.0,No,O: No Injury,Male,Passenger Car,No,35.99565211,-78.90444703,Dry,20 - 25  MPH,No Control Present,Clear,No,0,0,11
Yes,70.0,Yes,Not Applicable,B: Suspected Minor Injury,Male,Tarboro,Edgecombe,Yes,Monday,Non-Roadway,10.0,November,Non-Roadway,2017,47.0,No,O: No Injury,Male,"Light Truck (Mini-Van, Panel)",No,35.91175949,-77.54428587,Dry,5 - 15 MPH,No Control Present,Clear,No,0,0,11
Yes,57.0,No,With Traffic,B: Suspected Minor Injury,Male,Nags Head,Dare,No,Sunday,Motorist Left Turn / Merge,7.0,September,Motorist Left Turn - Opposite Direction,2017,41.0,No,O: No Injury,Female,Passenger Car,No,35.92436217,-75.60644436,Dry,Unknown,No Control Present,Clear,No,0,0,9
No,16.0,No,With Traffic,B: Suspected Minor Injury,Male,Salisbury,Rowan,No,Monday,Parallel Paths - Other Circumstances,7.0,December,Motorist Turn / Merge - Other / Unknown,2017,42.03850604944766,Unknown,Unknown Injury,Unknown,Passenger Car,Yes,35.66275603,-80.475952,Dry,30 - 35  MPH,No Control Present,Clear,No,1,0,12
Yes,51.0,No,With Traffic,B: Suspected Minor Injury,Male,Raleigh,Wake,No,Wednesday,Motorist Failed to Yield - Sign-Controlled Intersection,9.0,November,Motorist Drive Out - Sign-Controlled Intersection,2017,45.0,No,O: No Injury,Male,Pickup,No,35.80301007,-78.6581367,Dry,30 - 35  MPH,Stop Sign,Clear,No,0,0,11
Yes,34.0,No,With Traffic,B: Suspected Minor Injury,Male,Charlotte,Mecklenburg,No,Tuesday,Motorist Overtaking Bicyclist,19.0,December,Motorist Overtaking - Bicyclist Swerved,2017,21.0,No,O: No Injury,Male,Passenger Car,No,35.31553306,-80.71339083,Dry,30 - 35  MPH,No Control Present,Cloudy,No,0,0,12
Yes,59.0,No,With Traffic,B: Suspected Minor Injury,Male,Wilmington,New Hanover,No,Saturday,Parallel Paths - Other Circumstances,12.0,November,Bicyclist Ride Out - Parallel Path,2017,71.0,No,O: No Injury,Female,Passenger Car,No,34.22942572,-77.94807602,Dry,20 - 25  MPH,No Control Present,Clear,No,0,0,11
Yes,21.0,No,Facing Traffic,B: Suspected Minor Injury,Male,Wilmington,New Hanover,No,Friday,Head-On,19.0,November,Head-On - Bicyclist,2017,56.0,No,O: No Injury,Female,Sport Utility,No,34.20839398,-77.85277667,Dry,Unknown,No Control Present,Clear,No,0,0,11
Yes,18.0,No,Facing Traffic,B: Suspected Minor Injury,Female,None - Rural Crash,Hoke,No,Wednesday,Motorist Failed to Yield - Sign-Controlled Intersection,14.0,November,Motorist Drive Out - Sign-Controlled Intersection,2017,50.0,No,O: No Injury,Male,Pickup,No,35.00816883,-79.16971388,Dry,30 - 35  MPH,No Control Present,Clear,No,0,0,11
No,50.0,No,With Traffic,B: Suspected Minor Injury,Male,None - Rural Crash,Forsyth,No,Monday,Motorist Left Turn / Merge,8.0,November,Motorist Left Turn - Opposite Direction,2017,25.0,No,O: No Injury,Female,Passenger Car,No,36.09221399,-80.24918898,Dry,30 - 35  MPH,No Control Present,Clear,No,0,0,11
Yes,17.0,No,Facing Traffic,B: Suspected Minor Injury,Male,Raleigh,Wake,No,Tuesday,Head-On,7.0,December,Head-On - Bicyclist,2017,42.03850604944766,Missing,Unknown Injury,Unknown,Passenger Car,Yes,35.88128216,-78.7083195,Dry,40 - 45  MPH,No Control Present,Clear,No,1,0,12
Yes,53.0,No,With Traffic,B: Suspected Minor Injury,Male,None - Rural Crash,Union,No,Thursday,Loss of Control / Turning Error,13.0,November,Motorist Turning Error - Left Turn,2017,61.0,No,O: No Injury,Male,Pickup,No,35.06219426,-80.69855633,Wet,40 - 45  MPH,"Double Yellow Line, No Passing Zone",Clear,No,0,0,11
Yes,56.0,No,With Traffic,B: Suspected Minor Injury,Male,Garner,Wake,No,Tuesday,Motorist Overtaking Bicyclist,18.0,November,Motorist Overtaking - Other / Unknown,2017,42.03850604944766,Missing,Unknown Injury,Unknown,Sport Utility,Yes,35.69660525,-78.61657855,Dry,30 - 35  MPH,No Control Present,Cloudy,No,1,0,11
Yes,53.0,No,Facing Traffic,B: Suspected Minor Injury,Male,Charlotte,Mecklenburg,No,Tuesday,Head-On,21.0,December,Head-On - Bicyclist,2017,68.0,No,O: No Injury,Male,Passenger Car,No,35.23963175,-80.80114823,Dry,30 - 35  MPH,No Control Present,Clear,No,0,0,12
Yes,66.0,No,With Traffic,B: Suspected Minor Injury,Male,None - Rural Crash,Robeson,No,Sunday,Motorist Left Turn / Merge,7.0,November,Motorist Left Turn - Opposite Direction,2017,51.0,Unknown,O: No Injury,Female,Van,No,34.810073,-78.98475797,Dry,50 - 55  MPH,"Double Yellow Line, No Passing Zone",Cloudy,No,0,0,11
Yes,62.0,Unknown,Facing Traffic,B: Suspected Minor Injury,Male,Shelby,Cleveland,No,Thursday,Crossing Paths - Other Circumstances,15.0,November,Crossing Paths - Intersection - Other / Unknown,2017,36.0,No,O: No Injury,Female,Passenger Car,No,35.30589528,-81.52361192,Dry,30 - 35  MPH,No Control Present,Clear,No,0,0,11
Yes,60.0,No,With Traffic,B: Suspected Minor Injury,Male,Charlotte,Mecklenburg,No,Tuesday,Motorist Left Turn / Merge,11.0,December,Motorist Left Turn - Opposite Direction,2017,22.0,No,O: No Injury,Female,Passenger Car,No,35.20198974,-80.84482799,Dry,30 - 35  MPH,Stop And Go Signal,Clear,No,0,0,12
Yes,27.0,No,Facing Traffic,B: Suspected Minor Injury,Male,Raleigh,Wake,No,Thursday,Motorist Left Turn / Merge,16.0,December,Motorist Left Turn - Same Direction,2017,45.0,No,O: No Injury,Male,Passenger Car,No,35.8023382,-78.6244839,Dry,30 - 35  MPH,Stop And Go Signal,Clear,No,0,0,12
Yes,67.0,No,Not Applicable,B: Suspected Minor Injury,Male,Raleigh,Wake,No,Saturday,Non-Roadway,13.0,December,Non-Roadway,2017,48.0,No,O: No Injury,Male,Pickup,No,35.74890093,-78.63275427,Dry,30 - 35  MPH,No Control Present,Clear,No,0,0,12
Yes,58.0,No,Unknown,B: Suspected Minor Injury,Male,Morehead City,Carteret,No,Monday,Motorist Failed to Yield - Sign-Controlled Intersection,15.0,November,Motorist Drive Out - Sign-Controlled Intersection,2017,65.0,No,O: No Injury,Female,"Light Truck (Mini-Van, Panel)",No,34.72866421,-76.76846353,Dry,30 - 35  MPH,Stop And Go Signal,Clear,No,0,0,11
No,33.0,No,Facing Traffic,B: Suspected Minor Injury,Male,Charlotte,Mecklenburg,No,Tuesday,Motorist Right Turn / Merge,9.0,May,Motorist Right Turn on Red - Opposite Direction,2017,39.0,No,O: No Injury,Male,Passenger Car,No,35.22991955,-80.84832056,Dry,30 - 35  MPH,Stop And Go Signal,Clear,No,0,0,5
Yes,53.0,No,With Traffic,B: Suspected Minor Injury,Male,Harrisburg,Cabarrus,No,Sunday,Bicyclist Left Turn / Merge,15.0,December,Bicyclist Left Turn - Same Direction,2017,23.0,No,B: Suspected Minor Injury,Male,Motorcycle,No,35.32471372,-80.63886167,Dry,50 - 55  MPH,No Control Present,Clear,No,0,0,12
Yes,21.0,No,With Traffic,B: Suspected Minor Injury,Male,None - Rural Crash,Ashe,No,Wednesday,Motorist Overtaking Bicyclist,19.0,November,Motorist Overtaking - Undetected Bicyclist,2017,42.03850604944766,Unknown,Unknown Injury,Unknown,Pickup,Yes,36.31294739,-81.37316706,Dry,50 - 55  MPH,"Double Yellow Line, No Passing Zone",Clear,No,1,0,11
Yes,60.0,No,With Traffic,B: Suspected Minor Injury,Female,Wilmington,New Hanover,No,Monday,Motorist Failed to Yield - Signalized Intersection,14.0,December,Motorist Drive Out - Right Turn on Red,2017,67.0,No,C: Possible Injury,Female,Sport Utility,No,34.17548842,-77.9250608,Dry,40 - 45  MPH,Stop And Go Signal,Clear,No,0,0,12
No,37.0,No,Facing Traffic,B: Suspected Minor Injury,Male,None - Rural Crash,Cumberland,No,Saturday,Head-On,19.0,December,Head-On - Bicyclist,2017,38.0,No,O: No Injury,Male,Pickup,No,35.01153589,-78.89743454,Dry,50 - 55  MPH,No Control Present,Clear,No,0,0,12
No,20.0,No,Facing Traffic,B: Suspected Minor Injury,Female,Boone,Watauga,No,Saturday,Motorist Failed to Yield - Sign-Controlled Intersection,15.0,December,Motorist Drive Out - Sign-Controlled Intersection,2017,42.03850604944766,Missing,O: No Injury,Male,Passenger Car,Yes,36.20468946,-81.66845886,Unknown,30 - 35  MPH,Stop Sign,Clear,No,1,0,12
Yes,54.0,No,With Traffic,B: Suspected Minor Injury,Male,Burlington,Alamance,No,Wednesday,Backing Vehicle,17.0,December,Backing Vehicle,2017,32.0,No,O: No Injury,Female,Passenger Car,No,36.077363,-79.41924628,Dry,30 - 35  MPH,No Control Present,Clear,No,0,0,12
Yes,26.0,No,With Traffic,B: Suspected Minor Injury,Female,Asheville,Buncombe,No,Saturday,Motorist Left Turn / Merge,20.0,December,Motorist Left Turn - Same Direction,2017,58.0,No,O: No Injury,Male,Pickup,No,35.56839889,-82.50675177,Dry,40 - 45  MPH,"Double Yellow Line, No Passing Zone",Clear,No,0,0,12
Yes,26.0,No,With Traffic,B: Suspected Minor Injury,Male,Jacksonville,Onslow,No,Monday,Motorist Failed to Yield - Sign-Controlled Intersection,15.0,December,Motorist Drive Out - Sign-Controlled Intersection,2017,28.0,No,O: No Injury,Female,Passenger Car,No,34.77267389,-77.4230736,Dry,20 - 25  MPH,Stop Sign,Clear,No,0,0,12
Yes,63.0,No,With Traffic,B: Suspected Minor Injury,Female,None - Rural Crash,Orange,No,Friday,Motorist Overtaking Bicyclist,14.0,December,Motorist Overtaking - Other / Unknown,2017,38.0,No,O: No Injury,Male,Sport Utility,No,36.10314863,-79.21225612,Dry,40 - 45  MPH,"Double Yellow Line, No Passing Zone",Clear,No,0,0,12
Yes,46.0,No,With Traffic,B: Suspected Minor Injury,Male,None - Rural Crash,Cumberland,No,Thursday,Motorist Overtaking Bicyclist,18.0,December,Motorist Overtaking - Other / Unknown,2017,42.03850604944766,Unknown,Unknown Injury,Unknown,Unknown,Yes,35.21697693,-78.9433415,Dry,40 - 45  MPH,No Control Present,Clear,No,1,0,12
Yes,49.0,No,With Traffic,B: Suspected Minor Injury,Male,Fayetteville,Cumberland,No,Saturday,Motorist Overtaking Bicyclist,14.0,May,Motorist Overtaking - Bicyclist Swerved,2017,27.0,No,O: No Injury,Female,Passenger Car,No,34.99230912,-79.0331124,Dry,50 - 55  MPH,No Control Present,Clear,No,0,0,5
No,30.0,No,With Traffic,B: Suspected Minor Injury,Male,Fayetteville,Cumberland,No,Friday,Motorist Overtaking Bicyclist,18.0,July,Motorist Overtaking - Other / Unknown,2017,24.0,No,O: No Injury,Female,Passenger Car,No,35.07974689,-78.98865533,Wet,40 - 45  MPH,No Control Present,Rain,No,0,0,7
Yes,41.0,No,With Traffic,B: Suspected Minor Injury,Male,Fayetteville,Cumberland,No,Wednesday,Loss of Control / Turning Error,21.0,August,Motorist Turning Error - Left Turn,2017,18.0,No,O: No Injury,Male,Passenger Car,No,35.02418595,-78.8981847,Dry,20 - 25  MPH,Stop Sign,Clear,No,0,0,8
Yes,27.0,No,With Traffic,B: Suspected Minor Injury,Female,Fayetteville,Cumberland,No,Thursday,Motorist Overtaking Bicyclist,18.0,October,Motorist Overtaking - Bicyclist Swerved,2017,41.0,No,O: No Injury,Male,Pickup,No,35.01000686,-79.01838865,Dry,40 - 45  MPH,No Control Present,Clear,No,0,0,10
Yes,58.0,No,With Traffic,B: Suspected Minor Injury,Male,Fayetteville,Cumberland,No,Sunday,Motorist Overtaking Bicyclist,13.0,November,Motorist Overtaking - Other / Unknown,2017,72.0,No,O: No Injury,Female,Passenger Car,No,35.10749052,-78.87891244,Dry,40 - 45  MPH,No Control Present,Clear,No,0,0,11
Yes,56.0,No,Facing Traffic,B: Suspected Minor Injury,Male,Fayetteville,Cumberland,No,Thursday,Motorist Failed to Yield - Signalized Intersection,15.0,December,Motorist Drive Out - Signalized Intersection,2017,81.0,No,O: No Injury,Female,Passenger Car,No,35.09700505,-78.91586887,Dry,40 - 45  MPH,Stop And Go Signal,Clear,No,0,0,12
Yes,10.0,No,With Traffic,B: Suspected Minor Injury,Male,Charlotte,Mecklenburg,No,Friday,Bicyclist Failed to Yield - Sign-Controlled Intersection,16.0,September,Bicyclist Ride Through - Sign-Controlled Intersection,2017,25.0,No,O: No Injury,Male,Passenger Car,No,35.21338611,-80.90152931,Dry,20 - 25  MPH,Stop Sign,Clear,No,0,0,9
Yes,58.0,No,With Traffic,B: Suspected Minor Injury,Female,Sunset Beach,Brunswick,No,Sunday,Motorist Left Turn / Merge,13.0,September,Motorist Left Turn - Same Direction,2017,82.0,No,O: No Injury,Female,Sport Utility,No,33.89570189,-78.49136157,Dry,40 - 45  MPH,Stop Sign,Cloudy,No,0,0,9
No,12.0,No,With Traffic,B: Suspected Minor Injury,Male,Stanley,Gaston,No,Wednesday,Motorist Overtaking Bicyclist,14.0,December,Motorist Overtaking - Bicyclist Swerved,2017,34.0,No,O: No Injury,Male,Pickup,No,35.36700989,-81.09908124,Wet,40 - 45  MPH,No Control Present,Rain,No,0,0,12
No,31.0,No,With Traffic,C: Possible Injury,Male,Durham,Durham,No,Friday,Motorist Failed to Yield - Midblock,9.0,January,Motorist Drive Out - Commercial Driveway / Alley,2014,58.0,No,O: No Injury,Female,Sport Utility,No,36.00673293,-78.92401299,Dry,30 - 35  MPH,No Control Present,Clear,No,0,0,1
Yes,64.0,No,Facing Traffic,C: Possible Injury,Male,Raleigh,Wake,No,Wednesday,Crossing Paths - Other Circumstances,16.0,January,Signalized Intersection - Other / Unknown,2014,52.0,No,O: No Injury,Female,Passenger Car,No,35.82184929,-78.5692981,Dry,40 - 45  MPH,Stop And Go Signal,Clear,No,0,0,1
Yes,21.0,No,With Traffic,C: Possible Injury,Male,Greensboro,Guilford,No,Tuesday,Loss of Control / Turning Error,18.0,January,Bicyclist Lost Control - Mechanical Problems,2014,50.0,No,O: No Injury,Female,Passenger Car,No,36.07269539,-79.77047765,Dry,30 - 35  MPH,Stop And Go Signal,Cloudy,No,0,0,1
No,58.0,No,With Traffic,C: Possible Injury,Male,Salisbury,Rowan,No,Thursday,Loss of Control / Turning Error,15.0,January,Motorist Turning Error - Other,2014,85.0,No,O: No Injury,Female,Passenger Car,No,35.67713326,-80.47068139,Dry,30 - 35  MPH,No Control Present,Clear,No,0,0,1
No,55.0,No,With Traffic,O: No Injury,Male,Cary,Wake,No,Wednesday,Bicyclist Left Turn / Merge,19.0,January,Bicyclist Left Turn - Same Direction,2014,41.0,No,O: No Injury,Male,Passenger Car,No,35.79989076,-78.81357216,Dry,30 - 35  MPH,No Control Present,Clear,No,0,0,1
Yes,42.0,No,Facing Traffic,C: Possible Injury,Male,Raleigh,Wake,No,Tuesday,Bicyclist Failed to Yield - Signalized Intersection,17.0,January,Bicyclist Ride Through - Signalized Intersection,2014,30.0,No,O: No Injury,Female,Passenger Car,No,35.76906779,-78.69124012,Dry,40 - 45  MPH,Stop And Go Signal,Clear,No,0,0,1
No,27.0,No,With Traffic,Unknown Injury,Female,Raleigh,Wake,No,Wednesday,Motorist Right Turn / Merge,8.0,January,Motorist Right Turn - Same Direction,2014,53.0,No,O: No Injury,Female,Passenger Car,No,35.76778006,-78.69572461,Dry,30 - 35  MPH,No Control Present,Clear,No,0,0,1
Yes,26.0,No,Facing Traffic,C: Possible Injury,Male,Greenville,Pitt,No,Saturday,Head-On,9.0,January,Head-On - Bicyclist,2014,72.0,No,O: No Injury,Female,Sport Utility,No,35.57266422,-77.3967874,Dry,40 - 45  MPH,No Control Present,Clear,No,0,0,1
Yes,53.0,No,With Traffic,C: Possible Injury,Male,Asheboro,Randolph,No,Monday,Motorist Failed to Yield - Midblock,7.0,January,Motorist Drive Out - Commercial Driveway / Alley,2014,38.0,No,O: No Injury,Female,Sport Utility,No,35.68702508,-79.8262318,Wet,40 - 45  MPH,No Control Present,Rain,No,0,0,1
No,60.0,Yes,With Traffic,C: Possible Injury,Male,Lumberton,Robeson,Yes,Friday,Motorist Overtaking Bicyclist,19.0,January,Motorist Overtaking - Undetected Bicyclist,2014,45.0,No,O: No Injury,Female,Sport Utility,No,34.63367992,-79.02405662,Dry,30 - 35  MPH,No Control Present,Clear,No,0,0,1
No,18.0,No,Not Applicable,O: No Injury,Male,None - Rural Crash,Wake,No,Sunday,Bicyclist Failed to Yield - Midblock,15.0,February,Bicyclist Ride Out - Other Midblock,2014,18.0,No,O: No Injury,Male,Passenger Car,No,35.7735697,-78.92387811,Dry,40 - 45  MPH,"Double Yellow Line, No Passing Zone",Clear,No,0,0,2
Yes,60.0,No,Facing Traffic,A: Suspected Serious Injury,Female,Wrightsville Beach,New Hanover,No,Friday,Motorist Failed to Yield - Sign-Controlled Intersection,11.0,January,Motorist Drive Out - Sign-Controlled Intersection,2014,65.0,No,O: No Injury,Male,Sport Utility,No,34.21880509,-77.81370959,Dry,40 - 45  MPH,Stop Sign,Clear,Yes,0,0,1
No,17.0,No,With Traffic,O: No Injury,Male,Raleigh,Wake,No,Monday,Parallel Paths - Other Circumstances,14.0,February,Parallel Paths - Other / Unknown,2014,50.0,No,O: No Injury,Male,"Single Unit Truck (2-Axle, 6-Tire)",No,35.77818971,-78.63810319,Dry,30 - 35  MPH,Stop And Go Signal,Clear,No,0,0,2
Yes,51.0,No,Facing Traffic,C: Possible Injury,Male,Burlington,Alamance,No,Wednesday,Backing Vehicle,9.0,February,Backing Vehicle,2014,65.0,No,O: No Injury,Male,Passenger Car,No,36.08333138,-79.42584354,Dry,30 - 35  MPH,No Control Present,Cloudy,No,0,0,2
Yes,32.52649525389365,No,With Traffic,Unknown Injury,Unknown,Kannapolis,Cabarrus,No,Saturday,Loss of Control / Turning Error,18.0,January,"Motorist Lost Control - Oversteering, Improper Braking, Speed",2014,44.0,No,A: Suspected Serious Injury,Female,Passenger Car,No,35.48475102,-80.61128748,Dry,40 - 45  MPH,No Control Present,Clear,No,0,1,1
No,30.0,No,Facing Traffic,C: Possible Injury,Male,Fayetteville,Cumberland,No,Friday,Crossing Paths - Other Circumstances,8.0,January,Signalized Intersection - Other / Unknown,2014,51.0,No,O: No Injury,Male,Passenger Car,No,35.06406313,-78.92680689,Dry,20 - 25  MPH,Flashing Stop And Go Signal,Clear,No,0,0,1
Yes,25.0,No,Facing Traffic,C: Possible Injury,Male,Raleigh,Wake,No,Thursday,Motorist Failed to Yield - Sign-Controlled Intersection,15.0,February,Motorist Drive Out - Sign-Controlled Intersection,2014,19.0,No,O: No Injury,Female,Sport Utility,No,35.7722954,-78.68532279,Dry,30 - 35  MPH,Stop Sign,Clear,No,0,0,2
No,17.0,No,With Traffic,C: Possible Injury,Male,None - Rural Crash,Guilford,No,Friday,Head-On,21.0,February,Head-On - Bicyclist,2014,73.0,No,O: No Injury,Male,Pickup,No,35.98451761,-79.89942216,Dry,30 - 35  MPH,No Control Present,Clear,No,0,0,2
No,67.0,No,With Traffic,C: Possible Injury,Male,Raleigh,Wake,No,Friday,Motorist Failed to Yield - Signalized Intersection,14.0,February,Motorist Drive Out - Right Turn on Red,2014,46.0,No,O: No Injury,Male,Passenger Car,No,35.81978455,-78.62380537,Dry,30 - 35  MPH,No Control Present,Clear,No,0,0,2
Yes,12.0,No,With Traffic,C: Possible Injury,Male,Rocky Mount,Nash,No,Monday,Loss of Control / Turning Error,18.0,February,Bicyclist Turning Error - Right Turn,2014,41.0,No,O: No Injury,Male,Passenger Car,No,35.92864505,-77.81051332,Dry,20 - 25  MPH,Stop Sign,Clear,No,0,0,2
Yes,51.0,No,Facing Traffic,C: Possible Injury,Male,Greenville,Pitt,No,Monday,Crossing Paths - Other Circumstances,16.0,February,Crossing Paths - Intersection - Other / Unknown,2014,23.0,No,O: No Injury,Female,Sport Utility,No,35.59325223,-77.34153905,Dry,Unknown,No Control Present,Clear,No,0,0,2
Yes,49.0,No,With Traffic,C: Possible Injury,Male,None - Rural Crash,Alamance,No,Monday,Motorist Overtaking Bicyclist,22.0,February,Motorist Overtaking - Other / Unknown,2014,27.0,No,O: No Injury,Male,Passenger Car,No,36.05299369,-79.31951629,Dry,40 - 45  MPH,"Double Yellow Line, No Passing Zone",Clear,No,0,0,2
Yes,20.0,No,With Traffic,C: Possible Injury,Male,Monroe,Union,No,Tuesday,Bicyclist Left Turn / Merge,9.0,February,Bicyclist Left Turn - Same Direction,2014,38.0,No,O: No Injury,Male,Passenger Car,No,35.03144291,-80.6173624,Wet,40 - 45  MPH,No Control Present,"Snow, Sleet, Hail, Freezing Rain/Drizzle",No,0,0,2
Yes,13.0,No,Facing Traffic,C: Possible Injury,Male,Gastonia,Gaston,No,Thursday,Motorist Failed to Yield - Sign-Controlled Intersection,16.0,January,Motorist Drive Out - Sign-Controlled Intersection,2014,63.0,No,O: No Injury,Male,Sport Utility,No,35.24405753,-81.12113318,Dry,30 - 35  MPH,Stop Sign,Clear,No,0,0,1
Yes,58.0,No,With Traffic,C: Possible Injury,Male,Greensboro,Guilford,No,Wednesday,Motorist Failed to Yield - Sign-Controlled Intersection,18.0,February,Motorist Drive Out - Sign-Controlled Intersection,2014,44.0,No,O: No Injury,Female,Sport Utility,No,36.10833085,-79.8076349,Dry,30 - 35  MPH,Stop Sign,Clear,No,0,0,2
Yes,43.0,No,With Traffic,A: Suspected Serious Injury,Male,None - Rural Crash,Lincoln,No,Sunday,Motorist Overtaking Bicyclist,18.0,February,Motorist Overtaking - Other / Unknown,2014,41.0,No,O: No Injury,Male,Pickup,No,35.52223591,-81.19684384,Dry,40 - 45  MPH,No Control Present,Clear,No,0,0,2
Yes,59.0,Unknown,With Traffic,K: Killed,Male,None - Rural Crash,Duplin,No,Wednesday,Motorist Overtaking Bicyclist,13.0,February,Motorist Overtaking - Other / Unknown,2014,31.0,Unknown,O: No Injury,Male,Van,No,34.74164488,-77.96920053,Wet,50 - 55  MPH,No Control Present,Rain,No,0,0,2
Yes,15.0,No,With Traffic,C: Possible Injury,Male,Raleigh,Wake,No,Saturday,Motorist Left Turn / Merge,20.0,January,Motorist Left Turn - Opposite Direction,2014,56.0,No,O: No Injury,Female,Sport Utility,No,35.8210157,-78.59185613,Dry,40 - 45  MPH,Human Control,Clear,No,0,0,1
Yes,30.0,No,With Traffic,C: Possible Injury,Male,Charlotte,Mecklenburg,No,Friday,Motorist Right Turn / Merge,16.0,February,Motorist Right Turn - Same Direction,2014,60.0,No,O: No Injury,Female,Passenger Car,No,35.19558372,-80.83789348,Dry,30 - 35  MPH,No Control Present,Clear,No,0,0,2
Yes,22.0,No,Facing Traffic,C: Possible Injury,Male,Charlotte,Mecklenburg,No,Monday,Motorist Failed to Yield - Midblock,13.0,March,Motorist Drive Out - Commercial Driveway / Alley,2014,42.03850604944766,Missing,Unknown Injury,Unknown,Unknown,Yes,35.19374838,-80.78272789,Wet,30 - 35  MPH,No Control Present,Rain,No,1,0,3
Yes,49.0,Yes,Facing Traffic,C: Possible Injury,Male,Durham,Durham,Yes,Monday,Motorist Overtaking Bicyclist,6.0,March,Motorist Overtaking - Undetected Bicyclist,2014,32.0,No,O: No Injury,Male,Pickup,No,36.03371384,-78.89133523,Dry,30 - 35  MPH,No Control Present,Clear,No,0,0,3
Yes,23.0,No,With Traffic,C: Possible Injury,Male,None - Rural Crash,Lincoln,No,Sunday,Bicyclist Left Turn / Merge,19.0,March,Bicyclist Left Turn - Same Direction,2014,44.0,No,O: No Injury,Female,Sport Utility,No,35.4452814,-81.26831503,Dry,40 - 45  MPH,Stop Sign,Clear,No,0,0,3
Yes,35.0,No,Not Applicable,A: Suspected Serious Injury,Male,Jacksonville,Onslow,No,Monday,Bicyclist Failed to Yield - Midblock,6.0,February,Bicyclist Ride Out - Other Midblock,2014,63.0,No,O: No Injury,Female,Passenger Car,No,34.74994674,-77.38749678,Dry,30 - 35  MPH,No Control Present,"Fog, Smog, Smoke",No,0,0,2
Yes,45.0,No,With Traffic,C: Possible Injury,Male,Hickory,Catawba,No,Tuesday,Bicyclist Failed to Yield - Signalized Intersection,8.0,February,Bicyclist Failed to Clear - Trapped,2014,40.0,No,O: No Injury,Male,Pickup,No,35.72972487,-81.33349497,Dry,30 - 35  MPH,Stop And Go Signal,Cloudy,No,0,0,2
Yes,55.0,No,With Traffic,C: Possible Injury,Male,Charlotte,Mecklenburg,No,Thursday,Motorist Overtaking Bicyclist,17.0,March,Motorist Overtaking - Bicyclist Swerved,2014,76.0,No,O: No Injury,Male,Sport Utility,No,35.2756239,-80.94352092,Wet,30 - 35  MPH,No Control Present,Rain,No,0,0,3
Yes,47.0,No,With Traffic,C: Possible Injury,Male,Gastonia,Gaston,No,Monday,Motorist Failed to Yield - Midblock,10.0,February,Motorist Drive Out - Other Midblock,2014,26.0,No,O: No Injury,Male,"Light Truck (Mini-Van, Panel)",No,35.26679519,-81.18212374,Dry,Unknown,No Control Present,Clear,No,0,0,2
Yes,20.0,No,Facing Traffic,C: Possible Injury,Male,Asheboro,Randolph,No,Tuesday,Motorist Failed to Yield - Midblock,14.0,February,Motorist Drive Out - Commercial Driveway / Alley,2014,42.03850604944766,Missing,Unknown Injury,Unknown,Unknown,Yes,35.7059437,-79.82097299,Dry,Unknown,No Control Present,Clear,No,1,0,2