AmbulanceR,BikeAge,BikeAlcFlg,BikeDir,BikeInjury,BikeSex,City,County,CrashAlcoh,CrashDay,CrashGrp,CrashHour,CrashMonth,CrashType,CrashYear,DrvrAge,DrvrAlcFlg,DrvrInjury,DrvrSex,DrvrVehTyp,HitRun,Latitude,Longitude,RdConditio,SpeedLimit,TraffCntrl,Weather,Workzone,DrvrAgeImputedFlag,BikeAgeImputedFlag,MonthCode
Yes,43.0,No,With Traffic,C: Possible Injury,Male,Cary,Wake,No,Friday,Motorist Left Turn / Merge,9.0,July,Motorist Left Turn - Opposite Direction,2014,57.0,No,O: No Injury,Female,Passenger Car,No,35.73956854,-78.80498748,Dry,Unknown,Stop Sign,Clear,No,0,0,7
Yes,52.0,No,With Traffic,Unknown Injury,Male,Smithfield,Johnston,No,Thursday,Motorist Overtaking Bicyclist,14.0,June,Motorist Overtaking - Bicyclist Swerved,2014,17.0,No,O: No Injury,Male,Passenger Car,No,35.52199171,-78.35786078,Dry,40 - 45  MPH,No Control Present,Clear,No,0,0,6
Yes,21.0,No,With Traffic,C: Possible Injury,Male,Charlotte,Mecklenburg,No,Saturday,Loss of Control / Turning Error,12.0,July,Bicyclist Lost Control - Mechanical Problems,2014,23.0,No,O: No Injury,Female,Passenger Car,No,35.22032513,-80.81216608,Wet,5 - 15 MPH,Stop And Go Signal,Rain,No,0,0,7
Yes,50.0,No,With Traffic,C: Possible Injury,Male,Durham,Durham,No,Friday,Bicyclist Overtaking Motorist,14.0,July,Bicyclist Overtaking - Parked Vehicle,2014,40.0,No,O: No Injury,Female,Passenger Car,No,35.92564476,-78.91078173,Dry,30 - 35  MPH,Stop Sign,Clear,No,0,0,7
Yes,20.0,No,Not Applicable,C: Possible Injury,Male,Garner,Wake,No,Saturday,Non-Roadway,10.0,July,Non-Roadway,2014,25.0,No,O: No Injury,Female,Pickup,No,35.70761938,-78.62649024,Dry,Unknown,No Control Present,Clear,No,0,0,7
No,43.0,No,With Traffic,C: Possible Injury,Male,None - Rural Crash,Iredell,No,Friday,Motorist Right Turn / Merge,18.0,July,Motorist Right Turn - Same Direction,2014,51.0,No,O: No Injury,Female,Passenger Car,No,35.67847756,-80.90556533,Dry,40 - 45  MPH,"Double Yellow Line, No Passing Zone",Clear,No,0,0,7
Yes,21.0,No,Unknown,C: Possible Injury,Male,Greensboro,Guilford,No,Monday,Bicyclist Failed to Yield - Sign-Controlled Intersection,14.0,July,Bicyclist Ride Through - Sign-Controlled Intersection,2014,45.0,No,O: No Injury,Male,Passenger Car,No,36.05715026,-79.80804093,Dry,20 - 25  MPH,Stop Sign,Clear,No,0,0,7
Yes,17.0,No,Facing Traffic,C: Possible Injury,Female,Elizabeth City,Pasquotank,No,Monday,Motorist Failed to Yield - Signalized Intersection,17.0,July,Motorist Drive Out - Signalized Intersection,2014,58.0,No,O: No Injury,Female,Sport Utility,No,36.32065612,-76.21955224,Dry,40 - 45  MPH,Stop And Go Signal,Clear,No,0,0,7
No,59.0,No,With Traffic,C: Possible Injury,Male,Goldsboro,Wayne,No,Tuesday,Motorist Failed to Yield - Sign-Controlled Intersection,12.0,June,Motorist Drive Out - Sign-Controlled Intersection,2014,69.0,No,O: No Injury,Female,Passenger Car,No,35.37257251,-77.97910559,Dry,Unknown,Stop Sign,Clear,No,0,0,6
Yes,21.0,No,With Traffic,C: Possible Injury,Male,Boone,Watauga,No,Saturday,Motorist Right Turn / Merge,6.0,July,Motorist Right Turn - Same Direction,2014,42.03850604944766,Missing,O: No Injury,Female,Sport Utility,Yes,36.20606588,-81.67044835,Dry,5 - 15 MPH,Other,Clear,No,1,0,7
No,30.0,No,With Traffic,C: Possible Injury,Male,Raleigh,Wake,No,Friday,Motorist Right Turn / Merge,12.0,July,Motorist Right Turn - Same Direction,2014,67.0,No,O: No Injury,Female,Passenger Car,No,35.78504947,-78.659986,Dry,5 - 15 MPH,No Control Present,Clear,No,0,0,7
Yes,14.0,No,Facing Traffic,C: Possible Injury,Male,Raleigh,Wake,No,Tuesday,Motorist Failed to Yield - Midblock,18.0,July,Motorist Drive Out - Residential Driveway,2014,59.0,No,O: No Injury,Female,Passenger Car,No,35.87189633,-78.64217242,Dry,30 - 35  MPH,Stop Sign,Clear,No,0,0,7
No,63.0,No,With Traffic,C: Possible Injury,Male,None - Rural Crash,Guilford,No,Tuesday,Motorist Failed to Yield - Sign-Controlled Intersection,9.0,July,Motorist Drive Out - Sign-Controlled Intersection,2014,42.03850604944766,Missing,Unknown Injury,Unknown,Sport Utility,Yes,36.17986933,-79.64673831,Dry,40 - 45  MPH,Stop Sign,Clear,No,1,0,7
Yes,32.0,No,With Traffic,O: No Injury,Male,Asheville,Buncombe,No,Sunday,Bicyclist Left Turn / Merge,13.0,June,Bicyclist Left Turn - Same Direction,2014,31.0,Unknown,C: Possible Injury,Female,Passenger Car,No,35.58026735,-82.59725116,Dry,20 - 25  MPH,No Control Present,Clear,No,0,0,6
Yes,31.0,No,With Traffic,C: Possible Injury,Male,Cornelius,Mecklenburg,No,Sunday,Bicyclist Left Turn / Merge,16.0,June,Bicyclist Left Turn - Same Direction,2014,38.0,No,O: No Injury,Female,Sport Utility,No,35.46826177,-80.84936277,Dry,40 - 45  MPH,No Control Present,Clear,No,0,0,6
No,14.0,No,Facing Traffic,O: No Injury,Male,Raleigh,Wake,Yes,Wednesday,Bicyclist Failed to Yield - Signalized Intersection,19.0,July,Bicyclist Ride Through - Signalized Intersection,2014,31.0,Yes,O: No Injury,Male,Passenger Car,No,35.84969392,-78.58046239,Dry,40 - 45  MPH,Stop And Go Signal,Cloudy,No,0,0,7
Yes,68.0,No,With Traffic,C: Possible Injury,Male,High Point,Guilford,No,Monday,Motorist Overtaking Bicyclist,13.0,June,Motorist Overtaking - Bicyclist Swerved,2014,69.0,No,O: No Injury,Female,Passenger Car,No,36.0641425,-79.96374615,Dry,40 - 45  MPH,Stop Sign,Clear,No,0,0,6
No,5.0,No,Not Applicable,C: Possible Injury,Female,Fayetteville,Cumberland,No,Sunday,Non-Roadway,17.0,June,Non-Roadway,2014,21.0,No,O: No Injury,Male,Pickup,No,35.05102726,-78.96759215,Dry,5 - 15 MPH,No Control Present,Cloudy,No,0,0,6
No,28.0,No,With Traffic,O: No Injury,Male,Holly Ridge,Onslow,No,Friday,Bicyclist Failed to Yield - Sign-Controlled Intersection,16.0,August,Bicyclist Ride Through - Sign-Controlled Intersection,2014,36.0,No,O: No Injury,Female,Sport Utility,No,34.49495172,-77.54824782,Wet,30 - 35  MPH,No Control Present,Cloudy,No,0,0,8
Yes,61.0,No,With Traffic,A: Suspected Serious Injury,Male,Midway,Davidson,No,Saturday,Bicyclist Left Turn / Merge,10.0,July,Bicyclist Left Turn - Opposite Direction,2014,22.0,No,O: No Injury,Male,Passenger Car,No,35.9498389,-80.2071109,Dry,40 - 45  MPH,"Double Yellow Line, No Passing Zone",Clear,No,0,0,7
Yes,28.0,Yes,Facing Traffic,C: Possible Injury,Female,None - Rural Crash,Currituck,Yes,Friday,Loss of Control / Turning Error,2.0,July,Motorist Lost Control - Other / Unknown,2014,42.03850604944766,Unknown,Unknown Injury,Unknown,Unknown,Yes,36.16764833,-75.85972247,Dry,50 - 55  MPH,No Control Present,Clear,No,1,0,7
Yes,8.0,No,Facing Traffic,O: No Injury,Male,Durham,Durham,No,Sunday,Motorist Failed to Yield - Sign-Controlled Intersection,17.0,August,Motorist Drive Out - Sign-Controlled Intersection,2014,42.03850604944766,Missing,Unknown Injury,Unknown,Van,Yes,35.99436072,-78.87804774,Dry,30 - 35  MPH,Stop Sign,Clear,No,1,0,8
No,14.0,No,Facing Traffic,O: No Injury,Male,Raleigh,Wake,No,Tuesday,Bicyclist Failed to Yield - Sign-Controlled Intersection,19.0,July,Bicyclist Ride Through - Sign-Controlled Intersection,2014,30.0,No,O: No Injury,Female,Passenger Car,No,35.74483624,-78.58676404,Dry,30 - 35  MPH,Stop Sign,Cloudy,No,0,0,7
Yes,42.0,No,With Traffic,C: Possible Injury,Male,Smithfield,Johnston,No,Monday,Head-On,8.0,July,Head-On - Motorist,2014,29.0,No,O: No Injury,Male,"EMS Vehicle, Ambulance, Rescue Squad",No,35.50635,-78.3454181,Dry,20 - 25  MPH,No Control Present,Clear,No,0,0,7
No,27.0,No,Not Applicable,C: Possible Injury,Male,Raleigh,Wake,No,Wednesday,Bicyclist Failed to Yield - Midblock,16.0,July,Multiple Threat - Midblock,2014,55.0,No,O: No Injury,Female,Van,No,35.7776094,-78.63658644,Dry,30 - 35  MPH,No Control Present,Clear,No,0,0,7
No,31.0,No,Facing Traffic,C: Possible Injury,Male,Fayetteville,Cumberland,No,Wednesday,Motorist Failed to Yield - Midblock,18.0,July,Motorist Drive Out - Commercial Driveway / Alley,2014,42.03850604944766,Missing,Unknown Injury,Unknown,Unknown,Yes,35.04389142,-78.94544477,Dry,40 - 45  MPH,No Control Present,Clear,No,1,0,7
Yes,56.0,No,Facing Traffic,C: Possible Injury,Male,Greensboro,Guilford,No,Tuesday,Motorist Failed to Yield - Signalized Intersection,12.0,July,Motorist Drive Out - Right Turn on Red,2014,28.0,No,O: No Injury,Female,Passenger Car,No,36.13822356,-79.84733255,Dry,30 - 35  MPH,Stop And Go Signal,Clear,No,0,0,7
No,12.0,No,Facing Traffic,C: Possible Injury,Male,Asheville,Buncombe,No,Friday,Crossing Paths - Other Circumstances,17.0,July,Signalized Intersection - Other / Unknown,2014,57.0,No,O: No Injury,Female,Passenger Car,No,35.5778931,-82.58231144,Dry,30 - 35  MPH,Flashing Stop And Go Signal,Rain,No,0,0,7
Yes,17.0,No,Not Applicable,C: Possible Injury,Male,Burlington,Alamance,No,Tuesday,Non-Roadway,19.0,August,Non-Roadway,2014,31.0,Missing,O: No Injury,Female,Passenger Car,No,36.10067907,-79.43045079,Dry,5 - 15 MPH,No Control Present,Clear,No,0,0,8
Yes,48.0,No,With Traffic,C: Possible Injury,Male,None - Rural Crash,Davidson,No,Sunday,Motorist Overtaking Bicyclist,22.0,July,Motorist Overtaking - Other / Unknown,2014,31.0,No,O: No Injury,Female,Passenger Car,No,35.83588946,-80.09294972,Dry,40 - 45  MPH,"Double Yellow Line, No Passing Zone",Cloudy,No,0,0,7
Yes,52.0,No,With Traffic,C: Possible Injury,Male,None - Rural Crash,Mcdowell,No,Saturday,Motorist Overtaking Bicyclist,11.0,June,Motorist Overtaking - Other / Unknown,2014,50.0,No,O: No Injury,Male,Pickup,No,35.7356786,-82.12881275,Dry,30 - 35  MPH,"Double Yellow Line, No Passing Zone",Clear,No,0,0,6
No,63.0,No,Not Applicable,O: No Injury,Male,Durham,Durham,No,Monday,Bicyclist Failed to Yield - Midblock,17.0,August,Bicyclist Ride Out - Other Midblock,2014,60.0,No,O: No Injury,Female,Passenger Car,No,35.93704874,-78.90746227,Dry,30 - 35  MPH,No Control Present,Clear,No,0,0,8
Yes,46.0,Unknown,With Traffic,A: Suspected Serious Injury,Male,Southern Pines,Moore,No,Tuesday,Motorist Overtaking Bicyclist,14.0,July,Motorist Overtaking - Other / Unknown,2014,42.0,No,O: No Injury,Female,Passenger Car,No,35.17186019,-79.42571641,Dry,40 - 45  MPH,No Control Present,Clear,No,0,0,7
Yes,56.0,No,Facing Traffic,C: Possible Injury,Male,Charlotte,Mecklenburg,No,Thursday,Motorist Failed to Yield - Midblock,17.0,July,Motorist Drive Out - Commercial Driveway / Alley,2014,55.0,No,O: No Injury,Male,Pickup,No,35.19651427,-80.87932548,Dry,Unknown,No Control Present,Cloudy,No,0,0,7
No,7.0,No,Facing Traffic,C: Possible Injury,Male,Raleigh,Wake,No,Tuesday,Head-On,19.0,August,Head-On - Bicyclist,2014,42.0,No,O: No Injury,Male,Passenger Car,No,35.7805524,-78.54140394,Dry,20 - 25  MPH,No Control Present,Clear,No,0,0,8
Yes,63.0,Unknown,Facing Traffic,O: No Injury,Male,Raleigh,Wake,No,Monday,Motorist Failed to Yield - Signalized Intersection,14.0,August,Motorist Drive Out - Right Turn on Red,2014,59.0,No,O: No Injury,Female,Pickup,No,35.80328428,-78.60832786,Dry,40 - 45  MPH,Stop And Go Signal,Cloudy,No,0,0,8
Yes,16.0,No,With Traffic,A: Suspected Serious Injury,Male,Raleigh,Wake,No,Thursday,Bicyclist Failed to Yield - Signalized Intersection,12.0,August,Bicyclist Ride Through - Signalized Intersection,2014,75.0,No,O: No Injury,Female,Passenger Car,No,35.74047123,-78.63046074,Dry,30 - 35  MPH,Stop And Go Signal,Clear,No,0,0,8
Yes,31.0,No,With Traffic,C: Possible Injury,Male,Raleigh,Wake,No,Monday,Motorist Left Turn / Merge,20.0,August,Motorist Left Turn - Opposite Direction,2014,19.0,No,O: No Injury,Female,Passenger Car,No,35.78987488,-78.6778681,Wet,30 - 35  MPH,No Control Present,Rain,No,0,0,8
Yes,68.0,No,Not Applicable,A: Suspected Serious Injury,Male,None - Rural Crash,Chatham,No,Thursday,Non-Roadway,16.0,July,Non-Roadway,2014,35.0,No,O: No Injury,Female,Passenger Car,No,35.79259855,-79.0956021,Dry,5 - 15 MPH,No Control Present,Cloudy,No,0,0,7
No,15.0,No,With Traffic,O: No Injury,Male,None - Rural Crash,Harnett,No,Tuesday,Motorist Overtaking Bicyclist,18.0,July,Motorist Overtaking - Other / Unknown,2014,60.0,No,C: Possible Injury,Male,Motorcycle,No,35.32655784,-79.04844,Dry,40 - 45  MPH,"Double Yellow Line, No Passing Zone",Clear,No,0,0,7
No,19.0,No,Facing Traffic,C: Possible Injury,Male,None - Rural Crash,Cumberland,No,Monday,Motorist Failed to Yield - Sign-Controlled Intersection,17.0,July,Motorist Drive Out - Sign-Controlled Intersection,2014,42.03850604944766,Unknown,Unknown Injury,Unknown,Unknown,Yes,34.95334505,-78.93829627,Dry,40 - 45  MPH,Stop Sign,Clear,No,1,0,7
No,17.0,No,Facing Traffic,O: No Injury,Female,Kill Devil Hills,Dare,No,Friday,Motorist Failed to Yield - Signalized Intersection,15.0,June,Motorist Drive Out - Signalized Intersection,2014,27.0,No,O: No Injury,Male,Pickup,No,35.99974946,-75.64886322,Dry,30 - 35  MPH,No Control Present,Cloudy,No,0,0,6
Yes,13.0,No,With Traffic,C: Possible Injury,Male,Patterson Springs,Cleveland,No,Sunday,Motorist Overtaking Bicyclist,22.0,July,Motorist Overtaking - Undetected Bicyclist,2014,61.0,No,O: No Injury,Male,Pickup,No,35.23047209,-81.51776212,Wet,40 - 45  MPH,"Double Yellow Line, No Passing Zone",Cloudy,No,0,0,7
Yes,18.0,No,With Traffic,A: Suspected Serious Injury,Male,None - Rural Crash,Union,No,Wednesday,Bicyclist Left Turn / Merge,14.0,July,Bicyclist Left Turn - Same Direction,2014,18.0,No,O: No Injury,Male,Passenger Car,No,35.07478177,-80.42872501,Dry,50 - 55  MPH,"Double Yellow Line, No Passing Zone",Clear,No,0,0,7
No,62.0,No,With Traffic,C: Possible Injury,Male,Wilmington,New Hanover,No,Thursday,Bicyclist Failed to Yield - Signalized Intersection,11.0,July,Bicyclist Ride Through - Signalized Intersection,2014,30.0,No,O: No Injury,Male,Van,No,34.18106617,-77.8910403,Dry,40 - 45  MPH,Stop And Go Signal,Clear,No,0,0,7
Yes,8.0,No,Not Applicable,C: Possible Injury,Male,Raleigh,Wake,No,Friday,Non-Roadway,19.0,July,Non-Roadway,2014,33.0,Unknown,O: No Injury,Male,Van,No,35.84044973,-78.54439166,Unknown,5 - 15 MPH,No Control Present,Cloudy,No,0,0,7
No,10.0,No,Not Applicable,O: No Injury,Female,Claremont,Catawba,No,Wednesday,Non-Roadway,21.0,August,Non-Roadway,2014,45.0,Missing,O: No Injury,Female,Passenger Car,No,35.71509428,-81.1478763,Dry,20 - 25  MPH,No Control Present,Clear,No,0,0,8
No,42.0,No,Not Applicable,O: No Injury,Male,Salisbury,Rowan,No,Wednesday,Bicyclist Failed to Yield - Midblock,7.0,August,Bicyclist Ride Out - Other Midblock,2014,24.0,No,O: No Injury,Male,Sport Utility,No,35.66577955,-80.4657966,Dry,30 - 35  MPH,No Control Present,Clear,No,0,0,8
Yes,51.0,No,With Traffic,C: Possible Injury,Male,Raleigh,Wake,No,Saturday,Motorist Overtaking Bicyclist,12.0,July,Motorist Overtaking - Other / Unknown,2014,63.0,No,O: No Injury,Male,Pickup,No,35.78360463,-78.61095797,Dry,30 - 35  MPH,No Control Present,Clear,No,0,0,7
Yes,21.0,No,Facing Traffic,C: Possible Injury,Male,Charlotte,Mecklenburg,No,Wednesday,Motorist Failed to Yield - Midblock,13.0,August,Motorist Drive Out - Commercial Driveway / Alley,2014,22.0,No,O: No Injury,Female,Sport Utility,No,35.14876013,-80.83055162,Dry,30 - 35  MPH,No Control Present,Clear,No,0,0,8
Yes,5.0,No,Not Applicable,C: Possible Injury,Female,Durham,Durham,No,Wednesday,Non-Roadway,13.0,August,Non-Roadway,2014,22.0,No,O: No Injury,Male,Passenger Car,No,36.04994196,-78.91148899,Wet,5 - 15 MPH,No Control Present,Cloudy,No,0,0,8
No,11.0,No,With Traffic,C: Possible Injury,Male,None - Rural Crash,Johnston,No,Tuesday,Other / Unusual Circumstances,20.0,July,Play Vehicle-Related,2014,57.0,No,O: No Injury,Female,Passenger Car,No,35.7433122,-78.22603982,Dry,40 - 45  MPH,No Control Present,Clear,No,0,0,7
Yes,62.0,No,With Traffic,A: Suspected Serious Injury,Male,None - Rural Crash,Pitt,No,Friday,Bicyclist Left Turn / Merge,12.0,July,Bicyclist Left Turn - Opposite Direction,2014,34.0,No,O: No Injury,Male,Sport Utility,No,35.55843299,-77.31612929,Dry,40 - 45  MPH,"Double Yellow Line, No Passing Zone",Clear,No,0,0,7
Yes,10.0,No,With Traffic,C: Possible Injury,Male,Raleigh,Wake,No,Sunday,Motorist Right Turn / Merge,16.0,August,Motorist Right Turn - Same Direction,2014,58.0,No,O: No Injury,Male,Pickup,No,35.765769,-78.633996,Dry,30 - 35  MPH,Stop Sign,Clear,No,0,0,8
No,5.0,No,Not Applicable,C: Possible Injury,Male,Charlotte,Mecklenburg,No,Tuesday,Bicyclist Failed to Yield - Midblock,13.0,August,Bicyclist Ride Out - Midblock - Unknown,2014,42.0,No,C: Possible Injury,Male,Van,No,35.16125475,-80.87288322,Dry,30 - 35  MPH,No Control Present,Cloudy,No,0,0,8
No,14.0,No,Facing Traffic,C: Possible Injury,Male,Hickory,Catawba,No,Wednesday,Bicyclist Failed to Yield - Signalized Intersection,15.0,July,Bicyclist Ride Out - Signalized  Intersection,2014,30.0,No,O: No Injury,Male,Pickup,Yes,35.73543692,-81.36778881,Dry,30 - 35  MPH,Stop And Go Signal,Clear,No,0,0,7
Yes,22.0,No,Facing Traffic,C: Possible Injury,Male,New Bern,Craven,No,Saturday,Motorist Failed to Yield - Sign-Controlled Intersection,13.0,August,Motorist Drive Out - Sign-Controlled Intersection,2014,33.0,No,O: No Injury,Female,Passenger Car,No,35.10052047,-77.07780812,Wet,30 - 35  MPH,Stop Sign,Rain,No,0,0,8
Yes,51.0,No,Facing Traffic,C: Possible Injury,Male,Shallotte,Brunswick,No,Thursday,Motorist Failed to Yield - Midblock,19.0,July,Motorist Drive Out - Commercial Driveway / Alley,2014,42.0,No,O: No Injury,Male,Pickup,No,33.97647705,-78.38083325,Dry,30 - 35  MPH,No Control Present,Clear,No,0,0,7
Yes,14.0,No,Not Applicable,C: Possible Injury,Male,High Point,Guilford,No,Sunday,Non-Roadway,21.0,July,Non-Roadway,2014,17.0,No,O: No Injury,Female,Passenger Car,No,35.98369698,-80.01983991,Dry,Unknown,Stop Sign,Clear,No,0,0,7
Yes,35.0,No,With Traffic,C: Possible Injury,Male,Raleigh,Wake,No,Wednesday,Bicyclist Failed to Yield - Sign-Controlled Intersection,16.0,August,Bicyclist Ride Out - Sign-Controlled Intersection,2014,25.0,No,O: No Injury,Male,Passenger Car,No,35.78710098,-78.68707891,Dry,30 - 35  MPH,Stop Sign,Clear,No,0,0,8
Yes,19.0,No,With Traffic,C: Possible Injury,Male,None - Rural Crash,Richmond,No,Friday,Bicyclist Left Turn / Merge,17.0,August,Bicyclist Left Turn - Same Direction,2014,57.0,No,O: No Injury,Female,Passenger Car,No,34.91304264,-79.79869244,Dry,40 - 45  MPH,"Double Yellow Line, No Passing Zone",Cloudy,No,0,0,8
Yes,20.0,No,Not Applicable,C: Possible Injury,Female,None - Rural Crash,Currituck,No,Saturday,Bicyclist Failed to Yield - Sign-Controlled Intersection,12.0,August,Bicyclist Ride Through - Sign-Controlled Intersection,2014,74.0,No,O: No Injury,Male,Sport Utility,No,36.32842815,-75.81744716,Dry,30 - 35  MPH,"Double Yellow Line, No Passing Zone",Clear,No,0,0,8
Yes,52.0,No,With Traffic,C: Possible Injury,Male,None - Rural Crash,Haywood,No,Saturday,Head-On,9.0,August,Head-On - Motorist,2014,17.0,No,O: No Injury,Male,Sport Utility,No,35.548817,-82.939669,Dry,40 - 45  MPH,"Double Yellow Line, No Passing Zone",Clear,No,0,0,8
Yes,8.0,No,Not Applicable,C: Possible Injury,Male,None - Rural Crash,Guilford,No,Friday,Bicyclist Failed to Yield - Midblock,18.0,August,Bicyclist Ride Out - Residential Driveway,2014,62.0,No,O: No Injury,Female,Sport Utility,No,36.13679373,-79.65647561,Dry,50 - 55  MPH,"Double Yellow Line, No Passing Zone",Clear,No,0,0,8
No,53.0,No,With Traffic,C: Possible Injury,Male,Trent Woods,Craven,No,Sunday,Motorist Overtaking Bicyclist,14.0,August,Motorist Overtaking - Other / Unknown,2014,65.0,No,O: No Injury,Male,Pickup,No,35.08725752,-77.09585914,Dry,30 - 35  MPH,No Control Present,Clear,No,0,0,8
Yes,65.0,No,Facing Traffic,C: Possible Injury,Male,Wilmington,New Hanover,No,Thursday,Motorist Failed to Yield - Signalized Intersection,11.0,July,Motorist Drive Out - Right Turn on Red,2014,60.0,No,O: No Injury,Male,Sport Utility,No,34.24361733,-77.88389245,Wet,30 - 35  MPH,Stop And Go Signal,Rain,No,0,0,7
No,16.0,No,Not Applicable,C: Possible Injury,Male,Emerald Isle,Carteret,No,Saturday,Bicyclist Failed to Yield - Midblock,13.0,July,Bicyclist Ride Out - Other Midblock,2014,61.0,No,O: No Injury,Female,Sport Utility,No,34.66151202,-77.04904003,Dry,20 - 25  MPH,Stop Sign,Clear,No,0,0,7
No,20.0,No,Facing Traffic,C: Possible Injury,Male,Kill Devil Hills,Dare,No,Wednesday,Motorist Failed to Yield - Signalized Intersection,15.0,August,Motorist Drive Out - Right Turn on Red,2014,83.0,No,O: No Injury,Female,Sport Utility,No,36.00440985,-75.65550509,Dry,40 - 45  MPH,Stop And Go Signal,Clear,No,0,0,8
No,32.52649525389365,No,Facing Traffic,Unknown Injury,Female,Cary,Wake,No,Friday,Bicyclist Failed to Yield - Signalized Intersection,8.0,July,Bicyclist Ride Through - Signalized Intersection,2014,32.0,No,O: No Injury,Female,Sport Utility,No,35.77124084,-78.78166105,Dry,30 - 35  MPH,Stop And Go Signal,Clear,No,0,1,7
No,17.0,No,With Traffic,C: Possible Injury,Male,None - Rural Crash,Mecklenburg,No,Thursday,Bicyclist Failed to Yield - Signalized Intersection,15.0,August,Bicyclist Ride Through - Signalized Intersection,2014,38.0,No,O: No Injury,Male,Pickup,No,35.24658552,-80.78795167,Dry,40 - 45  MPH,Stop And Go Signal,Clear,No,0,0,8
Yes,59.0,Unknown,With Traffic,K: Killed,Male,None - Rural Crash,Nash,No,Thursday,Motorist Overtaking Bicyclist,8.0,May,Motorist Overtaking - Other / Unknown,2014,79.0,Unknown,O: No Injury,Female,Sport Utility,No,35.82611877,-78.08492117,Dry,50 - 55  MPH,No Control Present,Clear,No,0,0,5
Yes,53.0,No,With Traffic,K: Killed,Male,None - Rural Crash,Iredell,No,Monday,Head-On,17.0,June,Head-On - Motorist,2014,38.0,No,O: No Injury,Male,Pickup,Yes,35.80299327,-80.73952178,Dry,40 - 45  MPH,"Double Yellow Line, No Passing Zone",Cloudy,No,0,0,6
Yes,26.0,No,With Traffic,C: Possible Injury,Female,None - Rural Crash,Pitt,No,Wednesday,Motorist Overtaking Bicyclist,18.0,August,Motorist Overtaking - Other / Unknown,2014,63.0,No,O: No Injury,Female,Passenger Car,No,35.70209661,-77.51630013,Dry,50 - 55  MPH,No Control Present,Clear,No,0,0,8
No,45.0,No,Unknown,B: Suspected Minor Injury,Male,None - Rural Crash,Onslow,Yes,Friday,Motorist Left Turn / Merge,22.0,July,Motorist Left Turn - Opposite Direction,2014,24.0,Yes,O: No Injury,Male,Pickup,No,34.90699799,-77.56210493,Dry,40 - 45  MPH,No Control Present,Clear,No,0,0,7
No,63.0,No,With Traffic,C: Possible Injury,Male,None - Rural Crash,Guilford,No,Wednesday,Motorist Failed to Yield - Sign-Controlled Intersection,20.0,August,Motorist Drive Through - Sign-Controlled Intersection,2014,48.0,No,O: No Injury,Male,Sport Utility,No,36.15130262,-79.72780351,Dry,40 - 45  MPH,Stop And Go Signal,Clear,No,0,0,8
Yes,16.0,No,With Traffic,A: Suspected Serious Injury,Male,High Point,Guilford,No,Thursday,Bicyclist Left Turn / Merge,15.0,August,Bicyclist Left Turn - Same Direction,2014,35.0,No,O: No Injury,Female,Sport Utility,No,35.97342626,-79.97492587,Dry,30 - 35  MPH,No Control Present,Clear,No,0,0,8
No,21.0,No,Facing Traffic,C: Possible Injury,Male,Wilmington,New Hanover,No,Tuesday,Crossing Paths - Other Circumstances,7.0,August,Sign-Controlled Intersection - Other / Unknown,2014,75.0,No,O: No Injury,Male,Passenger Car,No,34.23649348,-77.94876617,Dry,20 - 25  MPH,Stop Sign,Clear,No,0,0,8
No,37.0,No,Facing Traffic,C: Possible Injury,Male,Fayetteville,Cumberland,No,Wednesday,Motorist Failed to Yield - Midblock,14.0,July,Motorist Drive Out - Commercial Driveway / Alley,2014,59.0,No,O: No Injury,Male,Passenger Car,No,35.09023985,-78.95412752,Dry,5 - 15 MPH,No Control Present,Clear,No,0,0,7
Yes,12.0,No,With Traffic,C: Possible Injury,Male,Gastonia,Gaston,No,Friday,Bicyclist Failed to Yield - Sign-Controlled Intersection,18.0,July,Bicyclist Ride Through - Sign-Controlled Intersection,2014,25.0,No,O: No Injury,Female,Passenger Car,No,35.24876178,-81.19790717,Dry,30 - 35  MPH,Stop Sign,Clear,No,0,0,7
No,65.0,No,With Traffic,C: Possible Injury,Male,None - Rural Crash,Buncombe,No,Wednesday,Motorist Overtaking Bicyclist,13.0,August,Motorist Overtaking - Undetected Bicyclist,2014,72.0,No,O: No Injury,Male,Passenger Car,No,35.45576802,-82.73411678,Dry,30 - 35  MPH,"Double Yellow Line, No Passing Zone",Clear,No,0,0,8
Yes,51.0,No,Facing Traffic,C: Possible Injury,Male,Greenville,Pitt,No,Wednesday,Motorist Failed to Yield - Sign-Controlled Intersection,16.0,September,Motorist Drive Out - Sign-Controlled Intersection,2014,67.0,No,O: No Injury,Female,Passenger Car,No,35.58704129,-77.37228733,Dry,30 - 35  MPH,Stop Sign,Clear,No,0,0,9
Yes,61.0,No,With Traffic,C: Possible Injury,Male,Goldsboro,Wayne,No,Friday,Crossing Paths - Other Circumstances,11.0,August,Crossing Paths - Uncontrolled Intersection,2014,58.0,No,O: No Injury,Female,Sport Utility,No,35.37242362,-77.95423093,Dry,30 - 35  MPH,No Control Present,Clear,No,0,0,8
Yes,15.0,No,Unknown,C: Possible Injury,Male,Goldsboro,Wayne,No,Tuesday,Motorist Failed to Yield - Sign-Controlled Intersection,15.0,August,Motorist Drive Out - Sign-Controlled Intersection,2014,22.0,No,O: No Injury,Male,Pickup,No,35.39923488,-77.99432672,Dry,30 - 35  MPH,Stop Sign,Clear,No,0,0,8