AmbulanceR,BikeAge,BikeAlcFlg,BikeDir,BikeInjury,BikeSex,City,County,CrashAlcoh,CrashDay,CrashGrp,CrashHour,CrashMonth,CrashType,CrashYear,DrvrAge,DrvrAlcFlg,DrvrInjury,DrvrSex,DrvrVehTyp,HitRun,Latitude,Longitude,RdConditio,SpeedLimit,TraffCntrl,Weather,Workzone,DrvrAgeImputedFlag,BikeAgeImputedFlag,MonthCode
Yes,23.0,No,With Traffic,C: Possible Injury,Male,Raleigh,Wake,No,Wednesday,Motorist Failed to Yield - Sign-Controlled Intersection,17.0,August,Motorist Drive Out - Sign-Controlled Intersection,2014,42.03850604944766,Missing,Unknown Injury,Unknown,Passenger Car,Yes,35.8268238,-78.60491758,Dry,20 - 25  MPH,Stop Sign,Clear,No,1,0,8
Yes,51.0,No,With Traffic,K: Killed,Male,Greensboro,Guilford,No,Thursday,Motorist Left Turn / Merge,6.0,September,Motorist Left Turn - Opposite Direction,2014,67.0,No,C: Possible Injury,Male,Passenger Car,No,36.0995069,-79.79881388,Dry,20 - 25  MPH,Stop Sign,Cloudy,No,0,0,9
Yes,7.0,No,Not Applicable,C: Possible Injury,Male,Durham,Durham,No,Sunday,Bicyclist Failed to Yield - Midblock,15.0,September,Bicyclist Ride Out - Other Midblock,2014,55.0,No,O: No Injury,Male,Passenger Car,No,35.99135849,-78.8922087,Dry,30 - 35  MPH,No Control Present,Clear,No,0,0,9
No,44.0,No,With Traffic,O: No Injury,Male,Hickory,Catawba,No,Tuesday,Motorist Failed to Yield - Sign-Controlled Intersection,6.0,July,Motorist Drive Out - Sign-Controlled Intersection,2014,66.0,No,O: No Injury,Male,Passenger Car,No,35.74741544,-81.36401385,Wet,30 - 35  MPH,Yield Sign,Cloudy,No,0,0,7
Yes,29.0,No,With Traffic,C: Possible Injury,Male,Raleigh,Wake,No,Monday,Motorist Left Turn / Merge,19.0,August,Motorist Left Turn - Opposite Direction,2014,23.0,No,O: No Injury,Female,Passenger Car,No,35.78506154,-78.65995346,Wet,30 - 35  MPH,No Control Present,Rain,No,0,0,8
Yes,23.0,No,With Traffic,C: Possible Injury,Male,None - Rural Crash,Montgomery,No,Tuesday,Motorist Overtaking Bicyclist,22.0,September,Motorist Overtaking - Bicyclist Swerved,2014,18.0,No,O: No Injury,Female,Passenger Car,No,35.30988155,-79.75686039,Wet,50 - 55  MPH,No Control Present,"Fog, Smog, Smoke",No,0,0,9
Yes,20.0,No,With Traffic,C: Possible Injury,Male,Durham,Durham,No,Monday,Motorist Failed to Yield - Midblock,20.0,September,Motorist Drive Out - Commercial Driveway / Alley,2014,23.0,No,O: No Injury,Female,Sport Utility,No,36.00631994,-78.92991634,Wet,5 - 15 MPH,Stop Sign,Rain,No,0,0,9
No,34.0,No,With Traffic,C: Possible Injury,Female,High Point,Guilford,No,Friday,Motorist Right Turn / Merge,11.0,August,Motorist Right Turn - Same Direction,2014,75.0,No,O: No Injury,Female,Passenger Car,No,36.06494032,-80.00767221,Dry,40 - 45  MPH,Stop Sign,Cloudy,No,0,0,8
Yes,24.0,No,Facing Traffic,C: Possible Injury,Female,None - Rural Crash,New Hanover,No,Thursday,Motorist Failed to Yield - Midblock,19.0,September,Motorist Drive Out - Commercial Driveway / Alley,2014,35.0,No,O: No Injury,Male,Pickup,No,34.10916156,-77.90022528,Dry,40 - 45  MPH,No Control Present,Clear,No,0,0,9
No,17.0,No,Not Applicable,C: Possible Injury,Male,Gastonia,Gaston,No,Thursday,Non-Roadway,5.0,July,Non-Roadway,2014,35.0,No,O: No Injury,Male,Passenger Car,No,35.25978989,-81.1245782,Dry,5 - 15 MPH,Stop Sign,Clear,No,0,0,7
Yes,33.0,Yes,With Traffic,C: Possible Injury,Male,Wilmington,New Hanover,Yes,Saturday,Bicyclist Failed to Yield - Signalized Intersection,19.0,July,Bicyclist Ride Through - Signalized Intersection,2014,40.0,No,O: No Injury,Male,Passenger Car,No,34.2287158,-77.93583942,Dry,20 - 25  MPH,Stop And Go Signal,Clear,No,0,0,7
Yes,23.0,No,Facing Traffic,C: Possible Injury,Male,Cary,Wake,No,Friday,Motorist Failed to Yield - Signalized Intersection,12.0,July,Motorist Drive Out - Signalized Intersection,2014,42.03850604944766,Missing,Unknown Injury,Unknown,Unknown,Yes,35.77125246,-78.78523026,Dry,5 - 15 MPH,Stop And Go Signal,Clear,No,1,0,7
Yes,22.0,No,With Traffic,C: Possible Injury,Male,Concord,Cabarrus,No,Saturday,Head-On,16.0,July,Head-On - Motorist,2014,42.03850604944766,Unknown,Unknown Injury,Unknown,Unknown,Yes,35.3921651,-80.5994917,Dry,30 - 35  MPH,No Control Present,Clear,No,1,0,7
Yes,13.0,No,With Traffic,C: Possible Injury,Male,Durham,Durham,No,Monday,Bicyclist Failed to Yield - Signalized Intersection,16.0,September,Bicyclist Ride Out - Signalized  Intersection,2014,36.0,No,O: No Injury,Female,Passenger Car,No,36.0054072,-78.90561053,Wet,30 - 35  MPH,Stop And Go Signal,Rain,No,0,0,9
No,29.0,No,With Traffic,O: No Injury,Male,Raleigh,Wake,No,Friday,Motorist Left Turn / Merge,18.0,September,Motorist Left Turn - Opposite Direction,2014,58.0,No,O: No Injury,Female,Passenger Car,No,35.77864349,-78.65047598,Dry,20 - 25  MPH,No Control Present,Clear,No,0,0,9
No,56.0,No,Facing Traffic,C: Possible Injury,Male,Wilmington,New Hanover,No,Monday,Bicyclist Failed to Yield - Signalized Intersection,17.0,August,Bicyclist Ride Through - Signalized Intersection,2014,40.0,No,O: No Injury,Male,Passenger Car,No,34.17579116,-77.89140152,Dry,40 - 45  MPH,Stop And Go Signal,Clear,Yes,0,0,8
No,32.0,Yes,Facing Traffic,O: No Injury,Male,Fayetteville,Cumberland,Yes,Saturday,Bicyclist Right Turn / Merge,23.0,August,Bicyclist Right Turn - Opposite Direction,2014,42.03850604944766,Missing,Unknown Injury,Unknown,Unknown,Yes,35.0261184,-78.96098458,Dry,40 - 45  MPH,No Control Present,Cloudy,No,1,0,8
Yes,49.0,No,With Traffic,C: Possible Injury,Female,None - Rural Crash,Brunswick,No,Wednesday,Motorist Overtaking Bicyclist,14.0,September,Motorist Overtaking - Bicyclist Swerved,2014,42.0,No,O: No Injury,Female,Sport Utility,No,34.04874839,-78.17373412,Dry,50 - 55  MPH,"Double Yellow Line, No Passing Zone",Clear,No,0,0,9
Yes,29.0,No,With Traffic,C: Possible Injury,Male,Greenville,Pitt,No,Thursday,Motorist Overtaking Bicyclist,13.0,September,Motorist Overtaking - Misjudged Space,2014,25.0,No,O: No Injury,Female,Pickup,No,35.61818744,-77.41248941,Dry,40 - 45  MPH,No Control Present,Cloudy,No,0,0,9
No,53.0,No,With Traffic,Unknown Injury,Male,High Point,Guilford,No,Thursday,Motorist Overtaking Bicyclist,11.0,August,Motorist Overtaking - Misjudged Space,2014,42.03850604944766,Missing,Unknown Injury,Unknown,Unknown,Yes,35.93840019,-80.0281636,Dry,30 - 35  MPH,No Control Present,Clear,No,1,0,8
Yes,17.0,No,With Traffic,Unknown Injury,Male,Cary,Wake,No,Thursday,Motorist Overtaking Bicyclist,21.0,July,Motorist Overtaking - Other / Unknown,2014,42.03850604944766,Missing,Unknown Injury,Unknown,Unknown,Yes,35.79624419,-78.7830334,Dry,40 - 45  MPH,No Control Present,Clear,No,1,0,7
No,37.0,No,With Traffic,C: Possible Injury,Male,Jacksonville,Onslow,No,Thursday,Motorist Failed to Yield - Sign-Controlled Intersection,7.0,August,Motorist Drive Out - Sign-Controlled Intersection,2014,58.0,No,O: No Injury,Female,"Single Unit Truck (2-Axle, 6-Tire)",No,34.79826404,-77.43859371,Dry,Unknown,No Control Present,Clear,No,0,0,8
No,29.0,No,With Traffic,Unknown Injury,Male,Fayetteville,Cumberland,No,Thursday,Motorist Overtaking Bicyclist,20.0,August,Motorist Overtaking - Misjudged Space,2014,42.0,No,O: No Injury,Female,Pickup,No,35.04348977,-79.04735487,Dry,40 - 45  MPH,No Control Present,Clear,No,0,0,8
Yes,15.0,No,Not Applicable,C: Possible Injury,Male,Whiteville,Columbus,No,Saturday,Non-Roadway,17.0,July,Non-Roadway,2014,28.0,Unknown,O: No Injury,Male,Sport Utility,Yes,34.31437761,-78.70811154,Dry,40 - 45  MPH,No Control Present,Clear,No,0,0,7
Yes,20.0,No,With Traffic,C: Possible Injury,Male,Charlotte,Mecklenburg,No,Wednesday,Motorist Overtaking Bicyclist,23.0,September,Motorist Overtaking - Other / Unknown,2014,42.03850604944766,Missing,Unknown Injury,Unknown,Unknown,Yes,35.3297634,-80.84332996,Dry,40 - 45  MPH,No Control Present,Clear,No,1,0,9
Yes,41.0,No,Facing Traffic,C: Possible Injury,Male,Fayetteville,Cumberland,No,Sunday,Motorist Failed to Yield - Sign-Controlled Intersection,14.0,August,Motorist Drive Out - Sign-Controlled Intersection,2014,59.0,No,O: No Injury,Female,Sport Utility,No,35.08784937,-78.87919905,Dry,30 - 35  MPH,Stop Sign,Cloudy,No,0,0,8
Yes,28.0,Yes,Facing Traffic,C: Possible Injury,Male,Wilmington,New Hanover,Yes,Monday,Motorist Failed to Yield - Sign-Controlled Intersection,15.0,August,Motorist Drive Out - Sign-Controlled Intersection,2014,42.0,No,O: No Injury,Female,Sport Utility,No,34.23544108,-77.87315347,Dry,5 - 15 MPH,Stop Sign,Cloudy,No,0,0,8
Yes,12.0,No,Facing Traffic,O: No Injury,Male,None - Rural Crash,Carteret,No,Sunday,Head-On,15.0,August,Head-On - Bicyclist,2014,67.0,No,O: No Injury,Female,Passenger Car,No,34.77686551,-76.88473382,Dry,40 - 45  MPH,"Double Yellow Line, No Passing Zone",Clear,No,0,0,8
Yes,30.0,No,With Traffic,C: Possible Injury,Male,Raleigh,Wake,No,Friday,Motorist Right Turn / Merge,20.0,September,Motorist Right Turn - Same Direction,2014,37.0,No,O: No Injury,Male,Passenger Car,No,35.78630744,-78.64730321,Dry,30 - 35  MPH,Stop And Go Signal,Clear,No,0,0,9
No,51.0,No,Facing Traffic,Unknown Injury,Male,Gastonia,Gaston,No,Thursday,Motorist Failed to Yield - Midblock,14.0,September,Motorist Drive Out - Commercial Driveway / Alley,2014,42.03850604944766,Missing,Unknown Injury,Unknown,Pickup,Yes,35.23857713,-81.19465572,Dry,5 - 15 MPH,No Control Present,Cloudy,No,1,0,9
No,64.0,No,With Traffic,C: Possible Injury,Female,None - Rural Crash,Robeson,No,Sunday,Motorist Overtaking Bicyclist,14.0,July,Motorist Overtaking - Other / Unknown,2014,21.0,No,O: No Injury,Male,Passenger Car,No,34.61899207,-79.13756713,Dry,50 - 55  MPH,"Double Yellow Line, No Passing Zone",Clear,No,0,0,7
Yes,16.0,No,With Traffic,C: Possible Injury,Male,Greenville,Pitt,No,Monday,Motorist Overtaking Bicyclist,19.0,September,Motorist Overtaking - Other / Unknown,2014,42.03850604944766,Missing,Unknown Injury,Unknown,Unknown,Yes,35.57520503,-77.40910543,Wet,30 - 35  MPH,No Control Present,Rain,No,1,0,9
Yes,52.0,No,With Traffic,C: Possible Injury,Male,Kitty Hawk,Dare,No,Thursday,Motorist Left Turn / Merge,5.0,August,Motorist Left Turn - Opposite Direction,2014,57.0,No,O: No Injury,Female,Sport Utility,No,36.10002251,-75.71205801,Dry,30 - 35  MPH,No Control Present,Clear,No,0,0,8
Yes,20.0,No,Not Applicable,C: Possible Injury,Male,Raleigh,Wake,No,Tuesday,Bicyclist Failed to Yield - Midblock,7.0,September,Bicyclist Ride Out - Other Midblock,2014,46.0,No,O: No Injury,Female,Sport Utility,No,35.75922173,-78.560788,Dry,40 - 45  MPH,Stop And Go Signal,Clear,No,0,0,9
No,13.0,No,Facing Traffic,O: No Injury,Male,Durham,Durham,No,Monday,Motorist Failed to Yield - Sign-Controlled Intersection,17.0,September,Motorist Drive Out - Sign-Controlled Intersection,2014,53.0,No,O: No Injury,Female,Passenger Car,No,35.97225078,-78.90102257,Dry,30 - 35  MPH,Stop Sign,Cloudy,No,0,0,9
Yes,9.0,No,Not Applicable,C: Possible Injury,Male,Charlotte,Mecklenburg,No,Tuesday,Motorist Left Turn / Merge,19.0,September,Motorist Left Turn - Opposite Direction,2014,77.0,No,O: No Injury,Female,Passenger Car,No,35.21358303,-80.88092519,Dry,20 - 25  MPH,No Control Present,Cloudy,No,0,0,9
Yes,38.0,No,With Traffic,K: Killed,Male,Laurinburg,Scotland,Yes,Thursday,Motorist Overtaking Bicyclist,22.0,July,Motorist Overtaking - Undetected Bicyclist,2014,22.0,Yes,O: No Injury,Male,Passenger Car,No,34.74851456,-79.49664989,Dry,40 - 45  MPH,No Control Present,Clear,No,0,0,7
Yes,13.0,No,With Traffic,C: Possible Injury,Male,Raleigh,Wake,No,Thursday,Loss of Control / Turning Error,19.0,September,Bicyclist Lost Control - Mechanical Problems,2014,77.0,No,O: No Injury,Male,Pickup,No,35.76827288,-78.6029274,Dry,30 - 35  MPH,Stop Sign,Clear,No,0,0,9
No,23.0,No,Facing Traffic,O: No Injury,Male,None - Rural Crash,Transylvania,No,Sunday,Head-On,9.0,June,Head-On - Bicyclist,2014,57.0,No,O: No Injury,Male,Pickup,No,35.318555,-82.587704,Dry,30 - 35  MPH,No Control Present,Clear,No,0,0,6
No,40.0,No,With Traffic,O: No Injury,Male,King,Forsyth,No,Sunday,Motorist Left Turn / Merge,17.0,August,Motorist Left Turn - Opposite Direction,2014,74.0,No,O: No Injury,Female,Passenger Car,No,36.25819244,-80.3663427,Dry,30 - 35  MPH,Stop And Go Signal,Cloudy,No,0,0,8
Yes,9.0,No,Not Applicable,C: Possible Injury,Female,Durham,Durham,No,Thursday,Bicyclist Failed to Yield - Midblock,18.0,September,Bicyclist Ride Out - Midblock - Unknown,2014,41.0,No,O: No Injury,Female,Passenger Car,No,35.99662013,-78.87679495,Dry,20 - 25  MPH,No Control Present,Clear,No,0,0,9
Yes,39.0,No,Facing Traffic,C: Possible Injury,Male,Charlotte,Mecklenburg,No,Wednesday,Motorist Failed to Yield - Midblock,15.0,August,Motorist Drive Out - Commercial Driveway / Alley,2014,33.0,No,O: No Injury,Male,Sport Utility,No,35.25016098,-80.79045288,Dry,5 - 15 MPH,No Control Present,Clear,No,0,0,8
Yes,55.0,No,With Traffic,C: Possible Injury,Male,None - Rural Crash,Dare,No,Tuesday,Bicyclist Left Turn / Merge,20.0,September,Bicyclist Left Turn - Same Direction,2014,60.0,No,O: No Injury,Male,Passenger Car,No,35.22519778,-75.64301293,Dry,50 - 55  MPH,No Control Present,Clear,No,0,0,9
Yes,58.0,No,Facing Traffic,C: Possible Injury,Male,Greenville,Pitt,No,Monday,Motorist Failed to Yield - Sign-Controlled Intersection,11.0,September,Motorist Drive Out - Sign-Controlled Intersection,2014,22.0,No,O: No Injury,Male,Sport Utility,No,35.59041591,-77.36791999,Dry,40 - 45  MPH,No Control Present,Clear,No,0,0,9
Yes,39.0,No,With Traffic,C: Possible Injury,Male,Hendersonville,Henderson,No,Tuesday,Motorist Left Turn / Merge,17.0,September,Motorist Left Turn - Opposite Direction,2014,26.0,No,O: No Injury,Male,Passenger Car,No,35.3127076,-82.45707975,Dry,20 - 25  MPH,No Control Present,Cloudy,No,0,0,9
Yes,17.0,No,Facing Traffic,C: Possible Injury,Male,Asheboro,Randolph,No,Friday,Motorist Left Turn / Merge,19.0,August,Motorist Left Turn - Same Direction,2014,42.03850604944766,Missing,Unknown Injury,Unknown,Unknown,Yes,35.69914376,-79.81665413,Dry,30 - 35  MPH,Yield Sign,Clear,No,1,0,8
No,12.0,No,Not Applicable,O: No Injury,Male,Lenoir,Caldwell,No,Saturday,Non-Roadway,17.0,September,Non-Roadway,2014,42.03850604944766,Missing,Unknown Injury,Unknown,Sport Utility,No,35.91833931,-81.52893642,Dry,5 - 15 MPH,No Control Present,Clear,No,1,0,9
No,55.0,No,Facing Traffic,O: No Injury,Male,Fayetteville,Cumberland,No,Saturday,Loss of Control / Turning Error,10.0,May,"Motorist Lost Control - Oversteering, Improper Braking, Speed",2014,39.0,No,O: No Injury,Female,Pickup,No,35.07699951,-78.93653699,Dry,40 - 45  MPH,Stop And Go Signal,Clear,No,0,0,5
Yes,54.0,No,Facing Traffic,C: Possible Injury,Male,Hickory,Catawba,No,Tuesday,Motorist Failed to Yield - Midblock,12.0,August,Motorist Drive Out - Commercial Driveway / Alley,2014,23.0,No,O: No Injury,Female,Sport Utility,No,35.729573,-81.33324071,Dry,Unknown,No Control Present,Clear,No,0,0,8
No,43.0,No,With Traffic,C: Possible Injury,Male,Monroe,Union,No,Saturday,Bicyclist Overtaking Motorist,21.0,August,Bicyclist Overtaking - Parked Vehicle,2014,34.0,No,O: No Injury,Male,Police,No,35.01032459,-80.56391398,Dry,40 - 45  MPH,No Control Present,Clear,No,0,0,8
Yes,44.0,No,Facing Traffic,C: Possible Injury,Female,None - Rural Crash,Wake,No,Sunday,Motorist Failed to Yield - Sign-Controlled Intersection,13.0,August,Motorist Drive Through - Sign-Controlled Intersection,2014,18.0,No,O: No Injury,Male,Passenger Car,No,35.92165408,-78.59101208,Dry,30 - 35  MPH,Stop Sign,Clear,No,0,0,8
Yes,26.0,No,With Traffic,C: Possible Injury,Female,Wilmington,New Hanover,No,Tuesday,Motorist Failed to Yield - Sign-Controlled Intersection,18.0,September,Motorist Drive Out - Sign-Controlled Intersection,2014,20.0,No,O: No Injury,Female,Passenger Car,No,34.23097779,-77.89215629,Dry,30 - 35  MPH,Stop Sign,Clear,No,0,0,9
Yes,10.0,No,With Traffic,C: Possible Injury,Male,Black Mountain,Buncombe,No,Thursday,Bicyclist Failed to Yield - Sign-Controlled Intersection,17.0,September,Bicyclist Ride Through - Sign-Controlled Intersection,2014,20.0,No,O: No Injury,Female,Passenger Car,No,35.62102484,-82.32369146,Dry,20 - 25  MPH,Stop Sign,Clear,No,0,0,9
No,14.0,No,Facing Traffic,O: No Injury,Male,Raleigh,Wake,No,Thursday,Head-On,19.0,September,Head-On - Bicyclist,2014,33.0,No,O: No Injury,Female,Passenger Car,No,35.75170081,-78.56646395,Dry,20 - 25  MPH,No Control Present,Cloudy,No,0,0,9
No,32.52649525389365,Unknown,With Traffic,Unknown Injury,Unknown,Asheville,Buncombe,No,Saturday,Bicyclist Left Turn / Merge,11.0,August,Bicyclist Left Turn - Opposite Direction,2014,31.0,No,O: No Injury,Female,Passenger Car,No,35.57055748,-82.57947738,Dry,30 - 35  MPH,No Control Present,Clear,No,0,1,8
No,17.0,No,Facing Traffic,O: No Injury,Male,Jacksonville,Onslow,No,Wednesday,Motorist Failed to Yield - Signalized Intersection,9.0,September,Motorist Drive Out - Right Turn on Red,2014,31.0,No,O: No Injury,Female,Passenger Car,No,34.74724462,-77.37946099,Dry,30 - 35  MPH,Stop And Go Signal,Clear,No,0,0,9
Yes,49.0,No,Facing Traffic,C: Possible Injury,Male,None - Rural Crash,Cumberland,No,Monday,Motorist Failed to Yield - Signalized Intersection,10.0,September,Motorist Drive Out - Signalized Intersection,2014,68.0,No,O: No Injury,Female,Passenger Car,No,35.03484684,-78.9855371,Dry,40 - 45  MPH,Stop And Go Signal,Cloudy,No,0,0,9
Yes,19.0,No,With Traffic,A: Suspected Serious Injury,Male,None - Rural Crash,Pasquotank,No,Friday,Motorist Overtaking Bicyclist,23.0,September,Motorist Overtaking - Bicyclist Swerved,2014,37.0,No,O: No Injury,Male,Pickup,No,36.40260782,-76.32541711,Dry,50 - 55  MPH,No Control Present,Clear,No,0,0,9
Yes,56.0,No,With Traffic,C: Possible Injury,Male,Raleigh,Wake,No,Saturday,Loss of Control / Turning Error,14.0,September,Bicyclist Turning Error - Other,2014,23.0,No,O: No Injury,Female,Passenger Car,No,35.78921484,-78.65924505,Dry,20 - 25  MPH,No Control Present,Clear,No,0,0,9
Yes,36.0,No,With Traffic,A: Suspected Serious Injury,Female,Wilmington,New Hanover,No,Friday,Bicyclist Failed to Yield - Signalized Intersection,16.0,August,Bicyclist Failed to Clear - Unknown,2014,45.0,No,O: No Injury,Male,"Single Unit Truck (2-Axle, 6-Tire)",No,34.22618193,-77.93558445,Dry,30 - 35  MPH,Stop And Go Signal,Clear,No,0,0,8
No,19.0,No,Facing Traffic,C: Possible Injury,Female,Wilmington,New Hanover,No,Thursday,Motorist Failed to Yield - Sign-Controlled Intersection,22.0,August,Motorist Drive Out - Sign-Controlled Intersection,2014,57.0,No,O: No Injury,Male,Van,No,34.23095425,-77.87122074,Dry,5 - 15 MPH,Stop Sign,Clear,No,0,0,8
Yes,29.0,No,With Traffic,C: Possible Injury,Male,None - Rural Crash,New Hanover,No,Saturday,Motorist Overtaking Bicyclist,20.0,September,Motorist Overtaking - Other / Unknown,2014,47.0,No,O: No Injury,Male,Passenger Car,No,34.15733313,-77.91023898,Dry,40 - 45  MPH,No Control Present,Clear,No,0,0,9
No,8.0,No,Not Applicable,O: No Injury,Male,Fayetteville,Cumberland,No,Sunday,Loss of Control / Turning Error,16.0,August,Motorist Lost Control - Other / Unknown,2014,42.03850604944766,Missing,Unknown Injury,Unknown,Unknown,Yes,35.08991098,-78.91299689,Dry,20 - 25  MPH,No Control Present,Clear,No,1,0,8
Yes,63.0,No,With Traffic,K: Killed,Male,None - Rural Crash,Halifax,No,Friday,Motorist Overtaking Bicyclist,21.0,September,Motorist Overtaking - Other / Unknown,2014,25.0,No,O: No Injury,Male,Passenger Car,No,36.12262293,-77.39663478,Dry,50 - 55  MPH,No Control Present,Clear,No,0,0,9
No,12.0,No,With Traffic,O: No Injury,Female,Durham,Durham,No,Sunday,Loss of Control / Turning Error,18.0,September,Bicyclist Lost Control - Other / Unknown,2014,42.03850604944766,Missing,Unknown Injury,Unknown,Passenger Car,No,35.98992313,-78.88937464,Dry,20 - 25  MPH,Stop Sign,Clear,No,1,0,9
Yes,22.0,No,Not Applicable,C: Possible Injury,Male,Kinston,Lenoir,No,Wednesday,Bicyclist Failed to Yield - Signalized Intersection,16.0,October,Bicyclist Ride Out - Signalized  Intersection,2014,33.0,No,O: No Injury,Female,Passenger Car,No,35.26869172,-77.58287818,Dry,30 - 35  MPH,Stop And Go Signal,Clear,No,0,0,10
Yes,60.0,No,Facing Traffic,C: Possible Injury,Female,Greenville,Pitt,No,Thursday,Motorist Failed to Yield - Sign-Controlled Intersection,18.0,September,Motorist Drive Out - Sign-Controlled Intersection,2014,75.0,No,O: No Injury,Female,Passenger Car,No,35.5684963,-77.35671633,Dry,20 - 25  MPH,Stop Sign,Clear,No,0,0,9
Yes,16.0,No,Facing Traffic,C: Possible Injury,Male,Greensboro,Guilford,No,Monday,Motorist Failed to Yield - Sign-Controlled Intersection,14.0,September,Motorist Drive Out - Sign-Controlled Intersection,2014,30.0,No,O: No Injury,Female,Passenger Car,No,36.10836198,-79.80761498,Wet,20 - 25  MPH,Stop Sign,Rain,No,0,0,9
No,33.0,No,Not Applicable,O: No Injury,Male,Statesville,Iredell,No,Monday,Non-Roadway,11.0,September,Non-Roadway,2014,27.0,No,O: No Injury,Female,Passenger Car,No,35.78738028,-80.88604375,Dry,5 - 15 MPH,Other,Clear,No,0,0,9
Yes,50.0,No,With Traffic,C: Possible Injury,Male,Durham,Durham,No,Thursday,Bicyclist Overtaking Motorist,15.0,October,Bicyclist Overtaking - Parked Vehicle,2014,58.0,Missing,O: No Injury,Female,Passenger Car,No,36.03060921,-78.87784076,Dry,20 - 25  MPH,No Control Present,Clear,No,0,0,10
Yes,72.0,No,Facing Traffic,C: Possible Injury,Male,Greensboro,Guilford,No,Friday,Motorist Left Turn / Merge,11.0,September,Motorist Left Turn - Same Direction,2014,76.0,No,O: No Injury,Male,Passenger Car,No,36.13815418,-79.84729789,Wet,30 - 35  MPH,Stop And Go Signal,Cloudy,Yes,0,0,9
Yes,58.0,Yes,With Traffic,C: Possible Injury,Male,Rocky Mount,Edgecombe,Yes,Saturday,Motorist Overtaking Bicyclist,17.0,October,Motorist Overtaking - Bicyclist Swerved,2014,50.0,No,O: No Injury,Male,Pickup,No,35.99070395,-77.75654463,Dry,40 - 45  MPH,No Control Present,Clear,No,0,0,10
Yes,38.0,Yes,With Traffic,K: Killed,Male,Wilmington,New Hanover,Yes,Saturday,Motorist Overtaking Bicyclist,23.0,August,Motorist Overtaking - Undetected Bicyclist,2014,47.0,No,O: No Injury,Male,Taxicab,No,34.20928703,-77.84497431,Dry,40 - 45  MPH,No Control Present,Clear,No,0,0,8
Yes,51.0,Yes,Not Applicable,C: Possible Injury,Male,Raleigh,Wake,Yes,Tuesday,Non-Roadway,20.0,September,Non-Roadway,2014,50.0,No,O: No Injury,Female,Passenger Car,No,35.86991363,-78.581901,Dry,5 - 15 MPH,No Control Present,Clear,No,0,0,9
No,62.0,No,With Traffic,O: No Injury,Male,None - Rural Crash,Halifax,No,Saturday,Motorist Overtaking Bicyclist,19.0,October,Motorist Overtaking - Undetected Bicyclist,2014,48.0,No,O: No Injury,Male,Passenger Car,No,36.34777497,-77.67313193,Dry,50 - 55  MPH,No Control Present,Clear,No,0,0,10
No,34.0,No,Not Applicable,C: Possible Injury,Male,Henderson,Vance,No,Saturday,Bicyclist Failed to Yield - Signalized Intersection,19.0,September,Bicyclist Ride Through - Signalized Intersection,2014,34.0,No,O: No Injury,Male,Passenger Car,No,36.33314694,-78.43586278,Dry,30 - 35  MPH,No Control Present,Clear,No,0,0,9
Yes,31.0,No,Facing Traffic,C: Possible Injury,Male,Raleigh,Wake,No,Friday,Motorist Failed to Yield - Sign-Controlled Intersection,17.0,October,Motorist Drive Out - Sign-Controlled Intersection,2014,33.0,No,O: No Injury,Female,Passenger Car,No,35.85778344,-78.66621194,Dry,20 - 25  MPH,Stop Sign,Cloudy,No,0,0,10
Yes,50.0,Yes,With Traffic,C: Possible Injury,Male,None - Rural Crash,Rockingham,Yes,Friday,Motorist Overtaking Bicyclist,22.0,September,Motorist Overtaking - Other / Unknown,2014,42.03850604944766,Unknown,Unknown Injury,Unknown,Unknown,Yes,36.52983269,-79.79656573,Dry,40 - 45  MPH,"Double Yellow Line, No Passing Zone",Clear,No,1,0,9
Yes,59.0,Yes,Facing Traffic,A: Suspected Serious Injury,Male,None - Rural Crash,Onslow,Yes,Monday,Head-On,17.0,October,Head-On - Bicyclist,2014,32.0,No,O: No Injury,Female,Van,No,34.74204368,-77.6372855,Dry,50 - 55  MPH,No Control Present,Clear,No,0,0,10
Yes,29.0,No,Facing Traffic,C: Possible Injury,Female,Asheville,Buncombe,No,Sunday,Motorist Failed to Yield - Midblock,12.0,September,Motorist Drive Out - Commercial Driveway / Alley,2014,68.0,No,O: No Injury,Male,Motorcycle,No,35.62174945,-82.55443875,Dry,5 - 15 MPH,No Control Present,Clear,No,0,0,9
Yes,21.0,No,Facing Traffic,C: Possible Injury,Male,Red Springs,Robeson,No,Wednesday,Motorist Left Turn / Merge,20.0,October,Motorist Left Turn - Same Direction,2014,83.0,No,O: No Injury,Male,Passenger Car,No,34.82098693,-79.19044829,Dry,30 - 35  MPH,No Control Present,Clear,No,0,0,10
No,46.0,No,Facing Traffic,C: Possible Injury,Male,Lumberton,Robeson,No,Thursday,Motorist Left Turn / Merge,17.0,September,Motorist Left Turn - Same Direction,2014,37.0,No,O: No Injury,Male,Tractor/Semi-Trailer,No,34.63058619,-79.06483161,Dry,40 - 45  MPH,No Control Present,Clear,No,0,0,9
Yes,15.0,No,Facing Traffic,O: No Injury,Male,Kill Devil Hills,Dare,No,Monday,Motorist Failed to Yield - Sign-Controlled Intersection,7.0,September,Motorist Drive Out - Sign-Controlled Intersection,2014,37.0,No,O: No Injury,Male,Sport Utility,No,35.99584451,-75.65046783,Dry,20 - 25  MPH,Stop Sign,Clear,No,0,0,9