AmbulanceR,BikeAge,BikeAlcFlg,BikeDir,BikeInjury,BikeSex,City,County,CrashAlcoh,CrashDay,CrashGrp,CrashHour,CrashMonth,CrashType,CrashYear,DrvrAge,DrvrAlcFlg,DrvrInjury,DrvrSex,DrvrVehTyp,HitRun,Latitude,Longitude,RdConditio,SpeedLimit,TraffCntrl,Weather,Workzone,DrvrAgeImputedFlag,BikeAgeImputedFlag,MonthCode
No,13.0,No,Not Applicable,O: No Injury,Male,Cary,Wake,No,Thursday,Bicyclist Failed to Yield - Midblock,17.0,September,Bicyclist Ride Out - Midblock - Unknown,2014,52.0,No,O: No Injury,Male,Passenger Car,No,35.78797446,-78.86963317,Dry,40 - 45  MPH,Stop And Go Signal,Clear,No,0,0,9
Yes,47.0,No,With Traffic,O: No Injury,Male,Raleigh,Wake,No,Thursday,Motorist Left Turn / Merge,7.0,October,Motorist Left Turn - Opposite Direction,2014,56.0,No,O: No Injury,Male,Sport Utility,No,35.78988273,-78.67738987,Dry,30 - 35  MPH,No Control Present,Clear,No,0,0,10
Yes,52.0,No,Facing Traffic,C: Possible Injury,Male,Wilmington,New Hanover,No,Monday,Motorist Failed to Yield - Midblock,13.0,September,Motorist Drive Out - Commercial Driveway / Alley,2014,27.0,No,O: No Injury,Male,Passenger Car,No,34.19541011,-77.93677065,Dry,20 - 25  MPH,Stop Sign,Cloudy,No,0,0,9
Yes,56.0,Yes,Not Applicable,C: Possible Injury,Male,None - Rural Crash,Martin,Yes,Saturday,Bicyclist Failed to Yield - Midblock,21.0,September,Bicyclist Ride Out - Other Midblock,2014,25.0,No,O: No Injury,Female,Passenger Car,No,35.8395216,-77.04923203,Dry,50 - 55  MPH,No Control Present,Clear,No,0,0,9
Yes,18.0,No,With Traffic,C: Possible Injury,Male,Asheville,Buncombe,No,Monday,Motorist Failed to Yield - Sign-Controlled Intersection,15.0,September,Motorist Drive Out - Sign-Controlled Intersection,2014,22.0,No,O: No Injury,Male,Passenger Car,No,35.62042017,-82.56012682,Wet,20 - 25  MPH,Stop Sign,Cloudy,No,0,0,9
Yes,36.0,Yes,With Traffic,K: Killed,Male,None - Rural Crash,Currituck,Yes,Thursday,Bicyclist Failed to Yield - Sign-Controlled Intersection,20.0,October,Bicyclist Ride Through - Sign-Controlled Intersection,2014,72.0,Unknown,O: No Injury,Male,Passenger Car,No,36.53113955,-76.18406798,Dry,30 - 35  MPH,Stop Sign,Clear,No,0,0,10
No,19.0,No,Facing Traffic,C: Possible Injury,Male,Asheville,Buncombe,No,Friday,Loss of Control / Turning Error,16.0,September,Motorist Turning Error - Other,2014,45.0,No,O: No Injury,Female,Passenger Car,No,35.58970819,-82.54986892,Dry,40 - 45  MPH,Stop Sign,Clear,No,0,0,9
Yes,58.0,No,Facing Traffic,C: Possible Injury,Male,Rocky Mount,Edgecombe,No,Tuesday,Motorist Failed to Yield - Sign-Controlled Intersection,14.0,October,Motorist Drive Out - Sign-Controlled Intersection,2014,42.03850604944766,Missing,Unknown Injury,Unknown,Passenger Car,Yes,35.94205832,-77.77547812,Dry,30 - 35  MPH,Stop Sign,Clear,No,1,0,10
No,47.0,No,With Traffic,C: Possible Injury,Male,Monroe,Union,No,Wednesday,Motorist Failed to Yield - Sign-Controlled Intersection,17.0,October,Motorist Drive Out - Sign-Controlled Intersection,2014,70.0,No,O: No Injury,Male,Passenger Car,No,34.99871612,-80.55403067,Dry,30 - 35  MPH,Stop Sign,Clear,No,0,0,10
No,46.0,No,With Traffic,C: Possible Injury,Female,Morrisville,Wake,No,Tuesday,Motorist Failed to Yield - Midblock,17.0,October,Motorist Drive Out - Commercial Driveway / Alley,2014,49.0,No,O: No Injury,Female,Sport Utility,No,35.82273382,-78.84725319,Dry,5 - 15 MPH,Stop Sign,Clear,No,0,0,10
Yes,65.0,No,Facing Traffic,C: Possible Injury,Male,Elizabeth City,Pasquotank,No,Tuesday,Motorist Failed to Yield - Signalized Intersection,16.0,October,Motorist Drive Out - Signalized Intersection,2014,47.0,No,O: No Injury,Male,Pickup,No,36.29448411,-76.24056663,Dry,30 - 35  MPH,Stop And Go Signal,Clear,No,0,0,10
Yes,21.0,No,Facing Traffic,O: No Injury,Male,Raleigh,Wake,No,Saturday,Bicyclist Failed to Yield - Signalized Intersection,10.0,October,Bicyclist Ride Through - Signalized Intersection,2014,31.0,No,O: No Injury,Female,Sport Utility,No,35.76927462,-78.63544433,Dry,30 - 35  MPH,Stop And Go Signal,Clear,No,0,0,10
Yes,22.0,No,With Traffic,A: Suspected Serious Injury,Male,High Point,Guilford,No,Wednesday,Motorist Failed to Yield - Sign-Controlled Intersection,19.0,October,Motorist Drive Through - Sign-Controlled Intersection,2014,68.0,No,O: No Injury,Male,Passenger Car,No,35.96122076,-80.01517758,Dry,30 - 35  MPH,Stop Sign,Clear,No,0,0,10
No,17.0,No,Facing Traffic,O: No Injury,Male,Raleigh,Wake,No,Friday,Motorist Failed to Yield - Sign-Controlled Intersection,19.0,October,Motorist Drive Out - Sign-Controlled Intersection,2014,42.03850604944766,Missing,Unknown Injury,Unknown,Pickup,Yes,35.8490098,-78.61463075,Dry,30 - 35  MPH,Stop Sign,Clear,No,1,0,10
No,65.0,No,Facing Traffic,C: Possible Injury,Male,Gastonia,Gaston,No,Wednesday,Motorist Right Turn / Merge,8.0,October,Motorist Right Turn - Opposite Direction,2014,23.0,No,O: No Injury,Male,Passenger Car,No,35.27991967,-81.14910686,Dry,40 - 45  MPH,Stop And Go Signal,Clear,No,0,0,10
Yes,24.0,No,With Traffic,C: Possible Injury,Male,Greensboro,Guilford,No,Saturday,Motorist Right Turn / Merge,10.0,October,Motorist Right Turn - Same Direction,2014,22.0,No,O: No Injury,Male,Passenger Car,No,36.06578051,-79.81086337,Dry,20 - 25  MPH,No Control Present,Clear,No,0,0,10
Yes,40.0,Yes,With Traffic,C: Possible Injury,Female,Asheville,Buncombe,Yes,Friday,Motorist Overtaking Bicyclist,2.0,October,Motorist Overtaking - Undetected Bicyclist,2014,42.03850604944766,Missing,Unknown Injury,Unknown,Unknown,Yes,35.5936208,-82.57374021,Dry,30 - 35  MPH,No Control Present,Clear,No,1,0,10
Yes,15.0,No,With Traffic,C: Possible Injury,Male,Unionville,Union,No,Friday,Bicyclist Failed to Yield - Sign-Controlled Intersection,18.0,October,Bicyclist Ride Through - Sign-Controlled Intersection,2014,60.0,No,O: No Injury,Male,Pickup,No,35.09447267,-80.50522922,Dry,20 - 25  MPH,Stop Sign,Clear,No,0,0,10
No,37.0,No,With Traffic,C: Possible Injury,Male,Raleigh,Wake,No,Monday,Bicyclist Overtaking Motorist,18.0,October,Bicyclist Overtaking - Extended Door,2014,18.0,No,O: No Injury,Female,Passenger Car,Yes,35.78751298,-78.66692329,Dry,30 - 35  MPH,No Control Present,Clear,No,0,0,10
Yes,24.0,No,Facing Traffic,C: Possible Injury,Male,Raleigh,Wake,No,Wednesday,Motorist Failed to Yield - Sign-Controlled Intersection,17.0,October,Motorist Drive Out - Sign-Controlled Intersection,2014,60.0,No,O: No Injury,Female,Sport Utility,No,35.76780208,-78.69562618,Dry,30 - 35  MPH,Stop Sign,Clear,No,0,0,10
No,27.0,Unknown,Unknown,K: Killed,Male,None - Rural Crash,Hoke,No,Monday,Bicyclist Failed to Yield - Midblock,22.0,September,Bicyclist Ride Out - Other Midblock,2014,32.0,No,O: No Injury,Male,Single Unit Truck (3 Or More Axles),No,35.00688851,-79.17711723,Wet,50 - 55  MPH,No Control Present,Cloudy,No,0,0,9
Yes,19.0,No,With Traffic,C: Possible Injury,Male,Raleigh,Wake,No,Tuesday,Motorist Left Turn / Merge,19.0,October,Motorist Left Turn - Opposite Direction,2014,25.0,No,O: No Injury,Male,Passenger Car,No,35.78639056,-78.65076035,Dry,30 - 35  MPH,No Control Present,Clear,No,0,0,10
Yes,15.0,No,With Traffic,C: Possible Injury,Male,Henderson,Vance,No,Wednesday,Bicyclist Right Turn / Merge,16.0,October,Bicyclist Right Turn - Same Direction,2014,36.0,No,O: No Injury,Female,Passenger Car,No,36.33296356,-78.39829269,Dry,30 - 35  MPH,No Control Present,Clear,No,0,0,10
No,5.0,No,With Traffic,C: Possible Injury,Male,Mount Airy,Surry,No,Friday,Bicyclist Failed to Yield - Sign-Controlled Intersection,14.0,October,Bicyclist Ride Through - Sign-Controlled Intersection,2014,65.0,No,O: No Injury,Female,Sport Utility,No,36.50915414,-80.61561652,Dry,20 - 25  MPH,Stop Sign,Cloudy,No,0,0,10
No,43.0,No,Not Applicable,O: No Injury,Male,Zebulon,Wake,No,Tuesday,Non-Roadway,17.0,October,Non-Roadway,2014,42.03850604944766,Missing,Unknown Injury,Unknown,Passenger Car,No,35.81770462,-78.3165634,Dry,5 - 15 MPH,No Control Present,Clear,No,1,0,10
Yes,36.0,No,With Traffic,C: Possible Injury,Male,Gastonia,Gaston,No,Friday,Motorist Overtaking Bicyclist,23.0,October,Motorist Overtaking - Other / Unknown,2014,42.03850604944766,Unknown,Unknown Injury,Unknown,Unknown,Yes,35.23705164,-81.19911628,Dry,30 - 35  MPH,No Control Present,Clear,No,1,0,10
Yes,18.0,No,Unknown,O: No Injury,Male,Morehead City,Carteret,No,Friday,Motorist Failed to Yield - Midblock,14.0,September,Motorist Drive Out - Commercial Driveway / Alley,2014,48.0,No,O: No Injury,Female,Sport Utility,No,34.72324668,-76.73458437,Dry,30 - 35  MPH,No Control Present,Clear,No,0,0,9
Yes,19.0,No,Facing Traffic,C: Possible Injury,Female,Wilmington,New Hanover,No,Wednesday,Motorist Failed to Yield - Midblock,13.0,October,Motorist Drive Out - Commercial Driveway / Alley,2014,26.0,No,O: No Injury,Male,Sport Utility,No,34.23101733,-77.87825666,Wet,5 - 15 MPH,No Control Present,Cloudy,No,0,0,10
Yes,24.0,No,With Traffic,C: Possible Injury,Male,Hope Mills,Cumberland,No,Monday,Motorist Overtaking Bicyclist,13.0,October,Motorist Overtaking - Other / Unknown,2014,81.0,No,O: No Injury,Female,Passenger Car,No,34.97821892,-78.93698405,Dry,30 - 35  MPH,No Control Present,Clear,No,0,0,10
Yes,15.0,No,With Traffic,C: Possible Injury,Male,Raleigh,Wake,No,Friday,Bicyclist Failed to Yield - Signalized Intersection,18.0,October,Bicyclist Failed to Clear - Multiple Threat,2014,28.0,No,O: No Injury,Female,Passenger Car,No,35.84889236,-78.60152393,Dry,30 - 35  MPH,Stop And Go Signal,Clear,No,0,0,10
No,23.0,No,Not Applicable,O: No Injury,Male,Greenville,Pitt,No,Tuesday,Non-Roadway,17.0,September,Non-Roadway,2014,22.0,No,O: No Injury,Female,Passenger Car,No,35.59565167,-77.36675775,Dry,Unknown,No Control Present,Clear,No,0,0,9
Yes,40.0,No,With Traffic,C: Possible Injury,Female,Asheboro,Randolph,No,Sunday,Motorist Left Turn / Merge,19.0,October,Motorist Left Turn - Opposite Direction,2014,58.0,No,O: No Injury,Male,Sport Utility,No,35.70670823,-79.80674121,Dry,30 - 35  MPH,Stop And Go Signal,Clear,No,0,0,10
No,18.0,No,With Traffic,O: No Injury,Male,Raleigh,Wake,No,Thursday,Bicyclist Failed to Yield - Signalized Intersection,18.0,October,Bicyclist Ride Through - Signalized Intersection,2014,21.0,No,O: No Injury,Male,Sport Utility,No,35.78903895,-78.6744809,Dry,5 - 15 MPH,Stop And Go Signal,Clear,No,0,0,10
No,22.0,No,With Traffic,O: No Injury,Male,Raleigh,Wake,No,Saturday,Motorist Left Turn / Merge,16.0,October,Motorist Left Turn - Same Direction,2014,29.0,No,O: No Injury,Male,Taxicab,No,35.79867458,-78.71610962,Dry,40 - 45  MPH,No Control Present,Clear,No,0,0,10
Yes,59.0,No,Facing Traffic,O: No Injury,Male,Elizabeth City,Pasquotank,No,Wednesday,Motorist Failed to Yield - Midblock,13.0,October,Motorist Drive Out - Commercial Driveway / Alley,2014,38.0,No,O: No Injury,Male,Passenger Car,No,36.29183367,-76.24717802,Dry,20 - 25  MPH,No Control Present,Clear,No,0,0,10
No,26.0,No,With Traffic,O: No Injury,Male,Kill Devil Hills,Dare,No,Friday,Bicyclist Failed to Yield - Signalized Intersection,13.0,October,Bicyclist Ride Through - Signalized Intersection,2014,60.0,No,O: No Injury,Female,Passenger Car,No,36.03396238,-75.67295447,Dry,20 - 25  MPH,No Control Present,Clear,No,0,0,10
No,57.0,No,Facing Traffic,O: No Injury,Male,Gastonia,Gaston,No,Thursday,Bicyclist Failed to Yield - Signalized Intersection,13.0,October,Bicyclist Ride Through - Signalized Intersection,2014,52.0,No,O: No Injury,Male,Pickup,No,35.26526278,-81.1873463,Dry,30 - 35  MPH,Stop And Go Signal,Clear,No,0,0,10
No,23.0,No,With Traffic,C: Possible Injury,Female,Asheville,Buncombe,No,Monday,Bicyclist Failed to Yield - Sign-Controlled Intersection,16.0,October,Bicyclist Ride Through - Sign-Controlled Intersection,2014,49.0,No,O: No Injury,Female,Sport Utility,No,35.59517387,-82.55050973,Dry,20 - 25  MPH,Stop Sign,Clear,No,0,0,10
No,34.0,No,With Traffic,C: Possible Injury,Male,Raleigh,Wake,No,Wednesday,Loss of Control / Turning Error,17.0,October,Bicyclist Lost Control - Other / Unknown,2014,23.0,No,O: No Injury,Male,Passenger Car,No,35.77196461,-78.63412708,Dry,30 - 35  MPH,No Control Present,Clear,No,0,0,10
No,23.0,No,With Traffic,O: No Injury,Male,Raleigh,Wake,No,Tuesday,Motorist Overtaking Bicyclist,14.0,October,Motorist Overtaking - Misjudged Space,2014,60.0,No,O: No Injury,Female,Passenger Car,No,35.7796872,-78.63815099,Dry,30 - 35  MPH,No Control Present,Clear,No,0,0,10
No,63.0,No,Not Applicable,O: No Injury,Male,Charlotte,Mecklenburg,No,Friday,Bicyclist Failed to Yield - Midblock,17.0,August,Bicyclist Ride Out - Midblock - Unknown,2014,30.0,No,O: No Injury,Female,Passenger Car,No,35.24800604,-80.78482413,Dry,30 - 35  MPH,No Control Present,Clear,No,0,0,8
Yes,54.0,No,With Traffic,C: Possible Injury,Male,Charlotte,Mecklenburg,No,Monday,Motorist Left Turn / Merge,15.0,November,Motorist Left Turn - Opposite Direction,2014,47.0,No,O: No Injury,Male,Sport Utility,No,35.22820103,-80.83038332,Dry,30 - 35  MPH,Stop And Go Signal,Clear,No,0,0,11
Yes,52.0,No,With Traffic,K: Killed,Male,Durham,Durham,No,Saturday,Motorist Left Turn / Merge,19.0,October,Motorist Left Turn - Opposite Direction,2014,84.0,No,O: No Injury,Male,Pickup,No,35.99662465,-78.92115871,Dry,30 - 35  MPH,No Control Present,Clear,No,0,0,10
Yes,21.0,No,With Traffic,A: Suspected Serious Injury,Male,Wilmington,New Hanover,No,Friday,Motorist Left Turn / Merge,15.0,October,Motorist Left Turn - Opposite Direction,2014,85.0,No,O: No Injury,Female,Passenger Car,No,34.2230978,-77.88596043,Dry,30 - 35  MPH,No Control Present,Clear,No,0,0,10
No,25.0,No,With Traffic,C: Possible Injury,Male,Fayetteville,Cumberland,No,Thursday,Crossing Paths - Other Circumstances,7.0,October,Signalized Intersection - Other / Unknown,2014,64.0,No,O: No Injury,Female,Passenger Car,No,35.06027561,-78.94865016,Dry,40 - 45  MPH,Stop And Go Signal,Clear,No,0,0,10
No,52.0,No,With Traffic,O: No Injury,Male,Morehead City,Carteret,No,Friday,Motorist Failed to Yield - Midblock,8.0,October,Motorist Drive Out - Commercial Driveway / Alley,2014,63.0,No,O: No Injury,Male,Passenger Car,No,34.7278067,-76.77096522,Dry,30 - 35  MPH,No Control Present,Clear,No,0,0,10
Yes,40.0,No,Facing Traffic,C: Possible Injury,Male,Charlotte,Mecklenburg,No,Wednesday,Motorist Failed to Yield - Midblock,15.0,November,Motorist Drive Out - Commercial Driveway / Alley,2014,44.0,No,O: No Injury,Male,"Single Unit Truck (2-Axle, 6-Tire)",No,35.11347051,-80.88299365,Dry,40 - 45  MPH,No Control Present,Cloudy,No,0,0,11
Yes,34.0,No,With Traffic,C: Possible Injury,Male,Charlotte,Mecklenburg,No,Tuesday,Motorist Overtaking Bicyclist,17.0,November,Motorist Overtaking - Misjudged Space,2014,77.0,No,O: No Injury,Female,Passenger Car,No,35.18971161,-80.69836127,Dry,30 - 35  MPH,No Control Present,Clear,No,0,0,11
Yes,53.0,No,Facing Traffic,C: Possible Injury,Male,High Point,Guilford,No,Friday,Bicyclist Failed to Yield - Signalized Intersection,16.0,October,Bicyclist Ride Through - Signalized Intersection,2014,59.0,No,O: No Injury,Male,Pickup,No,35.95389352,-79.99196224,Dry,30 - 35  MPH,Stop And Go Signal,Clear,No,0,0,10
No,36.0,No,With Traffic,C: Possible Injury,Male,Asheville,Buncombe,No,Tuesday,Motorist Failed to Yield - Sign-Controlled Intersection,20.0,October,Motorist Drive Through - Sign-Controlled Intersection,2014,72.0,No,O: No Injury,Male,Passenger Car,No,35.57754939,-82.55904546,Dry,30 - 35  MPH,Stop Sign,Clear,No,0,0,10
Yes,39.0,No,With Traffic,C: Possible Injury,Male,Cape Carteret,Carteret,No,Thursday,Motorist Overtaking Bicyclist,7.0,October,Motorist Overtaking - Undetected Bicyclist,2014,27.0,No,O: No Injury,Female,Passenger Car,No,34.69873491,-77.06046613,Dry,40 - 45  MPH,No Control Present,Cloudy,No,0,0,10
Yes,41.0,No,With Traffic,C: Possible Injury,Male,Kings Mountain,Cleveland,No,Friday,Motorist Failed to Yield - Midblock,15.0,November,Motorist Drive Out - Commercial Driveway / Alley,2014,52.0,No,O: No Injury,Female,Passenger Car,No,35.23110791,-81.33299487,Dry,30 - 35  MPH,No Control Present,Clear,No,0,0,11
Yes,34.0,No,With Traffic,C: Possible Injury,Male,Asheville,Buncombe,No,Monday,Motorist Overtaking Bicyclist,18.0,November,Motorist Overtaking - Other / Unknown,2014,42.03850604944766,Missing,Unknown Injury,Unknown,Unknown,Yes,35.57784386,-82.58208274,Dry,20 - 25  MPH,Stop And Go Signal,Clear,No,1,0,11
Yes,45.0,No,With Traffic,A: Suspected Serious Injury,Male,Raleigh,Wake,No,Thursday,Motorist Failed to Yield - Midblock,8.0,November,Motorist Drive Out - Commercial Driveway / Alley,2014,43.0,No,O: No Injury,Female,Passenger Car,No,35.74735778,-78.59794483,Dry,30 - 35  MPH,No Control Present,Clear,No,0,0,11
Yes,31.0,Unknown,Facing Traffic,C: Possible Injury,Male,Rocky Mount,Nash,No,Monday,Loss of Control / Turning Error,13.0,November,Bicyclist Lost Control - Mechanical Problems,2014,23.0,No,O: No Injury,Male,Sport Utility,No,35.9692563,-77.88507127,Wet,40 - 45  MPH,Stop Sign,Rain,No,0,0,11
No,36.0,No,Facing Traffic,O: No Injury,Male,Washington,Beaufort,No,Tuesday,Bicyclist Failed to Yield - Signalized Intersection,16.0,October,Bicyclist Ride Through - Signalized Intersection,2014,86.0,No,O: No Injury,Female,Passenger Car,No,35.54478805,-77.06086909,Dry,30 - 35  MPH,Stop And Go Signal,Clear,No,0,0,10
No,52.0,No,With Traffic,C: Possible Injury,Male,Asheville,Buncombe,No,Wednesday,Motorist Left Turn / Merge,15.0,October,Motorist Left Turn - Opposite Direction,2014,55.0,No,O: No Injury,Male,Other Bus,No,35.57785856,-82.58229757,Dry,20 - 25  MPH,Stop And Go Signal,Cloudy,No,0,0,10
No,34.0,No,With Traffic,C: Possible Injury,Male,None - Rural Crash,Orange,No,Tuesday,Motorist Left Turn / Merge,20.0,November,Motorist Left Turn - Opposite Direction,2014,42.03850604944766,Unknown,Unknown Injury,Unknown,Sport Utility,Yes,36.06787205,-79.1242074,Dry,40 - 45  MPH,"Double Yellow Line, No Passing Zone",Clear,No,1,0,11
No,45.0,No,With Traffic,C: Possible Injury,Male,Pittsboro,Chatham,No,Saturday,Motorist Failed to Yield - Sign-Controlled Intersection,16.0,October,Motorist Drive Out - Sign-Controlled Intersection,2014,18.0,No,O: No Injury,Male,Passenger Car,No,35.7201818,-79.17750177,Wet,20 - 25  MPH,Yield Sign,Rain,No,0,0,10
No,10.0,No,Facing Traffic,C: Possible Injury,Male,High Point,Guilford,No,Sunday,Bicyclist Right Turn / Merge,17.0,November,Bicyclist Right Turn - Same Direction,2014,22.0,No,O: No Injury,Male,Sport Utility,No,35.98118506,-80.00671781,Dry,30 - 35  MPH,"Double Yellow Line, No Passing Zone",Clear,No,0,0,11
Yes,21.0,No,With Traffic,C: Possible Injury,Male,Raleigh,Wake,No,Monday,Motorist Failed to Yield - Signalized Intersection,13.0,November,Motorist Drive Through - Signalized Intersection,2014,32.0,No,O: No Injury,Female,Passenger Car,No,35.77109293,-78.58339757,Wet,30 - 35  MPH,No Control Present,Cloudy,No,0,0,11
No,61.0,No,With Traffic,C: Possible Injury,Male,Duck,Dare,No,Sunday,Motorist Overtaking Bicyclist,16.0,October,Motorist Overtaking - Other / Unknown,2014,42.03850604944766,Missing,Unknown Injury,Unknown,Unknown,Yes,36.21470258,-75.76802147,Dry,40 - 45  MPH,No Control Present,Clear,No,1,0,10
Yes,32.0,No,Not Applicable,C: Possible Injury,Female,Rutherfordton,Rutherford,No,Friday,Bicyclist Failed to Yield - Midblock,17.0,October,Bicyclist Ride Out - Commercial Driveway / Alley,2014,32.0,No,O: No Injury,Female,Sport Utility,No,35.37670537,-81.94459778,Wet,40 - 45  MPH,Stop And Go Signal,Cloudy,No,0,0,10
Yes,23.0,No,With Traffic,C: Possible Injury,Male,Charlotte,Mecklenburg,No,Friday,Bicyclist Overtaking Motorist,11.0,November,Bicyclist Overtaking - Extended Door,2014,40.0,No,O: No Injury,Male,Van,No,35.22869617,-80.84105325,Dry,20 - 25  MPH,No Control Present,Clear,No,0,0,11
Yes,25.0,No,Facing Traffic,A: Suspected Serious Injury,Male,Raleigh,Wake,No,Friday,Motorist Right Turn / Merge,8.0,November,Motorist Right Turn - Opposite Direction,2014,42.03850604944766,Missing,Unknown Injury,Unknown,Passenger Car,Yes,35.83222171,-78.58445614,Dry,40 - 45  MPH,Stop And Go Signal,Clear,No,1,0,11
No,31.0,No,With Traffic,C: Possible Injury,Male,Winston-Salem,Forsyth,No,Wednesday,Bicyclist Left Turn / Merge,8.0,November,Bicyclist Left Turn - Opposite Direction,2014,29.0,No,O: No Injury,Male,Passenger Car,No,36.14026233,-80.29638486,Dry,30 - 35  MPH,No Control Present,Clear,No,0,0,11
Yes,71.0,No,Facing Traffic,C: Possible Injury,Male,Greenville,Pitt,No,Thursday,Motorist Left Turn / Merge,16.0,October,Motorist Left Turn - Same Direction,2014,45.0,No,O: No Injury,Female,Sport Utility,No,35.58363995,-77.36149825,Dry,30 - 35  MPH,Stop And Go Signal,Clear,No,0,0,10
Yes,65.0,No,With Traffic,C: Possible Injury,Female,New Bern,Craven,No,Wednesday,Motorist Left Turn / Merge,15.0,October,Motorist Left Turn - Opposite Direction,2014,35.0,No,O: No Injury,Female,Passenger Car,No,35.12314662,-77.0842369,Dry,40 - 45  MPH,"Double Yellow Line, No Passing Zone",Clear,No,0,0,10
No,32.52649525389365,No,With Traffic,Unknown Injury,Unknown,Asheville,Buncombe,No,Wednesday,Motorist Left Turn / Merge,15.0,November,Motorist Left Turn - Opposite Direction,2014,35.0,No,O: No Injury,Female,Passenger Car,No,35.57968675,-82.55335516,Dry,20 - 25  MPH,Stop Sign,Clear,No,0,1,11
Yes,32.0,No,Not Applicable,C: Possible Injury,Male,Fayetteville,Cumberland,No,Monday,Bicyclist Failed to Yield - Midblock,19.0,November,Bicyclist Ride Out - Other Midblock,2014,27.0,No,O: No Injury,Male,Sport Utility,No,35.05727806,-79.00284401,Dry,30 - 35  MPH,No Control Present,Clear,No,0,0,11
No,34.0,Unknown,Not Applicable,C: Possible Injury,Male,Gibsonville,Guilford,No,Friday,Non-Roadway,13.0,November,Non-Roadway,2014,42.03850604944766,Missing,Unknown Injury,Unknown,Passenger Car,No,36.10489217,-79.53946896,Dry,Unknown,No Control Present,Clear,No,1,0,11
Yes,56.0,No,With Traffic,K: Killed,Male,Durham,Durham,No,Wednesday,Motorist Overtaking Bicyclist,9.0,November,Motorist Overtaking - Other / Unknown,2014,42.03850604944766,Missing,Unknown Injury,Unknown,Unknown,Yes,36.06434861,-78.90482976,Dry,40 - 45  MPH,No Control Present,Clear,No,1,0,11
Yes,47.0,Unknown,With Traffic,C: Possible Injury,Male,Greensboro,Guilford,No,Friday,Motorist Failed to Yield - Sign-Controlled Intersection,23.0,November,Motorist Drive Out - Sign-Controlled Intersection,2014,62.0,No,O: No Injury,Male,Sport Utility,No,36.06563735,-79.76521482,Dry,30 - 35  MPH,Stop Sign,Clear,No,0,0,11
No,47.0,No,With Traffic,O: No Injury,Male,Farmville,Pitt,No,Friday,Motorist Overtaking Bicyclist,15.0,November,Motorist Overtaking - Other / Unknown,2014,31.0,No,O: No Injury,Female,Passenger Car,No,35.59241214,-77.58972905,Dry,30 - 35  MPH,No Control Present,Clear,No,0,0,11
Yes,22.0,No,Facing Traffic,C: Possible Injury,Male,None - Rural Crash,Brunswick,No,Thursday,Loss of Control / Turning Error,13.0,November,"Motorist Lost Control - Oversteering, Improper Braking, Speed",2014,18.0,No,O: No Injury,Female,Sport Utility,No,33.94680218,-78.05332979,Dry,40 - 45  MPH,"Double Yellow Line, No Passing Zone",Clear,Yes,0,0,11
Yes,17.0,No,With Traffic,C: Possible Injury,Male,None - Rural Crash,Pitt,No,Monday,Motorist Overtaking Bicyclist,18.0,November,Motorist Overtaking - Undetected Bicyclist,2014,27.0,No,O: No Injury,Female,Passenger Car,No,35.61814504,-77.16576125,Dry,50 - 55  MPH,No Control Present,Clear,No,0,0,11
No,24.0,No,Facing Traffic,Unknown Injury,Male,Greensboro,Guilford,No,Thursday,Motorist Failed to Yield - Sign-Controlled Intersection,14.0,November,Motorist Drive Through - Sign-Controlled Intersection,2014,25.0,No,O: No Injury,Female,Passenger Car,No,36.07400219,-79.77046379,Dry,20 - 25  MPH,Stop Sign,Clear,No,0,0,11
No,55.0,No,Facing Traffic,C: Possible Injury,Male,Lumberton,Robeson,No,Tuesday,Motorist Failed to Yield - Sign-Controlled Intersection,11.0,November,Motorist Drive Out - Sign-Controlled Intersection,2014,36.0,No,O: No Injury,Male,Pickup,No,34.61774088,-79.00362443,Wet,20 - 25  MPH,Stop Sign,Rain,No,0,0,11
Yes,16.0,No,With Traffic,C: Possible Injury,Male,Garner,Wake,No,Friday,Motorist Overtaking Bicyclist,9.0,November,Motorist Overtaking - Bicyclist Swerved,2014,29.0,No,O: No Injury,Male,Passenger Car,No,35.70352619,-78.58993716,Wet,30 - 35  MPH,No Control Present,Rain,No,0,0,11
No,34.0,No,With Traffic,Unknown Injury,Unknown,Winterville,Pitt,Yes,Saturday,Motorist Overtaking Bicyclist,17.0,November,Motorist Overtaking - Other / Unknown,2014,50.0,Yes,O: No Injury,Male,Sport Utility,Yes,35.51463548,-77.40793346,Dry,50 - 55  MPH,Stop Sign,Clear,No,0,0,11
Yes,18.0,No,Unknown,O: No Injury,Male,Lumberton,Robeson,No,Saturday,Loss of Control / Turning Error,12.0,November,Bicyclist Lost Control - Mechanical Problems,2014,62.0,No,O: No Injury,Male,Pickup,No,34.62151076,-79.00353141,Dry,30 - 35  MPH,Stop Sign,Clear,No,0,0,11