AmbulanceR,BikeAge,BikeAlcFlg,BikeDir,BikeInjury,BikeSex,City,County,CrashAlcoh,CrashDay,CrashGrp,CrashHour,CrashMonth,CrashType,CrashYear,DrvrAge,DrvrAlcFlg,DrvrInjury,DrvrSex,DrvrVehTyp,HitRun,Latitude,Longitude,RdConditio,SpeedLimit,TraffCntrl,Weather,Workzone,DrvrAgeImputedFlag,BikeAgeImputedFlag,MonthCode
No,19.0,No,Facing Traffic,C: Possible Injury,Male,Jacksonville,Onslow,No,Friday,Motorist Left Turn / Merge,11.0,December,Motorist Left Turn - Same Direction,2014,23.0,No,O: No Injury,Female,Sport Utility,No,34.75907828,-77.41755777,Dry,40 - 45  MPH,No Control Present,Clear,No,0,0,12
Yes,16.0,No,With Traffic,O: No Injury,Male,Mooresville,Iredell,No,Sunday,Bicyclist Left Turn / Merge,15.0,December,Bicyclist Left Turn - Same Direction,2014,26.0,No,O: No Injury,Male,Sport Utility,No,35.58289015,-80.8151815,Dry,30 - 35  MPH,No Control Present,Clear,No,0,0,12
Yes,25.0,No,Facing Traffic,C: Possible Injury,Male,Wilmington,New Hanover,No,Tuesday,Motorist Failed to Yield - Signalized Intersection,14.0,November,Motorist Drive Out - Signalized Intersection,2014,47.0,No,O: No Injury,Female,Sport Utility,No,34.24366461,-77.88390819,Dry,30 - 35  MPH,Stop And Go Signal,Clear,No,0,0,11
Yes,25.0,No,Not Applicable,A: Suspected Serious Injury,Male,Raleigh,Wake,No,Saturday,Bicyclist Failed to Yield - Midblock,20.0,December,Bicyclist Ride Out - Commercial Driveway / Alley,2014,67.0,No,O: No Injury,Female,Passenger Car,No,35.88606317,-78.64677543,Wet,40 - 45  MPH,No Control Present,Cloudy,No,0,0,12
No,19.0,No,Not Applicable,C: Possible Injury,Male,Wilmington,New Hanover,No,Wednesday,Bicyclist Failed to Yield - Midblock,15.0,November,Bicyclist Ride Out - Commercial Driveway / Alley,2014,25.0,No,O: No Injury,Female,Passenger Car,No,34.23831713,-77.91638927,Dry,30 - 35  MPH,No Control Present,Clear,No,0,0,11
Yes,51.0,No,With Traffic,A: Suspected Serious Injury,Male,None - Rural Crash,Surry,No,Friday,Motorist Overtaking Bicyclist,16.0,December,Motorist Overtaking - Undetected Bicyclist,2014,40.0,Unknown,O: No Injury,Male,"Light Truck (Mini-Van, Panel)",Yes,36.53265821,-80.73862678,Dry,50 - 55  MPH,"Double Yellow Line, No Passing Zone",Clear,No,0,0,12
Yes,21.0,No,Facing Traffic,C: Possible Injury,Female,Fayetteville,Cumberland,No,Saturday,Motorist Failed to Yield - Signalized Intersection,10.0,December,Motorist Drive Out - Right Turn on Red,2014,49.0,No,O: No Injury,Male,Pickup,No,35.077671,-78.95857883,Dry,40 - 45  MPH,Stop And Go Signal,Cloudy,No,0,0,12
No,34.0,No,With Traffic,C: Possible Injury,Male,Wilmington,New Hanover,No,Thursday,Motorist Right Turn / Merge,15.0,December,Motorist Right Turn - Same Direction,2014,17.0,No,O: No Injury,Male,Passenger Car,No,34.23678094,-77.93017084,Dry,20 - 25  MPH,Stop Sign,Clear,No,0,0,12
No,19.0,No,Not Applicable,Unknown Injury,Male,Wilmington,New Hanover,No,Friday,Bicyclist Failed to Yield - Midblock,15.0,November,Bicyclist Ride Out - Other Midblock,2014,42.03850604944766,Missing,Unknown Injury,Unknown,Unknown,Yes,34.22521902,-77.86621792,Dry,Unknown,No Control Present,Cloudy,No,1,0,11
No,30.0,No,With Traffic,Unknown Injury,Male,Red Springs,Robeson,No,Monday,Motorist Overtaking Bicyclist,18.0,December,Motorist Overtaking - Other / Unknown,2014,42.03850604944766,Missing,Unknown Injury,Unknown,Passenger Car,Yes,34.80414876,-79.18677839,Dry,30 - 35  MPH,No Control Present,Clear,No,1,0,12
Yes,56.0,Yes,Not Applicable,C: Possible Injury,Male,None - Rural Crash,Craven,Yes,Thursday,Bicyclist Failed to Yield - Sign-Controlled Intersection,18.0,November,Bicyclist Ride Through - Sign-Controlled Intersection,2014,17.0,No,O: No Injury,Male,Passenger Car,No,34.94069055,-76.94909372,Dry,50 - 55  MPH,Stop Sign,Clear,No,0,0,11
No,24.0,No,With Traffic,C: Possible Injury,Female,Wilmington,New Hanover,No,Monday,Motorist Failed to Yield - Sign-Controlled Intersection,15.0,November,Motorist Drive Out - Sign-Controlled Intersection,2014,83.0,No,O: No Injury,Male,Passenger Car,No,34.23076576,-77.90002633,Dry,20 - 25  MPH,Stop Sign,Clear,No,0,0,11
No,19.0,No,With Traffic,C: Possible Injury,Male,Wilmington,New Hanover,No,Friday,Motorist Left Turn / Merge,9.0,September,Motorist Left Turn - Opposite Direction,2014,42.03850604944766,Missing,Unknown Injury,Unknown,Unknown,Yes,34.21872259,-77.86968407,Dry,20 - 25  MPH,No Control Present,Clear,No,1,0,9
No,54.0,Yes,With Traffic,O: No Injury,Male,None - Rural Crash,Cumberland,Yes,Sunday,Motorist Overtaking Bicyclist,18.0,December,Motorist Overtaking - Other / Unknown,2014,42.0,No,O: No Injury,Male,Passenger Car,No,35.06397637,-78.83234604,Dry,50 - 55  MPH,No Control Present,Clear,No,0,0,12
Yes,54.0,Yes,With Traffic,C: Possible Injury,Male,None - Rural Crash,Cumberland,Yes,Wednesday,Motorist Overtaking Bicyclist,14.0,December,Motorist Overtaking - Bicyclist Swerved,2014,57.0,No,Unknown Injury,Male,Passenger Car,No,34.93166905,-78.76422094,Wet,50 - 55  MPH,"Double Yellow Line, No Passing Zone",Rain,No,0,0,12
Yes,32.0,No,With Traffic,A: Suspected Serious Injury,Male,Erwin,Harnett,No,Thursday,Other / Unusual Circumstances,17.0,December,Motorist Intentionally Caused,2014,42.03850604944766,Missing,Unknown Injury,Unknown,Unknown,Yes,35.33563721,-78.66978803,Dry,30 - 35  MPH,No Control Present,Clear,No,1,0,12
No,14.0,No,With Traffic,O: No Injury,Male,Fayetteville,Cumberland,No,Wednesday,Bicyclist Failed to Yield - Signalized Intersection,13.0,December,Bicyclist Failed to Clear - Trapped,2014,25.0,No,O: No Injury,Female,Passenger Car,No,35.05234125,-78.97367771,Dry,40 - 45  MPH,Stop And Go Signal,Clear,No,0,0,12
No,17.0,No,Facing Traffic,C: Possible Injury,Male,New Bern,Craven,No,Wednesday,Motorist Failed to Yield - Sign-Controlled Intersection,12.0,December,Motorist Drive Out - Sign-Controlled Intersection,2014,42.03850604944766,Missing,Unknown Injury,Unknown,Unknown,Yes,35.10057003,-77.07777717,Dry,30 - 35  MPH,Stop Sign,Clear,No,1,0,12
No,46.0,No,With Traffic,C: Possible Injury,Male,Raleigh,Wake,No,Wednesday,Loss of Control / Turning Error,4.0,December,Motorist Turning Error - Left Turn,2014,42.03850604944766,Missing,Unknown Injury,Unknown,Unknown,Yes,35.84092564,-78.58442041,Wet,30 - 35  MPH,No Control Present,Rain,No,1,0,12
Yes,16.0,No,Facing Traffic,K: Killed,Male,None - Rural Crash,Gaston,No,Thursday,Head-On,19.0,December,Head-On - Bicyclist,2014,16.0,No,O: No Injury,Female,Sport Utility,No,35.37170762,-81.09583798,Dry,40 - 45  MPH,"Double Yellow Line, No Passing Zone",Clear,No,0,0,12
Yes,23.0,No,Facing Traffic,C: Possible Injury,Female,Greensboro,Guilford,No,Wednesday,Motorist Failed to Yield - Midblock,15.0,December,Motorist Drive Out - Commercial Driveway / Alley,2014,21.0,No,O: No Injury,Male,Passenger Car,No,36.0646146,-79.81595832,Dry,30 - 35  MPH,No Control Present,Clear,No,0,0,12
No,48.0,No,With Traffic,Unknown Injury,Male,Siler City,Chatham,No,Sunday,Motorist Overtaking Bicyclist,10.0,December,Motorist Overtaking - Other / Unknown,2014,42.03850604944766,Missing,Unknown Injury,Unknown,Unknown,Yes,35.73393938,-79.43576167,Dry,40 - 45  MPH,Stop And Go Signal,Clear,No,1,0,12
No,28.0,No,With Traffic,O: No Injury,Male,Carrboro,Orange,No,Monday,Motorist Right Turn / Merge,17.0,May,Motorist Right Turn - Same Direction,2014,19.0,No,O: No Injury,Female,Passenger Car,No,35.92082713,-79.07994669,Dry,30 - 35  MPH,Stop Sign,Clear,No,0,0,5
Yes,27.0,No,With Traffic,C: Possible Injury,Male,Raleigh,Wake,No,Wednesday,Motorist Left Turn / Merge,13.0,December,Motorist Left Turn - Opposite Direction,2014,50.0,No,O: No Injury,Male,Passenger Car,No,35.78996279,-78.6593276,Dry,20 - 25  MPH,No Control Present,Clear,No,0,0,12
No,50.0,Missing,With Traffic,C: Possible Injury,Male,Lumberton,Robeson,No,Wednesday,Crossing Paths - Other Circumstances,9.0,December,Crossing Paths - Intersection - Other / Unknown,2014,42.03850604944766,No,Unknown Injury,Unknown,Unknown,Yes,34.62223217,-79.02039243,Dry,30 - 35  MPH,No Control Present,Clear,No,1,0,12
No,25.0,No,With Traffic,C: Possible Injury,Male,Wilmington,New Hanover,No,Wednesday,Motorist Failed to Yield - Sign-Controlled Intersection,17.0,December,Motorist Drive Out - Sign-Controlled Intersection,2014,55.0,No,O: No Injury,Female,Passenger Car,No,34.18687694,-77.88880581,Dry,20 - 25  MPH,Stop Sign,Clear,No,0,0,12
Yes,20.0,No,With Traffic,C: Possible Injury,Male,Raleigh,Wake,No,Tuesday,Motorist Overtaking Bicyclist,22.0,December,Motorist Overtaking - Undetected Bicyclist,2014,27.0,No,C: Possible Injury,Male,Passenger Car,No,35.78007235,-78.68720329,Dry,30 - 35  MPH,No Control Present,Clear,No,0,0,12
Yes,48.0,No,With Traffic,C: Possible Injury,Male,High Point,Guilford,No,Monday,Motorist Overtaking Bicyclist,17.0,December,Motorist Overtaking - Undetected Bicyclist,2014,42.03850604944766,Missing,Unknown Injury,Unknown,Unknown,Yes,36.00007424,-79.99318869,Dry,40 - 45  MPH,No Control Present,Clear,No,1,0,12
Yes,28.0,No,With Traffic,C: Possible Injury,Male,Greensboro,Guilford,No,Friday,Parallel Paths - Other Circumstances,14.0,January,Motorist Turn / Merge - Other / Unknown,2015,19.0,No,O: No Injury,Male,Passenger Car,No,36.06717602,-79.80029128,Dry,30 - 35  MPH,No Control Present,Clear,No,0,0,1
No,8.0,No,With Traffic,O: No Injury,Male,Burlington,Alamance,No,Wednesday,Bicyclist Overtaking Motorist,17.0,August,Bicyclist Overtaking - Parked Vehicle,2014,42.03850604944766,Missing,Unknown Injury,Unknown,"Light Truck (Mini-Van, Panel)",No,36.09539239,-79.42858544,Dry,30 - 35  MPH,No Control Present,Clear,No,1,0,8
No,38.0,No,With Traffic,C: Possible Injury,Male,Burlington,Alamance,No,Monday,Motorist Right Turn / Merge,17.0,December,Motorist Right Turn - Same Direction,2014,72.0,No,O: No Injury,Female,Van,No,36.09287409,-79.44050554,Dry,20 - 25  MPH,No Control Present,Clear,No,0,0,12
Yes,17.0,No,With Traffic,C: Possible Injury,Male,Charlotte,Mecklenburg,No,Monday,Loss of Control / Turning Error,11.0,January,Motorist Lost Control - Surface Conditions,2015,33.0,No,O: No Injury,Male,Passenger Car,No,35.24791623,-80.84734909,Wet,30 - 35  MPH,No Control Present,Rain,No,0,0,1
No,50.0,No,With Traffic,C: Possible Injury,Male,Charlotte,Mecklenburg,No,Sunday,Motorist Failed to Yield - Signalized Intersection,8.0,January,Motorist Drive Out - Signalized Intersection,2015,40.0,No,O: No Injury,Male,Passenger Car,No,35.11509865,-80.82426049,Dry,40 - 45  MPH,Stop And Go Signal,Clear,No,0,0,1
No,18.0,No,With Traffic,C: Possible Injury,Male,Raleigh,Wake,No,Tuesday,Loss of Control / Turning Error,13.0,December,Motorist Turning Error - Other,2014,42.03850604944766,Missing,Unknown Injury,Unknown,Passenger Car,Yes,35.78126126,-78.64153239,Dry,30 - 35  MPH,Stop And Go Signal,Clear,No,1,0,12
Yes,54.0,No,Facing Traffic,C: Possible Injury,Male,Winterville,Pitt,No,Wednesday,Motorist Failed to Yield - Sign-Controlled Intersection,16.0,December,Motorist Drive Out - Sign-Controlled Intersection,2014,64.0,No,O: No Injury,Female,Passenger Car,No,35.52888435,-77.40211322,Dry,5 - 15 MPH,Stop Sign,Clear,No,0,0,12
Yes,57.0,No,With Traffic,K: Killed,Male,None - Rural Crash,Robeson,No,Tuesday,Motorist Overtaking Bicyclist,16.0,January,Motorist Overtaking - Undetected Bicyclist,2015,24.0,No,O: No Injury,Female,Passenger Car,No,34.74088018,-78.89073655,Dry,50 - 55  MPH,No Control Present,Clear,No,0,0,1
No,23.0,No,With Traffic,C: Possible Injury,Male,None - Rural Crash,Cleveland,No,Tuesday,Motorist Overtaking Bicyclist,20.0,November,Motorist Overtaking - Other / Unknown,2014,42.03850604944766,Missing,Unknown Injury,Unknown,Unknown,Yes,35.29744703,-81.64676576,Dry,40 - 45  MPH,"Double Yellow Line, No Passing Zone",Clear,No,1,0,11
No,30.0,No,With Traffic,O: No Injury,Female,Wilmington,New Hanover,No,Friday,Motorist Right Turn / Merge,13.0,December,Motorist Right Turn - Same Direction,2014,42.03850604944766,Missing,Unknown Injury,Unknown,Unknown,Yes,34.24324901,-77.89660243,Dry,30 - 35  MPH,Stop Sign,Clear,No,1,0,12
No,16.0,No,Not Applicable,O: No Injury,Male,Rocky Mount,Nash,No,Friday,Bicyclist Failed to Yield - Midblock,13.0,January,Bicyclist Ride Out - Residential Driveway,2015,41.0,No,O: No Injury,Male,Pickup,No,35.92710127,-77.80482937,Unknown,20 - 25  MPH,No Control Present,Clear,No,0,0,1
No,32.0,No,With Traffic,C: Possible Injury,Female,Raleigh,Wake,No,Friday,Motorist Left Turn / Merge,9.0,January,Motorist Left Turn - Opposite Direction,2015,42.03850604944766,Missing,Unknown Injury,Unknown,Unknown,Yes,35.78800977,-78.6134953,Dry,30 - 35  MPH,Stop And Go Signal,Clear,No,1,0,1
Yes,29.0,No,With Traffic,C: Possible Injury,Male,Goldsboro,Wayne,No,Sunday,Motorist Overtaking Bicyclist,20.0,January,Motorist Overtaking - Other / Unknown,2015,33.0,No,O: No Injury,Female,Sport Utility,No,35.39130326,-77.98510993,Wet,30 - 35  MPH,No Control Present,Cloudy,No,0,0,1
No,26.0,No,With Traffic,O: No Injury,Male,Durham,Durham,Yes,Thursday,Motorist Overtaking Bicyclist,13.0,January,Motorist Overtaking - Other / Unknown,2015,54.0,Yes,O: No Injury,Female,Passenger Car,Yes,36.01458331,-78.93372744,Dry,30 - 35  MPH,No Control Present,Clear,No,0,0,1
No,48.0,No,With Traffic,C: Possible Injury,Male,Charlotte,Mecklenburg,No,Sunday,Motorist Failed to Yield - Sign-Controlled Intersection,13.0,January,Motorist Drive Out - Sign-Controlled Intersection,2015,18.0,No,O: No Injury,Male,Passenger Car,No,35.33471186,-80.7184855,Dry,30 - 35  MPH,Stop Sign,Clear,No,0,0,1
No,26.0,No,With Traffic,C: Possible Injury,Male,Oak Island,Brunswick,No,Friday,Motorist Overtaking Bicyclist,16.0,January,Motorist Overtaking - Undetected Bicyclist,2015,37.0,No,O: No Injury,Male,Passenger Car,No,33.93531301,-78.06537927,Dry,40 - 45  MPH,No Control Present,Clear,No,0,0,1
Yes,62.0,No,With Traffic,C: Possible Injury,Male,Kannapolis,Cabarrus,No,Sunday,Crossing Paths - Other Circumstances,18.0,January,Crossing Paths - Uncontrolled Intersection,2015,59.0,No,O: No Injury,Female,Pickup,No,35.46583151,-80.61974605,Wet,30 - 35  MPH,Stop Sign,Rain,No,0,0,1
Yes,14.0,No,With Traffic,C: Possible Injury,Male,Garner,Wake,No,Thursday,Head-On,16.0,October,Head-On - Motorist,2014,42.03850604944766,Unknown,Unknown Injury,Unknown,Passenger Car,Yes,35.72654202,-78.61365662,Dry,20 - 25  MPH,No Control Present,Clear,No,1,0,10
No,19.0,No,Facing Traffic,C: Possible Injury,Male,Charlotte,Mecklenburg,No,Wednesday,Bicyclist Failed to Yield - Signalized Intersection,17.0,January,Bicyclist Ride Through - Signalized Intersection,2015,22.0,No,O: No Injury,Female,Passenger Car,No,35.1469477,-80.82529131,Dry,30 - 35  MPH,Stop And Go Signal,Clear,No,0,0,1
Yes,53.0,Yes,Facing Traffic,K: Killed,Male,None - Rural Crash,Harnett,Yes,Friday,Head-On,19.0,January,Head-On - Bicyclist,2015,22.0,No,C: Possible Injury,Male,Passenger Car,No,35.27659983,-78.6276823,Wet,50 - 55  MPH,"Double Yellow Line, No Passing Zone",Rain,No,0,0,1
Yes,54.0,No,Not Applicable,C: Possible Injury,Male,Kill Devil Hills,Dare,No,Monday,Crossing Paths - Other Circumstances,7.0,January,Crossing Paths - Midblock - Other / Unknown,2015,35.0,No,O: No Injury,Female,Pickup,No,35.99486765,-75.64964373,Dry,40 - 45  MPH,No Control Present,Cloudy,No,0,0,1
Yes,15.0,No,With Traffic,C: Possible Injury,Male,Hickory,Catawba,No,Monday,Motorist Right Turn / Merge,19.0,January,Motorist Right Turn - Same Direction,2015,42.03850604944766,Missing,Unknown Injury,Unknown,Unknown,Yes,35.74832144,-81.35975495,Unknown,30 - 35  MPH,No Control Present,Cloudy,No,1,0,1
Yes,60.0,No,With Traffic,C: Possible Injury,Male,None - Rural Crash,Bertie,No,Saturday,Motorist Overtaking Bicyclist,13.0,January,Motorist Overtaking - Other / Unknown,2015,19.0,No,O: No Injury,Female,Passenger Car,No,36.19514573,-76.81446427,Wet,50 - 55  MPH,No Control Present,Cloudy,No,0,0,1
Yes,29.0,No,Facing Traffic,C: Possible Injury,Male,Knightdale,Wake,No,Friday,Motorist Failed to Yield - Midblock,13.0,January,Motorist Drive Out - Commercial Driveway / Alley,2015,58.0,No,O: No Injury,Male,Pickup,No,35.79787818,-78.50197079,Dry,40 - 45  MPH,No Control Present,Clear,No,0,0,1
Yes,13.0,No,Not Applicable,C: Possible Injury,Male,Rocky Mount,Edgecombe,No,Friday,Bicyclist Failed to Yield - Midblock,13.0,January,Bicyclist Ride Out - Midblock - Unknown,2015,47.0,No,O: No Injury,Male,Sport Utility,No,35.94816886,-77.78419369,Dry,30 - 35  MPH,No Control Present,Clear,No,0,0,1
Yes,57.0,Yes,Facing Traffic,C: Possible Injury,Male,Burlington,Alamance,Yes,Thursday,Motorist Failed to Yield - Sign-Controlled Intersection,12.0,June,Motorist Drive Out - Sign-Controlled Intersection,2014,31.0,No,O: No Injury,Female,Passenger Car,No,36.07517113,-79.41496215,Dry,30 - 35  MPH,Stop Sign,Clear,No,0,0,6
Yes,19.0,No,Facing Traffic,C: Possible Injury,Male,Charlotte,Mecklenburg,No,Tuesday,Motorist Failed to Yield - Sign-Controlled Intersection,10.0,February,Motorist Drive Out - Sign-Controlled Intersection,2015,19.0,No,O: No Injury,Male,Passenger Car,No,35.31042143,-80.72373576,Dry,20 - 25  MPH,Stop Sign,Clear,No,0,0,2
Yes,40.0,No,Not Applicable,K: Killed,Male,None - Rural Crash,Lee,No,Tuesday,Crossing Paths - Other Circumstances,18.0,January,Signalized Intersection - Other / Unknown,2015,34.0,No,O: No Injury,Male,Pickup,No,35.44149201,-79.21598919,Dry,50 - 55  MPH,Stop And Go Signal,Clear,No,0,0,1
Yes,32.0,No,Facing Traffic,C: Possible Injury,Male,Charlotte,Mecklenburg,No,Wednesday,Motorist Right Turn / Merge,8.0,February,Motorist Right Turn - Opposite Direction,2015,55.0,No,O: No Injury,Male,Sport Utility,No,35.21105687,-80.86665729,Dry,30 - 35  MPH,Stop And Go Signal,Clear,No,0,0,2
Yes,57.0,No,Facing Traffic,K: Killed,Female,Chapel Hill,Orange,No,Friday,Motorist Failed to Yield - Midblock,9.0,October,Motorist Drive Out - Commercial Driveway / Alley,2014,27.0,No,O: No Injury,Female,Sport Utility,No,35.92548269,-79.05387509,Dry,Unknown,No Control Present,Clear,No,0,0,10
Yes,5.0,No,With Traffic,C: Possible Injury,Female,Charlotte,Mecklenburg,No,Sunday,Backing Vehicle,16.0,February,Backing Vehicle,2015,44.0,No,O: No Injury,Female,Van,No,35.18778591,-80.73360655,Dry,30 - 35  MPH,No Control Present,Clear,No,0,0,2
No,32.0,No,Facing Traffic,Unknown Injury,Male,Mooresville,Iredell,No,Sunday,Crossing Paths - Other Circumstances,16.0,January,Signalized Intersection - Other / Unknown,2015,27.0,No,O: No Injury,Male,Unknown,Yes,35.57824943,-80.81805339,Dry,30 - 35  MPH,Stop And Go Signal,Clear,No,0,0,1
No,32.0,No,With Traffic,C: Possible Injury,Male,Asheville,Buncombe,No,Thursday,Bicyclist Left Turn / Merge,7.0,January,Bicyclist Left Turn - Same Direction,2015,20.0,No,O: No Injury,Male,Passenger Car,No,35.58002536,-82.60825312,Dry,30 - 35  MPH,No Control Present,Clear,No,0,0,1
No,18.0,No,Facing Traffic,C: Possible Injury,Female,Wilmington,New Hanover,No,Saturday,Motorist Failed to Yield - Signalized Intersection,15.0,January,Motorist Drive Out - Right Turn on Red,2015,48.0,No,O: No Injury,Male,Passenger Car,No,34.23698243,-77.9275595,Dry,30 - 35  MPH,Stop And Go Signal,Clear,No,0,0,1
Yes,10.0,No,Unknown,C: Possible Injury,Female,None - Rural Crash,Moore,No,Sunday,Bicyclist Failed to Yield - Sign-Controlled Intersection,18.0,February,Bicyclist Ride Through - Sign-Controlled Intersection,2015,22.0,No,O: No Injury,Male,Pickup,No,35.3237523,-79.24712031,Dry,40 - 45  MPH,Stop Sign,Clear,No,0,0,2
Yes,23.0,No,With Traffic,C: Possible Injury,Male,Durham,Durham,No,Wednesday,Motorist Overtaking Bicyclist,15.0,February,Motorist Overtaking - Bicyclist Swerved,2015,45.0,No,O: No Injury,Female,Passenger Car,No,35.99994833,-78.90715459,Dry,20 - 25  MPH,No Control Present,Clear,No,0,0,2
No,12.0,No,With Traffic,O: No Injury,Male,Wilmington,New Hanover,No,Sunday,Bicyclist Failed to Yield - Signalized Intersection,13.0,January,Bicyclist Ride Through - Signalized Intersection,2015,56.0,No,O: No Injury,Female,Passenger Car,No,34.24149869,-77.94394483,Dry,30 - 35  MPH,Stop And Go Signal,Clear,No,0,0,1
Yes,77.0,No,With Traffic,C: Possible Injury,Male,Leland,Brunswick,No,Thursday,Motorist Left Turn / Merge,17.0,January,Motorist Left Turn - Opposite Direction,2015,68.0,No,O: No Injury,Female,Sport Utility,No,34.17617385,-78.02850268,Dry,30 - 35  MPH,No Control Present,Clear,No,0,0,1
Yes,59.0,No,With Traffic,C: Possible Injury,Male,Raleigh,Wake,No,Saturday,Motorist Left Turn / Merge,17.0,February,Motorist Left Turn - Opposite Direction,2015,38.0,No,O: No Injury,Male,Pickup,No,35.73558793,-78.65034557,Dry,40 - 45  MPH,Stop And Go Signal,Clear,No,0,0,2
Yes,60.0,No,With Traffic,C: Possible Injury,Male,Oak Island,Brunswick,No,Friday,Bicyclist Overtaking Motorist,10.0,January,Bicyclist Overtaking - Other / Unknown,2015,61.0,No,O: No Injury,Female,Passenger Car,No,33.90952687,-78.11212366,Dry,40 - 45  MPH,No Control Present,Clear,No,0,0,1
Yes,22.0,No,Facing Traffic,A: Suspected Serious Injury,Female,Winston-Salem,Forsyth,No,Friday,Motorist Failed to Yield - Midblock,15.0,January,Motorist Drive Out - Commercial Driveway / Alley,2015,63.0,No,O: No Injury,Male,Sport Utility,No,36.0920527,-80.28079647,Wet,Unknown,No Control Present,Rain,No,0,0,1
Yes,47.0,No,With Traffic,C: Possible Injury,Male,Greensboro,Guilford,Yes,Wednesday,Motorist Right Turn / Merge,2.0,February,Motorist Right Turn - Same Direction,2015,38.0,Yes,O: No Injury,Male,Passenger Car,No,36.06230381,-79.81485213,Dry,30 - 35  MPH,No Control Present,Clear,No,0,0,2
Yes,42.0,No,With Traffic,C: Possible Injury,Male,Kinston,Lenoir,No,Thursday,Motorist Overtaking Bicyclist,18.0,February,Motorist Overtaking - Undetected Bicyclist,2015,29.0,No,O: No Injury,Female,Sport Utility,No,35.28364082,-77.62232478,Dry,40 - 45  MPH,No Control Present,Clear,No,0,0,2
Yes,25.0,No,Facing Traffic,A: Suspected Serious Injury,Male,Wilmington,New Hanover,No,Wednesday,Bicyclist Failed to Yield - Signalized Intersection,16.0,December,Bicyclist Ride Through - Signalized Intersection,2014,50.0,No,O: No Injury,Male,Van,Yes,34.22565787,-77.94204732,Dry,30 - 35  MPH,No Control Present,Clear,No,0,0,12
Yes,21.0,No,Facing Traffic,C: Possible Injury,Female,Goldsboro,Wayne,No,Thursday,Motorist Failed to Yield - Midblock,14.0,February,Motorist Drive Out - Commercial Driveway / Alley,2015,65.0,No,O: No Injury,Female,Sport Utility,No,35.37943923,-77.9347045,Dry,Unknown,No Control Present,Clear,No,0,0,2
Yes,46.0,No,Facing Traffic,C: Possible Injury,Female,Elkin,Surry,No,Thursday,Motorist Failed to Yield - Midblock,18.0,January,Motorist Drive Out - Commercial Driveway / Alley,2015,46.0,No,O: No Injury,Female,Passenger Car,No,36.27448011,-80.84383961,Dry,5 - 15 MPH,Stop Sign,Clear,No,0,0,1
No,32.52649525389365,Unknown,Facing Traffic,Unknown Injury,Unknown,Fayetteville,Cumberland,No,Saturday,Head-On,20.0,January,Head-On - Bicyclist,2015,27.0,No,O: No Injury,Female,Passenger Car,No,35.03277335,-79.07946479,Dry,50 - 55  MPH,No Control Present,Clear,No,0,1,1
Yes,15.0,No,Facing Traffic,C: Possible Injury,Male,Wilmington,New Hanover,No,Wednesday,Motorist Failed to Yield - Sign-Controlled Intersection,13.0,January,Motorist Drive Out - Sign-Controlled Intersection,2015,47.0,No,O: No Injury,Female,Sport Utility,No,34.19278356,-77.92230813,Dry,20 - 25  MPH,Stop Sign,Clear,No,0,0,1
Yes,25.0,No,Facing Traffic,C: Possible Injury,Male,Charlotte,Mecklenburg,No,Friday,Motorist Failed to Yield - Sign-Controlled Intersection,20.0,February,Motorist Drive Out - Sign-Controlled Intersection,2015,62.0,No,O: No Injury,Female,Sport Utility,No,35.23568069,-80.79187553,Dry,30 - 35  MPH,Stop Sign,Clear,No,0,0,2
Yes,16.0,No,Facing Traffic,C: Possible Injury,Male,Wilmington,New Hanover,No,Thursday,Motorist Failed to Yield - Midblock,16.0,January,Motorist Drive Out - Commercial Driveway / Alley,2015,77.0,No,O: No Injury,Male,Passenger Car,No,34.19708162,-77.93744309,Dry,40 - 45  MPH,No Control Present,Clear,No,0,0,1
Yes,6.0,No,Not Applicable,C: Possible Injury,Male,High Point,Guilford,No,Friday,Non-Roadway,14.0,February,Non-Roadway,2015,42.0,No,O: No Injury,Male,Pickup,No,35.96399692,-79.97853984,Dry,Unknown,No Control Present,Cloudy,No,0,0,2
No,61.0,No,With Traffic,K: Killed,Male,None - Rural Crash,Pasquotank,No,Thursday,Motorist Overtaking Bicyclist,18.0,February,Motorist Overtaking - Undetected Bicyclist,2015,60.0,No,O: No Injury,Male,Pickup,No,36.27117385,-76.22455023,Wet,40 - 45  MPH,No Control Present,"Snow, Sleet, Hail, Freezing Rain/Drizzle",No,0,0,2
Yes,57.0,No,Unknown,Unknown Injury,Male,Whiteville,Columbus,No,Tuesday,Crossing Paths - Other Circumstances,19.0,March,Crossing Paths - Midblock - Other / Unknown,2015,32.0,No,O: No Injury,Male,Sport Utility,No,34.33972505,-78.70855562,Wet,40 - 45  MPH,No Control Present,Cloudy,No,0,0,3