AmbulanceR,BikeAge,BikeAlcFlg,BikeDir,BikeInjury,BikeSex,City,County,CrashAlcoh,CrashDay,CrashGrp,CrashHour,CrashMonth,CrashType,CrashYear,DrvrAge,DrvrAlcFlg,DrvrInjury,DrvrSex,DrvrVehTyp,HitRun,Latitude,Longitude,RdConditio,SpeedLimit,TraffCntrl,Weather,Workzone,DrvrAgeImputedFlag,BikeAgeImputedFlag,MonthCode
Yes,32.0,No,Facing Traffic,C: Possible Injury,Male,Greensboro,Guilford,No,Tuesday,Motorist Failed to Yield - Signalized Intersection,17.0,March,Motorist Drive Out - Right Turn on Red,2015,51.0,No,O: No Injury,Female,Sport Utility,No,36.07821357,-79.79696723,Dry,30 - 35  MPH,Stop And Go Signal,Cloudy,No,0,0,3
Yes,21.0,No,With Traffic,C: Possible Injury,Male,Greensboro,Guilford,No,Sunday,Motorist Overtaking Bicyclist,21.0,March,Motorist Overtaking - Other / Unknown,2015,42.03850604944766,Missing,Unknown Injury,Unknown,Passenger Car,Yes,36.0678478,-79.80558338,Wet,30 - 35  MPH,No Control Present,Cloudy,No,1,0,3
No,9.0,No,With Traffic,O: No Injury,Male,None - Rural Crash,Gaston,No,Monday,Loss of Control / Turning Error,17.0,January,Bicyclist Lost Control - Mechanical Problems,2015,35.0,No,O: No Injury,Male,Passenger Car,No,35.28769967,-81.02370604,Dry,30 - 35  MPH,Stop Sign,Clear,No,0,0,1
No,25.0,No,With Traffic,O: No Injury,Male,Cary,Wake,No,Wednesday,Bicyclist Overtaking Motorist,13.0,February,Bicyclist Overtaking - Other / Unknown,2015,40.0,No,O: No Injury,Male,Pickup,No,35.79153479,-78.7813585,Dry,30 - 35  MPH,Stop And Go Signal,Clear,No,0,0,2
No,20.0,No,Facing Traffic,C: Possible Injury,Male,Wilmington,New Hanover,No,Thursday,Motorist Failed to Yield - Midblock,11.0,January,Motorist Drive Out - Residential Driveway,2015,42.03850604944766,Missing,Unknown Injury,Unknown,Unknown,Yes,34.23095368,-77.8712202,Dry,30 - 35  MPH,No Control Present,Clear,No,1,0,1
No,11.0,No,Not Applicable,O: No Injury,Male,None - Rural Crash,Scotland,No,Wednesday,Bicyclist Failed to Yield - Midblock,17.0,February,Bicyclist Ride Out - Residential Driveway,2015,50.0,No,O: No Injury,Male,Pickup,No,34.91516959,-79.43409178,Dry,50 - 55  MPH,No Control Present,Clear,No,0,0,2
No,4.0,No,Not Applicable,O: No Injury,Male,Burlington,Alamance,No,Sunday,Non-Roadway,16.0,February,Non-Roadway,2015,76.0,No,O: No Injury,Female,Passenger Car,No,36.09363081,-79.42212591,Dry,Unknown,No Control Present,Clear,No,0,0,2
Yes,56.0,No,With Traffic,Unknown Injury,Male,Mooresville,Iredell,No,Saturday,Motorist Right Turn / Merge,12.0,February,Motorist Right Turn - Same Direction,2015,81.0,No,Unknown Injury,Female,Passenger Car,No,35.58868851,-80.83555191,Dry,40 - 45  MPH,No Control Present,Clear,No,0,0,2
Yes,6.0,No,With Traffic,C: Possible Injury,Male,Cary,Wake,No,Sunday,Motorist Overtaking Bicyclist,17.0,February,Motorist Overtaking - Undetected Bicyclist,2015,47.0,No,O: No Injury,Male,Passenger Car,No,35.81159042,-78.91864999,Dry,20 - 25  MPH,No Control Present,Clear,No,0,0,2
Yes,14.0,No,With Traffic,C: Possible Injury,Female,Charlotte,Mecklenburg,No,Sunday,Motorist Left Turn / Merge,11.0,March,Motorist Left Turn - Opposite Direction,2015,24.0,No,O: No Injury,Male,Passenger Car,No,35.1757587,-80.90985331,Dry,5 - 15 MPH,No Control Present,Clear,No,0,0,3
Yes,20.0,No,Facing Traffic,C: Possible Injury,Male,Kinston,Lenoir,No,Thursday,Motorist Failed to Yield - Sign-Controlled Intersection,13.0,March,Motorist Drive Out - Sign-Controlled Intersection,2015,43.0,No,O: No Injury,Female,Sport Utility,No,35.28000575,-77.587057,Dry,20 - 25  MPH,Stop Sign,Cloudy,No,0,0,3
Yes,9.0,No,Not Applicable,C: Possible Injury,Male,None - Rural Crash,Brunswick,No,Saturday,Bicyclist Failed to Yield - Midblock,11.0,March,Bicyclist Ride Out - Other Midblock,2015,82.0,No,O: No Injury,Female,Passenger Car,No,33.92943391,-78.20132425,Dry,50 - 55  MPH,"Double Yellow Line, No Passing Zone",Clear,No,0,0,3
Yes,29.0,No,With Traffic,C: Possible Injury,Male,Wake Forest,Wake,No,Sunday,Motorist Overtaking Bicyclist,13.0,February,Motorist Overtaking - Other / Unknown,2015,65.0,No,O: No Injury,Male,Sport Utility,No,35.94789666,-78.50242481,Dry,30 - 35  MPH,No Control Present,Clear,No,0,0,2
No,53.0,No,Not Applicable,C: Possible Injury,Male,Fayetteville,Cumberland,No,Friday,Crossing Paths - Other Circumstances,18.0,January,Signalized Intersection - Other / Unknown,2015,42.03850604944766,Missing,Unknown Injury,Unknown,Unknown,Yes,35.05397139,-78.86728418,Dry,30 - 35  MPH,Stop And Go Signal,Clear,No,1,0,1
Yes,38.0,No,With Traffic,C: Possible Injury,Male,None - Rural Crash,Guilford,No,Monday,Motorist Left Turn / Merge,10.0,March,Motorist Left Turn - Opposite Direction,2015,81.0,No,O: No Injury,Female,Passenger Car,No,36.110074,-79.68957479,Dry,50 - 55  MPH,"Double Yellow Line, No Passing Zone",Clear,No,0,0,3
Yes,26.0,No,Not Applicable,C: Possible Injury,Female,Greensboro,Guilford,No,Tuesday,Non-Roadway,20.0,March,Non-Roadway,2015,27.0,No,O: No Injury,Male,Passenger Car,No,36.06308182,-79.81717464,Dry,5 - 15 MPH,No Control Present,Clear,No,0,0,3
No,49.0,No,With Traffic,Unknown Injury,Female,Edenton,Chowan,No,Friday,Motorist Right Turn / Merge,1.0,March,Motorist Right Turn on Red - Opposite Direction,2015,68.0,No,O: No Injury,Female,Passenger Car,No,36.06963704,-76.60548473,Dry,30 - 35  MPH,Stop And Go Signal,Clear,No,0,0,3
No,16.0,No,With Traffic,C: Possible Injury,Male,Concord,Cabarrus,No,Friday,Motorist Right Turn / Merge,22.0,September,Motorist Right Turn - Same Direction,2014,24.0,No,O: No Injury,Female,Passenger Car,No,35.4170471,-80.59073564,Dry,30 - 35  MPH,No Control Present,Clear,No,0,0,9
Yes,55.0,No,Facing Traffic,O: No Injury,Male,Raleigh,Wake,No,Tuesday,Loss of Control / Turning Error,19.0,March,Motorist Lost Control - Other / Unknown,2015,34.0,No,C: Possible Injury,Male,Pickup,No,35.87051188,-78.62502934,Dry,40 - 45  MPH,No Control Present,Clear,No,0,0,3
Yes,25.0,No,With Traffic,C: Possible Injury,Male,Asheboro,Randolph,No,Sunday,Bicyclist Failed to Yield - Sign-Controlled Intersection,15.0,March,Bicyclist Ride Out - Sign-Controlled Intersection,2015,34.0,No,O: No Injury,Female,Passenger Car,No,35.69810882,-79.80822122,Dry,30 - 35  MPH,Stop Sign,Clear,No,0,0,3
Yes,12.0,No,Not Applicable,C: Possible Injury,Male,None - Rural Crash,Randolph,No,Wednesday,Bicyclist Failed to Yield - Midblock,17.0,March,Bicyclist Ride Out - Commercial Driveway / Alley,2015,39.0,No,O: No Injury,Female,Sport Utility,No,35.87922524,-79.79856816,Wet,40 - 45  MPH,No Control Present,Rain,No,0,0,3
Yes,35.0,No,Not Applicable,C: Possible Injury,Male,Fayetteville,Cumberland,No,Tuesday,Bicyclist Failed to Yield - Midblock,7.0,February,Bicyclist Ride Out - Midblock - Unknown,2015,21.0,No,O: No Injury,Female,Van,No,35.06809044,-78.95527869,Snow,30 - 35  MPH,No Control Present,"Snow, Sleet, Hail, Freezing Rain/Drizzle",No,0,0,2
Yes,48.0,No,With Traffic,C: Possible Injury,Male,Greenville,Pitt,No,Thursday,Motorist Failed to Yield - Sign-Controlled Intersection,23.0,March,Motorist Drive Out - Sign-Controlled Intersection,2015,42.03850604944766,Missing,Unknown Injury,Unknown,Unknown,Yes,35.63638665,-77.37012127,Wet,40 - 45  MPH,Stop Sign,Rain,No,1,0,3
Yes,21.0,No,Not Applicable,C: Possible Injury,Male,Greenville,Pitt,No,Friday,Motorist Failed to Yield - Signalized Intersection,14.0,March,Motorist Drive Out - Signalized Intersection,2015,60.0,No,O: No Injury,Female,Passenger Car,No,35.59179833,-77.39550919,Dry,30 - 35  MPH,Stop And Go Signal,Clear,No,0,0,3
Yes,56.0,No,Not Applicable,C: Possible Injury,Male,Raleigh,Wake,No,Thursday,Bicyclist Failed to Yield - Midblock,12.0,March,Bicyclist Ride Out - Other Midblock,2015,33.0,No,O: No Injury,Male,Passenger Car,No,35.78819126,-78.58756869,Dry,30 - 35  MPH,Stop And Go Signal,Clear,No,0,0,3
Yes,41.0,Yes,Not Applicable,C: Possible Injury,Male,Charlotte,Mecklenburg,Yes,Friday,Non-Roadway,18.0,March,Non-Roadway,2015,60.0,No,O: No Injury,Male,Passenger Car,No,35.10857593,-80.85864352,Dry,20 - 25  MPH,No Control Present,Cloudy,No,0,0,3
Yes,43.0,No,With Traffic,C: Possible Injury,Male,Fletcher,Henderson,No,Monday,Motorist Left Turn / Merge,13.0,March,Motorist Left Turn - Opposite Direction,2015,76.0,No,Unknown Injury,Male,Pickup,No,35.43916132,-82.46643548,Dry,30 - 35  MPH,Stop Sign,Clear,No,0,0,3
No,22.0,No,With Traffic,O: No Injury,Male,None - Rural Crash,Pender,No,Tuesday,Motorist Overtaking Bicyclist,9.0,March,Motorist Overtaking - Other / Unknown,2015,40.0,No,O: No Injury,Male,Passenger Car,No,34.48248083,-77.89081926,Dry,50 - 55  MPH,No Control Present,Clear,No,0,0,3
Yes,8.0,No,Not Applicable,C: Possible Injury,Male,None - Rural Crash,Randolph,No,Monday,Bicyclist Failed to Yield - Midblock,18.0,March,Bicyclist Ride Out - Residential Driveway,2015,32.0,No,O: No Injury,Male,Passenger Car,No,35.76371492,-79.98070349,Dry,40 - 45  MPH,No Control Present,Clear,No,0,0,3
Yes,46.0,No,With Traffic,C: Possible Injury,Male,Raleigh,Wake,No,Saturday,Bicyclist Left Turn / Merge,10.0,March,Bicyclist Left Turn - Opposite Direction,2015,70.0,No,O: No Injury,Female,Passenger Car,No,35.77975808,-78.60826701,Dry,30 - 35  MPH,Stop And Go Signal,Clear,No,0,0,3
No,20.0,No,With Traffic,C: Possible Injury,Male,None - Rural Crash,Johnston,No,Wednesday,Motorist Overtaking Bicyclist,20.0,March,Motorist Overtaking - Undetected Bicyclist,2015,58.0,No,O: No Injury,Female,Passenger Car,No,35.66029704,-78.34883442,Dry,50 - 55  MPH,"Double Yellow Line, No Passing Zone",Clear,No,0,0,3
No,51.0,No,With Traffic,O: No Injury,Male,Pineville,Mecklenburg,No,Sunday,Bicyclist Failed to Yield - Signalized Intersection,7.0,March,Bicyclist Ride Through - Signalized Intersection,2015,39.0,No,O: No Injury,Female,Pickup,No,35.07387228,-80.88022087,Dry,30 - 35  MPH,Stop And Go Signal,Clear,No,0,0,3
No,24.0,No,With Traffic,O: No Injury,Male,Raleigh,Wake,No,Saturday,Bicyclist Overtaking Motorist,18.0,March,Bicyclist Overtaking - Parked Vehicle,2015,42.03850604944766,Missing,Unknown Injury,Unknown,Passenger Car,No,35.78086477,-78.65589269,Dry,30 - 35  MPH,No Control Present,Clear,No,1,0,3
No,6.0,Unknown,Facing Traffic,C: Possible Injury,Female,Dunn,Harnett,No,Tuesday,Head-On,19.0,July,Head-On - Bicyclist,2014,50.0,No,O: No Injury,Male,Passenger Car,No,35.33437433,-78.60249422,Dry,30 - 35  MPH,No Control Present,Clear,No,0,0,7
No,18.0,No,With Traffic,C: Possible Injury,Male,Fayetteville,Cumberland,No,Monday,Motorist Failed to Yield - Midblock,20.0,February,Motorist Drive Out - Commercial Driveway / Alley,2015,42.03850604944766,Missing,Unknown Injury,Unknown,Unknown,Yes,35.09298287,-78.91240106,Wet,20 - 25  MPH,No Control Present,Rain,No,1,0,2
Yes,17.0,No,With Traffic,C: Possible Injury,Male,Monroe,Union,No,Thursday,Motorist Failed to Yield - Midblock,8.0,March,Motorist Drive Out - Residential Driveway,2015,42.03850604944766,Missing,Unknown Injury,Unknown,Unknown,Yes,34.97107002,-80.53443044,Dry,Unknown,No Control Present,Cloudy,No,1,0,3
Yes,6.0,No,With Traffic,C: Possible Injury,Male,Greensboro,Guilford,No,Sunday,Bicyclist Left Turn / Merge,17.0,April,Bicyclist Left Turn - Opposite Direction,2015,56.0,No,O: No Injury,Male,Passenger Car,No,36.04408157,-79.85422632,Dry,30 - 35  MPH,No Control Present,Clear,No,0,0,4
Yes,51.0,No,With Traffic,C: Possible Injury,Male,Clemmons,Forsyth,No,Tuesday,Motorist Overtaking Bicyclist,14.0,March,Motorist Overtaking - Undetected Bicyclist,2015,27.0,No,O: No Injury,Male,Passenger Car,No,35.99911241,-80.38184485,Dry,40 - 45  MPH,No Control Present,Clear,No,0,0,3
No,28.0,No,With Traffic,O: No Injury,Male,Fayetteville,Cumberland,No,Saturday,Other / Unusual Circumstances,17.0,February,Unusual Circumstances,2015,64.0,No,O: No Injury,Male,Van,No,35.04565752,-78.86441579,Dry,20 - 25  MPH,Stop Sign,Clear,No,0,0,2
No,18.0,No,Not Applicable,C: Possible Injury,Male,Wilson,Wilson,No,Thursday,Non-Roadway,17.0,March,Non-Roadway,2015,61.0,No,O: No Injury,Female,Passenger Car,Yes,35.71375575,-77.93156308,Dry,40 - 45  MPH,No Control Present,Cloudy,No,0,0,3
Yes,13.0,No,With Traffic,C: Possible Injury,Male,Dunn,Harnett,No,Tuesday,Bicyclist Failed to Yield - Sign-Controlled Intersection,15.0,February,Bicyclist Ride Through - Sign-Controlled Intersection,2014,32.0,No,O: No Injury,Female,Passenger Car,No,35.30313194,-78.60358186,Wet,30 - 35  MPH,No Control Present,Rain,No,0,0,2
Yes,14.0,No,Facing Traffic,C: Possible Injury,Male,Greensboro,Guilford,No,Saturday,Motorist Failed to Yield - Midblock,12.0,April,Motorist Drive Out - Commercial Driveway / Alley,2015,36.0,No,O: No Injury,Male,Passenger Car,No,36.11058343,-79.83064386,Dry,5 - 15 MPH,No Control Present,Clear,No,0,0,4
No,49.0,No,With Traffic,Unknown Injury,Male,Winston-Salem,Forsyth,No,Friday,Motorist Failed to Yield - Sign-Controlled Intersection,11.0,April,Motorist Drive Out - Sign-Controlled Intersection,2015,31.0,No,O: No Injury,Male,Passenger Car,No,36.07002849,-80.12808661,Dry,30 - 35  MPH,Stop Sign,Clear,No,0,0,4
No,10.0,No,Not Applicable,C: Possible Injury,Male,None - Rural Crash,Bladen,No,Wednesday,Bicyclist Failed to Yield - Midblock,22.0,April,Bicyclist Ride Out - Residential Driveway,2015,37.0,No,O: No Injury,Male,Passenger Car,No,34.74618307,-78.73252185,Dry,50 - 55  MPH,No Control Present,Clear,No,0,0,4
No,50.0,No,With Traffic,C: Possible Injury,Male,High Point,Guilford,No,Monday,Motorist Left Turn / Merge,20.0,March,Motorist Left Turn - Opposite Direction,2015,57.0,No,O: No Injury,Female,Passenger Car,No,35.96929721,-79.9555124,Dry,30 - 35  MPH,Stop Sign,Cloudy,No,0,0,3
Yes,11.0,No,With Traffic,C: Possible Injury,Female,None - Rural Crash,Wake,No,Thursday,Motorist Overtaking Bicyclist,15.0,March,Motorist Overtaking - Other / Unknown,2015,21.0,No,O: No Injury,Female,Passenger Car,No,35.76598753,-78.46260876,Dry,40 - 45  MPH,Yield Sign,Clear,No,0,0,3
Yes,32.52649525389365,No,Not Applicable,C: Possible Injury,Female,Raleigh,Wake,No,Monday,Bicyclist Failed to Yield - Midblock,19.0,April,Bicyclist Ride Out - Residential Driveway,2015,30.0,No,O: No Injury,Female,Passenger Car,No,35.74537277,-78.68384389,Dry,30 - 35  MPH,No Control Present,Clear,No,0,1,4
No,29.0,No,With Traffic,O: No Injury,Male,Durham,Durham,No,Tuesday,Motorist Left Turn / Merge,17.0,April,Motorist Left Turn - Opposite Direction,2015,70.0,No,O: No Injury,Female,Van,No,36.00315062,-78.95136605,Dry,30 - 35  MPH,Stop And Go Signal,Cloudy,No,0,0,4
Yes,22.0,No,Facing Traffic,A: Suspected Serious Injury,Male,Wilmington,New Hanover,No,Tuesday,Motorist Left Turn / Merge,20.0,September,Motorist Left Turn - Same Direction,2014,21.0,No,O: No Injury,Male,Pickup,No,34.22321177,-77.86643675,Dry,20 - 25  MPH,No Control Present,Clear,No,0,0,9
Yes,18.0,No,With Traffic,C: Possible Injury,Male,Statesville,Iredell,No,Sunday,Motorist Overtaking Bicyclist,22.0,April,Motorist Overtaking - Other / Unknown,2015,42.03850604944766,Missing,Unknown Injury,Unknown,Unknown,Yes,35.80770886,-80.87578917,Dry,30 - 35  MPH,Stop And Go Signal,Clear,No,1,0,4
Yes,8.0,No,Not Applicable,C: Possible Injury,Male,Raleigh,Wake,No,Friday,Non-Roadway,18.0,April,Non-Roadway,2015,25.0,No,O: No Injury,Male,Passenger Car,No,35.81624918,-78.69603733,Dry,30 - 35  MPH,No Control Present,Clear,No,0,0,4
No,65.0,No,With Traffic,O: No Injury,Male,Raleigh,Wake,No,Monday,Motorist Right Turn / Merge,15.0,April,Motorist Right Turn - Same Direction,2015,48.0,No,O: No Injury,Female,Passenger Car,No,35.91944761,-78.73529867,Dry,30 - 35  MPH,No Control Present,Clear,No,0,0,4
Yes,22.0,No,With Traffic,A: Suspected Serious Injury,Male,None - Rural Crash,Gaston,No,Tuesday,Motorist Failed to Yield - Sign-Controlled Intersection,13.0,March,Motorist Drive Out - Sign-Controlled Intersection,2015,85.0,No,O: No Injury,Female,Passenger Car,No,35.34510265,-81.20832417,Dry,50 - 55  MPH,"Double Yellow Line, No Passing Zone",Clear,No,0,0,3
No,55.0,No,Facing Traffic,C: Possible Injury,Male,Gastonia,Gaston,No,Thursday,Motorist Failed to Yield - Signalized Intersection,7.0,April,Motorist Drive Out - Right Turn on Red,2015,65.0,No,O: No Injury,Female,Passenger Car,No,35.26226285,-81.1871654,Dry,30 - 35  MPH,Stop And Go Signal,Clear,No,0,0,4
Yes,20.0,No,With Traffic,C: Possible Injury,Male,Albemarle,Stanly,No,Friday,Bicyclist Failed to Yield - Signalized Intersection,15.0,April,Bicyclist Ride Through - Signalized Intersection,2015,25.0,No,O: No Injury,Female,Passenger Car,No,35.34837284,-80.19977102,Dry,20 - 25  MPH,Stop And Go Signal,Clear,No,0,0,4
Yes,48.0,No,Facing Traffic,C: Possible Injury,Male,Wilmington,New Hanover,No,Wednesday,Bicyclist Failed to Yield - Signalized Intersection,17.0,April,Bicyclist Ride Through - Signalized Intersection,2015,42.03850604944766,Missing,Unknown Injury,Unknown,Unknown,Yes,34.23786971,-77.94640232,Wet,30 - 35  MPH,Stop And Go Signal,Rain,No,1,0,4
No,23.0,Yes,With Traffic,C: Possible Injury,Male,Wilmington,New Hanover,Yes,Saturday,Motorist Left Turn / Merge,23.0,April,Motorist Left Turn - Same Direction,2015,22.0,Unknown,Unknown Injury,Female,Passenger Car,No,34.2402195,-77.94519545,Dry,20 - 25  MPH,No Control Present,Clear,No,0,0,4
Yes,68.0,No,Facing Traffic,C: Possible Injury,Male,Raleigh,Wake,No,Wednesday,Motorist Failed to Yield - Midblock,16.0,April,Motorist Drive Out - Commercial Driveway / Alley,2015,31.0,No,O: No Injury,Male,Passenger Car,Yes,35.86409405,-78.63760687,Dry,5 - 15 MPH,No Control Present,Clear,No,0,0,4
Yes,70.0,No,Facing Traffic,C: Possible Injury,Male,Smithfield,Johnston,No,Friday,Crossing Paths - Other Circumstances,8.0,April,Signalized Intersection - Other / Unknown,2015,33.0,No,O: No Injury,Male,Van,No,35.51060628,-78.34466283,Dry,20 - 25  MPH,Stop And Go Signal,Clear,No,0,0,4
Yes,19.0,No,Not Applicable,C: Possible Injury,Female,Brevard,Transylvania,No,Friday,Crossing Paths - Other Circumstances,15.0,April,Signalized Intersection - Other / Unknown,2015,48.0,No,O: No Injury,Male,Sport Utility,No,35.23919408,-82.73040465,Dry,20 - 25  MPH,Stop And Go Signal,Clear,No,0,0,4
No,56.0,No,Facing Traffic,C: Possible Injury,Female,New Bern,Craven,No,Sunday,Motorist Failed to Yield - Signalized Intersection,11.0,February,Motorist Drive Out - Signalized Intersection,2015,51.0,No,O: No Injury,Female,Pickup,No,35.10904002,-77.05535762,Dry,20 - 25  MPH,Stop And Go Signal,Clear,No,0,0,2
Yes,59.0,No,Facing Traffic,C: Possible Injury,Male,Wilson,Wilson,No,Friday,Motorist Left Turn / Merge,15.0,April,Motorist Left Turn - Same Direction,2015,48.0,No,O: No Injury,Female,Passenger Car,No,35.7376096,-77.91166151,Dry,30 - 35  MPH,No Control Present,Clear,No,0,0,4
No,66.0,No,Facing Traffic,C: Possible Injury,Male,Cary,Wake,No,Thursday,Motorist Failed to Yield - Midblock,13.0,April,Motorist Drive Out - Commercial Driveway / Alley,2015,52.0,No,O: No Injury,Male,Pickup,No,35.7716728,-78.76318449,Dry,Unknown,Stop Sign,Clear,No,0,0,4
Yes,53.0,No,With Traffic,A: Suspected Serious Injury,Male,Wilmington,New Hanover,Yes,Sunday,Loss of Control / Turning Error,7.0,April,Motorist Turning Error - Right Turn,2015,21.0,Yes,O: No Injury,Female,Passenger Car,Yes,34.23071489,-77.87711627,Dry,30 - 35  MPH,Stop And Go Signal,Clear,No,0,0,4
Yes,7.0,No,Not Applicable,A: Suspected Serious Injury,Male,None - Rural Crash,Davidson,No,Friday,Bicyclist Failed to Yield - Midblock,15.0,April,Bicyclist Ride Out - Residential Driveway,2015,28.0,No,O: No Injury,Male,Passenger Car,No,35.80798029,-80.13464564,Dry,Unknown,No Control Present,Clear,No,0,0,4
Yes,8.0,No,With Traffic,C: Possible Injury,Male,Durham,Durham,No,Tuesday,Motorist Right Turn / Merge,20.0,April,Motorist Right Turn - Same Direction,2015,42.03850604944766,Missing,Unknown Injury,Unknown,Sport Utility,Yes,36.02145544,-78.91648432,Dry,30 - 35  MPH,Stop Sign,Clear,No,1,0,4
No,26.0,No,With Traffic,O: No Injury,Male,Raleigh,Wake,No,Saturday,Motorist Overtaking Bicyclist,11.0,April,Motorist Overtaking - Other / Unknown,2015,42.03850604944766,Missing,Unknown Injury,Unknown,Passenger Car,Yes,35.77633278,-78.63930299,Dry,30 - 35  MPH,No Control Present,Clear,No,1,0,4
No,31.0,No,With Traffic,C: Possible Injury,Male,Wilmington,New Hanover,No,Tuesday,Motorist Failed to Yield - Midblock,12.0,April,Motorist Drive Out - Commercial Driveway / Alley,2015,42.03850604944766,Missing,Unknown Injury,Unknown,Unknown,Yes,34.24409578,-77.88155676,Dry,40 - 45  MPH,Stop And Go Signal,Clear,No,1,0,4
No,15.0,No,With Traffic,C: Possible Injury,Male,None - Rural Crash,Alamance,No,Monday,Motorist Overtaking Bicyclist,21.0,April,Motorist Overtaking - Other / Unknown,2015,16.0,No,O: No Injury,Male,Passenger Car,No,36.12018887,-79.31106703,Dry,40 - 45  MPH,"Double Yellow Line, No Passing Zone",Clear,No,0,0,4
Yes,34.0,No,With Traffic,C: Possible Injury,Male,None - Rural Crash,Mecklenburg,No,Friday,Motorist Right Turn / Merge,10.0,May,Motorist Right Turn - Same Direction,2015,41.0,No,O: No Injury,Male,Van,No,35.25836587,-80.78818259,Dry,40 - 45  MPH,No Control Present,Cloudy,No,0,0,5
No,53.0,No,Facing Traffic,O: No Injury,Male,None - Rural Crash,Halifax,No,Friday,Motorist Overtaking Bicyclist,16.0,May,Motorist Overtaking - Other / Unknown,2015,42.03850604944766,Missing,Unknown Injury,Unknown,Unknown,Yes,36.43780104,-77.9023774,Dry,40 - 45  MPH,"Double Yellow Line, No Passing Zone",Cloudy,No,1,0,5
No,26.0,No,With Traffic,C: Possible Injury,Male,Greenville,Pitt,No,Monday,Crossing Paths - Other Circumstances,9.0,May,Signalized Intersection - Other / Unknown,2015,44.0,No,O: No Injury,Male,Passenger Car,No,35.60946693,-77.37212404,Dry,30 - 35  MPH,Stop And Go Signal,Clear,No,0,0,5
No,22.0,No,Facing Traffic,C: Possible Injury,Female,Chapel Hill,Orange,No,Monday,Motorist Failed to Yield - Signalized Intersection,9.0,May,Motorist Drive Out - Right Turn on Red,2015,39.0,No,O: No Injury,Female,Sport Utility,No,35.93525602,-79.05601539,Dry,30 - 35  MPH,Stop And Go Signal,Clear,No,0,0,5
Yes,17.0,No,With Traffic,C: Possible Injury,Male,Hertford,Perquimans,No,Tuesday,Motorist Overtaking Bicyclist,16.0,September,Motorist Overtaking - Bicyclist Swerved,2014,49.0,No,O: No Injury,Male,Pickup,No,36.19902817,-76.5081174,Dry,Unknown,Stop Sign,Clear,No,0,0,9
Yes,6.0,No,With Traffic,C: Possible Injury,Female,Williamston,Martin,No,Friday,Bicyclist Failed to Yield - Sign-Controlled Intersection,14.0,April,Bicyclist Ride Through - Sign-Controlled Intersection,2015,23.0,No,O: No Injury,Female,Passenger Car,No,35.85200983,-77.06621856,Dry,30 - 35  MPH,Stop Sign,Clear,No,0,0,4
No,24.0,No,With Traffic,C: Possible Injury,Female,None - Rural Crash,Wake,No,Wednesday,Motorist Overtaking Bicyclist,6.0,April,Motorist Overtaking - Undetected Bicyclist,2015,22.0,No,O: No Injury,Male,Passenger Car,No,35.76164367,-78.84450381,Dry,40 - 45  MPH,"Double Yellow Line, No Passing Zone",Clear,No,0,0,4
Yes,33.0,No,With Traffic,C: Possible Injury,Female,None - Rural Crash,Pitt,No,Saturday,Motorist Overtaking Bicyclist,16.0,April,Motorist Overtaking - Other / Unknown,2015,23.0,No,O: No Injury,Male,Passenger Car,No,35.62659183,-77.23449621,Dry,40 - 45  MPH,No Control Present,Clear,No,0,0,4
No,49.0,Yes,With Traffic,C: Possible Injury,Male,Lumberton,Robeson,Yes,Sunday,Motorist Failed to Yield - Sign-Controlled Intersection,21.0,May,Motorist Drive Out - Sign-Controlled Intersection,2015,66.0,No,O: No Injury,Male,Passenger Car,No,34.61933399,-79.00446273,Dry,20 - 25  MPH,Stop Sign,Clear,No,0,0,5
No,27.0,No,Unknown,C: Possible Injury,Male,Hertford,Perquimans,No,Saturday,Motorist Failed to Yield - Signalized Intersection,17.0,March,Motorist Drive Through - Signalized Intersection,2014,42.03850604944766,Missing,Unknown Injury,Unknown,Van,Yes,36.17806623,-76.46147343,Dry,50 - 55  MPH,Stop And Go Signal,Clear,No,1,0,3
Yes,55.0,No,With Traffic,C: Possible Injury,Male,None - Rural Crash,Lincoln,No,Tuesday,Motorist Overtaking Bicyclist,16.0,April,Motorist Overtaking - Other / Unknown,2015,72.0,No,O: No Injury,Female,Passenger Car,No,35.48077177,-81.28188873,Dry,50 - 55  MPH,"Double Yellow Line, No Passing Zone",Clear,No,0,0,4
No,15.0,No,With Traffic,O: No Injury,Male,Canton,Haywood,No,Sunday,Motorist Left Turn / Merge,16.0,May,Motorist Left Turn - Same Direction,2015,23.0,No,O: No Injury,Female,Passenger Car,No,35.52678054,-82.83820204,Dry,20 - 25  MPH,No Control Present,Clear,No,0,0,5
No,72.0,No,With Traffic,C: Possible Injury,Male,Chapel Hill,Orange,No,Wednesday,Bicyclist Failed to Yield - Signalized Intersection,16.0,May,Bicyclist Failed to Clear - Trapped,2015,60.0,No,O: No Injury,Male,Other Bus,No,35.90253549,-79.01065069,Dry,30 - 35  MPH,Stop And Go Signal,Clear,No,0,0,5
Yes,11.0,No,Not Applicable,A: Suspected Serious Injury,Female,None - Rural Crash,Moore,No,Wednesday,Non-Roadway,16.0,April,Non-Roadway,2015,44.0,No,O: No Injury,Male,Pickup,No,35.28326246,-79.57256309,Dry,20 - 25  MPH,Stop Sign,Clear,No,0,0,4
Yes,43.0,No,With Traffic,O: No Injury,Male,Jacksonville,Onslow,No,Monday,Bicyclist Failed to Yield - Signalized Intersection,22.0,April,Bicyclist Ride Through - Signalized Intersection,2015,49.0,No,O: No Injury,Female,Pickup,No,34.76149368,-77.39991487,Dry,30 - 35  MPH,Stop And Go Signal,Clear,No,0,0,4