AmbulanceR,BikeAge,BikeAlcFlg,BikeDir,BikeInjury,BikeSex,City,County,CrashAlcoh,CrashDay,CrashGrp,CrashHour,CrashMonth,CrashType,CrashYear,DrvrAge,DrvrAlcFlg,DrvrInjury,DrvrSex,DrvrVehTyp,HitRun,Latitude,Longitude,RdConditio,SpeedLimit,TraffCntrl,Weather,Workzone,DrvrAgeImputedFlag,BikeAgeImputedFlag,MonthCode
Yes,22.0,No,Facing Traffic,C: Possible Injury,Female,Charlotte,Mecklenburg,No,Tuesday,Motorist Failed to Yield - Sign-Controlled Intersection,19.0,May,Motorist Drive Out - Sign-Controlled Intersection,2015,28.0,No,O: No Injury,Male,Passenger Car,No,35.21219422,-80.67806818,Dry,5 - 15 MPH,Stop Sign,Clear,No,0,0,5
No,58.0,No,With Traffic,Unknown Injury,Unknown,Burgaw,Pender,No,Monday,Motorist Overtaking Bicyclist,10.0,May,Motorist Overtaking - Undetected Bicyclist,2015,59.0,No,O: No Injury,Male,Van,No,34.55644635,-77.94843476,Dry,40 - 45  MPH,No Control Present,Clear,No,0,0,5
No,39.0,No,With Traffic,O: No Injury,Male,Pittsboro,Chatham,No,Wednesday,Crossing Paths - Other Circumstances,13.0,May,Sign-Controlled Intersection - Other / Unknown,2015,59.0,Unknown,O: No Injury,Female,Passenger Car,Yes,35.71111584,-79.17846929,Dry,30 - 35  MPH,Stop Sign,Clear,No,0,0,5
Yes,16.0,No,With Traffic,C: Possible Injury,Male,Durham,Durham,No,Friday,Crossing Paths - Other Circumstances,18.0,May,Signalized Intersection - Other / Unknown,2015,49.0,No,O: No Injury,Male,Passenger Car,No,35.99293573,-78.89098537,Dry,30 - 35  MPH,Stop And Go Signal,Clear,No,0,0,5
Yes,42.0,No,Facing Traffic,A: Suspected Serious Injury,Male,Raleigh,Wake,No,Thursday,Motorist Failed to Yield - Midblock,19.0,May,Motorist Drive Out - Commercial Driveway / Alley,2015,25.0,No,O: No Injury,Female,Passenger Car,No,35.83465372,-78.60459376,Dry,30 - 35  MPH,No Control Present,Clear,No,0,0,5
Yes,13.0,No,Unknown,K: Killed,Male,None - Rural Crash,Robeson,No,Saturday,Head-On,11.0,May,Head-On - Motorist,2015,25.0,No,O: No Injury,Male,Passenger Car,No,34.63615028,-79.21137382,Dry,50 - 55  MPH,"Double Yellow Line, No Passing Zone",Clear,No,0,0,5
Yes,13.0,No,With Traffic,C: Possible Injury,Male,None - Rural Crash,Columbus,No,Monday,Motorist Overtaking Bicyclist,20.0,May,Motorist Overtaking - Bicyclist Swerved,2015,32.0,No,O: No Injury,Male,Passenger Car,No,34.17647751,-78.85123153,Dry,50 - 55  MPH,No Control Present,Clear,No,0,0,5
Yes,53.0,Yes,With Traffic,C: Possible Injury,Male,Rocky Mount,Edgecombe,Yes,Sunday,Bicyclist Failed to Yield - Sign-Controlled Intersection,15.0,May,Bicyclist Ride Through - Sign-Controlled Intersection,2015,36.0,No,O: No Injury,Male,Passenger Car,No,35.94774898,-77.78254191,Dry,30 - 35  MPH,Stop Sign,Clear,No,0,0,5
Yes,28.0,Yes,With Traffic,C: Possible Injury,Male,Woodfin,Buncombe,Yes,Tuesday,Motorist Overtaking Bicyclist,16.0,March,Motorist Overtaking - Bicyclist Swerved,2015,45.0,No,O: No Injury,Female,Passenger Car,No,35.63282035,-82.57837096,Dry,30 - 35  MPH,No Control Present,Clear,No,0,0,3
No,22.0,No,With Traffic,C: Possible Injury,Female,Apex,Wake,No,Tuesday,Motorist Failed to Yield - Sign-Controlled Intersection,16.0,April,Motorist Drive Out - Sign-Controlled Intersection,2015,19.0,No,O: No Injury,Male,Sport Utility,No,35.69012234,-78.83398665,Dry,30 - 35  MPH,No Control Present,Clear,No,0,0,4
No,51.0,No,With Traffic,C: Possible Injury,Male,Monroe,Union,No,Sunday,Bicyclist Left Turn / Merge,19.0,May,Bicyclist Left Turn - Same Direction,2015,27.0,No,O: No Injury,Male,Passenger Car,No,34.99272348,-80.55740409,Dry,30 - 35  MPH,No Control Present,Clear,No,0,0,5
No,34.0,No,Facing Traffic,O: No Injury,Male,Durham,Durham,No,Tuesday,Bicyclist Failed to Yield - Signalized Intersection,18.0,May,Bicyclist Ride Through - Signalized Intersection,2015,35.0,No,O: No Injury,Female,Passenger Car,No,36.01708125,-78.91909615,Dry,30 - 35  MPH,Stop And Go Signal,Clear,No,0,0,5
Yes,39.0,No,With Traffic,C: Possible Injury,Male,Holly Springs,Wake,No,Saturday,Motorist Overtaking Bicyclist,10.0,May,Motorist Overtaking - Other / Unknown,2015,17.0,No,O: No Injury,Female,Sport Utility,No,35.66289579,-78.78882937,Dry,40 - 45  MPH,No Control Present,Clear,No,0,0,5
Yes,33.0,No,With Traffic,C: Possible Injury,Female,Conover,Catawba,No,Wednesday,Motorist Failed to Yield - Sign-Controlled Intersection,7.0,May,Motorist Drive Out - Sign-Controlled Intersection,2015,53.0,No,O: No Injury,Female,Passenger Car,No,35.70631861,-81.22081276,Dry,30 - 35  MPH,Stop Sign,Clear,No,0,0,5
Yes,53.0,No,With Traffic,A: Suspected Serious Injury,Female,None - Rural Crash,Wake,No,Thursday,Motorist Overtaking Bicyclist,10.0,March,Motorist Overtaking - Other / Unknown,2015,58.0,No,O: No Injury,Female,Sport Utility,No,35.67299911,-78.95133657,Dry,50 - 55  MPH,"Double Yellow Line, No Passing Zone",Cloudy,No,0,0,3
No,60.0,No,Facing Traffic,O: No Injury,Male,Siler City,Chatham,No,Sunday,Motorist Failed to Yield - Midblock,17.0,May,Motorist Drive Out - Commercial Driveway / Alley,2015,42.03850604944766,Unknown,Unknown Injury,Unknown,Unknown,Yes,35.73307228,-79.45353529,Dry,5 - 15 MPH,No Control Present,Clear,No,1,0,5
Yes,59.0,No,With Traffic,C: Possible Injury,Female,Waynesville,Haywood,No,Tuesday,Bicyclist Left Turn / Merge,13.0,April,Bicyclist Left Turn - Same Direction,2015,62.0,No,O: No Injury,Female,Sport Utility,No,35.48121368,-83.00196359,Dry,20 - 25  MPH,No Control Present,Other,No,0,0,4
Yes,31.0,No,With Traffic,C: Possible Injury,Male,Durham,Durham,No,Friday,Motorist Failed to Yield - Midblock,16.0,May,Motorist Drive Out - Commercial Driveway / Alley,2015,33.0,No,O: No Injury,Male,Van,No,36.00199226,-78.90217606,Dry,20 - 25  MPH,No Control Present,Clear,No,0,0,5
Yes,53.0,No,With Traffic,C: Possible Injury,Male,Durham,Durham,No,Wednesday,Motorist Right Turn / Merge,6.0,April,Motorist Right Turn - Same Direction,2015,29.0,No,O: No Injury,Female,Passenger Car,No,35.96158218,-78.97724892,Dry,40 - 45  MPH,Stop And Go Signal,Clear,No,0,0,4
Yes,42.0,No,With Traffic,A: Suspected Serious Injury,Male,None - Rural Crash,Stanly,No,Tuesday,Motorist Overtaking Bicyclist,21.0,May,Motorist Overtaking - Other / Unknown,2015,71.0,No,O: No Injury,Male,Pickup,No,35.37343734,-80.14345279,Dry,40 - 45  MPH,"Double Yellow Line, No Passing Zone",Clear,No,0,0,5
Yes,42.0,No,With Traffic,C: Possible Injury,Male,None - Rural Crash,Chatham,No,Thursday,Bicyclist Left Turn / Merge,13.0,May,Bicyclist Left Turn - Same Direction,2015,69.0,No,O: No Injury,Male,Sport Utility,No,35.83723471,-79.13600756,Dry,40 - 45  MPH,No Control Present,Clear,No,0,0,5
Yes,9.0,No,With Traffic,C: Possible Injury,Female,New Bern,Craven,No,Monday,Motorist Overtaking Bicyclist,19.0,May,Motorist Overtaking - Other / Unknown,2015,42.03850604944766,Missing,Unknown Injury,Unknown,Unknown,Yes,35.11036561,-77.05203014,Dry,5 - 15 MPH,No Control Present,Clear,No,1,0,5
Yes,19.0,No,Facing Traffic,C: Possible Injury,Male,Charlotte,Mecklenburg,No,Tuesday,Motorist Failed to Yield - Midblock,9.0,May,Motorist Drive Out - Commercial Driveway / Alley,2015,26.0,No,O: No Injury,Female,Sport Utility,No,35.11989025,-80.95202975,Dry,5 - 15 MPH,No Control Present,Clear,No,0,0,5
No,52.0,No,With Traffic,C: Possible Injury,Male,Matthews,Mecklenburg,No,Tuesday,Other / Unusual Circumstances,19.0,May,Bicycle Only,2015,19.0,No,O: No Injury,Female,Passenger Car,No,35.11786062,-80.74012875,Wet,40 - 45  MPH,Stop And Go Signal,Rain,No,0,0,5
Yes,13.0,No,With Traffic,C: Possible Injury,Male,Cherryville,Gaston,No,Wednesday,Bicyclist Failed to Yield - Signalized Intersection,17.0,May,Bicyclist Ride Through - Signalized Intersection,2015,53.0,No,O: No Injury,Male,Passenger Car,No,35.37996672,-81.38001262,Dry,20 - 25  MPH,Stop And Go Signal,Clear,No,0,0,5
Yes,40.0,Yes,With Traffic,C: Possible Injury,Male,Carolina Beach,New Hanover,Yes,Monday,Bicyclist Left Turn / Merge,18.0,May,Bicyclist Left Turn - Opposite Direction,2015,52.0,No,O: No Injury,Female,Passenger Car,No,34.02077103,-77.89783863,Dry,30 - 35  MPH,No Control Present,Clear,No,0,0,5
Yes,50.0,Yes,Not Applicable,O: No Injury,Male,Hickory,Catawba,Yes,Thursday,Non-Roadway,11.0,May,Non-Roadway,2015,50.0,No,O: No Injury,Female,Passenger Car,No,35.73195826,-81.33654192,Dry,Unknown,No Control Present,Clear,No,0,0,5
Yes,49.0,Unknown,With Traffic,K: Killed,Male,Durham,Durham,No,Sunday,Motorist Overtaking Bicyclist,1.0,May,Motorist Overtaking - Other / Unknown,2015,42.03850604944766,Missing,Unknown Injury,Unknown,Unknown,Yes,35.96869874,-78.86091354,Dry,40 - 45  MPH,No Control Present,Clear,No,1,0,5
Yes,20.0,No,With Traffic,C: Possible Injury,Male,Wilmington,New Hanover,No,Friday,Bicyclist Failed to Yield - Signalized Intersection,9.0,May,Bicyclist Ride Through - Signalized Intersection,2015,25.0,No,O: No Injury,Male,Passenger Car,No,34.17537754,-77.89916906,Dry,30 - 35  MPH,Stop And Go Signal,Clear,No,0,0,5
Yes,13.0,No,Facing Traffic,C: Possible Injury,Male,Garner,Wake,No,Saturday,Crossing Paths - Other Circumstances,14.0,May,Sign-Controlled Intersection - Other / Unknown,2015,57.0,No,C: Possible Injury,Female,Sport Utility,No,35.69843912,-78.61090298,Dry,30 - 35  MPH,Stop Sign,Cloudy,No,0,0,5
No,50.0,No,Facing Traffic,O: No Injury,Male,Salisbury,Rowan,No,Monday,Motorist Failed to Yield - Signalized Intersection,10.0,June,Motorist Drive Out - Right Turn on Red,2015,54.0,No,O: No Injury,Male,Pickup,No,35.66432142,-80.4994701,Dry,40 - 45  MPH,Stop And Go Signal,Clear,No,0,0,6
Yes,9.0,No,Not Applicable,K: Killed,Male,None - Rural Crash,Wake,No,Tuesday,Bicyclist Failed to Yield - Midblock,20.0,May,Bicyclist Ride Out - Other Midblock,2015,32.0,No,O: No Injury,Female,Passenger Car,No,35.92781351,-78.50460825,Dry,40 - 45  MPH,"Double Yellow Line, No Passing Zone",Clear,No,0,0,5
No,35.0,No,With Traffic,C: Possible Injury,Male,Chapel Hill,Orange,No,Tuesday,Motorist Left Turn / Merge,10.0,January,Motorist Left Turn - Opposite Direction,2014,52.0,No,O: No Injury,Male,Van,No,35.90816249,-79.0546526,Dry,20 - 25  MPH,Stop And Go Signal,Cloudy,No,0,0,1
No,24.0,No,With Traffic,C: Possible Injury,Male,Chapel Hill,Orange,No,Thursday,Bicyclist Overtaking Motorist,18.0,April,Bicyclist Overtaking - Extended Door,2014,29.0,No,O: No Injury,Male,Sport Utility,No,35.90539852,-79.05349378,Dry,20 - 25  MPH,No Control Present,Clear,No,0,0,4
No,20.0,No,With Traffic,C: Possible Injury,Male,Chapel Hill,Orange,No,Friday,Motorist Right Turn / Merge,11.0,April,Motorist Right Turn - Same Direction,2014,63.0,No,O: No Injury,Male,Sport Utility,No,35.9120516,-79.04720412,Dry,20 - 25  MPH,No Control Present,Cloudy,No,0,0,4
No,8.0,No,With Traffic,O: No Injury,Male,Wilson,Wilson,No,Friday,Motorist Overtaking Bicyclist,20.0,May,Motorist Overtaking - Other / Unknown,2015,42.03850604944766,Missing,Unknown Injury,Unknown,Unknown,Yes,35.72715947,-77.91648392,Dry,30 - 35  MPH,No Control Present,Clear,No,1,0,5
No,14.0,No,With Traffic,C: Possible Injury,Male,None - Rural Crash,Randolph,No,Sunday,Motorist Overtaking Bicyclist,17.0,May,Motorist Overtaking - Bicyclist Swerved,2015,29.0,No,O: No Injury,Male,Sport Utility,No,35.56001559,-79.82857386,Dry,50 - 55  MPH,"Double Yellow Line, No Passing Zone",Clear,No,0,0,5
Yes,14.0,No,Not Applicable,C: Possible Injury,Male,Gastonia,Gaston,No,Thursday,Bicyclist Failed to Yield - Midblock,20.0,June,Bicyclist Ride Out - Other Midblock,2015,58.0,No,O: No Injury,Female,Van,No,35.23639036,-81.21678983,Dry,30 - 35  MPH,No Control Present,Clear,No,0,0,6
Yes,39.0,No,Facing Traffic,C: Possible Injury,Male,Durham,Durham,No,Tuesday,Motorist Failed to Yield - Sign-Controlled Intersection,17.0,May,Motorist Drive Out - Sign-Controlled Intersection,2015,29.0,No,O: No Injury,Male,Passenger Car,No,35.9598041,-78.89340248,Dry,30 - 35  MPH,Stop Sign,Clear,No,0,0,5
No,13.0,No,With Traffic,C: Possible Injury,Male,Asheboro,Randolph,No,Tuesday,Motorist Right Turn / Merge,15.0,May,Motorist Right Turn - Same Direction,2015,46.0,No,C: Possible Injury,Male,Police,No,35.69221005,-79.81578992,Dry,30 - 35  MPH,Stop Sign,Clear,No,0,0,5
No,67.0,No,With Traffic,O: No Injury,Male,None - Rural Crash,Craven,No,Sunday,Motorist Overtaking Bicyclist,19.0,May,Motorist Overtaking - Other / Unknown,2015,43.0,No,O: No Injury,Male,Van,No,35.19208741,-77.34125539,Dry,50 - 55  MPH,No Control Present,Clear,No,0,0,5
Yes,20.0,No,With Traffic,C: Possible Injury,Male,Laurinburg,Scotland,No,Monday,Motorist Overtaking Bicyclist,23.0,June,Motorist Overtaking - Undetected Bicyclist,2015,41.0,No,O: No Injury,Female,"Light Truck (Mini-Van, Panel)",No,34.76103584,-79.48987837,Wet,30 - 35  MPH,No Control Present,Rain,No,0,0,6
Yes,14.0,No,Facing Traffic,C: Possible Injury,Male,Cary,Wake,No,Friday,Motorist Failed to Yield - Midblock,14.0,May,Motorist Drive Out - Commercial Driveway / Alley,2015,17.0,No,O: No Injury,Female,Passenger Car,No,35.76932261,-78.76393086,Dry,Unknown,Stop Sign,Clear,No,0,0,5
No,12.0,No,Not Applicable,O: No Injury,Male,None - Rural Crash,Buncombe,No,Friday,Bicyclist Failed to Yield - Midblock,18.0,June,Bicyclist Ride Out - Other Midblock,2015,24.0,No,O: No Injury,Male,Sport Utility,No,35.57395614,-82.65624104,Dry,30 - 35  MPH,"Double Yellow Line, No Passing Zone",Clear,No,0,0,6
Yes,15.0,No,With Traffic,C: Possible Injury,Female,Rocky Mount,Edgecombe,No,Tuesday,Bicyclist Failed to Yield - Sign-Controlled Intersection,15.0,June,Bicyclist Ride Through - Sign-Controlled Intersection,2015,20.0,No,O: No Injury,Male,Van,No,35.92676121,-77.78820007,Dry,30 - 35  MPH,Stop Sign,Clear,No,0,0,6
Yes,49.0,No,With Traffic,C: Possible Injury,Male,Wilson,Wilson,No,Monday,Motorist Failed to Yield - Midblock,14.0,March,Motorist Drive Out - Commercial Driveway / Alley,2015,74.0,No,O: No Injury,Male,Passenger Car,No,35.73075608,-77.95115067,Dry,30 - 35  MPH,No Control Present,Clear,No,0,0,3
No,33.0,No,With Traffic,O: No Injury,Male,Charlotte,Mecklenburg,No,Friday,Motorist Overtaking Bicyclist,21.0,June,Motorist Overtaking - Undetected Bicyclist,2015,38.0,No,O: No Injury,Male,Sport Utility,No,35.21994772,-80.80581698,Dry,30 - 35  MPH,No Control Present,Clear,No,0,0,6
Yes,17.0,No,Facing Traffic,C: Possible Injury,Male,Cary,Wake,No,Sunday,Motorist Failed to Yield - Midblock,23.0,May,Motorist Drive Out - Commercial Driveway / Alley,2015,39.0,No,O: No Injury,Female,Sport Utility,No,35.76410632,-78.78364597,Dry,Unknown,Stop Sign,Clear,No,0,0,5
No,7.0,No,Facing Traffic,O: No Injury,Male,Cary,Wake,No,Tuesday,Motorist Failed to Yield - Sign-Controlled Intersection,16.0,May,Motorist Drive Out - Sign-Controlled Intersection,2015,42.03850604944766,Missing,Unknown Injury,Unknown,Unknown,Yes,35.79532805,-78.81781586,Dry,20 - 25  MPH,Stop Sign,Clear,No,1,0,5
Yes,38.0,No,With Traffic,C: Possible Injury,Male,New Bern,Craven,No,Saturday,Bicyclist Failed to Yield - Signalized Intersection,16.0,May,Bicyclist Ride Through - Signalized Intersection,2015,18.0,No,O: No Injury,Female,Passenger Car,No,35.11014095,-77.06774576,Dry,40 - 45  MPH,Stop And Go Signal,Clear,No,0,0,5
No,53.0,No,Facing Traffic,O: No Injury,Male,Washington,Beaufort,No,Monday,Crossing Paths - Other Circumstances,15.0,May,Sign-Controlled Intersection - Other / Unknown,2015,30.0,Unknown,O: No Injury,Male,Passenger Car,No,35.54880069,-77.05646451,Dry,30 - 35  MPH,Stop Sign,Clear,No,0,0,5
Yes,19.0,No,Not Applicable,C: Possible Injury,Female,Wilmington,New Hanover,No,Tuesday,Bicyclist Failed to Yield - Midblock,12.0,May,Bicyclist Ride Out - Other Midblock,2015,18.0,No,O: No Injury,Female,Sport Utility,No,34.23192756,-77.8808542,Dry,30 - 35  MPH,No Control Present,Clear,No,0,0,5
No,23.0,No,With Traffic,O: No Injury,Male,Winston-Salem,Forsyth,No,Friday,Bicyclist Overtaking Motorist,18.0,May,Bicyclist Overtaking - Other / Unknown,2015,40.0,No,O: No Injury,Male,Passenger Car,No,36.09788816,-80.24940452,Dry,30 - 35  MPH,No Control Present,Cloudy,No,0,0,5
Yes,25.0,No,Not Applicable,C: Possible Injury,Female,Wilmington,New Hanover,No,Sunday,Bicyclist Failed to Yield - Signalized Intersection,13.0,May,Bicyclist Ride Through - Signalized Intersection,2015,25.0,No,O: No Injury,Male,Passenger Car,No,34.2363236,-77.93695038,Wet,40 - 45  MPH,No Control Present,Rain,No,0,0,5
Yes,18.0,No,With Traffic,O: No Injury,Male,Charlotte,Mecklenburg,No,Thursday,Motorist Overtaking Bicyclist,16.0,June,Motorist Overtaking - Bicyclist Swerved,2015,58.0,No,Unknown Injury,Female,Passenger Car,No,35.21674393,-80.89499969,Dry,30 - 35  MPH,No Control Present,Clear,No,0,0,6
Yes,58.0,No,Facing Traffic,C: Possible Injury,Male,Henderson,Vance,No,Friday,Motorist Failed to Yield - Sign-Controlled Intersection,19.0,May,Motorist Drive Out - Sign-Controlled Intersection,2015,19.0,No,O: No Injury,Male,Passenger Car,No,36.32034645,-78.41503052,Dry,30 - 35  MPH,Stop Sign,Clear,No,0,0,5
No,38.0,No,Facing Traffic,C: Possible Injury,Male,Wilmington,New Hanover,No,Sunday,Motorist Failed to Yield - Midblock,19.0,May,Motorist Drive Out - Commercial Driveway / Alley,2015,56.0,No,O: No Injury,Female,Sport Utility,No,34.21799637,-77.88684282,Dry,5 - 15 MPH,No Control Present,Clear,No,0,0,5
No,44.0,No,With Traffic,O: No Injury,Male,Wilmington,New Hanover,No,Thursday,Bicyclist Failed to Yield - Signalized Intersection,19.0,May,Bicyclist Ride Through - Signalized Intersection,2015,24.0,No,O: No Injury,Female,Passenger Car,No,34.22597335,-77.92422903,Dry,40 - 45  MPH,Stop And Go Signal,Clear,No,0,0,5
Yes,31.0,No,Facing Traffic,C: Possible Injury,Male,Albemarle,Stanly,No,Monday,Motorist Failed to Yield - Sign-Controlled Intersection,11.0,June,Motorist Drive Out - Sign-Controlled Intersection,2015,62.0,No,O: No Injury,Female,Sport Utility,No,35.36451148,-80.19596899,Dry,20 - 25  MPH,Stop Sign,Clear,No,0,0,6
Yes,12.0,No,Facing Traffic,O: No Injury,Male,Wallace,Duplin,No,Friday,Motorist Failed to Yield - Sign-Controlled Intersection,17.0,June,Motorist Drive Out - Sign-Controlled Intersection,2015,44.0,No,O: No Injury,Female,Sport Utility,No,34.73485825,-77.99636807,Dry,20 - 25  MPH,No Control Present,Clear,No,0,0,6
Yes,16.0,No,Not Applicable,C: Possible Injury,Male,Mount Airy,Surry,No,Friday,Non-Roadway,12.0,June,Non-Roadway,2015,64.0,No,O: No Injury,Male,Pickup,No,36.50164281,-80.63254903,Dry,5 - 15 MPH,No Control Present,Clear,No,0,0,6
Yes,25.0,No,With Traffic,O: No Injury,Male,Thomasville,Davidson,No,Saturday,Bicyclist Failed to Yield - Sign-Controlled Intersection,18.0,June,Bicyclist Ride Through - Sign-Controlled Intersection,2015,28.0,No,O: No Injury,Male,Passenger Car,No,35.8917239,-80.06875701,Dry,20 - 25  MPH,Stop Sign,Clear,No,0,0,6
Yes,52.0,No,With Traffic,O: No Injury,Female,None - Rural Crash,New Hanover,No,Saturday,Motorist Overtaking Bicyclist,14.0,May,Motorist Overtaking - Other / Unknown,2015,42.03850604944766,Missing,Unknown Injury,Unknown,Unknown,Yes,34.30735094,-77.90156324,Dry,50 - 55  MPH,"Double Yellow Line, No Passing Zone",Clear,No,1,0,5
Yes,61.0,No,Not Applicable,C: Possible Injury,Male,Kinston,Lenoir,No,Thursday,Bicyclist Failed to Yield - Midblock,14.0,June,Multiple Threat - Midblock,2015,64.0,No,O: No Injury,Male,Passenger Car,No,35.26870712,-77.58311844,Dry,30 - 35  MPH,No Control Present,Clear,No,0,0,6
Yes,44.0,No,With Traffic,C: Possible Injury,Male,Greensboro,Guilford,No,Monday,Motorist Overtaking Bicyclist,12.0,June,Motorist Overtaking - Other / Unknown,2015,22.0,No,O: No Injury,Female,Passenger Car,No,36.06067564,-79.82250508,Dry,30 - 35  MPH,No Control Present,Clear,No,0,0,6
Yes,77.0,No,Not Applicable,A: Suspected Serious Injury,Male,Greensboro,Guilford,No,Monday,Bicyclist Right Turn / Merge,18.0,June,Bicyclist Right Turn - Same Direction,2015,23.0,No,O: No Injury,Male,Passenger Car,No,36.10885521,-79.76494387,Dry,30 - 35  MPH,No Control Present,Clear,No,0,0,6
No,14.0,No,Not Applicable,O: No Injury,Male,Raleigh,Wake,No,Saturday,Non-Roadway,14.0,June,Non-Roadway,2015,25.0,No,O: No Injury,Female,Passenger Car,No,35.754804,-78.61413561,Dry,5 - 15 MPH,No Control Present,Clear,No,0,0,6
No,12.0,No,With Traffic,A: Suspected Serious Injury,Male,Raleigh,Wake,No,Tuesday,Bicyclist Failed to Yield - Sign-Controlled Intersection,8.0,June,Bicyclist Ride Through - Sign-Controlled Intersection,2015,40.0,No,O: No Injury,Male,Passenger Car,No,35.85158462,-78.63043644,Dry,30 - 35  MPH,Stop Sign,Clear,No,0,0,6
Yes,56.0,No,Not Applicable,C: Possible Injury,Male,Charlotte,Mecklenburg,No,Thursday,Bicyclist Failed to Yield - Midblock,10.0,June,Bicyclist Ride Out - Commercial Driveway / Alley,2015,51.0,No,O: No Injury,Female,Passenger Car,No,35.25727045,-80.78306846,Dry,30 - 35  MPH,No Control Present,Clear,No,0,0,6
No,13.0,No,With Traffic,C: Possible Injury,Male,None - Rural Crash,Dare,No,Friday,Parallel Paths - Other Circumstances,15.0,June,Bicyclist Ride Out - Parallel Path,2015,28.0,No,O: No Injury,Female,Pickup,No,35.36038839,-75.50125488,Dry,30 - 35  MPH,No Control Present,Clear,No,0,0,6
Yes,25.0,No,With Traffic,K: Killed,Male,None - Rural Crash,Brunswick,No,Saturday,Motorist Overtaking Bicyclist,21.0,June,Motorist Overtaking - Undetected Bicyclist,2015,52.0,No,O: No Injury,Male,Sport Utility,No,33.99455935,-78.30258875,Dry,50 - 55  MPH,"Double Yellow Line, No Passing Zone",Clear,No,0,0,6
Yes,19.0,No,With Traffic,A: Suspected Serious Injury,Male,None - Rural Crash,Dare,No,Thursday,Crossing Paths - Other Circumstances,14.0,June,Sign-Controlled Intersection - Other / Unknown,2015,24.0,No,O: No Injury,Female,Sport Utility,No,35.56818986,-75.46814565,Dry,30 - 35  MPH,Stop Sign,Clear,No,0,0,6
No,48.0,Yes,With Traffic,O: No Injury,Male,Cherryville,Gaston,Yes,Friday,Motorist Overtaking Bicyclist,21.0,June,Motorist Overtaking - Undetected Bicyclist,2015,56.0,No,O: No Injury,Female,Sport Utility,No,35.38594205,-81.36519772,Wet,30 - 35  MPH,No Control Present,Cloudy,No,0,0,6
Yes,47.0,No,Facing Traffic,O: No Injury,Male,Fayetteville,Cumberland,No,Friday,Bicyclist Failed to Yield - Signalized Intersection,16.0,June,Bicyclist Ride Through - Signalized Intersection,2015,55.0,No,O: No Injury,Female,Passenger Car,No,35.07155743,-78.89434859,Dry,5 - 15 MPH,Stop And Go Signal,Clear,No,0,0,6
Yes,60.0,No,Facing Traffic,C: Possible Injury,Male,None - Rural Crash,New Hanover,No,Friday,Motorist Failed to Yield - Midblock,10.0,June,Motorist Drive Out - Other Midblock,2015,19.0,No,O: No Injury,Male,Passenger Car,No,34.07944422,-77.89468467,Dry,5 - 15 MPH,No Control Present,Clear,No,0,0,6
No,14.0,No,Facing Traffic,C: Possible Injury,Male,Scotland Neck,Halifax,No,Monday,Bicyclist Failed to Yield - Sign-Controlled Intersection,17.0,June,Bicyclist Ride Through - Sign-Controlled Intersection,2015,60.0,No,C: Possible Injury,Female,Sport Utility,No,36.1320308,-77.41968321,Dry,20 - 25  MPH,Stop Sign,Clear,No,0,0,6
Yes,10.0,No,With Traffic,C: Possible Injury,Female,Cornelius,Mecklenburg,No,Wednesday,Bicyclist Failed to Yield - Sign-Controlled Intersection,12.0,June,Bicyclist Ride Out - Sign-Controlled Intersection,2015,29.0,No,O: No Injury,Female,Passenger Car,No,35.47686529,-80.89328389,Dry,40 - 45  MPH,Stop Sign,Clear,No,0,0,6
No,56.0,No,With Traffic,C: Possible Injury,Male,Raleigh,Wake,No,Saturday,Motorist Left Turn / Merge,9.0,June,Motorist Left Turn - Opposite Direction,2015,49.0,No,O: No Injury,Female,Passenger Car,No,35.78088966,-78.65063611,Dry,30 - 35  MPH,Stop And Go Signal,Clear,No,0,0,6
Yes,33.0,No,Unknown,C: Possible Injury,Male,Durham,Durham,No,Thursday,Motorist Failed to Yield - Midblock,18.0,June,Motorist Drive Out - Commercial Driveway / Alley,2015,54.0,Missing,O: No Injury,Female,Passenger Car,No,35.96077451,-78.95757898,Dry,30 - 35  MPH,Stop Sign,Cloudy,No,0,0,6
Yes,14.0,No,Facing Traffic,C: Possible Injury,Male,Charlotte,Mecklenburg,No,Sunday,Motorist Failed to Yield - Sign-Controlled Intersection,14.0,March,Motorist Drive Out - Sign-Controlled Intersection,2015,28.0,No,O: No Injury,Male,Passenger Car,No,35.21705092,-80.79191046,Dry,30 - 35  MPH,Stop Sign,Clear,No,0,0,3
Yes,9.0,No,Not Applicable,K: Killed,Male,Cary,Wake,No,Tuesday,Bicyclist Failed to Yield - Midblock,19.0,May,Bicyclist Ride Out - Commercial Driveway / Alley,2015,49.0,No,O: No Injury,Female,Sport Utility,No,35.78935202,-78.76437974,Dry,Unknown,No Control Present,Clear,No,0,0,5
Yes,19.0,No,Facing Traffic,C: Possible Injury,Female,Raleigh,Wake,No,Thursday,Crossing Paths - Other Circumstances,19.0,June,Sign-Controlled Intersection - Other / Unknown,2015,41.0,No,O: No Injury,Male,"Light Truck (Mini-Van, Panel)",No,35.83094893,-78.59404566,Dry,30 - 35  MPH,No Control Present,Clear,No,0,0,6
No,23.0,Yes,With Traffic,C: Possible Injury,Female,Wilmington,New Hanover,Yes,Tuesday,Motorist Right Turn / Merge,14.0,June,Motorist Right Turn - Same Direction,2015,42.03850604944766,Unknown,Unknown Injury,Unknown,Unknown,Yes,34.22880842,-77.87108574,Dry,20 - 25  MPH,Stop And Go Signal,Clear,No,1,0,6