AmbulanceR,BikeAge,BikeAlcFlg,BikeDir,BikeInjury,BikeSex,City,County,CrashAlcoh,CrashDay,CrashGrp,CrashHour,CrashMonth,CrashType,CrashYear,DrvrAge,DrvrAlcFlg,DrvrInjury,DrvrSex,DrvrVehTyp,HitRun,Latitude,Longitude,RdConditio,SpeedLimit,TraffCntrl,Weather,Workzone,DrvrAgeImputedFlag,BikeAgeImputedFlag,MonthCode
Yes,17.0,No,With Traffic,C: Possible Injury,Male,Thomasville,Davidson,No,Friday,Motorist Overtaking Bicyclist,23.0,June,Motorist Overtaking - Undetected Bicyclist,2015,21.0,No,O: No Injury,Male,Passenger Car,No,35.87211284,-80.07555495,Wet,30 - 35  MPH,No Control Present,Rain,No,0,0,6
Yes,28.0,Yes,With Traffic,C: Possible Injury,Female,None - Rural Crash,Northampton,Yes,Monday,Backing Vehicle,0.0,June,Backing Vehicle,2015,31.0,Unknown,Unknown Injury,Male,Passenger Car,Yes,36.25285622,-77.30542655,Dry,50 - 55  MPH,No Control Present,Clear,No,0,0,6
Yes,43.0,No,With Traffic,C: Possible Injury,Male,Stallings,Union,No,Saturday,Bicyclist Right Turn / Merge,14.0,June,Bicyclist Right Turn - Same Direction,2015,20.0,No,O: No Injury,Female,Passenger Car,No,35.10727463,-80.66144615,Dry,40 - 45  MPH,No Control Present,Clear,No,0,0,6
No,36.0,No,With Traffic,O: No Injury,Male,Durham,Durham,No,Sunday,Motorist Failed to Yield - Sign-Controlled Intersection,9.0,June,Motorist Drive Out - Sign-Controlled Intersection,2015,39.0,No,O: No Injury,Female,Passenger Car,No,35.92892247,-78.89932415,Dry,5 - 15 MPH,Stop And Go Signal,Clear,No,0,0,6
Yes,43.0,No,With Traffic,A: Suspected Serious Injury,Male,Durham,Durham,No,Saturday,Motorist Overtaking Bicyclist,21.0,July,Motorist Overtaking - Other / Unknown,2015,71.0,No,O: No Injury,Male,Passenger Car,No,35.98089408,-78.92031172,Dry,20 - 25  MPH,No Control Present,Clear,No,0,0,7
Yes,71.0,No,With Traffic,C: Possible Injury,Male,Summerfield,Guilford,No,Monday,Bicyclist Overtaking Motorist,13.0,June,Bicyclist Overtaking - Parked Vehicle,2015,69.0,No,O: No Injury,Male,Van,No,36.20605511,-79.86174438,Dry,40 - 45  MPH,"Double Yellow Line, No Passing Zone",Clear,No,0,0,6
Yes,42.0,No,With Traffic,C: Possible Injury,Male,Raleigh,Wake,No,Saturday,Bicyclist Overtaking Motorist,14.0,June,Bicyclist Overtaking - Passing on Right,2015,82.0,No,O: No Injury,Female,Passenger Car,No,35.8201851,-78.59353379,Dry,40 - 45  MPH,No Control Present,Cloudy,No,0,0,6
Yes,45.0,No,With Traffic,A: Suspected Serious Injury,Male,None - Rural Crash,Onslow,No,Monday,Motorist Left Turn / Merge,10.0,June,Motorist Left Turn - Opposite Direction,2015,85.0,No,O: No Injury,Female,Van,No,34.71410281,-77.23383268,Dry,40 - 45  MPH,Stop Sign,Clear,No,0,0,6
Yes,25.0,No,With Traffic,A: Suspected Serious Injury,Female,Elizabeth City,Pasquotank,No,Saturday,Motorist Overtaking Bicyclist,21.0,June,Motorist Overtaking - Other / Unknown,2015,55.0,No,O: No Injury,Female,Passenger Car,No,36.33238405,-76.28785376,Dry,50 - 55  MPH,No Control Present,Cloudy,No,0,0,6
Yes,55.0,No,With Traffic,C: Possible Injury,Male,Rocky Mount,Nash,No,Monday,Motorist Overtaking Bicyclist,15.0,July,Motorist Overtaking - Other / Unknown,2015,79.0,Missing,Unknown Injury,Female,Unknown,No,35.97530126,-77.81023572,Dry,Unknown,Stop Sign,Clear,No,0,0,7
Yes,25.0,No,With Traffic,C: Possible Injury,Female,Charlotte,Mecklenburg,No,Tuesday,Motorist Left Turn / Merge,21.0,June,Motorist Left Turn - Opposite Direction,2015,64.0,No,O: No Injury,Male,Sport Utility,No,35.23199578,-80.8271653,Dry,30 - 35  MPH,No Control Present,Clear,No,0,0,6
Yes,17.0,No,With Traffic,C: Possible Injury,Male,Jacksonville,Onslow,No,Thursday,Crossing Paths - Other Circumstances,16.0,June,Sign-Controlled Intersection - Other / Unknown,2015,44.0,No,O: No Injury,Male,Pickup,No,34.77004835,-77.426056,Dry,30 - 35  MPH,No Control Present,Clear,No,0,0,6
Yes,19.0,No,Not Applicable,C: Possible Injury,Female,Winston-Salem,Forsyth,No,Wednesday,Bicyclist Failed to Yield - Midblock,12.0,June,Bicyclist Ride Out - Other Midblock,2015,32.0,No,O: No Injury,Female,Sport Utility,No,36.18538773,-80.28183584,Dry,40 - 45  MPH,No Control Present,Clear,No,0,0,6
Yes,14.0,No,Facing Traffic,C: Possible Injury,Male,None - Rural Crash,Columbus,No,Monday,Motorist Overtaking Bicyclist,19.0,July,Motorist Overtaking - Other / Unknown,2015,42.03850604944766,Unknown,Unknown Injury,Unknown,Unknown,Yes,34.33322595,-78.74316913,Dry,50 - 55  MPH,Other,Clear,No,1,0,7
Yes,29.0,No,With Traffic,C: Possible Injury,Male,Garner,Wake,No,Tuesday,Bicyclist Overtaking Motorist,12.0,July,Bicyclist Overtaking - Parked Vehicle,2015,42.03850604944766,Missing,Unknown Injury,Unknown,Sport Utility,No,35.70727353,-78.60824737,Dry,20 - 25  MPH,No Control Present,Clear,No,1,0,7
Yes,17.0,No,With Traffic,C: Possible Injury,Male,Charlotte,Mecklenburg,No,Monday,Motorist Failed to Yield - Midblock,15.0,June,Motorist Drive Out - Commercial Driveway / Alley,2015,30.0,No,O: No Injury,Female,Sport Utility,No,35.26388837,-80.85464964,Dry,5 - 15 MPH,No Control Present,Clear,No,0,0,6
Yes,62.0,No,Facing Traffic,C: Possible Injury,Male,Charlotte,Mecklenburg,No,Thursday,Motorist Failed to Yield - Sign-Controlled Intersection,8.0,July,Motorist Drive Out - Sign-Controlled Intersection,2015,30.0,No,O: No Injury,Female,Passenger Car,No,35.21322861,-80.89128085,Dry,20 - 25  MPH,Stop Sign,Clear,No,0,0,7
No,52.0,Yes,With Traffic,O: No Injury,Male,Clarkton,Bladen,Yes,Monday,Bicyclist Failed to Yield - Signalized Intersection,23.0,June,Bicyclist Ride Through - Signalized Intersection,2015,28.0,No,O: No Injury,Male,Police,No,34.48981075,-78.66176084,Dry,30 - 35  MPH,Stop And Go Signal,Clear,No,0,0,6
No,47.0,No,Not Applicable,O: No Injury,Male,Salisbury,Rowan,No,Friday,Bicyclist Failed to Yield - Midblock,17.0,July,Bicyclist Ride Out - Commercial Driveway / Alley,2015,57.0,No,O: No Injury,Female,Passenger Car,No,35.67678709,-80.45768923,Dry,30 - 35  MPH,Stop And Go Signal,Clear,No,0,0,7
No,14.0,No,Facing Traffic,O: No Injury,Male,Raleigh,Wake,No,Monday,Motorist Failed to Yield - Signalized Intersection,17.0,July,Motorist Drive Out - Right Turn on Red,2015,26.0,No,O: No Injury,Male,Pickup,Yes,35.8940156,-78.62266208,Dry,40 - 45  MPH,Stop And Go Signal,Clear,No,0,0,7
Yes,14.0,No,Unknown,A: Suspected Serious Injury,Male,None - Rural Crash,Pitt,No,Tuesday,Bicyclist Failed to Yield - Sign-Controlled Intersection,17.0,July,Bicyclist Ride Through - Sign-Controlled Intersection,2015,18.0,No,O: No Injury,Male,Passenger Car,No,35.67078099,-77.44784628,Dry,50 - 55  MPH,Stop Sign,Clear,No,0,0,7
Yes,34.0,No,With Traffic,C: Possible Injury,Male,None - Rural Crash,Jackson,No,Thursday,Motorist Left Turn / Merge,1.0,July,Motorist Left Turn - Opposite Direction,2015,26.0,Unknown,O: No Injury,Female,Passenger Car,No,35.3938451,-83.19792413,Dry,30 - 35  MPH,"Double Yellow Line, No Passing Zone",Cloudy,No,0,0,7
Yes,29.0,No,With Traffic,C: Possible Injury,Male,Greensboro,Guilford,No,Monday,Bicyclist Left Turn / Merge,14.0,July,Bicyclist Left Turn - Same Direction,2015,36.0,No,O: No Injury,Female,Pickup,No,36.08390824,-79.83321447,Dry,30 - 35  MPH,Stop And Go Signal,Clear,No,0,0,7
Yes,11.0,No,Not Applicable,A: Suspected Serious Injury,Female,None - Rural Crash,Duplin,No,Monday,Bicyclist Failed to Yield - Midblock,18.0,June,Bicyclist Ride Out - Residential Driveway,2015,41.0,No,O: No Injury,Female,Passenger Car,No,35.15802395,-78.02274085,Dry,50 - 55  MPH,No Control Present,Clear,No,0,0,6
Yes,15.0,No,Facing Traffic,C: Possible Injury,Male,Charlotte,Mecklenburg,No,Tuesday,Bicyclist Failed to Yield - Signalized Intersection,9.0,July,Bicyclist Ride Through - Signalized Intersection,2015,65.0,No,O: No Injury,Female,Sport Utility,No,35.09670148,-80.85940577,Dry,20 - 25  MPH,Stop And Go Signal,Cloudy,No,0,0,7
Yes,58.0,No,With Traffic,A: Suspected Serious Injury,Male,Indian Beach,Carteret,No,Monday,Motorist Overtaking Bicyclist,9.0,July,Motorist Overtaking - Other / Unknown,2015,67.0,No,O: No Injury,Female,Passenger Car,No,34.68926985,-76.87294701,Dry,40 - 45  MPH,No Control Present,Clear,No,0,0,7
Yes,27.0,Unknown,With Traffic,O: No Injury,Female,Raleigh,Wake,No,Sunday,Motorist Right Turn / Merge,18.0,July,Motorist Right Turn - Same Direction,2015,42.03850604944766,Missing,Unknown Injury,Unknown,Passenger Car,Yes,35.86855765,-78.63920116,Dry,40 - 45  MPH,No Control Present,Clear,No,1,0,7
No,39.0,No,With Traffic,C: Possible Injury,Male,Kings Mountain,Cleveland,No,Saturday,Motorist Failed to Yield - Sign-Controlled Intersection,10.0,July,Motorist Drive Out - Sign-Controlled Intersection,2015,50.0,No,O: No Injury,Female,"Light Truck (Mini-Van, Panel)",No,35.23927439,-81.34892412,Dry,20 - 25  MPH,Stop Sign,Clear,No,0,0,7
No,46.0,Unknown,With Traffic,O: No Injury,Male,Charlotte,Mecklenburg,No,Wednesday,Motorist Right Turn / Merge,13.0,July,Motorist Right Turn - Same Direction,2015,65.0,No,O: No Injury,Male,Passenger Car,No,35.16888885,-80.85064412,Dry,30 - 35  MPH,Stop And Go Signal,Cloudy,No,0,0,7
Yes,12.0,No,With Traffic,C: Possible Injury,Male,Charlotte,Mecklenburg,No,Wednesday,Parallel Paths - Other Circumstances,14.0,July,Bicyclist Ride Out - Parallel Path,2015,68.0,No,O: No Injury,Female,Passenger Car,No,35.1172447,-80.86260315,Dry,30 - 35  MPH,No Control Present,Clear,No,0,0,7
Yes,28.0,Yes,Unknown,C: Possible Injury,Male,Charlotte,Mecklenburg,Yes,Wednesday,Crossing Paths - Other Circumstances,22.0,July,Crossing Paths - Intersection - Other / Unknown,2015,42.03850604944766,Missing,Unknown Injury,Unknown,Unknown,Yes,35.1487084,-80.92559722,Dry,40 - 45  MPH,No Control Present,Clear,No,1,0,7
No,22.0,No,Facing Traffic,C: Possible Injury,Male,Wilmington,New Hanover,No,Wednesday,Motorist Failed to Yield - Sign-Controlled Intersection,14.0,June,Motorist Drive Out - Sign-Controlled Intersection,2015,24.0,No,O: No Injury,Male,Passenger Car,No,34.198079,-77.90874642,Dry,30 - 35  MPH,Stop Sign,Clear,No,0,0,6
Yes,9.0,No,Facing Traffic,C: Possible Injury,Male,Wilson,Wilson,No,Wednesday,Bicyclist Failed to Yield - Signalized Intersection,15.0,July,Bicyclist Ride Through - Signalized Intersection,2015,31.0,No,O: No Injury,Male,Unknown,Yes,35.73697041,-77.95203587,Dry,40 - 45  MPH,Stop And Go Signal,Clear,No,0,0,7
Yes,56.0,Yes,With Traffic,K: Killed,Male,Morrisville,Wake,Yes,Friday,Motorist Overtaking Bicyclist,22.0,July,Motorist Overtaking - Undetected Bicyclist,2015,79.0,No,O: No Injury,Male,Van,No,35.85680936,-78.84286854,Dry,40 - 45  MPH,Stop And Go Signal,Clear,No,0,0,7
Yes,14.0,No,Facing Traffic,C: Possible Injury,Male,Durham,Durham,No,Sunday,Motorist Failed to Yield - Midblock,16.0,July,Motorist Drive Out - Commercial Driveway / Alley,2015,42.03850604944766,Missing,Unknown Injury,Unknown,Pickup,Yes,36.05123598,-78.9058353,Dry,30 - 35  MPH,No Control Present,Clear,No,1,0,7
No,10.0,No,Not Applicable,O: No Injury,Male,None - Rural Crash,Alamance,No,Friday,Bicyclist Failed to Yield - Midblock,16.0,July,Bicyclist Ride Out - Residential Driveway,2015,33.0,No,O: No Injury,Female,Passenger Car,No,36.1236998,-79.41895435,Dry,40 - 45  MPH,"Double Yellow Line, No Passing Zone",Clear,No,0,0,7
Yes,18.0,No,Facing Traffic,C: Possible Injury,Male,None - Rural Crash,Johnston,No,Friday,Motorist Left Turn / Merge,18.0,July,Motorist Left Turn - Same Direction,2015,64.0,No,O: No Injury,Female,Passenger Car,No,35.39359394,-78.52672261,Dry,50 - 55  MPH,No Control Present,Clear,No,0,0,7
Yes,54.0,No,With Traffic,C: Possible Injury,Male,Kernersville,Forsyth,No,Monday,Motorist Left Turn / Merge,17.0,July,Motorist Left Turn - Opposite Direction,2015,23.0,No,O: No Injury,Male,Passenger Car,No,36.07822561,-80.10791078,Dry,40 - 45  MPH,No Control Present,Cloudy,Yes,0,0,7
Yes,35.0,No,With Traffic,C: Possible Injury,Male,Surf City,Pender,No,Sunday,Motorist Failed to Yield - Sign-Controlled Intersection,7.0,July,Motorist Drive Out - Sign-Controlled Intersection,2015,43.0,No,O: No Injury,Female,Sport Utility,No,34.44641316,-77.59802383,Dry,40 - 45  MPH,Stop Sign,Clear,No,0,0,7
Yes,59.0,No,Not Applicable,C: Possible Injury,Male,Jacksonville,Onslow,No,Monday,Bicyclist Failed to Yield - Midblock,16.0,July,Bicyclist Ride Out - Commercial Driveway / Alley,2015,34.0,No,O: No Injury,Female,Taxicab,No,34.76441015,-77.4206241,Wet,30 - 35  MPH,No Control Present,Cloudy,No,0,0,7
Yes,47.0,No,Not Applicable,C: Possible Injury,Male,Raleigh,Wake,No,Wednesday,Bicyclist Failed to Yield - Signalized Intersection,19.0,July,Bicyclist Failed to Clear - Trapped,2015,42.03850604944766,Missing,Unknown Injury,Unknown,Passenger Car,Yes,35.80321182,-78.60808077,Dry,30 - 35  MPH,Stop And Go Signal,Clear,No,1,0,7
No,44.0,No,With Traffic,O: No Injury,Male,Southern Shores,Dare,No,Saturday,Motorist Right Turn / Merge,9.0,July,Motorist Right Turn - Same Direction,2015,28.0,No,O: No Injury,Male,Sport Utility,No,36.11309323,-75.71922628,Dry,40 - 45  MPH,No Control Present,Clear,No,0,0,7
Yes,32.0,No,With Traffic,O: No Injury,Male,High Point,Guilford,No,Friday,Motorist Left Turn / Merge,21.0,June,Motorist Left Turn - Opposite Direction,2015,19.0,No,O: No Injury,Female,Passenger Car,Yes,35.97668937,-79.97034234,Wet,Unknown,"Double Yellow Line, No Passing Zone",Clear,No,0,0,6
No,8.0,No,Unknown,Unknown Injury,Male,Jacksonville,Onslow,No,Sunday,Bicyclist Overtaking Motorist,14.0,July,Bicyclist Overtaking - Parked Vehicle,2015,26.0,No,Unknown Injury,Female,Passenger Car,No,34.77636307,-77.41679008,Dry,20 - 25  MPH,No Control Present,Clear,No,0,0,7
Yes,19.0,No,With Traffic,C: Possible Injury,Male,Greensboro,Guilford,No,Wednesday,Motorist Overtaking Bicyclist,1.0,July,Motorist Overtaking - Other / Unknown,2015,42.03850604944766,Missing,Unknown Injury,Unknown,Passenger Car,Yes,36.06015582,-79.78190627,Dry,30 - 35  MPH,No Control Present,Clear,No,1,0,7
No,11.0,No,With Traffic,C: Possible Injury,Male,None - Rural Crash,Rowan,No,Friday,Motorist Overtaking Bicyclist,11.0,July,Motorist Overtaking - Other / Unknown,2015,54.0,Unknown,O: No Injury,Female,Passenger Car,No,35.55312678,-80.59664766,Dry,30 - 35  MPH,"Double Yellow Line, No Passing Zone",Clear,No,0,0,7
Yes,13.0,No,Unknown,C: Possible Injury,Male,Statesville,Iredell,No,Monday,Bicyclist Failed to Yield - Sign-Controlled Intersection,17.0,July,Bicyclist Ride Through - Sign-Controlled Intersection,2015,65.0,No,O: No Injury,Female,Passenger Car,No,35.78406695,-80.87915579,Dry,30 - 35  MPH,Stop Sign,Clear,No,0,0,7
Yes,19.0,No,Facing Traffic,C: Possible Injury,Male,Wilmington,New Hanover,No,Sunday,Head-On,21.0,July,Head-On - Bicyclist,2015,51.0,No,B: Suspected Minor Injury,Male,Motorcycle,No,34.22087963,-77.94698359,Dry,30 - 35  MPH,No Control Present,Clear,No,0,0,7
Yes,53.0,No,With Traffic,C: Possible Injury,Male,None - Rural Crash,Hoke,No,Monday,Motorist Overtaking Bicyclist,7.0,July,Motorist Overtaking - Other / Unknown,2015,22.0,No,O: No Injury,Male,Pickup,No,34.9521461,-79.12418226,Dry,50 - 55  MPH,"Double Yellow Line, No Passing Zone",Clear,No,0,0,7
No,51.0,No,Facing Traffic,C: Possible Injury,Male,Charlotte,Mecklenburg,No,Saturday,Bicyclist Left Turn / Merge,12.0,August,Bicyclist Left Turn - Opposite Direction,2015,37.0,No,O: No Injury,Female,Sport Utility,No,35.24904184,-80.81545401,Dry,30 - 35  MPH,No Control Present,Clear,No,0,0,8
Yes,46.0,No,Facing Traffic,A: Suspected Serious Injury,Male,Durham,Durham,No,Tuesday,Bicyclist Failed to Yield - Signalized Intersection,6.0,August,Bicyclist Ride Through - Signalized Intersection,2015,24.0,No,O: No Injury,Female,Passenger Car,No,36.00007447,-78.93016187,Dry,20 - 25  MPH,Stop And Go Signal,Clear,No,0,0,8
Yes,58.0,No,With Traffic,C: Possible Injury,Male,New Bern,Craven,No,Saturday,Motorist Overtaking Bicyclist,8.0,July,Motorist Overtaking - Other / Unknown,2015,59.0,No,O: No Injury,Female,Sport Utility,No,35.10537407,-77.04506185,Dry,20 - 25  MPH,No Control Present,Clear,No,0,0,7
Yes,56.0,No,With Traffic,A: Suspected Serious Injury,Male,None - Rural Crash,Haywood,No,Tuesday,Motorist Left Turn / Merge,10.0,July,Motorist Left Turn - Opposite Direction,2015,76.0,No,O: No Injury,Male,Pickup,No,35.51822709,-82.83987108,Dry,50 - 55  MPH,"Double Yellow Line, No Passing Zone",Clear,No,0,0,7
Yes,20.0,No,With Traffic,C: Possible Injury,Female,None - Rural Crash,Dare,No,Wednesday,Loss of Control / Turning Error,11.0,July,Bicyclist Lost Control - Other / Unknown,2015,59.0,No,O: No Injury,Male,Pickup,No,35.10749039,-75.97306793,Dry,20 - 25  MPH,"Double Yellow Line, No Passing Zone",Cloudy,No,0,0,7
No,21.0,No,Facing Traffic,O: No Injury,Male,Calabash,Brunswick,No,Monday,Motorist Failed to Yield - Sign-Controlled Intersection,16.0,July,Motorist Drive Out - Sign-Controlled Intersection,2015,66.0,No,O: No Injury,Male,Passenger Car,No,33.89572526,-78.55859319,Dry,30 - 35  MPH,Stop Sign,Clear,No,0,0,7
Yes,60.0,No,With Traffic,C: Possible Injury,Male,None - Rural Crash,Guilford,No,Tuesday,Bicyclist Failed to Yield - Signalized Intersection,5.0,July,Bicyclist Ride Through - Signalized Intersection,2015,45.0,No,O: No Injury,Male,Van,No,35.95506712,-80.01425919,Dry,30 - 35  MPH,Stop And Go Signal,Clear,No,0,0,7
Yes,13.0,No,Facing Traffic,C: Possible Injury,Male,Winston-Salem,Forsyth,No,Tuesday,Motorist Failed to Yield - Midblock,16.0,July,Motorist Drive Out - Commercial Driveway / Alley,2015,53.0,No,O: No Injury,Male,"Single Unit Truck (2-Axle, 6-Tire)",No,36.08974875,-80.28659898,Dry,30 - 35  MPH,No Control Present,Cloudy,No,0,0,7
No,41.0,No,With Traffic,C: Possible Injury,Female,None - Rural Crash,Greene,No,Monday,Motorist Overtaking Bicyclist,7.0,August,Motorist Overtaking - Other / Unknown,2015,48.0,No,O: No Injury,Male,Pickup,No,35.3986077,-77.57271089,Dry,50 - 55  MPH,No Control Present,Clear,No,0,0,8
No,25.0,No,With Traffic,C: Possible Injury,Male,Charlotte,Mecklenburg,No,Thursday,Bicyclist Failed to Yield - Signalized Intersection,6.0,August,Bicyclist Ride Through - Signalized Intersection,2015,26.0,No,O: No Injury,Female,Passenger Car,No,35.22894989,-80.86685943,Dry,40 - 45  MPH,Stop And Go Signal,Clear,No,0,0,8
Yes,20.0,No,Facing Traffic,C: Possible Injury,Female,Kitty Hawk,Dare,No,Sunday,Motorist Failed to Yield - Signalized Intersection,8.0,July,Motorist Drive Out - Right Turn on Red,2015,82.0,No,O: No Injury,Female,Passenger Car,No,36.09910244,-75.72053674,Dry,20 - 25  MPH,Stop And Go Signal,Clear,No,0,0,7
No,28.0,No,With Traffic,C: Possible Injury,Male,Kitty Hawk,Dare,No,Friday,Bicyclist Failed to Yield - Signalized Intersection,19.0,July,Bicyclist Ride Through - Signalized Intersection,2015,41.0,No,O: No Injury,Female,Pickup,No,36.09841658,-75.72313878,Dry,50 - 55  MPH,Stop And Go Signal,Clear,No,0,0,7
Yes,25.0,No,With Traffic,C: Possible Injury,Male,Durham,Durham,No,Monday,Motorist Overtaking Bicyclist,9.0,August,Motorist Overtaking - Other / Unknown,2015,21.0,No,O: No Injury,Female,Passenger Car,No,36.03033644,-78.93585213,Dry,30 - 35  MPH,No Control Present,Clear,No,0,0,8
Yes,50.0,No,Facing Traffic,C: Possible Injury,Male,Rocky Mount,Nash,No,Monday,Motorist Failed to Yield - Midblock,13.0,August,Motorist Drive Out - Commercial Driveway / Alley,2015,29.0,No,O: No Injury,Female,Passenger Car,No,35.9721351,-77.82103614,Dry,30 - 35  MPH,No Control Present,Clear,No,0,0,8
Yes,73.0,No,With Traffic,C: Possible Injury,Male,Greensboro,Guilford,No,Tuesday,Bicyclist Overtaking Motorist,11.0,August,Bicyclist Overtaking - Parked Vehicle,2015,42.03850604944766,Missing,Unknown Injury,Unknown,Passenger Car,No,36.04144802,-79.76206891,Dry,30 - 35  MPH,No Control Present,Clear,No,1,0,8
No,58.0,No,With Traffic,O: No Injury,Male,Indian Beach,Carteret,No,Friday,Motorist Failed to Yield - Midblock,10.0,July,Motorist Drive Out - Residential Driveway,2015,57.0,No,O: No Injury,Male,Van,No,34.686584,-76.8975271,Dry,30 - 35  MPH,"Double Yellow Line, No Passing Zone",Clear,No,0,0,7
Yes,7.0,No,Facing Traffic,O: No Injury,Female,None - Rural Crash,Dare,No,Friday,Motorist Failed to Yield - Midblock,17.0,July,Motorist Drive Out - Commercial Driveway / Alley,2015,24.0,No,O: No Injury,Male,Pickup,No,36.1670971,-75.75481643,Dry,20 - 25  MPH,No Control Present,Cloudy,No,0,0,7
Yes,52.0,No,Unknown,O: No Injury,Male,Wilson,Wilson,Yes,Tuesday,Bicyclist Failed to Yield - Sign-Controlled Intersection,21.0,July,Bicyclist Ride Through - Sign-Controlled Intersection,2015,21.0,Yes,O: No Injury,Male,Moped,No,35.72775517,-77.90515414,Wet,30 - 35  MPH,No Control Present,Cloudy,No,0,0,7
Yes,22.0,No,With Traffic,C: Possible Injury,Male,Black Mountain,Buncombe,No,Wednesday,Bicyclist Failed to Yield - Signalized Intersection,10.0,August,Bicyclist Ride Through - Signalized Intersection,2015,64.0,No,O: No Injury,Female,Passenger Car,No,35.6158404,-82.32185351,Dry,20 - 25  MPH,Stop And Go Signal,Clear,No,0,0,8
Yes,20.0,No,Not Applicable,O: No Injury,Female,Wilmington,New Hanover,No,Wednesday,Bicyclist Failed to Yield - Midblock,16.0,July,Bicyclist Ride Out - Commercial Driveway / Alley,2015,24.0,No,C: Possible Injury,Male,Passenger Car,No,34.21983202,-77.88663202,Dry,40 - 45  MPH,No Control Present,Clear,No,0,0,7
Yes,27.0,No,With Traffic,A: Suspected Serious Injury,Female,Chapel Hill,Orange,No,Tuesday,Motorist Right Turn / Merge,16.0,August,Motorist Right Turn - Same Direction,2015,64.0,No,O: No Injury,Male,Van,No,35.91313804,-79.05591359,Dry,20 - 25  MPH,Stop And Go Signal,Clear,No,0,0,8
Yes,29.0,No,With Traffic,K: Killed,Male,Hickory,Catawba,No,Monday,Head-On,7.0,August,Head-On - Motorist,2015,21.0,No,O: No Injury,Male,Passenger Car,No,35.7600576,-81.33438737,Dry,30 - 35  MPH,No Control Present,Clear,No,0,0,8
Yes,25.0,No,With Traffic,C: Possible Injury,Female,Fayetteville,Cumberland,No,Monday,Motorist Failed to Yield - Sign-Controlled Intersection,9.0,August,Motorist Drive Out - Sign-Controlled Intersection,2015,42.03850604944766,Missing,Unknown Injury,Unknown,Unknown,Yes,35.03805783,-78.94235307,Dry,20 - 25  MPH,Stop Sign,Clear,No,1,0,8
Yes,36.0,No,Facing Traffic,C: Possible Injury,Male,Greenville,Pitt,No,Sunday,Motorist Failed to Yield - Signalized Intersection,9.0,August,Motorist Drive Out - Right Turn on Red,2015,20.0,No,O: No Injury,Male,Passenger Car,No,35.57189459,-77.40562341,Dry,40 - 45  MPH,Stop And Go Signal,Clear,No,0,0,8
No,24.0,No,Facing Traffic,C: Possible Injury,Male,Cary,Wake,No,Tuesday,Bicyclist Failed to Yield - Signalized Intersection,21.0,August,Bicyclist Ride Through - Signalized Intersection,2015,37.0,No,O: No Injury,Male,Pickup,No,35.74571609,-78.75460064,Dry,40 - 45  MPH,Stop And Go Signal,Clear,No,0,0,8
Yes,17.0,No,With Traffic,C: Possible Injury,Female,None - Rural Crash,Henderson,No,Thursday,Motorist Left Turn / Merge,9.0,August,Motorist Left Turn - Opposite Direction,2015,57.0,No,O: No Injury,Male,Van,No,35.30682246,-82.47584588,Dry,30 - 35  MPH,"Double Yellow Line, No Passing Zone",Clear,No,0,0,8
Yes,53.0,No,With Traffic,C: Possible Injury,Male,None - Rural Crash,Durham,No,Wednesday,Motorist Left Turn / Merge,19.0,August,Motorist Left Turn - Opposite Direction,2015,76.0,No,O: No Injury,Male,Passenger Car,No,35.88734928,-78.98850965,Dry,40 - 45  MPH,No Control Present,Clear,No,0,0,8
Yes,19.0,No,With Traffic,O: No Injury,Male,Raleigh,Wake,No,Tuesday,Loss of Control / Turning Error,13.0,August,Motorist Lost Control - Surface Conditions,2015,52.0,No,O: No Injury,Male,Moped,No,35.77545278,-78.6393184,"Water (Standing, Moving)",30 - 35  MPH,No Control Present,Rain,No,0,0,8
Yes,66.0,No,With Traffic,C: Possible Injury,Male,Mint Hill,Mecklenburg,No,Tuesday,Motorist Overtaking Bicyclist,11.0,August,Motorist Overtaking - Other / Unknown,2015,85.0,No,O: No Injury,Male,Pickup,No,35.18003657,-80.67951813,Dry,40 - 45  MPH,No Control Present,Clear,No,0,0,8
No,34.0,No,Facing Traffic,C: Possible Injury,Male,Wilmington,New Hanover,No,Friday,Motorist Failed to Yield - Midblock,18.0,July,Motorist Drive Out - Commercial Driveway / Alley,2015,32.0,No,O: No Injury,Male,Pickup,No,34.24408647,-77.88269927,Dry,40 - 45  MPH,No Control Present,Clear,No,0,0,7
Yes,53.0,No,Facing Traffic,C: Possible Injury,Male,Charlotte,Mecklenburg,No,Thursday,Motorist Failed to Yield - Signalized Intersection,14.0,August,Motorist Drive Out - Right Turn on Red,2015,21.0,No,O: No Injury,Female,Passenger Car,No,35.13466199,-80.73700619,Dry,40 - 45  MPH,Stop And Go Signal,Clear,No,0,0,8
No,19.0,No,Facing Traffic,O: No Injury,Male,Fayetteville,Cumberland,No,Tuesday,Motorist Failed to Yield - Midblock,14.0,August,Motorist Drive Out - Commercial Driveway / Alley,2015,51.0,No,O: No Injury,Female,Passenger Car,No,35.05171701,-78.87542811,Wet,30 - 35  MPH,No Control Present,Cloudy,No,0,0,8