AmbulanceR,BikeAge,BikeAlcFlg,BikeDir,BikeInjury,BikeSex,City,County,CrashAlcoh,CrashDay,CrashGrp,CrashHour,CrashMonth,CrashType,CrashYear,DrvrAge,DrvrAlcFlg,DrvrInjury,DrvrSex,DrvrVehTyp,HitRun,Latitude,Longitude,RdConditio,SpeedLimit,TraffCntrl,Weather,Workzone,DrvrAgeImputedFlag,BikeAgeImputedFlag,MonthCode
Yes,38.0,No,With Traffic,C: Possible Injury,Male,Charlotte,Mecklenburg,No,Friday,Bicyclist Right Turn / Merge,22.0,August,Bicyclist Right Turn - Same Direction,2015,19.0,No,O: No Injury,Female,Passenger Car,No,35.24107146,-80.80456582,Dry,30 - 35  MPH,No Control Present,Clear,No,0,0,8
Yes,36.0,No,Facing Traffic,C: Possible Injury,Male,Greensboro,Guilford,No,Tuesday,Motorist Failed to Yield - Signalized Intersection,17.0,August,Motorist Drive Out - Signalized Intersection,2015,39.0,No,O: No Injury,Female,Passenger Car,No,36.08957656,-79.78403044,Dry,30 - 35  MPH,Stop Sign,Cloudy,No,0,0,8
Yes,36.0,No,With Traffic,C: Possible Injury,Female,None - Rural Crash,Buncombe,No,Wednesday,Motorist Left Turn / Merge,18.0,August,Motorist Left Turn - Opposite Direction,2015,56.0,No,O: No Injury,Male,Pickup,No,35.50751231,-82.59753129,Wet,30 - 35  MPH,Stop And Go Signal,Cloudy,No,0,0,8
No,12.0,No,With Traffic,O: No Injury,Female,Cornelius,Mecklenburg,No,Saturday,Parallel Paths - Other Circumstances,13.0,August,Bicyclist Ride Out - Parallel Path,2015,41.0,No,O: No Injury,Female,Sport Utility,No,35.47131586,-80.92315044,Dry,30 - 35  MPH,No Control Present,Clear,No,0,0,8
No,21.0,No,Not Applicable,O: No Injury,Male,Chapel Hill,Orange,No,Tuesday,Loss of Control / Turning Error,8.0,February,Motorist Lost Control - Surface Conditions,2015,60.0,No,O: No Injury,Female,Passenger Car,No,35.90906875,-79.0490384,Snow,20 - 25  MPH,No Control Present,Rain,No,0,0,2
Yes,14.0,No,Facing Traffic,C: Possible Injury,Female,Shelby,Cleveland,No,Wednesday,Motorist Failed to Yield - Sign-Controlled Intersection,11.0,August,Motorist Drive Out - Sign-Controlled Intersection,2015,44.0,No,O: No Injury,Male,Passenger Car,No,35.28694651,-81.53735044,Dry,20 - 25  MPH,Stop Sign,Clear,No,0,0,8
No,18.0,No,Facing Traffic,C: Possible Injury,Female,Apex,Wake,No,Monday,Motorist Failed to Yield - Midblock,17.0,August,Motorist Drive Out - Commercial Driveway / Alley,2015,42.03850604944766,Unknown,Unknown Injury,Unknown,Unknown,Yes,35.70630906,-78.83574568,Dry,Unknown,Stop Sign,Cloudy,No,1,0,8
No,18.0,No,Facing Traffic,C: Possible Injury,Male,High Point,Guilford,No,Wednesday,Motorist Failed to Yield - Sign-Controlled Intersection,9.0,August,Motorist Drive Out - Sign-Controlled Intersection,2015,42.03850604944766,Missing,Unknown Injury,Unknown,Unknown,Yes,35.94762952,-80.00352531,Dry,30 - 35  MPH,Stop Sign,Cloudy,No,1,0,8
Yes,60.0,No,Facing Traffic,C: Possible Injury,Male,None - Rural Crash,New Hanover,No,Wednesday,Motorist Failed to Yield - Sign-Controlled Intersection,14.0,August,Motorist Drive Out - Sign-Controlled Intersection,2015,46.0,No,O: No Injury,Female,Passenger Car,No,34.2667331,-77.83790722,Dry,40 - 45  MPH,No Control Present,Cloudy,No,0,0,8
No,16.0,No,With Traffic,C: Possible Injury,Male,Burlington,Alamance,No,Thursday,Crossing Paths - Other Circumstances,15.0,August,Signalized Intersection - Other / Unknown,2015,42.03850604944766,Missing,Unknown Injury,Unknown,Unknown,Yes,36.09257666,-79.44274597,Dry,30 - 35  MPH,Stop And Go Signal,Clear,No,1,0,8
Yes,56.0,No,Facing Traffic,C: Possible Injury,Male,New Bern,Craven,No,Thursday,Motorist Failed to Yield - Midblock,15.0,August,Motorist Drive Out - Commercial Driveway / Alley,2015,29.0,No,O: No Injury,Male,Pickup,No,35.12387664,-77.08520556,Dry,30 - 35  MPH,No Control Present,Cloudy,No,0,0,8
Yes,11.0,No,With Traffic,A: Suspected Serious Injury,Male,Mint Hill,Mecklenburg,No,Sunday,Bicyclist Left Turn / Merge,12.0,August,Bicyclist Left Turn - Same Direction,2015,84.0,No,O: No Injury,Male,"Light Truck (Mini-Van, Panel)",No,35.20338185,-80.67019909,Dry,30 - 35  MPH,No Control Present,Cloudy,No,0,0,8
No,25.0,No,With Traffic,O: No Injury,Male,Charlotte,Mecklenburg,No,Monday,Parallel Paths - Other Circumstances,8.0,August,Bicyclist Ride Out - Parallel Path,2015,45.0,No,O: No Injury,Male,Passenger Car,No,35.24791133,-80.78883436,Dry,30 - 35  MPH,Stop And Go Signal,Clear,No,0,0,8
No,23.0,No,Facing Traffic,C: Possible Injury,Male,Greenville,Pitt,No,Wednesday,Motorist Failed to Yield - Midblock,10.0,August,Motorist Drive Out - Residential Driveway,2015,27.0,No,O: No Injury,Male,Passenger Car,No,35.59841675,-77.32846476,Dry,40 - 45  MPH,Stop Sign,Cloudy,No,0,0,8
No,34.0,No,Facing Traffic,C: Possible Injury,Male,Gastonia,Gaston,Yes,Tuesday,Bicyclist Failed to Yield - Signalized Intersection,0.0,September,Bicyclist Ride Through - Signalized Intersection,2015,36.0,Yes,O: No Injury,Male,Passenger Car,No,35.26224679,-81.18709675,Dry,30 - 35  MPH,Stop And Go Signal,Clear,No,0,0,9
Yes,56.0,No,Not Applicable,C: Possible Injury,Male,Jacksonville,Onslow,No,Thursday,Non-Roadway,12.0,August,Non-Roadway,2015,26.0,No,O: No Injury,Female,Sport Utility,No,34.76524943,-77.42088366,Dry,Unknown,No Control Present,Cloudy,No,0,0,8
No,20.0,No,Facing Traffic,C: Possible Injury,Male,Kinston,Lenoir,No,Tuesday,Bicyclist Failed to Yield - Sign-Controlled Intersection,19.0,September,Bicyclist Ride Through - Sign-Controlled Intersection,2015,77.0,No,O: No Injury,Male,Passenger Car,No,35.2662302,-77.5678014,Dry,30 - 35  MPH,Stop Sign,Clear,No,0,0,9
Yes,41.0,No,With Traffic,C: Possible Injury,Male,None - Rural Crash,Rowan,No,Saturday,Motorist Right Turn / Merge,11.0,August,Motorist Right Turn - Same Direction,2015,72.0,No,O: No Injury,Male,Van,No,35.72072056,-80.65810942,Dry,50 - 55  MPH,No Control Present,Clear,No,0,0,8
Yes,61.0,No,With Traffic,O: No Injury,Male,Kinston,Lenoir,No,Tuesday,Bicyclist Failed to Yield - Signalized Intersection,11.0,September,Bicyclist Ride Through - Signalized Intersection,2015,30.0,No,O: No Injury,Male,Sport Utility,No,35.26776215,-77.58269644,Dry,30 - 35  MPH,Stop And Go Signal,Clear,No,0,0,9
Yes,45.0,No,Facing Traffic,C: Possible Injury,Male,Gastonia,Gaston,No,Wednesday,Motorist Failed to Yield - Signalized Intersection,8.0,July,Motorist Drive Out - Right Turn on Red,2015,41.0,No,O: No Injury,Female,Van,No,35.26554833,-81.18207517,Dry,30 - 35  MPH,Stop And Go Signal,Clear,No,0,0,7
No,59.0,No,With Traffic,C: Possible Injury,Male,Durham,Durham,No,Thursday,Motorist Overtaking Bicyclist,14.0,September,Motorist Overtaking - Bicyclist Swerved,2015,39.0,No,O: No Injury,Male,Sport Utility,No,35.95986945,-78.87185784,Dry,30 - 35  MPH,No Control Present,Clear,No,0,0,9
Yes,26.0,No,Facing Traffic,C: Possible Injury,Male,Durham,Durham,No,Saturday,Motorist Failed to Yield - Sign-Controlled Intersection,15.0,September,Motorist Drive Out - Sign-Controlled Intersection,2015,23.0,Unknown,O: No Injury,Female,Passenger Car,No,35.99882143,-78.88578285,Dry,30 - 35  MPH,Stop Sign,Clear,No,0,0,9
Yes,24.0,No,With Traffic,C: Possible Injury,Male,Greensboro,Guilford,No,Sunday,Crossing Paths - Other Circumstances,22.0,September,Sign-Controlled Intersection - Other / Unknown,2015,42.03850604944766,Missing,Unknown Injury,Unknown,Passenger Car,Yes,36.09035811,-79.87574465,Dry,20 - 25  MPH,No Control Present,Clear,No,1,0,9
Yes,48.0,No,With Traffic,C: Possible Injury,Male,Mint Hill,Mecklenburg,No,Saturday,Motorist Failed to Yield - Midblock,10.0,August,Motorist Drive Out - Residential Driveway,2015,89.0,No,O: No Injury,Male,Passenger Car,No,35.16996148,-80.70327443,Dry,5 - 15 MPH,Stop Sign,Clear,No,0,0,8
Yes,54.0,No,With Traffic,C: Possible Injury,Male,Nags Head,Dare,No,Monday,Motorist Left Turn / Merge,10.0,June,Motorist Left Turn - Opposite Direction,2015,39.0,No,O: No Injury,Female,Passenger Car,No,35.91083991,-75.59796737,Dry,30 - 35  MPH,No Control Present,Clear,No,0,0,6
Yes,14.0,No,Unknown,C: Possible Injury,Male,Raleigh,Wake,No,Monday,Bicyclist Failed to Yield - Sign-Controlled Intersection,20.0,August,Bicyclist Ride Through - Sign-Controlled Intersection,2015,34.0,No,O: No Injury,Male,Passenger Car,No,35.79464761,-78.54803193,Dry,30 - 35  MPH,Stop Sign,Clear,No,0,0,8
Yes,19.0,No,Facing Traffic,C: Possible Injury,Female,Nags Head,Dare,No,Sunday,Motorist Failed to Yield - Sign-Controlled Intersection,14.0,July,Motorist Drive Out - Sign-Controlled Intersection,2015,17.0,No,O: No Injury,Female,Pickup,No,35.98868203,-75.64634468,Dry,20 - 25  MPH,Stop Sign,Clear,No,0,0,7
Yes,32.0,No,Facing Traffic,C: Possible Injury,Male,Raleigh,Wake,No,Tuesday,Bicyclist Failed to Yield - Signalized Intersection,7.0,September,Bicyclist Ride Through - Signalized Intersection,2015,29.0,No,O: No Injury,Female,Passenger Car,No,35.77989512,-78.61365834,Dry,30 - 35  MPH,Stop And Go Signal,"Fog, Smog, Smoke",No,0,0,9
Yes,66.0,No,With Traffic,K: Killed,Male,None - Rural Crash,Avery,No,Sunday,Loss of Control / Turning Error,15.0,August,Bicyclist Lost Control - Mechanical Problems,2015,27.0,No,O: No Injury,Male,Pickup,No,36.17007077,-81.84898742,Wet,30 - 35  MPH,"Double Yellow Line, No Passing Zone",Rain,No,0,0,8
No,17.0,No,Facing Traffic,C: Possible Injury,Female,Cary,Wake,No,Tuesday,Crossing Paths - Other Circumstances,8.0,August,Signalized Intersection - Other / Unknown,2015,42.03850604944766,Missing,Unknown Injury,Unknown,Unknown,Yes,35.78805708,-78.84710827,Dry,5 - 15 MPH,Stop Sign,Clear,No,1,0,8
Yes,18.0,No,Facing Traffic,C: Possible Injury,Male,Durham,Durham,No,Sunday,Motorist Failed to Yield - Signalized Intersection,11.0,August,Motorist Drive Out - Right Turn on Red,2015,51.0,No,O: No Injury,Male,Sport Utility,No,36.02336271,-78.91865797,Dry,30 - 35  MPH,Stop And Go Signal,Clear,No,0,0,8
No,22.0,No,With Traffic,C: Possible Injury,Male,Durham,Durham,No,Monday,Motorist Left Turn / Merge,11.0,September,Motorist Left Turn - Opposite Direction,2015,71.0,No,O: No Injury,Female,Passenger Car,No,36.00871152,-78.91231441,Dry,30 - 35  MPH,No Control Present,Cloudy,No,0,0,9
No,10.0,No,Not Applicable,O: No Injury,Female,None - Rural Crash,Alamance,No,Sunday,Non-Roadway,18.0,August,Non-Roadway,2015,25.0,No,O: No Injury,Male,Passenger Car,No,36.04541593,-79.41805071,Dry,5 - 15 MPH,No Control Present,Cloudy,No,0,0,8
Yes,51.0,No,With Traffic,C: Possible Injury,Male,Wilmington,New Hanover,No,Monday,Bicyclist Failed to Yield - Signalized Intersection,1.0,September,Bicyclist Ride Through - Signalized Intersection,2015,49.0,No,O: No Injury,Male,Taxicab,No,34.21939574,-77.88660638,Wet,40 - 45  MPH,Stop And Go Signal,Rain,No,0,0,9
Yes,45.0,No,Facing Traffic,C: Possible Injury,Female,Wilmington,New Hanover,No,Monday,Motorist Failed to Yield - Sign-Controlled Intersection,19.0,August,Motorist Drive Out - Sign-Controlled Intersection,2015,42.03850604944766,Missing,Unknown Injury,Unknown,Sport Utility,Yes,34.2504381,-77.88957199,Wet,30 - 35  MPH,No Control Present,Rain,No,1,0,8
No,17.0,No,With Traffic,O: No Injury,Female,Asheville,Buncombe,No,Sunday,Motorist Failed to Yield - Sign-Controlled Intersection,12.0,August,Motorist Drive Out - Sign-Controlled Intersection,2015,87.0,No,O: No Injury,Female,Sport Utility,No,35.60054632,-82.540771,Dry,30 - 35  MPH,Stop Sign,Cloudy,No,0,0,8
No,32.0,No,With Traffic,C: Possible Injury,Male,Carrboro,Orange,No,Friday,Bicyclist Left Turn / Merge,14.0,September,Bicyclist Left Turn - Same Direction,2015,40.0,No,O: No Injury,Male,Van,No,35.91323478,-79.07892952,Dry,20 - 25  MPH,No Control Present,Clear,No,0,0,9
No,59.0,No,With Traffic,C: Possible Injury,Male,None - Rural Crash,Pitt,No,Saturday,Motorist Overtaking Bicyclist,19.0,August,Motorist Overtaking - Other / Unknown,2015,33.0,No,O: No Injury,Male,Pickup,No,35.64872427,-77.41234514,Dry,50 - 55  MPH,"Double Yellow Line, No Passing Zone",Clear,No,0,0,8
No,14.0,No,Facing Traffic,C: Possible Injury,Male,Raleigh,Wake,No,Thursday,Motorist Failed to Yield - Signalized Intersection,18.0,September,Motorist Drive Out - Right Turn on Red,2015,59.0,No,O: No Injury,Male,Sport Utility,No,35.87953553,-78.62516367,Dry,40 - 45  MPH,Stop And Go Signal,Clear,No,0,0,9
Yes,28.0,No,With Traffic,C: Possible Injury,Male,None - Rural Crash,Durham,No,Friday,Motorist Overtaking Bicyclist,22.0,August,Motorist Overtaking - Other / Unknown,2015,42.03850604944766,Unknown,Unknown Injury,Unknown,Unknown,Yes,36.01538794,-78.9805297,Dry,50 - 55  MPH,"Double Yellow Line, No Passing Zone",Clear,No,1,0,8
Yes,25.0,No,With Traffic,K: Killed,Female,None - Rural Crash,Henderson,No,Tuesday,Motorist Overtaking Bicyclist,6.0,September,Motorist Overtaking - Undetected Bicyclist,2015,65.0,No,O: No Injury,Male,Pickup,No,35.35372356,-82.42754853,Dry,50 - 55  MPH,No Control Present,Cloudy,No,0,0,9
Yes,47.0,No,Facing Traffic,C: Possible Injury,Male,Charlotte,Mecklenburg,No,Friday,Motorist Failed to Yield - Signalized Intersection,17.0,September,Motorist Drive Out - Signalized Intersection,2015,32.0,No,O: No Injury,Male,Tractor/Semi-Trailer,No,35.2637195,-80.81739614,Dry,20 - 25  MPH,Stop And Go Signal,Clear,No,0,0,9
Yes,22.0,No,With Traffic,C: Possible Injury,Male,None - Rural Crash,Durham,No,Monday,Motorist Overtaking Bicyclist,19.0,September,Motorist Overtaking - Other / Unknown,2015,47.0,No,O: No Injury,Male,Sport Utility,No,36.05923145,-78.89406104,Dry,40 - 45  MPH,"Double Yellow Line, No Passing Zone",Clear,No,0,0,9
Yes,19.0,No,Not Applicable,C: Possible Injury,Male,Hendersonville,Henderson,No,Saturday,Bicyclist Failed to Yield - Midblock,17.0,September,Bicyclist Ride Out - Midblock - Unknown,2015,42.03850604944766,Missing,Unknown Injury,Unknown,Pickup,Yes,35.29878232,-82.43665862,Dry,30 - 35  MPH,No Control Present,Clear,No,1,0,9
Yes,16.0,No,Not Applicable,O: No Injury,Male,Jacksonville,Onslow,No,Thursday,Bicyclist Failed to Yield - Midblock,16.0,September,Bicyclist Ride Out - Midblock - Unknown,2015,31.0,No,O: No Injury,Male,Passenger Car,No,34.7460106,-77.3793462,Dry,30 - 35  MPH,No Control Present,Clear,No,0,0,9
Yes,32.52649525389365,No,Facing Traffic,Unknown Injury,Unknown,Jacksonville,Onslow,No,Wednesday,Motorist Failed to Yield - Sign-Controlled Intersection,16.0,September,Motorist Drive Out - Sign-Controlled Intersection,2015,32.0,No,O: No Injury,Male,Van,No,34.75395752,-77.42432635,Dry,20 - 25  MPH,Stop Sign,Clear,No,0,1,9
Yes,9.0,No,Not Applicable,O: No Injury,Female,Charlotte,Mecklenburg,No,Sunday,Bicyclist Failed to Yield - Midblock,12.0,September,Bicyclist Ride Out - Residential Driveway,2015,34.0,No,O: No Injury,Female,Passenger Car,No,35.29262376,-80.85004409,Dry,20 - 25  MPH,No Control Present,Clear,No,0,0,9
No,60.0,Missing,Facing Traffic,O: No Injury,Male,Wilmington,New Hanover,No,Sunday,Crossing Paths - Other Circumstances,11.0,August,Crossing Paths - Intersection - Other / Unknown,2015,42.03850604944766,No,Unknown Injury,Unknown,Passenger Car,Yes,34.22573731,-77.92761925,Dry,30 - 35  MPH,Flashing Stop And Go Signal,Clear,No,1,0,8
No,21.0,No,With Traffic,C: Possible Injury,Male,Boone,Watauga,No,Thursday,Motorist Right Turn / Merge,17.0,September,Motorist Right Turn - Same Direction,2015,25.0,No,O: No Injury,Male,Pickup,No,36.21658509,-81.67574134,Dry,20 - 25  MPH,"Double Yellow Line, No Passing Zone",Clear,No,0,0,9
Yes,59.0,No,With Traffic,A: Suspected Serious Injury,Male,None - Rural Crash,Craven,No,Thursday,Motorist Overtaking Bicyclist,6.0,September,Motorist Overtaking - Other / Unknown,2015,37.0,No,O: No Injury,Male,Pickup,No,35.14020112,-77.1104412,Dry,50 - 55  MPH,No Control Present,Clear,No,0,0,9
Yes,18.0,No,Facing Traffic,C: Possible Injury,Male,Smithfield,Johnston,No,Friday,Motorist Failed to Yield - Signalized Intersection,17.0,September,Motorist Drive Out - Right Turn on Red,2015,80.0,No,O: No Injury,Female,Passenger Car,No,35.5141407,-78.33076369,Dry,30 - 35  MPH,Stop And Go Signal,Clear,No,0,0,9
No,10.0,No,Facing Traffic,O: No Injury,Male,Durham,Durham,No,Tuesday,Bicyclist Overtaking Motorist,17.0,September,Bicyclist Overtaking - Parked Vehicle,2015,39.0,Missing,O: No Injury,Male,Pickup,No,35.98947656,-78.82356224,Dry,20 - 25  MPH,Stop Sign,Clear,No,0,0,9
No,20.0,No,With Traffic,O: No Injury,Male,Wilmington,New Hanover,No,Monday,Other / Unusual Circumstances,18.0,September,Motorist Intentionally Caused,2015,16.0,No,O: No Injury,Male,Moped,No,34.20129355,-77.8879369,Dry,20 - 25  MPH,No Control Present,Clear,No,0,0,9
No,11.0,No,Unknown,Unknown Injury,Male,Williamston,Martin,No,Monday,Bicyclist Failed to Yield - Sign-Controlled Intersection,19.0,August,Bicyclist Ride Through - Sign-Controlled Intersection,2015,42.0,No,O: No Injury,Male,Pickup,No,35.8563586,-77.06278929,Dry,30 - 35  MPH,Stop Sign,Clear,No,0,0,8
Yes,14.0,No,With Traffic,O: No Injury,Male,Thomasville,Davidson,No,Wednesday,Parallel Paths - Other Circumstances,17.0,September,Bicyclist Ride Out - Parallel Path,2015,21.0,No,O: No Injury,Male,Passenger Car,No,35.89856398,-80.08111143,Dry,30 - 35  MPH,No Control Present,Clear,No,0,0,9
Yes,19.0,No,Facing Traffic,C: Possible Injury,Male,Greenville,Pitt,No,Thursday,Motorist Failed to Yield - Midblock,10.0,September,Motorist Drive Out - Commercial Driveway / Alley,2015,23.0,No,O: No Injury,Female,Passenger Car,No,35.58109845,-77.30480961,Dry,5 - 15 MPH,Stop Sign,Clear,No,0,0,9
Yes,29.0,No,With Traffic,C: Possible Injury,Male,Gastonia,Gaston,No,Friday,Motorist Overtaking Bicyclist,21.0,September,Motorist Overtaking - Undetected Bicyclist,2015,27.0,No,O: No Injury,Male,"Single Unit Truck (2-Axle, 6-Tire)",No,35.26076361,-81.13335527,Wet,40 - 45  MPH,Stop And Go Signal,Rain,No,0,0,9
No,25.0,No,With Traffic,C: Possible Injury,Female,Durham,Durham,No,Wednesday,Motorist Right Turn / Merge,8.0,September,Motorist Right Turn - Same Direction,2015,28.0,No,O: No Injury,Male,Passenger Car,No,36.00661264,-78.92215648,Dry,30 - 35  MPH,Stop And Go Signal,Clear,No,0,0,9
Yes,44.0,Unknown,With Traffic,K: Killed,Female,None - Rural Crash,Robeson,No,Friday,Motorist Overtaking Bicyclist,20.0,September,Motorist Overtaking - Undetected Bicyclist,2015,63.0,No,O: No Injury,Male,Pickup,No,34.38289643,-79.13558751,Dry,50 - 55  MPH,No Control Present,Cloudy,No,0,0,9
No,11.0,No,With Traffic,C: Possible Injury,Male,Fayetteville,Cumberland,No,Tuesday,Bicyclist Left Turn / Merge,15.0,September,Bicyclist Left Turn - Same Direction,2015,58.0,No,O: No Injury,Male,Passenger Car,No,35.05539411,-79.06650198,Dry,40 - 45  MPH,No Control Present,Clear,No,0,0,9
Yes,73.0,No,With Traffic,A: Suspected Serious Injury,Male,None - Rural Crash,New Hanover,No,Monday,Bicyclist Left Turn / Merge,15.0,September,Bicyclist Left Turn - Same Direction,2015,32.0,No,O: No Injury,Male,Pickup,No,34.14721042,-77.87210078,Dry,40 - 45  MPH,"Double Yellow Line, No Passing Zone",Clear,No,0,0,9
No,14.0,No,With Traffic,C: Possible Injury,Male,Asheville,Buncombe,No,Wednesday,Motorist Overtaking Bicyclist,10.0,September,Motorist Overtaking - Other / Unknown,2015,42.03850604944766,Missing,Unknown Injury,Unknown,Unknown,Yes,35.59911453,-82.56484672,Dry,20 - 25  MPH,No Control Present,Clear,No,1,0,9
Yes,37.0,No,Facing Traffic,C: Possible Injury,Female,Kill Devil Hills,Dare,No,Thursday,Motorist Failed to Yield - Signalized Intersection,13.0,September,Motorist Drive Out - Signalized Intersection,2015,30.0,No,O: No Injury,Male,Sport Utility,No,36.03772628,-75.67537447,Dry,20 - 25  MPH,Stop And Go Signal,Clear,No,0,0,9
No,26.0,No,Facing Traffic,O: No Injury,Male,Salisbury,Rowan,No,Wednesday,Motorist Failed to Yield - Midblock,10.0,September,Motorist Drive Out - Commercial Driveway / Alley,2015,29.0,No,O: No Injury,Female,Passenger Car,No,35.66031153,-80.46199265,Dry,5 - 15 MPH,No Control Present,Clear,No,0,0,9
Yes,87.0,No,With Traffic,C: Possible Injury,Male,Four Oaks,Johnston,No,Saturday,Motorist Overtaking Bicyclist,17.0,October,Motorist Overtaking - Other / Unknown,2015,87.0,No,O: No Injury,Male,Van,No,35.44611317,-78.42396618,Wet,30 - 35  MPH,No Control Present,Rain,No,0,0,10
Yes,19.0,No,Not Applicable,O: No Injury,Female,Wilmington,New Hanover,No,Wednesday,Parallel Paths - Other Circumstances,17.0,September,Bicyclist Ride Out - Parallel Path,2015,25.0,No,O: No Injury,Female,Passenger Car,No,34.22892057,-77.87217981,Dry,20 - 25  MPH,No Control Present,Clear,No,0,0,9
Yes,14.0,No,Facing Traffic,C: Possible Injury,Male,Greensboro,Guilford,No,Monday,Motorist Failed to Yield - Sign-Controlled Intersection,19.0,October,Motorist Drive Out - Sign-Controlled Intersection,2015,32.0,No,O: No Injury,Male,Passenger Car,No,36.05793822,-79.77810467,Dry,30 - 35  MPH,Stop Sign,Clear,No,0,0,10
No,19.0,No,With Traffic,C: Possible Injury,Male,Elon,Alamance,No,Friday,Bicyclist Left Turn / Merge,20.0,September,Bicyclist Left Turn - Opposite Direction,2015,32.0,No,O: No Injury,Male,Passenger Car,No,36.10363141,-79.4973118,Dry,20 - 25  MPH,Stop And Go Signal,Clear,No,0,0,9
No,65.0,No,With Traffic,O: No Injury,Male,Belmont,Gaston,No,Saturday,Motorist Right Turn / Merge,10.0,September,Motorist Right Turn - Same Direction,2015,66.0,No,O: No Injury,Female,Sport Utility,No,35.25276612,-81.04297881,Dry,30 - 35  MPH,Stop And Go Signal,Clear,No,0,0,9
Yes,59.0,Yes,Facing Traffic,C: Possible Injury,Male,Goldsboro,Wayne,Yes,Thursday,Parallel Paths - Other Circumstances,15.0,October,Bicyclist Ride Out - Parallel Path,2015,50.0,No,O: No Injury,Female,Passenger Car,No,35.38900836,-77.99072443,Dry,30 - 35  MPH,No Control Present,Cloudy,No,0,0,10
Yes,25.0,No,With Traffic,C: Possible Injury,Male,Selma,Johnston,No,Saturday,Crossing Paths - Other Circumstances,3.0,September,Crossing Paths - Uncontrolled Intersection,2015,20.0,No,O: No Injury,Male,Sport Utility,No,35.52198379,-78.29322413,Wet,30 - 35  MPH,No Control Present,Rain,No,0,0,9
Yes,59.0,No,Facing Traffic,C: Possible Injury,Male,Raleigh,Wake,No,Friday,Motorist Failed to Yield - Sign-Controlled Intersection,14.0,October,Motorist Drive Out - Sign-Controlled Intersection,2015,56.0,No,O: No Injury,Male,Passenger Car,No,35.80938149,-78.56534324,Wet,40 - 45  MPH,Stop Sign,Rain,No,0,0,10
Yes,84.0,No,Not Applicable,A: Suspected Serious Injury,Male,Jacksonville,Onslow,No,Wednesday,Bicyclist Failed to Yield - Midblock,11.0,September,Bicyclist Ride Out - Other Midblock,2015,37.0,No,O: No Injury,Female,Sport Utility,No,34.7604464,-77.40107527,Dry,30 - 35  MPH,Stop Sign,Clear,No,0,0,9
No,68.0,No,Facing Traffic,C: Possible Injury,Male,Jacksonville,Onslow,No,Wednesday,Motorist Failed to Yield - Midblock,15.0,September,Motorist Drive Out - Commercial Driveway / Alley,2015,61.0,No,O: No Injury,Female,Pickup,No,34.74882109,-77.41734771,Dry,Unknown,Stop Sign,Clear,No,0,0,9
No,17.0,Unknown,With Traffic,Unknown Injury,Male,Asheville,Buncombe,No,Friday,Motorist Right Turn / Merge,12.0,September,Motorist Right Turn - Same Direction,2015,43.0,Unknown,Unknown Injury,Male,Pickup,No,35.57867683,-82.58851017,Wet,Unknown,Stop And Go Signal,Rain,No,0,0,9
Yes,39.0,Yes,With Traffic,O: No Injury,Male,None - Rural Crash,Lenoir,Yes,Tuesday,Motorist Overtaking Bicyclist,20.0,October,Motorist Overtaking - Other / Unknown,2015,42.03850604944766,Missing,Unknown Injury,Unknown,Unknown,Yes,35.28005708,-77.65445815,Dry,50 - 55  MPH,"Double Yellow Line, No Passing Zone",Clear,No,1,0,10
Yes,59.0,No,With Traffic,C: Possible Injury,Male,Greensboro,Guilford,No,Friday,Motorist Overtaking Bicyclist,23.0,October,Motorist Overtaking - Undetected Bicyclist,2015,48.0,No,O: No Injury,Male,Passenger Car,Yes,36.07258095,-79.7903336,Wet,5 - 15 MPH,Stop And Go Signal,Rain,No,0,0,10
No,23.0,No,With Traffic,C: Possible Injury,Male,Wilmington,New Hanover,No,Wednesday,Bicyclist Failed to Yield - Signalized Intersection,17.0,September,Bicyclist Failed to Clear - Trapped,2015,46.0,No,O: No Injury,Female,Van,No,34.23055731,-77.87686958,Dry,40 - 45  MPH,Stop And Go Signal,Clear,No,0,0,9
Yes,60.0,Unknown,With Traffic,K: Killed,Male,None - Rural Crash,Gates,No,Monday,Motorist Overtaking Bicyclist,11.0,October,Motorist Overtaking - Other / Unknown,2015,78.0,No,O: No Injury,Female,Passenger Car,No,36.43488012,-76.61098276,Dry,50 - 55  MPH,"Double Yellow Line, No Passing Zone",Cloudy,No,0,0,10
Yes,46.0,No,With Traffic,C: Possible Injury,Male,Raleigh,Wake,No,Thursday,Motorist Overtaking Bicyclist,18.0,October,Motorist Overtaking - Other / Unknown,2015,30.0,No,O: No Injury,Male,Passenger Car,No,35.77999862,-78.65046361,Dry,30 - 35  MPH,No Control Present,Clear,No,0,0,10
No,14.0,No,Not Applicable,O: No Injury,Female,Oxford,Granville,No,Sunday,Non-Roadway,18.0,September,Non-Roadway,2015,23.0,No,O: No Injury,Female,Sport Utility,No,36.31215394,-78.58405801,Dry,Unknown,No Control Present,Clear,No,0,0,9
Yes,16.0,No,Facing Traffic,C: Possible Injury,Male,Oak Island,Brunswick,No,Thursday,Motorist Right Turn / Merge,17.0,September,Motorist Right Turn - Opposite Direction,2015,71.0,No,O: No Injury,Male,Passenger Car,No,33.91200529,-78.10459583,Wet,30 - 35  MPH,Stop Sign,Rain,No,0,0,9