AmbulanceR,BikeAge,BikeAlcFlg,BikeDir,BikeInjury,BikeSex,City,County,CrashAlcoh,CrashDay,CrashGrp,CrashHour,CrashMonth,CrashType,CrashYear,DrvrAge,DrvrAlcFlg,DrvrInjury,DrvrSex,DrvrVehTyp,HitRun,Latitude,Longitude,RdConditio,SpeedLimit,TraffCntrl,Weather,Workzone,DrvrAgeImputedFlag,BikeAgeImputedFlag,MonthCode
No,16.0,No,Not Applicable,O: No Injury,Male,Raleigh,Wake,No,Sunday,Non-Roadway,10.0,October,Non-Roadway,2015,42.03850604944766,Missing,Unknown Injury,Unknown,Passenger Car,No,35.7521652,-78.68122248,Dry,5 - 15 MPH,No Control Present,Clear,No,1,0,10
No,18.0,No,Facing Traffic,C: Possible Injury,Male,High Point,Guilford,No,Monday,Motorist Failed to Yield - Sign-Controlled Intersection,7.0,September,Motorist Drive Out - Sign-Controlled Intersection,2015,40.0,No,O: No Injury,Male,Passenger Car,No,35.98280317,-80.02913373,Wet,40 - 45  MPH,Stop Sign,Rain,No,0,0,9
No,42.0,No,Facing Traffic,C: Possible Injury,Male,Charlotte,Mecklenburg,No,Thursday,Motorist Failed to Yield - Midblock,17.0,October,Motorist Drive Out - Commercial Driveway / Alley,2015,59.0,No,O: No Injury,Female,Passenger Car,No,35.21548769,-80.78040135,Dry,30 - 35  MPH,No Control Present,Clear,No,0,0,10
Yes,58.0,Unknown,With Traffic,C: Possible Injury,Male,Jacksonville,Onslow,No,Wednesday,Backing Vehicle,18.0,October,Backing Vehicle,2015,71.0,No,O: No Injury,Female,Sport Utility,No,34.74961208,-77.42288638,Dry,20 - 25  MPH,No Control Present,Clear,No,0,0,10
Yes,60.0,No,Facing Traffic,C: Possible Injury,Male,Asheville,Buncombe,No,Monday,Motorist Failed to Yield - Midblock,12.0,September,Motorist Drive Out - Commercial Driveway / Alley,2015,46.0,No,O: No Injury,Male,Passenger Car,No,35.58694809,-82.59438803,Dry,40 - 45  MPH,No Control Present,Cloudy,No,0,0,9
No,26.0,No,Facing Traffic,C: Possible Injury,Female,Wilmington,New Hanover,No,Wednesday,Motorist Failed to Yield - Midblock,11.0,September,Motorist Drive Out - Commercial Driveway / Alley,2015,68.0,No,O: No Injury,Male,Passenger Car,No,34.23095888,-77.878069,Dry,Unknown,No Control Present,Cloudy,No,0,0,9
Yes,58.0,No,With Traffic,C: Possible Injury,Female,Waynesville,Haywood,No,Sunday,Motorist Right Turn / Merge,10.0,September,Motorist Right Turn - Same Direction,2015,63.0,No,O: No Injury,Female,Passenger Car,No,35.48796897,-82.99221932,Dry,20 - 25  MPH,No Control Present,Clear,No,0,0,9
No,20.0,No,Unknown,C: Possible Injury,Male,Wilmington,New Hanover,No,Monday,Bicyclist Failed to Yield - Midblock,20.0,September,Bicyclist Ride Out - Midblock - Unknown,2015,37.0,No,O: No Injury,Female,Sport Utility,No,34.22888781,-77.87219271,Wet,20 - 25  MPH,No Control Present,Cloudy,No,0,0,9
Yes,22.0,No,Facing Traffic,C: Possible Injury,Male,Charlotte,Mecklenburg,No,Sunday,Crossing Paths - Other Circumstances,14.0,October,Signalized Intersection - Other / Unknown,2015,45.0,No,O: No Injury,Female,Sport Utility,No,35.25126083,-80.85636542,Dry,30 - 35  MPH,Stop And Go Signal,Clear,No,0,0,10
Yes,30.0,No,With Traffic,C: Possible Injury,Male,Charlotte,Mecklenburg,No,Friday,Motorist Right Turn / Merge,18.0,October,Motorist Right Turn - Same Direction,2015,20.0,No,O: No Injury,Female,Passenger Car,No,35.23915566,-80.85861336,Dry,30 - 35  MPH,No Control Present,Clear,No,0,0,10
Yes,58.0,No,With Traffic,C: Possible Injury,Male,Fayetteville,Cumberland,No,Wednesday,Motorist Failed to Yield - Midblock,19.0,October,Motorist Drive Out - Commercial Driveway / Alley,2015,45.0,No,O: No Injury,Female,Passenger Car,No,34.99585556,-78.89168551,Dry,40 - 45  MPH,Stop Sign,Clear,No,0,0,10
Yes,20.0,No,With Traffic,C: Possible Injury,Male,Greensboro,Guilford,No,Friday,Bicyclist Failed to Yield - Signalized Intersection,11.0,July,Bicyclist Ride Through - Signalized Intersection,2015,31.0,No,O: No Injury,Female,Sport Utility,No,36.03346748,-79.80103991,Dry,30 - 35  MPH,Stop And Go Signal,Clear,No,0,0,7
No,23.0,No,With Traffic,O: No Injury,Female,Charlotte,Mecklenburg,No,Friday,Bicyclist Failed to Yield - Sign-Controlled Intersection,8.0,October,Bicyclist Ride Through - Sign-Controlled Intersection,2015,26.0,No,O: No Injury,Male,Pickup,No,35.24979097,-80.68925576,Dry,40 - 45  MPH,Stop Sign,Clear,No,0,0,10
Yes,32.0,No,With Traffic,C: Possible Injury,Male,Nags Head,Dare,No,Tuesday,Motorist Right Turn / Merge,9.0,September,Motorist Right Turn - Same Direction,2015,66.0,No,O: No Injury,Male,Passenger Car,No,35.98883173,-75.64226796,Dry,30 - 35  MPH,No Control Present,Cloudy,No,0,0,9
No,14.0,No,Facing Traffic,C: Possible Injury,Male,Raleigh,Wake,No,Tuesday,Bicyclist Failed to Yield - Signalized Intersection,7.0,October,Bicyclist Ride Through - Signalized Intersection,2015,34.0,No,O: No Injury,Female,Sport Utility,No,35.8645739,-78.6044243,Dry,5 - 15 MPH,Stop And Go Signal,Clear,No,0,0,10
No,25.0,No,Facing Traffic,C: Possible Injury,Female,Raleigh,Wake,No,Thursday,Motorist Failed to Yield - Midblock,15.0,October,Motorist Drive Out - Commercial Driveway / Alley,2015,55.0,No,O: No Injury,Male,Passenger Car,No,35.85303154,-78.64279687,Dry,30 - 35  MPH,No Control Present,Clear,No,0,0,10
No,15.0,No,Facing Traffic,C: Possible Injury,Male,Hendersonville,Henderson,No,Thursday,Motorist Right Turn / Merge,7.0,October,Motorist Right Turn - Opposite Direction,2015,42.0,No,O: No Injury,Female,Passenger Car,No,35.32256649,-82.47018006,Dry,20 - 25  MPH,Stop And Go Signal,Clear,No,0,0,10
Yes,6.0,No,Facing Traffic,C: Possible Injury,Male,Greensboro,Guilford,No,Wednesday,Bicyclist Failed to Yield - Sign-Controlled Intersection,19.0,May,Bicyclist Ride Through - Sign-Controlled Intersection,2015,72.0,No,O: No Injury,Female,Passenger Car,No,36.01087905,-79.83243716,Dry,30 - 35  MPH,Stop Sign,Clear,No,0,0,5
Yes,47.0,No,Facing Traffic,O: No Injury,Male,Greensboro,Guilford,No,Thursday,Crossing Paths - Other Circumstances,13.0,May,Signalized Intersection - Other / Unknown,2015,32.0,No,O: No Injury,Male,Passenger Car,No,36.11633447,-79.83695265,Dry,30 - 35  MPH,No Control Present,Clear,No,0,0,5
Yes,28.0,No,With Traffic,C: Possible Injury,Female,Asheville,Buncombe,No,Wednesday,Motorist Overtaking Bicyclist,18.0,October,Motorist Overtaking - Undetected Bicyclist,2015,37.0,No,O: No Injury,Female,Van,No,35.57081438,-82.62861094,Dry,30 - 35  MPH,No Control Present,Clear,No,0,0,10
Yes,22.0,No,Facing Traffic,C: Possible Injury,Female,Greenville,Pitt,No,Sunday,Crossing Paths - Other Circumstances,12.0,October,Signalized Intersection - Other / Unknown,2015,18.0,No,O: No Injury,Female,Passenger Car,No,35.60100327,-77.37069577,Dry,30 - 35  MPH,Stop And Go Signal,Clear,No,0,0,10
No,21.0,No,With Traffic,O: No Injury,Male,Greenville,Pitt,No,Thursday,Bicyclist Failed to Yield - Sign-Controlled Intersection,11.0,October,Bicyclist Ride Through - Sign-Controlled Intersection,2015,86.0,No,O: No Injury,Male,Passenger Car,No,35.60677761,-77.37211828,Dry,30 - 35  MPH,Stop Sign,Clear,No,0,0,10
Yes,23.0,No,With Traffic,A: Suspected Serious Injury,Male,Greensboro,Guilford,No,Monday,Motorist Overtaking Bicyclist,20.0,September,Motorist Overtaking - Undetected Bicyclist,2015,24.0,No,O: No Injury,Male,Passenger Car,No,36.07116356,-79.88299331,Dry,30 - 35  MPH,No Control Present,Clear,No,0,0,9
Yes,24.0,No,With Traffic,C: Possible Injury,Male,Greensboro,Guilford,No,Tuesday,Motorist Overtaking Bicyclist,21.0,August,Motorist Overtaking - Undetected Bicyclist,2015,79.0,No,O: No Injury,Female,Passenger Car,No,36.08548028,-79.77929002,Wet,30 - 35  MPH,No Control Present,Cloudy,No,0,0,8
No,59.0,No,With Traffic,O: No Injury,Male,None - Rural Crash,Mecklenburg,No,Friday,Motorist Overtaking Bicyclist,17.0,October,Motorist Overtaking - Other / Unknown,2015,42.03850604944766,Missing,Unknown Injury,Unknown,Unknown,Yes,35.35786018,-80.84019152,Dry,40 - 45  MPH,No Control Present,Clear,No,1,0,10
No,34.0,No,With Traffic,C: Possible Injury,Female,Asheville,Buncombe,No,Thursday,Motorist Overtaking Bicyclist,18.0,October,Motorist Overtaking - Other / Unknown,2015,46.0,No,O: No Injury,Female,Passenger Car,No,35.59773697,-82.54568826,Dry,30 - 35  MPH,No Control Present,Clear,No,0,0,10
Yes,52.0,No,Facing Traffic,C: Possible Injury,Male,High Point,Guilford,No,Wednesday,Motorist Failed to Yield - Signalized Intersection,9.0,October,Motorist Drive Out - Right Turn on Red,2015,60.0,No,O: No Injury,Female,Sport Utility,No,35.94246644,-80.00112975,Dry,30 - 35  MPH,Stop And Go Signal,Clear,No,0,0,10
No,43.0,No,Facing Traffic,O: No Injury,Male,Raleigh,Wake,No,Friday,Motorist Failed to Yield - Midblock,9.0,October,Motorist Drive Out - Commercial Driveway / Alley,2015,18.0,No,O: No Injury,Male,Pickup,No,35.78503455,-78.68782934,Dry,5 - 15 MPH,No Control Present,Clear,No,0,0,10
No,54.0,No,Facing Traffic,C: Possible Injury,Male,Fayetteville,Cumberland,No,Friday,Motorist Failed to Yield - Sign-Controlled Intersection,17.0,October,Motorist Drive Out - Sign-Controlled Intersection,2015,42.0,No,O: No Injury,Female,Passenger Car,No,35.13737271,-78.87513703,Dry,50 - 55  MPH,Stop Sign,Clear,No,0,0,10
No,31.0,No,Not Applicable,O: No Injury,Male,Raleigh,Wake,No,Friday,Crossing Paths - Other Circumstances,11.0,October,Signalized Intersection - Other / Unknown,2015,83.0,No,O: No Injury,Male,Passenger Car,No,35.8198365,-78.62427691,Dry,30 - 35  MPH,No Control Present,Clear,No,0,0,10
Yes,36.0,No,With Traffic,C: Possible Injury,Male,None - Rural Crash,Pitt,No,Monday,Motorist Failed to Yield - Midblock,6.0,October,Motorist Drive Out - Commercial Driveway / Alley,2015,59.0,No,O: No Injury,Female,Passenger Car,No,35.58571729,-77.31388122,Dry,50 - 55  MPH,No Control Present,Cloudy,No,0,0,10
Yes,61.0,No,With Traffic,C: Possible Injury,Male,Greensboro,Guilford,No,Thursday,Motorist Failed to Yield - Signalized Intersection,12.0,October,Motorist Drive Out - Right Turn on Red,2015,65.0,No,O: No Injury,Male,Passenger Car,No,36.08816312,-79.90549552,Dry,30 - 35  MPH,Stop And Go Signal,Cloudy,No,0,0,10
Yes,19.0,No,Facing Traffic,C: Possible Injury,Female,Wilmington,New Hanover,No,Wednesday,Motorist Failed to Yield - Signalized Intersection,13.0,September,Motorist Drive Out - Signalized Intersection,2015,27.0,No,O: No Injury,Male,Passenger Car,No,34.23140671,-77.87957565,Dry,30 - 35  MPH,Stop And Go Signal,Clear,No,0,0,9
Yes,72.0,No,With Traffic,C: Possible Injury,Male,Wilmington,New Hanover,No,Wednesday,Crossing Paths - Other Circumstances,9.0,October,Sign-Controlled Intersection - Other / Unknown,2015,77.0,No,O: No Injury,Male,Passenger Car,No,34.20707049,-77.92478189,Dry,30 - 35  MPH,Stop Sign,Clear,No,0,0,10
No,68.0,No,Facing Traffic,O: No Injury,Male,Winston-Salem,Forsyth,No,Friday,Crossing Paths - Other Circumstances,14.0,October,Sign-Controlled Intersection - Other / Unknown,2015,42.03850604944766,Missing,Unknown Injury,Unknown,Unknown,Yes,36.11066101,-80.25781157,Wet,30 - 35  MPH,Stop Sign,Cloudy,No,1,0,10
No,62.0,No,Facing Traffic,O: No Injury,Female,Fayetteville,Cumberland,No,Tuesday,Motorist Failed to Yield - Midblock,16.0,October,Motorist Drive Out - Commercial Driveway / Alley,2015,67.0,No,O: No Injury,Female,Sport Utility,No,35.043552,-78.95300993,Dry,40 - 45  MPH,No Control Present,Clear,No,0,0,10
No,47.0,No,With Traffic,C: Possible Injury,Male,Fayetteville,Cumberland,No,Wednesday,Motorist Failed to Yield - Sign-Controlled Intersection,16.0,October,Motorist Drive Out - Sign-Controlled Intersection,2015,58.0,No,O: No Injury,Female,Passenger Car,No,35.08018011,-78.95544959,Dry,40 - 45  MPH,Stop Sign,Clear,No,0,0,10
Yes,24.0,No,Facing Traffic,C: Possible Injury,Female,Wilmington,New Hanover,No,Tuesday,Motorist Failed to Yield - Midblock,15.0,October,Motorist Drive Out - Commercial Driveway / Alley,2015,24.0,No,O: No Injury,Male,Sport Utility,No,34.23114893,-77.87865425,Dry,30 - 35  MPH,Stop And Go Signal,Cloudy,No,0,0,10
Yes,50.0,No,With Traffic,A: Suspected Serious Injury,Male,None - Rural Crash,Bladen,No,Wednesday,Motorist Overtaking Bicyclist,6.0,October,Motorist Overtaking - Undetected Bicyclist,2015,56.0,No,O: No Injury,Female,Passenger Car,No,34.64445543,-78.72812548,Wet,50 - 55  MPH,Other,Rain,No,0,0,10
Yes,32.0,No,With Traffic,A: Suspected Serious Injury,Male,Winston-Salem,Forsyth,No,Friday,Bicyclist Failed to Yield - Signalized Intersection,20.0,October,Bicyclist Ride Out - Signalized  Intersection,2015,23.0,No,O: No Injury,Male,Passenger Car,No,36.09894551,-80.25392587,Dry,30 - 35  MPH,Stop And Go Signal,Clear,No,0,0,10
No,18.0,No,With Traffic,C: Possible Injury,Male,None - Rural Crash,Onslow,No,Wednesday,Motorist Overtaking Bicyclist,6.0,October,Motorist Overtaking - Undetected Bicyclist,2015,33.0,No,O: No Injury,Male,Sport Utility,No,34.54180433,-77.40157288,Dry,40 - 45  MPH,"Double Yellow Line, No Passing Zone",Clear,No,0,0,10
Yes,41.0,No,Facing Traffic,C: Possible Injury,Male,Greensboro,Guilford,No,Tuesday,Motorist Failed to Yield - Midblock,11.0,November,Motorist Drive Out - Commercial Driveway / Alley,2015,69.0,No,O: No Injury,Male,Passenger Car,Yes,36.06472299,-79.79135461,Wet,30 - 35  MPH,No Control Present,Rain,No,0,0,11
Yes,24.0,No,Not Applicable,C: Possible Injury,Male,Raleigh,Wake,No,Wednesday,Non-Roadway,21.0,November,Non-Roadway,2015,42.03850604944766,Missing,Unknown Injury,Unknown,Sport Utility,Yes,35.74411561,-78.63547404,"Sand, Mud, Dirt, Gravel",20 - 25  MPH,No Control Present,Cloudy,No,1,0,11
No,19.0,No,With Traffic,O: No Injury,Male,Wilmington,New Hanover,No,Monday,Head-On,19.0,October,Head-On - Motorist,2015,19.0,No,O: No Injury,Female,Sport Utility,No,34.22879171,-77.87138795,Dry,20 - 25  MPH,Stop And Go Signal,Clear,No,0,0,10
Yes,8.0,No,Not Applicable,C: Possible Injury,Male,Selma,Johnston,No,Saturday,Non-Roadway,17.0,October,Non-Roadway,2015,18.0,No,O: No Injury,Male,Passenger Car,No,35.54253141,-78.26779319,Dry,5 - 15 MPH,No Control Present,Clear,No,0,0,10
No,33.0,No,With Traffic,C: Possible Injury,Female,Charlotte,Mecklenburg,No,Sunday,Motorist Failed to Yield - Sign-Controlled Intersection,18.0,November,Motorist Drive Out - Sign-Controlled Intersection,2015,29.0,No,O: No Injury,Male,Passenger Car,No,35.22026929,-80.85876714,Dry,30 - 35  MPH,Stop Sign,Clear,No,0,0,11
Yes,49.0,No,Not Applicable,C: Possible Injury,Male,Raleigh,Wake,No,Thursday,Non-Roadway,10.0,November,Non-Roadway,2015,79.0,No,O: No Injury,Female,Passenger Car,No,35.81883033,-78.62473431,Dry,5 - 15 MPH,No Control Present,Cloudy,No,0,0,11
Yes,29.0,No,Facing Traffic,C: Possible Injury,Male,Charlotte,Mecklenburg,No,Tuesday,Motorist Failed to Yield - Signalized Intersection,8.0,November,Motorist Drive Out - Right Turn on Red,2015,21.0,No,O: No Injury,Male,Passenger Car,No,35.08788566,-80.84527452,Wet,40 - 45  MPH,Stop And Go Signal,Clear,No,0,0,11
Yes,33.0,No,With Traffic,K: Killed,Male,None - Rural Crash,Wake,No,Tuesday,Motorist Overtaking Bicyclist,19.0,November,Motorist Overtaking - Other / Unknown,2015,39.0,No,O: No Injury,Male,Pickup,No,35.57509048,-78.66664196,Dry,50 - 55  MPH,"Double Yellow Line, No Passing Zone",Cloudy,No,0,0,11
No,32.52649525389365,Missing,Not Applicable,O: No Injury,Male,Boone,Watauga,No,Thursday,Non-Roadway,14.0,October,Non-Roadway,2015,24.0,No,O: No Injury,Female,Sport Utility,No,36.22022633,-81.69208688,Dry,Unknown,No Control Present,Clear,No,0,1,10
No,41.0,No,With Traffic,C: Possible Injury,Male,Clemmons,Forsyth,No,Thursday,Motorist Overtaking Bicyclist,5.0,October,Motorist Overtaking - Other / Unknown,2015,42.03850604944766,Unknown,Unknown Injury,Unknown,Passenger Car,Yes,36.022843,-80.373179,Dry,50 - 55  MPH,"Double Yellow Line, No Passing Zone",Clear,No,1,0,10
Yes,15.0,Unknown,With Traffic,C: Possible Injury,Male,None - Rural Crash,Hertford,No,Tuesday,Motorist Overtaking Bicyclist,23.0,November,Motorist Overtaking - Undetected Bicyclist,2015,29.0,Unknown,O: No Injury,Male,Passenger Car,No,36.43095162,-77.11943494,Dry,30 - 35  MPH,"Double Yellow Line, No Passing Zone",Clear,No,0,0,11
Yes,54.0,No,Facing Traffic,C: Possible Injury,Male,Raleigh,Wake,No,Friday,Motorist Failed to Yield - Signalized Intersection,7.0,October,Motorist Drive Out - Right Turn on Red,2015,60.0,No,O: No Injury,Female,Van,No,35.87954671,-78.62521575,Dry,30 - 35  MPH,Stop And Go Signal,Clear,No,0,0,10
No,14.0,No,With Traffic,C: Possible Injury,Male,Smithfield,Johnston,No,Sunday,Motorist Failed to Yield - Midblock,11.0,November,Motorist Drive Out - Residential Driveway,2015,42.03850604944766,Missing,Unknown Injury,Unknown,Unknown,Yes,35.48498629,-78.36406369,Dry,Unknown,No Control Present,Cloudy,No,1,0,11
Yes,56.0,No,With Traffic,K: Killed,Male,None - Rural Crash,Cleveland,No,Sunday,Motorist Overtaking Bicyclist,20.0,November,Motorist Overtaking - Undetected Bicyclist,2015,16.0,No,O: No Injury,Male,Van,No,35.22595849,-81.52627049,"Water (Standing, Moving)",40 - 45  MPH,"Double Yellow Line, No Passing Zone",Cloudy,No,0,0,11
Yes,50.0,Yes,With Traffic,C: Possible Injury,Male,None - Rural Crash,New Hanover,Yes,Sunday,Motorist Overtaking Bicyclist,18.0,November,Motorist Overtaking - Undetected Bicyclist,2015,42.03850604944766,Unknown,Unknown Injury,Unknown,Sport Utility,Yes,34.1462623,-77.89939854,Dry,40 - 45  MPH,No Control Present,Clear,No,1,0,11
Yes,28.0,No,Not Applicable,C: Possible Injury,Male,Henderson,Vance,No,Monday,Bicyclist Failed to Yield - Midblock,10.0,November,Bicyclist Ride Out - Commercial Driveway / Alley,2015,24.0,No,O: No Injury,Female,Passenger Car,No,36.33518345,-78.4374686,Wet,5 - 15 MPH,No Control Present,Rain,No,0,0,11
Yes,8.0,No,With Traffic,C: Possible Injury,Male,Charlotte,Mecklenburg,No,Tuesday,Bicyclist Failed to Yield - Signalized Intersection,17.0,November,Bicyclist Ride Through - Signalized Intersection,2015,58.0,No,O: No Injury,Female,Passenger Car,No,35.22134073,-80.81864062,Dry,30 - 35  MPH,Stop And Go Signal,Clear,No,0,0,11
Yes,27.0,No,Facing Traffic,C: Possible Injury,Female,Greensboro,Guilford,No,Tuesday,Crossing Paths - Other Circumstances,12.0,November,Crossing Paths - Uncontrolled Intersection,2015,56.0,No,O: No Injury,Female,Passenger Car,No,36.13088334,-79.79967293,Dry,5 - 15 MPH,Stop Sign,Clear,No,0,0,11
Yes,21.0,Yes,With Traffic,C: Possible Injury,Male,Greenville,Pitt,Yes,Saturday,Motorist Failed to Yield - Sign-Controlled Intersection,22.0,November,Motorist Drive Out - Sign-Controlled Intersection,2015,38.0,No,O: No Injury,Female,Van,No,35.6086206,-77.36193439,Wet,20 - 25  MPH,Stop Sign,Cloudy,No,0,0,11
No,16.0,No,Not Applicable,C: Possible Injury,Male,Greenville,Pitt,No,Tuesday,Bicyclist Failed to Yield - Midblock,18.0,November,Bicyclist Ride Out - Commercial Driveway / Alley,2015,48.0,No,O: No Injury,Female,Passenger Car,No,35.57961443,-77.36423556,Dry,40 - 45  MPH,No Control Present,Clear,No,0,0,11
Yes,37.0,No,Facing Traffic,C: Possible Injury,Male,Raleigh,Wake,No,Friday,Motorist Failed to Yield - Signalized Intersection,17.0,November,Motorist Drive Out - Right Turn on Red,2015,42.0,No,O: No Injury,Female,Passenger Car,No,35.78147066,-78.64594462,Dry,30 - 35  MPH,Stop And Go Signal,Clear,No,0,0,11
Yes,19.0,Yes,With Traffic,C: Possible Injury,Male,None - Rural Crash,Dare,Yes,Friday,Bicyclist Failed to Yield - Signalized Intersection,17.0,November,Bicyclist Ride Through - Signalized Intersection,2015,60.0,No,O: No Injury,Male,Sport Utility,No,35.92146314,-75.67828043,Dry,30 - 35  MPH,Stop And Go Signal,Clear,No,0,0,11
Yes,16.0,No,Unknown,C: Possible Injury,Male,Durham,Durham,No,Wednesday,Parallel Paths - Other Circumstances,13.0,November,Parallel Paths - Other / Unknown,2015,21.0,No,O: No Injury,Male,Passenger Car,No,35.98376286,-78.90699446,Dry,20 - 25  MPH,No Control Present,Cloudy,No,0,0,11
Yes,56.0,No,With Traffic,A: Suspected Serious Injury,Male,None - Rural Crash,Brunswick,No,Friday,Motorist Right Turn / Merge,14.0,November,Motorist Right Turn - Same Direction,2015,62.0,No,O: No Injury,Male,Pickup,No,34.23403827,-77.96784184,Dry,50 - 55  MPH,No Control Present,Clear,Yes,0,0,11
No,18.0,No,Not Applicable,O: No Injury,Female,Fayetteville,Cumberland,No,Monday,Bicyclist Failed to Yield - Midblock,17.0,October,Bicyclist Ride Out - Commercial Driveway / Alley,2015,42.03850604944766,Missing,Unknown Injury,Unknown,Unknown,Yes,35.02656599,-78.94302533,Dry,30 - 35  MPH,No Control Present,Clear,No,1,0,10
No,14.0,No,With Traffic,C: Possible Injury,Male,Charlotte,Mecklenburg,No,Thursday,Motorist Failed to Yield - Sign-Controlled Intersection,19.0,November,Motorist Drive Out - Sign-Controlled Intersection,2015,54.0,No,O: No Injury,Male,Van,No,35.20018543,-80.88923605,Dry,30 - 35  MPH,Stop Sign,Clear,No,0,0,11
Yes,55.0,No,With Traffic,C: Possible Injury,Male,Winston-Salem,Forsyth,No,Saturday,Bicyclist Failed to Yield - Sign-Controlled Intersection,14.0,November,Bicyclist Ride Through - Sign-Controlled Intersection,2015,27.0,No,O: No Injury,Female,Passenger Car,No,36.12209712,-80.22226382,Wet,30 - 35  MPH,Stop Sign,Cloudy,No,0,0,11
Yes,35.0,No,With Traffic,C: Possible Injury,Male,None - Rural Crash,Bladen,No,Wednesday,Crossing Paths - Other Circumstances,7.0,November,Sign-Controlled Intersection - Other / Unknown,2015,55.0,No,O: No Injury,Male,Pickup,No,34.83500168,-78.85633989,Dry,50 - 55  MPH,Stop Sign,Clear,No,0,0,11
Yes,21.0,No,With Traffic,C: Possible Injury,Female,New Bern,Craven,No,Friday,Motorist Failed to Yield - Signalized Intersection,15.0,November,Motorist Drive Through - Signalized Intersection,2015,42.03850604944766,Missing,Unknown Injury,Unknown,Van,Yes,35.10899763,-77.05524732,Dry,30 - 35  MPH,Stop And Go Signal,Clear,No,1,0,11
Yes,17.0,No,With Traffic,C: Possible Injury,Male,Jacksonville,Onslow,No,Wednesday,Head-On,22.0,October,Head-On - Bicyclist,2015,49.0,No,O: No Injury,Male,Moped,No,34.75783796,-77.41471377,Wet,30 - 35  MPH,No Control Present,Cloudy,No,0,0,10
Yes,20.0,No,With Traffic,O: No Injury,Male,Kinston,Lenoir,No,Monday,Motorist Overtaking Bicyclist,7.0,November,Motorist Overtaking - Other / Unknown,2015,32.0,No,O: No Injury,Female,Passenger Car,No,35.29521293,-77.56897571,Dry,30 - 35  MPH,No Control Present,Clear,No,0,0,11
Yes,20.0,No,Facing Traffic,C: Possible Injury,Male,Kinston,Lenoir,No,Friday,Bicyclist Failed to Yield - Signalized Intersection,17.0,November,Bicyclist Ride Through - Signalized Intersection,2015,77.0,No,O: No Injury,Female,Van,No,35.26508895,-77.58091311,Dry,30 - 35  MPH,Stop And Go Signal,Clear,No,0,0,11
Yes,30.0,No,With Traffic,C: Possible Injury,Male,Kinston,Lenoir,No,Thursday,Motorist Overtaking Bicyclist,17.0,November,Motorist Overtaking - Undetected Bicyclist,2015,52.0,No,O: No Injury,Male,Pickup,No,35.26447967,-77.6265389,Dry,50 - 55  MPH,No Control Present,Clear,No,0,0,11
Yes,38.0,No,With Traffic,C: Possible Injury,Male,Plymouth,Washington,No,Wednesday,Motorist Failed to Yield - Sign-Controlled Intersection,10.0,October,Motorist Drive Out - Sign-Controlled Intersection,2015,75.0,No,O: No Injury,Male,Passenger Car,No,35.85791631,-76.746629,Dry,Unknown,Stop Sign,Clear,No,0,0,10
No,41.0,No,With Traffic,O: No Injury,Male,None - Rural Crash,Brunswick,No,Wednesday,Motorist Overtaking Bicyclist,19.0,November,Motorist Overtaking - Undetected Bicyclist,2015,26.0,No,O: No Injury,Female,Sport Utility,No,34.19822298,-78.05990637,Dry,50 - 55  MPH,No Control Present,Clear,No,0,0,11
Yes,17.0,No,Facing Traffic,C: Possible Injury,Male,Mills River,Henderson,No,Sunday,Motorist Failed to Yield - Midblock,18.0,November,Motorist Drive Out - Residential Driveway,2015,42.0,No,O: No Injury,Male,Van,No,35.34492084,-82.62357561,Dry,50 - 55  MPH,No Control Present,Clear,No,0,0,11
Yes,22.0,No,With Traffic,C: Possible Injury,Male,Charlotte,Mecklenburg,No,Monday,Motorist Failed to Yield - Midblock,17.0,November,Motorist Drive Out - Other Midblock,2015,49.0,No,O: No Injury,Female,Passenger Car,No,35.1994416,-80.88731057,Wet,30 - 35  MPH,No Control Present,Cloudy,No,0,0,11
No,18.0,No,Not Applicable,O: No Injury,Male,Boone,Watauga,No,Tuesday,Non-Roadway,11.0,November,Non-Roadway,2015,19.0,No,O: No Injury,Female,Passenger Car,No,36.21600933,-81.66670934,Dry,5 - 15 MPH,No Control Present,Clear,No,0,0,11
Yes,51.0,No,Facing Traffic,C: Possible Injury,Male,Carrboro,Orange,No,Monday,Motorist Failed to Yield - Sign-Controlled Intersection,16.0,November,Motorist Drive Out - Sign-Controlled Intersection,2015,59.0,No,O: No Injury,Female,Passenger Car,No,35.91716037,-79.0912253,Dry,30 - 35  MPH,Stop Sign,Clear,No,0,0,11
Yes,26.0,Yes,Unknown,C: Possible Injury,Male,Rocky Mount,Edgecombe,Yes,Friday,Parallel Paths - Other Circumstances,22.0,December,Parallel Paths - Other / Unknown,2015,42.03850604944766,Missing,Unknown Injury,Unknown,Unknown,Yes,35.93684488,-77.79518559,Dry,30 - 35  MPH,Stop And Go Signal,Clear,No,1,0,12