AmbulanceR,BikeAge,BikeAlcFlg,BikeDir,BikeInjury,BikeSex,City,County,CrashAlcoh,CrashDay,CrashGrp,CrashHour,CrashMonth,CrashType,CrashYear,DrvrAge,DrvrAlcFlg,DrvrInjury,DrvrSex,DrvrVehTyp,HitRun,Latitude,Longitude,RdConditio,SpeedLimit,TraffCntrl,Weather,Workzone,DrvrAgeImputedFlag,BikeAgeImputedFlag,MonthCode
No,63.0,Yes,Unknown,Unknown Injury,Male,Wadesboro,Anson,Yes,Wednesday,Other / Unknown - Insufficient Details,17.0,November,Unknown Approach Paths,2015,42.03850604944766,Missing,Unknown Injury,Unknown,Passenger Car,Yes,34.95005614,-80.06207107,Dry,Unknown,No Control Present,Cloudy,No,1,0,11
No,32.52649525389365,No,Not Applicable,Unknown Injury,Unknown,Jacksonville,Onslow,No,Wednesday,Bicyclist Failed to Yield - Midblock,6.0,November,Bicyclist Ride Out - Commercial Driveway / Alley,2015,57.0,No,O: No Injury,Female,Passenger Car,No,34.78311041,-77.42502517,Wet,20 - 25  MPH,Flashing Signal Without Stop Sign,Cloudy,No,0,1,11
Yes,24.0,No,With Traffic,C: Possible Injury,Male,Greensboro,Guilford,No,Wednesday,Motorist Overtaking Bicyclist,0.0,December,Motorist Overtaking - Other / Unknown,2015,25.0,No,O: No Injury,Male,Passenger Car,No,36.06254975,-79.84543628,Wet,30 - 35  MPH,No Control Present,Rain,No,0,0,12
No,50.0,No,With Traffic,O: No Injury,Male,None - Rural Crash,Lincoln,No,Thursday,Loss of Control / Turning Error,17.0,November,Motorist Turning Error - Left Turn,2015,66.0,No,O: No Injury,Male,Pickup,No,35.54957408,-81.08153358,Dry,40 - 45  MPH,Stop Sign,Clear,No,0,0,11
Yes,12.0,No,Not Applicable,A: Suspected Serious Injury,Male,Sharpsburg,Nash,No,Friday,Bicyclist Failed to Yield - Midblock,13.0,November,Bicyclist Ride Out - Midblock - Unknown,2015,68.0,No,O: No Injury,Male,Single Unit Truck (3 Or More Axles),No,35.87035443,-77.82823768,Dry,40 - 45  MPH,No Control Present,Clear,No,0,0,11
Yes,20.0,No,Unknown,C: Possible Injury,Male,Morrisville,Wake,No,Monday,Crossing Paths - Other Circumstances,14.0,December,Crossing Paths - Uncontrolled Intersection,2015,52.0,No,O: No Injury,Female,Passenger Car,No,35.80678947,-78.81601511,Dry,20 - 25  MPH,Stop Sign,Clear,No,0,0,12
Yes,16.0,No,With Traffic,C: Possible Injury,Male,Chapel Hill,Orange,No,Wednesday,Motorist Failed to Yield - Signalized Intersection,18.0,November,Motorist Drive Through - Signalized Intersection,2015,22.0,No,O: No Injury,Male,Passenger Car,No,35.92521255,-79.02475135,Dry,40 - 45  MPH,Stop And Go Signal,Clear,No,0,0,11
No,55.0,Yes,With Traffic,K: Killed,Male,None - Rural Crash,Burke,Yes,Thursday,Motorist Overtaking Bicyclist,17.0,November,Motorist Overtaking - Other / Unknown,2015,42.03850604944766,Missing,Unknown Injury,Unknown,Unknown,Yes,35.71828459,-81.66177065,Dry,30 - 35  MPH,"Double Yellow Line, No Passing Zone",Clear,No,1,0,11
Yes,57.0,No,With Traffic,C: Possible Injury,Male,Selma,Johnston,No,Monday,Motorist Failed to Yield - Midblock,15.0,November,Motorist Drive Out - Commercial Driveway / Alley,2015,64.0,No,O: No Injury,Female,Passenger Car,No,35.52421008,-78.30083588,Dry,5 - 15 MPH,No Control Present,Clear,No,0,0,11
No,25.0,No,With Traffic,O: No Injury,Male,Lumberton,Robeson,No,Tuesday,Motorist Overtaking Bicyclist,20.0,November,Motorist Overtaking - Undetected Bicyclist,2015,72.0,No,O: No Injury,Female,Passenger Car,No,34.6443472,-78.98589953,Dry,40 - 45  MPH,No Control Present,Clear,No,0,0,11
Yes,36.0,No,Facing Traffic,C: Possible Injury,Male,Raleigh,Wake,No,Friday,Bicyclist Failed to Yield - Signalized Intersection,11.0,December,Bicyclist Ride Through - Signalized Intersection,2015,29.0,No,O: No Injury,Male,Sport Utility,No,35.83567618,-78.59315702,Dry,30 - 35  MPH,Stop And Go Signal,Clear,No,0,0,12
Yes,33.0,Unknown,With Traffic,A: Suspected Serious Injury,Male,Long View,Catawba,No,Sunday,Motorist Overtaking Bicyclist,21.0,November,Motorist Overtaking - Undetected Bicyclist,2015,32.0,No,O: No Injury,Female,Passenger Car,No,35.72216995,-81.38107615,Dry,50 - 55  MPH,No Control Present,Clear,No,0,0,11
Yes,35.0,No,With Traffic,C: Possible Injury,Male,None - Rural Crash,Durham,No,Friday,Motorist Overtaking Bicyclist,13.0,November,Motorist Overtaking - Other / Unknown,2015,51.0,No,O: No Injury,Male,Pickup,No,36.02889217,-78.77991641,Dry,40 - 45  MPH,"Double Yellow Line, No Passing Zone",Clear,No,0,0,11
Yes,32.0,No,With Traffic,A: Suspected Serious Injury,Male,None - Rural Crash,New Hanover,No,Monday,Motorist Overtaking Bicyclist,18.0,November,Motorist Overtaking - Undetected Bicyclist,2015,42.03850604944766,Unknown,Unknown Injury,Unknown,Unknown,Yes,34.27885294,-77.92414513,Dry,40 - 45  MPH,"Double Yellow Line, No Passing Zone",Clear,No,1,0,11
No,78.0,No,With Traffic,O: No Injury,Male,None - Rural Crash,Duplin,No,Sunday,Loss of Control / Turning Error,15.0,December,Bicyclist Turning Error - Left Turn,2015,25.0,No,O: No Injury,Male,Passenger Car,No,35.16540063,-78.01956092,Dry,50 - 55  MPH,"Double Yellow Line, No Passing Zone",Clear,No,0,0,12
Yes,69.0,No,With Traffic,C: Possible Injury,Male,Charlotte,Mecklenburg,No,Tuesday,Motorist Overtaking Bicyclist,16.0,December,Motorist Overtaking - Other / Unknown,2015,79.0,No,O: No Injury,Male,Passenger Car,No,35.25173536,-80.8562837,Dry,30 - 35  MPH,No Control Present,Clear,No,0,0,12
Yes,51.0,No,Facing Traffic,C: Possible Injury,Male,Greensboro,Guilford,No,Wednesday,Motorist Failed to Yield - Midblock,14.0,December,Motorist Drive Out - Commercial Driveway / Alley,2015,27.0,No,O: No Injury,Female,Sport Utility,No,36.0387905,-79.85396284,Dry,5 - 15 MPH,No Control Present,Clear,No,0,0,12
Yes,54.0,No,With Traffic,C: Possible Injury,Male,Charlotte,Mecklenburg,No,Tuesday,Motorist Overtaking Bicyclist,15.0,December,Motorist Overtaking - Bicyclist Swerved,2015,49.0,No,O: No Injury,Male,Pickup,No,35.24228769,-80.86647246,Dry,30 - 35  MPH,No Control Present,Clear,No,0,0,12
Yes,10.0,No,Unknown,C: Possible Injury,Female,None - Rural Crash,Moore,No,Sunday,Bicyclist Failed to Yield - Sign-Controlled Intersection,18.0,February,Bicyclist Ride Through - Sign-Controlled Intersection,2015,22.0,No,O: No Injury,Male,Pickup,No,35.32375796,-79.24711626,Dry,40 - 45  MPH,Stop Sign,Clear,No,0,0,2
Yes,18.0,No,With Traffic,A: Suspected Serious Injury,Male,Fayetteville,Cumberland,No,Tuesday,Loss of Control / Turning Error,15.0,October,"Motorist Lost Control - Oversteering, Improper Braking, Speed",2015,31.0,No,C: Possible Injury,Male,Passenger Car,No,35.06930496,-78.91191667,Wet,40 - 45  MPH,No Control Present,Rain,No,0,0,10
No,55.0,No,With Traffic,O: No Injury,Male,Oxford,Granville,No,Tuesday,Crossing Paths - Other Circumstances,7.0,December,Signalized Intersection - Other / Unknown,2015,55.0,No,O: No Injury,Male,Pickup,No,36.31069604,-78.59110957,Wet,30 - 35  MPH,No Control Present,Rain,No,0,0,12
Yes,12.0,Unknown,Facing Traffic,K: Killed,Female,Kill Devil Hills,Dare,No,Monday,Motorist Failed to Yield - Signalized Intersection,16.0,November,Motorist Drive Through - Signalized Intersection,2015,62.0,No,O: No Injury,Female,Sport Utility,No,36.01130739,-75.66608776,Dry,30 - 35  MPH,Stop And Go Signal,Clear,No,0,0,11
No,31.0,Missing,With Traffic,O: No Injury,Male,Durham,Durham,No,Wednesday,Motorist Overtaking Bicyclist,17.0,December,Motorist Overtaking - Other / Unknown,2015,42.03850604944766,No,Unknown Injury,Unknown,Passenger Car,Yes,35.99877204,-78.91440206,Dry,30 - 35  MPH,No Control Present,Clear,No,1,0,12
Yes,26.0,Unknown,With Traffic,Unknown Injury,Unknown,None - Rural Crash,Jackson,No,Monday,Motorist Left Turn / Merge,18.0,November,Motorist Left Turn - Opposite Direction,2015,21.0,Unknown,Unknown Injury,Unknown,Passenger Car,No,35.30803314,-83.18568127,Wet,20 - 25  MPH,No Control Present,Rain,No,0,0,11
No,57.0,No,With Traffic,C: Possible Injury,Male,Kernersville,Forsyth,No,Sunday,Motorist Left Turn / Merge,16.0,December,Motorist Left Turn - Opposite Direction,2015,64.0,No,O: No Injury,Female,Sport Utility,No,36.04876327,-80.06854762,Dry,40 - 45  MPH,"Double Yellow Line, No Passing Zone",Clear,No,0,0,12
Yes,58.0,No,Facing Traffic,C: Possible Injury,Male,Charlotte,Mecklenburg,No,Friday,Motorist Failed to Yield - Midblock,14.0,December,Motorist Drive Out - Commercial Driveway / Alley,2015,32.0,No,O: No Injury,Female,Passenger Car,No,35.23727648,-80.74240765,Dry,20 - 25  MPH,No Control Present,Clear,No,0,0,12
Yes,55.0,No,With Traffic,K: Killed,Male,None - Rural Crash,Robeson,No,Monday,Motorist Overtaking Bicyclist,17.0,December,Motorist Overtaking - Other / Unknown,2015,66.0,No,O: No Injury,Male,Pickup,No,34.71940584,-79.04833545,Wet,50 - 55  MPH,No Control Present,Clear,No,0,0,12
Yes,29.0,Yes,With Traffic,C: Possible Injury,Male,Greensboro,Guilford,Yes,Saturday,Motorist Failed to Yield - Sign-Controlled Intersection,4.0,December,Motorist Drive Through - Sign-Controlled Intersection,2015,42.03850604944766,Missing,Unknown Injury,Unknown,Passenger Car,Yes,36.05250346,-79.79581077,Dry,20 - 25  MPH,No Control Present,Clear,No,1,0,12
Yes,57.0,No,With Traffic,C: Possible Injury,Male,Kinston,Lenoir,No,Monday,Motorist Overtaking Bicyclist,6.0,December,Motorist Overtaking - Other / Unknown,2015,34.0,No,O: No Injury,Female,Passenger Car,No,35.23561467,-77.56806051,Dry,50 - 55  MPH,No Control Present,Clear,No,0,0,12
No,20.0,No,With Traffic,C: Possible Injury,Male,None - Rural Crash,Buncombe,No,Sunday,Motorist Overtaking Bicyclist,20.0,December,Motorist Overtaking - Undetected Bicyclist,2015,45.0,No,O: No Injury,Male,Sport Utility,No,35.6048807,-82.44463285,Dry,30 - 35  MPH,"Double Yellow Line, No Passing Zone",Clear,No,0,0,12
Yes,70.0,No,With Traffic,C: Possible Injury,Male,Durham,Durham,No,Tuesday,Motorist Overtaking Bicyclist,19.0,December,Motorist Overtaking - Undetected Bicyclist,2015,42.03850604944766,Missing,Unknown Injury,Unknown,Passenger Car,Yes,35.99329345,-78.93267407,Wet,20 - 25  MPH,No Control Present,Cloudy,No,1,0,12
Yes,28.0,No,With Traffic,C: Possible Injury,Male,Raleigh,Wake,No,Monday,Crossing Paths - Other Circumstances,17.0,December,Sign-Controlled Intersection - Other / Unknown,2015,62.0,No,O: No Injury,Female,Sport Utility,No,35.86680036,-78.62259387,Dry,30 - 35  MPH,Stop Sign,Cloudy,No,0,0,12
Yes,61.0,No,With Traffic,C: Possible Injury,Female,Black Mountain,Buncombe,No,Tuesday,Loss of Control / Turning Error,15.0,December,Motorist Turning Error - Other,2015,71.0,No,O: No Injury,Female,Passenger Car,No,35.6170726,-82.31719521,Dry,20 - 25  MPH,No Control Present,Clear,No,0,0,12
Yes,59.0,No,With Traffic,Unknown Injury,Male,Laurinburg,Scotland,No,Thursday,Motorist Overtaking Bicyclist,7.0,December,Motorist Overtaking - Other / Unknown,2015,39.0,No,O: No Injury,Female,Passenger Car,No,34.7601123,-79.45303338,Dry,40 - 45  MPH,No Control Present,Clear,No,0,0,12
Yes,60.0,No,With Traffic,A: Suspected Serious Injury,Male,None - Rural Crash,Columbus,No,Friday,Motorist Overtaking Bicyclist,8.0,December,Motorist Overtaking - Other / Unknown,2015,42.03850604944766,Missing,Unknown Injury,Unknown,Pickup,Yes,34.14994253,-78.73855617,Dry,50 - 55  MPH,No Control Present,Clear,No,1,0,12
Yes,49.0,No,Facing Traffic,C: Possible Injury,Male,Charlotte,Mecklenburg,No,Thursday,Motorist Left Turn / Merge,18.0,December,Motorist Left Turn - Same Direction,2015,55.0,No,O: No Injury,Male,Sport Utility,No,35.23596968,-80.77366807,Wet,30 - 35  MPH,No Control Present,Rain,No,0,0,12
No,8.0,No,With Traffic,O: No Injury,Female,None - Rural Crash,Wake,No,Tuesday,Bicyclist Failed to Yield - Sign-Controlled Intersection,17.0,December,Bicyclist Ride Through - Sign-Controlled Intersection,2015,60.0,No,O: No Injury,Male,Passenger Car,No,35.6783653,-78.54475392,Dry,30 - 35  MPH,Stop Sign,Clear,No,0,0,12
No,63.0,No,With Traffic,O: No Injury,Male,None - Rural Crash,Beaufort,No,Monday,Motorist Overtaking Bicyclist,14.0,December,Motorist Overtaking - Other / Unknown,2015,43.0,No,O: No Injury,Female,Pickup,No,35.54107654,-76.97834291,Dry,50 - 55  MPH,Stop Sign,Clear,No,0,0,12
No,61.0,No,With Traffic,O: No Injury,Male,Lumberton,Robeson,No,Monday,Parallel Paths - Other Circumstances,6.0,December,Parallel Paths - Other / Unknown,2015,42.03850604944766,Missing,Unknown Injury,Unknown,Sport Utility,Yes,34.63553136,-79.02233231,Dry,30 - 35  MPH,No Control Present,Rain,No,1,0,12
Yes,21.0,No,With Traffic,C: Possible Injury,Female,Greensboro,Guilford,No,Sunday,Motorist Failed to Yield - Signalized Intersection,10.0,January,Motorist Drive Through - Signalized Intersection,2016,36.0,No,O: No Injury,Male,Passenger Car,No,36.08076681,-79.78036139,Dry,30 - 35  MPH,Stop And Go Signal,Clear,No,0,0,1
Yes,14.0,No,With Traffic,A: Suspected Serious Injury,Female,None - Rural Crash,Union,No,Thursday,Motorist Overtaking Bicyclist,3.0,December,Motorist Overtaking - Undetected Bicyclist,2015,29.0,No,O: No Injury,Male,Tractor/Semi-Trailer,No,35.01286944,-80.34351143,Wet,40 - 45  MPH,"Double Yellow Line, No Passing Zone",Cloudy,No,0,0,12
Yes,60.0,No,With Traffic,C: Possible Injury,Male,Fayetteville,Cumberland,No,Monday,Motorist Overtaking Bicyclist,17.0,December,Motorist Overtaking - Undetected Bicyclist,2015,42.03850604944766,Missing,Unknown Injury,Unknown,Unknown,Yes,35.05614171,-78.89608006,Wet,30 - 35  MPH,No Control Present,Rain,No,1,0,12
Yes,17.0,No,Not Applicable,C: Possible Injury,Female,Winston-Salem,Forsyth,No,Thursday,Bicyclist Failed to Yield - Midblock,17.0,December,Bicyclist Ride Out - Other Midblock,2015,53.0,No,O: No Injury,Female,Passenger Car,No,36.08818655,-80.2748727,Wet,20 - 25  MPH,"Double Yellow Line, No Passing Zone",Cloudy,No,0,0,12
Yes,62.0,No,With Traffic,C: Possible Injury,Female,Kill Devil Hills,Dare,No,Tuesday,Motorist Left Turn / Merge,15.0,December,Motorist Left Turn - Opposite Direction,2015,26.0,No,O: No Injury,Male,Sport Utility,No,36.03773703,-75.67524666,Dry,50 - 55  MPH,Stop And Go Signal,Clear,No,0,0,12
No,37.0,No,With Traffic,C: Possible Injury,Male,Kinston,Lenoir,No,Wednesday,Crossing Paths - Other Circumstances,14.0,January,Signalized Intersection - Other / Unknown,2016,41.0,Unknown,Unknown Injury,Male,Passenger Car,No,35.28767211,-77.58945576,Dry,30 - 35  MPH,Stop And Go Signal,Clear,No,0,0,1
Yes,32.52649525389365,Missing,With Traffic,Unknown Injury,Unknown,Greensboro,Guilford,No,Wednesday,Parallel Paths - Other Circumstances,11.0,January,Bicyclist Ride Out - Parallel Path,2016,42.03850604944766,Unknown,Unknown Injury,Unknown,Passenger Car,Yes,36.07090335,-79.79044455,Dry,20 - 25  MPH,No Control Present,Clear,No,1,1,1
Yes,23.0,No,Facing Traffic,C: Possible Injury,Male,Spindale,Rutherford,No,Sunday,Other / Unusual Circumstances,19.0,September,Motorist Intentionally Caused,2015,26.0,No,O: No Injury,Female,Passenger Car,No,35.35464029,-81.91831858,Dry,30 - 35  MPH,No Control Present,Clear,No,0,0,9
Yes,46.0,No,Facing Traffic,C: Possible Injury,Male,Greenville,Pitt,No,Tuesday,Motorist Failed to Yield - Sign-Controlled Intersection,11.0,January,Motorist Drive Out - Sign-Controlled Intersection,2016,18.0,No,O: No Injury,Female,Passenger Car,Yes,35.57224718,-77.41085268,Dry,20 - 25  MPH,Stop Sign,Clear,No,0,0,1
No,54.0,No,With Traffic,C: Possible Injury,Male,Fayetteville,Cumberland,No,Friday,Motorist Overtaking Bicyclist,19.0,October,Motorist Overtaking - Other / Unknown,2015,29.0,No,O: No Injury,Female,Passenger Car,No,35.02343015,-79.05236698,Dry,30 - 35  MPH,No Control Present,Clear,No,0,0,10
Yes,46.0,No,Facing Traffic,C: Possible Injury,Male,Fayetteville,Cumberland,No,Tuesday,Bicyclist Failed to Yield - Signalized Intersection,15.0,December,Bicyclist Ride Through - Signalized Intersection,2015,24.0,No,O: No Injury,Female,Passenger Car,No,35.05950569,-78.96341057,Dry,40 - 45  MPH,Stop And Go Signal,Clear,No,0,0,12
Yes,25.0,No,With Traffic,C: Possible Injury,Male,Raleigh,Wake,No,Wednesday,Backing Vehicle,18.0,January,Backing Vehicle,2016,79.0,No,O: No Injury,Male,Sport Utility,No,35.79108648,-78.67312265,Dry,30 - 35  MPH,No Control Present,Clear,No,0,0,1
Yes,29.0,No,Facing Traffic,O: No Injury,Male,Charlotte,Mecklenburg,No,Monday,Motorist Failed to Yield - Sign-Controlled Intersection,12.0,January,Motorist Drive Out - Sign-Controlled Intersection,2016,42.03850604944766,Missing,Unknown Injury,Unknown,Unknown,Yes,35.21302051,-80.82985344,Dry,30 - 35  MPH,Stop Sign,Clear,No,1,0,1
No,21.0,No,With Traffic,O: No Injury,Male,Raleigh,Wake,No,Wednesday,Motorist Right Turn / Merge,20.0,January,Motorist Right Turn - Same Direction,2016,72.0,No,O: No Injury,Male,Passenger Car,No,35.78861374,-78.67169107,Dry,30 - 35  MPH,No Control Present,Clear,No,0,0,1
Yes,18.0,No,With Traffic,C: Possible Injury,Female,Fayetteville,Cumberland,No,Thursday,Loss of Control / Turning Error,19.0,December,Bicyclist Lost Control - Mechanical Problems,2015,34.0,No,O: No Injury,Female,Passenger Car,No,35.04229127,-78.9414624,Wet,30 - 35  MPH,No Control Present,Rain,No,0,0,12
No,43.0,No,With Traffic,O: No Injury,Male,Raleigh,Wake,No,Sunday,Motorist Overtaking Bicyclist,14.0,January,Motorist Overtaking - Other / Unknown,2016,58.0,No,O: No Injury,Male,Sport Utility,No,35.78827084,-78.67028541,Dry,30 - 35  MPH,No Control Present,Clear,No,0,0,1
Yes,19.0,No,With Traffic,C: Possible Injury,Male,None - Rural Crash,Craven,No,Thursday,Motorist Overtaking Bicyclist,19.0,December,Motorist Overtaking - Other / Unknown,2015,42.03850604944766,Missing,Unknown Injury,Unknown,Sport Utility,Yes,35.29407092,-77.32708203,Dry,40 - 45  MPH,No Control Present,Clear,No,1,0,12
No,55.0,Unknown,With Traffic,K: Killed,Male,None - Rural Crash,Hoke,No,Saturday,Motorist Overtaking Bicyclist,18.0,January,Motorist Overtaking - Undetected Bicyclist,2016,20.0,No,O: No Injury,Male,Sport Utility,No,34.9850329,-79.19006656,Dry,40 - 45  MPH,"Double Yellow Line, No Passing Zone",Clear,No,0,0,1
No,46.0,No,With Traffic,O: No Injury,Male,Charlotte,Mecklenburg,No,Thursday,Motorist Right Turn / Merge,9.0,January,Motorist Right Turn - Same Direction,2016,42.03850604944766,Missing,Unknown Injury,Unknown,Unknown,Yes,35.14682893,-80.92599792,Dry,40 - 45  MPH,Stop And Go Signal,Clear,No,1,0,1
Yes,53.0,No,With Traffic,C: Possible Injury,Male,Asheville,Buncombe,No,Thursday,Motorist Left Turn / Merge,18.0,December,Motorist Left Turn - Opposite Direction,2015,30.0,No,O: No Injury,Female,Passenger Car,No,35.57855416,-82.5844107,Dry,20 - 25  MPH,"Double Yellow Line, No Passing Zone",Clear,No,0,0,12
Yes,23.0,No,With Traffic,C: Possible Injury,Female,Fayetteville,Cumberland,No,Saturday,Bicyclist Failed to Yield - Signalized Intersection,21.0,November,Bicyclist Ride Through - Signalized Intersection,2015,37.0,No,O: No Injury,Female,Passenger Car,No,35.04366186,-78.94751843,Wet,40 - 45  MPH,Stop And Go Signal,Rain,No,0,0,11
No,31.0,No,Not Applicable,C: Possible Injury,Female,Wilmington,New Hanover,No,Monday,Non-Roadway,9.0,November,Non-Roadway,2015,63.0,No,O: No Injury,Male,Pickup,No,34.20857229,-77.85124543,Dry,5 - 15 MPH,No Control Present,Cloudy,No,0,0,11
No,53.0,No,Facing Traffic,O: No Injury,Male,Charlotte,Mecklenburg,No,Thursday,Motorist Failed to Yield - Midblock,16.0,January,Motorist Drive Out - Commercial Driveway / Alley,2016,28.0,No,O: No Injury,Female,Passenger Car,No,35.17542645,-80.79983868,Dry,30 - 35  MPH,Stop Sign,Clear,No,0,0,1
Yes,39.0,No,Facing Traffic,C: Possible Injury,Male,Charlotte,Mecklenburg,No,Friday,Motorist Failed to Yield - Sign-Controlled Intersection,7.0,January,Motorist Drive Out - Sign-Controlled Intersection,2016,16.0,No,O: No Injury,Female,Sport Utility,No,35.08781907,-80.80884943,Dry,40 - 45  MPH,Stop Sign,Cloudy,No,0,0,1
No,32.52649525389365,Missing,Not Applicable,Unknown Injury,Unknown,Indian Trail,Union,No,Tuesday,Non-Roadway,12.0,January,Non-Roadway,2016,45.0,No,O: No Injury,Male,Passenger Car,No,35.06865742,-80.67876588,Dry,5 - 15 MPH,No Control Present,Clear,No,0,1,1
Yes,40.0,No,Facing Traffic,C: Possible Injury,Male,Durham,Durham,No,Wednesday,Bicyclist Failed to Yield - Signalized Intersection,22.0,January,Bicyclist Ride Through - Signalized Intersection,2016,35.0,No,O: No Injury,Female,Passenger Car,No,36.02799023,-78.92489742,Dry,30 - 35  MPH,Stop And Go Signal,Clear,No,0,0,1
Yes,23.0,No,With Traffic,C: Possible Injury,Male,Raleigh,Wake,No,Wednesday,Motorist Left Turn / Merge,17.0,January,Motorist Left Turn - Opposite Direction,2016,60.0,No,O: No Injury,Female,Passenger Car,No,35.78057506,-78.64174126,Dry,30 - 35  MPH,Stop And Go Signal,Clear,No,0,0,1
Yes,51.0,No,With Traffic,C: Possible Injury,Male,None - Rural Crash,Martin,No,Friday,Motorist Overtaking Bicyclist,15.0,January,Motorist Overtaking - Bicyclist Swerved,2016,37.0,No,O: No Injury,Female,Sport Utility,No,36.02296524,-77.37576712,Wet,50 - 55  MPH,No Control Present,Rain,No,0,0,1
Yes,36.0,No,With Traffic,C: Possible Injury,Male,Wilson,Wilson,No,Wednesday,Bicyclist Left Turn / Merge,6.0,December,Bicyclist Left Turn - Same Direction,2015,34.0,No,O: No Injury,Male,Pickup,No,35.70445624,-77.9055423,Dry,40 - 45  MPH,No Control Present,Clear,No,0,0,12
Yes,22.0,No,Facing Traffic,O: No Injury,Male,Wilmington,New Hanover,No,Wednesday,Motorist Failed to Yield - Sign-Controlled Intersection,20.0,December,Motorist Drive Out - Sign-Controlled Intersection,2015,19.0,No,O: No Injury,Male,Pickup,No,34.2250132,-77.87628759,Dry,20 - 25  MPH,No Control Present,Clear,No,0,0,12
Yes,20.0,No,Not Applicable,C: Possible Injury,Female,Boone,Watauga,No,Wednesday,Non-Roadway,16.0,January,Non-Roadway,2016,26.0,No,O: No Injury,Female,Passenger Car,No,36.21904518,-81.66162104,Dry,5 - 15 MPH,Stop Sign,Clear,No,0,0,1
Yes,40.0,No,Facing Traffic,C: Possible Injury,Male,Greensboro,Guilford,No,Thursday,Motorist Failed to Yield - Midblock,14.0,January,Motorist Drive Out - Commercial Driveway / Alley,2016,55.0,No,O: No Injury,Male,Passenger Car,No,36.08541201,-79.77325681,Dry,30 - 35  MPH,Stop Sign,Clear,No,0,0,1
No,22.0,No,Facing Traffic,O: No Injury,Male,Charlotte,Mecklenburg,No,Friday,Head-On,10.0,January,Head-On - Bicyclist,2016,42.03850604944766,Missing,Unknown Injury,Unknown,Passenger Car,Yes,35.22319695,-80.62863729,Snow,40 - 45  MPH,No Control Present,"Snow, Sleet, Hail, Freezing Rain/Drizzle",No,1,0,1
Yes,31.0,No,Facing Traffic,C: Possible Injury,Male,Wilmington,New Hanover,No,Monday,Motorist Failed to Yield - Midblock,20.0,December,Motorist Drive Out - Commercial Driveway / Alley,2015,42.03850604944766,Missing,Unknown Injury,Unknown,Unknown,Yes,34.23641251,-77.94355261,Dry,20 - 25  MPH,No Control Present,Clear,No,1,0,12
No,8.0,No,Not Applicable,C: Possible Injury,Male,None - Rural Crash,Vance,No,Sunday,Bicyclist Failed to Yield - Midblock,16.0,January,Bicyclist Ride Out - Residential Driveway,2016,26.0,No,O: No Injury,Female,Sport Utility,No,36.33034908,-78.37212693,Dry,40 - 45  MPH,"Double Yellow Line, No Passing Zone",Clear,No,0,0,1
Yes,29.0,Yes,With Traffic,K: Killed,Male,None - Rural Crash,Cumberland,Yes,Sunday,Motorist Overtaking Bicyclist,19.0,December,Motorist Overtaking - Undetected Bicyclist,2015,45.0,Yes,C: Possible Injury,Male,Van,No,34.95506824,-78.83707079,Dry,50 - 55  MPH,No Control Present,Clear,No,0,0,12
Yes,25.0,No,With Traffic,C: Possible Injury,Female,Charlotte,Mecklenburg,No,Thursday,Bicyclist Overtaking Motorist,9.0,January,Bicyclist Overtaking - Extended Door,2016,39.0,No,O: No Injury,Female,Passenger Car,No,35.22407721,-80.847693,Dry,20 - 25  MPH,No Control Present,Cloudy,No,0,0,1
Yes,7.0,No,Not Applicable,C: Possible Injury,Male,Smithfield,Johnston,No,Saturday,Non-Roadway,17.0,December,Non-Roadway,2015,35.0,No,O: No Injury,Female,Sport Utility,No,35.48512782,-78.36559688,Dry,5 - 15 MPH,No Control Present,Cloudy,No,0,0,12
Yes,45.0,Yes,Facing Traffic,C: Possible Injury,Male,High Point,Guilford,Yes,Friday,Motorist Right Turn / Merge,22.0,December,Motorist Right Turn - Opposite Direction,2015,26.0,No,O: No Injury,Female,Sport Utility,No,35.96247872,-79.9907237,Wet,30 - 35  MPH,Stop And Go Signal,Cloudy,No,0,0,12
No,65.0,No,Facing Traffic,C: Possible Injury,Male,High Point,Guilford,No,Saturday,Motorist Failed to Yield - Midblock,11.0,December,Motorist Drive Out - Commercial Driveway / Alley,2015,62.0,No,O: No Injury,Male,Passenger Car,No,35.9897255,-80.02756963,Dry,Unknown,No Control Present,Clear,No,0,0,12
No,16.0,No,Not Applicable,C: Possible Injury,Male,Durham,Durham,No,Saturday,Bicyclist Failed to Yield - Midblock,13.0,January,Bicyclist Ride Out - Other Midblock,2016,85.0,No,O: No Injury,Female,Passenger Car,No,35.98376397,-78.90889828,Dry,30 - 35  MPH,No Control Present,Clear,No,0,0,1
No,29.0,No,Facing Traffic,O: No Injury,Male,Raleigh,Wake,No,Saturday,Motorist Failed to Yield - Midblock,11.0,January,Motorist Drive Out - Commercial Driveway / Alley,2016,49.0,No,O: No Injury,Female,"Light Truck (Mini-Van, Panel)",No,35.78428599,-78.68716063,Dry,5 - 15 MPH,No Control Present,Clear,No,0,0,1