AmbulanceR,BikeAge,BikeAlcFlg,BikeDir,BikeInjury,BikeSex,City,County,CrashAlcoh,CrashDay,CrashGrp,CrashHour,CrashMonth,CrashType,CrashYear,DrvrAge,DrvrAlcFlg,DrvrInjury,DrvrSex,DrvrVehTyp,HitRun,Latitude,Longitude,RdConditio,SpeedLimit,TraffCntrl,Weather,Workzone,DrvrAgeImputedFlag,BikeAgeImputedFlag,MonthCode
Yes,3.0,No,Unknown,C: Possible Injury,Male,Henderson,Vance,No,Tuesday,Other / Unknown - Insufficient Details,17.0,December,Unknown Approach Paths,2015,59.0,No,O: No Injury,Male,Sport Utility,No,36.32300693,-78.39846838,Wet,30 - 35  MPH,Stop Sign,Clear,No,0,0,12
Yes,41.0,No,Facing Traffic,C: Possible Injury,Female,Smithfield,Johnston,No,Wednesday,Motorist Failed to Yield - Midblock,11.0,December,Motorist Drive Out - Commercial Driveway / Alley,2015,38.0,No,O: No Injury,Female,Sport Utility,No,35.51442403,-78.32974717,Wet,Unknown,No Control Present,Rain,No,0,0,12
Yes,55.0,Unknown,Facing Traffic,A: Suspected Serious Injury,Male,Surf City,Pender,No,Monday,Bicyclist Right Turn / Merge,7.0,February,Bicyclist Right Turn - Opposite Direction,2016,55.0,No,O: No Injury,Female,Passenger Car,No,34.43905799,-77.56308613,Dry,30 - 35  MPH,No Control Present,Clear,No,0,0,2
Yes,20.0,No,Facing Traffic,C: Possible Injury,Female,Winston-Salem,Forsyth,No,Saturday,Bicyclist Left Turn / Merge,15.0,January,Bicyclist Left Turn - Opposite Direction,2016,64.0,No,O: No Injury,Female,Sport Utility,No,36.17164831,-80.30230582,Dry,40 - 45  MPH,Stop And Go Signal,Cloudy,No,0,0,1
Yes,18.0,No,Not Applicable,C: Possible Injury,Male,High Point,Guilford,No,Tuesday,Bicyclist Failed to Yield - Midblock,15.0,December,Bicyclist Ride Out - Other Midblock,2015,38.0,No,O: No Injury,Female,Sport Utility,No,35.9726747,-80.01718574,Dry,30 - 35  MPH,Flashing Stop And Go Signal,Cloudy,No,0,0,12
Yes,52.0,No,With Traffic,A: Suspected Serious Injury,Female,None - Rural Crash,New Hanover,No,Monday,Motorist Overtaking Bicyclist,17.0,February,Motorist Overtaking - Other / Unknown,2016,59.0,No,O: No Injury,Male,Pickup,No,34.26784732,-77.80513507,Dry,40 - 45  MPH,"Double Yellow Line, No Passing Zone",Clear,No,0,0,2
No,58.0,No,With Traffic,C: Possible Injury,Male,Cary,Wake,No,Monday,Motorist Overtaking Bicyclist,15.0,December,Motorist Overtaking - Other / Unknown,2015,47.0,No,O: No Injury,Male,Passenger Car,No,35.80987081,-78.84794772,Dry,40 - 45  MPH,No Control Present,Clear,No,0,0,12
Yes,13.0,No,Facing Traffic,A: Suspected Serious Injury,Male,Cary,Wake,No,Friday,Motorist Failed to Yield - Midblock,15.0,December,Motorist Drive Out - Other Midblock,2015,30.0,No,O: No Injury,Female,Passenger Car,No,35.77605068,-78.76292608,Dry,Unknown,Stop Sign,Clear,No,0,0,12
No,60.0,No,With Traffic,C: Possible Injury,Male,Midland,Cabarrus,No,Sunday,Motorist Overtaking Bicyclist,17.0,December,Motorist Overtaking - Other / Unknown,2015,81.0,No,O: No Injury,Male,Van,No,35.28187498,-80.50481092,Dry,50 - 55  MPH,No Control Present,Cloudy,No,0,0,12
No,56.0,No,With Traffic,C: Possible Injury,Male,None - Rural Crash,Harnett,No,Sunday,Motorist Overtaking Bicyclist,18.0,January,Motorist Overtaking - Other / Unknown,2016,68.0,No,O: No Injury,Male,Pickup,No,35.4835674,-78.74164798,Dry,50 - 55  MPH,"Double Yellow Line, No Passing Zone",Clear,No,0,0,1
No,70.0,No,With Traffic,C: Possible Injury,Male,Rose Hill,Duplin,No,Sunday,Motorist Left Turn / Merge,17.0,January,Motorist Left Turn - Opposite Direction,2016,38.0,No,O: No Injury,Female,Passenger Car,No,34.81744131,-78.01905379,Dry,40 - 45  MPH,No Control Present,Clear,No,0,0,1
No,55.0,Yes,Not Applicable,O: No Injury,Male,Lumberton,Robeson,Yes,Monday,Bicyclist Failed to Yield - Midblock,18.0,January,Bicyclist Ride Out - Midblock - Unknown,2016,50.0,No,O: No Injury,Female,Sport Utility,No,34.62230373,-79.02057702,Dry,30 - 35  MPH,"Double Yellow Line, No Passing Zone",Clear,No,0,0,1
No,20.0,No,Facing Traffic,C: Possible Injury,Male,Jacksonville,Onslow,No,Friday,Motorist Failed to Yield - Sign-Controlled Intersection,18.0,January,Motorist Drive Out - Sign-Controlled Intersection,2016,64.0,No,O: No Injury,Male,Passenger Car,No,34.78922147,-77.42124767,Dry,20 - 25  MPH,No Control Present,Cloudy,No,0,0,1
Yes,20.0,No,Facing Traffic,C: Possible Injury,Female,Greensboro,Guilford,No,Friday,Head-On,14.0,February,Head-On - Bicyclist,2016,66.0,No,O: No Injury,Female,Passenger Car,No,36.07069536,-79.86908853,Dry,30 - 35  MPH,Stop Sign,Clear,No,0,0,2
No,44.0,No,With Traffic,C: Possible Injury,Female,Chapel Hill,Orange,No,Thursday,Motorist Left Turn / Merge,18.0,January,Motorist Left Turn - Opposite Direction,2016,30.0,No,O: No Injury,Female,Passenger Car,No,35.89760958,-79.05773634,Dry,30 - 35  MPH,No Control Present,Clear,No,0,0,1
Yes,18.0,No,With Traffic,C: Possible Injury,Male,High Point,Guilford,No,Wednesday,Backing Vehicle,11.0,December,Backing Vehicle,2015,18.0,No,O: No Injury,Female,Sport Utility,No,35.9372223,-80.02621571,Wet,30 - 35  MPH,No Control Present,Rain,No,0,0,12
Yes,55.0,No,With Traffic,C: Possible Injury,Male,Boiling Spring Lakes,Brunswick,No,Wednesday,Motorist Failed to Yield - Sign-Controlled Intersection,10.0,January,Motorist Drive Out - Sign-Controlled Intersection,2016,68.0,Unknown,O: No Injury,Female,"Light Truck (Mini-Van, Panel)",No,34.02719992,-78.03952587,Dry,30 - 35  MPH,Stop Sign,Clear,No,0,0,1
Yes,28.0,No,Facing Traffic,A: Suspected Serious Injury,Male,Durham,Durham,No,Thursday,Motorist Left Turn / Merge,20.0,January,Motorist Left Turn - Same Direction,2016,35.0,No,O: No Injury,Male,Passenger Car,No,36.00478232,-78.93994186,Dry,20 - 25  MPH,No Control Present,Clear,No,0,0,1
Yes,59.0,No,Facing Traffic,C: Possible Injury,Male,Morehead City,Carteret,No,Wednesday,Motorist Failed to Yield - Signalized Intersection,14.0,January,Motorist Drive Out - Right Turn on Red,2016,25.0,No,O: No Injury,Female,Sport Utility,No,34.72402336,-76.73392583,Dry,30 - 35  MPH,Stop And Go Signal,Clear,No,0,0,1
Yes,51.0,No,With Traffic,C: Possible Injury,Male,Kinston,Lenoir,No,Friday,Motorist Failed to Yield - Sign-Controlled Intersection,13.0,February,Motorist Drive Out - Sign-Controlled Intersection,2016,71.0,No,O: No Injury,Male,Pickup,No,35.28457227,-77.58045962,Wet,5 - 15 MPH,Stop Sign,Rain,No,0,0,2
No,35.0,No,With Traffic,O: No Injury,Male,None - Rural Crash,Durham,No,Thursday,Bicyclist Overtaking Motorist,7.0,January,Bicyclist Overtaking - Other / Unknown,2016,31.0,No,O: No Injury,Female,Sport Utility,No,36.00626439,-78.9346574,Dry,20 - 25  MPH,Stop Sign,Cloudy,No,0,0,1
Yes,18.0,No,With Traffic,C: Possible Injury,Male,Asheville,Buncombe,No,Thursday,Motorist Left Turn / Merge,10.0,January,Motorist Left Turn - Opposite Direction,2016,74.0,No,O: No Injury,Male,Passenger Car,No,35.58752593,-82.58659572,Dry,40 - 45  MPH,Stop And Go Signal,Clear,No,0,0,1
No,32.52649525389365,Missing,With Traffic,Unknown Injury,Unknown,Fayetteville,Cumberland,No,Tuesday,Motorist Left Turn / Merge,16.0,January,Motorist Left Turn - Opposite Direction,2016,60.0,No,O: No Injury,Male,Sport Utility,No,35.04131348,-78.89777412,Dry,20 - 25  MPH,Stop And Go Signal,Clear,No,0,1,1
Yes,50.0,No,With Traffic,C: Possible Injury,Male,Butner,Granville,No,Friday,Motorist Overtaking Bicyclist,19.0,October,Motorist Overtaking - Undetected Bicyclist,2015,76.0,No,O: No Injury,Female,Pickup,No,36.15060385,-78.76831924,Dry,30 - 35  MPH,No Control Present,Clear,No,0,0,10
Yes,21.0,No,With Traffic,O: No Injury,Male,Raleigh,Wake,No,Thursday,Bicyclist Failed to Yield - Signalized Intersection,17.0,February,Bicyclist Ride Through - Signalized Intersection,2016,56.0,No,C: Possible Injury,Female,Passenger Car,No,35.91259914,-78.78184365,Dry,50 - 55  MPH,Stop And Go Signal,Clear,No,0,0,2
No,32.52649525389365,Missing,Facing Traffic,Unknown Injury,Male,Charlotte,Mecklenburg,No,Thursday,Parallel Paths - Other Circumstances,19.0,February,Bicyclist Ride Out - Parallel Path,2016,26.0,No,O: No Injury,Male,Sport Utility,No,35.26118743,-80.84490398,Dry,30 - 35  MPH,No Control Present,Clear,No,0,1,2
No,34.0,Unknown,With Traffic,C: Possible Injury,Male,Wilmington,New Hanover,No,Saturday,Motorist Overtaking Bicyclist,20.0,January,Motorist Overtaking - Other / Unknown,2016,42.03850604944766,Missing,Unknown Injury,Unknown,Unknown,Yes,34.22537228,-77.92977801,Dry,40 - 45  MPH,No Control Present,Clear,No,1,0,1
Yes,26.0,No,With Traffic,C: Possible Injury,Female,Durham,Durham,No,Sunday,Crossing Paths - Other Circumstances,20.0,February,Sign-Controlled Intersection - Other / Unknown,2016,82.0,No,O: No Injury,Male,Passenger Car,Yes,36.00555188,-78.91114452,Dry,20 - 25  MPH,Stop Sign,Clear,No,0,0,2
No,32.52649525389365,Missing,With Traffic,Unknown Injury,Unknown,Shelby,Cleveland,No,Friday,Bicyclist Failed to Yield - Signalized Intersection,22.0,January,Bicyclist Ride Through - Signalized Intersection,2016,57.0,No,O: No Injury,Female,Passenger Car,No,35.30359368,-81.52996025,Dry,40 - 45  MPH,Stop And Go Signal,Clear,No,0,1,1
No,59.0,No,Facing Traffic,C: Possible Injury,Male,Lumberton,Robeson,No,Wednesday,Motorist Failed to Yield - Sign-Controlled Intersection,10.0,January,Motorist Drive Out - Sign-Controlled Intersection,2016,55.0,No,O: No Injury,Female,Passenger Car,No,34.62958552,-78.99660456,Dry,30 - 35  MPH,Stop Sign,Cloudy,No,0,0,1
Yes,52.0,No,With Traffic,C: Possible Injury,Male,Goldsboro,Wayne,No,Monday,Motorist Failed to Yield - Sign-Controlled Intersection,18.0,January,Motorist Drive Out - Sign-Controlled Intersection,2016,42.03850604944766,Missing,Unknown Injury,Unknown,Unknown,Yes,35.38122439,-77.98506998,"Water (Standing, Moving)",20 - 25  MPH,Stop Sign,Clear,No,1,0,1
Yes,29.0,No,With Traffic,C: Possible Injury,Male,None - Rural Crash,Iredell,No,Monday,Motorist Overtaking Bicyclist,21.0,February,Motorist Overtaking - Undetected Bicyclist,2016,42.03850604944766,Missing,Unknown Injury,Unknown,Unknown,Yes,35.74557204,-80.89449706,Wet,40 - 45  MPH,"Double Yellow Line, No Passing Zone",Rain,No,1,0,2
Yes,46.0,No,Facing Traffic,C: Possible Injury,Male,Wilmington,New Hanover,No,Thursday,Motorist Failed to Yield - Sign-Controlled Intersection,13.0,February,Motorist Drive Out - Sign-Controlled Intersection,2016,26.0,No,O: No Injury,Female,Passenger Car,No,34.22629161,-77.93424244,Wet,20 - 25  MPH,Stop Sign,Rain,No,0,0,2
Yes,11.0,No,With Traffic,C: Possible Injury,Male,Durham,Durham,No,Thursday,Bicyclist Left Turn / Merge,9.0,February,Bicyclist Left Turn - Same Direction,2016,30.0,No,O: No Injury,Female,Passenger Car,No,35.99228048,-78.92520911,Dry,30 - 35  MPH,No Control Present,Clear,No,0,0,2
Yes,18.0,No,Facing Traffic,C: Possible Injury,Male,New Bern,Craven,No,Thursday,Motorist Failed to Yield - Sign-Controlled Intersection,16.0,February,Motorist Drive Out - Sign-Controlled Intersection,2016,27.0,No,O: No Injury,Male,Passenger Car,No,35.12749628,-77.08914181,Dry,20 - 25  MPH,Stop Sign,Clear,No,0,0,2
Yes,15.0,No,With Traffic,C: Possible Injury,Male,Kannapolis,Rowan,No,Saturday,Bicyclist Failed to Yield - Sign-Controlled Intersection,15.0,February,Bicyclist Ride Through - Sign-Controlled Intersection,2016,34.0,No,O: No Injury,Male,Passenger Car,No,35.50718216,-80.62860643,Dry,30 - 35  MPH,No Control Present,Clear,No,0,0,2
Yes,24.0,Yes,With Traffic,A: Suspected Serious Injury,Male,Wilmington,New Hanover,Yes,Sunday,Motorist Overtaking Bicyclist,23.0,January,Motorist Overtaking - Other / Unknown,2016,30.0,Unknown,Unknown Injury,Female,Passenger Car,Yes,34.20892419,-77.85141632,Dry,Unknown,No Control Present,Clear,No,0,0,1
No,32.52649525389365,Missing,With Traffic,Unknown Injury,Unknown,Wilmington,New Hanover,No,Monday,Motorist Left Turn / Merge,19.0,February,Motorist Left Turn - Opposite Direction,2016,50.0,No,O: No Injury,Male,Sport Utility,No,34.22995525,-77.87114381,Wet,30 - 35  MPH,Flashing Stop And Go Signal,Cloudy,No,0,1,2
No,32.52649525389365,Missing,With Traffic,Unknown Injury,Unknown,Durham,Durham,No,Sunday,Parallel Paths - Other Circumstances,11.0,February,Parallel Paths - Other / Unknown,2016,62.0,No,O: No Injury,Female,Sport Utility,No,36.08323197,-78.94053079,Dry,30 - 35  MPH,Stop Sign,Clear,No,0,1,2
Yes,59.0,No,With Traffic,C: Possible Injury,Male,Boiling Spring Lakes,Brunswick,No,Sunday,Motorist Overtaking Bicyclist,13.0,February,Motorist Overtaking - Undetected Bicyclist,2016,23.0,No,O: No Injury,Male,Pickup,No,34.01621708,-78.0568617,Dry,40 - 45  MPH,No Control Present,Clear,No,0,0,2
No,49.0,No,Facing Traffic,O: No Injury,Male,Rocky Mount,Nash,No,Thursday,Motorist Failed to Yield - Midblock,16.0,March,Motorist Drive Out - Residential Driveway,2016,42.03850604944766,Missing,Unknown Injury,Unknown,Passenger Car,Yes,35.96353467,-77.84465346,Dry,5 - 15 MPH,No Control Present,Clear,No,1,0,3
No,32.0,No,With Traffic,C: Possible Injury,Male,Charlotte,Mecklenburg,No,Friday,Motorist Failed to Yield - Signalized Intersection,18.0,March,Motorist Drive Through - Signalized Intersection,2016,18.0,No,O: No Injury,Male,Passenger Car,No,35.1151302,-80.96249577,Dry,40 - 45  MPH,Stop And Go Signal,Clear,No,0,0,3
Yes,51.0,No,Facing Traffic,C: Possible Injury,Male,Charlotte,Mecklenburg,No,Saturday,Motorist Failed to Yield - Midblock,18.0,March,Motorist Drive Out - Commercial Driveway / Alley,2016,40.0,No,C: Possible Injury,Female,Sport Utility,No,35.26060092,-80.77613867,Dry,40 - 45  MPH,No Control Present,Clear,No,0,0,3
Yes,29.0,No,With Traffic,C: Possible Injury,Female,Asheville,Buncombe,No,Friday,Motorist Left Turn / Merge,16.0,February,Motorist Left Turn - Opposite Direction,2016,26.0,No,O: No Injury,Male,Passenger Car,No,35.59411096,-82.55634617,Dry,20 - 25  MPH,Stop And Go Signal,Clear,No,0,0,2
Yes,49.0,No,With Traffic,C: Possible Injury,Male,Charlotte,Mecklenburg,No,Sunday,Motorist Left Turn / Merge,18.0,March,Motorist Left Turn - Opposite Direction,2016,64.0,No,O: No Injury,Male,Passenger Car,No,35.07791405,-80.81677282,Dry,40 - 45  MPH,Stop And Go Signal,Cloudy,No,0,0,3
No,32.52649525389365,Missing,With Traffic,Unknown Injury,Unknown,Lumberton,Robeson,No,Wednesday,Bicyclist Overtaking Motorist,20.0,March,Bicyclist Overtaking - Other / Unknown,2016,33.0,No,O: No Injury,Male,"Single Unit Truck (2-Axle, 6-Tire)",Yes,34.6169727,-78.99970529,Dry,30 - 35  MPH,Stop Sign,Clear,No,0,1,3
Yes,43.0,No,With Traffic,C: Possible Injury,Male,Carrboro,Orange,No,Thursday,Motorist Failed to Yield - Midblock,14.0,September,Motorist Drive Out - Commercial Driveway / Alley,2015,63.0,No,O: No Injury,Female,Sport Utility,No,35.91030846,-79.07277569,Dry,Unknown,No Control Present,Clear,No,0,0,9
Yes,61.0,No,With Traffic,C: Possible Injury,Male,None - Rural Crash,Bladen,No,Monday,Motorist Overtaking Bicyclist,15.0,February,Motorist Overtaking - Other / Unknown,2016,42.03850604944766,No,Unknown Injury,Unknown,Sport Utility,Yes,34.65280295,-78.61098783,Dry,50 - 55  MPH,No Control Present,Clear,No,1,0,2
Yes,34.0,Yes,With Traffic,K: Killed,Female,None - Rural Crash,Pender,Yes,Tuesday,Motorist Overtaking Bicyclist,20.0,March,Motorist Overtaking - Undetected Bicyclist,2016,86.0,No,O: No Injury,Male,Pickup,No,34.5593964,-77.95593194,Dry,40 - 45  MPH,No Control Present,Clear,No,0,0,3
No,32.52649525389365,Missing,With Traffic,Unknown Injury,Unknown,Durham,Durham,No,Sunday,Parallel Paths - Other Circumstances,9.0,March,Bicyclist Ride Out - Parallel Path,2016,22.0,No,O: No Injury,Male,Passenger Car,No,36.04146845,-78.88973632,Dry,30 - 35  MPH,No Control Present,Clear,No,0,1,3
Yes,22.0,No,With Traffic,C: Possible Injury,Male,Burlington,Alamance,No,Saturday,Motorist Overtaking Bicyclist,22.0,March,Motorist Overtaking - Undetected Bicyclist,2016,84.0,No,O: No Injury,Female,Passenger Car,No,36.09983224,-79.42140648,Dry,30 - 35  MPH,No Control Present,Clear,No,0,0,3
No,14.0,No,With Traffic,C: Possible Injury,Male,Mooresville,Iredell,No,Tuesday,Motorist Right Turn / Merge,18.0,February,Motorist Right Turn - Same Direction,2016,44.0,No,O: No Injury,Female,Sport Utility,No,35.58708906,-80.79948773,Wet,30 - 35  MPH,No Control Present,Rain,No,0,0,2
No,14.0,No,With Traffic,O: No Injury,Male,None - Rural Crash,Beaufort,No,Friday,Motorist Overtaking Bicyclist,8.0,March,Motorist Overtaking - Bicyclist Swerved,2016,16.0,No,O: No Injury,Female,Passenger Car,No,35.51963673,-77.00529222,Dry,40 - 45  MPH,No Control Present,Clear,No,0,0,3
Yes,18.0,No,With Traffic,C: Possible Injury,Male,None - Rural Crash,Harnett,No,Friday,Motorist Overtaking Bicyclist,20.0,March,Motorist Overtaking - Bicyclist Swerved,2016,20.0,No,O: No Injury,Female,Passenger Car,No,35.43124629,-79.05521849,Dry,50 - 55  MPH,"Double Yellow Line, No Passing Zone",Clear,No,0,0,3
Yes,32.0,No,Facing Traffic,C: Possible Injury,Male,Greenville,Pitt,No,Monday,Motorist Failed to Yield - Sign-Controlled Intersection,14.0,February,Motorist Drive Out - Sign-Controlled Intersection,2016,50.0,No,O: No Injury,Female,Passenger Car,No,35.60339053,-77.38712875,Dry,30 - 35  MPH,Stop Sign,Clear,No,0,0,2
Yes,27.0,No,With Traffic,C: Possible Injury,Male,Greensboro,Guilford,No,Tuesday,Bicyclist Failed to Yield - Signalized Intersection,19.0,March,Bicyclist Ride Through - Signalized Intersection,2016,69.0,No,O: No Injury,Female,Passenger Car,No,36.06849958,-79.81516845,Dry,30 - 35  MPH,Stop And Go Signal,Clear,No,0,0,3
No,32.52649525389365,Unknown,With Traffic,Unknown Injury,Unknown,None - Rural Crash,Randolph,No,Monday,Motorist Overtaking Bicyclist,19.0,March,Motorist Overtaking - Bicyclist Swerved,2016,27.0,No,O: No Injury,Male,Passenger Car,Yes,35.72807401,-79.68234518,Dry,50 - 55  MPH,"Double Yellow Line, No Passing Zone",Clear,No,0,1,3
Yes,54.0,No,With Traffic,C: Possible Injury,Male,Wilmington,New Hanover,No,Saturday,Motorist Right Turn / Merge,18.0,December,Motorist Right Turn - Same Direction,2015,42.03850604944766,Missing,Unknown Injury,Unknown,Unknown,Yes,34.2337479,-77.92712428,Dry,20 - 25  MPH,Stop Sign,Clear,No,1,0,12
Yes,59.0,No,Not Applicable,C: Possible Injury,Male,Fuquay-Varina,Wake,No,Friday,Bicyclist Failed to Yield - Sign-Controlled Intersection,16.0,February,Multiple Threat - Sign-Controlled Intersection,2016,60.0,No,O: No Injury,Female,Passenger Car,No,35.59170716,-78.77358108,Dry,30 - 35  MPH,No Control Present,Clear,No,0,0,2
No,26.0,No,With Traffic,C: Possible Injury,Male,Charlotte,Mecklenburg,No,Friday,Motorist Right Turn / Merge,16.0,March,Motorist Right Turn - Same Direction,2016,52.0,No,O: No Injury,Female,Passenger Car,No,35.20086793,-80.89087924,Dry,30 - 35  MPH,No Control Present,Clear,No,0,0,3
No,44.0,No,Not Applicable,C: Possible Injury,Male,Raleigh,Wake,No,Wednesday,Non-Roadway,12.0,March,Non-Roadway,2016,25.0,No,O: No Injury,Female,Passenger Car,No,35.85343334,-78.57284202,Dry,5 - 15 MPH,No Control Present,Clear,No,0,0,3
No,21.0,No,Facing Traffic,Unknown Injury,Unknown,Cary,Wake,No,Thursday,Motorist Failed to Yield - Signalized Intersection,16.0,February,Motorist Drive Out - Right Turn on Red,2016,66.0,No,O: No Injury,Male,Passenger Car,No,35.76295364,-78.74568109,Dry,30 - 35  MPH,Stop And Go Signal,Clear,No,0,0,2
Yes,32.52649525389365,Unknown,With Traffic,Unknown Injury,Unknown,None - Rural Crash,Pitt,No,Monday,Motorist Overtaking Bicyclist,7.0,March,Motorist Overtaking - Bicyclist Swerved,2016,77.0,No,O: No Injury,Male,Pickup,Yes,35.62170413,-77.5877767,Dry,50 - 55  MPH,"Double Yellow Line, No Passing Zone",Clear,No,0,1,3
No,27.0,No,With Traffic,C: Possible Injury,Male,Raleigh,Wake,No,Tuesday,Motorist Left Turn / Merge,18.0,March,Motorist Left Turn - Opposite Direction,2016,54.0,No,O: No Injury,Male,Passenger Car,No,35.77831949,-78.64185833,Dry,30 - 35  MPH,Stop And Go Signal,Clear,No,0,0,3
Yes,22.0,No,With Traffic,C: Possible Injury,Male,None - Rural Crash,Wilkes,No,Thursday,Motorist Overtaking Bicyclist,7.0,March,Motorist Overtaking - Undetected Bicyclist,2016,30.0,No,O: No Injury,Male,Passenger Car,No,36.30455902,-80.94239411,Dry,40 - 45  MPH,"Double Yellow Line, No Passing Zone",Clear,No,0,0,3
No,16.0,No,With Traffic,O: No Injury,Male,Roanoke Rapids,Halifax,No,Monday,Bicyclist Failed to Yield - Signalized Intersection,5.0,March,Bicyclist Ride Through - Signalized Intersection,2016,49.0,No,O: No Injury,Male,Passenger Car,No,36.45497906,-77.65370112,Dry,30 - 35  MPH,Stop And Go Signal,Clear,No,0,0,3
Yes,21.0,No,Facing Traffic,C: Possible Injury,Male,Charlotte,Mecklenburg,No,Friday,Motorist Failed to Yield - Sign-Controlled Intersection,11.0,March,Motorist Drive Out - Sign-Controlled Intersection,2016,54.0,No,O: No Injury,Male,Passenger Car,No,35.05567701,-80.85946634,Dry,20 - 25  MPH,Stop Sign,Cloudy,No,0,0,3
No,30.0,No,With Traffic,C: Possible Injury,Male,Charlotte,Mecklenburg,Yes,Saturday,Motorist Left Turn / Merge,20.0,March,Motorist Left Turn - Opposite Direction,2016,25.0,Yes,O: No Injury,Male,Passenger Car,Yes,35.23010966,-80.80838594,Dry,30 - 35  MPH,Stop And Go Signal,Cloudy,No,0,0,3
Yes,75.0,No,Unknown,C: Possible Injury,Male,Huntersville,Mecklenburg,No,Thursday,Head-On,11.0,March,Head-On - Unknown,2016,75.0,No,O: No Injury,Male,Passenger Car,No,35.42632581,-80.84419729,Dry,30 - 35  MPH,No Control Present,Clear,No,0,0,3
Yes,63.0,No,With Traffic,A: Suspected Serious Injury,Male,None - Rural Crash,Stanly,No,Tuesday,Motorist Overtaking Bicyclist,18.0,March,Motorist Overtaking - Other / Unknown,2016,63.0,No,O: No Injury,Male,Sport Utility,No,35.29211213,-80.40181952,Dry,50 - 55  MPH,"Double Yellow Line, No Passing Zone",Clear,No,0,0,3
Yes,23.0,No,With Traffic,C: Possible Injury,Female,Greensboro,Guilford,No,Friday,Loss of Control / Turning Error,11.0,March,Bicyclist Lost Control - Mechanical Problems,2016,57.0,No,O: No Injury,Female,Passenger Car,No,36.11310051,-79.87976901,Dry,30 - 35  MPH,Stop And Go Signal,Clear,No,0,0,3
Yes,26.0,No,Facing Traffic,C: Possible Injury,Male,Greenville,Pitt,No,Saturday,Motorist Failed to Yield - Midblock,12.0,March,Motorist Drive Out - Commercial Driveway / Alley,2016,33.0,No,O: No Injury,Female,Sport Utility,No,35.59170947,-77.38096106,Dry,Unknown,No Control Present,Clear,No,0,0,3
No,48.0,No,Facing Traffic,Unknown Injury,Unknown,Cary,Wake,No,Friday,Motorist Failed to Yield - Sign-Controlled Intersection,13.0,March,Motorist Drive Out - Sign-Controlled Intersection,2016,26.0,No,O: No Injury,Male,Sport Utility,No,35.75463042,-78.73535854,Dry,Unknown,Stop And Go Signal,Clear,No,0,0,3
No,36.0,No,With Traffic,C: Possible Injury,Male,Wilmington,New Hanover,No,Friday,Head-On,20.0,March,Head-On - Motorist,2016,42.03850604944766,Missing,Unknown Injury,Unknown,Unknown,Yes,34.2256595,-77.92891398,Dry,20 - 25  MPH,No Control Present,Clear,No,1,0,3
Yes,46.0,No,With Traffic,A: Suspected Serious Injury,Male,None - Rural Crash,Stanly,No,Friday,Loss of Control / Turning Error,16.0,March,Motorist Turning Error - Left Turn,2016,67.0,No,O: No Injury,Male,Pickup,No,35.46669331,-80.29346055,Dry,50 - 55  MPH,Stop Sign,Clear,No,0,0,3
Yes,41.0,No,Facing Traffic,C: Possible Injury,Male,None - Rural Crash,New Hanover,No,Wednesday,Motorist Failed to Yield - Sign-Controlled Intersection,8.0,March,Motorist Drive Out - Sign-Controlled Intersection,2016,43.0,No,O: No Injury,Female,Sport Utility,No,34.11257612,-77.90065504,Dry,5 - 15 MPH,Stop Sign,Clear,No,0,0,3
Yes,25.0,No,With Traffic,C: Possible Injury,Female,Raleigh,Wake,No,Wednesday,Motorist Left Turn / Merge,17.0,March,Motorist Left Turn - Opposite Direction,2016,25.0,No,O: No Injury,Female,Passenger Car,No,35.78859862,-78.6453652,Dry,30 - 35  MPH,Stop And Go Signal,Clear,No,0,0,3
No,43.0,No,With Traffic,O: No Injury,Male,None - Rural Crash,Onslow,No,Thursday,Bicyclist Left Turn / Merge,17.0,March,Bicyclist Left Turn - Same Direction,2016,35.0,No,O: No Injury,Male,Pickup,No,34.75787904,-77.49868586,Dry,40 - 45  MPH,"Double Yellow Line, No Passing Zone",Cloudy,No,0,0,3
No,21.0,No,Facing Traffic,C: Possible Injury,Male,Salisbury,Rowan,No,Monday,Motorist Failed to Yield - Midblock,13.0,April,Motorist Drive Out - Commercial Driveway / Alley,2016,63.0,No,O: No Injury,Male,Passenger Car,No,35.66046598,-80.46213047,Dry,30 - 35  MPH,No Control Present,Clear,No,0,0,4
Yes,28.0,Yes,Not Applicable,A: Suspected Serious Injury,Male,Concord,Cabarrus,Yes,Saturday,Crossing Paths - Other Circumstances,12.0,March,Crossing Paths - Uncontrolled Intersection,2016,55.0,No,O: No Injury,Female,Passenger Car,No,35.41014682,-80.58193472,Dry,20 - 25  MPH,No Control Present,Clear,No,0,0,3
Yes,56.0,No,With Traffic,C: Possible Injury,Male,Statesville,Iredell,No,Thursday,Motorist Left Turn / Merge,10.0,March,Motorist Left Turn - Opposite Direction,2016,86.0,No,O: No Injury,Female,Passenger Car,No,35.81136875,-80.87557617,Dry,30 - 35  MPH,No Control Present,Clear,No,0,0,3
Yes,7.0,No,With Traffic,Unknown Injury,Male,Marshville,Union,No,Friday,Crossing Paths - Other Circumstances,19.0,March,Sign-Controlled Intersection - Other / Unknown,2016,21.0,No,O: No Injury,Male,Pickup,No,34.99242184,-80.36233526,Dry,30 - 35  MPH,No Control Present,Clear,No,0,0,3