AmbulanceR,BikeAge,BikeAlcFlg,BikeDir,BikeInjury,BikeSex,City,County,CrashAlcoh,CrashDay,CrashGrp,CrashHour,CrashMonth,CrashType,CrashYear,DrvrAge,DrvrAlcFlg,DrvrInjury,DrvrSex,DrvrVehTyp,HitRun,Latitude,Longitude,RdConditio,SpeedLimit,TraffCntrl,Weather,Workzone,DrvrAgeImputedFlag,BikeAgeImputedFlag,MonthCode
Yes,32.52649525389365,Missing,With Traffic,Unknown Injury,Unknown,Greensboro,Guilford,No,Sunday,Bicyclist Overtaking Motorist,17.0,April,Bicyclist Overtaking - Other / Unknown,2016,30.0,No,O: No Injury,Female,Passenger Car,No,36.11323661,-79.76390432,Dry,30 - 35  MPH,No Control Present,Clear,No,0,1,4
Yes,41.0,No,Facing Traffic,C: Possible Injury,Male,Winston-Salem,Forsyth,No,Tuesday,Motorist Failed to Yield - Sign-Controlled Intersection,18.0,March,Motorist Drive Out - Sign-Controlled Intersection,2016,25.0,No,O: No Injury,Male,Passenger Car,No,36.08238414,-80.34268798,Dry,30 - 35  MPH,No Control Present,Clear,No,0,0,3
Yes,18.0,No,With Traffic,C: Possible Injury,Male,None - Rural Crash,Craven,No,Friday,Motorist Overtaking Bicyclist,15.0,March,Motorist Overtaking - Other / Unknown,2016,17.0,No,O: No Injury,Male,Pickup,Yes,34.90357217,-76.93781864,Dry,40 - 45  MPH,"Double Yellow Line, No Passing Zone",Clear,No,0,0,3
Yes,30.0,No,Facing Traffic,C: Possible Injury,Female,None - Rural Crash,New Hanover,No,Friday,Crossing Paths - Other Circumstances,16.0,March,Crossing Paths - Uncontrolled Intersection,2016,49.0,No,O: No Injury,Female,Unknown,Yes,34.14334979,-77.89257873,Dry,5 - 15 MPH,No Control Present,Clear,No,0,0,3
Yes,57.0,Yes,Facing Traffic,O: No Injury,Male,Wilmington,New Hanover,Yes,Sunday,Head-On,0.0,March,Head-On - Bicyclist,2016,21.0,No,O: No Injury,Male,Passenger Car,No,34.22467357,-77.93893884,Dry,30 - 35  MPH,No Control Present,Clear,No,0,0,3
Yes,23.0,No,Unknown,C: Possible Injury,Male,Raleigh,Wake,No,Monday,Loss of Control / Turning Error,17.0,April,Bicyclist Lost Control - Mechanical Problems,2016,26.0,No,O: No Injury,Male,Motorcycle,No,35.77991014,-78.61579164,Dry,40 - 45  MPH,Stop And Go Signal,Clear,No,0,0,4
Yes,31.0,No,Facing Traffic,C: Possible Injury,Female,Charlotte,Mecklenburg,No,Friday,Motorist Failed to Yield - Signalized Intersection,6.0,April,Motorist Drive Out - Right Turn on Red,2016,45.0,No,O: No Injury,Male,Passenger Car,No,35.2187475,-80.84816333,Dry,30 - 35  MPH,Stop And Go Signal,Cloudy,No,0,0,4
No,64.0,No,With Traffic,C: Possible Injury,Male,Lewisville,Forsyth,No,Thursday,Motorist Failed to Yield - Sign-Controlled Intersection,10.0,March,Motorist Drive Out - Sign-Controlled Intersection,2016,35.0,No,O: No Injury,Male,Pickup,No,36.10124325,-80.46787585,Dry,50 - 55  MPH,Stop Sign,Clear,No,0,0,3
Yes,57.0,No,With Traffic,C: Possible Injury,Male,Goldsboro,Wayne,No,Wednesday,Bicyclist Failed to Yield - Sign-Controlled Intersection,17.0,March,Bicyclist Ride Through - Sign-Controlled Intersection,2016,41.0,No,O: No Injury,Male,Passenger Car,No,35.3815796,-77.97650569,Dry,20 - 25  MPH,Stop Sign,Clear,No,0,0,3
Yes,37.0,No,With Traffic,A: Suspected Serious Injury,Male,Charlotte,Mecklenburg,No,Monday,Motorist Overtaking Bicyclist,19.0,April,Motorist Overtaking - Other / Unknown,2016,29.0,No,O: No Injury,Female,Passenger Car,No,35.23846961,-80.74741195,Dry,30 - 35  MPH,No Control Present,Cloudy,No,0,0,4
No,58.0,No,Not Applicable,C: Possible Injury,Male,Jacksonville,Onslow,No,Monday,Non-Roadway,13.0,March,Non-Roadway,2016,28.0,No,O: No Injury,Female,Sport Utility,No,34.76273523,-77.39967667,Dry,Unknown,No Control Present,Clear,No,0,0,3
Yes,40.0,No,With Traffic,C: Possible Injury,Male,Rocky Mount,Edgecombe,No,Thursday,Bicyclist Left Turn / Merge,16.0,April,Bicyclist Left Turn - Same Direction,2016,45.0,No,O: No Injury,Male,Van,Yes,35.94924355,-77.78797739,Dry,30 - 35  MPH,No Control Present,Clear,No,0,0,4
Yes,53.0,No,Facing Traffic,C: Possible Injury,Male,Greenville,Pitt,No,Tuesday,Motorist Failed to Yield - Midblock,17.0,April,Motorist Drive Out - Residential Driveway,2016,26.0,No,O: No Injury,Male,Passenger Car,No,35.59435537,-77.33989087,Dry,40 - 45  MPH,No Control Present,Clear,No,0,0,4
No,7.0,No,Not Applicable,C: Possible Injury,Female,Statesville,Iredell,No,Monday,Motorist Left Turn / Merge,19.0,April,Motorist Left Turn - Opposite Direction,2016,46.0,No,O: No Injury,Female,Passenger Car,No,35.80114316,-80.84946369,Dry,20 - 25  MPH,No Control Present,Clear,No,0,0,4
Yes,6.0,No,Not Applicable,C: Possible Injury,Female,Cary,Wake,No,Tuesday,Non-Roadway,19.0,March,Non-Roadway,2016,42.03850604944766,Missing,Unknown Injury,Unknown,Unknown,Yes,35.78048115,-78.79309286,Dry,Unknown,No Control Present,Clear,No,1,0,3
Yes,55.0,No,With Traffic,C: Possible Injury,Male,Wilson,Wilson,No,Tuesday,Loss of Control / Turning Error,19.0,March,Bicyclist Lost Control - Mechanical Problems,2016,24.0,No,O: No Injury,Female,Passenger Car,No,35.72904354,-77.89996105,Dry,30 - 35  MPH,No Control Present,Clear,No,0,0,3
No,23.0,No,Facing Traffic,C: Possible Injury,Female,Raleigh,Wake,No,Wednesday,Motorist Failed to Yield - Sign-Controlled Intersection,9.0,April,Motorist Drive Out - Sign-Controlled Intersection,2016,42.0,No,O: No Injury,Male,Sport Utility,No,35.76180452,-78.64937293,Dry,30 - 35  MPH,Stop Sign,Clear,No,0,0,4
Yes,62.0,Yes,With Traffic,C: Possible Injury,Male,New Bern,Craven,Yes,Wednesday,Bicyclist Overtaking Motorist,21.0,March,Bicyclist Overtaking - Passing on Left,2016,57.0,No,O: No Injury,Male,Pickup,No,35.10377154,-77.05700233,Dry,20 - 25  MPH,No Control Present,Clear,No,0,0,3
Yes,59.0,Unknown,With Traffic,A: Suspected Serious Injury,Male,Mooresville,Iredell,No,Monday,Motorist Overtaking Bicyclist,0.0,April,Motorist Overtaking - Undetected Bicyclist,2016,22.0,No,O: No Injury,Male,Passenger Car,No,35.57527772,-80.86977758,Dry,40 - 45  MPH,No Control Present,Clear,No,0,0,4
Yes,34.0,No,With Traffic,C: Possible Injury,Male,None - Rural Crash,Cumberland,No,Tuesday,Motorist Overtaking Bicyclist,5.0,April,Motorist Overtaking - Other / Unknown,2016,41.0,No,O: No Injury,Male,Pickup,No,35.04510944,-78.73988677,Wet,50 - 55  MPH,No Control Present,Rain,No,0,0,4
Yes,47.0,No,With Traffic,C: Possible Injury,Male,Charlotte,Mecklenburg,No,Saturday,Motorist Overtaking Bicyclist,19.0,April,Motorist Overtaking - Other / Unknown,2016,41.0,No,O: No Injury,Female,Passenger Car,No,35.24184885,-80.93124943,Dry,30 - 35  MPH,No Control Present,Clear,No,0,0,4
Yes,50.0,No,Facing Traffic,C: Possible Injury,Male,Raleigh,Wake,No,Friday,Motorist Failed to Yield - Midblock,12.0,April,Motorist Drive Out - Commercial Driveway / Alley,2016,49.0,No,O: No Injury,Male,Passenger Car,No,35.83478242,-78.60527905,Dry,5 - 15 MPH,No Control Present,Cloudy,No,0,0,4
No,27.0,No,With Traffic,C: Possible Injury,Male,Asheville,Buncombe,No,Monday,Motorist Overtaking Bicyclist,15.0,April,Motorist Overtaking - Undetected Bicyclist,2016,71.0,No,O: No Injury,Male,"Single Unit Truck (2-Axle, 6-Tire)",No,35.59490438,-82.5516335,Dry,30 - 35  MPH,Stop And Go Signal,Clear,No,0,0,4
Yes,56.0,No,With Traffic,C: Possible Injury,Male,Raleigh,Wake,No,Saturday,Motorist Left Turn / Merge,14.0,April,Motorist Left Turn - Opposite Direction,2016,21.0,No,O: No Injury,Female,Sport Utility,No,35.7786401,-78.64925479,Dry,30 - 35  MPH,Stop And Go Signal,Clear,No,0,0,4
Yes,18.0,No,With Traffic,O: No Injury,Male,Raleigh,Wake,No,Thursday,Motorist Overtaking Bicyclist,21.0,April,Motorist Overtaking - Other / Unknown,2016,28.0,No,O: No Injury,Male,Passenger Car,No,35.88706049,-78.73772873,Dry,30 - 35  MPH,No Control Present,Clear,No,0,0,4
Yes,71.0,No,With Traffic,K: Killed,Male,None - Rural Crash,Henderson,No,Friday,Bicyclist Failed to Yield - Sign-Controlled Intersection,15.0,April,Bicyclist Ride Through - Sign-Controlled Intersection,2016,48.0,No,O: No Injury,Female,Sport Utility,No,35.38757225,-82.48136694,Dry,30 - 35  MPH,Stop Sign,Clear,No,0,0,4
Yes,58.0,No,With Traffic,C: Possible Injury,Male,Charlotte,Mecklenburg,No,Sunday,Motorist Left Turn / Merge,20.0,April,Motorist Left Turn - Same Direction,2016,59.0,No,O: No Injury,Male,Moped,No,35.24088083,-80.88390082,Dry,20 - 25  MPH,Stop Sign,Clear,No,0,0,4
Yes,10.0,No,Not Applicable,Unknown Injury,Unknown,Reidsville,Rockingham,Yes,Sunday,Bicyclist Failed to Yield - Midblock,19.0,March,Bicyclist Ride Out - Residential Driveway,2016,43.0,Yes,O: No Injury,Male,Passenger Car,No,36.36804651,-79.66919778,Wet,30 - 35  MPH,No Control Present,Cloudy,No,0,0,3
Yes,47.0,No,With Traffic,A: Suspected Serious Injury,Male,Wilmington,New Hanover,No,Friday,Bicyclist Overtaking Motorist,16.0,April,Bicyclist Overtaking - Parked Vehicle,2016,42.03850604944766,Missing,Unknown Injury,Unknown,Single Unit Truck (3 Or More Axles),No,34.14443451,-77.92246956,Dry,40 - 45  MPH,No Control Present,Cloudy,No,1,0,4
Yes,29.0,No,With Traffic,C: Possible Injury,Male,None - Rural Crash,Chatham,No,Sunday,Bicyclist Left Turn / Merge,12.0,April,Bicyclist Left Turn - Same Direction,2016,58.0,No,O: No Injury,Male,Passenger Car,No,35.766613,-79.18979206,Dry,50 - 55  MPH,No Control Present,Cloudy,No,0,0,4
No,17.0,No,Not Applicable,C: Possible Injury,Male,Fayetteville,Cumberland,No,Tuesday,Bicyclist Failed to Yield - Midblock,0.0,April,Bicyclist Ride Out - Commercial Driveway / Alley,2016,50.0,No,O: No Injury,Male,Passenger Car,No,35.09617969,-78.91662278,Dry,50 - 55  MPH,No Control Present,Clear,No,0,0,4
Yes,10.0,No,Unknown,C: Possible Injury,Male,Apex,Wake,No,Saturday,Head-On,16.0,April,Head-On - Motorist,2016,36.0,No,O: No Injury,Female,Sport Utility,No,35.71979705,-78.89591488,Dry,20 - 25  MPH,Stop Sign,Clear,No,0,0,4
Yes,8.0,No,Not Applicable,C: Possible Injury,Male,Kinston,Lenoir,No,Thursday,Bicyclist Failed to Yield - Midblock,18.0,April,Bicyclist Ride Out - Other Midblock,2016,33.0,Unknown,O: No Injury,Female,Sport Utility,No,35.25847375,-77.56956684,Dry,20 - 25  MPH,No Control Present,Clear,No,0,0,4
Yes,15.0,No,With Traffic,C: Possible Injury,Male,Greensboro,Guilford,No,Saturday,Motorist Left Turn / Merge,23.0,April,Motorist Left Turn - Opposite Direction,2016,20.0,No,O: No Injury,Male,Van,No,36.12762865,-79.79708963,Wet,30 - 35  MPH,No Control Present,Rain,No,0,0,4
Yes,17.0,No,Facing Traffic,C: Possible Injury,Male,Charlotte,Mecklenburg,No,Sunday,Head-On,18.0,May,Head-On - Bicyclist,2016,27.0,No,O: No Injury,Male,Passenger Car,No,35.22334435,-80.68506724,Dry,40 - 45  MPH,No Control Present,Cloudy,No,0,0,5
Yes,25.0,No,Facing Traffic,C: Possible Injury,Male,Durham,Durham,No,Wednesday,Bicyclist Failed to Yield - Signalized Intersection,15.0,April,Bicyclist Ride Through - Signalized Intersection,2016,46.0,No,O: No Injury,Male,Passenger Car,No,35.93345366,-78.88812495,Dry,40 - 45  MPH,Stop And Go Signal,Clear,No,0,0,4
Yes,7.0,No,Not Applicable,C: Possible Injury,Male,Statesville,Iredell,No,Thursday,Bicyclist Failed to Yield - Midblock,16.0,March,Bicyclist Ride Out - Residential Driveway,2016,37.0,No,O: No Injury,Female,Passenger Car,No,35.77559104,-80.91589141,Dry,20 - 25  MPH,No Control Present,Clear,No,0,0,3
Yes,11.0,No,With Traffic,Unknown Injury,Female,Asheville,Buncombe,No,Monday,Crossing Paths - Other Circumstances,15.0,April,Sign-Controlled Intersection - Other / Unknown,2016,79.0,No,O: No Injury,Female,Passenger Car,Yes,35.61337736,-82.50210997,Dry,30 - 35  MPH,Stop Sign,Clear,No,0,0,4
Yes,62.0,No,Facing Traffic,C: Possible Injury,Male,Fayetteville,Cumberland,No,Sunday,Motorist Failed to Yield - Midblock,14.0,April,Motorist Drive Out - Commercial Driveway / Alley,2016,43.0,No,O: No Injury,Female,Passenger Car,No,35.04380315,-78.93467118,Dry,20 - 25  MPH,No Control Present,Clear,No,0,0,4
Yes,57.0,No,With Traffic,O: No Injury,Male,Lumberton,Robeson,No,Monday,Motorist Failed to Yield - Sign-Controlled Intersection,13.0,April,Motorist Drive Out - Sign-Controlled Intersection,2016,19.0,No,O: No Injury,Female,Passenger Car,No,34.62386366,-79.02459608,Dry,20 - 25  MPH,Stop Sign,Clear,No,0,0,4
No,22.0,No,Not Applicable,C: Possible Injury,Male,Jacksonville,Onslow,No,Thursday,Bicyclist Failed to Yield - Midblock,6.0,April,Bicyclist Ride Out - Commercial Driveway / Alley,2016,42.03850604944766,Missing,Unknown Injury,Unknown,Unknown,Yes,34.76027009,-77.41460942,Dry,20 - 25  MPH,No Control Present,Clear,No,1,0,4
Yes,52.0,No,Facing Traffic,C: Possible Injury,Male,Charlotte,Mecklenburg,No,Monday,Motorist Failed to Yield - Signalized Intersection,10.0,May,Motorist Drive Out - Signalized Intersection,2016,65.0,No,O: No Injury,Male,Sport Utility,No,35.260987,-80.83969283,Dry,30 - 35  MPH,Stop And Go Signal,Clear,No,0,0,5
Yes,50.0,No,Facing Traffic,C: Possible Injury,Male,Raleigh,Wake,No,Monday,Motorist Failed to Yield - Midblock,7.0,May,Motorist Drive Out - Commercial Driveway / Alley,2016,17.0,No,O: No Injury,Male,Passenger Car,No,35.77619988,-78.63825295,Dry,30 - 35  MPH,No Control Present,Clear,No,0,0,5
Yes,44.0,No,With Traffic,A: Suspected Serious Injury,Male,None - Rural Crash,Macon,Yes,Saturday,Motorist Left Turn / Merge,17.0,April,Motorist Left Turn - Opposite Direction,2016,65.0,Yes,O: No Injury,Male,Pickup,No,35.21555305,-83.41577737,Dry,30 - 35  MPH,Stop Sign,Clear,No,0,0,4
Yes,5.0,No,With Traffic,C: Possible Injury,Female,Clayton,Johnston,No,Thursday,Bicyclist Failed to Yield - Sign-Controlled Intersection,18.0,April,Bicyclist Ride Through - Sign-Controlled Intersection,2016,20.0,No,O: No Injury,Female,Passenger Car,No,35.68974229,-78.43259045,Dry,20 - 25  MPH,Stop Sign,Clear,No,0,0,4
Yes,13.0,No,With Traffic,K: Killed,Male,Charlotte,Mecklenburg,No,Saturday,Bicyclist Left Turn / Merge,12.0,April,Bicyclist Left Turn - Opposite Direction,2016,47.0,No,O: No Injury,Male,Sport Utility,No,35.22148798,-80.88324491,Dry,30 - 35  MPH,No Control Present,Clear,No,0,0,4
No,42.0,No,With Traffic,C: Possible Injury,Male,Greenville,Pitt,No,Thursday,Motorist Overtaking Bicyclist,11.0,April,Motorist Overtaking - Other / Unknown,2016,42.03850604944766,Missing,Unknown Injury,Unknown,Passenger Car,Yes,35.60300814,-77.34056302,Dry,40 - 45  MPH,No Control Present,Clear,No,1,0,4
No,20.0,No,Facing Traffic,O: No Injury,Female,Wilmington,New Hanover,No,Wednesday,Motorist Failed to Yield - Midblock,16.0,March,Motorist Drive Out - Commercial Driveway / Alley,2016,44.0,No,O: No Injury,Male,Passenger Car,No,34.21778945,-77.90833137,Dry,Unknown,No Control Present,Clear,No,0,0,3
Yes,26.0,No,Not Applicable,C: Possible Injury,Male,Monroe,Union,No,Monday,Non-Roadway,14.0,April,Non-Roadway,2016,23.0,No,O: No Injury,Male,Passenger Car,No,35.00555102,-80.55898861,Dry,Unknown,No Control Present,Clear,No,0,0,4
No,32.52649525389365,Missing,Facing Traffic,Unknown Injury,Unknown,Jacksonville,Onslow,No,Friday,Motorist Failed to Yield - Midblock,14.0,April,Motorist Drive Out - Commercial Driveway / Alley,2016,31.0,No,O: No Injury,Female,Sport Utility,Yes,34.75837439,-77.4191178,Dry,Unknown,No Control Present,Clear,No,0,1,4
No,50.0,No,With Traffic,C: Possible Injury,Male,Charlotte,Mecklenburg,No,Wednesday,Motorist Right Turn / Merge,18.0,May,Motorist Right Turn - Same Direction,2016,41.0,No,O: No Injury,Female,Passenger Car,No,35.22652974,-80.84234893,Dry,20 - 25  MPH,Stop And Go Signal,Cloudy,No,0,0,5
No,47.0,No,With Traffic,C: Possible Injury,Male,Wilmington,New Hanover,No,Friday,Motorist Failed to Yield - Signalized Intersection,15.0,April,Motorist Drive Out - Right Turn on Red,2016,46.0,No,O: No Injury,Male,Truck/Trailer,No,34.22631682,-77.91226271,Dry,30 - 35  MPH,Stop And Go Signal,Clear,No,0,0,4
No,33.0,No,With Traffic,C: Possible Injury,Male,Fayetteville,Cumberland,No,Saturday,Motorist Left Turn / Merge,19.0,April,Motorist Left Turn - Opposite Direction,2016,42.03850604944766,Missing,Unknown Injury,Unknown,Passenger Car,Yes,35.05734118,-78.87697513,Dry,30 - 35  MPH,Stop And Go Signal,Clear,No,1,0,4
Yes,12.0,No,Not Applicable,C: Possible Injury,Male,Garner,Wake,No,Monday,Bicyclist Failed to Yield - Midblock,15.0,May,Bicyclist Ride Out - Residential Driveway,2016,24.0,No,O: No Injury,Female,Passenger Car,No,35.69012877,-78.62278859,Dry,30 - 35  MPH,No Control Present,Cloudy,No,0,0,5
No,30.0,No,With Traffic,A: Suspected Serious Injury,Male,Lumberton,Robeson,No,Monday,Other / Unusual Circumstances,8.0,April,Bicycle Only,2016,42.03850604944766,Missing,Unknown Injury,Unknown,Unknown,Yes,34.61469016,-78.99835305,Unknown,30 - 35  MPH,Stop Sign,Clear,No,1,0,4
No,56.0,Missing,With Traffic,O: No Injury,Male,Charlotte,Mecklenburg,No,Friday,Motorist Right Turn / Merge,17.0,May,Motorist Right Turn - Same Direction,2016,56.0,No,Unknown Injury,Male,Passenger Car,No,35.20265995,-80.73069781,Dry,5 - 15 MPH,Stop And Go Signal,Cloudy,No,0,0,5
Yes,32.52649525389365,Missing,Facing Traffic,Unknown Injury,Unknown,Greensboro,Guilford,No,Saturday,Head-On,18.0,May,Head-On - Bicyclist,2016,42.03850604944766,Unknown,Unknown Injury,Unknown,Passenger Car,Yes,36.06924559,-79.76139449,Dry,30 - 35  MPH,No Control Present,Clear,No,1,1,5
Yes,62.0,No,Facing Traffic,C: Possible Injury,Male,Durham,Durham,No,Thursday,Motorist Failed to Yield - Sign-Controlled Intersection,16.0,May,Motorist Drive Out - Sign-Controlled Intersection,2016,55.0,No,O: No Injury,Male,Passenger Car,No,36.0097577,-78.95458778,Wet,30 - 35  MPH,Stop And Go Signal,Cloudy,No,0,0,5
No,32.52649525389365,Unknown,With Traffic,Unknown Injury,Unknown,Wilmington,New Hanover,No,Wednesday,Motorist Right Turn / Merge,15.0,March,Motorist Right Turn - Same Direction,2016,42.03850604944766,Missing,Unknown Injury,Unknown,Unknown,Yes,34.1860247,-77.90480326,Dry,20 - 25  MPH,Stop Sign,Clear,No,1,1,3
No,28.0,No,Facing Traffic,O: No Injury,Male,Raleigh,Wake,No,Sunday,Motorist Failed to Yield - Midblock,17.0,May,Motorist Drive Out - Commercial Driveway / Alley,2016,35.0,No,O: No Injury,Male,Passenger Car,No,35.78425098,-78.69444727,Dry,40 - 45  MPH,No Control Present,Clear,No,0,0,5
Yes,59.0,No,With Traffic,C: Possible Injury,Male,None - Rural Crash,Guilford,No,Saturday,Motorist Overtaking Bicyclist,14.0,April,Motorist Overtaking - Other / Unknown,2016,25.0,No,O: No Injury,Male,Passenger Car,No,36.00037152,-79.83271582,Dry,40 - 45  MPH,"Double Yellow Line, No Passing Zone",Clear,No,0,0,4
No,25.0,No,With Traffic,C: Possible Injury,Male,None - Rural Crash,Pasquotank,No,Monday,Motorist Overtaking Bicyclist,20.0,April,Motorist Overtaking - Undetected Bicyclist,2016,42.03850604944766,Missing,Unknown Injury,Unknown,Unknown,Yes,36.25742875,-76.28869408,Dry,50 - 55  MPH,No Control Present,Clear,No,1,0,4
No,32.52649525389365,Missing,With Traffic,Unknown Injury,Unknown,Cary,Wake,No,Sunday,Motorist Left Turn / Merge,16.0,April,Motorist Left Turn - Opposite Direction,2016,16.0,No,O: No Injury,Male,Passenger Car,No,35.79157806,-78.84713633,Dry,40 - 45  MPH,Stop And Go Signal,Clear,No,0,1,4
No,52.0,No,With Traffic,O: No Injury,Male,None - Rural Crash,Columbus,No,Monday,Motorist Overtaking Bicyclist,16.0,May,Motorist Overtaking - Other / Unknown,2016,73.0,No,O: No Injury,Male,Passenger Car,No,34.36787637,-78.83096636,Dry,50 - 55  MPH,No Control Present,Clear,No,0,0,5
Yes,72.0,No,Not Applicable,A: Suspected Serious Injury,Male,Elizabeth City,Pasquotank,No,Thursday,Bicyclist Failed to Yield - Midblock,10.0,April,Bicyclist Ride Out - Commercial Driveway / Alley,2016,27.0,No,C: Possible Injury,Female,Passenger Car,No,36.29006518,-76.24377242,Dry,50 - 55  MPH,Stop Sign,Clear,No,0,0,4
No,23.0,No,Facing Traffic,C: Possible Injury,Male,Greenville,Pitt,No,Wednesday,Motorist Failed to Yield - Midblock,15.0,May,Motorist Drive Out - Commercial Driveway / Alley,2016,20.0,No,O: No Injury,Male,Sport Utility,No,35.60035729,-77.37588686,Dry,Unknown,No Control Present,Clear,No,0,0,5
No,15.0,No,Not Applicable,C: Possible Injury,Male,None - Rural Crash,New Hanover,No,Saturday,Crossing Paths - Other Circumstances,11.0,April,Signalized Intersection - Other / Unknown,2016,78.0,No,O: No Injury,Male,Passenger Car,No,34.27218639,-77.81876909,Dry,30 - 35  MPH,Stop And Go Signal,Clear,No,0,0,4
No,44.0,Unknown,Not Applicable,C: Possible Injury,Male,Durham,Durham,No,Friday,Non-Roadway,7.0,April,Non-Roadway,2016,42.03850604944766,Missing,Unknown Injury,Unknown,Passenger Car,Yes,35.99326538,-78.86953063,Dry,30 - 35  MPH,Stop Sign,Clear,No,1,0,4
No,27.0,No,With Traffic,O: No Injury,Male,Charlotte,Mecklenburg,No,Tuesday,Motorist Failed to Yield - Midblock,8.0,May,Motorist Drive Out - Commercial Driveway / Alley,2016,33.0,No,B: Suspected Minor Injury,Female,Passenger Car,No,35.15402735,-80.92355036,Dry,5 - 15 MPH,No Control Present,Clear,No,0,0,5
No,19.0,No,With Traffic,C: Possible Injury,Male,Charlotte,Mecklenburg,No,Thursday,Crossing Paths - Other Circumstances,17.0,May,Signalized Intersection - Other / Unknown,2016,25.0,No,O: No Injury,Male,Passenger Car,No,35.23450097,-80.84160463,Dry,30 - 35  MPH,Stop And Go Signal,Clear,No,0,0,5
Yes,22.0,No,With Traffic,C: Possible Injury,Male,Boonville,Yadkin,No,Saturday,Bicyclist Left Turn / Merge,10.0,April,Bicyclist Left Turn - Opposite Direction,2016,75.0,No,O: No Injury,Male,Pickup,No,36.23271735,-80.70633485,Dry,Unknown,Stop Sign,Clear,No,0,0,4
No,63.0,No,With Traffic,C: Possible Injury,Male,Mooresville,Iredell,No,Friday,Crossing Paths - Other Circumstances,12.0,April,Sign-Controlled Intersection - Other / Unknown,2016,35.0,No,O: No Injury,Female,Sport Utility,No,35.57776979,-80.81865564,Dry,30 - 35  MPH,Stop Sign,Clear,No,0,0,4
Yes,15.0,No,With Traffic,C: Possible Injury,Male,Durham,Durham,No,Thursday,Bicyclist Left Turn / Merge,18.0,May,Bicyclist Left Turn - Same Direction,2016,65.0,No,O: No Injury,Female,Passenger Car,No,36.05919565,-78.89512549,Dry,40 - 45  MPH,No Control Present,Clear,No,0,0,5
Yes,50.0,No,With Traffic,C: Possible Injury,Male,Greensboro,Guilford,No,Tuesday,Motorist Failed to Yield - Sign-Controlled Intersection,13.0,May,Motorist Drive Out - Sign-Controlled Intersection,2016,39.0,No,O: No Injury,Female,Passenger Car,No,36.05004484,-79.90267149,Wet,40 - 45  MPH,Stop Sign,Rain,No,0,0,5
Yes,44.0,No,With Traffic,C: Possible Injury,Female,Hickory,Catawba,No,Friday,Motorist Overtaking Bicyclist,12.0,April,Motorist Overtaking - Misjudged Space,2016,53.0,No,O: No Injury,Male,Passenger Car,No,35.71300724,-81.33150679,Dry,40 - 45  MPH,No Control Present,Clear,No,0,0,4
No,39.0,No,Facing Traffic,C: Possible Injury,Male,Charlotte,Mecklenburg,No,Wednesday,Head-On,19.0,May,Head-On - Bicyclist,2016,42.03850604944766,Missing,Unknown Injury,Unknown,Unknown,Yes,35.34120212,-80.76892669,Dry,40 - 45  MPH,No Control Present,Clear,No,1,0,5
Yes,57.0,No,With Traffic,C: Possible Injury,Male,Fayetteville,Cumberland,No,Sunday,Parallel Paths - Other Circumstances,14.0,April,Bicyclist Ride Out - Parallel Path,2016,62.0,No,O: No Injury,Female,Passenger Car,No,35.05109593,-78.87450519,Dry,30 - 35  MPH,No Control Present,Clear,No,0,0,4
No,7.0,No,With Traffic,C: Possible Injury,Male,Charlotte,Mecklenburg,No,Thursday,Bicyclist Failed to Yield - Sign-Controlled Intersection,17.0,May,Bicyclist Ride Through - Sign-Controlled Intersection,2016,30.0,No,O: No Injury,Male,Passenger Car,No,35.13800055,-80.86958171,Wet,20 - 25  MPH,No Control Present,Cloudy,No,0,0,5
No,8.0,No,Not Applicable,C: Possible Injury,Male,Raleigh,Wake,No,Sunday,Non-Roadway,13.0,May,Non-Roadway,2016,42.0,No,O: No Injury,Female,Passenger Car,Yes,35.85301492,-78.61274382,Dry,30 - 35  MPH,No Control Present,Clear,No,0,0,5
Yes,63.0,No,Facing Traffic,C: Possible Injury,Male,High Point,Guilford,No,Thursday,Head-On,11.0,April,Head-On - Bicyclist,2016,54.0,No,O: No Injury,Male,"Light Truck (Mini-Van, Panel)",No,35.98762149,-80.00034747,Dry,30 - 35  MPH,No Control Present,Clear,No,0,0,4
Yes,52.0,No,With Traffic,C: Possible Injury,Male,Durham,Durham,No,Friday,Motorist Left Turn / Merge,10.0,May,Motorist Left Turn - Opposite Direction,2016,70.0,No,O: No Injury,Male,Passenger Car,No,35.99453098,-78.88593241,Dry,30 - 35  MPH,Stop And Go Signal,Clear,Yes,0,0,5
Yes,27.0,No,With Traffic,C: Possible Injury,Male,Davidson,Mecklenburg,No,Saturday,Motorist Failed to Yield - Midblock,7.0,May,Motorist Drive Out - Residential Driveway,2016,39.0,No,O: No Injury,Female,"Light Truck (Mini-Van, Panel)",No,35.49059514,-80.83035889,Wet,30 - 35  MPH,No Control Present,Cloudy,No,0,0,5
Yes,61.0,No,Not Applicable,A: Suspected Serious Injury,Male,Bermuda Run,Davie,No,Tuesday,Non-Roadway,12.0,May,Non-Roadway,2016,51.0,No,O: No Injury,Female,Passenger Car,No,36.01023551,-80.44764188,Dry,5 - 15 MPH,No Control Present,Clear,No,0,0,5
No,45.0,No,With Traffic,O: No Injury,Male,None - Rural Crash,Forsyth,No,Sunday,Motorist Left Turn / Merge,20.0,May,Motorist Left Turn - Opposite Direction,2016,67.0,No,O: No Injury,Female,Passenger Car,No,36.03701976,-80.10378234,Dry,50 - 55  MPH,No Control Present,Clear,No,0,0,5