AmbulanceR,BikeAge,BikeAlcFlg,BikeDir,BikeInjury,BikeSex,City,County,CrashAlcoh,CrashDay,CrashGrp,CrashHour,CrashMonth,CrashType,CrashYear,DrvrAge,DrvrAlcFlg,DrvrInjury,DrvrSex,DrvrVehTyp,HitRun,Latitude,Longitude,RdConditio,SpeedLimit,TraffCntrl,Weather,Workzone,DrvrAgeImputedFlag,BikeAgeImputedFlag,MonthCode
Yes,32.52649525389365,No,Not Applicable,C: Possible Injury,Male,Greenville,Pitt,No,Wednesday,Non-Roadway,20.0,May,Non-Roadway,2016,28.0,Missing,O: No Injury,Female,Pickup,No,35.61579845,-77.36828508,Dry,Unknown,No Control Present,Clear,No,0,1,5
No,15.0,No,Not Applicable,C: Possible Injury,Male,Lewisville,Forsyth,No,Friday,Non-Roadway,18.0,May,Non-Roadway,2016,49.0,No,O: No Injury,Female,Sport Utility,No,36.12621546,-80.42130867,Dry,Unknown,No Control Present,Clear,No,0,0,5
No,32.52649525389365,No,With Traffic,C: Possible Injury,Male,High Point,Guilford,No,Thursday,Crossing Paths - Other Circumstances,17.0,May,Signalized Intersection - Other / Unknown,2016,56.0,No,O: No Injury,Female,Sport Utility,No,35.96244473,-79.9908495,Dry,40 - 45  MPH,Flashing Stop And Go Signal,Cloudy,No,0,1,5
No,21.0,No,Facing Traffic,O: No Injury,Female,Wrightsville Beach,New Hanover,No,Tuesday,Motorist Failed to Yield - Sign-Controlled Intersection,11.0,May,Motorist Drive Out - Sign-Controlled Intersection,2016,20.0,No,O: No Injury,Male,Passenger Car,No,34.21500454,-77.80770516,Dry,30 - 35  MPH,No Control Present,Clear,No,0,0,5
Yes,54.0,Unknown,With Traffic,A: Suspected Serious Injury,Male,High Point,Guilford,No,Sunday,Motorist Overtaking Bicyclist,3.0,May,Motorist Overtaking - Other / Unknown,2016,33.0,Unknown,O: No Injury,Female,Sport Utility,Yes,35.9478637,-80.00380508,Dry,30 - 35  MPH,No Control Present,Clear,No,0,0,5
Yes,11.0,No,With Traffic,C: Possible Injury,Male,Charlotte,Mecklenburg,No,Thursday,Loss of Control / Turning Error,18.0,May,Bicyclist Lost Control - Mechanical Problems,2016,52.0,No,O: No Injury,Female,Passenger Car,No,35.02214479,-80.84627224,Dry,40 - 45  MPH,No Control Present,Clear,No,0,0,5
Yes,10.0,No,With Traffic,C: Possible Injury,Male,Wilmington,New Hanover,No,Monday,Motorist Failed to Yield - Midblock,21.0,May,Motorist Drive Out - Residential Driveway,2016,20.0,No,O: No Injury,Male,Passenger Car,No,34.25004675,-77.90777449,Dry,20 - 25  MPH,No Control Present,Clear,No,0,0,5
Yes,26.0,No,Facing Traffic,C: Possible Injury,Male,Winston-Salem,Forsyth,No,Tuesday,Bicyclist Failed to Yield - Signalized Intersection,19.0,May,Bicyclist Ride Through - Signalized Intersection,2016,54.0,No,O: No Injury,Female,Passenger Car,No,36.1011221,-80.24765864,Dry,30 - 35  MPH,Stop And Go Signal,Clear,No,0,0,5
Yes,15.0,No,With Traffic,C: Possible Injury,Male,Charlotte,Mecklenburg,No,Sunday,Motorist Right Turn / Merge,10.0,May,Motorist Right Turn - Same Direction,2016,72.0,No,O: No Injury,Female,Passenger Car,No,35.18382146,-80.7280791,Wet,40 - 45  MPH,No Control Present,Cloudy,No,0,0,5
No,64.0,No,With Traffic,C: Possible Injury,Male,Charlotte,Mecklenburg,No,Monday,Motorist Left Turn / Merge,9.0,May,Motorist Left Turn - Opposite Direction,2016,51.0,No,O: No Injury,Female,Passenger Car,No,35.24063065,-80.83678724,Dry,30 - 35  MPH,Stop Sign,Cloudy,No,0,0,5
Yes,57.0,No,Not Applicable,C: Possible Injury,Male,Goldsboro,Wayne,No,Sunday,Non-Roadway,9.0,May,Non-Roadway,2016,27.0,No,O: No Injury,Female,Passenger Car,No,35.37959099,-77.98519863,Dry,Unknown,No Control Present,Clear,No,0,0,5
Yes,44.0,No,Not Applicable,C: Possible Injury,Male,Morrisville,Wake,No,Saturday,Non-Roadway,11.0,May,Non-Roadway,2016,38.0,No,O: No Injury,Male,Sport Utility,No,35.84047349,-78.87424035,Dry,5 - 15 MPH,No Control Present,Clear,No,0,0,5
Yes,40.0,Unknown,With Traffic,K: Killed,Male,High Point,Guilford,No,Saturday,Parallel Paths - Other Circumstances,9.0,May,Parallel Paths - Other / Unknown,2016,41.0,Unknown,O: No Injury,Male,Unknown,Yes,35.95895075,-79.97861581,Dry,30 - 35  MPH,No Control Present,Clear,No,0,0,5
Yes,34.0,No,With Traffic,C: Possible Injury,Male,Pineville,Mecklenburg,No,Tuesday,Motorist Overtaking Bicyclist,21.0,May,Motorist Overtaking - Bicyclist Swerved,2016,22.0,No,O: No Injury,Male,Passenger Car,No,35.08814408,-80.87493463,Dry,30 - 35  MPH,No Control Present,Other,No,0,0,5
Yes,16.0,No,Facing Traffic,C: Possible Injury,Male,Durham,Durham,No,Monday,Bicyclist Failed to Yield - Signalized Intersection,10.0,June,Bicyclist Ride Through - Signalized Intersection,2016,42.03850604944766,Missing,Unknown Injury,Unknown,Passenger Car,Yes,36.02632844,-78.95363339,Dry,30 - 35  MPH,Stop And Go Signal,Clear,No,1,0,6
Yes,28.0,No,Not Applicable,C: Possible Injury,Male,Raleigh,Wake,No,Monday,Non-Roadway,18.0,May,Non-Roadway,2016,49.0,No,O: No Injury,Male,Passenger Car,No,35.7856392,-78.64659083,Dry,5 - 15 MPH,No Control Present,Clear,No,0,0,5
Yes,58.0,No,Facing Traffic,C: Possible Injury,Male,Durham,Durham,No,Friday,Motorist Failed to Yield - Midblock,16.0,June,Motorist Drive Out - Commercial Driveway / Alley,2016,23.0,No,O: No Injury,Female,Sport Utility,No,35.99198258,-78.89980649,Dry,30 - 35  MPH,No Control Present,Clear,No,0,0,6
Yes,29.0,No,With Traffic,Unknown Injury,Unknown,Cary,Wake,No,Sunday,Motorist Overtaking Bicyclist,22.0,May,Motorist Overtaking - Other / Unknown,2016,42.03850604944766,Missing,Unknown Injury,Unknown,Unknown,Yes,35.79273628,-78.78311248,Dry,40 - 45  MPH,"Double Yellow Line, No Passing Zone",Clear,No,1,0,5
No,22.0,No,Not Applicable,C: Possible Injury,Male,Pineville,Mecklenburg,No,Sunday,Non-Roadway,18.0,May,Non-Roadway,2016,37.0,No,O: No Injury,Male,Passenger Car,No,35.08178013,-80.87894834,Dry,Unknown,No Control Present,Clear,No,0,0,5
Yes,10.0,No,Facing Traffic,A: Suspected Serious Injury,Male,None - Rural Crash,Randolph,No,Saturday,Head-On,15.0,June,Head-On - Bicyclist,2016,45.0,No,O: No Injury,Male,Passenger Car,No,35.90630485,-79.80804754,Dry,30 - 35  MPH,No Control Present,Clear,No,0,0,6
Yes,41.0,No,Unknown,C: Possible Injury,Male,Kinston,Lenoir,Yes,Thursday,Head-On,22.0,June,Head-On - Motorist,2016,63.0,Yes,O: No Injury,Female,Passenger Car,No,35.26715463,-77.56716809,Dry,30 - 35  MPH,No Control Present,Clear,No,0,0,6
Yes,23.0,No,Facing Traffic,C: Possible Injury,Female,Wilmington,New Hanover,No,Saturday,Motorist Failed to Yield - Midblock,17.0,May,Motorist Drive Out - Commercial Driveway / Alley,2016,42.0,No,O: No Injury,Female,Sport Utility,No,34.2445217,-77.88037665,Dry,40 - 45  MPH,Stop Sign,Clear,No,0,0,5
Yes,18.0,No,With Traffic,O: No Injury,Male,Concord,Cabarrus,No,Monday,Motorist Failed to Yield - Midblock,16.0,May,Motorist Drive Out - Commercial Driveway / Alley,2016,70.0,No,O: No Injury,Male,Pickup,No,35.4250123,-80.59440444,Dry,30 - 35  MPH,"Double Yellow Line, No Passing Zone",Clear,No,0,0,5
Yes,22.0,No,Facing Traffic,C: Possible Injury,Male,Raleigh,Wake,No,Monday,Motorist Failed to Yield - Sign-Controlled Intersection,20.0,June,Motorist Drive Out - Sign-Controlled Intersection,2016,29.0,No,O: No Injury,Male,Passenger Car,No,35.76242098,-78.69540464,Dry,20 - 25  MPH,Stop Sign,Clear,No,0,0,6
Yes,20.0,No,With Traffic,C: Possible Injury,Male,Pembroke,Robeson,No,Wednesday,Motorist Overtaking Bicyclist,4.0,June,Motorist Overtaking - Undetected Bicyclist,2016,53.0,No,C: Possible Injury,Female,Passenger Car,No,34.67260562,-79.20867211,Dry,50 - 55  MPH,No Control Present,Clear,No,0,0,6
Yes,19.0,No,Facing Traffic,C: Possible Injury,Male,Greenville,Pitt,No,Tuesday,Motorist Failed to Yield - Signalized Intersection,13.0,June,Motorist Drive Out - Right Turn on Red,2016,44.0,No,O: No Injury,Female,Sport Utility,No,35.60100574,-77.37069644,Dry,30 - 35  MPH,Stop And Go Signal,Clear,No,0,0,6
Yes,60.0,No,With Traffic,C: Possible Injury,Male,Rocky Mount,Nash,No,Tuesday,Motorist Overtaking Bicyclist,21.0,June,Motorist Overtaking - Undetected Bicyclist,2016,58.0,No,O: No Injury,Male,Passenger Car,No,35.96998632,-77.81078224,Dry,40 - 45  MPH,Stop And Go Signal,Clear,No,0,0,6
No,26.0,No,With Traffic,O: No Injury,Male,Asheville,Buncombe,No,Saturday,Motorist Overtaking Bicyclist,9.0,June,Motorist Overtaking - Other / Unknown,2016,42.03850604944766,Missing,Unknown Injury,Unknown,Unknown,Yes,35.48395662,-82.52303532,Dry,30 - 35  MPH,No Control Present,Clear,No,1,0,6
No,14.0,No,Facing Traffic,C: Possible Injury,Male,Wilmington,New Hanover,No,Saturday,Bicyclist Failed to Yield - Signalized Intersection,23.0,May,Bicyclist Ride Through - Signalized Intersection,2016,42.03850604944766,Missing,Unknown Injury,Unknown,Unknown,Yes,34.23638073,-77.93667186,Dry,30 - 35  MPH,Stop And Go Signal,Cloudy,No,1,0,5
No,42.0,No,With Traffic,O: No Injury,Male,Raleigh,Wake,No,Monday,Motorist Failed to Yield - Sign-Controlled Intersection,17.0,June,Motorist Drive Out - Sign-Controlled Intersection,2016,42.0,No,O: No Injury,Male,Sport Utility,No,35.81612678,-78.59441909,Dry,30 - 35  MPH,Stop Sign,Clear,No,0,0,6
Yes,66.0,Unknown,With Traffic,K: Killed,Male,None - Rural Crash,Durham,No,Tuesday,Motorist Overtaking Bicyclist,10.0,May,Motorist Overtaking - Other / Unknown,2016,33.0,Unknown,O: No Injury,Male,Pickup,No,35.97885736,-78.76371951,Dry,50 - 55  MPH,No Control Present,Clear,No,0,0,5
No,32.52649525389365,Missing,Not Applicable,Unknown Injury,Unknown,Pineville,Mecklenburg,No,Thursday,Bicyclist Failed to Yield - Midblock,9.0,June,Bicyclist Ride Out - Commercial Driveway / Alley,2016,62.0,No,O: No Injury,Male,"Single Unit Truck (2-Axle, 6-Tire)",No,35.08530911,-80.88791783,Dry,20 - 25  MPH,No Control Present,Clear,No,0,1,6
Yes,18.0,No,With Traffic,C: Possible Injury,Male,Fayetteville,Cumberland,No,Monday,Bicyclist Failed to Yield - Signalized Intersection,14.0,May,Bicyclist Ride Through - Signalized Intersection,2016,26.0,No,O: No Injury,Female,Passenger Car,No,35.06910929,-78.96019148,Wet,30 - 35  MPH,Stop And Go Signal,Cloudy,No,0,0,5
Yes,7.0,No,Not Applicable,C: Possible Injury,Female,Kernersville,Forsyth,No,Tuesday,Non-Roadway,16.0,May,Non-Roadway,2016,34.0,No,O: No Injury,Male,Passenger Car,No,36.10726291,-80.09121542,Dry,Unknown,No Control Present,Clear,No,0,0,5
Yes,20.0,No,Not Applicable,C: Possible Injury,Male,Greensboro,Guilford,No,Wednesday,Non-Roadway,16.0,May,Non-Roadway,2016,19.0,No,O: No Injury,Female,Sport Utility,No,36.07513786,-79.77264018,Dry,5 - 15 MPH,No Control Present,Clear,No,0,0,5
No,16.0,No,With Traffic,O: No Injury,Male,None - Rural Crash,Currituck,No,Sunday,Motorist Overtaking Bicyclist,18.0,June,Motorist Overtaking - Bicyclist Swerved,2016,26.0,No,O: No Injury,Male,Pickup,No,36.51359575,-76.12511958,Dry,50 - 55  MPH,No Control Present,Clear,No,0,0,6
Yes,9.0,No,Not Applicable,C: Possible Injury,Male,Kinston,Lenoir,No,Tuesday,Bicyclist Failed to Yield - Midblock,19.0,June,Bicyclist Ride Out - Residential Driveway,2016,36.0,No,O: No Injury,Male,Passenger Car,No,35.25609381,-77.57292686,Dry,20 - 25  MPH,No Control Present,Clear,No,0,0,6
Yes,9.0,No,With Traffic,C: Possible Injury,Male,Newport,Carteret,No,Monday,Loss of Control / Turning Error,16.0,May,Motorist Turning Error - Left Turn,2016,65.0,No,O: No Injury,Female,Sport Utility,No,34.8026198,-76.86787302,Dry,20 - 25  MPH,Stop Sign,Clear,No,0,0,5
No,42.0,No,With Traffic,C: Possible Injury,Male,None - Rural Crash,Harnett,No,Friday,Motorist Left Turn / Merge,8.0,June,Motorist Left Turn - Opposite Direction,2016,27.0,No,O: No Injury,Male,Passenger Car,No,35.2312887,-79.01630672,Dry,50 - 55  MPH,Stop And Go Signal,Clear,No,0,0,6
No,30.0,No,With Traffic,C: Possible Injury,Male,Charlotte,Mecklenburg,No,Thursday,Motorist Overtaking Bicyclist,16.0,June,Motorist Overtaking - Other / Unknown,2016,42.03850604944766,Missing,Unknown Injury,Unknown,Passenger Car,Yes,35.18981969,-80.69875404,Dry,40 - 45  MPH,No Control Present,Clear,No,1,0,6
Yes,10.0,No,With Traffic,A: Suspected Serious Injury,Male,Gibsonville,Alamance,No,Wednesday,Loss of Control / Turning Error,18.0,May,Bicyclist Turning Error - Right Turn,2016,49.0,No,O: No Injury,Female,Passenger Car,No,36.10142696,-79.5369331,Dry,20 - 25  MPH,Stop Sign,Clear,No,0,0,5
No,21.0,No,Facing Traffic,O: No Injury,Male,Charlotte,Mecklenburg,No,Thursday,Motorist Failed to Yield - Midblock,11.0,June,Motorist Drive Out - Commercial Driveway / Alley,2016,42.03850604944766,Missing,Unknown Injury,Unknown,Unknown,Yes,35.1887511,-80.7707582,Dry,30 - 35  MPH,No Control Present,Clear,No,1,0,6
No,65.0,No,Facing Traffic,O: No Injury,Male,Raleigh,Wake,No,Wednesday,Crossing Paths - Other Circumstances,16.0,June,Crossing Paths - Intersection - Other / Unknown,2016,61.0,No,O: No Injury,Male,Commercial Bus,No,35.80946727,-78.60204425,Dry,30 - 35  MPH,Stop And Go Signal,Cloudy,No,0,0,6
No,27.0,No,Facing Traffic,C: Possible Injury,Male,Raleigh,Wake,No,Thursday,Motorist Failed to Yield - Signalized Intersection,9.0,June,Motorist Drive Out - Signalized Intersection,2016,45.0,No,O: No Injury,Male,Passenger Car,No,35.74807273,-78.60651855,Dry,30 - 35  MPH,Stop And Go Signal,Clear,No,0,0,6
Yes,48.0,No,With Traffic,A: Suspected Serious Injury,Male,Greensboro,Guilford,No,Saturday,Motorist Left Turn / Merge,13.0,June,Motorist Left Turn - Opposite Direction,2016,47.0,No,O: No Injury,Male,Pickup,No,36.0357047,-79.77191368,Dry,30 - 35  MPH,Yield Sign,Clear,No,0,0,6
No,24.0,No,Facing Traffic,C: Possible Injury,Female,Durham,Durham,No,Thursday,Motorist Failed to Yield - Midblock,15.0,June,Motorist Drive Out - Commercial Driveway / Alley,2016,28.0,No,O: No Injury,Female,Passenger Car,No,36.01606052,-78.88810231,Dry,30 - 35  MPH,No Control Present,Cloudy,No,0,0,6
Yes,21.0,No,With Traffic,A: Suspected Serious Injury,Female,Gastonia,Gaston,No,Tuesday,Loss of Control / Turning Error,13.0,June,Bicyclist Lost Control - Mechanical Problems,2016,58.0,No,O: No Injury,Female,Passenger Car,No,35.26071714,-81.18198041,Dry,30 - 35  MPH,Stop And Go Signal,Clear,No,0,0,6
No,3.0,No,Not Applicable,O: No Injury,Male,None - Rural Crash,Brunswick,No,Monday,Non-Roadway,15.0,June,Non-Roadway,2016,13.0,No,O: No Injury,Male,Passenger Car,No,33.94293412,-78.31440567,Dry,5 - 15 MPH,No Control Present,Clear,No,0,0,6
Yes,12.0,No,Unknown,C: Possible Injury,Male,Goldsboro,Wayne,No,Monday,Motorist Failed to Yield - Sign-Controlled Intersection,21.0,June,Motorist Drive Through - Sign-Controlled Intersection,2016,42.03850604944766,Missing,Unknown Injury,Unknown,Unknown,Yes,35.38754478,-77.97398592,Dry,20 - 25  MPH,Stop Sign,Clear,No,1,0,6
No,55.0,No,Facing Traffic,C: Possible Injury,Male,Raleigh,Wake,No,Tuesday,Loss of Control / Turning Error,18.0,June,Motorist Lost Control - Other / Unknown,2016,17.0,No,O: No Injury,Male,Sport Utility,No,35.76343756,-78.56642668,Dry,30 - 35  MPH,No Control Present,Clear,No,0,0,6
No,1.0,Unknown,Not Applicable,C: Possible Injury,Male,Durham,Durham,No,Sunday,Non-Roadway,12.0,July,Non-Roadway,2016,25.0,No,O: No Injury,Female,Passenger Car,No,36.037403,-78.892673,Dry,5 - 15 MPH,No Control Present,Clear,No,0,0,7
Yes,18.0,No,Facing Traffic,C: Possible Injury,Male,Greensboro,Guilford,No,Friday,Bicyclist Right Turn / Merge,14.0,July,Bicyclist Right Turn - Opposite Direction,2016,42.03850604944766,Missing,Unknown Injury,Unknown,Passenger Car,Yes,36.07396741,-79.79604805,Dry,30 - 35  MPH,Stop And Go Signal,Clear,No,1,0,7
No,17.0,No,With Traffic,O: No Injury,Male,Jacksonville,Onslow,No,Thursday,Crossing Paths - Other Circumstances,14.0,June,Signalized Intersection - Other / Unknown,2016,42.03850604944766,Unknown,Unknown Injury,Unknown,Unknown,Yes,34.78706163,-77.42809921,Dry,40 - 45  MPH,Flashing Stop And Go Signal,Clear,No,1,0,6
Yes,21.0,Yes,With Traffic,K: Killed,Male,None - Rural Crash,Hertford,Yes,Saturday,Motorist Overtaking Bicyclist,21.0,June,Motorist Overtaking - Other / Unknown,2016,26.0,No,C: Possible Injury,Female,Passenger Car,No,36.42021713,-77.10770452,Dry,40 - 45  MPH,"Double Yellow Line, No Passing Zone",Clear,No,0,0,6
Yes,15.0,No,With Traffic,C: Possible Injury,Male,Greensboro,Guilford,No,Thursday,Crossing Paths - Other Circumstances,9.0,May,Sign-Controlled Intersection - Other / Unknown,2016,42.03850604944766,No,O: No Injury,Unknown,Passenger Car,Yes,36.04890952,-79.82626285,Dry,20 - 25  MPH,Stop Sign,Clear,No,1,0,5
Yes,16.0,Unknown,With Traffic,K: Killed,Male,None - Rural Crash,Currituck,No,Monday,Motorist Overtaking Bicyclist,0.0,June,Motorist Overtaking - Undetected Bicyclist,2016,59.0,No,O: No Injury,Male,Tractor/Semi-Trailer,No,36.20584138,-75.8652785,Dry,50 - 55  MPH,No Control Present,Clear,No,0,0,6
No,19.0,No,Facing Traffic,O: No Injury,Male,Wilmington,New Hanover,No,Saturday,Head-On,16.0,June,Head-On - Bicyclist,2016,19.0,No,O: No Injury,Female,Passenger Car,No,34.23124132,-77.89013587,Dry,30 - 35  MPH,Stop Sign,Cloudy,No,0,0,6
Yes,21.0,No,With Traffic,C: Possible Injury,Male,Fayetteville,Cumberland,No,Tuesday,Motorist Overtaking Bicyclist,21.0,June,Motorist Overtaking - Other / Unknown,2016,42.03850604944766,Missing,Unknown Injury,Unknown,Unknown,Yes,35.00442543,-79.04728671,Dry,50 - 55  MPH,No Control Present,Clear,No,1,0,6
Yes,54.0,Yes,Facing Traffic,C: Possible Injury,Male,Kannapolis,Cabarrus,Yes,Sunday,Motorist Failed to Yield - Sign-Controlled Intersection,18.0,June,Motorist Drive Out - Sign-Controlled Intersection,2016,17.0,No,O: No Injury,Male,Pickup,No,35.49371353,-80.61086533,Dry,40 - 45  MPH,Stop Sign,Clear,No,0,0,6
No,17.0,No,With Traffic,O: No Injury,Male,Matthews,Mecklenburg,No,Friday,Motorist Overtaking Bicyclist,12.0,June,Motorist Overtaking - Other / Unknown,2016,29.0,No,O: No Injury,Female,Passenger Car,No,35.10730223,-80.72924649,Dry,30 - 35  MPH,Stop And Go Signal,Clear,No,0,0,6
No,17.0,No,With Traffic,O: No Injury,Male,Charlotte,Mecklenburg,No,Sunday,Motorist Left Turn / Merge,10.0,July,Motorist Left Turn - Same Direction,2016,55.0,No,O: No Injury,Male,Passenger Car,No,35.25153388,-80.66499791,Dry,30 - 35  MPH,Stop Sign,Clear,No,0,0,7
Yes,54.0,No,With Traffic,C: Possible Injury,Male,None - Rural Crash,Durham,No,Tuesday,Motorist Overtaking Bicyclist,17.0,June,Motorist Overtaking - Other / Unknown,2016,34.0,No,O: No Injury,Female,Passenger Car,No,35.87572014,-78.8563108,Dry,40 - 45  MPH,No Control Present,Clear,No,0,0,6
Yes,55.0,No,With Traffic,A: Suspected Serious Injury,Male,None - Rural Crash,Davidson,No,Saturday,Motorist Overtaking Bicyclist,9.0,July,Motorist Overtaking - Other / Unknown,2016,62.0,No,O: No Injury,Female,Sport Utility,No,35.85754075,-80.06145111,Dry,40 - 45  MPH,"Double Yellow Line, No Passing Zone",Clear,No,0,0,7
Yes,43.0,No,With Traffic,C: Possible Injury,Male,None - Rural Crash,Caswell,No,Thursday,Motorist Overtaking Bicyclist,19.0,July,Motorist Overtaking - Bicyclist Swerved,2016,41.0,No,O: No Injury,Male,Pickup,No,36.29976176,-79.47303325,Wet,40 - 45  MPH,"Double Yellow Line, No Passing Zone",Cloudy,No,0,0,7
Yes,38.0,No,Facing Traffic,C: Possible Injury,Male,Gastonia,Gaston,No,Wednesday,Motorist Failed to Yield - Signalized Intersection,10.0,July,Motorist Drive Out - Signalized Intersection,2016,23.0,No,O: No Injury,Male,Passenger Car,No,35.26208063,-81.18566205,Dry,30 - 35  MPH,Stop And Go Signal,Clear,No,0,0,7
Yes,22.0,No,With Traffic,O: No Injury,Male,Charlotte,Mecklenburg,No,Thursday,Bicyclist Failed to Yield - Sign-Controlled Intersection,18.0,July,Bicyclist Ride Through - Sign-Controlled Intersection,2016,67.0,No,C: Possible Injury,Male,Pickup,No,35.20724463,-80.85638828,Dry,30 - 35  MPH,Stop Sign,Cloudy,No,0,0,7
Yes,58.0,No,With Traffic,Unknown Injury,Unknown,Cary,Wake,No,Wednesday,Motorist Right Turn / Merge,19.0,June,Motorist Right Turn - Same Direction,2016,42.0,No,O: No Injury,Female,Passenger Car,No,35.78993596,-78.85060595,Dry,40 - 45  MPH,Stop And Go Signal,Clear,No,0,0,6
No,32.52649525389365,Missing,Unknown,Unknown Injury,Unknown,Oak Island,Brunswick,No,Thursday,Crossing Paths - Other Circumstances,18.0,May,Sign-Controlled Intersection - Other / Unknown,2016,45.0,No,O: No Injury,Female,Sport Utility,Yes,33.9137861,-78.10569661,Dry,30 - 35  MPH,Stop Sign,Cloudy,No,0,1,5
No,32.52649525389365,Missing,With Traffic,Unknown Injury,Unknown,Lumberton,Robeson,No,Tuesday,Crossing Paths - Other Circumstances,21.0,July,Sign-Controlled Intersection - Other / Unknown,2016,38.0,No,O: No Injury,Female,Sport Utility,Yes,34.61136843,-79.01885738,Wet,20 - 25  MPH,Stop Sign,Rain,No,0,1,7
No,26.0,No,With Traffic,C: Possible Injury,Male,Raleigh,Wake,No,Wednesday,Motorist Left Turn / Merge,12.0,July,Motorist Left Turn - Opposite Direction,2016,20.0,No,O: No Injury,Male,Passenger Car,No,35.77570403,-78.64362618,Dry,30 - 35  MPH,Stop And Go Signal,Clear,No,0,0,7
Yes,67.0,No,With Traffic,C: Possible Injury,Male,None - Rural Crash,Cabarrus,No,Saturday,Motorist Failed to Yield - Sign-Controlled Intersection,9.0,June,Motorist Drive Out - Sign-Controlled Intersection,2016,26.0,No,O: No Injury,Male,Pickup,No,35.29087343,-80.56685518,Dry,40 - 45  MPH,Stop Sign,Clear,No,0,0,6
Yes,29.0,No,With Traffic,C: Possible Injury,Male,Charlotte,Mecklenburg,No,Friday,Motorist Left Turn / Merge,22.0,July,Motorist Left Turn - Opposite Direction,2016,20.0,No,O: No Injury,Male,Passenger Car,No,35.17951565,-80.88489276,Wet,30 - 35  MPH,No Control Present,Clear,No,0,0,7
Yes,32.0,No,Facing Traffic,C: Possible Injury,Male,Charlotte,Mecklenburg,No,Saturday,Motorist Failed to Yield - Midblock,12.0,July,Motorist Drive Out - Commercial Driveway / Alley,2016,32.0,No,O: No Injury,Male,Passenger Car,No,35.20544293,-80.7505342,Dry,30 - 35  MPH,Stop Sign,Cloudy,No,0,0,7
Yes,8.0,No,Not Applicable,C: Possible Injury,Male,Hillsborough,Orange,No,Wednesday,Bicyclist Failed to Yield - Midblock,15.0,July,Bicyclist Ride Out - Residential Driveway,2016,47.0,No,O: No Injury,Male,Sport Utility,No,36.08877936,-79.105369,Dry,20 - 25  MPH,No Control Present,Clear,No,0,0,7
Yes,23.0,No,Facing Traffic,C: Possible Injury,Male,Wilmington,New Hanover,No,Thursday,Motorist Failed to Yield - Sign-Controlled Intersection,17.0,June,Motorist Drive Out - Sign-Controlled Intersection,2016,36.0,No,O: No Injury,Female,Passenger Car,No,34.20835945,-77.9441584,Dry,20 - 25  MPH,Stop Sign,Clear,No,0,0,6
Yes,29.0,No,Not Applicable,C: Possible Injury,Male,Waynesville,Haywood,No,Wednesday,Non-Roadway,8.0,June,Non-Roadway,2016,42.03850604944766,Missing,Unknown Injury,Unknown,Pickup,No,35.49303433,-82.9893055,Dry,20 - 25  MPH,No Control Present,Cloudy,No,1,0,6
Yes,46.0,No,With Traffic,A: Suspected Serious Injury,Male,Rocky Mount,Nash,No,Wednesday,Motorist Left Turn / Merge,21.0,July,Motorist Left Turn - Opposite Direction,2016,56.0,No,O: No Injury,Female,Sport Utility,No,35.98020734,-77.8132782,Dry,30 - 35  MPH,Stop Sign,Clear,No,0,0,7
No,55.0,No,With Traffic,C: Possible Injury,Male,Winston-Salem,Forsyth,No,Friday,Motorist Right Turn / Merge,18.0,July,Motorist Right Turn - Same Direction,2016,33.0,No,O: No Injury,Female,Passenger Car,No,36.06915065,-80.25117965,Dry,30 - 35  MPH,"Double Yellow Line, No Passing Zone",Clear,No,0,0,7
Yes,67.0,No,With Traffic,C: Possible Injury,Male,None - Rural Crash,Catawba,No,Thursday,Loss of Control / Turning Error,10.0,July,Motorist Turning Error - Left Turn,2016,42.03850604944766,Unknown,Unknown Injury,Unknown,Tractor/Semi-Trailer,Yes,35.63647812,-81.29723236,Dry,40 - 45  MPH,Stop And Go Signal,Clear,No,1,0,7
No,24.0,No,Facing Traffic,O: No Injury,Male,Asheville,Buncombe,No,Saturday,Motorist Right Turn / Merge,13.0,June,Motorist Right Turn - Opposite Direction,2016,21.0,No,O: No Injury,Male,Pickup,No,35.63164589,-82.55424434,Dry,Unknown,No Control Present,Clear,No,0,0,6
Yes,47.0,No,Facing Traffic,C: Possible Injury,Male,Charlotte,Mecklenburg,No,Thursday,Motorist Failed to Yield - Midblock,19.0,July,Motorist Drive Out - Commercial Driveway / Alley,2016,32.0,No,O: No Injury,Male,Van,No,35.19511956,-80.87269817,Dry,30 - 35  MPH,Stop Sign,Clear,No,0,0,7
Yes,46.0,No,With Traffic,C: Possible Injury,Male,Charlotte,Mecklenburg,No,Saturday,Motorist Left Turn / Merge,11.0,July,Motorist Left Turn - Opposite Direction,2016,16.0,No,O: No Injury,Male,Passenger Car,No,35.19600002,-80.82736281,Dry,30 - 35  MPH,Stop And Go Signal,Clear,No,0,0,7
Yes,66.0,No,With Traffic,C: Possible Injury,Male,None - Rural Crash,Dare,No,Friday,Motorist Failed to Yield - Sign-Controlled Intersection,7.0,July,Motorist Drive Out - Sign-Controlled Intersection,2016,79.0,No,O: No Injury,Female,Sport Utility,No,35.24581751,-75.61381223,Dry,30 - 35  MPH,No Control Present,Clear,No,0,0,7
Yes,67.0,No,With Traffic,C: Possible Injury,Male,None - Rural Crash,Currituck,No,Friday,Motorist Failed to Yield - Midblock,12.0,July,Motorist Drive Out - Commercial Driveway / Alley,2016,19.0,No,O: No Injury,Male,"Single Unit Truck (2-Axle, 6-Tire)",No,36.32941299,-75.81649951,Dry,40 - 45  MPH,Stop Sign,Clear,No,0,0,7