AmbulanceR,BikeAge,BikeAlcFlg,BikeDir,BikeInjury,BikeSex,City,County,CrashAlcoh,CrashDay,CrashGrp,CrashHour,CrashMonth,CrashType,CrashYear,DrvrAge,DrvrAlcFlg,DrvrInjury,DrvrSex,DrvrVehTyp,HitRun,Latitude,Longitude,RdConditio,SpeedLimit,TraffCntrl,Weather,Workzone,DrvrAgeImputedFlag,BikeAgeImputedFlag,MonthCode
No,48.0,No,With Traffic,O: No Injury,Male,None - Rural Crash,Cleveland,No,Friday,Motorist Overtaking Bicyclist,17.0,July,Motorist Overtaking - Other / Unknown,2016,54.0,No,O: No Injury,Female,Pickup,No,35.27870381,-81.46394434,Dry,40 - 45  MPH,"Double Yellow Line, No Passing Zone",Clear,No,0,0,7
Yes,49.0,No,With Traffic,A: Suspected Serious Injury,Male,None - Rural Crash,Onslow,No,Tuesday,Motorist Overtaking Bicyclist,6.0,July,Motorist Overtaking - Other / Unknown,2016,42.03850604944766,No,Unknown Injury,Unknown,Sport Utility,Yes,34.71700263,-77.19459851,Dry,50 - 55  MPH,No Control Present,Clear,No,1,0,7
Yes,58.0,No,Facing Traffic,C: Possible Injury,Male,Pineville,Mecklenburg,No,Thursday,Motorist Failed to Yield - Midblock,17.0,July,Motorist Drive Out - Commercial Driveway / Alley,2016,34.0,No,O: No Injury,Female,Passenger Car,No,35.09128005,-80.86970586,Dry,30 - 35  MPH,Stop Sign,Clear,No,0,0,7
Yes,58.0,No,Facing Traffic,C: Possible Injury,Male,New Bern,Craven,No,Tuesday,Motorist Failed to Yield - Sign-Controlled Intersection,17.0,July,Motorist Drive Out - Sign-Controlled Intersection,2016,53.0,No,O: No Injury,Male,Pickup,No,35.11000604,-77.06030973,Dry,20 - 25  MPH,Stop Sign,Clear,No,0,0,7
No,54.0,No,Facing Traffic,C: Possible Injury,Male,Salisbury,Rowan,No,Thursday,Motorist Failed to Yield - Midblock,16.0,July,Motorist Drive Out - Commercial Driveway / Alley,2016,57.0,No,O: No Injury,Male,Passenger Car,No,35.67470284,-80.47930944,Dry,Unknown,No Control Present,Clear,No,0,0,7
Yes,50.0,No,With Traffic,C: Possible Injury,Male,None - Rural Crash,Rowan,No,Saturday,Motorist Left Turn / Merge,11.0,July,Motorist Left Turn - Opposite Direction,2016,51.0,No,O: No Injury,Male,Sport Utility,No,35.54390019,-80.72011559,Dry,40 - 45  MPH,"Double Yellow Line, No Passing Zone",Clear,No,0,0,7
Yes,24.0,No,With Traffic,A: Suspected Serious Injury,Male,None - Rural Crash,Pitt,No,Friday,Bicyclist Failed to Yield - Signalized Intersection,8.0,July,Bicyclist Ride Through - Signalized Intersection,2016,43.0,No,O: No Injury,Male,Van,No,35.57704018,-77.43131788,Dry,50 - 55  MPH,Stop And Go Signal,Clear,No,0,0,7
Yes,16.0,No,With Traffic,C: Possible Injury,Male,None - Rural Crash,New Hanover,Yes,Wednesday,Crossing Paths - Other Circumstances,23.0,July,Signalized Intersection - Other / Unknown,2016,27.0,Yes,O: No Injury,Male,Sport Utility,No,34.14293713,-77.89618602,Dry,40 - 45  MPH,Stop And Go Signal,Clear,No,0,0,7
Yes,42.0,No,With Traffic,C: Possible Injury,Male,None - Rural Crash,Chatham,No,Friday,Motorist Overtaking Bicyclist,6.0,July,Motorist Overtaking - Undetected Bicyclist,2016,51.0,No,O: No Injury,Male,Pickup,No,35.6469642,-79.2546337,Dry,50 - 55  MPH,No Control Present,Clear,No,0,0,7
Yes,64.0,No,With Traffic,C: Possible Injury,Male,Greenville,Pitt,No,Friday,Head-On,7.0,July,Head-On - Bicyclist,2016,34.0,No,O: No Injury,Male,Passenger Car,No,35.60511576,-77.37035111,Dry,20 - 25  MPH,Stop And Go Signal,Clear,No,0,0,7
Yes,13.0,No,Facing Traffic,C: Possible Injury,Male,Durham,Durham,No,Wednesday,Bicyclist Failed to Yield - Sign-Controlled Intersection,17.0,July,Bicyclist Ride Through - Sign-Controlled Intersection,2016,68.0,No,O: No Injury,Male,Pickup,No,35.99035854,-78.88058983,Dry,20 - 25  MPH,Stop Sign,Clear,No,0,0,7
Yes,22.0,No,With Traffic,C: Possible Injury,Female,Greensboro,Guilford,No,Friday,Parallel Paths - Other Circumstances,14.0,July,Parallel Paths - Other / Unknown,2016,55.0,No,C: Possible Injury,Male,Pickup,No,36.06420574,-79.79874763,Dry,30 - 35  MPH,Stop And Go Signal,Clear,No,0,0,7
Yes,50.0,No,With Traffic,C: Possible Injury,Male,None - Rural Crash,Wake,No,Sunday,Motorist Left Turn / Merge,11.0,July,Motorist Left Turn - Opposite Direction,2016,56.0,No,O: No Injury,Male,Pickup,No,35.63009222,-78.77011498,Dry,40 - 45  MPH,"Double Yellow Line, No Passing Zone",Clear,No,0,0,7
Yes,15.0,No,Facing Traffic,C: Possible Injury,Male,None - Rural Crash,Lincoln,No,Thursday,Bicyclist Right Turn / Merge,19.0,July,Bicyclist Right Turn - Same Direction,2016,44.0,No,O: No Injury,Male,Passenger Car,No,35.4814689,-81.10546972,Dry,40 - 45  MPH,"Double Yellow Line, No Passing Zone",Clear,No,0,0,7
Yes,66.0,No,With Traffic,K: Killed,Male,None - Rural Crash,Harnett,No,Thursday,Motorist Overtaking Bicyclist,7.0,July,Motorist Overtaking - Other / Unknown,2016,39.0,Unknown,O: No Injury,Male,Sport Utility,No,35.53284738,-78.85793149,Dry,50 - 55  MPH,"Double Yellow Line, No Passing Zone",Clear,No,0,0,7
Yes,13.0,No,With Traffic,K: Killed,Male,None - Rural Crash,Onslow,No,Monday,Bicyclist Failed to Yield - Sign-Controlled Intersection,18.0,July,Bicyclist Ride Through - Sign-Controlled Intersection,2016,23.0,No,O: No Injury,Male,Passenger Car,No,34.71786357,-77.49138949,Dry,50 - 55  MPH,Stop Sign,Clear,No,0,0,7
Yes,55.0,No,Facing Traffic,C: Possible Injury,Male,Winston-Salem,Forsyth,No,Wednesday,Crossing Paths - Other Circumstances,11.0,July,Signalized Intersection - Other / Unknown,2016,58.0,No,O: No Injury,Female,Passenger Car,No,36.06964842,-80.26428547,Dry,30 - 35  MPH,Stop And Go Signal,Clear,No,0,0,7
Yes,12.0,No,With Traffic,Unknown Injury,Unknown,High Point,Guilford,No,Wednesday,Loss of Control / Turning Error,19.0,July,Bicyclist Turning Error - Left Turn,2016,27.0,No,O: No Injury,Female,Passenger Car,No,35.94686988,-80.0107846,Dry,30 - 35  MPH,Stop Sign,Clear,No,0,0,7
Yes,15.0,No,Not Applicable,O: No Injury,Female,Charlotte,Mecklenburg,No,Friday,Bicyclist Failed to Yield - Midblock,16.0,July,Bicyclist Ride Out - Midblock - Unknown,2016,59.0,No,C: Possible Injury,Male,Passenger Car,No,35.26368812,-80.85450626,Dry,30 - 35  MPH,No Control Present,Clear,No,0,0,7
No,24.0,No,With Traffic,O: No Injury,Male,None - Rural Crash,Onslow,No,Tuesday,Motorist Failed to Yield - Sign-Controlled Intersection,19.0,July,Motorist Drive Out - Sign-Controlled Intersection,2016,52.0,No,O: No Injury,Female,Sport Utility,No,34.53403925,-77.40951196,Dry,40 - 45  MPH,Stop Sign,Clear,No,0,0,7
Yes,56.0,No,Facing Traffic,C: Possible Injury,Male,Burlington,Alamance,No,Monday,Motorist Failed to Yield - Sign-Controlled Intersection,15.0,August,Motorist Drive Out - Sign-Controlled Intersection,2016,51.0,No,O: No Injury,Male,Pickup,No,36.10286918,-79.42769417,Dry,40 - 45  MPH,Stop Sign,Clear,No,0,0,8
No,39.0,No,With Traffic,C: Possible Injury,Male,None - Rural Crash,Montgomery,No,Saturday,Motorist Failed to Yield - Sign-Controlled Intersection,10.0,July,Motorist Drive Through - Sign-Controlled Intersection,2016,25.0,No,O: No Injury,Female,Van,No,35.41493283,-79.9131455,Dry,50 - 55  MPH,Stop Sign,Clear,No,0,0,7
Yes,15.0,No,With Traffic,C: Possible Injury,Male,None - Rural Crash,Craven,No,Wednesday,Bicyclist Left Turn / Merge,16.0,June,Bicyclist Left Turn - Same Direction,2016,32.0,No,O: No Injury,Male,Sport Utility,No,34.88469903,-76.93037153,Dry,30 - 35  MPH,"Double Yellow Line, No Passing Zone",Clear,No,0,0,6
Yes,15.0,No,Facing Traffic,C: Possible Injury,Male,Henderson,Vance,No,Monday,Motorist Failed to Yield - Sign-Controlled Intersection,17.0,January,Motorist Drive Out - Sign-Controlled Intersection,2016,46.0,No,O: No Injury,Female,Pickup,No,36.33060107,-78.40183164,Dry,30 - 35  MPH,Stop Sign,Clear,No,0,0,1
No,49.0,No,With Traffic,O: No Injury,Male,None - Rural Crash,Pitt,No,Tuesday,Motorist Overtaking Bicyclist,17.0,July,Motorist Overtaking - Misjudged Space,2016,19.0,No,O: No Injury,Male,Van,No,35.55802587,-77.45762879,Dry,50 - 55  MPH,"Double Yellow Line, No Passing Zone",Clear,No,0,0,7
Yes,21.0,No,With Traffic,C: Possible Injury,Male,Greensboro,Guilford,No,Friday,Parking / Bus-Related,14.0,August,Motorist Drive In / Out - Parking,2016,28.0,No,O: No Injury,Male,Passenger Car,No,36.07308792,-79.79020338,Dry,20 - 25  MPH,No Control Present,Clear,No,0,0,8
No,10.0,No,Facing Traffic,C: Possible Injury,Male,None - Rural Crash,Wake,No,Wednesday,Head-On,19.0,July,Head-On - Bicyclist,2016,42.03850604944766,Missing,Unknown Injury,Unknown,Passenger Car,No,35.75057781,-78.46023527,Dry,20 - 25  MPH,No Control Present,Clear,No,1,0,7
Yes,62.0,No,With Traffic,O: No Injury,Male,Raleigh,Wake,No,Thursday,Motorist Right Turn / Merge,11.0,July,Motorist Right Turn - Same Direction,2016,77.0,No,O: No Injury,Female,Passenger Car,No,35.7851439,-78.72159122,Dry,30 - 35  MPH,Stop And Go Signal,Clear,No,0,0,7
No,25.0,No,Facing Traffic,C: Possible Injury,Male,Wilmington,New Hanover,No,Monday,Motorist Failed to Yield - Midblock,15.0,July,Motorist Drive Out - Commercial Driveway / Alley,2016,36.0,No,O: No Injury,Female,Sport Utility,No,34.24382013,-77.88302973,Dry,30 - 35  MPH,No Control Present,Clear,No,0,0,7
Yes,47.0,No,Facing Traffic,C: Possible Injury,Male,High Point,Guilford,No,Thursday,Crossing Paths - Other Circumstances,13.0,July,Signalized Intersection - Other / Unknown,2016,47.0,No,O: No Injury,Male,Tractor/Semi-Trailer,No,35.94129105,-80.03428826,Dry,Unknown,Stop And Go Signal,Clear,No,0,0,7
Yes,28.0,No,Facing Traffic,C: Possible Injury,Male,Charlotte,Mecklenburg,No,Thursday,Motorist Failed to Yield - Signalized Intersection,7.0,August,Motorist Drive Out - Signalized Intersection,2016,51.0,No,O: No Injury,Female,Sport Utility,No,35.10412765,-80.98531596,Dry,20 - 25  MPH,Stop And Go Signal,Cloudy,No,0,0,8
Yes,26.0,No,Not Applicable,C: Possible Injury,Male,Greenville,Pitt,No,Tuesday,Non-Roadway,19.0,August,Non-Roadway,2016,33.0,No,O: No Injury,Male,Sport Utility,Yes,35.58105306,-77.36908786,Wet,Unknown,No Control Present,Clear,No,0,0,8
Yes,17.0,No,Facing Traffic,C: Possible Injury,Male,Raleigh,Wake,No,Thursday,Motorist Failed to Yield - Signalized Intersection,15.0,August,Motorist Drive Out - Right Turn on Red,2016,42.03850604944766,Missing,Unknown Injury,Unknown,Passenger Car,Yes,35.8566914,-78.67161695,Dry,40 - 45  MPH,Stop And Go Signal,Clear,No,1,0,8
No,11.0,No,With Traffic,C: Possible Injury,Male,Raleigh,Wake,No,Sunday,Motorist Failed to Yield - Midblock,13.0,August,Motorist Drive Out - Residential Driveway,2016,54.0,No,O: No Injury,Female,Passenger Car,No,35.75104032,-78.56657735,Wet,20 - 25  MPH,No Control Present,Rain,No,0,0,8
No,32.52649525389365,Missing,With Traffic,Unknown Injury,Unknown,Charlotte,Mecklenburg,No,Wednesday,Motorist Left Turn / Merge,8.0,July,Motorist Left Turn - Opposite Direction,2016,54.0,No,O: No Injury,Male,Pickup,No,35.19614846,-80.87818641,Dry,30 - 35  MPH,No Control Present,Clear,No,0,1,7
Yes,43.0,No,Not Applicable,O: No Injury,Male,Greensboro,Guilford,No,Thursday,Non-Roadway,10.0,August,Non-Roadway,2016,33.0,No,O: No Injury,Male,Passenger Car,No,36.06922006,-79.79357665,Dry,5 - 15 MPH,No Control Present,Clear,No,0,0,8
Yes,19.0,No,Facing Traffic,C: Possible Injury,Male,Greensboro,Guilford,No,Friday,Motorist Failed to Yield - Midblock,19.0,August,Motorist Drive Out - Commercial Driveway / Alley,2016,60.0,No,O: No Injury,Male,Van,No,36.09695931,-79.74913776,Dry,30 - 35  MPH,No Control Present,Clear,No,0,0,8
No,32.52649525389365,Missing,Facing Traffic,Unknown Injury,Unknown,Knightdale,Wake,No,Saturday,Motorist Failed to Yield - Midblock,15.0,August,Motorist Drive Out - Commercial Driveway / Alley,2016,30.0,No,O: No Injury,Male,Passenger Car,No,35.79844243,-78.48823766,Dry,40 - 45  MPH,No Control Present,Clear,No,0,1,8
Yes,60.0,No,With Traffic,C: Possible Injury,Male,Charlotte,Mecklenburg,No,Saturday,Motorist Overtaking Bicyclist,7.0,August,Motorist Overtaking - Undetected Bicyclist,2016,49.0,No,O: No Injury,Male,Passenger Car,No,35.38116139,-80.74515805,Dry,30 - 35  MPH,No Control Present,Clear,No,0,0,8
Yes,13.0,No,Facing Traffic,C: Possible Injury,Male,Dobson,Surry,No,Thursday,Bicyclist Failed to Yield - Sign-Controlled Intersection,16.0,August,Bicyclist Ride Through - Sign-Controlled Intersection,2016,26.0,No,O: No Injury,Female,Passenger Car,No,36.39571641,-80.72516741,Dry,20 - 25  MPH,Stop Sign,Clear,No,0,0,8
No,31.0,No,With Traffic,C: Possible Injury,Male,Kernersville,Guilford,No,Monday,Motorist Overtaking Bicyclist,13.0,August,Motorist Overtaking - Other / Unknown,2016,42.03850604944766,Unknown,Unknown Injury,Unknown,Passenger Car,Yes,36.15337971,-80.03160835,Dry,40 - 45  MPH,"Double Yellow Line, No Passing Zone",Clear,No,1,0,8
No,26.0,No,With Traffic,O: No Injury,Male,Raleigh,Wake,No,Sunday,Parking / Bus-Related,22.0,August,Motorist Drive In / Out - Parking,2016,28.0,No,O: No Injury,Female,Passenger Car,No,35.77842846,-78.63818546,Dry,30 - 35  MPH,No Control Present,Cloudy,No,0,0,8
No,10.0,No,Facing Traffic,O: No Injury,Unknown,High Point,Guilford,No,Saturday,Bicyclist Failed to Yield - Signalized Intersection,20.0,July,Bicyclist Ride Through - Signalized Intersection,2016,36.0,No,O: No Injury,Female,Passenger Car,No,35.94842313,-79.99273091,Dry,40 - 45  MPH,Stop And Go Signal,Clear,No,0,0,7
Yes,24.0,No,With Traffic,C: Possible Injury,Male,None - Rural Crash,Buncombe,No,Wednesday,Motorist Left Turn / Merge,18.0,July,Motorist Left Turn - Opposite Direction,2016,71.0,No,O: No Injury,Male,Sport Utility,No,35.61340409,-82.63247709,Dry,40 - 45  MPH,Stop And Go Signal,Clear,No,0,0,7
No,18.0,No,Not Applicable,C: Possible Injury,Female,Wilmington,New Hanover,No,Thursday,Bicyclist Failed to Yield - Midblock,10.0,July,Bicyclist Ride Out - Commercial Driveway / Alley,2016,79.0,No,O: No Injury,Male,Passenger Car,No,34.23259813,-77.87564022,Dry,40 - 45  MPH,No Control Present,Clear,No,0,0,7
Yes,52.0,No,Facing Traffic,C: Possible Injury,Male,Raleigh,Wake,No,Tuesday,Bicyclist Failed to Yield - Sign-Controlled Intersection,19.0,August,Bicyclist Ride Through - Sign-Controlled Intersection,2016,40.0,No,O: No Injury,Male,Passenger Car,No,35.78207121,-78.6256078,Dry,30 - 35  MPH,Stop Sign,Clear,No,0,0,8
Yes,20.0,No,Facing Traffic,C: Possible Injury,Female,Kill Devil Hills,Dare,No,Sunday,Crossing Paths - Other Circumstances,18.0,July,Signalized Intersection - Other / Unknown,2016,70.0,No,O: No Injury,Female,Van,No,35.99763494,-75.65150821,Dry,20 - 25  MPH,Stop And Go Signal,Clear,No,0,0,7
Yes,18.0,No,With Traffic,C: Possible Injury,Male,Garner,Wake,No,Tuesday,Loss of Control / Turning Error,19.0,August,Bicyclist Turning Error - Left Turn,2016,16.0,No,O: No Injury,Female,Sport Utility,No,35.68789299,-78.61720083,Dry,30 - 35  MPH,Stop Sign,Clear,No,0,0,8
No,26.0,No,Not Applicable,O: No Injury,Male,Jacksonville,Onslow,No,Wednesday,Non-Roadway,15.0,July,Non-Roadway,2016,55.0,No,O: No Injury,Female,Passenger Car,No,34.76120117,-77.38305745,Dry,Unknown,No Control Present,Clear,No,0,0,7
Yes,6.0,No,Not Applicable,C: Possible Injury,Male,Roanoke Rapids,Halifax,No,Friday,Non-Roadway,16.0,July,Non-Roadway,2016,26.0,No,O: No Injury,Female,Passenger Car,No,36.44164459,-77.66361666,"Sand, Mud, Dirt, Gravel",20 - 25  MPH,No Control Present,Cloudy,No,0,0,7
No,7.0,No,Unknown,C: Possible Injury,Female,Charlotte,Mecklenburg,No,Friday,Motorist Left Turn / Merge,17.0,August,Motorist Left Turn - Same Direction,2016,55.0,No,O: No Injury,Female,Passenger Car,No,35.25648189,-80.64478884,Dry,20 - 25  MPH,No Control Present,Clear,No,0,0,8
No,64.0,No,Facing Traffic,O: No Injury,Male,Morehead City,Carteret,No,Monday,Bicyclist Failed to Yield - Signalized Intersection,17.0,August,Bicyclist Ride Through - Signalized Intersection,2016,30.0,No,O: No Injury,Female,Sport Utility,No,34.73456957,-76.79152251,Dry,40 - 45  MPH,Stop And Go Signal,Cloudy,No,0,0,8
No,41.0,No,With Traffic,O: No Injury,Male,None - Rural Crash,Chatham,No,Friday,Motorist Overtaking Bicyclist,9.0,August,Motorist Overtaking - Misjudged Space,2016,58.0,No,O: No Injury,Female,Pickup,No,35.66562906,-79.30745132,Dry,50 - 55  MPH,"Double Yellow Line, No Passing Zone",Clear,No,0,0,8
No,57.0,No,With Traffic,C: Possible Injury,Female,Charlotte,Mecklenburg,No,Sunday,Motorist Failed to Yield - Sign-Controlled Intersection,8.0,August,Motorist Drive Out - Sign-Controlled Intersection,2016,34.0,No,O: No Injury,Male,"Light Truck (Mini-Van, Panel)",No,35.05925344,-80.81752627,Dry,30 - 35  MPH,Stop Sign,Clear,No,0,0,8
No,23.0,No,Facing Traffic,C: Possible Injury,Male,Charlotte,Mecklenburg,No,Friday,Motorist Failed to Yield - Midblock,16.0,August,Motorist Drive Out - Commercial Driveway / Alley,2016,24.0,No,O: No Injury,Male,Passenger Car,No,35.16467048,-80.87500634,Dry,5 - 15 MPH,No Control Present,Cloudy,No,0,0,8
No,31.0,No,With Traffic,Unknown Injury,Unknown,Cary,Wake,No,Friday,Motorist Left Turn / Merge,22.0,July,Motorist Left Turn - Opposite Direction,2016,60.0,No,O: No Injury,Male,Passenger Car,No,35.75031144,-78.76230304,Dry,20 - 25  MPH,No Control Present,Clear,No,0,0,7
No,8.0,No,Not Applicable,O: No Injury,Male,Charlotte,Mecklenburg,No,Tuesday,Non-Roadway,15.0,August,Non-Roadway,2016,42.03850604944766,Missing,Unknown Injury,Male,Unknown,Yes,35.20715266,-80.73902261,Dry,5 - 15 MPH,Stop Sign,Clear,No,1,0,8
No,15.0,Missing,With Traffic,Unknown Injury,Male,Hendersonville,Henderson,No,Saturday,Motorist Failed to Yield - Sign-Controlled Intersection,20.0,August,Motorist Drive Out - Sign-Controlled Intersection,2016,30.0,No,O: No Injury,Female,Passenger Car,No,35.31125627,-82.46980059,Dry,30 - 35  MPH,Stop Sign,Cloudy,No,0,0,8
Yes,22.0,No,Facing Traffic,C: Possible Injury,Male,Raleigh,Wake,No,Sunday,Crossing Paths - Other Circumstances,13.0,August,Signalized Intersection - Other / Unknown,2016,60.0,No,O: No Injury,Female,Sport Utility,No,35.73555883,-78.6502219,Dry,40 - 45  MPH,Stop And Go Signal,Clear,No,0,0,8
No,32.52649525389365,Unknown,Not Applicable,Unknown Injury,Unknown,None - Rural Crash,Pender,No,Thursday,Non-Roadway,14.0,August,Non-Roadway,2016,37.0,No,O: No Injury,Female,Passenger Car,No,34.36491411,-77.71082068,Dry,Unknown,No Control Present,Cloudy,No,0,1,8
No,33.0,No,With Traffic,C: Possible Injury,Male,None - Rural Crash,New Hanover,No,Tuesday,Motorist Overtaking Bicyclist,21.0,August,Motorist Overtaking - Other / Unknown,2016,48.0,No,O: No Injury,Female,Sport Utility,No,34.28843466,-77.87760853,Dry,40 - 45  MPH,Stop And Go Signal,Clear,No,0,0,8
Yes,58.0,No,Facing Traffic,C: Possible Injury,Male,Louisburg,Franklin,No,Wednesday,Motorist Failed to Yield - Midblock,10.0,August,Motorist Drive Out - Commercial Driveway / Alley,2016,70.0,No,O: No Injury,Female,Passenger Car,No,36.09358838,-78.29814411,Dry,40 - 45  MPH,No Control Present,Clear,No,0,0,8
Yes,49.0,No,With Traffic,C: Possible Injury,Male,Tarboro,Edgecombe,No,Thursday,Motorist Left Turn / Merge,16.0,August,Motorist Left Turn - Opposite Direction,2016,27.0,No,O: No Injury,Female,Passenger Car,No,35.89066969,-77.5486166,Dry,40 - 45  MPH,No Control Present,Clear,No,0,0,8
No,32.52649525389365,Missing,Not Applicable,Unknown Injury,Unknown,Fayetteville,Cumberland,No,Sunday,Bicyclist Failed to Yield - Midblock,11.0,July,Bicyclist Ride Out - Residential Driveway,2016,36.0,No,O: No Injury,Female,Passenger Car,No,35.05300497,-78.8715333,Dry,20 - 25  MPH,No Control Present,Clear,No,0,1,7
Yes,17.0,No,Facing Traffic,C: Possible Injury,Male,Durham,Durham,No,Friday,Motorist Failed to Yield - Midblock,15.0,August,Motorist Drive Out - Residential Driveway,2016,34.0,No,O: No Injury,Female,Passenger Car,No,35.98921629,-78.88423636,Dry,20 - 25  MPH,No Control Present,Clear,No,0,0,8
Yes,22.0,No,Facing Traffic,C: Possible Injury,Female,Kitty Hawk,Dare,No,Friday,Motorist Failed to Yield - Midblock,15.0,July,Motorist Drive Out - Commercial Driveway / Alley,2016,44.0,No,O: No Injury,Male,Passenger Car,No,36.06598025,-75.69332727,Dry,50 - 55  MPH,No Control Present,Clear,No,0,0,7
Yes,45.0,Yes,Not Applicable,C: Possible Injury,Male,None - Rural Crash,New Hanover,Yes,Friday,Non-Roadway,21.0,August,Non-Roadway,2016,22.0,No,O: No Injury,Female,Sport Utility,No,34.13405665,-77.8944544,Dry,5 - 15 MPH,No Control Present,Clear,No,0,0,8
Yes,32.0,No,Facing Traffic,C: Possible Injury,Male,Raleigh,Wake,No,Sunday,Motorist Failed to Yield - Sign-Controlled Intersection,11.0,August,Motorist Drive Out - Sign-Controlled Intersection,2016,44.0,No,O: No Injury,Female,Passenger Car,No,35.9444586,-78.55559233,Dry,40 - 45  MPH,Stop Sign,Clear,No,0,0,8
No,48.0,Yes,Facing Traffic,C: Possible Injury,Male,None - Rural Crash,Harnett,Yes,Sunday,Head-On,23.0,July,Head-On - Bicyclist,2016,47.0,Unknown,C: Possible Injury,Female,Sport Utility,No,35.31766001,-78.57706184,Dry,50 - 55  MPH,No Control Present,Clear,No,0,0,7
Yes,32.52649525389365,Missing,Facing Traffic,Unknown Injury,Unknown,Greensboro,Guilford,No,Monday,Motorist Failed to Yield - Sign-Controlled Intersection,14.0,August,Motorist Drive Out - Sign-Controlled Intersection,2016,42.03850604944766,Missing,Unknown Injury,Unknown,Passenger Car,Yes,36.01744444,-79.80440517,Dry,30 - 35  MPH,Stop Sign,Clear,No,1,1,8
No,8.0,No,Unknown,C: Possible Injury,Male,Washington,Beaufort,No,Saturday,Crossing Paths - Other Circumstances,18.0,July,Sign-Controlled Intersection - Other / Unknown,2016,30.0,Unknown,O: No Injury,Female,Passenger Car,No,35.55743846,-77.05548441,Dry,20 - 25  MPH,No Control Present,Clear,No,0,0,7
No,29.0,No,Facing Traffic,C: Possible Injury,Male,None - Rural Crash,New Hanover,No,Monday,Motorist Failed to Yield - Midblock,14.0,August,Motorist Drive Out - Commercial Driveway / Alley,2016,31.0,No,O: No Injury,Female,"Single Unit Truck (2-Axle, 6-Tire)",No,34.13345835,-77.89538954,Dry,Unknown,No Control Present,Clear,No,0,0,8
Yes,32.52649525389365,Missing,With Traffic,Unknown Injury,Unknown,Greensboro,Guilford,No,Thursday,Bicyclist Left Turn / Merge,21.0,September,Bicyclist Left Turn - Same Direction,2016,48.0,No,O: No Injury,Male,Passenger Car,No,36.13817878,-79.83285764,Dry,30 - 35  MPH,Stop And Go Signal,Clear,No,0,1,9
Yes,43.0,No,With Traffic,C: Possible Injury,Male,Charlotte,Mecklenburg,No,Saturday,Motorist Left Turn / Merge,16.0,September,Motorist Left Turn - Opposite Direction,2016,28.0,No,O: No Injury,Female,Passenger Car,No,35.22493523,-80.84643153,Dry,30 - 35  MPH,Stop And Go Signal,Clear,No,0,0,9
No,31.0,No,Not Applicable,C: Possible Injury,Female,Charlotte,Mecklenburg,No,Monday,Non-Roadway,17.0,August,Non-Roadway,2016,40.0,No,O: No Injury,Male,Passenger Car,No,35.20354168,-80.734734,Dry,5 - 15 MPH,No Control Present,Clear,No,0,0,8
Yes,19.0,No,Facing Traffic,C: Possible Injury,Female,Kill Devil Hills,Dare,No,Friday,Motorist Failed to Yield - Signalized Intersection,16.0,August,Motorist Drive Out - Right Turn on Red,2016,50.0,No,O: No Injury,Male,Passenger Car,No,36.03390805,-75.67315144,Dry,20 - 25  MPH,Stop And Go Signal,Clear,No,0,0,8
Yes,15.0,No,Facing Traffic,Unknown Injury,Female,Duck,Dare,No,Tuesday,Motorist Left Turn / Merge,12.0,August,Motorist Left Turn - Same Direction,2016,19.0,No,O: No Injury,Female,Passenger Car,No,36.1629289,-75.75267489,Wet,20 - 25  MPH,No Control Present,Rain,No,0,0,8
Yes,12.0,No,With Traffic,C: Possible Injury,Male,None - Rural Crash,Gaston,No,Thursday,Bicyclist Left Turn / Merge,17.0,August,Bicyclist Left Turn - Same Direction,2016,28.0,No,O: No Injury,Male,Sport Utility,No,35.28807419,-81.06798086,Dry,30 - 35  MPH,No Control Present,Cloudy,No,0,0,8
Yes,32.52649525389365,Missing,Not Applicable,Unknown Injury,Unknown,Greensboro,Guilford,No,Thursday,Bicyclist Failed to Yield - Midblock,20.0,September,Bicyclist Ride Out - Commercial Driveway / Alley,2016,39.0,No,O: No Injury,Male,Passenger Car,No,36.03011023,-79.80087419,Dry,30 - 35  MPH,No Control Present,Cloudy,No,0,1,9
No,31.0,No,Not Applicable,O: No Injury,Female,Fayetteville,Cumberland,No,Wednesday,Non-Roadway,9.0,July,Non-Roadway,2016,55.0,No,O: No Injury,Female,Passenger Car,No,35.04536016,-78.865354,Dry,30 - 35  MPH,No Control Present,Cloudy,No,0,0,7
Yes,11.0,No,Unknown,C: Possible Injury,Male,High Point,Guilford,No,Thursday,Bicyclist Failed to Yield - Sign-Controlled Intersection,20.0,August,Bicyclist Ride Through - Sign-Controlled Intersection,2016,24.0,No,O: No Injury,Male,Passenger Car,No,35.95928464,-79.96093677,Dry,30 - 35  MPH,Stop Sign,Clear,No,0,0,8
No,35.0,No,With Traffic,O: No Injury,Male,None - Rural Crash,Beaufort,No,Saturday,Backing Vehicle,12.0,August,Backing Vehicle,2016,42.03850604944766,Unknown,Unknown Injury,Unknown,Passenger Car,Yes,35.56395755,-76.98793815,Dry,50 - 55  MPH,"Double Yellow Line, No Passing Zone",Clear,No,1,0,8
Yes,60.0,No,Unknown,C: Possible Injury,Male,Charlotte,Mecklenburg,No,Thursday,Motorist Failed to Yield - Sign-Controlled Intersection,9.0,September,Motorist Drive Out - Sign-Controlled Intersection,2016,29.0,No,O: No Injury,Male,Passenger Car,No,35.15460782,-80.92303999,Dry,30 - 35  MPH,Stop Sign,Clear,No,0,0,9