AmbulanceR,BikeAge,BikeAlcFlg,BikeDir,BikeInjury,BikeSex,City,County,CrashAlcoh,CrashDay,CrashGrp,CrashHour,CrashMonth,CrashType,CrashYear,DrvrAge,DrvrAlcFlg,DrvrInjury,DrvrSex,DrvrVehTyp,HitRun,Latitude,Longitude,RdConditio,SpeedLimit,TraffCntrl,Weather,Workzone,DrvrAgeImputedFlag,BikeAgeImputedFlag,MonthCode
No,37.0,No,Facing Traffic,C: Possible Injury,Male,High Point,Guilford,No,Monday,Parallel Paths - Other Circumstances,8.0,August,Parallel Paths - Other / Unknown,2016,42.03850604944766,Missing,Unknown Injury,Unknown,Unknown,Yes,35.96208927,-80.007153,Dry,20 - 25  MPH,Stop And Go Signal,Cloudy,No,1,0,8
Yes,46.0,No,With Traffic,A: Suspected Serious Injury,Male,None - Rural Crash,Buncombe,No,Friday,Motorist Overtaking Bicyclist,6.0,September,Motorist Overtaking - Misjudged Space,2016,77.0,No,O: No Injury,Male,Pickup,No,35.6199638,-82.70924566,Dry,50 - 55  MPH,"Double Yellow Line, No Passing Zone",Clear,No,0,0,9
Yes,32.52649525389365,Missing,With Traffic,Unknown Injury,Unknown,Greensboro,Guilford,No,Saturday,Bicyclist Overtaking Motorist,22.0,September,Bicyclist Overtaking - Passing on Left,2016,52.0,No,O: No Injury,Female,Passenger Car,No,36.06798891,-79.78994341,Dry,20 - 25  MPH,No Control Present,Clear,No,0,1,9
No,25.0,No,With Traffic,O: No Injury,Female,Raleigh,Wake,No,Friday,Motorist Overtaking Bicyclist,18.0,September,Motorist Overtaking - Bicyclist Swerved,2016,30.0,No,O: No Injury,Female,Sport Utility,No,35.8560888,-78.65687701,Dry,30 - 35  MPH,Stop And Go Signal,Clear,No,0,0,9
Yes,29.0,No,Facing Traffic,O: No Injury,Male,Raleigh,Wake,No,Saturday,Motorist Failed to Yield - Sign-Controlled Intersection,8.0,September,Motorist Drive Out - Sign-Controlled Intersection,2016,27.0,No,O: No Injury,Female,Passenger Car,No,35.80969495,-78.56516619,Dry,30 - 35  MPH,Stop Sign,Clear,No,0,0,9
Yes,57.0,No,With Traffic,C: Possible Injury,Male,Charlotte,Mecklenburg,No,Tuesday,Motorist Left Turn / Merge,1.0,September,Motorist Left Turn - Opposite Direction,2016,21.0,No,O: No Injury,Male,Passenger Car,No,35.26295367,-80.85463725,Dry,30 - 35  MPH,Stop And Go Signal,Clear,No,0,0,9
No,28.0,No,With Traffic,O: No Injury,Male,Wrightsville Beach,New Hanover,No,Thursday,Motorist Right Turn / Merge,14.0,August,Motorist Right Turn - Same Direction,2016,79.0,No,O: No Injury,Male,Sport Utility,No,34.21431767,-77.80659609,Dry,30 - 35  MPH,No Control Present,Cloudy,No,0,0,8
Yes,56.0,No,With Traffic,C: Possible Injury,Male,None - Rural Crash,Chatham,No,Sunday,Motorist Overtaking Bicyclist,11.0,August,Motorist Overtaking - Other / Unknown,2016,16.0,No,O: No Injury,Male,Sport Utility,No,35.74581478,-79.05472952,Dry,50 - 55  MPH,"Double Yellow Line, No Passing Zone",Clear,No,0,0,8
Yes,16.0,No,With Traffic,A: Suspected Serious Injury,Male,None - Rural Crash,Carteret,No,Monday,Motorist Overtaking Bicyclist,5.0,September,Motorist Overtaking - Undetected Bicyclist,2016,43.0,No,O: No Injury,Male,Passenger Car,No,34.75111589,-76.84118213,Dry,50 - 55  MPH,No Control Present,Cloudy,No,0,0,9
No,20.0,No,Facing Traffic,O: No Injury,Male,None - Rural Crash,Alamance,No,Monday,Loss of Control / Turning Error,7.0,September,Bicyclist Lost Control - Other / Unknown,2016,43.0,No,O: No Injury,Male,Passenger Car,No,36.12768806,-79.47378214,Dry,30 - 35  MPH,"Double Yellow Line, No Passing Zone",Clear,No,0,0,9
Yes,52.0,No,Facing Traffic,C: Possible Injury,Female,Chadbourn,Columbus,No,Saturday,Motorist Failed to Yield - Sign-Controlled Intersection,9.0,August,Motorist Drive Out - Sign-Controlled Intersection,2016,82.0,No,O: No Injury,Male,Passenger Car,No,34.32874614,-78.82650315,Dry,30 - 35  MPH,Stop Sign,Clear,No,0,0,8
No,27.0,No,Facing Traffic,C: Possible Injury,Male,Charlotte,Mecklenburg,No,Wednesday,Crossing Paths - Other Circumstances,15.0,September,Signalized Intersection - Other / Unknown,2016,64.0,No,O: No Injury,Male,Passenger Car,No,35.23019891,-80.83864036,Dry,30 - 35  MPH,Stop And Go Signal,Clear,No,0,0,9
Yes,67.0,No,Facing Traffic,C: Possible Injury,Male,Kinston,Lenoir,No,Thursday,Motorist Failed to Yield - Midblock,10.0,September,Motorist Drive Out - Commercial Driveway / Alley,2016,19.0,No,O: No Injury,Female,Passenger Car,No,35.23954935,-77.57635586,Dry,40 - 45  MPH,No Control Present,Clear,No,0,0,9
No,35.0,No,Unknown,O: No Injury,Male,Cherryville,Gaston,No,Thursday,Bicyclist Failed to Yield - Midblock,20.0,September,Bicyclist Ride Out - Midblock - Unknown,2016,71.0,No,O: No Injury,Female,Passenger Car,No,35.37945097,-81.37796278,Dry,20 - 25  MPH,No Control Present,Clear,No,0,0,9
No,12.0,No,With Traffic,Unknown Injury,Unknown,Cary,Wake,No,Friday,Motorist Overtaking Bicyclist,16.0,August,Motorist Overtaking - Other / Unknown,2016,42.03850604944766,Missing,Unknown Injury,Unknown,Unknown,Yes,35.7944801,-78.78321656,Dry,40 - 45  MPH,No Control Present,Clear,No,1,0,8
No,12.0,No,With Traffic,Unknown Injury,Unknown,Cary,Wake,No,Wednesday,Motorist Right Turn / Merge,15.0,August,Motorist Right Turn - Same Direction,2016,42.03850604944766,Missing,Unknown Injury,Unknown,Unknown,Yes,35.81365741,-78.84796723,Dry,30 - 35  MPH,Stop And Go Signal,Clear,No,1,0,8
Yes,55.0,No,With Traffic,C: Possible Injury,Male,Raleigh,Wake,No,Wednesday,Motorist Right Turn / Merge,7.0,September,Motorist Right Turn - Same Direction,2016,42.03850604944766,Missing,Unknown Injury,Unknown,Passenger Car,Yes,35.81143039,-78.56603679,Dry,40 - 45  MPH,Stop And Go Signal,Clear,No,1,0,9
Yes,56.0,No,With Traffic,C: Possible Injury,Male,Raleigh,Wake,No,Friday,Motorist Failed to Yield - Midblock,7.0,September,Motorist Drive Out - Other Midblock,2016,43.0,No,O: No Injury,Female,Van,No,35.7337925,-78.64072438,Dry,40 - 45  MPH,No Control Present,Clear,No,0,0,9
No,23.0,No,Not Applicable,C: Possible Injury,Male,Charlotte,Mecklenburg,No,Friday,Non-Roadway,13.0,September,Non-Roadway,2016,42.03850604944766,Missing,Unknown Injury,Unknown,Unknown,Yes,35.10426236,-80.98768088,Dry,5 - 15 MPH,No Control Present,Clear,No,1,0,9
No,32.52649525389365,Missing,With Traffic,Unknown Injury,Unknown,Greenville,Pitt,No,Thursday,Bicyclist Failed to Yield - Signalized Intersection,20.0,September,Bicyclist Ride Through - Signalized Intersection,2016,30.0,No,O: No Injury,Female,Passenger Car,Yes,35.57172876,-77.40549339,Dry,40 - 45  MPH,Stop And Go Signal,Rain,No,0,1,9
Yes,16.0,No,Facing Traffic,O: No Injury,Female,Cary,Wake,No,Monday,Bicyclist Failed to Yield - Signalized Intersection,13.0,August,Bicyclist Ride Through - Signalized Intersection,2016,51.0,No,O: No Injury,Female,Pickup,No,35.80969139,-78.78105758,Dry,40 - 45  MPH,Stop And Go Signal,Clear,No,0,0,8
Yes,66.0,No,Not Applicable,C: Possible Injury,Male,Kill Devil Hills,Dare,No,Tuesday,Bicyclist Failed to Yield - Midblock,1.0,September,Bicyclist Ride Out - Commercial Driveway / Alley,2016,69.0,No,O: No Injury,Male,Passenger Car,No,36.01563942,-75.65826331,Dry,30 - 35  MPH,No Control Present,Clear,No,0,0,9
Yes,49.0,No,Facing Traffic,C: Possible Injury,Male,Greenville,Pitt,No,Friday,Motorist Failed to Yield - Midblock,11.0,September,Motorist Drive Out - Commercial Driveway / Alley,2016,27.0,No,O: No Injury,Male,Passenger Car,No,35.5909014,-77.3453088,Dry,Unknown,No Control Present,Cloudy,No,0,0,9
Yes,36.0,No,With Traffic,C: Possible Injury,Male,Wilmington,New Hanover,No,Tuesday,Motorist Overtaking Bicyclist,21.0,August,Motorist Overtaking - Other / Unknown,2016,42.03850604944766,Missing,Unknown Injury,Unknown,Unknown,Yes,34.24151152,-77.91028513,Dry,30 - 35  MPH,No Control Present,Clear,No,1,0,8
Yes,56.0,Yes,Facing Traffic,K: Killed,Male,Wilmington,New Hanover,Yes,Sunday,Head-On,1.0,August,Head-On - Bicyclist,2016,43.0,No,O: No Injury,Male,Passenger Car,No,34.25132902,-77.92003885,Wet,40 - 45  MPH,No Control Present,Cloudy,No,0,0,8
Yes,59.0,No,With Traffic,A: Suspected Serious Injury,Female,None - Rural Crash,Camden,No,Tuesday,Motorist Overtaking Bicyclist,19.0,August,Motorist Overtaking - Undetected Bicyclist,2016,69.0,No,O: No Injury,Female,Passenger Car,No,36.31038152,-76.13823549,Dry,50 - 55  MPH,"Double Yellow Line, No Passing Zone",Clear,No,0,0,8
Yes,8.0,No,With Traffic,C: Possible Injury,Male,Thomasville,Davidson,No,Tuesday,Parallel Paths - Other Circumstances,18.0,September,Parallel Paths - Other / Unknown,2016,39.0,No,O: No Injury,Female,Sport Utility,No,35.89660584,-80.09823411,Dry,20 - 25  MPH,No Control Present,Cloudy,No,0,0,9
No,32.52649525389365,Missing,With Traffic,Unknown Injury,Unknown,None - Rural Crash,Wake,No,Wednesday,Motorist Overtaking Bicyclist,18.0,August,Motorist Overtaking - Bicyclist Swerved,2016,45.0,No,O: No Injury,Female,Passenger Car,No,35.80956134,-78.29810357,Dry,40 - 45  MPH,"Double Yellow Line, No Passing Zone",Clear,No,0,1,8
No,56.0,No,Facing Traffic,Unknown Injury,Male,Morehead City,Carteret,No,Wednesday,Motorist Right Turn / Merge,11.0,August,Motorist Right Turn - Opposite Direction,2016,20.0,No,O: No Injury,Female,Passenger Car,No,34.72454455,-76.75665886,Dry,30 - 35  MPH,Stop Sign,Clear,No,0,0,8
No,19.0,No,With Traffic,C: Possible Injury,Male,High Point,Guilford,No,Friday,Bicyclist Failed to Yield - Signalized Intersection,6.0,August,Bicyclist Ride Through - Signalized Intersection,2016,48.0,No,O: No Injury,Male,Pickup,No,35.95231842,-79.99983911,Dry,30 - 35  MPH,Stop And Go Signal,Clear,No,0,0,8
Yes,20.0,No,Not Applicable,C: Possible Injury,Female,Wilmington,New Hanover,No,Thursday,Bicyclist Failed to Yield - Midblock,14.0,May,Bicyclist Ride Out - Other Midblock,2016,22.0,No,O: No Injury,Female,Sport Utility,No,34.22933486,-77.87628116,Dry,20 - 25  MPH,Yield Sign,Clear,No,0,0,5
No,22.0,No,With Traffic,C: Possible Injury,Male,Charlotte,Mecklenburg,No,Thursday,Motorist Overtaking Bicyclist,21.0,September,Motorist Overtaking - Undetected Bicyclist,2016,36.0,No,O: No Injury,Male,Sport Utility,No,35.21934812,-80.80024119,Dry,30 - 35  MPH,No Control Present,Cloudy,No,0,0,9
No,8.0,No,Unknown,C: Possible Injury,Male,Gastonia,Gaston,No,Friday,Crossing Paths - Other Circumstances,19.0,September,Sign-Controlled Intersection - Other / Unknown,2016,52.0,No,C: Possible Injury,Male,Moped,No,35.27150179,-81.18877783,Dry,30 - 35  MPH,No Control Present,Clear,No,0,0,9
Yes,48.0,No,Facing Traffic,A: Suspected Serious Injury,Female,Greenville,Pitt,No,Friday,Head-On,17.0,September,Head-On - Bicyclist,2016,18.0,No,O: No Injury,Male,Passenger Car,No,35.65256363,-77.37989914,Dry,50 - 55  MPH,No Control Present,Clear,No,0,0,9
Yes,65.0,No,Not Applicable,Unknown Injury,Unknown,Wilson,Wilson,No,Saturday,Bicyclist Failed to Yield - Midblock,14.0,July,Bicyclist Ride Out - Midblock - Unknown,2016,37.0,No,O: No Injury,Female,Sport Utility,No,35.7218149,-77.9323842,Dry,40 - 45  MPH,No Control Present,Cloudy,No,0,0,7
No,20.0,No,With Traffic,O: No Injury,Male,Raleigh,Wake,No,Monday,Motorist Right Turn / Merge,13.0,September,Motorist Right Turn - Same Direction,2016,42.03850604944766,Missing,Unknown Injury,Unknown,Passenger Car,Yes,35.78389313,-78.68252909,Wet,40 - 45  MPH,Stop And Go Signal,Rain,No,1,0,9
No,34.0,No,With Traffic,O: No Injury,Male,Asheville,Buncombe,No,Tuesday,Motorist Overtaking Bicyclist,20.0,August,Motorist Overtaking - Undetected Bicyclist,2016,22.0,No,O: No Injury,Female,Passenger Car,No,35.54430644,-82.65813758,Dry,30 - 35  MPH,"Double Yellow Line, No Passing Zone",Clear,No,0,0,8
Yes,41.0,No,Facing Traffic,C: Possible Injury,Male,Yadkinville,Yadkin,No,Wednesday,Motorist Failed to Yield - Midblock,11.0,September,Motorist Drive Out - Commercial Driveway / Alley,2016,64.0,No,O: No Injury,Female,Passenger Car,No,36.12440836,-80.65991682,Dry,5 - 15 MPH,Stop Sign,Cloudy,No,0,0,9
No,15.0,No,Not Applicable,C: Possible Injury,Male,Elkin,Surry,No,Wednesday,Bicyclist Failed to Yield - Midblock,16.0,September,Bicyclist Ride Out - Midblock - Unknown,2016,39.0,No,O: No Injury,Female,Passenger Car,No,36.2456076,-80.86075934,Dry,30 - 35  MPH,No Control Present,Clear,No,0,0,9
Yes,54.0,Yes,With Traffic,K: Killed,Female,None - Rural Crash,Robeson,Yes,Tuesday,Loss of Control / Turning Error,21.0,September,Bicyclist Lost Control - Other / Unknown,2016,38.0,No,O: No Injury,Male,Passenger Car,No,34.90219447,-79.0741063,Dry,50 - 55  MPH,"Double Yellow Line, No Passing Zone",Clear,No,0,0,9
Yes,6.0,No,Not Applicable,C: Possible Injury,Male,Charlotte,Mecklenburg,No,Thursday,Bicyclist Failed to Yield - Midblock,18.0,September,Bicyclist Ride Out - Residential Driveway,2016,35.0,No,O: No Injury,Male,Sport Utility,No,35.2654186,-80.87695015,Dry,20 - 25  MPH,No Control Present,Clear,No,0,0,9
Yes,25.0,No,Facing Traffic,C: Possible Injury,Male,Fayetteville,Cumberland,No,Thursday,Crossing Paths - Other Circumstances,10.0,September,Signalized Intersection - Other / Unknown,2016,39.0,No,O: No Injury,Male,Sport Utility,No,35.07490777,-78.93032201,Dry,30 - 35  MPH,Stop And Go Signal,Clear,No,0,0,9
Yes,22.0,No,With Traffic,C: Possible Injury,Male,Greensboro,Guilford,No,Tuesday,Motorist Left Turn / Merge,10.0,September,Motorist Left Turn - Opposite Direction,2016,20.0,No,O: No Injury,Male,Passenger Car,No,36.06647123,-79.80549382,Dry,20 - 25  MPH,Stop And Go Signal,Cloudy,No,0,0,9
No,27.0,No,Facing Traffic,O: No Injury,Male,Raleigh,Wake,No,Sunday,Motorist Failed to Yield - Signalized Intersection,18.0,October,Motorist Drive Out - Signalized Intersection,2016,34.0,No,O: No Injury,Female,Passenger Car,No,35.79254393,-78.58516398,Dry,40 - 45  MPH,Stop And Go Signal,Clear,No,0,0,10
No,10.0,No,With Traffic,Unknown Injury,Male,Chapel Hill,Orange,No,Sunday,Bicyclist Failed to Yield - Sign-Controlled Intersection,17.0,September,Bicyclist Ride Through - Sign-Controlled Intersection,2016,53.0,No,O: No Injury,Female,Passenger Car,No,35.9385412,-79.01206241,Dry,20 - 25  MPH,Stop Sign,Clear,No,0,0,9
Yes,32.52649525389365,Missing,With Traffic,Unknown Injury,Unknown,Greensboro,Guilford,No,Friday,Bicyclist Failed to Yield - Sign-Controlled Intersection,17.0,September,Bicyclist Ride Through - Sign-Controlled Intersection,2016,34.0,No,O: No Injury,Male,Passenger Car,No,36.12835116,-79.75729209,Dry,20 - 25  MPH,Stop Sign,Clear,No,0,1,9
Yes,17.0,No,With Traffic,C: Possible Injury,Male,Raleigh,Wake,No,Thursday,Bicyclist Failed to Yield - Signalized Intersection,6.0,September,Bicyclist Failed to Clear - Trapped,2016,54.0,No,O: No Injury,Male,Passenger Car,No,35.76941366,-78.63529191,Wet,40 - 45  MPH,Stop And Go Signal,Cloudy,No,0,0,9
No,32.52649525389365,Unknown,With Traffic,Unknown Injury,Unknown,None - Rural Crash,Robeson,No,Tuesday,Motorist Overtaking Bicyclist,23.0,September,Motorist Overtaking - Bicyclist Swerved,2016,21.0,No,O: No Injury,Male,Passenger Car,No,34.76827523,-79.20609907,Wet,50 - 55  MPH,"Double Yellow Line, No Passing Zone",Cloudy,No,0,1,9
Yes,15.0,No,Facing Traffic,C: Possible Injury,Male,Durham,Durham,No,Wednesday,Motorist Failed to Yield - Midblock,17.0,September,Motorist Drive Out - Commercial Driveway / Alley,2016,42.0,No,O: No Injury,Female,Van,No,36.03913262,-78.92969971,Dry,30 - 35  MPH,No Control Present,Cloudy,No,0,0,9
Yes,53.0,No,With Traffic,A: Suspected Serious Injury,Male,Goldsboro,Wayne,No,Thursday,Motorist Overtaking Bicyclist,17.0,September,Motorist Overtaking - Other / Unknown,2016,28.0,No,O: No Injury,Male,Passenger Car,No,35.37897027,-77.98929664,Dry,30 - 35  MPH,No Control Present,Clear,No,0,0,9
Yes,15.0,No,Facing Traffic,C: Possible Injury,Female,Charlotte,Mecklenburg,No,Tuesday,Crossing Paths - Other Circumstances,14.0,October,Crossing Paths - Intersection - Other / Unknown,2016,17.0,No,O: No Injury,Female,Passenger Car,No,35.02936645,-80.8228399,Dry,30 - 35  MPH,Human Control,Clear,No,0,0,10
No,63.0,No,With Traffic,C: Possible Injury,Male,Durham,Durham,No,Saturday,Motorist Failed to Yield - Sign-Controlled Intersection,14.0,September,Motorist Drive Out - Sign-Controlled Intersection,2016,74.0,No,O: No Injury,Male,Pickup,No,36.04154251,-78.90872262,Dry,20 - 25  MPH,Stop Sign,Clear,No,0,0,9
Yes,66.0,No,Not Applicable,K: Killed,Male,Nags Head,Dare,No,Saturday,Bicyclist Failed to Yield - Midblock,20.0,August,Bicyclist Ride Out - Other Midblock,2016,48.0,No,O: No Injury,Male,Pickup,No,35.94899154,-75.61948721,Dry,30 - 35  MPH,No Control Present,Clear,No,0,0,8
Yes,30.0,No,With Traffic,C: Possible Injury,Female,Raleigh,Wake,No,Saturday,Motorist Left Turn / Merge,9.0,September,Motorist Left Turn - Opposite Direction,2016,22.0,No,O: No Injury,Female,Passenger Car,No,35.78496138,-78.64896846,Dry,30 - 35  MPH,No Control Present,Clear,No,0,0,9
No,47.0,No,Unknown,C: Possible Injury,Female,Lumberton,Robeson,No,Monday,Bicyclist Failed to Yield - Signalized Intersection,18.0,September,Bicyclist Ride Through - Signalized Intersection,2016,26.0,No,O: No Injury,Female,Passenger Car,No,34.61919227,-79.01430901,Wet,30 - 35  MPH,Stop And Go Signal,Cloudy,No,0,0,9
Yes,46.0,No,With Traffic,A: Suspected Serious Injury,Female,None - Rural Crash,Orange,No,Monday,Motorist Left Turn / Merge,19.0,September,Motorist Left Turn - Opposite Direction,2016,81.0,No,O: No Injury,Female,Passenger Car,No,35.94707151,-79.13045214,Dry,40 - 45  MPH,Stop Sign,Clear,No,0,0,9
Yes,36.0,No,Not Applicable,C: Possible Injury,Male,Charlotte,Mecklenburg,No,Friday,Bicyclist Failed to Yield - Midblock,20.0,October,Bicyclist Ride Out - Commercial Driveway / Alley,2016,42.03850604944766,Missing,Unknown Injury,Unknown,Unknown,Yes,35.28208476,-80.89721861,Wet,30 - 35  MPH,No Control Present,Rain,No,1,0,10
No,62.0,No,With Traffic,C: Possible Injury,Male,Forest City,Rutherford,No,Thursday,Motorist Left Turn / Merge,7.0,September,Motorist Left Turn - Opposite Direction,2016,82.0,No,O: No Injury,Female,Passenger Car,No,35.33364601,-81.89412022,Dry,30 - 35  MPH,No Control Present,Clear,No,0,0,9
No,21.0,No,Facing Traffic,O: No Injury,Male,Raleigh,Wake,No,Friday,Motorist Failed to Yield - Midblock,18.0,October,Motorist Drive Out - Commercial Driveway / Alley,2016,29.0,No,O: No Injury,Female,Passenger Car,No,35.74735696,-78.59792056,Wet,30 - 35  MPH,No Control Present,Cloudy,No,0,0,10
Yes,17.0,No,Not Applicable,C: Possible Injury,Male,None - Rural Crash,New Hanover,No,Wednesday,Non-Roadway,17.0,October,Non-Roadway,2016,64.0,No,O: No Injury,Male,Pickup,No,34.14266231,-77.89512906,Dry,5 - 15 MPH,No Control Present,Clear,No,0,0,10
No,22.0,No,With Traffic,O: No Injury,Male,Charlotte,Mecklenburg,Yes,Tuesday,Crossing Paths - Other Circumstances,18.0,October,Crossing Paths - Intersection - Other / Unknown,2016,31.0,Yes,O: No Injury,Male,Sport Utility,No,35.2331188,-80.85436324,Dry,20 - 25  MPH,Stop Sign,Clear,No,0,0,10
No,22.0,No,With Traffic,C: Possible Injury,Female,Asheville,Buncombe,No,Thursday,Bicyclist Failed to Yield - Signalized Intersection,10.0,September,Bicyclist Ride Through - Signalized Intersection,2016,48.0,No,O: No Injury,Male,Sport Utility,No,35.588623,-82.55159517,Dry,Unknown,Stop And Go Signal,Clear,No,0,0,9
Yes,39.0,Yes,Not Applicable,C: Possible Injury,Male,Garner,Wake,Yes,Thursday,Non-Roadway,10.0,September,Non-Roadway,2016,81.0,No,O: No Injury,Male,Passenger Car,No,35.68608323,-78.6059158,Dry,Unknown,Stop Sign,Clear,No,0,0,9
Yes,48.0,No,With Traffic,C: Possible Injury,Male,Garner,Wake,No,Friday,Motorist Overtaking Bicyclist,6.0,September,Motorist Overtaking - Other / Unknown,2016,34.0,No,O: No Injury,Male,Passenger Car,No,35.71002157,-78.64135581,Dry,40 - 45  MPH,No Control Present,Cloudy,No,0,0,9
Yes,19.0,No,Not Applicable,C: Possible Injury,Male,Greensboro,Guilford,No,Tuesday,Non-Roadway,9.0,October,Non-Roadway,2016,37.0,No,O: No Injury,Male,Passenger Car,No,36.04230785,-79.84319175,Dry,30 - 35  MPH,Stop Sign,Clear,No,0,0,10
Yes,45.0,No,With Traffic,C: Possible Injury,Female,Mooresville,Iredell,No,Tuesday,Motorist Left Turn / Merge,6.0,September,Motorist Left Turn - Opposite Direction,2016,59.0,No,O: No Injury,Male,Sport Utility,No,35.54807987,-80.84618769,Dry,40 - 45  MPH,Stop And Go Signal,Clear,No,0,0,9
No,32.52649525389365,Missing,Facing Traffic,Unknown Injury,Unknown,Raleigh,Wake,No,Tuesday,Crossing Paths - Other Circumstances,21.0,October,Signalized Intersection - Other / Unknown,2016,34.0,Missing,O: No Injury,Female,Passenger Car,Yes,35.83564731,-78.59315341,Dry,30 - 35  MPH,Stop And Go Signal,Clear,No,0,1,10
No,32.52649525389365,Missing,Unknown,Unknown Injury,Unknown,Salisbury,Rowan,No,Wednesday,Bicyclist Failed to Yield - Sign-Controlled Intersection,18.0,September,Bicyclist Ride Through - Sign-Controlled Intersection,2016,38.0,No,O: No Injury,Male,Passenger Car,Yes,35.66189044,-80.45925785,Dry,20 - 25  MPH,Stop Sign,Clear,No,0,1,9
Yes,19.0,No,With Traffic,C: Possible Injury,Male,New Bern,Craven,No,Tuesday,Motorist Overtaking Bicyclist,12.0,August,Motorist Overtaking - Other / Unknown,2016,42.03850604944766,Missing,Unknown Injury,Unknown,Unknown,Yes,35.11077426,-77.04445194,Dry,Unknown,No Control Present,Clear,No,1,0,8
No,20.0,No,Facing Traffic,C: Possible Injury,Male,Hope Mills,Cumberland,No,Tuesday,Motorist Failed to Yield - Midblock,15.0,September,Motorist Drive Out - Commercial Driveway / Alley,2016,24.0,No,O: No Injury,Female,Passenger Car,No,34.97897577,-78.95793534,Dry,30 - 35  MPH,Stop Sign,Clear,No,0,0,9
Yes,28.0,No,With Traffic,C: Possible Injury,Male,Tobaccoville,Forsyth,No,Tuesday,Motorist Overtaking Bicyclist,19.0,October,Motorist Overtaking - Other / Unknown,2016,23.0,No,O: No Injury,Male,Pickup,No,36.21255515,-80.32947211,Dry,50 - 55  MPH,"Double Yellow Line, No Passing Zone",Clear,No,0,0,10
No,78.0,No,With Traffic,C: Possible Injury,Male,Durham,Durham,No,Friday,Crossing Paths - Other Circumstances,16.0,October,Sign-Controlled Intersection - Other / Unknown,2016,72.0,No,O: No Injury,Male,Sport Utility,No,35.89346157,-78.95819635,Dry,40 - 45  MPH,Stop Sign,Clear,No,0,0,10
Yes,53.0,Yes,With Traffic,A: Suspected Serious Injury,Male,Gastonia,Gaston,Yes,Sunday,Motorist Overtaking Bicyclist,22.0,October,Motorist Overtaking - Undetected Bicyclist,2016,20.0,No,O: No Injury,Female,Sport Utility,No,35.24805893,-81.21106517,Dry,30 - 35  MPH,No Control Present,Clear,No,0,0,10
No,12.0,No,With Traffic,O: No Injury,Male,None - Rural Crash,Wake,No,Friday,Motorist Overtaking Bicyclist,12.0,October,Motorist Overtaking - Bicyclist Swerved,2016,74.0,No,O: No Injury,Male,Passenger Car,No,35.88327494,-78.41516095,Dry,40 - 45  MPH,No Control Present,Clear,No,0,0,10
Yes,19.0,No,Not Applicable,C: Possible Injury,Male,Durham,Durham,No,Friday,Bicyclist Failed to Yield - Midblock,16.0,September,Bicyclist Ride Out - Commercial Driveway / Alley,2016,57.0,No,O: No Injury,Male,Passenger Car,No,36.01608743,-78.88814949,Wet,30 - 35  MPH,No Control Present,Clear,No,0,0,9
No,48.0,Yes,With Traffic,C: Possible Injury,Male,Raleigh,Wake,Yes,Monday,Motorist Left Turn / Merge,23.0,October,Motorist Left Turn - Opposite Direction,2016,44.0,No,O: No Injury,Male,Passenger Car,No,35.78396649,-78.61341736,Dry,30 - 35  MPH,Stop And Go Signal,Clear,No,0,0,10
No,45.0,No,With Traffic,Unknown Injury,Male,Charlotte,Mecklenburg,No,Tuesday,Other / Unusual Circumstances,18.0,September,Motorist Intentionally Caused,2016,56.0,No,O: No Injury,Male,Sport Utility,No,35.21598946,-80.82951749,Dry,20 - 25  MPH,No Control Present,Clear,No,0,0,9
No,34.0,No,With Traffic,C: Possible Injury,Male,Asheville,Buncombe,No,Wednesday,Other / Unusual Circumstances,15.0,September,Motorist Intentionally Caused,2016,42.03850604944766,Missing,Unknown Injury,Unknown,Passenger Car,No,35.59115438,-82.55296314,Dry,30 - 35  MPH,No Control Present,Clear,No,1,0,9
Yes,19.0,No,Facing Traffic,O: No Injury,Female,Greenville,Pitt,No,Wednesday,Head-On,11.0,September,Head-On - Bicyclist,2016,64.0,No,O: No Injury,Female,Passenger Car,Yes,35.60252076,-77.36229943,Dry,5 - 15 MPH,No Control Present,Clear,No,0,0,9
No,32.0,No,With Traffic,O: No Injury,Male,Raleigh,Wake,No,Thursday,Bicyclist Failed to Yield - Signalized Intersection,14.0,October,Bicyclist Ride Through - Signalized Intersection,2016,51.0,No,O: No Injury,Male,Pickup,No,35.76945641,-78.64839244,Dry,20 - 25  MPH,Stop And Go Signal,Clear,No,0,0,10
No,27.0,No,Facing Traffic,O: No Injury,Male,Charlotte,Mecklenburg,No,Saturday,Motorist Failed to Yield - Midblock,14.0,October,Motorist Drive Out - Commercial Driveway / Alley,2016,42.03850604944766,Missing,Unknown Injury,Unknown,Passenger Car,Yes,35.11970109,-80.86950943,Dry,30 - 35  MPH,No Control Present,Clear,No,1,0,10
Yes,66.0,No,Facing Traffic,C: Possible Injury,Male,Charlotte,Mecklenburg,No,Friday,Motorist Failed to Yield - Sign-Controlled Intersection,14.0,October,Motorist Drive Out - Sign-Controlled Intersection,2016,75.0,No,O: No Injury,Female,Passenger Car,No,35.26419791,-80.85459108,Dry,5 - 15 MPH,Stop Sign,Clear,No,0,0,10