AmbulanceR,BikeAge,BikeAlcFlg,BikeDir,BikeInjury,BikeSex,City,County,CrashAlcoh,CrashDay,CrashGrp,CrashHour,CrashMonth,CrashType,CrashYear,DrvrAge,DrvrAlcFlg,DrvrInjury,DrvrSex,DrvrVehTyp,HitRun,Latitude,Longitude,RdConditio,SpeedLimit,TraffCntrl,Weather,Workzone,DrvrAgeImputedFlag,BikeAgeImputedFlag,MonthCode
No,57.0,No,Facing Traffic,C: Possible Injury,Male,Charlotte,Mecklenburg,No,Friday,Motorist Failed to Yield - Midblock,12.0,October,Motorist Drive Out - Commercial Driveway / Alley,2016,47.0,No,O: No Injury,Male,Passenger Car,No,35.17302137,-80.65801312,Dry,5 - 15 MPH,Stop Sign,Cloudy,No,0,0,10
Yes,48.0,No,With Traffic,C: Possible Injury,Male,Raleigh,Wake,No,Saturday,Bicyclist Overtaking Motorist,15.0,October,Bicyclist Overtaking - Parked Vehicle,2016,42.03850604944766,Missing,Unknown Injury,Unknown,Sport Utility,No,35.79074702,-78.65735758,Dry,20 - 25  MPH,No Control Present,Clear,No,1,0,10
Yes,18.0,No,With Traffic,C: Possible Injury,Male,New Bern,Craven,No,Friday,Bicyclist Failed to Yield - Sign-Controlled Intersection,10.0,September,Bicyclist Ride Through - Sign-Controlled Intersection,2016,88.0,No,O: No Injury,Male,Passenger Car,No,35.10684974,-77.08092503,Dry,20 - 25  MPH,No Control Present,Cloudy,No,0,0,9
No,22.0,No,With Traffic,C: Possible Injury,Male,Statesville,Iredell,No,Friday,Loss of Control / Turning Error,15.0,September,Bicyclist Lost Control - Mechanical Problems,2016,29.0,No,O: No Injury,Female,Passenger Car,No,35.7860188,-80.8890982,Dry,20 - 25  MPH,Stop And Go Signal,Clear,No,0,0,9
Yes,28.0,No,With Traffic,O: No Injury,Female,Raleigh,Wake,No,Wednesday,Loss of Control / Turning Error,14.0,October,Motorist Turning Error - Left Turn,2016,20.0,No,O: No Injury,Female,Passenger Car,No,35.77913477,-78.66729094,Dry,30 - 35  MPH,"Double Yellow Line, No Passing Zone",Clear,No,0,0,10
No,35.0,No,Facing Traffic,O: No Injury,Male,Burlington,Alamance,No,Tuesday,Crossing Paths - Other Circumstances,11.0,October,Sign-Controlled Intersection - Other / Unknown,2016,42.03850604944766,Missing,Unknown Injury,Unknown,Unknown,Yes,36.08893081,-79.4483042,Dry,30 - 35  MPH,No Control Present,Clear,No,1,0,10
Yes,11.0,No,With Traffic,C: Possible Injury,Male,Shelby,Cleveland,No,Saturday,Bicyclist Failed to Yield - Sign-Controlled Intersection,19.0,September,Bicyclist Ride Through - Sign-Controlled Intersection,2016,20.0,No,O: No Injury,Female,Passenger Car,No,35.29834099,-81.52904248,Dry,30 - 35  MPH,Stop Sign,Clear,No,0,0,9
No,32.52649525389365,Missing,Unknown,Unknown Injury,Unknown,Jacksonville,Onslow,No,Saturday,Other / Unknown - Insufficient Details,19.0,September,Unknown Approach Paths,2016,75.0,No,O: No Injury,Male,Passenger Car,Yes,34.7488524,-77.38255001,Dry,30 - 35  MPH,No Control Present,Clear,No,0,1,9
No,26.0,No,With Traffic,C: Possible Injury,Male,None - Rural Crash,Beaufort,No,Saturday,Motorist Right Turn / Merge,9.0,August,Motorist Right Turn - Same Direction,2016,65.0,No,O: No Injury,Female,Pickup,No,35.52245715,-77.00835604,Dry,40 - 45  MPH,No Control Present,Clear,No,0,0,8
Yes,62.0,No,With Traffic,C: Possible Injury,Male,Spruce Pine,Mitchell,No,Tuesday,Motorist Left Turn / Merge,17.0,October,Motorist Left Turn - Opposite Direction,2016,45.0,No,O: No Injury,Male,Passenger Car,No,35.91688535,-82.07327178,Dry,20 - 25  MPH,Stop And Go Signal,Clear,No,0,0,10
Yes,48.0,No,With Traffic,C: Possible Injury,Male,None - Rural Crash,Robeson,No,Tuesday,Motorist Failed to Yield - Midblock,10.0,September,Motorist Drive Out - Residential Driveway,2016,75.0,No,O: No Injury,Male,Pickup,No,34.94029719,-79.04508172,Dry,50 - 55  MPH,No Control Present,Clear,No,0,0,9
Yes,39.0,No,With Traffic,A: Suspected Serious Injury,Male,Raleigh,Wake,No,Wednesday,Motorist Overtaking Bicyclist,5.0,October,Motorist Overtaking - Other / Unknown,2016,42.03850604944766,Missing,Unknown Injury,Unknown,Unknown,Yes,35.8833815,-78.7392321,Dry,40 - 45  MPH,No Control Present,Clear,No,1,0,10
Yes,49.0,Yes,With Traffic,A: Suspected Serious Injury,Male,None - Rural Crash,Iredell,Yes,Wednesday,Bicyclist Left Turn / Merge,13.0,October,Bicyclist Left Turn - Same Direction,2016,20.0,No,O: No Injury,Male,Passenger Car,No,35.67517914,-80.85937009,Dry,50 - 55  MPH,"Double Yellow Line, No Passing Zone",Clear,No,0,0,10
Yes,6.0,No,Not Applicable,A: Suspected Serious Injury,Male,None - Rural Crash,Watauga,No,Monday,Non-Roadway,8.0,October,Non-Roadway,2016,26.0,No,O: No Injury,Male,Pickup,No,36.33782101,-81.73271898,"Sand, Mud, Dirt, Gravel",5 - 15 MPH,No Control Present,Clear,No,0,0,10
No,25.0,No,With Traffic,C: Possible Injury,Female,Durham,Durham,No,Wednesday,Motorist Left Turn / Merge,18.0,October,Motorist Left Turn - Opposite Direction,2016,69.0,No,O: No Injury,Male,Passenger Car,No,35.98625789,-78.89859029,Dry,30 - 35  MPH,Stop And Go Signal,Clear,No,0,0,10
No,21.0,No,With Traffic,C: Possible Injury,Male,Greensboro,Guilford,No,Monday,Motorist Right Turn / Merge,13.0,September,Motorist Right Turn - Same Direction,2016,28.0,No,O: No Injury,Male,Passenger Car,No,36.06529,-79.81275086,Dry,20 - 25  MPH,Stop And Go Signal,Clear,No,0,0,9
No,32.52649525389365,No,With Traffic,C: Possible Injury,Male,Durham,Durham,Yes,Sunday,Parallel Paths - Other Circumstances,0.0,September,Motorist Turn / Merge - Other / Unknown,2016,42.03850604944766,Yes,O: No Injury,Male,Sport Utility,No,36.00034654,-78.94390687,Dry,20 - 25  MPH,No Control Present,Clear,No,1,1,9
Yes,26.0,No,With Traffic,O: No Injury,Male,Raleigh,Wake,No,Sunday,Bicyclist Overtaking Motorist,21.0,October,Bicyclist Overtaking - Other / Unknown,2016,22.0,No,O: No Injury,Male,Passenger Car,No,35.79184348,-78.68155153,Dry,30 - 35  MPH,No Control Present,Clear,Yes,0,0,10
No,11.0,No,Not Applicable,O: No Injury,Male,Mooresville,Iredell,No,Sunday,Loss of Control / Turning Error,19.0,September,Bicyclist Lost Control - Other / Unknown,2016,42.03850604944766,Missing,Unknown Injury,Unknown,Sport Utility,No,35.53912487,-80.78522916,Dry,20 - 25  MPH,No Control Present,Clear,No,1,0,9
No,22.0,No,Facing Traffic,C: Possible Injury,Female,Greenville,Pitt,No,Friday,Motorist Failed to Yield - Midblock,7.0,September,Motorist Drive Out - Commercial Driveway / Alley,2016,29.0,No,O: No Injury,Female,Passenger Car,No,35.56222693,-77.40735783,Dry,30 - 35  MPH,Stop Sign,Clear,No,0,0,9
Yes,53.0,No,Facing Traffic,C: Possible Injury,Male,Roanoke Rapids,Halifax,No,Tuesday,Motorist Failed to Yield - Midblock,13.0,October,Motorist Drive Out - Commercial Driveway / Alley,2016,31.0,No,O: No Injury,Female,Passenger Car,No,36.4372476,-77.64439739,Dry,30 - 35  MPH,No Control Present,Cloudy,No,0,0,10
Yes,17.0,No,Facing Traffic,O: No Injury,Male,Cary,Wake,No,Monday,Crossing Paths - Other Circumstances,14.0,September,Signalized Intersection - Other / Unknown,2016,31.0,No,O: No Injury,Male,Passenger Car,No,35.78082748,-78.7643493,Wet,40 - 45  MPH,No Control Present,Rain,No,0,0,9
Yes,57.0,No,With Traffic,C: Possible Injury,Male,New Bern,Craven,No,Monday,Motorist Failed to Yield - Midblock,13.0,October,Motorist Drive Out - Commercial Driveway / Alley,2016,29.0,No,O: No Injury,Female,Sport Utility,No,35.10660706,-77.09998396,Dry,Unknown,No Control Present,Clear,No,0,0,10
Yes,27.0,No,With Traffic,C: Possible Injury,Male,None - Rural Crash,Guilford,No,Thursday,Motorist Overtaking Bicyclist,11.0,October,Motorist Overtaking - Undetected Bicyclist,2016,56.0,No,O: No Injury,Male,"Light Truck (Mini-Van, Panel)",No,36.22687447,-79.79081475,Dry,40 - 45  MPH,"Double Yellow Line, No Passing Zone",Clear,No,0,0,10
No,22.0,No,With Traffic,C: Possible Injury,Male,Boone,Watauga,No,Monday,Motorist Overtaking Bicyclist,17.0,October,Motorist Overtaking - Other / Unknown,2016,42.03850604944766,Missing,Unknown Injury,Unknown,Unknown,Yes,36.21141854,-81.67672292,Dry,Unknown,No Control Present,Clear,No,1,0,10
No,53.0,No,Facing Traffic,C: Possible Injury,Male,Charlotte,Mecklenburg,No,Monday,Motorist Failed to Yield - Midblock,17.0,October,Motorist Drive Out - Commercial Driveway / Alley,2016,41.0,No,O: No Injury,Male,Pickup,No,35.27299668,-80.81166716,Dry,40 - 45  MPH,No Control Present,Clear,No,0,0,10
Yes,55.0,No,Facing Traffic,C: Possible Injury,Male,Greensboro,Guilford,No,Sunday,Motorist Failed to Yield - Midblock,13.0,October,Motorist Drive Out - Commercial Driveway / Alley,2016,27.0,No,O: No Injury,Female,Passenger Car,No,36.04026867,-79.80052015,Dry,30 - 35  MPH,No Control Present,Clear,No,0,0,10
No,15.0,No,With Traffic,O: No Injury,Male,Charlotte,Mecklenburg,No,Monday,Motorist Right Turn / Merge,15.0,October,Motorist Right Turn - Same Direction,2016,60.0,No,O: No Injury,Male,Pickup,No,35.22743317,-80.7756628,Dry,40 - 45  MPH,No Control Present,Clear,No,0,0,10
No,26.0,No,With Traffic,O: No Injury,Male,Durham,Durham,No,Wednesday,Bicyclist Left Turn / Merge,18.0,November,Bicyclist Left Turn - Same Direction,2016,60.0,No,O: No Injury,Male,Passenger Car,No,36.00351027,-78.88722607,Dry,30 - 35  MPH,No Control Present,Clear,No,0,0,11
Yes,55.0,No,Facing Traffic,C: Possible Injury,Male,Greensboro,Guilford,No,Tuesday,Motorist Failed to Yield - Midblock,21.0,November,Motorist Drive Out - Commercial Driveway / Alley,2016,66.0,No,O: No Injury,Male,Passenger Car,No,36.07398459,-79.78680793,Dry,5 - 15 MPH,No Control Present,Clear,No,0,0,11
No,64.0,No,With Traffic,O: No Injury,Male,Jacksonville,Onslow,No,Friday,Motorist Failed to Yield - Midblock,12.0,October,Motorist Drive Out - Commercial Driveway / Alley,2016,29.0,No,O: No Injury,Male,Passenger Car,No,34.76411225,-77.41112545,Dry,Unknown,No Control Present,Cloudy,No,0,0,10
Yes,7.0,No,Facing Traffic,C: Possible Injury,Male,Cary,Wake,No,Friday,Bicyclist Overtaking Motorist,12.0,September,Bicyclist Overtaking - Parked Vehicle,2016,42.03850604944766,Missing,Unknown Injury,Unknown,Van,No,35.77887074,-78.7796005,Dry,20 - 25  MPH,No Control Present,Clear,No,1,0,9
No,23.0,No,Unknown,C: Possible Injury,Male,Boone,Watauga,No,Wednesday,Other / Unknown - Insufficient Details,15.0,November,Unknown Approach Paths,2016,42.03850604944766,Missing,Unknown Injury,Unknown,Passenger Car,Yes,36.20966589,-81.66532419,Dry,30 - 35  MPH,No Control Present,Clear,No,1,0,11
Yes,12.0,No,With Traffic,A: Suspected Serious Injury,Male,Charlotte,Mecklenburg,No,Saturday,Bicyclist Left Turn / Merge,16.0,November,Bicyclist Left Turn - Same Direction,2016,22.0,No,O: No Injury,Female,Passenger Car,No,35.15397864,-80.72693251,Dry,20 - 25  MPH,No Control Present,Clear,No,0,0,11
No,66.0,No,With Traffic,O: No Injury,Male,Whiteville,Columbus,No,Sunday,Crossing Paths - Other Circumstances,16.0,November,Sign-Controlled Intersection - Other / Unknown,2016,18.0,No,O: No Injury,Female,Sport Utility,No,34.33073528,-78.70346539,Dry,30 - 35  MPH,Stop Sign,Clear,No,0,0,11
Yes,39.0,No,Unknown,C: Possible Injury,Male,Durham,Durham,No,Friday,Motorist Failed to Yield - Signalized Intersection,13.0,November,Motorist Drive Out - Signalized Intersection,2016,43.0,No,O: No Injury,Female,Passenger Car,No,36.02354946,-78.91879651,Dry,30 - 35  MPH,Stop And Go Signal,Clear,No,0,0,11
Yes,36.0,No,With Traffic,K: Killed,Male,None - Rural Crash,Chatham,No,Friday,Motorist Overtaking Bicyclist,6.0,October,Motorist Overtaking - Other / Unknown,2016,42.0,No,O: No Injury,Male,Pickup,No,35.76194326,-78.96473222,Dry,50 - 55  MPH,"Double Yellow Line, No Passing Zone",Cloudy,No,0,0,10
Yes,57.0,No,With Traffic,C: Possible Injury,Male,None - Rural Crash,Cabarrus,No,Saturday,Motorist Overtaking Bicyclist,15.0,October,Motorist Overtaking - Other / Unknown,2016,40.0,No,O: No Injury,Male,Pickup,No,35.27802178,-80.57537804,Dry,50 - 55  MPH,"Double Yellow Line, No Passing Zone",Clear,No,0,0,10
No,22.0,No,With Traffic,C: Possible Injury,Male,None - Rural Crash,Moore,No,Wednesday,Motorist Overtaking Bicyclist,6.0,November,Motorist Overtaking - Other / Unknown,2016,46.0,No,O: No Injury,Female,Passenger Car,No,35.23832148,-79.4473327,Dry,50 - 55  MPH,No Control Present,Clear,No,0,0,11
Yes,24.0,No,With Traffic,C: Possible Injury,Male,Durham,Durham,No,Thursday,Motorist Left Turn / Merge,19.0,October,Motorist Left Turn - Opposite Direction,2016,46.0,No,O: No Injury,Male,Passenger Car,No,35.99667054,-78.92115357,Dry,30 - 35  MPH,No Control Present,Clear,No,0,0,10
No,13.0,No,Not Applicable,O: No Injury,Male,Fayetteville,Cumberland,No,Monday,Crossing Paths - Other Circumstances,7.0,October,Crossing Paths - Intersection - Other / Unknown,2016,34.0,No,O: No Injury,Male,Passenger Car,No,35.00185857,-78.98964809,Dry,30 - 35  MPH,Human Control,Clear,No,0,0,10
No,24.0,No,Facing Traffic,C: Possible Injury,Male,Wilmington,New Hanover,No,Sunday,Motorist Failed to Yield - Signalized Intersection,14.0,September,Motorist Drive Out - Right Turn on Red,2016,72.0,No,O: No Injury,Male,Unknown,Yes,34.23134701,-77.87960704,Dry,30 - 35  MPH,Stop And Go Signal,Clear,No,0,0,9
Yes,44.0,No,With Traffic,C: Possible Injury,Male,None - Rural Crash,Orange,No,Thursday,Motorist Overtaking Bicyclist,6.0,September,Motorist Overtaking - Other / Unknown,2016,29.0,No,O: No Injury,Female,Passenger Car,No,36.03192485,-78.99122744,Wet,40 - 45  MPH,"Double Yellow Line, No Passing Zone",Rain,No,0,0,9
Yes,49.0,No,With Traffic,C: Possible Injury,Male,Lenoir,Caldwell,No,Thursday,Motorist Failed to Yield - Signalized Intersection,8.0,November,Motorist Drive Through - Signalized Intersection,2016,52.0,No,O: No Injury,Female,Passenger Car,No,35.87177803,-81.51229224,Dry,50 - 55  MPH,Stop And Go Signal,Clear,No,0,0,11
No,40.0,No,With Traffic,O: No Injury,Male,None - Rural Crash,Buncombe,No,Thursday,Loss of Control / Turning Error,11.0,October,Motorist Turning Error - Left Turn,2016,76.0,No,O: No Injury,Male,"Light Truck (Mini-Van, Panel)",No,35.51606155,-82.39748892,Dry,30 - 35  MPH,Stop Sign,Cloudy,No,0,0,10
No,20.0,No,Facing Traffic,O: No Injury,Male,None - Rural Crash,Cumberland,No,Saturday,Bicyclist Right Turn / Merge,15.0,October,Bicyclist Right Turn - Same Direction,2016,30.0,No,O: No Injury,Male,Pickup,No,34.957543,-78.89743008,Dry,50 - 55  MPH,"Double Yellow Line, No Passing Zone",Clear,No,0,0,10
No,26.0,No,Facing Traffic,C: Possible Injury,Male,None - Rural Crash,New Hanover,No,Thursday,Motorist Failed to Yield - Midblock,15.0,November,Motorist Drive Out - Commercial Driveway / Alley,2016,28.0,No,O: No Injury,Male,Pickup,No,34.2572575,-77.84660495,Dry,30 - 35  MPH,"Double Yellow Line, No Passing Zone",Clear,No,0,0,11
Yes,29.0,No,With Traffic,C: Possible Injury,Female,None - Rural Crash,Lincoln,No,Friday,Motorist Overtaking Bicyclist,17.0,November,Motorist Overtaking - Other / Unknown,2016,42.03850604944766,Unknown,Unknown Injury,Unknown,Unknown,Yes,35.41585765,-81.20379154,Dry,40 - 45  MPH,"Double Yellow Line, No Passing Zone",Clear,No,1,0,11
No,32.52649525389365,Missing,With Traffic,Unknown Injury,Unknown,Greensboro,Guilford,No,Friday,Motorist Failed to Yield - Sign-Controlled Intersection,11.0,November,Motorist Drive Out - Sign-Controlled Intersection,2016,42.03850604944766,Missing,Unknown Injury,Unknown,Passenger Car,Yes,36.05512924,-79.83154763,Dry,30 - 35  MPH,Stop Sign,Clear,No,1,1,11
No,49.0,No,Not Applicable,C: Possible Injury,Male,Waxhaw,Union,No,Saturday,Non-Roadway,11.0,October,Non-Roadway,2016,66.0,No,O: No Injury,Female,Passenger Car,No,34.91822543,-80.73411234,Dry,5 - 15 MPH,No Control Present,Clear,No,0,0,10
No,40.0,No,With Traffic,C: Possible Injury,Male,Wilmington,New Hanover,No,Saturday,Motorist Right Turn / Merge,8.0,October,Motorist Right Turn - Same Direction,2016,63.0,No,O: No Injury,Female,Passenger Car,No,34.23171322,-77.82900536,Dry,40 - 45  MPH,Flashing Stop And Go Signal,Clear,No,0,0,10
Yes,38.0,No,With Traffic,A: Suspected Serious Injury,Male,None - Rural Crash,Buncombe,No,Tuesday,Head-On,7.0,November,Head-On - Bicyclist,2016,65.0,No,O: No Injury,Female,Passenger Car,No,35.52212714,-82.49399893,Dry,30 - 35  MPH,"Double Yellow Line, No Passing Zone",Clear,No,0,0,11
Yes,15.0,No,Facing Traffic,C: Possible Injury,Male,New Bern,Craven,No,Saturday,Motorist Failed to Yield - Signalized Intersection,15.0,November,Motorist Drive Out - Right Turn on Red,2016,57.0,No,O: No Injury,Male,Sport Utility,No,35.10905579,-77.05532846,Dry,20 - 25  MPH,Stop And Go Signal,Clear,No,0,0,11
No,39.0,No,With Traffic,C: Possible Injury,Male,High Point,Guilford,No,Wednesday,Motorist Right Turn / Merge,10.0,October,Motorist Right Turn - Same Direction,2016,39.0,No,O: No Injury,Male,Sport Utility,No,35.96000255,-80.00746093,Dry,30 - 35  MPH,No Control Present,Clear,No,0,0,10
Yes,17.0,No,With Traffic,C: Possible Injury,Female,Black Mountain,Buncombe,No,Monday,Bicyclist Failed to Yield - Signalized Intersection,15.0,November,Bicyclist Ride Through - Signalized Intersection,2016,68.0,No,O: No Injury,Female,Van,No,35.60965362,-82.34101263,Dry,40 - 45  MPH,Stop And Go Signal,Clear,No,0,0,11
No,29.0,No,Facing Traffic,C: Possible Injury,Male,Boone,Watauga,No,Sunday,Motorist Failed to Yield - Midblock,16.0,November,Motorist Drive Out - Commercial Driveway / Alley,2016,49.0,No,O: No Injury,Male,"Light Truck (Mini-Van, Panel)",No,36.20361183,-81.66582244,Dry,5 - 15 MPH,No Control Present,Clear,No,0,0,11
Yes,21.0,No,Facing Traffic,C: Possible Injury,Male,Greensboro,Guilford,No,Sunday,Motorist Failed to Yield - Midblock,23.0,November,Motorist Drive Out - Commercial Driveway / Alley,2016,42.03850604944766,Unknown,Unknown Injury,Unknown,Pickup,Yes,36.03993235,-79.8004293,Dry,5 - 15 MPH,No Control Present,Clear,No,1,0,11
No,57.0,Yes,With Traffic,C: Possible Injury,Male,None - Rural Crash,Pender,Yes,Sunday,Motorist Overtaking Bicyclist,18.0,November,Motorist Overtaking - Undetected Bicyclist,2016,62.0,No,O: No Injury,Male,Pickup,No,34.56558693,-77.97159154,Dry,40 - 45  MPH,No Control Present,Clear,No,0,0,11
Yes,32.0,No,With Traffic,A: Suspected Serious Injury,Female,None - Rural Crash,Stanly,No,Tuesday,Motorist Overtaking Bicyclist,17.0,November,Motorist Overtaking - Other / Unknown,2016,21.0,No,O: No Injury,Male,Pickup,No,35.50252584,-80.19293296,Dry,50 - 55  MPH,"Double Yellow Line, No Passing Zone",Clear,No,0,0,11
No,18.0,No,Facing Traffic,C: Possible Injury,Male,Roanoke Rapids,Halifax,No,Monday,Bicyclist Failed to Yield - Signalized Intersection,16.0,November,Bicyclist Ride Through - Signalized Intersection,2016,23.0,No,O: No Injury,Male,Sport Utility,No,36.45607998,-77.65704537,Dry,20 - 25  MPH,Stop And Go Signal,Clear,No,0,0,11
No,29.0,No,With Traffic,C: Possible Injury,Male,Charlotte,Mecklenburg,No,Saturday,Motorist Failed to Yield - Sign-Controlled Intersection,9.0,November,Motorist Drive Out - Sign-Controlled Intersection,2016,66.0,No,O: No Injury,Female,Passenger Car,No,35.19535923,-80.83459532,Dry,20 - 25  MPH,Stop Sign,Clear,No,0,0,11
No,32.52649525389365,Missing,Not Applicable,Unknown Injury,Unknown,Charlotte,Mecklenburg,No,Wednesday,Bicyclist Failed to Yield - Midblock,10.0,November,Bicyclist Ride Out - Midblock - Unknown,2016,68.0,No,O: No Injury,Male,Passenger Car,No,35.22834714,-80.77562084,Dry,30 - 35  MPH,No Control Present,Clear,No,0,1,11
Yes,22.0,No,With Traffic,C: Possible Injury,Male,Greensboro,Guilford,No,Tuesday,Motorist Overtaking Bicyclist,12.0,November,Motorist Overtaking - Bicyclist Swerved,2016,34.0,No,O: No Injury,Female,Passenger Car,No,36.0915266,-79.78081621,Dry,30 - 35  MPH,No Control Present,Clear,No,0,0,11
Yes,49.0,No,With Traffic,C: Possible Injury,Male,Charlotte,Mecklenburg,No,Saturday,Motorist Overtaking Bicyclist,23.0,November,Motorist Overtaking - Other / Unknown,2016,42.03850604944766,Missing,Unknown Injury,Unknown,Unknown,Yes,35.22597688,-80.74646875,Wet,40 - 45  MPH,No Control Present,Clear,No,1,0,11
No,22.0,No,With Traffic,C: Possible Injury,Male,Raleigh,Wake,No,Wednesday,Motorist Right Turn / Merge,9.0,November,Motorist Right Turn - Same Direction,2016,42.03850604944766,Missing,Unknown Injury,Unknown,Unknown,Yes,35.77469164,-78.67975132,Dry,20 - 25  MPH,Stop Sign,Clear,No,1,0,11
No,22.0,No,Not Applicable,C: Possible Injury,Male,Wilmington,New Hanover,No,Monday,Bicyclist Failed to Yield - Midblock,18.0,October,Bicyclist Ride Out - Other Midblock,2016,21.0,No,O: No Injury,Female,Passenger Car,No,34.22932983,-77.87629535,Dry,20 - 25  MPH,No Control Present,Clear,No,0,0,10
Yes,54.0,No,With Traffic,A: Suspected Serious Injury,Male,None - Rural Crash,Greene,No,Tuesday,Motorist Overtaking Bicyclist,8.0,November,Motorist Overtaking - Other / Unknown,2016,54.0,No,O: No Injury,Male,Sport Utility,No,35.42404824,-77.63416925,Dry,40 - 45  MPH,No Control Present,Clear,No,0,0,11
No,33.0,No,With Traffic,C: Possible Injury,Male,None - Rural Crash,Cumberland,No,Wednesday,Motorist Failed to Yield - Midblock,17.0,November,Motorist Drive Out - Commercial Driveway / Alley,2016,69.0,No,O: No Injury,Male,Tractor/Semi-Trailer,No,35.08764401,-78.8478529,Dry,50 - 55  MPH,No Control Present,Clear,No,0,0,11
Yes,52.0,No,With Traffic,C: Possible Injury,Male,None - Rural Crash,Greene,No,Tuesday,Motorist Overtaking Bicyclist,18.0,November,Motorist Overtaking - Other / Unknown,2016,44.0,No,O: No Injury,Male,Passenger Car,No,35.4528356,-77.49110148,Dry,40 - 45  MPH,No Control Present,Clear,No,0,0,11
No,25.0,No,With Traffic,C: Possible Injury,Male,None - Rural Crash,New Hanover,No,Thursday,Bicyclist Left Turn / Merge,6.0,October,Bicyclist Left Turn - Same Direction,2016,29.0,No,O: No Injury,Male,Passenger Car,No,34.28937516,-77.91011382,Dry,40 - 45  MPH,No Control Present,Clear,No,0,0,10
No,23.0,No,Facing Traffic,C: Possible Injury,Female,Greenville,Pitt,No,Friday,Motorist Failed to Yield - Midblock,7.0,November,Motorist Drive Out - Commercial Driveway / Alley,2016,42.03850604944766,Missing,Unknown Injury,Unknown,Unknown,Yes,35.61768045,-77.41169028,Dry,40 - 45  MPH,No Control Present,Clear,No,1,0,11
No,62.0,No,With Traffic,C: Possible Injury,Female,Morrisville,Wake,No,Friday,Motorist Left Turn / Merge,15.0,November,Motorist Left Turn - Opposite Direction,2016,33.0,No,O: No Injury,Male,Sport Utility,No,35.82039441,-78.82973205,Dry,30 - 35  MPH,No Control Present,Clear,No,0,0,11
Yes,27.0,No,Facing Traffic,C: Possible Injury,Male,Greenville,Pitt,No,Wednesday,Motorist Failed to Yield - Sign-Controlled Intersection,17.0,October,Motorist Drive Out - Sign-Controlled Intersection,2016,26.0,No,O: No Injury,Female,Passenger Car,No,35.56375869,-77.36185633,Wet,40 - 45  MPH,No Control Present,Rain,No,0,0,10
Yes,19.0,No,Not Applicable,C: Possible Injury,Male,Charlotte,Mecklenburg,No,Monday,Bicyclist Failed to Yield - Signalized Intersection,21.0,November,Bicyclist Ride Through - Signalized Intersection,2016,20.0,No,O: No Injury,Female,Passenger Car,No,35.30120181,-80.7313784,Dry,40 - 45  MPH,Stop And Go Signal,Clear,No,0,0,11
No,13.0,No,Facing Traffic,O: No Injury,Male,Raleigh,Wake,No,Wednesday,Motorist Failed to Yield - Midblock,17.0,November,Motorist Drive Out - Commercial Driveway / Alley,2016,44.0,No,C: Possible Injury,Male,Passenger Car,No,35.89605927,-78.68070835,Dry,30 - 35  MPH,No Control Present,Clear,No,0,0,11
Yes,69.0,No,With Traffic,C: Possible Injury,Male,Durham,Durham,No,Sunday,Bicyclist Left Turn / Merge,11.0,November,Bicyclist Left Turn - Same Direction,2016,29.0,No,O: No Injury,Female,Sport Utility,No,36.00031276,-78.89392258,Dry,30 - 35  MPH,Stop And Go Signal,Clear,No,0,0,11
No,49.0,No,With Traffic,C: Possible Injury,Female,Oak Island,Brunswick,No,Saturday,Motorist Failed to Yield - Sign-Controlled Intersection,15.0,October,Motorist Drive Out - Sign-Controlled Intersection,2016,71.0,No,O: No Injury,Male,Sport Utility,No,33.9241081,-78.13482459,Dry,30 - 35  MPH,Stop Sign,Clear,No,0,0,10
No,59.0,No,With Traffic,O: No Injury,Male,Haw River,Alamance,No,Tuesday,Motorist Overtaking Bicyclist,15.0,October,Motorist Overtaking - Other / Unknown,2016,53.0,No,O: No Injury,Female,Other Bus,No,36.09191897,-79.36353095,Dry,30 - 35  MPH,No Control Present,Clear,No,0,0,10
Yes,23.0,No,With Traffic,C: Possible Injury,Female,Raleigh,Wake,No,Tuesday,Motorist Left Turn / Merge,17.0,November,Motorist Left Turn - Opposite Direction,2016,52.0,No,O: No Injury,Male,Passenger Car,No,35.78795655,-78.6134843,Dry,30 - 35  MPH,Stop And Go Signal,Clear,No,0,0,11
No,18.0,No,Facing Traffic,O: No Injury,Male,Fuquay-Varina,Wake,No,Wednesday,Bicyclist Failed to Yield - Signalized Intersection,14.0,October,Bicyclist Ride Out - Signalized  Intersection,2016,42.03850604944766,Missing,Unknown Injury,Unknown,Unknown,Yes,35.59379848,-78.77923658,Dry,30 - 35  MPH,Stop And Go Signal,Clear,No,1,0,10
No,52.0,No,With Traffic,O: No Injury,Male,Charlotte,Mecklenburg,No,Monday,Bicyclist Left Turn / Merge,17.0,November,Bicyclist Left Turn - Same Direction,2016,28.0,No,O: No Injury,Male,Passenger Car,No,35.09889362,-80.97024277,Dry,40 - 45  MPH,No Control Present,Clear,No,0,0,11