AmbulanceR,BikeAge,BikeAlcFlg,BikeDir,BikeInjury,BikeSex,City,County,CrashAlcoh,CrashDay,CrashGrp,CrashHour,CrashMonth,CrashType,CrashYear,DrvrAge,DrvrAlcFlg,DrvrInjury,DrvrSex,DrvrVehTyp,HitRun,Latitude,Longitude,RdConditio,SpeedLimit,TraffCntrl,Weather,Workzone,DrvrAgeImputedFlag,BikeAgeImputedFlag,MonthCode
No,32.52649525389365,Missing,Unknown,Unknown Injury,Unknown,Greenville,Pitt,No,Wednesday,Head-On,17.0,November,Head-On - Bicyclist,2016,25.0,No,O: No Injury,Female,Passenger Car,Yes,35.56357195,-77.38509951,Wet,40 - 45  MPH,No Control Present,Rain,No,0,1,11
No,22.0,No,With Traffic,O: No Injury,Male,Greenville,Pitt,No,Monday,Bicyclist Failed to Yield - Sign-Controlled Intersection,13.0,November,Bicyclist Ride Through - Sign-Controlled Intersection,2016,54.0,No,O: No Injury,Female,Passenger Car,No,35.55973906,-77.40361091,Dry,40 - 45  MPH,Stop Sign,Cloudy,No,0,0,11
No,47.0,No,With Traffic,C: Possible Injury,Male,Asheville,Buncombe,No,Saturday,Motorist Left Turn / Merge,14.0,October,Motorist Left Turn - Opposite Direction,2016,39.0,No,O: No Injury,Male,Passenger Car,No,35.59296309,-82.49751756,Dry,30 - 35  MPH,No Control Present,Clear,No,0,0,10
No,25.0,No,With Traffic,C: Possible Injury,Male,None - Rural Crash,Onslow,No,Tuesday,Motorist Overtaking Bicyclist,18.0,November,Motorist Overtaking - Other / Unknown,2016,42.03850604944766,Unknown,Unknown Injury,Unknown,Unknown,Yes,34.76431128,-77.51673194,Dry,40 - 45  MPH,No Control Present,Cloudy,No,1,0,11
Yes,52.0,No,With Traffic,A: Suspected Serious Injury,Female,Asheville,Buncombe,No,Monday,Other / Unusual Circumstances,18.0,October,Bicycle Only,2016,22.0,No,O: No Injury,Female,Passenger Car,No,35.60313477,-82.54136994,Dry,30 - 35  MPH,Stop Sign,Clear,No,0,0,10
Yes,24.0,No,Facing Traffic,C: Possible Injury,Male,Raleigh,Wake,No,Thursday,Crossing Paths - Other Circumstances,15.0,December,Sign-Controlled Intersection - Other / Unknown,2016,33.0,No,O: No Injury,Female,Sport Utility,No,35.75372082,-78.61269661,Dry,30 - 35  MPH,No Control Present,Clear,No,0,0,12
No,62.0,No,With Traffic,C: Possible Injury,Female,None - Rural Crash,Burke,No,Tuesday,Motorist Left Turn / Merge,9.0,November,Motorist Left Turn - Opposite Direction,2016,42.03850604944766,Unknown,Unknown Injury,Unknown,Passenger Car,Yes,35.71860439,-81.46734727,Dry,30 - 35  MPH,Stop And Go Signal,Clear,No,1,0,11
Yes,29.0,No,With Traffic,O: No Injury,Male,None - Rural Crash,Cherokee,No,Thursday,Motorist Overtaking Bicyclist,23.0,November,Motorist Overtaking - Undetected Bicyclist,2016,24.0,No,O: No Injury,Male,Passenger Car,No,35.11841629,-84.001974,Dry,50 - 55  MPH,No Control Present,Clear,No,0,0,11
Yes,17.0,No,With Traffic,C: Possible Injury,Male,Boiling Spring Lakes,Brunswick,No,Friday,Motorist Overtaking Bicyclist,21.0,October,Motorist Overtaking - Other / Unknown,2016,42.03850604944766,Missing,Unknown Injury,Unknown,Unknown,Yes,34.0023844,-78.04659676,Dry,50 - 55  MPH,No Control Present,Clear,No,1,0,10
Yes,71.0,No,Not Applicable,C: Possible Injury,Male,Greensboro,Guilford,No,Friday,Non-Roadway,19.0,December,Non-Roadway,2016,40.0,No,O: No Injury,Female,Passenger Car,No,36.08631332,-79.77501846,Dry,30 - 35  MPH,No Control Present,Clear,No,0,0,12
No,38.0,Yes,Facing Traffic,O: No Injury,Male,Salisbury,Rowan,Yes,Thursday,Crossing Paths - Other Circumstances,13.0,November,Signalized Intersection - Other / Unknown,2016,35.0,No,O: No Injury,Female,Passenger Car,No,35.66194378,-80.50056833,Dry,40 - 45  MPH,Stop And Go Signal,Clear,No,0,0,11
Yes,6.0,No,With Traffic,C: Possible Injury,Male,None - Rural Crash,Pender,No,Thursday,Bicyclist Failed to Yield - Sign-Controlled Intersection,15.0,November,Bicyclist Ride Through - Sign-Controlled Intersection,2016,49.0,No,O: No Injury,Female,Passenger Car,No,34.37664894,-77.65568194,Dry,30 - 35  MPH,Stop Sign,Clear,No,0,0,11
Yes,28.0,No,With Traffic,C: Possible Injury,Male,None - Rural Crash,Onslow,No,Tuesday,Motorist Overtaking Bicyclist,18.0,November,Motorist Overtaking - Other / Unknown,2016,26.0,No,O: No Injury,Female,"Light Truck (Mini-Van, Panel)",No,34.7940298,-77.50002145,Dry,50 - 55  MPH,No Control Present,Clear,No,0,0,11
Yes,55.0,No,Not Applicable,A: Suspected Serious Injury,Male,Salisbury,Rowan,No,Thursday,Bicyclist Failed to Yield - Midblock,20.0,November,Bicyclist Ride Out - Midblock - Unknown,2016,73.0,No,B: Suspected Minor Injury,Male,Passenger Car,No,35.67498003,-80.50290977,Dry,50 - 55  MPH,No Control Present,Clear,No,0,0,11
No,31.0,No,Not Applicable,C: Possible Injury,Male,Raleigh,Wake,No,Monday,Bicyclist Failed to Yield - Midblock,10.0,December,Multiple Threat - Midblock,2016,67.0,No,O: No Injury,Female,Van,No,35.76057357,-78.58310131,Dry,30 - 35  MPH,Yield Sign,Clear,No,0,0,12
Yes,55.0,No,Facing Traffic,C: Possible Injury,Male,Rocky Mount,Edgecombe,No,Wednesday,Bicyclist Right Turn / Merge,2.0,December,Bicyclist Right Turn - Same Direction,2016,20.0,No,O: No Injury,Female,Passenger Car,No,35.93345108,-77.79724193,Wet,30 - 35  MPH,No Control Present,Rain,No,0,0,12
Yes,59.0,No,Facing Traffic,C: Possible Injury,Male,Raleigh,Wake,No,Tuesday,Motorist Failed to Yield - Sign-Controlled Intersection,16.0,December,Motorist Drive Out - Sign-Controlled Intersection,2016,32.0,No,O: No Injury,Female,Sport Utility,No,35.77983465,-78.62353341,Wet,30 - 35  MPH,Stop Sign,Rain,No,0,0,12
No,21.0,No,With Traffic,C: Possible Injury,Male,Shelby,Cleveland,No,Wednesday,Motorist Right Turn / Merge,10.0,November,Motorist Right Turn - Same Direction,2016,78.0,No,O: No Injury,Female,Passenger Car,No,35.28367749,-81.49186859,Dry,40 - 45  MPH,Flashing Stop And Go Signal,Clear,No,0,0,11
Yes,37.0,No,With Traffic,C: Possible Injury,Male,Greensboro,Guilford,No,Sunday,Bicyclist Left Turn / Merge,20.0,October,Bicyclist Left Turn - Same Direction,2016,27.0,No,O: No Injury,Male,Passenger Car,No,36.03942055,-79.7970411,Dry,30 - 35  MPH,No Control Present,Clear,No,0,0,10
Yes,20.0,No,Facing Traffic,C: Possible Injury,Male,Lincolnton,Lincoln,No,Tuesday,Head-On,18.0,December,Head-On - Bicyclist,2016,46.0,No,O: No Injury,Male,Passenger Car,No,35.48713213,-81.20664218,Wet,40 - 45  MPH,"Double Yellow Line, No Passing Zone",Rain,No,0,0,12
No,20.0,No,With Traffic,C: Possible Injury,Female,Wilmington,New Hanover,No,Saturday,Bicyclist Failed to Yield - Signalized Intersection,17.0,November,Bicyclist Failed to Clear - Multiple Threat,2016,50.0,No,O: No Injury,Male,Passenger Car,No,34.22732844,-77.8793934,Dry,40 - 45  MPH,Stop And Go Signal,Clear,No,0,0,11
Yes,20.0,No,With Traffic,C: Possible Injury,Female,Chapel Hill,Orange,No,Monday,Motorist Left Turn / Merge,16.0,November,Motorist Left Turn - Opposite Direction,2016,39.0,No,O: No Injury,Male,Passenger Car,No,35.90879193,-79.04993741,Dry,20 - 25  MPH,No Control Present,Clear,No,0,0,11
No,27.0,No,With Traffic,C: Possible Injury,Male,Raleigh,Wake,No,Saturday,Motorist Failed to Yield - Sign-Controlled Intersection,18.0,December,Motorist Drive Out - Sign-Controlled Intersection,2016,28.0,No,O: No Injury,Male,Sport Utility,No,35.78700233,-78.68707539,Dry,20 - 25  MPH,Stop Sign,Clear,No,0,0,12
Yes,55.0,No,With Traffic,C: Possible Injury,Male,None - Rural Crash,Pasquotank,No,Wednesday,Motorist Overtaking Bicyclist,18.0,December,Motorist Overtaking - Undetected Bicyclist,2016,64.0,No,O: No Injury,Male,Pickup,No,36.31352393,-76.25023703,Dry,30 - 35  MPH,"Double Yellow Line, No Passing Zone",Clear,No,0,0,12
Yes,9.0,No,Facing Traffic,C: Possible Injury,Male,None - Rural Crash,Halifax,No,Sunday,Bicyclist Failed to Yield - Sign-Controlled Intersection,12.0,November,Bicyclist Ride Through - Sign-Controlled Intersection,2016,51.0,No,O: No Injury,Male,Passenger Car,No,36.41133799,-77.70117575,Dry,30 - 35  MPH,Stop And Go Signal,Clear,No,0,0,11
Yes,50.0,No,Unknown,O: No Injury,Male,Mount Olive,Wayne,No,Tuesday,Other / Unknown - Insufficient Details,10.0,December,Unknown Approach Paths,2016,42.03850604944766,Missing,Unknown Injury,Unknown,Unknown,Yes,35.20293302,-78.06493733,Dry,30 - 35  MPH,Stop Sign,Clear,No,1,0,12
Yes,77.0,No,Facing Traffic,C: Possible Injury,Male,Havelock,Craven,No,Wednesday,Motorist Failed to Yield - Sign-Controlled Intersection,19.0,November,Motorist Drive Out - Sign-Controlled Intersection,2016,58.0,No,O: No Injury,Female,Passenger Car,No,34.88278204,-76.91559307,Dry,20 - 25  MPH,Stop Sign,Clear,No,0,0,11
Yes,14.0,No,With Traffic,C: Possible Injury,Female,Cary,Wake,No,Monday,Motorist Left Turn / Merge,15.0,October,Motorist Left Turn - Opposite Direction,2016,43.0,No,O: No Injury,Male,Passenger Car,No,35.78058488,-78.837629,Dry,40 - 45  MPH,Stop And Go Signal,Clear,No,0,0,10
No,19.0,No,With Traffic,O: No Injury,Male,Durham,Durham,No,Wednesday,Motorist Overtaking Bicyclist,23.0,November,Motorist Overtaking - Other / Unknown,2016,42.03850604944766,Missing,Unknown Injury,Unknown,Sport Utility,Yes,36.01005274,-78.92227864,Wet,30 - 35  MPH,Stop And Go Signal,Rain,No,1,0,11
Yes,19.0,No,Facing Traffic,C: Possible Injury,Male,Gastonia,Gaston,No,Wednesday,Motorist Failed to Yield - Signalized Intersection,13.0,December,Motorist Drive Out - Right Turn on Red,2016,42.03850604944766,Missing,Unknown Injury,Unknown,Sport Utility,Yes,35.2622322,-81.19326014,Dry,30 - 35  MPH,Stop And Go Signal,Clear,No,1,0,12
Yes,59.0,Yes,Facing Traffic,C: Possible Injury,Male,Roanoke Rapids,Halifax,Yes,Wednesday,Crossing Paths - Other Circumstances,13.0,November,Sign-Controlled Intersection - Other / Unknown,2016,64.0,No,O: No Injury,Male,Passenger Car,No,36.43955579,-77.66007937,Dry,30 - 35  MPH,Stop Sign,Clear,No,0,0,11
Yes,56.0,No,With Traffic,Unknown Injury,Unknown,Asheville,Buncombe,No,Thursday,Motorist Left Turn / Merge,16.0,November,Motorist Left Turn - Opposite Direction,2016,72.0,No,O: No Injury,Male,Passenger Car,No,35.55649095,-82.64258891,Dry,20 - 25  MPH,Stop And Go Signal,Clear,No,0,0,11
Yes,54.0,No,With Traffic,C: Possible Injury,Male,Greenville,Pitt,No,Tuesday,Motorist Right Turn / Merge,12.0,November,Motorist Right Turn - Same Direction,2016,32.0,No,O: No Injury,Female,Passenger Car,No,35.5960706,-77.39526765,Dry,40 - 45  MPH,No Control Present,Clear,No,0,0,11
Yes,18.0,No,Not Applicable,Unknown Injury,Male,Cullowhee,Jackson,No,Wednesday,Crossing Paths - Other Circumstances,13.0,November,Crossing Paths - Uncontrolled Intersection,2016,19.0,No,O: No Injury,Female,Sport Utility,No,35.31056429,-83.18016648,Dry,20 - 25  MPH,No Control Present,Clear,No,0,0,11
Yes,62.0,No,Not Applicable,Unknown Injury,Unknown,Wilson,Wilson,No,Monday,Bicyclist Failed to Yield - Midblock,17.0,November,Bicyclist Ride Out - Midblock - Unknown,2016,68.0,No,O: No Injury,Male,Sport Utility,No,35.71270672,-77.887952,Dry,40 - 45  MPH,No Control Present,Cloudy,No,0,0,11
No,27.0,No,With Traffic,O: No Injury,Male,Durham,Durham,No,Friday,Motorist Right Turn / Merge,11.0,December,Motorist Right Turn - Same Direction,2016,20.0,No,O: No Injury,Female,Passenger Car,No,35.97044971,-78.95810388,Dry,20 - 25  MPH,No Control Present,Cloudy,No,0,0,12
No,28.0,No,With Traffic,C: Possible Injury,Male,Charlotte,Mecklenburg,No,Saturday,Crossing Paths - Other Circumstances,18.0,December,Sign-Controlled Intersection - Other / Unknown,2016,42.03850604944766,Missing,Unknown Injury,Unknown,Unknown,Yes,35.21086545,-80.9079973,Dry,30 - 35  MPH,No Control Present,Cloudy,No,1,0,12
Yes,45.0,Yes,Not Applicable,C: Possible Injury,Male,Thomasville,Davidson,Yes,Saturday,Non-Roadway,23.0,December,Non-Roadway,2016,26.0,No,O: No Injury,Male,Sport Utility,No,35.85488684,-80.06811609,Dry,Unknown,Stop Sign,Clear,No,0,0,12
No,21.0,No,With Traffic,C: Possible Injury,Male,Greensboro,Guilford,No,Monday,Motorist Left Turn / Merge,15.0,November,Motorist Left Turn - Opposite Direction,2016,34.0,No,O: No Injury,Female,Passenger Car,No,36.06577037,-79.81139534,Dry,20 - 25  MPH,Other,Clear,No,0,0,11
No,21.0,No,With Traffic,O: No Injury,Male,Wilmington,New Hanover,No,Friday,Motorist Left Turn / Merge,13.0,November,Motorist Left Turn - Opposite Direction,2016,24.0,No,O: No Injury,Female,Passenger Car,No,34.23025307,-77.87564926,Dry,20 - 25  MPH,No Control Present,Clear,No,0,0,11
Yes,29.0,No,With Traffic,C: Possible Injury,Male,Dunn,Harnett,No,Monday,Bicyclist Left Turn / Merge,14.0,December,Bicyclist Left Turn - Same Direction,2016,44.0,No,O: No Injury,Female,Passenger Car,No,35.30894099,-78.60228452,Wet,30 - 35  MPH,No Control Present,Rain,No,0,0,12
No,32.0,No,With Traffic,O: No Injury,Male,None - Rural Crash,Guilford,No,Wednesday,Motorist Overtaking Bicyclist,17.0,November,Motorist Overtaking - Undetected Bicyclist,2016,47.0,No,O: No Injury,Male,Van,No,35.91927037,-79.95745844,Dry,40 - 45  MPH,"Double Yellow Line, No Passing Zone",Clear,No,0,0,11
Yes,41.0,No,Facing Traffic,C: Possible Injury,Male,Raleigh,Wake,No,Tuesday,Motorist Failed to Yield - Midblock,19.0,December,Motorist Drive Out - Commercial Driveway / Alley,2016,23.0,No,O: No Injury,Male,Sport Utility,No,35.77820347,-78.67745219,Dry,Unknown,Stop Sign,Clear,No,0,0,12
No,16.0,No,Facing Traffic,C: Possible Injury,Male,Monroe,Union,No,Tuesday,Motorist Failed to Yield - Midblock,11.0,December,Motorist Drive Out - Commercial Driveway / Alley,2016,23.0,No,O: No Injury,Male,Sport Utility,No,35.01380637,-80.5691489,Dry,Unknown,No Control Present,Cloudy,No,0,0,12
Yes,32.52649525389365,Missing,With Traffic,Unknown Injury,Unknown,Greensboro,Guilford,No,Wednesday,Motorist Right Turn / Merge,14.0,December,Motorist Right Turn - Same Direction,2016,61.0,No,O: No Injury,Female,Sport Utility,No,36.05174398,-79.79804884,Dry,20 - 25  MPH,Stop And Go Signal,Clear,No,0,1,12
Yes,22.0,Unknown,With Traffic,A: Suspected Serious Injury,Male,Asheville,Buncombe,No,Sunday,Motorist Overtaking Bicyclist,2.0,November,Motorist Overtaking - Other / Unknown,2016,28.0,Unknown,O: No Injury,Male,Sport Utility,Yes,35.5585423,-82.53865095,Dry,30 - 35  MPH,No Control Present,Clear,No,0,0,11
Yes,16.0,No,With Traffic,A: Suspected Serious Injury,Male,None - Rural Crash,Stokes,No,Tuesday,Bicyclist Failed to Yield - Sign-Controlled Intersection,9.0,December,Bicyclist Ride Through - Sign-Controlled Intersection,2016,49.0,No,O: No Injury,Male,Passenger Car,No,36.38245697,-80.09530498,Dry,50 - 55  MPH,Stop Sign,Clear,No,0,0,12
No,15.0,No,Not Applicable,C: Possible Injury,Male,Lincolnton,Lincoln,No,Friday,Bicyclist Failed to Yield - Midblock,15.0,December,Bicyclist Ride Out - Commercial Driveway / Alley,2016,38.0,No,O: No Injury,Male,Passenger Car,No,35.48147421,-81.20743175,Dry,40 - 45  MPH,No Control Present,Clear,No,0,0,12
Yes,70.0,No,Not Applicable,C: Possible Injury,Male,Washington,Beaufort,No,Monday,Bicyclist Failed to Yield - Midblock,13.0,October,Bicyclist Ride Out - Other Midblock,2016,43.0,No,C: Possible Injury,Male,Passenger Car,No,35.5428397,-77.05851512,Dry,20 - 25  MPH,No Control Present,Clear,No,0,0,10
No,13.0,No,With Traffic,C: Possible Injury,Female,Wilmington,New Hanover,No,Friday,Motorist Failed to Yield - Signalized Intersection,19.0,November,Motorist Drive Out - Signalized Intersection,2016,42.03850604944766,Missing,Unknown Injury,Unknown,Unknown,Yes,34.22421317,-77.94485208,Dry,30 - 35  MPH,Stop And Go Signal,Clear,No,1,0,11
Yes,19.0,No,With Traffic,C: Possible Injury,Male,Southern Pines,Moore,No,Tuesday,Motorist Overtaking Bicyclist,15.0,November,Motorist Overtaking - Undetected Bicyclist,2016,90.0,No,O: No Injury,Female,Passenger Car,No,35.18753695,-79.43053459,Dry,20 - 25  MPH,No Control Present,Clear,No,0,0,11
Yes,23.0,No,With Traffic,C: Possible Injury,Female,None - Rural Crash,Pender,No,Sunday,Motorist Overtaking Bicyclist,17.0,December,Motorist Overtaking - Undetected Bicyclist,2016,36.0,No,O: No Injury,Male,Pickup,No,34.44079901,-78.08545347,Dry,50 - 55  MPH,No Control Present,Clear,No,0,0,12
Yes,14.0,No,With Traffic,C: Possible Injury,Male,Lumberton,Robeson,No,Monday,Motorist Overtaking Bicyclist,18.0,December,Motorist Overtaking - Undetected Bicyclist,2016,17.0,No,O: No Injury,Male,Passenger Car,No,34.65781665,-79.00960187,Dry,40 - 45  MPH,No Control Present,Clear,No,0,0,12
No,18.0,No,With Traffic,C: Possible Injury,Female,Chapel Hill,Orange,No,Sunday,Motorist Left Turn / Merge,19.0,November,Motorist Left Turn - Opposite Direction,2016,42.0,Unknown,O: No Injury,Female,Passenger Car,No,35.90298549,-79.05048504,Dry,20 - 25  MPH,Stop And Go Signal,Clear,No,0,0,11
No,32.52649525389365,Missing,Facing Traffic,Unknown Injury,Unknown,Raleigh,Wake,No,Sunday,Bicyclist Failed to Yield - Signalized Intersection,17.0,December,Bicyclist Ride Through - Signalized Intersection,2016,28.0,No,O: No Injury,Male,Passenger Car,Yes,35.84931652,-78.58642211,Wet,30 - 35  MPH,Stop And Go Signal,Rain,No,0,1,12
No,14.0,No,Not Applicable,C: Possible Injury,Female,Jacksonville,Onslow,No,Tuesday,Motorist Failed to Yield - Sign-Controlled Intersection,14.0,November,Motorist Drive Through - Sign-Controlled Intersection,2016,20.0,No,O: No Injury,Female,Passenger Car,No,34.78306501,-77.42487232,Dry,20 - 25  MPH,School Zone Signs,Cloudy,No,0,0,11
No,21.0,No,Facing Traffic,Unknown Injury,Female,Wilmington,New Hanover,No,Monday,Motorist Failed to Yield - Sign-Controlled Intersection,15.0,November,Motorist Drive Out - Sign-Controlled Intersection,2016,50.0,No,Unknown Injury,Female,Passenger Car,No,34.21752545,-77.8675834,Dry,5 - 15 MPH,Stop Sign,Clear,No,0,0,11
Yes,27.0,No,With Traffic,A: Suspected Serious Injury,Female,Raleigh,Wake,No,Thursday,Motorist Left Turn / Merge,16.0,December,Motorist Left Turn - Opposite Direction,2016,25.0,No,O: No Injury,Male,Passenger Car,No,35.7835922,-78.65666355,Dry,40 - 45  MPH,Stop Sign,Clear,No,0,0,12
Yes,56.0,No,Facing Traffic,C: Possible Injury,Male,None - Rural Crash,Burke,No,Tuesday,Crossing Paths - Other Circumstances,18.0,December,Sign-Controlled Intersection - Other / Unknown,2016,34.0,No,O: No Injury,Female,Passenger Car,No,35.69449328,-81.81057086,Dry,30 - 35  MPH,Stop Sign,Cloudy,No,0,0,12
Yes,47.0,Yes,With Traffic,K: Killed,Male,Gastonia,Gaston,Yes,Wednesday,Motorist Overtaking Bicyclist,19.0,November,Motorist Overtaking - Undetected Bicyclist,2016,55.0,No,Unknown Injury,Male,Sport Utility,No,35.15865591,-81.1987182,Dry,50 - 55  MPH,No Control Present,Clear,No,0,0,11
Yes,38.0,No,Facing Traffic,C: Possible Injury,Female,None - Rural Crash,New Hanover,No,Tuesday,Motorist Failed to Yield - Midblock,13.0,January,Motorist Drive Out - Commercial Driveway / Alley,2017,58.0,No,O: No Injury,Female,Van,No,34.14422353,-77.89741856,Dry,40 - 45  MPH,No Control Present,Clear,No,0,0,1
No,45.0,No,With Traffic,Unknown Injury,Male,High Point,Guilford,No,Friday,Motorist Failed to Yield - Sign-Controlled Intersection,17.0,December,Motorist Drive Out - Sign-Controlled Intersection,2016,42.03850604944766,Missing,Unknown Injury,Unknown,Pickup,Yes,35.95223368,-80.01448656,Dry,30 - 35  MPH,Stop Sign,Clear,No,1,0,12
No,55.0,Yes,With Traffic,C: Possible Injury,Male,Durham,Durham,Yes,Thursday,Other / Unknown - Insufficient Details,16.0,January,Unknown Approach Paths,2017,42.03850604944766,Missing,Unknown Injury,Unknown,Passenger Car,Yes,36.03688968,-78.86975479,Dry,30 - 35  MPH,No Control Present,Clear,No,1,0,1
Yes,40.0,No,Facing Traffic,C: Possible Injury,Male,Fayetteville,Cumberland,No,Monday,Motorist Right Turn / Merge,13.0,October,Motorist Right Turn - Opposite Direction,2016,90.0,No,O: No Injury,Male,Passenger Car,No,35.08456661,-78.90503588,Dry,30 - 35  MPH,Flashing Stop And Go Signal,Clear,No,0,0,10
Yes,40.0,No,With Traffic,K: Killed,Male,Whiteville,Columbus,No,Monday,Crossing Paths - Other Circumstances,18.0,January,Sign-Controlled Intersection - Other / Unknown,2017,51.0,No,O: No Injury,Male,Passenger Car,No,34.3089539,-78.71518533,Dry,40 - 45  MPH,Stop Sign,Clear,No,0,0,1
Yes,16.0,No,Unknown,C: Possible Injury,Male,Elizabeth City,Pasquotank,No,Thursday,Bicyclist Failed to Yield - Signalized Intersection,8.0,December,Bicyclist Ride Through - Signalized Intersection,2016,52.0,No,O: No Injury,Female,Sport Utility,No,36.29283946,-76.24563797,Dry,40 - 45  MPH,Stop And Go Signal,Clear,No,0,0,12
Yes,56.0,No,Unknown,K: Killed,Male,Raleigh,Wake,Yes,Wednesday,Bicyclist Failed to Yield - Signalized Intersection,23.0,December,Bicyclist Ride Through - Signalized Intersection,2016,25.0,Yes,O: No Injury,Female,Passenger Car,No,35.78646463,-78.71796195,Dry,40 - 45  MPH,Stop And Go Signal,Clear,No,0,0,12
Yes,55.0,No,With Traffic,C: Possible Injury,Male,Carrboro,Orange,No,Friday,Motorist Left Turn / Merge,18.0,December,Motorist Left Turn - Opposite Direction,2016,21.0,No,O: No Injury,Female,Passenger Car,No,35.9110851,-79.07230885,Dry,20 - 25  MPH,Stop And Go Signal,Clear,No,0,0,12
No,19.0,No,Unknown,C: Possible Injury,Male,Winston-Salem,Forsyth,No,Thursday,Crossing Paths - Other Circumstances,17.0,December,Sign-Controlled Intersection - Other / Unknown,2016,42.03850604944766,Unknown,Unknown Injury,Unknown,Unknown,Yes,36.06473537,-80.22021511,Dry,30 - 35  MPH,No Control Present,Clear,No,1,0,12
No,35.0,No,Facing Traffic,O: No Injury,Male,Winston-Salem,Forsyth,No,Wednesday,Motorist Failed to Yield - Signalized Intersection,8.0,December,Motorist Drive Out - Right Turn on Red,2016,68.0,No,O: No Injury,Male,Sport Utility,No,36.13698446,-80.29350508,Dry,30 - 35  MPH,Stop And Go Signal,Clear,No,0,0,12
Yes,14.0,No,Facing Traffic,C: Possible Injury,Male,Greensboro,Guilford,No,Thursday,Bicyclist Failed to Yield - Signalized Intersection,17.0,January,Bicyclist Ride Through - Signalized Intersection,2017,54.0,No,O: No Injury,Male,Passenger Car,No,36.07469992,-79.83299092,Dry,30 - 35  MPH,Stop And Go Signal,Clear,No,0,0,1
Yes,20.0,No,Facing Traffic,C: Possible Injury,Male,Cary,Wake,No,Saturday,Motorist Failed to Yield - Sign-Controlled Intersection,18.0,December,Motorist Drive Out - Sign-Controlled Intersection,2016,48.0,No,O: No Injury,Female,Passenger Car,No,35.79972688,-78.81751802,Dry,20 - 25  MPH,Stop Sign,Clear,No,0,0,12
Yes,10.0,No,Not Applicable,A: Suspected Serious Injury,Male,Maiden,Catawba,No,Monday,Bicyclist Failed to Yield - Midblock,15.0,May,Bicyclist Ride Out - Residential Driveway,2016,41.0,No,O: No Injury,Female,Sport Utility,No,35.57357044,-81.20180249,Wet,30 - 35  MPH,No Control Present,Rain,No,0,0,5
Yes,27.0,No,With Traffic,C: Possible Injury,Male,None - Rural Crash,Cabarrus,No,Tuesday,Motorist Overtaking Bicyclist,16.0,January,Motorist Overtaking - Other / Unknown,2017,26.0,No,O: No Injury,Female,"Light Truck (Mini-Van, Panel)",No,35.30252689,-80.55294328,Dry,50 - 55  MPH,"Double Yellow Line, No Passing Zone",Clear,No,0,0,1
Yes,37.0,No,With Traffic,C: Possible Injury,Male,Greensboro,Guilford,No,Thursday,Motorist Overtaking Bicyclist,6.0,January,Motorist Overtaking - Other / Unknown,2017,42.03850604944766,Missing,Unknown Injury,Unknown,Passenger Car,Yes,36.09132221,-79.86410309,Wet,30 - 35  MPH,No Control Present,Cloudy,No,1,0,1
No,40.0,No,Not Applicable,C: Possible Injury,Male,None - Rural Crash,Chatham,No,Tuesday,Non-Roadway,7.0,January,Non-Roadway,2017,54.0,No,O: No Injury,Male,Passenger Car,No,35.81751362,-79.09514443,Dry,20 - 25  MPH,No Control Present,Clear,No,0,0,1
Yes,34.0,No,With Traffic,C: Possible Injury,Female,Durham,Durham,No,Wednesday,Bicyclist Overtaking Motorist,9.0,January,Bicyclist Overtaking - Other / Unknown,2017,42.03850604944766,Missing,Unknown Injury,Unknown,Passenger Car,Yes,35.97977582,-78.8792992,Dry,30 - 35  MPH,Stop And Go Signal,Clear,No,1,0,1
Yes,49.0,No,Facing Traffic,C: Possible Injury,Male,Rocky Mount,Edgecombe,No,Friday,Motorist Failed to Yield - Midblock,17.0,January,Motorist Drive Out - Commercial Driveway / Alley,2017,60.0,No,O: No Injury,Male,Passenger Car,No,35.93915912,-77.79274646,Dry,5 - 15 MPH,No Control Present,Clear,No,0,0,1
Yes,62.0,No,With Traffic,A: Suspected Serious Injury,Female,Charlotte,Mecklenburg,No,Tuesday,Motorist Overtaking Bicyclist,6.0,January,Motorist Overtaking - Other / Unknown,2017,42.03850604944766,Missing,Unknown Injury,Unknown,Unknown,Yes,35.14229354,-80.78580184,Dry,40 - 45  MPH,Stop Sign,Clear,No,1,0,1
Yes,20.0,No,With Traffic,A: Suspected Serious Injury,Male,None - Rural Crash,Buncombe,No,Thursday,Motorist Overtaking Bicyclist,18.0,January,Motorist Overtaking - Undetected Bicyclist,2017,41.0,No,O: No Injury,Male,Passenger Car,No,35.54759764,-82.73647347,Dry,30 - 35  MPH,"Double Yellow Line, No Passing Zone",Clear,No,0,0,1
Yes,10.0,No,Not Applicable,C: Possible Injury,Female,Winterville,Pitt,No,Saturday,Non-Roadway,18.0,January,Non-Roadway,2017,64.0,No,O: No Injury,Male,Sport Utility,No,35.55756658,-77.41189794,Wet,5 - 15 MPH,No Control Present,Rain,No,0,0,1