AmbulanceR,BikeAge,BikeAlcFlg,BikeDir,BikeInjury,BikeSex,City,County,CrashAlcoh,CrashDay,CrashGrp,CrashHour,CrashMonth,CrashType,CrashYear,DrvrAge,DrvrAlcFlg,DrvrInjury,DrvrSex,DrvrVehTyp,HitRun,Latitude,Longitude,RdConditio,SpeedLimit,TraffCntrl,Weather,Workzone,DrvrAgeImputedFlag,BikeAgeImputedFlag,MonthCode
No,31.0,No,With Traffic,C: Possible Injury,Male,Charlotte,Mecklenburg,No,Tuesday,Crossing Paths - Other Circumstances,12.0,January,Sign-Controlled Intersection - Other / Unknown,2017,35.0,No,O: No Injury,Male,Sport Utility,No,35.19236711,-80.8800391,Dry,40 - 45  MPH,Stop Sign,Cloudy,No,0,0,1
No,28.0,No,Facing Traffic,O: No Injury,Female,Smithfield,Johnston,No,Sunday,Parallel Paths - Other Circumstances,15.0,January,Parallel Paths - Other / Unknown,2017,59.0,No,O: No Injury,Male,Passenger Car,No,35.47979324,-78.37237076,Ice,Unknown,No Control Present,Clear,No,0,0,1
No,43.0,No,With Traffic,C: Possible Injury,Male,None - Rural Crash,Scotland,No,Wednesday,Bicyclist Left Turn / Merge,12.0,January,Bicyclist Left Turn - Same Direction,2017,61.0,No,O: No Injury,Male,Pickup,No,34.79153235,-79.50975327,Dry,50 - 55  MPH,No Control Present,Clear,No,0,0,1
Yes,31.0,No,With Traffic,C: Possible Injury,Male,Durham,Durham,Yes,Tuesday,Motorist Overtaking Bicyclist,21.0,January,Motorist Overtaking - Other / Unknown,2017,38.0,Yes,O: No Injury,Female,Passenger Car,No,35.93687162,-78.89379323,Dry,40 - 45  MPH,No Control Present,Clear,No,0,0,1
Yes,34.0,Yes,With Traffic,K: Killed,Male,Charlotte,Mecklenburg,Yes,Monday,Motorist Overtaking Bicyclist,18.0,January,Motorist Overtaking - Undetected Bicyclist,2017,19.0,No,O: No Injury,Male,Passenger Car,No,35.19258501,-80.77972205,Wet,40 - 45  MPH,No Control Present,"Fog, Smog, Smoke",No,0,0,1
No,60.0,No,With Traffic,C: Possible Injury,Male,Fayetteville,Cumberland,No,Friday,Motorist Failed to Yield - Midblock,12.0,December,Motorist Drive Out - Commercial Driveway / Alley,2016,54.0,No,O: No Injury,Female,Sport Utility,No,35.05192654,-78.87945131,Dry,20 - 25  MPH,No Control Present,Clear,No,0,0,12
Yes,15.0,No,Facing Traffic,C: Possible Injury,Male,Forest City,Rutherford,No,Tuesday,Motorist Failed to Yield - Midblock,15.0,December,Motorist Drive Out - Commercial Driveway / Alley,2016,57.0,No,O: No Injury,Female,Passenger Car,No,35.33690647,-81.87105339,Dry,30 - 35  MPH,No Control Present,Clear,No,0,0,12
No,59.0,No,With Traffic,C: Possible Injury,Male,Charlotte,Mecklenburg,No,Tuesday,Parking / Bus-Related,18.0,January,Motorist Drive In / Out - Parking,2017,42.0,No,O: No Injury,Male,Passenger Car,No,35.22588566,-80.84164907,Dry,30 - 35  MPH,No Control Present,Clear,No,0,0,1
Yes,25.0,No,With Traffic,C: Possible Injury,Male,Greensboro,Guilford,No,Friday,Bicyclist Overtaking Motorist,2.0,February,Bicyclist Overtaking - Parked Vehicle,2017,22.0,Missing,O: No Injury,Male,Passenger Car,No,36.06376023,-79.82079149,Dry,30 - 35  MPH,No Control Present,Clear,No,0,0,2
Yes,19.0,No,With Traffic,C: Possible Injury,Male,Mount Holly,Gaston,No,Saturday,Motorist Failed to Yield - Sign-Controlled Intersection,19.0,December,Motorist Drive Out - Sign-Controlled Intersection,2016,30.0,No,O: No Injury,Male,Pickup,No,35.30713742,-81.02092487,Dry,30 - 35  MPH,Stop Sign,Cloudy,No,0,0,12
Yes,17.0,No,Not Applicable,C: Possible Injury,Male,Greensboro,Guilford,No,Thursday,Non-Roadway,17.0,January,Non-Roadway,2017,41.0,No,O: No Injury,Female,Police,No,36.05544904,-79.79533976,Dry,30 - 35  MPH,No Control Present,Clear,No,0,0,1
No,14.0,No,Not Applicable,C: Possible Injury,Male,Kenly,Johnston,No,Monday,Bicyclist Failed to Yield - Midblock,17.0,January,Bicyclist Ride Out - Other Midblock,2017,56.0,No,O: No Injury,Female,Passenger Car,No,35.57811156,-78.14281759,Dry,40 - 45  MPH,No Control Present,Clear,No,0,0,1
Yes,36.0,No,Facing Traffic,C: Possible Injury,Male,None - Rural Crash,Hoke,No,Tuesday,Loss of Control / Turning Error,17.0,December,Motorist Lost Control - Other / Unknown,2016,49.0,No,O: No Injury,Female,Passenger Car,No,34.97993376,-79.19479551,Dry,40 - 45  MPH,"Double Yellow Line, No Passing Zone",Cloudy,No,0,0,12
Yes,49.0,No,With Traffic,Unknown Injury,Unknown,Wilson,Wilson,No,Sunday,Motorist Overtaking Bicyclist,23.0,December,Motorist Overtaking - Undetected Bicyclist,2016,30.0,No,B: Suspected Minor Injury,Female,Van,No,35.73350702,-77.92713293,Unknown,30 - 35  MPH,No Control Present,Clear,No,0,0,12
No,66.0,No,With Traffic,O: No Injury,Male,Lumberton,Robeson,No,Friday,Bicyclist Overtaking Motorist,10.0,January,Bicyclist Overtaking - Other / Unknown,2017,53.0,No,O: No Injury,Female,Pickup,No,34.64554348,-79.00011796,Dry,40 - 45  MPH,Stop And Go Signal,Clear,No,0,0,1
Yes,8.0,No,Not Applicable,C: Possible Injury,Female,Rocky Mount,Nash,No,Wednesday,Bicyclist Failed to Yield - Midblock,18.0,February,Bicyclist Ride Out - Residential Driveway,2017,32.0,No,O: No Injury,Male,Pickup,No,35.98805283,-77.84692975,Dry,30 - 35  MPH,No Control Present,Clear,No,0,0,2
No,61.0,No,Facing Traffic,C: Possible Injury,Male,Morehead City,Carteret,No,Monday,Motorist Failed to Yield - Signalized Intersection,15.0,January,Motorist Drive Out - Signalized Intersection,2017,52.0,No,O: No Injury,Female,Sport Utility,No,34.72686772,-76.7567388,Dry,30 - 35  MPH,Stop And Go Signal,Cloudy,No,0,0,1
Yes,30.0,No,Facing Traffic,A: Suspected Serious Injury,Male,None - Rural Crash,Graham,No,Saturday,Loss of Control / Turning Error,17.0,January,Bicyclist Lost Control - Other / Unknown,2017,24.0,No,O: No Injury,Male,"Single Unit Truck (2-Axle, 6-Tire)",No,35.44293582,-83.8710461,Dry,30 - 35  MPH,"Double Yellow Line, No Passing Zone",Clear,No,0,0,1
No,33.0,No,Not Applicable,C: Possible Injury,Male,Wilmington,New Hanover,No,Wednesday,Bicyclist Failed to Yield - Midblock,15.0,January,Bicyclist Ride Out - Commercial Driveway / Alley,2017,46.0,No,O: No Injury,Female,Passenger Car,No,34.23600151,-77.94751201,Dry,20 - 25  MPH,No Control Present,Clear,No,0,0,1
No,7.0,No,Unknown,C: Possible Injury,Male,Sanford,Lee,No,Monday,Crossing Paths - Other Circumstances,15.0,January,Crossing Paths - Intersection - Other / Unknown,2017,65.0,No,O: No Injury,Male,Pickup,No,35.48526172,-79.15921826,Dry,30 - 35  MPH,No Control Present,Clear,No,0,0,1
Yes,50.0,No,With Traffic,C: Possible Injury,Male,Durham,Durham,No,Sunday,Motorist Overtaking Bicyclist,19.0,February,Motorist Overtaking - Other / Unknown,2017,42.03850604944766,Unknown,Unknown Injury,Unknown,Passenger Car,Yes,36.00865793,-78.94414877,Dry,20 - 25  MPH,No Control Present,Clear,No,1,0,2
No,66.0,No,With Traffic,C: Possible Injury,Male,Wilmington,New Hanover,No,Friday,Loss of Control / Turning Error,14.0,January,Bicyclist Turning Error - Other,2017,42.0,No,O: No Injury,Male,Passenger Car,No,34.24257409,-77.88999801,Dry,40 - 45  MPH,Stop And Go Signal,Clear,No,0,0,1
Yes,24.0,No,With Traffic,K: Killed,Female,Wilmington,New Hanover,No,Friday,Motorist Overtaking Bicyclist,2.0,January,Motorist Overtaking - Other / Unknown,2017,42.03850604944766,Missing,Unknown Injury,Unknown,Unknown,Yes,34.19445866,-77.91476837,Dry,50 - 55  MPH,No Control Present,Clear,No,1,0,1
Yes,58.0,No,With Traffic,A: Suspected Serious Injury,Male,Raleigh,Wake,No,Wednesday,Loss of Control / Turning Error,17.0,February,Motorist Turning Error - Left Turn,2017,18.0,No,O: No Injury,Male,Sport Utility,No,35.78588938,-78.60752144,Dry,30 - 35  MPH,Stop Sign,Clear,No,0,0,2
No,50.0,No,With Traffic,C: Possible Injury,Male,Charlotte,Mecklenburg,No,Monday,Motorist Failed to Yield - Signalized Intersection,17.0,February,Motorist Drive Out - Right Turn on Red,2017,54.0,No,O: No Injury,Female,Passenger Car,No,35.20268288,-80.73085296,Dry,20 - 25  MPH,Stop And Go Signal,Clear,No,0,0,2
Yes,60.0,Yes,Not Applicable,C: Possible Injury,Male,Winston-Salem,Forsyth,Yes,Thursday,Bicyclist Failed to Yield - Midblock,15.0,February,Bicyclist Ride Out - Commercial Driveway / Alley,2017,61.0,No,O: No Injury,Female,Sport Utility,No,36.18496818,-80.27514871,Dry,40 - 45  MPH,No Control Present,Clear,No,0,0,2
Yes,32.52649525389365,Missing,With Traffic,Unknown Injury,Unknown,Jacksonville,Onslow,No,Thursday,Bicyclist Failed to Yield - Signalized Intersection,14.0,January,Bicyclist Ride Through - Signalized Intersection,2017,31.0,No,O: No Injury,Female,Passenger Car,Yes,34.75094966,-77.45253718,Dry,40 - 45  MPH,Stop And Go Signal,Clear,No,0,1,1
Yes,59.0,No,With Traffic,C: Possible Injury,Male,Charlotte,Mecklenburg,No,Saturday,Motorist Failed to Yield - Signalized Intersection,7.0,February,Motorist Drive Out - Signalized Intersection,2017,29.0,No,O: No Injury,Female,Passenger Car,No,35.21228993,-80.82643963,Dry,30 - 35  MPH,Stop And Go Signal,Clear,No,0,0,2
Yes,19.0,No,With Traffic,A: Suspected Serious Injury,Male,Raleigh,Wake,No,Saturday,Crossing Paths - Other Circumstances,1.0,February,Signalized Intersection - Other / Unknown,2017,42.03850604944766,Missing,Unknown Injury,Unknown,Unknown,Yes,35.82082875,-78.59167134,Dry,40 - 45  MPH,Stop And Go Signal,Clear,No,1,0,2
Yes,18.0,No,With Traffic,A: Suspected Serious Injury,Male,None - Rural Crash,Iredell,No,Thursday,Motorist Overtaking Bicyclist,19.0,February,Motorist Overtaking - Other / Unknown,2017,67.0,No,O: No Injury,Male,Pickup,No,35.82537768,-81.00093582,Dry,50 - 55  MPH,"Double Yellow Line, No Passing Zone",Clear,No,0,0,2
No,23.0,No,With Traffic,O: No Injury,Female,Raleigh,Wake,No,Friday,Motorist Left Turn / Merge,20.0,February,Motorist Left Turn - Opposite Direction,2017,28.0,No,O: No Injury,Female,Passenger Car,No,35.78185431,-78.65838291,Dry,20 - 25  MPH,Stop Sign,Clear,No,0,0,2
Yes,12.0,No,With Traffic,C: Possible Injury,Male,Greensboro,Guilford,No,Monday,Bicyclist Left Turn / Merge,15.0,February,Bicyclist Left Turn - Same Direction,2017,37.0,No,O: No Injury,Male,Passenger Car,No,36.04155294,-79.82592125,Dry,30 - 35  MPH,No Control Present,Clear,No,0,0,2
Yes,33.0,No,With Traffic,O: No Injury,Male,Charlotte,Mecklenburg,No,Friday,Motorist Right Turn / Merge,16.0,February,Motorist Right Turn - Same Direction,2017,45.0,No,O: No Injury,Male,Passenger Car,No,35.18934584,-80.83035404,Dry,30 - 35  MPH,Stop And Go Signal,Clear,No,0,0,2
No,20.0,No,With Traffic,C: Possible Injury,Female,Raleigh,Wake,No,Tuesday,Motorist Overtaking Bicyclist,11.0,February,Motorist Overtaking - Other / Unknown,2017,40.0,No,O: No Injury,Female,Passenger Car,No,35.78313805,-78.67800065,Dry,20 - 25  MPH,No Control Present,Clear,No,0,0,2
Yes,35.0,No,With Traffic,C: Possible Injury,Female,None - Rural Crash,Gaston,No,Wednesday,Motorist Overtaking Bicyclist,18.0,January,Motorist Overtaking - Undetected Bicyclist,2017,57.0,No,O: No Injury,Male,Pickup,No,35.37589564,-81.00326267,Dry,40 - 45  MPH,No Control Present,Clear,No,0,0,1
Yes,51.0,No,With Traffic,K: Killed,Male,None - Rural Crash,Robeson,No,Friday,Motorist Overtaking Bicyclist,6.0,February,Motorist Overtaking - Undetected Bicyclist,2017,70.0,No,O: No Injury,Male,Passenger Car,No,34.63814782,-78.96344489,Dry,50 - 55  MPH,"Double Yellow Line, No Passing Zone",Clear,No,0,0,2
Yes,24.0,No,With Traffic,C: Possible Injury,Male,Greenville,Pitt,No,Sunday,Bicyclist Failed to Yield - Sign-Controlled Intersection,16.0,February,Bicyclist Ride Through - Sign-Controlled Intersection,2017,21.0,No,O: No Injury,Male,Passenger Car,No,35.60795213,-77.35400605,Dry,30 - 35  MPH,Stop Sign,Clear,No,0,0,2
Yes,18.0,No,Facing Traffic,C: Possible Injury,Female,Wilmington,New Hanover,No,Tuesday,Bicyclist Failed to Yield - Signalized Intersection,16.0,January,Bicyclist Ride Through - Signalized Intersection,2017,73.0,No,O: No Injury,Female,Passenger Car,No,34.21764915,-77.93070268,Dry,30 - 35  MPH,Stop And Go Signal,Clear,No,0,0,1
No,50.0,No,With Traffic,O: No Injury,Male,Fayetteville,Cumberland,No,Friday,Motorist Overtaking Bicyclist,6.0,February,Motorist Overtaking - Undetected Bicyclist,2017,27.0,No,O: No Injury,Male,Pickup,No,35.06385175,-78.93327213,Dry,40 - 45  MPH,No Control Present,Cloudy,No,0,0,2
Yes,58.0,No,With Traffic,C: Possible Injury,Male,Charlotte,Mecklenburg,No,Wednesday,Bicyclist Failed to Yield - Sign-Controlled Intersection,17.0,February,Bicyclist Ride Through - Sign-Controlled Intersection,2017,31.0,No,O: No Injury,Female,Passenger Car,No,35.2242536,-80.89115682,Dry,40 - 45  MPH,Stop And Go Signal,Clear,No,0,0,2
No,13.0,No,With Traffic,C: Possible Injury,Male,Fayetteville,Cumberland,No,Thursday,Motorist Left Turn / Merge,17.0,January,Motorist Left Turn - Same Direction,2017,26.0,No,Unknown Injury,Female,Passenger Car,No,35.01700482,-78.96308336,Dry,30 - 35  MPH,Stop Sign,Clear,No,0,0,1
No,10.0,No,With Traffic,O: No Injury,Male,Fayetteville,Cumberland,No,Sunday,Bicyclist Failed to Yield - Sign-Controlled Intersection,14.0,January,Bicyclist Ride Through - Sign-Controlled Intersection,2017,61.0,No,B: Suspected Minor Injury,Male,Motorcycle,No,35.11066341,-78.91055063,Dry,20 - 25  MPH,Stop Sign,Clear,No,0,0,1
Yes,28.0,No,With Traffic,K: Killed,Male,Charlotte,Mecklenburg,Yes,Friday,Motorist Overtaking Bicyclist,23.0,February,Motorist Overtaking - Other / Unknown,2017,38.0,Yes,O: No Injury,Male,Sport Utility,Yes,35.2465712,-81.01343966,Dry,50 - 55  MPH,No Control Present,Clear,No,0,0,2
Yes,12.0,No,With Traffic,C: Possible Injury,Female,Ocean Isle Beach,Brunswick,No,Friday,Crossing Paths - Other Circumstances,14.0,February,Crossing Paths - Intersection - Other / Unknown,2017,86.0,No,O: No Injury,Female,Passenger Car,No,33.8882653,-78.43677141,Dry,30 - 35  MPH,Stop Sign,Clear,No,0,0,2
No,59.0,No,With Traffic,C: Possible Injury,Male,Greensboro,Guilford,No,Sunday,Motorist Right Turn / Merge,13.0,February,Motorist Right Turn - Same Direction,2017,18.0,No,O: No Injury,Female,Passenger Car,No,36.06528295,-79.81283383,Dry,20 - 25  MPH,Stop And Go Signal,Clear,No,0,0,2
No,34.0,No,With Traffic,O: No Injury,Female,Asheville,Buncombe,No,Wednesday,Motorist Failed to Yield - Sign-Controlled Intersection,20.0,January,Motorist Drive Out - Sign-Controlled Intersection,2017,42.03850604944766,Missing,Unknown Injury,Unknown,Unknown,Yes,35.57843203,-82.58380337,Dry,30 - 35  MPH,Stop Sign,Clear,No,1,0,1
Yes,15.0,No,With Traffic,C: Possible Injury,Male,None - Rural Crash,Robeson,No,Sunday,Motorist Overtaking Bicyclist,18.0,February,Motorist Overtaking - Misjudged Space,2017,44.0,No,O: No Injury,Male,Passenger Car,No,34.75038616,-79.2136565,Dry,50 - 55  MPH,No Control Present,Clear,No,0,0,2
Yes,52.0,No,With Traffic,A: Suspected Serious Injury,Female,None - Rural Crash,Richmond,No,Thursday,Motorist Overtaking Bicyclist,19.0,January,Motorist Overtaking - Undetected Bicyclist,2017,52.0,No,O: No Injury,Male,Pickup,No,34.91426599,-79.75708691,Dry,30 - 35  MPH,"Double Yellow Line, No Passing Zone",Clear,No,0,0,1
Yes,47.0,Yes,With Traffic,K: Killed,Male,High Point,Guilford,Yes,Monday,Motorist Overtaking Bicyclist,23.0,February,Motorist Overtaking - Undetected Bicyclist,2017,21.0,No,B: Suspected Minor Injury,Male,Passenger Car,No,35.94294204,-79.97440451,Dry,40 - 45  MPH,No Control Present,Clear,No,0,0,2
Yes,7.0,No,Not Applicable,C: Possible Injury,Male,Winston-Salem,Forsyth,No,Tuesday,Bicyclist Failed to Yield - Midblock,18.0,February,Bicyclist Ride Out - Residential Driveway,2017,26.0,No,O: No Injury,Male,Sport Utility,Yes,36.10447075,-80.22069718,Dry,20 - 25  MPH,No Control Present,Clear,No,0,0,2
No,41.0,No,With Traffic,O: No Injury,Male,Mooresville,Iredell,No,Wednesday,Motorist Overtaking Bicyclist,17.0,February,Motorist Overtaking - Bicyclist Swerved,2017,42.03850604944766,No,Unknown Injury,Unknown,Passenger Car,Yes,35.56248503,-80.83173883,Dry,40 - 45  MPH,"Double Yellow Line, No Passing Zone",Clear,No,1,0,2
No,41.0,No,Facing Traffic,O: No Injury,Male,Hendersonville,Henderson,No,Tuesday,Crossing Paths - Other Circumstances,20.0,March,Sign-Controlled Intersection - Other / Unknown,2017,20.0,No,O: No Injury,Female,Sport Utility,No,35.30694869,-82.4546217,Wet,30 - 35  MPH,Stop Sign,Rain,No,0,0,3
Yes,14.0,No,With Traffic,C: Possible Injury,Male,Raleigh,Wake,No,Wednesday,Bicyclist Failed to Yield - Sign-Controlled Intersection,16.0,March,Bicyclist Ride Through - Sign-Controlled Intersection,2017,22.0,No,O: No Injury,Female,Passenger Car,No,35.91642952,-78.73742922,Dry,30 - 35  MPH,Stop Sign,Clear,No,0,0,3
Yes,15.0,No,With Traffic,C: Possible Injury,Male,None - Rural Crash,Richmond,No,Monday,Motorist Overtaking Bicyclist,20.0,February,Motorist Overtaking - Bicyclist Swerved,2017,34.0,No,O: No Injury,Female,Passenger Car,No,35.07549085,-79.7617775,Dry,30 - 35  MPH,"Double Yellow Line, No Passing Zone",Clear,No,0,0,2
Yes,18.0,No,With Traffic,A: Suspected Serious Injury,Male,None - Rural Crash,Randolph,No,Wednesday,Bicyclist Failed to Yield - Sign-Controlled Intersection,18.0,March,Bicyclist Ride Through - Sign-Controlled Intersection,2017,18.0,No,O: No Injury,Female,Passenger Car,No,35.77718971,-79.79602171,Dry,50 - 55  MPH,Stop Sign,Clear,No,0,0,3
No,6.0,No,With Traffic,O: No Injury,Male,Durham,Durham,No,Thursday,Motorist Right Turn / Merge,13.0,March,Motorist Right Turn - Same Direction,2017,72.0,No,O: No Injury,Male,Pickup,No,36.03188124,-78.87898795,Dry,20 - 25  MPH,No Control Present,Clear,No,0,0,3
Yes,62.0,No,With Traffic,O: No Injury,Male,Raleigh,Wake,No,Saturday,Loss of Control / Turning Error,12.0,March,"Bicyclist Lost Control - Oversteering, Improper Braking, Speed",2017,25.0,No,A: Suspected Serious Injury,Male,Motorcycle,No,35.90744651,-78.59672341,Dry,40 - 45  MPH,No Control Present,Clear,No,0,0,3
Yes,6.0,No,With Traffic,C: Possible Injury,Female,Gastonia,Gaston,No,Friday,Bicyclist Failed to Yield - Sign-Controlled Intersection,15.0,March,Bicyclist Ride Through - Sign-Controlled Intersection,2017,91.0,No,O: No Injury,Female,Passenger Car,No,35.25238673,-81.20095213,Dry,30 - 35  MPH,Stop Sign,Clear,No,0,0,3
No,32.52649525389365,Missing,Facing Traffic,Unknown Injury,Unknown,Troutman,Iredell,No,Monday,Motorist Overtaking Bicyclist,5.0,February,Motorist Overtaking - Other / Unknown,2017,61.0,No,O: No Injury,Male,Pickup,Yes,35.69304826,-80.87287542,Dry,30 - 35  MPH,No Control Present,Clear,No,0,1,2
Yes,47.0,No,With Traffic,A: Suspected Serious Injury,Male,None - Rural Crash,New Hanover,No,Saturday,Motorist Failed to Yield - Midblock,9.0,March,Motorist Drive Out - Commercial Driveway / Alley,2017,42.0,No,O: No Injury,Female,Passenger Car,No,33.96013702,-77.93857834,Dry,40 - 45  MPH,Stop Sign,Clear,No,0,0,3
No,44.0,No,Facing Traffic,O: No Injury,Male,Winston-Salem,Forsyth,No,Friday,Motorist Failed to Yield - Sign-Controlled Intersection,18.0,March,Motorist Drive Out - Sign-Controlled Intersection,2017,31.0,No,O: No Injury,Female,"Light Truck (Mini-Van, Panel)",No,36.06573253,-80.21854078,Dry,30 - 35  MPH,No Control Present,Clear,No,0,0,3
Yes,44.0,No,Not Applicable,C: Possible Injury,Male,High Point,Guilford,No,Wednesday,Bicyclist Failed to Yield - Midblock,17.0,March,Bicyclist Ride Out - Commercial Driveway / Alley,2017,50.0,No,O: No Injury,Male,Sport Utility,No,35.99235535,-80.03058599,Dry,30 - 35  MPH,Stop And Go Signal,Clear,No,0,0,3
Yes,26.0,No,With Traffic,O: No Injury,Male,Wilmington,New Hanover,No,Tuesday,Motorist Failed to Yield - Midblock,15.0,February,Motorist Drive Out - Commercial Driveway / Alley,2017,19.0,No,C: Possible Injury,Female,Passenger Car,No,34.23098008,-77.87805247,Dry,5 - 15 MPH,No Control Present,Clear,No,0,0,2
No,31.0,No,With Traffic,C: Possible Injury,Male,Cullowhee,Jackson,No,Tuesday,Motorist Left Turn / Merge,7.0,March,Motorist Left Turn - Same Direction,2017,69.0,No,O: No Injury,Male,Passenger Car,No,35.30834869,-83.17580543,Dry,20 - 25  MPH,No Control Present,Cloudy,No,0,0,3
Yes,55.0,Unknown,With Traffic,K: Killed,Male,Raleigh,Wake,No,Monday,Bicyclist Failed to Yield - Sign-Controlled Intersection,6.0,March,Bicyclist Ride Through - Sign-Controlled Intersection,2017,30.0,No,O: No Injury,Male,Sport Utility,No,35.80337299,-78.73449249,Dry,40 - 45  MPH,Stop And Go Signal,"Fog, Smog, Smoke",No,0,0,3
Yes,14.0,No,With Traffic,A: Suspected Serious Injury,Male,None - Rural Crash,Brunswick,No,Friday,Motorist Overtaking Bicyclist,16.0,March,Motorist Overtaking - Bicyclist Swerved,2017,33.0,No,O: No Injury,Male,Sport Utility,No,33.94367762,-78.30497405,Dry,40 - 45  MPH,No Control Present,Clear,No,0,0,3
Yes,27.0,Yes,Facing Traffic,C: Possible Injury,Male,Wilson,Wilson,Yes,Saturday,Head-On,2.0,February,Head-On - Bicyclist,2017,42.03850604944766,Missing,Unknown Injury,Unknown,Unknown,Yes,35.72473142,-77.91776108,Dry,40 - 45  MPH,No Control Present,Clear,No,1,0,2
No,65.0,No,With Traffic,O: No Injury,Male,Raleigh,Wake,No,Monday,Other / Unusual Circumstances,13.0,March,Motorist Intentionally Caused,2017,42.03850604944766,Missing,Unknown Injury,Unknown,Passenger Car,Yes,35.78626316,-78.64584865,Dry,30 - 35  MPH,No Control Present,Clear,No,1,0,3
Yes,56.0,No,Facing Traffic,A: Suspected Serious Injury,Male,Monroe,Union,No,Thursday,Bicyclist Failed to Yield - Midblock,16.0,March,Bicyclist Ride Out - Other Midblock,2017,48.0,No,C: Possible Injury,Female,Passenger Car,No,34.99152964,-80.53563483,Dry,40 - 45  MPH,No Control Present,Clear,No,0,0,3
Yes,78.0,No,With Traffic,A: Suspected Serious Injury,Male,None - Rural Crash,Craven,No,Thursday,Motorist Overtaking Bicyclist,13.0,March,Motorist Overtaking - Other / Unknown,2017,63.0,No,O: No Injury,Female,Passenger Car,No,34.96281088,-76.93600096,Dry,30 - 35  MPH,"Double Yellow Line, No Passing Zone",Clear,No,0,0,3
Yes,62.0,No,Facing Traffic,C: Possible Injury,Male,Raleigh,Wake,No,Friday,Motorist Right Turn / Merge,18.0,March,Motorist Right Turn on Red - Same Direction,2017,27.0,No,O: No Injury,Female,Passenger Car,No,35.83268875,-78.56026466,Dry,30 - 35  MPH,Stop And Go Signal,Clear,No,0,0,3
Yes,16.0,No,With Traffic,C: Possible Injury,Male,Davidson,Mecklenburg,No,Wednesday,Crossing Paths - Other Circumstances,16.0,March,Crossing Paths - Intersection - Other / Unknown,2017,53.0,No,C: Possible Injury,Male,Sport Utility,No,35.50016744,-80.84821574,Dry,20 - 25  MPH,Stop Sign,Clear,No,0,0,3
Yes,37.0,No,With Traffic,C: Possible Injury,Male,Wilmington,New Hanover,No,Sunday,Motorist Overtaking Bicyclist,16.0,March,Motorist Overtaking - Other / Unknown,2017,42.03850604944766,Missing,Unknown Injury,Unknown,Unknown,Yes,34.23708399,-77.9289632,Dry,30 - 35  MPH,Stop And Go Signal,Clear,No,1,0,3
Yes,21.0,No,Facing Traffic,O: No Injury,Male,Raleigh,Wake,No,Wednesday,Crossing Paths - Other Circumstances,18.0,March,Sign-Controlled Intersection - Other / Unknown,2017,52.0,No,O: No Injury,Male,"Light Truck (Mini-Van, Panel)",No,35.88840564,-78.55570422,Dry,5 - 15 MPH,No Control Present,Clear,No,0,0,3
No,37.0,No,With Traffic,C: Possible Injury,Female,Leland,Brunswick,No,Friday,Motorist Overtaking Bicyclist,20.0,March,Motorist Overtaking - Other / Unknown,2017,21.0,No,O: No Injury,Male,Passenger Car,No,34.24669228,-78.02129596,Dry,40 - 45  MPH,No Control Present,Clear,No,0,0,3
No,37.0,No,With Traffic,O: No Injury,Male,Wilmington,New Hanover,No,Saturday,Motorist Right Turn / Merge,11.0,March,Motorist Right Turn - Same Direction,2017,56.0,No,O: No Injury,Female,Passenger Car,No,34.24549863,-77.89002068,Wet,30 - 35  MPH,Stop Sign,Cloudy,No,0,0,3
Yes,19.0,No,Facing Traffic,O: No Injury,Male,Winston-Salem,Forsyth,No,Tuesday,Crossing Paths - Other Circumstances,18.0,February,Sign-Controlled Intersection - Other / Unknown,2017,33.0,Unknown,Unknown Injury,Male,Passenger Car,No,36.09233216,-80.22751285,Dry,5 - 15 MPH,Stop And Go Signal,Clear,No,0,0,2
No,50.0,No,With Traffic,C: Possible Injury,Male,Greenville,Pitt,No,Wednesday,Motorist Overtaking Bicyclist,11.0,March,Motorist Overtaking - Other / Unknown,2017,42.03850604944766,Missing,Unknown Injury,Unknown,Unknown,Yes,35.5527544,-77.38454662,Dry,40 - 45  MPH,No Control Present,Cloudy,No,1,0,3
Yes,20.0,No,With Traffic,C: Possible Injury,Male,Charlotte,Mecklenburg,No,Thursday,Bicyclist Right Turn / Merge,6.0,March,Bicyclist Right Turn - Same Direction,2017,54.0,No,O: No Injury,Male,Sport Utility,No,35.22581056,-80.84161773,Dry,30 - 35  MPH,No Control Present,Clear,No,0,0,3
Yes,12.0,No,With Traffic,Unknown Injury,Unknown,High Point,Guilford,No,Sunday,Bicyclist Failed to Yield - Sign-Controlled Intersection,15.0,March,Bicyclist Ride Through - Sign-Controlled Intersection,2017,33.0,No,O: No Injury,Female,Passenger Car,No,36.02982171,-80.00230282,Dry,40 - 45  MPH,Stop Sign,Cloudy,No,0,0,3
No,34.0,No,With Traffic,C: Possible Injury,Female,Charlotte,Mecklenburg,No,Monday,Crossing Paths - Other Circumstances,10.0,April,Crossing Paths - Intersection - Other / Unknown,2017,24.0,No,O: No Injury,Male,Passenger Car,No,35.21708644,-80.82754364,Dry,30 - 35  MPH,Stop Sign,Cloudy,No,0,0,4