AmbulanceR,BikeAge,BikeAlcFlg,BikeDir,BikeInjury,BikeSex,City,County,CrashAlcoh,CrashDay,CrashGrp,CrashHour,CrashMonth,CrashType,CrashYear,DrvrAge,DrvrAlcFlg,DrvrInjury,DrvrSex,DrvrVehTyp,HitRun,Latitude,Longitude,RdConditio,SpeedLimit,TraffCntrl,Weather,Workzone,DrvrAgeImputedFlag,BikeAgeImputedFlag,MonthCode
Yes,7.0,No,Facing Traffic,A: Suspected Serious Injury,Male,Rocky Mount,Edgecombe,No,Sunday,Parallel Paths - Other Circumstances,17.0,April,Bicyclist Ride Out - Parallel Path,2017,26.0,No,O: No Injury,Male,Passenger Car,No,35.93245903,-77.79352986,Dry,30 - 35  MPH,No Control Present,Clear,No,0,0,4
Yes,10.0,No,With Traffic,C: Possible Injury,Female,Henderson,Vance,No,Saturday,Bicyclist Failed to Yield - Sign-Controlled Intersection,15.0,March,Bicyclist Ride Through - Sign-Controlled Intersection,2017,62.0,No,O: No Injury,Female,Van,No,36.31712589,-78.40329477,Dry,20 - 25  MPH,Stop Sign,Clear,No,0,0,3
Yes,62.0,Yes,Facing Traffic,C: Possible Injury,Male,New Bern,Craven,Yes,Tuesday,Crossing Paths - Other Circumstances,16.0,April,Crossing Paths - Intersection - Other / Unknown,2017,56.0,No,O: No Injury,Male,Passenger Car,No,35.10191875,-77.05742676,Dry,50 - 55  MPH,Stop And Go Signal,Clear,No,0,0,4
Yes,26.0,No,Facing Traffic,C: Possible Injury,Male,Wilmington,New Hanover,No,Tuesday,Motorist Right Turn / Merge,12.0,March,Motorist Right Turn - Opposite Direction,2017,79.0,No,O: No Injury,Male,Passenger Car,No,34.25465815,-77.91975549,Dry,30 - 35  MPH,Stop And Go Signal,Clear,No,0,0,3
Yes,44.0,No,With Traffic,C: Possible Injury,Male,Chapel Hill,Orange,No,Friday,Motorist Right Turn / Merge,20.0,March,Motorist Right Turn - Same Direction,2017,29.0,No,O: No Injury,Male,Passenger Car,No,35.91103984,-79.06497163,Dry,20 - 25  MPH,No Control Present,Clear,No,0,0,3
Yes,55.0,No,With Traffic,C: Possible Injury,Male,None - Rural Crash,Wilson,No,Monday,Motorist Overtaking Bicyclist,13.0,April,Motorist Overtaking - Other / Unknown,2017,33.0,No,O: No Injury,Female,Passenger Car,No,35.76981646,-78.02489807,Dry,40 - 45  MPH,"Double Yellow Line, No Passing Zone",Clear,No,0,0,4
Yes,58.0,No,With Traffic,C: Possible Injury,Male,New Bern,Craven,No,Saturday,Motorist Overtaking Bicyclist,22.0,April,Motorist Overtaking - Misjudged Space,2017,42.03850604944766,Missing,Unknown Injury,Unknown,Unknown,Yes,35.11799215,-77.07742578,Dry,30 - 35  MPH,No Control Present,Clear,No,1,0,4
No,8.0,No,Facing Traffic,C: Possible Injury,Male,Tarboro,Edgecombe,No,Saturday,Bicyclist Failed to Yield - Sign-Controlled Intersection,18.0,April,Bicyclist Ride Through - Sign-Controlled Intersection,2017,23.0,No,O: No Injury,Female,Passenger Car,No,35.90660468,-77.54578731,Dry,20 - 25  MPH,No Control Present,Clear,No,0,0,4
No,30.0,No,Not Applicable,O: No Injury,Male,Wilmington,New Hanover,No,Tuesday,Non-Roadway,13.0,March,Non-Roadway,2017,28.0,No,O: No Injury,Female,Passenger Car,No,34.22861446,-77.87403648,Dry,5 - 15 MPH,Stop Sign,Clear,No,0,0,3
Yes,20.0,No,Facing Traffic,C: Possible Injury,Male,Charlotte,Mecklenburg,No,Thursday,Crossing Paths - Other Circumstances,16.0,March,Crossing Paths - Intersection - Other / Unknown,2017,37.0,No,O: No Injury,Female,Commercial Bus,No,35.21236112,-80.79134127,Dry,30 - 35  MPH,No Control Present,Cloudy,No,0,0,3
Yes,14.0,Unknown,Facing Traffic,A: Suspected Serious Injury,Male,Greensboro,Guilford,No,Monday,Bicyclist Failed to Yield - Midblock,17.0,April,Bicyclist Ride Out - Other Midblock,2017,21.0,Unknown,O: No Injury,Male,Pickup,Yes,36.048678,-79.7905606,Wet,30 - 35  MPH,No Control Present,Rain,No,0,0,4
No,53.0,Yes,Facing Traffic,O: No Injury,Male,Charlotte,Mecklenburg,Yes,Friday,Motorist Right Turn / Merge,20.0,April,Motorist Right Turn - Opposite Direction,2017,54.0,No,O: No Injury,Female,Sport Utility,No,35.09554295,-80.84098237,Dry,40 - 45  MPH,Stop Sign,Clear,No,0,0,4
No,18.0,No,Not Applicable,O: No Injury,Female,Charlotte,Mecklenburg,No,Saturday,Non-Roadway,16.0,April,Non-Roadway,2017,42.03850604944766,Missing,Unknown Injury,Unknown,Unknown,Yes,35.22720879,-80.84568875,Dry,5 - 15 MPH,No Control Present,Clear,No,1,0,4
No,18.0,No,Facing Traffic,C: Possible Injury,Male,Raleigh,Wake,No,Friday,Crossing Paths - Other Circumstances,18.0,April,Crossing Paths - Intersection - Other / Unknown,2017,36.0,No,O: No Injury,Female,Sport Utility,No,35.81626864,-78.56757991,Dry,20 - 25  MPH,Stop And Go Signal,Clear,No,0,0,4
Yes,15.0,No,With Traffic,C: Possible Injury,Male,None - Rural Crash,Wake,No,Wednesday,Motorist Failed to Yield - Sign-Controlled Intersection,16.0,March,Motorist Drive Out - Sign-Controlled Intersection,2017,41.0,No,O: No Injury,Female,Sport Utility,No,35.78200631,-78.90367367,Dry,40 - 45  MPH,Stop Sign,Clear,No,0,0,3
No,15.0,No,Facing Traffic,C: Possible Injury,Male,Gastonia,Gaston,No,Monday,Crossing Paths - Other Circumstances,8.0,April,Crossing Paths - Intersection - Other / Unknown,2017,66.0,No,O: No Injury,Male,Pickup,No,35.23905035,-81.19224041,Dry,30 - 35  MPH,Stop Sign,Clear,No,0,0,4
No,32.52649525389365,Missing,With Traffic,Unknown Injury,Unknown,Morganton,Burke,No,Saturday,Crossing Paths - Other Circumstances,16.0,March,Signalized Intersection - Other / Unknown,2017,56.0,No,O: No Injury,Female,Passenger Car,No,35.74385769,-81.68801264,Dry,20 - 25  MPH,Stop And Go Signal,Clear,No,0,1,3
Yes,18.0,No,With Traffic,A: Suspected Serious Injury,Male,Asheville,Buncombe,No,Monday,Motorist Failed to Yield - Sign-Controlled Intersection,19.0,March,Motorist Drive Through - Sign-Controlled Intersection,2017,55.0,No,O: No Injury,Male,Passenger Car,No,35.56649458,-82.57874694,Dry,40 - 45  MPH,Stop Sign,Clear,No,0,0,3
Yes,58.0,No,With Traffic,C: Possible Injury,Male,None - Rural Crash,Scotland,No,Sunday,Motorist Overtaking Bicyclist,17.0,April,Motorist Overtaking - Other / Unknown,2017,41.0,No,O: No Injury,Male,Sport Utility,No,34.70248041,-79.52352225,Dry,50 - 55  MPH,"Double Yellow Line, No Passing Zone",Clear,No,0,0,4
No,30.0,No,With Traffic,C: Possible Injury,Male,Hendersonville,Henderson,No,Wednesday,Motorist Left Turn / Merge,8.0,April,Motorist Left Turn - Opposite Direction,2017,75.0,No,O: No Injury,Male,Sport Utility,No,35.33293332,-82.44873952,Dry,30 - 35  MPH,Stop And Go Signal,Cloudy,No,0,0,4
Yes,11.0,No,Facing Traffic,Unknown Injury,Unknown,High Point,Guilford,No,Friday,Loss of Control / Turning Error,15.0,March,Bicyclist Lost Control - Mechanical Problems,2017,50.0,No,O: No Injury,Female,Van,No,35.97948887,-79.99128588,Dry,30 - 35  MPH,Stop And Go Signal,Clear,No,0,0,3
Yes,10.0,Missing,Not Applicable,C: Possible Injury,Female,Charlotte,Mecklenburg,No,Monday,Non-Roadway,19.0,April,Non-Roadway,2017,33.0,No,O: No Injury,Male,Passenger Car,No,35.3700608,-80.78188982,Dry,Unknown,No Control Present,Clear,No,0,0,4
Yes,20.0,No,Facing Traffic,C: Possible Injury,Male,Greensboro,Guilford,No,Wednesday,Crossing Paths - Other Circumstances,23.0,April,Sign-Controlled Intersection - Other / Unknown,2017,31.0,No,O: No Injury,Female,Sport Utility,No,36.12605026,-79.80993288,Dry,5 - 15 MPH,No Control Present,Clear,No,0,0,4
Yes,28.0,No,With Traffic,C: Possible Injury,Female,Salisbury,Rowan,No,Saturday,Bicyclist Failed to Yield - Sign-Controlled Intersection,15.0,April,Bicyclist Ride Through - Sign-Controlled Intersection,2017,62.0,No,O: No Injury,Female,Pickup,No,35.66721987,-80.46123609,Dry,30 - 35  MPH,Stop Sign,Clear,No,0,0,4
Yes,61.0,Yes,With Traffic,C: Possible Injury,Male,None - Rural Crash,Robeson,Yes,Friday,Motorist Overtaking Bicyclist,23.0,April,Motorist Overtaking - Other / Unknown,2017,25.0,No,O: No Injury,Female,Passenger Car,No,34.50141655,-79.09323587,Dry,50 - 55  MPH,"Double Yellow Line, No Passing Zone",Clear,No,0,0,4
No,55.0,No,Facing Traffic,C: Possible Injury,Male,Charlotte,Mecklenburg,No,Friday,Crossing Paths - Other Circumstances,20.0,April,Crossing Paths - Intersection - Other / Unknown,2017,30.0,No,O: No Injury,Female,Passenger Car,No,35.26292655,-80.85490191,Dry,30 - 35  MPH,Stop And Go Signal,Clear,No,0,0,4
Yes,8.0,No,With Traffic,C: Possible Injury,Female,Roanoke Rapids,Halifax,No,Saturday,Bicyclist Failed to Yield - Sign-Controlled Intersection,16.0,April,Bicyclist Ride Through - Sign-Controlled Intersection,2017,42.03850604944766,Missing,Unknown Injury,Unknown,Pickup,Yes,36.45924837,-77.66088692,Dry,20 - 25  MPH,No Control Present,Clear,No,1,0,4
Yes,77.0,No,Facing Traffic,C: Possible Injury,Male,Lowell,Gaston,No,Friday,Crossing Paths - Other Circumstances,9.0,February,Crossing Paths - Intersection - Other / Unknown,2017,41.0,No,O: No Injury,Male,Pickup,No,35.2656341,-81.09570459,Dry,20 - 25  MPH,Stop Sign,Clear,No,0,0,2
Yes,22.0,No,Facing Traffic,A: Suspected Serious Injury,Male,Charlotte,Mecklenburg,No,Monday,Bicyclist Failed to Yield - Midblock,4.0,April,Bicyclist Ride Out - Other Midblock,2017,42.0,No,O: No Injury,Male,Passenger Car,No,35.17005615,-80.79595122,Dry,40 - 45  MPH,No Control Present,Clear,No,0,0,4
Yes,57.0,No,With Traffic,C: Possible Injury,Male,Tarboro,Edgecombe,No,Tuesday,Motorist Right Turn / Merge,14.0,April,Motorist Right Turn - Same Direction,2017,79.0,No,O: No Injury,Male,Passenger Car,No,35.91113815,-77.54481112,Dry,20 - 25  MPH,Stop Sign,Clear,No,0,0,4
Yes,42.0,Yes,With Traffic,K: Killed,Male,Kenly,Johnston,Yes,Friday,Crossing Paths - Other Circumstances,0.0,April,Crossing Paths - Intersection - Other / Unknown,2017,18.0,No,O: No Injury,Male,Pickup,No,35.59752451,-78.12596078,Unknown,30 - 35  MPH,No Control Present,Clear,No,0,0,4
No,21.0,No,Not Applicable,O: No Injury,Male,Nags Head,Dare,No,Saturday,Bicyclist Failed to Yield - Midblock,19.0,July,Bicyclist Ride Out - Commercial Driveway / Alley,2016,22.0,No,O: No Injury,Female,Passenger Car,No,35.98960572,-75.64718556,Dry,20 - 25  MPH,No Control Present,Clear,No,0,0,7
Yes,21.0,No,Facing Traffic,C: Possible Injury,Male,Greensboro,Guilford,No,Tuesday,Motorist Failed to Yield - Midblock,13.0,May,Motorist Drive Out - Residential Driveway,2017,41.0,No,O: No Injury,Female,Passenger Car,No,36.13979779,-79.77851458,Dry,30 - 35  MPH,No Control Present,Clear,No,0,0,5
Yes,60.0,Yes,With Traffic,K: Killed,Male,Charlotte,Mecklenburg,Yes,Sunday,Crossing Paths - Other Circumstances,15.0,April,Crossing Paths - Uncontrolled Intersection,2017,54.0,No,O: No Injury,Female,Van,No,35.23966519,-80.92555809,Dry,40 - 45  MPH,No Control Present,Clear,No,0,0,4
No,31.0,No,With Traffic,C: Possible Injury,Male,Carrboro,Orange,No,Monday,Motorist Left Turn / Merge,18.0,April,Motorist Left Turn - Opposite Direction,2017,71.0,No,O: No Injury,Male,Passenger Car,No,35.9097477,-79.07144694,Dry,20 - 25  MPH,No Control Present,Clear,No,0,0,4
Yes,15.0,No,With Traffic,O: No Injury,Female,Charlotte,Mecklenburg,No,Wednesday,Motorist Failed to Yield - Sign-Controlled Intersection,15.0,May,Motorist Drive Out - Sign-Controlled Intersection,2017,17.0,No,O: No Injury,Female,Passenger Car,No,35.22167087,-80.81172504,Dry,20 - 25  MPH,Stop Sign,Clear,No,0,0,5
No,16.0,No,Facing Traffic,C: Possible Injury,Male,Fayetteville,Cumberland,No,Saturday,Crossing Paths - Other Circumstances,19.0,April,Crossing Paths - Intersection - Other / Unknown,2017,19.0,No,O: No Injury,Male,Passenger Car,No,35.07221039,-79.01176627,Dry,40 - 45  MPH,Other,Clear,No,0,0,4
Yes,7.0,No,With Traffic,C: Possible Injury,Female,Charlotte,Mecklenburg,No,Thursday,Motorist Failed to Yield - Midblock,20.0,May,Motorist Drive Out - Commercial Driveway / Alley,2017,35.0,No,O: No Injury,Female,Passenger Car,No,35.24895709,-80.81612735,Dry,5 - 15 MPH,No Control Present,Cloudy,No,0,0,5
Yes,53.0,No,With Traffic,O: No Injury,Male,None - Rural Crash,Lincoln,No,Monday,Motorist Overtaking Bicyclist,11.0,April,Motorist Overtaking - Other / Unknown,2017,63.0,No,O: No Injury,Female,Van,No,35.49239885,-81.1964651,Wet,40 - 45  MPH,"Double Yellow Line, No Passing Zone",Rain,No,0,0,4
Yes,55.0,No,With Traffic,O: No Injury,Male,None - Rural Crash,Lincoln,No,Friday,Motorist Overtaking Bicyclist,20.0,May,Motorist Overtaking - Misjudged Space,2017,23.0,No,O: No Injury,Male,Passenger Car,No,35.49706813,-80.99449976,Dry,40 - 45  MPH,"Double Yellow Line, No Passing Zone",Cloudy,No,0,0,5
Yes,35.0,No,With Traffic,A: Suspected Serious Injury,Female,Raleigh,Wake,No,Wednesday,Motorist Failed to Yield - Sign-Controlled Intersection,8.0,May,Motorist Drive Out - Sign-Controlled Intersection,2017,47.0,No,O: No Injury,Male,Passenger Car,No,35.78217823,-78.62731617,Dry,20 - 25  MPH,Stop Sign,Clear,No,0,0,5
Yes,44.0,No,With Traffic,C: Possible Injury,Male,Charlotte,Mecklenburg,No,Thursday,Bicyclist Right Turn / Merge,2.0,April,Bicyclist Right Turn - Same Direction,2017,42.03850604944766,Unknown,Unknown Injury,Unknown,Sport Utility,Yes,35.27208389,-80.83506519,Dry,60 - 75 MPH,No Control Present,Cloudy,No,1,0,4
Yes,20.0,No,With Traffic,C: Possible Injury,Male,Charlotte,Mecklenburg,No,Monday,Motorist Overtaking Bicyclist,13.0,May,Motorist Overtaking - Bicyclist Swerved,2017,76.0,No,O: No Injury,Male,Sport Utility,No,35.17825111,-80.80102004,Dry,30 - 35  MPH,No Control Present,Clear,No,0,0,5
Yes,29.0,Yes,With Traffic,C: Possible Injury,Male,Charlotte,Mecklenburg,Yes,Thursday,Motorist Overtaking Bicyclist,23.0,April,Motorist Overtaking - Other / Unknown,2017,42.03850604944766,Missing,Unknown Injury,Unknown,Unknown,Yes,35.23598974,-80.79365302,Dry,30 - 35  MPH,No Control Present,Clear,No,1,0,4
Yes,22.0,No,Facing Traffic,C: Possible Injury,Male,High Point,Guilford,No,Sunday,Bicyclist Failed to Yield - Signalized Intersection,18.0,April,Bicyclist Ride Through - Signalized Intersection,2017,45.0,No,O: No Injury,Female,Passenger Car,No,35.95503601,-80.01083537,Dry,30 - 35  MPH,Stop And Go Signal,Clear,No,0,0,4
No,57.0,No,With Traffic,C: Possible Injury,Male,None - Rural Crash,Davidson,No,Saturday,Bicyclist Left Turn / Merge,11.0,April,Bicyclist Left Turn - Same Direction,2017,61.0,No,O: No Injury,Male,Passenger Car,No,35.73109997,-80.31531294,Dry,50 - 55  MPH,"Double Yellow Line, No Passing Zone",Cloudy,No,0,0,4
No,32.52649525389365,Missing,Facing Traffic,Unknown Injury,Unknown,Wilmington,New Hanover,No,Friday,Crossing Paths - Other Circumstances,18.0,April,Crossing Paths - Intersection - Other / Unknown,2017,25.0,No,O: No Injury,Female,Passenger Car,Yes,34.24260715,-77.88994037,Dry,40 - 45  MPH,Stop And Go Signal,Clear,No,0,1,4
Yes,20.0,Unknown,Facing Traffic,C: Possible Injury,Male,Wilmington,New Hanover,No,Thursday,Crossing Paths - Other Circumstances,10.0,April,Crossing Paths - Intersection - Other / Unknown,2017,29.0,No,O: No Injury,Male,Passenger Car,No,34.23897464,-77.94661531,Dry,20 - 25  MPH,Stop And Go Signal,Clear,No,0,0,4
No,22.0,Yes,With Traffic,C: Possible Injury,Male,Wilmington,New Hanover,Yes,Sunday,Motorist Failed to Yield - Sign-Controlled Intersection,6.0,April,Motorist Drive Out - Sign-Controlled Intersection,2017,42.03850604944766,Missing,Unknown Injury,Unknown,Unknown,Yes,34.2389205,-77.91214271,Dry,30 - 35  MPH,Stop Sign,Rain,No,1,0,4
No,14.0,No,Facing Traffic,C: Possible Injury,Male,Raleigh,Wake,No,Friday,Motorist Failed to Yield - Signalized Intersection,16.0,May,Motorist Drive Out - Signalized Intersection,2017,20.0,No,O: No Injury,Male,Passenger Car,No,35.86468222,-78.63748275,Dry,40 - 45  MPH,Stop And Go Signal,Cloudy,No,0,0,5
Yes,13.0,No,Facing Traffic,A: Suspected Serious Injury,Female,Grimesland,Pitt,No,Thursday,Bicyclist Failed to Yield - Midblock,16.0,May,Bicyclist Ride Out - Other Midblock,2017,35.0,No,O: No Injury,Male,Passenger Car,No,35.56331778,-77.19146462,Dry,30 - 35  MPH,No Control Present,Clear,No,0,0,5
Yes,23.0,No,Facing Traffic,C: Possible Injury,Female,Fletcher,Henderson,No,Monday,Motorist Failed to Yield - Midblock,15.0,May,Motorist Drive Out - Commercial Driveway / Alley,2017,31.0,No,O: No Injury,Male,Passenger Car,No,35.43037619,-82.50142457,Wet,Unknown,No Control Present,Cloudy,No,0,0,5
No,29.0,No,With Traffic,O: No Injury,Male,Marion,Mcdowell,No,Friday,Motorist Overtaking Bicyclist,21.0,May,Motorist Overtaking - Other / Unknown,2017,42.03850604944766,Missing,Unknown Injury,Unknown,Sport Utility,Yes,35.68561665,-82.00504628,Wet,30 - 35  MPH,"Double Yellow Line, No Passing Zone",Rain,No,1,0,5
Yes,11.0,No,Facing Traffic,C: Possible Injury,Male,Salisbury,Rowan,No,Monday,Bicyclist Failed to Yield - Midblock,17.0,May,Bicyclist Ride Out - Midblock - Unknown,2017,37.0,No,O: No Injury,Female,Passenger Car,No,35.64331907,-80.4828223,Dry,40 - 45  MPH,No Control Present,Clear,No,0,0,5
Yes,52.0,No,With Traffic,C: Possible Injury,Male,None - Rural Crash,Lenoir,No,Monday,Motorist Overtaking Bicyclist,20.0,May,Motorist Overtaking - Other / Unknown,2017,33.0,No,O: No Injury,Female,Passenger Car,No,35.30973133,-77.80029496,Dry,40 - 45  MPH,No Control Present,Clear,No,0,0,5
Yes,70.0,No,With Traffic,K: Killed,Male,None - Rural Crash,Robeson,No,Friday,Bicyclist Left Turn / Merge,15.0,May,Bicyclist Left Turn - Same Direction,2017,26.0,No,C: Possible Injury,Male,Van,No,34.88308795,-78.97549937,Dry,50 - 55  MPH,No Control Present,Clear,No,0,0,5
Yes,27.0,No,With Traffic,C: Possible Injury,Male,Fayetteville,Cumberland,No,Monday,Motorist Right Turn / Merge,20.0,April,Motorist Right Turn - Opposite Direction,2017,42.03850604944766,Missing,Unknown Injury,Unknown,Unknown,Yes,35.10767109,-78.87859846,Wet,40 - 45  MPH,Stop And Go Signal,Rain,No,1,0,4
No,24.0,No,Facing Traffic,Unknown Injury,Male,Greenville,Pitt,No,Tuesday,Crossing Paths - Other Circumstances,6.0,April,Sign-Controlled Intersection - Other / Unknown,2017,20.0,No,O: No Injury,Female,Passenger Car,No,35.5987207,-77.36312978,Dry,5 - 15 MPH,Stop Sign,Clear,No,0,0,4
Yes,15.0,No,Facing Traffic,C: Possible Injury,Male,Hickory,Catawba,No,Friday,Crossing Paths - Other Circumstances,17.0,May,Crossing Paths - Intersection - Other / Unknown,2017,63.0,No,O: No Injury,Female,Sport Utility,No,35.76056854,-81.33423038,Dry,30 - 35  MPH,Stop Sign,Clear,No,0,0,5
No,4.0,No,With Traffic,C: Possible Injury,Male,None - Rural Crash,Wake,No,Friday,Backing Vehicle,21.0,May,Backing Vehicle,2017,38.0,No,O: No Injury,Female,"Light Truck (Mini-Van, Panel)",No,35.75886317,-78.51211099,Dry,40 - 45  MPH,No Control Present,Clear,No,0,0,5
No,65.0,No,With Traffic,C: Possible Injury,Male,Harrisburg,Cabarrus,No,Thursday,Motorist Overtaking Bicyclist,20.0,May,Motorist Overtaking - Misjudged Space,2017,42.03850604944766,Missing,Unknown Injury,Unknown,Unknown,Yes,35.31703992,-80.64761961,Wet,30 - 35  MPH,No Control Present,Cloudy,No,1,0,5
No,32.52649525389365,No,Facing Traffic,Unknown Injury,Unknown,Wilmington,New Hanover,No,Wednesday,Motorist Failed to Yield - Midblock,11.0,May,Motorist Drive Out - Commercial Driveway / Alley,2017,36.0,No,O: No Injury,Female,Passenger Car,No,34.22266781,-77.88215234,Dry,Unknown,No Control Present,Clear,No,0,1,5
Yes,20.0,No,Facing Traffic,Unknown Injury,Unknown,High Point,Guilford,No,Wednesday,Parallel Paths - Other Circumstances,22.0,May,Parallel Paths - Other / Unknown,2017,42.03850604944766,Missing,Unknown Injury,Unknown,Unknown,Yes,35.98148563,-80.01612373,Dry,30 - 35  MPH,No Control Present,Clear,No,1,0,5
Yes,53.0,No,With Traffic,C: Possible Injury,Male,Lenoir,Caldwell,No,Saturday,Motorist Failed to Yield - Sign-Controlled Intersection,10.0,May,Motorist Drive Out - Sign-Controlled Intersection,2017,35.0,No,O: No Injury,Female,Passenger Car,No,35.90828955,-81.53619622,Dry,20 - 25  MPH,Stop Sign,Clear,No,0,0,5
Yes,5.0,No,Facing Traffic,O: No Injury,Female,Rocky Mount,Nash,No,Friday,Bicyclist Failed to Yield - Midblock,17.0,May,Bicyclist Ride Out - Other Midblock,2017,27.0,No,O: No Injury,Female,Passenger Car,No,35.91242465,-77.8164977,Dry,30 - 35  MPH,No Control Present,Clear,No,0,0,5
No,19.0,No,Not Applicable,C: Possible Injury,Male,Raleigh,Wake,No,Thursday,Non-Roadway,19.0,May,Non-Roadway,2017,53.0,No,O: No Injury,Female,Sport Utility,No,35.89491873,-78.61984841,Dry,40 - 45  MPH,No Control Present,Cloudy,No,0,0,5
Yes,15.0,No,With Traffic,A: Suspected Serious Injury,Male,Raleigh,Wake,No,Thursday,Bicyclist Failed to Yield - Sign-Controlled Intersection,16.0,May,Bicyclist Ride Through - Sign-Controlled Intersection,2017,67.0,No,O: No Injury,Male,Pickup,No,35.81010041,-78.56751224,Dry,20 - 25  MPH,Stop Sign,Clear,No,0,0,5
No,9.0,No,Not Applicable,O: No Injury,Male,Cary,Wake,No,Wednesday,Non-Roadway,7.0,May,Non-Roadway,2017,49.0,No,O: No Injury,Male,Passenger Car,No,35.77695961,-78.84960354,Dry,Unknown,Stop Sign,Clear,No,0,0,5
Yes,54.0,No,Facing Traffic,C: Possible Injury,Male,None - Rural Crash,New Hanover,No,Saturday,Crossing Paths - Other Circumstances,15.0,May,Sign-Controlled Intersection - Other / Unknown,2017,48.0,No,O: No Injury,Male,Sport Utility,No,34.16743175,-77.89138019,Dry,30 - 35  MPH,Stop Sign,Clear,No,0,0,5
No,24.0,No,With Traffic,C: Possible Injury,Male,Charlotte,Mecklenburg,No,Friday,Motorist Left Turn / Merge,7.0,May,Motorist Left Turn - Opposite Direction,2017,48.0,No,O: No Injury,Female,Commercial Bus,No,35.22926902,-80.86533619,Dry,Unknown,No Control Present,Clear,No,0,0,5
No,37.0,No,With Traffic,O: No Injury,Male,Asheville,Buncombe,No,Sunday,Motorist Failed to Yield - Midblock,17.0,May,Motorist Drive Out - Commercial Driveway / Alley,2017,30.0,No,O: No Injury,Male,Passenger Car,No,35.59933621,-82.54415865,Dry,20 - 25  MPH,No Control Present,Clear,No,0,0,5
Yes,27.0,No,With Traffic,C: Possible Injury,Male,Greensboro,Guilford,No,Monday,Bicyclist Left Turn / Merge,15.0,May,Bicyclist Left Turn - Same Direction,2017,24.0,No,O: No Injury,Male,Passenger Car,No,36.04348552,-79.84125101,Dry,30 - 35  MPH,No Control Present,Clear,No,0,0,5
No,43.0,No,With Traffic,C: Possible Injury,Female,Winston-Salem,Forsyth,No,Tuesday,Motorist Overtaking Bicyclist,17.0,May,Motorist Overtaking - Misjudged Space,2017,42.03850604944766,Missing,Unknown Injury,Unknown,Unknown,Yes,36.07795376,-80.25868963,Dry,40 - 45  MPH,No Control Present,Clear,No,1,0,5
No,60.0,No,With Traffic,C: Possible Injury,Male,Wilmington,New Hanover,No,Tuesday,Motorist Overtaking Bicyclist,22.0,May,Motorist Overtaking - Other / Unknown,2017,42.03850604944766,Missing,Unknown Injury,Unknown,Unknown,Yes,34.19355232,-77.93563153,Dry,40 - 45  MPH,No Control Present,Clear,No,1,0,5
No,57.0,No,Facing Traffic,C: Possible Injury,Female,Raleigh,Wake,No,Monday,Motorist Failed to Yield - Sign-Controlled Intersection,8.0,May,Motorist Drive Out - Sign-Controlled Intersection,2017,32.0,No,O: No Injury,Female,Passenger Car,No,35.85943884,-78.61745032,Dry,30 - 35  MPH,Stop Sign,Clear,No,0,0,5
Yes,28.0,No,Facing Traffic,C: Possible Injury,Male,Greensboro,Guilford,No,Sunday,Loss of Control / Turning Error,1.0,April,Bicyclist Turning Error - Right Turn,2017,23.0,No,O: No Injury,Female,Passenger Car,No,36.0726958,-79.79150446,Dry,30 - 35  MPH,Stop And Go Signal,Clear,No,0,0,4
No,17.0,No,With Traffic,O: No Injury,Male,Burlington,Alamance,No,Thursday,Bicyclist Left Turn / Merge,17.0,April,Bicyclist Left Turn - Same Direction,2017,57.0,No,O: No Injury,Male,Police,No,36.08844612,-79.4300644,Dry,30 - 35  MPH,No Control Present,Clear,No,0,0,4
No,66.0,No,Not Applicable,O: No Injury,Male,Lincolnton,Lincoln,No,Friday,Non-Roadway,18.0,May,Non-Roadway,2017,53.0,No,O: No Injury,Female,Passenger Car,No,35.47509878,-81.24492126,Dry,30 - 35  MPH,No Control Present,Clear,No,0,0,5
Yes,21.0,No,With Traffic,C: Possible Injury,Male,Greensboro,Guilford,No,Saturday,Crossing Paths - Other Circumstances,12.0,May,Crossing Paths - Midblock - Other / Unknown,2017,27.0,No,O: No Injury,Male,Passenger Car,No,36.06383248,-79.82744569,Dry,30 - 35  MPH,Stop And Go Signal,Clear,No,0,0,5
Yes,44.0,No,Not Applicable,C: Possible Injury,Male,Concord,Cabarrus,No,Tuesday,Non-Roadway,19.0,May,Non-Roadway,2017,52.0,No,O: No Injury,Male,Passenger Car,No,35.39032247,-80.71824139,Dry,Unknown,No Control Present,Clear,No,0,0,5
No,38.0,No,With Traffic,O: No Injury,Male,Atlantic Beach,Carteret,No,Sunday,Motorist Overtaking Bicyclist,10.0,May,Motorist Overtaking - Other / Unknown,2017,61.0,No,O: No Injury,Female,Passenger Car,No,34.70039625,-76.7551355,Dry,30 - 35  MPH,No Control Present,Clear,No,0,0,5
Yes,32.0,No,With Traffic,C: Possible Injury,Male,Jacksonville,Onslow,No,Tuesday,Loss of Control / Turning Error,10.0,May,Bicyclist Turning Error - Other,2017,62.0,No,O: No Injury,Female,Passenger Car,No,34.74918407,-77.3802579,Dry,30 - 35  MPH,Stop And Go Signal,Clear,No,0,0,5
No,51.0,No,With Traffic,C: Possible Injury,Male,None - Rural Crash,Wake,No,Sunday,Motorist Overtaking Bicyclist,10.0,April,Motorist Overtaking - Other / Unknown,2017,42.03850604944766,Unknown,Unknown Injury,Unknown,Unknown,Yes,36.01054675,-78.54027258,Dry,40 - 45  MPH,"Double Yellow Line, No Passing Zone",Clear,No,1,0,4