AmbulanceR,BikeAge,BikeAlcFlg,BikeDir,BikeInjury,BikeSex,City,County,CrashAlcoh,CrashDay,CrashGrp,CrashHour,CrashMonth,CrashType,CrashYear,DrvrAge,DrvrAlcFlg,DrvrInjury,DrvrSex,DrvrVehTyp,HitRun,Latitude,Longitude,RdConditio,SpeedLimit,TraffCntrl,Weather,Workzone,DrvrAgeImputedFlag,BikeAgeImputedFlag,MonthCode
Yes,57.0,No,With Traffic,K: Killed,Male,None - Rural Crash,Robeson,No,Friday,Motorist Overtaking Bicyclist,14.0,May,Motorist Overtaking - Bicyclist Swerved,2017,86.0,No,O: No Injury,Male,Passenger Car,No,34.55477654,-79.06898073,Dry,50 - 55  MPH,"Double Yellow Line, No Passing Zone",Clear,No,0,0,5
No,23.0,No,Not Applicable,O: No Injury,Male,Boone,Watauga,No,Monday,Non-Roadway,13.0,May,Non-Roadway,2017,42.03850604944766,Missing,Unknown Injury,Unknown,Sport Utility,No,36.19998535,-81.66224116,Dry,5 - 15 MPH,No Control Present,Clear,No,1,0,5
Yes,53.0,No,Facing Traffic,C: Possible Injury,Male,New Bern,Craven,No,Sunday,Head-On,23.0,May,Head-On - Bicyclist,2017,42.03850604944766,Missing,Unknown Injury,Unknown,Unknown,Yes,35.12328207,-77.09850677,Dry,30 - 35  MPH,No Control Present,Clear,No,1,0,5
Yes,43.0,Yes,With Traffic,C: Possible Injury,Male,Beaufort,Carteret,Yes,Wednesday,Bicyclist Left Turn / Merge,12.0,May,Bicyclist Left Turn - Same Direction,2017,61.0,No,O: No Injury,Male,Passenger Car,No,34.71853778,-76.66480471,Dry,20 - 25  MPH,Flashing Signal Without Stop Sign,Clear,No,0,0,5
No,31.0,No,With Traffic,C: Possible Injury,Male,None - Rural Crash,Cabarrus,No,Monday,Motorist Overtaking Bicyclist,18.0,May,Motorist Overtaking - Misjudged Space,2017,53.0,No,O: No Injury,Male,Passenger Car,No,35.36043709,-80.51524137,Dry,40 - 45  MPH,"Double Yellow Line, No Passing Zone",Clear,No,0,0,5
No,52.0,No,With Traffic,C: Possible Injury,Male,Burlington,Alamance,No,Sunday,Backing Vehicle,19.0,April,Backing Vehicle,2017,24.0,No,O: No Injury,Female,Passenger Car,No,36.10439894,-79.44153471,Dry,20 - 25  MPH,No Control Present,Clear,No,0,0,4
Yes,15.0,No,With Traffic,C: Possible Injury,Male,Charlotte,Mecklenburg,No,Friday,Bicyclist Failed to Yield - Sign-Controlled Intersection,15.0,June,Bicyclist Ride Through - Sign-Controlled Intersection,2017,56.0,No,O: No Injury,Male,Van,No,35.3142126,-80.81600521,Dry,5 - 15 MPH,Stop Sign,Clear,No,0,0,6
Yes,37.0,No,With Traffic,C: Possible Injury,Male,Durham,Durham,No,Friday,Motorist Left Turn / Merge,17.0,June,Motorist Left Turn - Opposite Direction,2017,27.0,No,O: No Injury,Male,Passenger Car,No,36.00638091,-78.92101296,Dry,30 - 35  MPH,No Control Present,Clear,No,0,0,6
No,63.0,No,With Traffic,C: Possible Injury,Male,Wingate,Union,No,Thursday,Motorist Failed to Yield - Sign-Controlled Intersection,14.0,October,Motorist Drive Out - Sign-Controlled Intersection,2016,29.0,No,O: No Injury,Female,Passenger Car,No,34.98976779,-80.43582841,Dry,20 - 25  MPH,No Control Present,Clear,No,0,0,10
No,7.0,No,Not Applicable,C: Possible Injury,Male,Charlotte,Mecklenburg,No,Sunday,Non-Roadway,15.0,May,Non-Roadway,2017,42.03850604944766,Missing,Unknown Injury,Unknown,Unknown,Yes,35.28351532,-80.86011573,Dry,5 - 15 MPH,No Control Present,Clear,No,1,0,5
No,27.0,No,Facing Traffic,O: No Injury,Unknown,Hickory,Catawba,No,Friday,Motorist Failed to Yield - Sign-Controlled Intersection,0.0,May,Motorist Drive Through - Sign-Controlled Intersection,2017,42.03850604944766,Missing,Unknown Injury,Unknown,Unknown,Yes,35.72349063,-81.33848935,Dry,20 - 25  MPH,Stop And Go Signal,Clear,No,1,0,5
No,67.0,No,Facing Traffic,C: Possible Injury,Male,Dunn,Harnett,No,Monday,Motorist Failed to Yield - Sign-Controlled Intersection,10.0,April,Motorist Drive Out - Sign-Controlled Intersection,2017,77.0,No,O: No Injury,Female,"Light Truck (Mini-Van, Panel)",No,35.31897639,-78.63082914,Dry,30 - 35  MPH,Stop And Go Signal,Clear,No,0,0,4
Yes,53.0,No,Facing Traffic,O: No Injury,Male,Dunn,Harnett,No,Monday,Motorist Failed to Yield - Sign-Controlled Intersection,15.0,February,Motorist Drive Out - Sign-Controlled Intersection,2017,29.0,No,O: No Injury,Male,Passenger Car,No,35.30675346,-78.61003951,Dry,30 - 35  MPH,Stop And Go Signal,Clear,No,0,0,2
Yes,23.0,No,Facing Traffic,Unknown Injury,Unknown,Jacksonville,Onslow,No,Wednesday,Crossing Paths - Other Circumstances,10.0,May,Crossing Paths - Intersection - Other / Unknown,2017,52.0,No,O: No Injury,Female,Other Bus,No,34.7940907,-77.40889472,Dry,30 - 35  MPH,Stop Sign,Clear,No,0,0,5
Yes,30.0,No,With Traffic,A: Suspected Serious Injury,Male,Clayton,Johnston,No,Sunday,Bicyclist Left Turn / Merge,18.0,May,Bicyclist Left Turn - Same Direction,2017,81.0,No,O: No Injury,Male,Sport Utility,No,35.63673475,-78.40789978,Dry,40 - 45  MPH,No Control Present,Clear,No,0,0,5
Yes,28.0,No,With Traffic,C: Possible Injury,Unknown,Jacksonville,Onslow,No,Tuesday,Motorist Failed to Yield - Sign-Controlled Intersection,19.0,May,Motorist Drive Out - Sign-Controlled Intersection,2017,23.0,No,O: No Injury,Female,Passenger Car,No,34.77926663,-77.38966861,Dry,40 - 45  MPH,Stop Sign,Clear,No,0,0,5
No,33.0,No,With Traffic,C: Possible Injury,Male,Durham,Durham,No,Tuesday,Motorist Right Turn / Merge,8.0,May,Motorist Right Turn - Same Direction,2017,65.0,No,O: No Injury,Female,Passenger Car,No,35.99841551,-78.89984786,Dry,20 - 25  MPH,No Control Present,Clear,No,0,0,5
No,32.52649525389365,No,With Traffic,Unknown Injury,Unknown,Wilmington,New Hanover,No,Thursday,Bicyclist Failed to Yield - Sign-Controlled Intersection,8.0,May,Bicyclist Ride Through - Sign-Controlled Intersection,2017,47.0,No,O: No Injury,Male,Sport Utility,No,34.19281497,-77.90272761,Dry,20 - 25  MPH,Stop Sign,Clear,No,0,1,5
Yes,10.0,No,Not Applicable,C: Possible Injury,Female,Durham,Durham,No,Thursday,Non-Roadway,19.0,June,Non-Roadway,2017,39.0,No,O: No Injury,Female,Passenger Car,No,35.98001671,-78.85047422,Dry,5 - 15 MPH,No Control Present,Cloudy,No,0,0,6
Yes,68.0,No,With Traffic,K: Killed,Female,None - Rural Crash,Jones,No,Sunday,Motorist Overtaking Bicyclist,17.0,May,Motorist Overtaking - Other / Unknown,2017,27.0,No,O: No Injury,Male,Sport Utility,No,35.20798599,-77.49988415,Dry,50 - 55  MPH,No Control Present,Clear,No,0,0,5
No,8.0,No,Facing Traffic,O: No Injury,Male,Kitty Hawk,Dare,No,Wednesday,Bicyclist Failed to Yield - Signalized Intersection,15.0,May,Bicyclist Ride Through - Signalized Intersection,2017,43.0,No,O: No Injury,Female,Sport Utility,No,36.09561624,-75.73288271,Dry,30 - 35  MPH,Stop And Go Signal,Clear,No,0,0,5
Yes,37.0,No,With Traffic,C: Possible Injury,Female,Morrisville,Wake,No,Friday,Motorist Overtaking Bicyclist,16.0,June,Motorist Overtaking - Misjudged Space,2017,48.0,No,O: No Injury,Male,Sport Utility,No,35.82043914,-78.82984842,Dry,30 - 35  MPH,"Double Yellow Line, No Passing Zone",Clear,No,0,0,6
No,16.0,No,With Traffic,C: Possible Injury,Male,Apex,Wake,No,Monday,Bicyclist Failed to Yield - Sign-Controlled Intersection,16.0,June,Bicyclist Ride Through - Sign-Controlled Intersection,2017,68.0,No,O: No Injury,Female,Passenger Car,No,35.72377214,-78.9073779,Dry,20 - 25  MPH,Stop Sign,Clear,No,0,0,6
No,60.0,No,With Traffic,C: Possible Injury,Male,Mint Hill,Mecklenburg,No,Sunday,Motorist Overtaking Bicyclist,14.0,June,Motorist Overtaking - Other / Unknown,2017,21.0,No,O: No Injury,Male,Passenger Car,No,35.17189992,-80.6595807,Wet,30 - 35  MPH,No Control Present,Rain,No,0,0,6
Yes,41.0,No,With Traffic,C: Possible Injury,Male,Raleigh,Wake,No,Wednesday,Motorist Overtaking Bicyclist,9.0,June,Motorist Overtaking - Undetected Bicyclist,2017,65.0,No,O: No Injury,Male,Pickup,No,35.85600479,-78.56920296,Dry,40 - 45  MPH,Stop And Go Signal,Clear,No,0,0,6
Yes,14.0,No,Not Applicable,C: Possible Injury,Male,Greensboro,Guilford,No,Sunday,Non-Roadway,15.0,June,Non-Roadway,2017,22.0,No,O: No Injury,Male,Pickup,No,36.03829112,-79.83768259,Dry,5 - 15 MPH,Stop Sign,Clear,No,0,0,6
Yes,56.0,No,With Traffic,K: Killed,Male,None - Rural Crash,Wilkes,No,Monday,Motorist Overtaking Bicyclist,18.0,May,Motorist Overtaking - Other / Unknown,2017,60.0,No,O: No Injury,Male,Pickup,No,36.1194826,-81.24143167,Dry,50 - 55  MPH,"Double Yellow Line, No Passing Zone",Clear,No,0,0,5
Yes,22.0,Yes,With Traffic,O: No Injury,Male,None - Rural Crash,Carteret,Yes,Monday,Motorist Overtaking Bicyclist,19.0,June,Motorist Overtaking - Other / Unknown,2017,37.0,No,O: No Injury,Female,Sport Utility,No,34.73394165,-76.84228527,Dry,50 - 55  MPH,No Control Present,Clear,No,0,0,6
No,20.0,Yes,With Traffic,C: Possible Injury,Male,Wilmington,New Hanover,Yes,Thursday,Motorist Failed to Yield - Sign-Controlled Intersection,17.0,June,Motorist Drive Out - Sign-Controlled Intersection,2017,73.0,No,O: No Injury,Male,Pickup,No,34.17541507,-77.89429805,Dry,Unknown,No Control Present,Cloudy,No,0,0,6
No,34.0,No,Facing Traffic,C: Possible Injury,Male,Charlotte,Mecklenburg,No,Tuesday,Bicyclist Failed to Yield - Signalized Intersection,12.0,June,Bicyclist Ride Through - Signalized Intersection,2017,29.0,No,O: No Injury,Female,Sport Utility,No,35.10539771,-80.88065091,Dry,20 - 25  MPH,Stop And Go Signal,Clear,No,0,0,6
Yes,20.0,Unknown,With Traffic,K: Killed,Female,Wilmington,New Hanover,No,Monday,Motorist Failed to Yield - Sign-Controlled Intersection,17.0,May,Motorist Drive Out - Sign-Controlled Intersection,2017,24.0,No,O: No Injury,Male,Tractor/Semi-Trailer,No,34.17582018,-77.89411207,Dry,20 - 25  MPH,Stop Sign,Clear,No,0,0,5
Yes,16.0,No,With Traffic,O: No Injury,Male,Bessemer City,Gaston,No,Saturday,Bicyclist Failed to Yield - Signalized Intersection,17.0,June,Bicyclist Ride Through - Signalized Intersection,2017,53.0,No,O: No Injury,Male,Passenger Car,No,35.28321695,-81.27507287,Dry,30 - 35  MPH,Stop And Go Signal,Clear,No,0,0,6
No,28.0,No,Facing Traffic,C: Possible Injury,Male,Gastonia,Gaston,No,Tuesday,Motorist Failed to Yield - Sign-Controlled Intersection,13.0,June,Motorist Drive Out - Sign-Controlled Intersection,2017,66.0,No,O: No Injury,Female,Passenger Car,No,35.26224237,-81.19380775,Dry,30 - 35  MPH,Stop Sign,Clear,No,0,0,6
No,8.0,No,Facing Traffic,C: Possible Injury,Female,Greenville,Pitt,No,Sunday,Backing Vehicle,14.0,May,Backing Vehicle,2017,35.0,No,O: No Injury,Female,Passenger Car,No,35.56219301,-77.3928351,Dry,20 - 25  MPH,No Control Present,Clear,No,0,0,5
Yes,24.0,No,With Traffic,A: Suspected Serious Injury,Male,Mount Holly,Gaston,No,Monday,Motorist Overtaking Bicyclist,23.0,June,Motorist Overtaking - Undetected Bicyclist,2017,47.0,No,O: No Injury,Male,Passenger Car,No,35.26071678,-81.02726686,Dry,50 - 55  MPH,No Control Present,Cloudy,No,0,0,6
Yes,57.0,No,With Traffic,C: Possible Injury,Male,Lumberton,Robeson,No,Saturday,Crossing Paths - Other Circumstances,10.0,June,Signalized Intersection - Other / Unknown,2017,28.0,No,O: No Injury,Female,Passenger Car,No,34.64551508,-78.99994247,Dry,40 - 45  MPH,No Control Present,Clear,No,0,0,6
Yes,51.0,No,With Traffic,A: Suspected Serious Injury,Male,None - Rural Crash,Yancey,No,Saturday,Motorist Overtaking Bicyclist,12.0,April,Motorist Overtaking - Other / Unknown,2017,28.0,No,O: No Injury,Male,Pickup,No,35.91366317,-82.2364132,Dry,50 - 55  MPH,No Control Present,Clear,No,0,0,4
No,12.0,No,With Traffic,A: Suspected Serious Injury,Male,Charlotte,Mecklenburg,No,Sunday,Bicyclist Failed to Yield - Sign-Controlled Intersection,17.0,June,Bicyclist Ride Through - Sign-Controlled Intersection,2017,30.0,No,O: No Injury,Male,Passenger Car,No,35.23514418,-80.79008147,Dry,30 - 35  MPH,Stop Sign,Clear,No,0,0,6
Yes,31.0,No,With Traffic,A: Suspected Serious Injury,Male,Charlotte,Mecklenburg,Yes,Sunday,Motorist Left Turn / Merge,21.0,June,Motorist Left Turn - Opposite Direction,2017,40.0,Yes,O: No Injury,Male,Passenger Car,No,35.202596,-80.730832,Dry,40 - 45  MPH,Stop And Go Signal,Clear,No,0,0,6
Yes,60.0,No,With Traffic,C: Possible Injury,Male,Cherryville,Gaston,No,Monday,Motorist Overtaking Bicyclist,13.0,June,Motorist Overtaking - Other / Unknown,2017,35.0,No,O: No Injury,Female,Sport Utility,No,35.381717,-81.374515,Dry,30 - 35  MPH,No Control Present,Clear,No,0,0,6
No,27.0,No,Not Applicable,O: No Injury,Male,Charlotte,Mecklenburg,No,Saturday,Bicyclist Failed to Yield - Midblock,11.0,June,Bicyclist Ride Out - Other Midblock,2017,42.03850604944766,Missing,Unknown Injury,Unknown,Unknown,Yes,35.199804,-80.870171,Dry,30 - 35  MPH,RR Gate And Flasher,Clear,No,1,0,6
Yes,57.0,No,With Traffic,C: Possible Injury,Male,Wilson,Wilson,No,Friday,Motorist Right Turn / Merge,15.0,June,Motorist Right Turn - Same Direction,2017,67.0,No,O: No Injury,Female,Passenger Car,No,35.70624,-77.917959,Dry,40 - 45  MPH,No Control Present,Clear,No,0,0,6
Yes,5.0,No,Facing Traffic,C: Possible Injury,Female,Raleigh,Wake,No,Thursday,Bicyclist Failed to Yield - Midblock,16.0,June,Bicyclist Ride Out - Residential Driveway,2017,24.0,No,O: No Injury,Female,Passenger Car,No,35.754299,-78.611195,Dry,5 - 15 MPH,No Control Present,Cloudy,No,0,0,6
Yes,14.0,No,With Traffic,A: Suspected Serious Injury,Male,None - Rural Crash,Johnston,No,Wednesday,Bicyclist Left Turn / Merge,19.0,June,Bicyclist Left Turn - Same Direction,2017,27.0,No,O: No Injury,Male,Pickup,No,35.56597951,-78.28072486,Dry,50 - 55  MPH,No Control Present,Cloudy,No,0,0,6
No,57.0,No,Not Applicable,O: No Injury,Male,Raleigh,Wake,No,Friday,Non-Roadway,14.0,June,Non-Roadway,2017,52.0,No,O: No Injury,Female,Passenger Car,No,35.86571973,-78.57489719,Dry,5 - 15 MPH,No Control Present,Clear,No,0,0,6
Yes,59.0,Yes,With Traffic,K: Killed,Male,Wilmington,New Hanover,Yes,Wednesday,Loss of Control / Turning Error,16.0,May,Bicylist Lost Control - Alcohol / Drug Impairment,2017,41.0,No,O: No Injury,Male,Pickup,No,34.22827336,-77.92652041,Dry,20 - 25  MPH,Stop Sign,Clear,No,0,0,5
No,11.0,No,Not Applicable,C: Possible Injury,Male,High Point,Guilford,No,Tuesday,Non-Roadway,18.0,May,Non-Roadway,2017,42.03850604944766,Missing,Unknown Injury,Unknown,Passenger Car,Yes,35.96330402,-79.97858151,Dry,Unknown,No Control Present,Clear,No,1,0,5
No,20.0,No,With Traffic,O: No Injury,Male,Raleigh,Wake,No,Monday,Motorist Left Turn / Merge,10.0,June,Motorist Left Turn - Opposite Direction,2017,42.03850604944766,Missing,Unknown Injury,Unknown,Passenger Car,Yes,35.78047355,-78.643353,Dry,30 - 35  MPH,Stop And Go Signal,Clear,No,1,0,6
No,12.0,No,With Traffic,O: No Injury,Male,None - Rural Crash,Greene,No,Saturday,Bicyclist Failed to Yield - Sign-Controlled Intersection,18.0,June,Bicyclist Ride Through - Sign-Controlled Intersection,2017,71.0,No,O: No Injury,Female,Passenger Car,No,35.48060429,-77.58894817,Dry,30 - 35  MPH,Stop Sign,Clear,No,0,0,6
Yes,11.0,No,With Traffic,O: No Injury,Male,None - Rural Crash,Wayne,No,Sunday,Motorist Overtaking Bicyclist,17.0,June,Motorist Overtaking - Other / Unknown,2017,45.0,No,O: No Injury,Male,Sport Utility,No,35.25363134,-78.12157477,Dry,40 - 45  MPH,No Control Present,Clear,No,0,0,6
Yes,30.0,No,Facing Traffic,C: Possible Injury,Male,Charlotte,Mecklenburg,No,Wednesday,Motorist Failed to Yield - Sign-Controlled Intersection,15.0,June,Motorist Drive Out - Sign-Controlled Intersection,2017,15.0,No,O: No Injury,Female,Van,No,35.14780015,-80.80546155,Dry,30 - 35  MPH,Stop Sign,Clear,No,0,0,6
Yes,69.0,No,Not Applicable,C: Possible Injury,Male,Durham,Durham,No,Saturday,Bicyclist Failed to Yield - Midblock,9.0,May,Bicyclist Ride Out - Other Midblock,2017,30.0,No,O: No Injury,Female,Passenger Car,No,35.92933437,-78.9212678,Dry,30 - 35  MPH,No Control Present,Clear,No,0,0,5
Yes,26.0,No,Facing Traffic,C: Possible Injury,Male,New Bern,Craven,No,Wednesday,Motorist Failed to Yield - Midblock,16.0,June,Motorist Drive Out - Residential Driveway,2017,32.0,No,O: No Injury,Female,Passenger Car,No,35.12267351,-77.08393972,Dry,5 - 15 MPH,Stop Sign,Clear,No,0,0,6
Yes,20.0,No,Facing Traffic,O: No Injury,Female,Burlington,Alamance,No,Sunday,Motorist Right Turn / Merge,22.0,June,Motorist Right Turn - Opposite Direction,2017,42.03850604944766,Missing,Unknown Injury,Unknown,Unknown,Yes,36.09051862,-79.43218456,Dry,Unknown,Stop And Go Signal,Clear,No,1,0,6
No,49.0,Unknown,With Traffic,C: Possible Injury,Female,Charlotte,Mecklenburg,No,Thursday,Motorist Failed to Yield - Sign-Controlled Intersection,16.0,June,Motorist Drive Out - Sign-Controlled Intersection,2017,20.0,No,O: No Injury,Female,Passenger Car,No,35.31002726,-80.71657426,Dry,30 - 35  MPH,Stop Sign,Clear,No,0,0,6
No,62.0,Unknown,Not Applicable,C: Possible Injury,Male,Burgaw,Pender,No,Monday,Non-Roadway,9.0,June,Non-Roadway,2017,42.03850604944766,Missing,Unknown Injury,Unknown,Unknown,Yes,34.55966029,-77.91835254,Dry,Unknown,Stop Sign,Clear,No,1,0,6
Yes,53.0,No,With Traffic,C: Possible Injury,Male,Wilmington,New Hanover,No,Thursday,Motorist Failed to Yield - Sign-Controlled Intersection,6.0,June,Motorist Drive Through - Sign-Controlled Intersection,2017,73.0,No,O: No Injury,Male,Pickup,No,34.23070736,-77.92807605,Dry,20 - 25  MPH,Stop Sign,Clear,No,0,0,6
Yes,17.0,No,Facing Traffic,C: Possible Injury,Male,Wendell,Wake,No,Tuesday,Motorist Left Turn / Merge,19.0,June,Motorist Left Turn - Opposite Direction,2017,48.0,No,O: No Injury,Male,Passenger Car,No,35.79270577,-78.3788908,Dry,30 - 35  MPH,Stop Sign,Clear,No,0,0,6
No,20.0,No,With Traffic,O: No Injury,Female,Kitty Hawk,Dare,No,Wednesday,Motorist Failed to Yield - Signalized Intersection,15.0,June,Motorist Drive Through - Signalized Intersection,2017,72.0,No,O: No Injury,Male,Sport Utility,No,36.10050923,-75.7144352,Dry,30 - 35  MPH,Stop And Go Signal,Clear,No,0,0,6
Yes,27.0,Yes,Facing Traffic,C: Possible Injury,Male,None - Rural Crash,Robeson,Yes,Saturday,Bicyclist Right Turn / Merge,21.0,June,Bicyclist Right Turn - Same Direction,2017,38.0,No,O: No Injury,Male,Pickup,No,34.8935731,-78.99407752,Dry,50 - 55  MPH,No Control Present,Clear,No,0,0,6
Yes,70.0,No,With Traffic,C: Possible Injury,Male,None - Rural Crash,Brunswick,No,Sunday,Backing Vehicle,8.0,June,Backing Vehicle,2017,39.0,No,O: No Injury,Female,Passenger Car,No,33.94370206,-78.34933859,Dry,40 - 45  MPH,No Control Present,Clear,No,0,0,6
Yes,39.0,No,Facing Traffic,C: Possible Injury,Male,Salisbury,Rowan,No,Thursday,Crossing Paths - Other Circumstances,22.0,June,Signalized Intersection - Other / Unknown,2017,42.03850604944766,Missing,Unknown Injury,Unknown,Passenger Car,Yes,35.68620041,-80.48322682,Dry,30 - 35  MPH,Stop And Go Signal,Clear,No,1,0,6
Yes,32.52649525389365,Missing,With Traffic,Unknown Injury,Unknown,Greensboro,Guilford,No,Thursday,Motorist Left Turn / Merge,17.0,June,Motorist Left Turn - Opposite Direction,2017,35.0,No,O: No Injury,Male,Passenger Car,No,36.11201668,-79.85104845,Dry,30 - 35  MPH,Stop And Go Signal,Cloudy,No,0,1,6
Yes,52.0,No,With Traffic,C: Possible Injury,Male,Charlotte,Mecklenburg,No,Sunday,Motorist Failed to Yield - Sign-Controlled Intersection,8.0,July,Motorist Drive Out - Sign-Controlled Intersection,2017,42.03850604944766,Missing,Unknown Injury,Unknown,Pickup,Yes,35.18775439,-80.87699569,Dry,30 - 35  MPH,Stop Sign,Clear,No,1,0,7
Yes,38.0,Yes,With Traffic,A: Suspected Serious Injury,Male,None - Rural Crash,Iredell,Yes,Thursday,Bicyclist Left Turn / Merge,17.0,June,Bicyclist Left Turn - Same Direction,2017,39.0,No,O: No Injury,Female,Passenger Car,No,35.7337247,-81.00350509,Dry,50 - 55  MPH,"Double Yellow Line, No Passing Zone",Clear,No,0,0,6
Yes,19.0,No,Facing Traffic,C: Possible Injury,Male,Greenville,Pitt,No,Tuesday,Motorist Failed to Yield - Midblock,12.0,June,Motorist Drive Out - Commercial Driveway / Alley,2017,77.0,No,O: No Injury,Female,Passenger Car,No,35.5879272,-77.36634316,Dry,Unknown,Stop Sign,Clear,No,0,0,6
Yes,47.0,No,With Traffic,C: Possible Injury,Male,Laurinburg,Scotland,No,Saturday,Motorist Left Turn / Merge,11.0,June,Motorist Left Turn - Opposite Direction,2017,78.0,No,O: No Injury,Male,Sport Utility,No,34.76741991,-79.4662707,Dry,30 - 35  MPH,Stop Sign,Clear,No,0,0,6
Yes,29.0,No,With Traffic,K: Killed,Male,Charlotte,Mecklenburg,Yes,Friday,Motorist Overtaking Bicyclist,0.0,June,Motorist Overtaking - Other / Unknown,2017,23.0,Yes,O: No Injury,Female,Passenger Car,Yes,35.24591054,-80.81312326,Dry,30 - 35  MPH,No Control Present,Clear,No,0,0,6
No,12.0,No,Not Applicable,C: Possible Injury,Male,Atlantic Beach,Carteret,No,Tuesday,Motorist Left Turn / Merge,12.0,June,Motorist Left Turn - Same Direction,2017,70.0,No,O: No Injury,Male,Pickup,No,34.69842311,-76.76390047,Dry,30 - 35  MPH,Stop Sign,Clear,No,0,0,6
Yes,50.0,No,With Traffic,C: Possible Injury,Female,Gastonia,Gaston,No,Thursday,Bicyclist Left Turn / Merge,10.0,July,Bicyclist Left Turn - Same Direction,2017,18.0,No,O: No Injury,Female,Passenger Car,No,35.21133091,-81.28943821,Dry,30 - 35  MPH,No Control Present,Clear,No,0,0,7
Yes,49.0,No,Facing Traffic,C: Possible Injury,Male,Greensboro,Guilford,No,Thursday,Bicyclist Failed to Yield - Signalized Intersection,10.0,July,Bicyclist Ride Through - Signalized Intersection,2017,52.0,No,O: No Injury,Female,Passenger Car,No,36.08718491,-79.7609103,Dry,40 - 45  MPH,Flashing Stop And Go Signal,Clear,No,0,0,7
Yes,15.0,No,With Traffic,A: Suspected Serious Injury,Male,Pinehurst,Moore,No,Friday,Motorist Failed to Yield - Signalized Intersection,15.0,June,Motorist Drive Through - Signalized Intersection,2017,40.0,No,O: No Injury,Female,Passenger Car,No,35.20650362,-79.46527342,Dry,40 - 45  MPH,Stop And Go Signal,Clear,No,0,0,6
No,25.0,No,Unknown,O: No Injury,Female,Rocky Mount,Nash,No,Thursday,Bicyclist Failed to Yield - Sign-Controlled Intersection,12.0,July,Bicyclist Ride Through - Sign-Controlled Intersection,2017,37.0,No,O: No Injury,Male,Pickup,No,35.94679258,-77.79868381,Dry,30 - 35  MPH,Stop Sign,Clear,No,0,0,7
Yes,25.0,Yes,Facing Traffic,K: Killed,Male,Greensboro,Guilford,Yes,Saturday,Head-On,1.0,June,Head-On - Bicyclist,2017,22.0,Yes,O: No Injury,Female,Passenger Car,No,36.06569413,-79.81898407,Wet,30 - 35  MPH,Stop Sign,Rain,No,0,0,6
No,52.0,No,With Traffic,C: Possible Injury,Male,Durham,Durham,No,Tuesday,Bicyclist Failed to Yield - Sign-Controlled Intersection,16.0,June,Bicyclist Ride Through - Sign-Controlled Intersection,2017,29.0,No,O: No Injury,Female,Passenger Car,No,35.9864074,-78.92026279,Dry,30 - 35  MPH,Stop And Go Signal,Clear,No,0,0,6
No,15.0,No,With Traffic,C: Possible Injury,Female,Duck,Dare,No,Saturday,Motorist Right Turn / Merge,9.0,July,Motorist Right Turn - Same Direction,2017,41.0,No,O: No Injury,Female,Sport Utility,No,36.15551561,-75.74541504,Dry,Unknown,No Control Present,Clear,No,0,0,7
Yes,53.0,No,With Traffic,A: Suspected Serious Injury,Male,None - Rural Crash,Buncombe,No,Saturday,Motorist Overtaking Bicyclist,16.0,July,Motorist Overtaking - Other / Unknown,2017,52.0,No,O: No Injury,Male,"Single Unit Truck (2-Axle, 6-Tire)",No,35.54279908,-82.42427376,Dry,30 - 35  MPH,"Double Yellow Line, No Passing Zone",Cloudy,No,0,0,7
Yes,36.0,No,With Traffic,C: Possible Injury,Male,Garner,Wake,No,Thursday,Bicyclist Right Turn / Merge,17.0,July,Bicyclist Right Turn - Same Direction,2017,23.0,No,O: No Injury,Male,Passenger Car,No,35.70864746,-78.61934144,Dry,40 - 45  MPH,No Control Present,Clear,No,0,0,7
Yes,16.0,No,Facing Traffic,A: Suspected Serious Injury,Male,Rocky Mount,Nash,No,Tuesday,Bicyclist Right Turn / Merge,22.0,July,Bicyclist Right Turn - Opposite Direction,2017,21.0,No,O: No Injury,Male,Passenger Car,No,35.927337,-77.80474706,Dry,20 - 25  MPH,No Control Present,Clear,No,0,0,7
No,19.0,No,With Traffic,C: Possible Injury,Male,Lenoir,Caldwell,No,Sunday,Motorist Right Turn / Merge,20.0,July,Motorist Right Turn - Same Direction,2017,42.03850604944766,Missing,Unknown Injury,Unknown,Passenger Car,Yes,35.91672753,-81.53222365,Dry,20 - 25  MPH,Stop And Go Signal,Clear,No,1,0,7
Yes,11.0,No,Not Applicable,C: Possible Injury,Male,Matthews,Mecklenburg,No,Tuesday,Bicyclist Failed to Yield - Midblock,18.0,July,Bicyclist Ride Out - Commercial Driveway / Alley,2017,69.0,No,O: No Injury,Male,Passenger Car,No,35.11419828,-80.72218893,Dry,20 - 25  MPH,No Control Present,Clear,No,0,0,7
Yes,9.0,No,Not Applicable,A: Suspected Serious Injury,Male,None - Rural Crash,Pender,No,Wednesday,Non-Roadway,18.0,July,Non-Roadway,2017,21.0,No,O: No Injury,Female,Passenger Car,No,34.39333585,-77.92344234,Dry,Unknown,Stop Sign,Clear,No,0,0,7
No,23.0,No,Facing Traffic,O: No Injury,Male,Oxford,Granville,No,Thursday,Motorist Failed to Yield - Sign-Controlled Intersection,8.0,July,Motorist Drive Out - Sign-Controlled Intersection,2017,51.0,No,O: No Injury,Male,Passenger Car,No,36.3173501,-78.59304619,Dry,30 - 35  MPH,Stop Sign,Clear,No,0,0,7
No,52.0,Unknown,With Traffic,C: Possible Injury,Female,Wrightsville Beach,New Hanover,No,Sunday,Bicyclist Overtaking Motorist,17.0,July,Bicyclist Overtaking - Extended Door,2017,42.03850604944766,Missing,Unknown Injury,Unknown,Unknown,Yes,34.21727679,-77.80312011,Dry,30 - 35  MPH,No Control Present,Clear,No,1,0,7