AmbulanceR,BikeAge,BikeAlcFlg,BikeDir,BikeInjury,BikeSex,City,County,CrashAlcoh,CrashDay,CrashGrp,CrashHour,CrashMonth,CrashType,CrashYear,DrvrAge,DrvrAlcFlg,DrvrInjury,DrvrSex,DrvrVehTyp,HitRun,Latitude,Longitude,RdConditio,SpeedLimit,TraffCntrl,Weather,Workzone,DrvrAgeImputedFlag,BikeAgeImputedFlag,MonthCode
Yes,8.0,No,Not Applicable,C: Possible Injury,Female,None - Rural Crash,Brunswick,No,Tuesday,Bicyclist Failed to Yield - Midblock,17.0,July,Bicyclist Ride Out - Residential Driveway,2017,47.0,No,O: No Injury,Male,Passenger Car,No,33.98411058,-78.39144897,Dry,50 - 55  MPH,No Control Present,Clear,No,0,0,7
Yes,65.0,No,With Traffic,A: Suspected Serious Injury,Female,None - Rural Crash,Robeson,No,Thursday,Motorist Overtaking Bicyclist,20.0,July,Motorist Overtaking - Other / Unknown,2017,21.0,No,O: No Injury,Male,Pickup,No,34.4266107,-79.11226024,Dry,50 - 55  MPH,No Control Present,Clear,No,0,0,7
Yes,16.0,No,With Traffic,O: No Injury,Male,Elizabeth City,Pasquotank,No,Thursday,Loss of Control / Turning Error,23.0,June,Bicyclist Lost Control - Other / Unknown,2017,18.0,No,O: No Injury,Male,Passenger Car,No,36.29605455,-76.22778518,Wet,30 - 35  MPH,Stop Sign,Clear,No,0,0,6
Yes,5.0,No,Not Applicable,O: No Injury,Male,Conover,Catawba,No,Saturday,Motorist Left Turn / Merge,11.0,July,Motorist Left Turn - Opposite Direction,2017,32.0,No,O: No Injury,Female,Passenger Car,No,35.70178166,-81.22717235,Dry,20 - 25  MPH,Stop Sign,Clear,No,0,0,7
Yes,14.0,No,Facing Traffic,C: Possible Injury,Male,Durham,Durham,No,Sunday,Bicyclist Failed to Yield - Sign-Controlled Intersection,11.0,July,Bicyclist Ride Through - Sign-Controlled Intersection,2017,74.0,No,O: No Injury,Female,Passenger Car,No,35.9982147,-78.9145403,Dry,20 - 25  MPH,No Control Present,Clear,No,0,0,7
No,15.0,No,Unknown,C: Possible Injury,Female,None - Rural Crash,Brunswick,No,Saturday,Bicyclist Failed to Yield - Midblock,17.0,July,Bicyclist Ride Out - Midblock - Unknown,2017,42.03850604944766,Missing,Unknown Injury,Unknown,Passenger Car,Yes,33.9286177,-78.27151647,Dry,40 - 45  MPH,No Control Present,Clear,No,1,0,7
Yes,58.0,No,Facing Traffic,C: Possible Injury,Male,High Point,Guilford,No,Sunday,Bicyclist Failed to Yield - Midblock,21.0,July,Bicyclist Ride Out - Other Midblock,2017,31.0,No,O: No Injury,Male,Passenger Car,No,35.97214073,-79.99167106,Dry,40 - 45  MPH,Stop And Go Signal,Clear,No,0,0,7
No,59.0,No,With Traffic,C: Possible Injury,Male,None - Rural Crash,Lincoln,No,Monday,Motorist Overtaking Bicyclist,19.0,June,Motorist Overtaking - Other / Unknown,2017,38.0,No,O: No Injury,Male,Passenger Car,No,35.5158558,-81.05596387,Dry,40 - 45  MPH,No Control Present,Clear,No,0,0,6
Yes,8.0,No,With Traffic,C: Possible Injury,Male,None - Rural Crash,Harnett,No,Tuesday,Loss of Control / Turning Error,17.0,June,Bicyclist Turning Error - Left Turn,2017,27.0,No,O: No Injury,Female,Passenger Car,No,35.3217726,-79.03884237,Dry,50 - 55  MPH,Stop Sign,Clear,No,0,0,6
Yes,25.0,No,With Traffic,C: Possible Injury,Male,None - Rural Crash,Guilford,No,Friday,Bicyclist Left Turn / Merge,5.0,July,Bicyclist Left Turn - Same Direction,2017,75.0,No,O: No Injury,Male,Passenger Car,No,36.0758969,-79.99533058,Dry,40 - 45  MPH,"Double Yellow Line, No Passing Zone",Clear,No,0,0,7
Yes,51.0,No,Facing Traffic,C: Possible Injury,Female,Charlotte,Mecklenburg,No,Sunday,Motorist Failed to Yield - Sign-Controlled Intersection,12.0,July,Motorist Drive Out - Sign-Controlled Intersection,2017,48.0,No,O: No Injury,Male,Sport Utility,No,35.22574474,-80.72065757,Dry,30 - 35  MPH,Stop Sign,Clear,No,0,0,7
Yes,36.0,No,Facing Traffic,O: No Injury,Female,None - Rural Crash,Dare,No,Monday,Motorist Failed to Yield - Midblock,18.0,July,Motorist Drive Out - Other Midblock,2017,58.0,No,O: No Injury,Male,Sport Utility,Yes,36.16641087,-75.75423749,Dry,5 - 15 MPH,No Control Present,Clear,No,0,0,7
No,61.0,No,With Traffic,C: Possible Injury,Male,None - Rural Crash,Cumberland,No,Monday,Bicyclist Left Turn / Merge,11.0,June,Bicyclist Left Turn - Same Direction,2017,26.0,No,O: No Injury,Male,Pickup,No,35.04250281,-78.84093714,Dry,40 - 45  MPH,"Double Yellow Line, No Passing Zone",Clear,No,0,0,6
Yes,42.0,No,With Traffic,C: Possible Injury,Male,Asheville,Buncombe,No,Tuesday,Crossing Paths - Other Circumstances,10.0,July,Crossing Paths - Uncontrolled Intersection,2017,35.0,No,O: No Injury,Female,Passenger Car,No,35.57762404,-82.59078916,Dry,20 - 25  MPH,Stop Sign,Clear,No,0,0,7
Yes,29.0,No,Facing Traffic,Unknown Injury,Male,Wilmington,New Hanover,No,Thursday,Motorist Failed to Yield - Signalized Intersection,10.0,June,Motorist Drive Out - Right Turn on Red,2017,29.0,No,O: No Injury,Male,Sport Utility,No,34.23898857,-77.94660969,Dry,30 - 35  MPH,Stop And Go Signal,Clear,No,0,0,6
No,20.0,No,Facing Traffic,O: No Injury,Female,Kitty Hawk,Dare,No,Saturday,Bicyclist Failed to Yield - Signalized Intersection,20.0,June,Bicyclist Ride Through - Signalized Intersection,2017,24.0,Missing,O: No Injury,Male,Pickup,No,36.09911346,-75.72049684,Dry,50 - 55  MPH,Stop And Go Signal,Clear,No,0,0,6
No,27.0,No,With Traffic,C: Possible Injury,Female,Charlotte,Mecklenburg,No,Sunday,Motorist Failed to Yield - Sign-Controlled Intersection,16.0,July,Motorist Drive Out - Sign-Controlled Intersection,2017,67.0,No,O: No Injury,Male,Passenger Car,No,35.18316279,-80.83600355,Dry,30 - 35  MPH,No Control Present,Clear,No,0,0,7
No,32.52649525389365,Missing,Unknown,Unknown Injury,Unknown,Wilmington,New Hanover,No,Wednesday,Bicyclist Failed to Yield - Midblock,13.0,June,Bicyclist Ride Out - Commercial Driveway / Alley,2017,20.0,No,O: No Injury,Female,Passenger Car,No,34.21427093,-77.88691417,Wet,40 - 45  MPH,No Control Present,Rain,No,0,1,6
Yes,21.0,No,Facing Traffic,C: Possible Injury,Female,Kill Devil Hills,Dare,No,Sunday,Bicyclist Failed to Yield - Signalized Intersection,21.0,July,Bicyclist Ride Through - Signalized Intersection,2017,34.0,No,O: No Injury,Male,Passenger Car,No,35.99973691,-75.64885852,Dry,30 - 35  MPH,Stop And Go Signal,Cloudy,No,0,0,7
No,25.0,No,With Traffic,C: Possible Injury,Male,Charlotte,Mecklenburg,No,Wednesday,Motorist Right Turn / Merge,19.0,July,Motorist Right Turn - Same Direction,2017,27.0,No,O: No Injury,Female,Sport Utility,No,35.10427313,-80.80804969,Wet,30 - 35  MPH,Stop Sign,Cloudy,No,0,0,7
Yes,49.0,No,With Traffic,C: Possible Injury,Male,None - Rural Crash,Orange,No,Saturday,Motorist Failed to Yield - Sign-Controlled Intersection,9.0,July,Motorist Drive Out - Sign-Controlled Intersection,2017,41.0,No,O: No Injury,Male,Passenger Car,No,35.96611493,-79.09050533,Dry,40 - 45  MPH,Stop Sign,Clear,No,0,0,7
No,58.0,No,With Traffic,C: Possible Injury,Male,None - Rural Crash,Cabarrus,No,Saturday,Motorist Overtaking Bicyclist,9.0,July,Motorist Overtaking - Other / Unknown,2017,41.0,No,O: No Injury,Female,Passenger Car,No,35.28538244,-80.65886541,Dry,40 - 45  MPH,"Double Yellow Line, No Passing Zone",Clear,No,0,0,7
Yes,8.0,No,With Traffic,A: Suspected Serious Injury,Male,Marshville,Union,No,Thursday,Loss of Control / Turning Error,7.0,July,Bicyclist Turning Error - Right Turn,2017,23.0,No,O: No Injury,Female,Passenger Car,No,34.99332192,-80.37350261,Dry,30 - 35  MPH,Stop Sign,Clear,No,0,0,7
Yes,38.0,No,With Traffic,C: Possible Injury,Male,Charlotte,Mecklenburg,No,Friday,Motorist Right Turn / Merge,21.0,July,Motorist Right Turn on Red - Same Direction,2017,55.0,No,O: No Injury,Male,Pickup,No,35.19387924,-80.79430887,Dry,30 - 35  MPH,Stop And Go Signal,Clear,No,0,0,7
Yes,53.0,Yes,With Traffic,C: Possible Injury,Male,Rocky Mount,Nash,Yes,Sunday,Motorist Overtaking Bicyclist,21.0,July,Motorist Overtaking - Other / Unknown,2017,42.03850604944766,Missing,Unknown Injury,Unknown,Passenger Car,Yes,35.93444253,-77.81100711,Wet,30 - 35  MPH,No Control Present,Rain,No,1,0,7
Yes,32.52649525389365,Missing,With Traffic,Unknown Injury,Unknown,Swansboro,Onslow,No,Sunday,Bicyclist Failed to Yield - Sign-Controlled Intersection,14.0,June,Bicyclist Ride Through - Sign-Controlled Intersection,2017,16.0,No,O: No Injury,Female,Passenger Car,No,34.70991928,-77.12769672,Dry,40 - 45  MPH,Stop Sign,Clear,No,0,1,6
No,41.0,No,With Traffic,C: Possible Injury,Male,Charlotte,Mecklenburg,No,Monday,Loss of Control / Turning Error,20.0,July,Bicyclist Lost Control - Mechanical Problems,2017,29.0,No,O: No Injury,Male,Sport Utility,No,35.22622164,-80.84454335,Dry,20 - 25  MPH,No Control Present,Clear,No,0,0,7
No,25.0,No,Facing Traffic,C: Possible Injury,Female,Selma,Johnston,Yes,Sunday,Motorist Right Turn / Merge,10.0,July,Motorist Right Turn - Opposite Direction,2017,35.0,Yes,O: No Injury,Male,Van,No,35.53254207,-78.28718015,Dry,30 - 35  MPH,No Control Present,Clear,No,0,0,7
Yes,62.0,No,With Traffic,K: Killed,Male,None - Rural Crash,Polk,No,Saturday,Motorist Left Turn / Merge,9.0,July,Motorist Left Turn - Opposite Direction,2017,70.0,No,O: No Injury,Female,Passenger Car,No,35.22189158,-82.31824755,Dry,40 - 45  MPH,"Double Yellow Line, No Passing Zone",Clear,No,0,0,7
Yes,46.0,No,With Traffic,C: Possible Injury,Male,Greensboro,Guilford,No,Tuesday,Motorist Right Turn / Merge,12.0,July,Motorist Right Turn - Same Direction,2017,20.0,No,O: No Injury,Female,Passenger Car,No,36.06644624,-79.80568819,Dry,20 - 25  MPH,Stop And Go Signal,Clear,No,0,0,7
Yes,16.0,No,Facing Traffic,A: Suspected Serious Injury,Male,Rocky Mount,Nash,No,Tuesday,Bicyclist Right Turn / Merge,22.0,July,Bicyclist Right Turn - Opposite Direction,2017,21.0,No,O: No Injury,Male,Passenger Car,No,35.92733913,-77.80473836,Dry,30 - 35  MPH,No Control Present,Clear,No,0,0,7
Yes,17.0,No,With Traffic,K: Killed,Male,Lumberton,Robeson,No,Thursday,Bicyclist Left Turn / Merge,12.0,July,Bicyclist Left Turn - Same Direction,2017,30.0,No,O: No Injury,Female,Sport Utility,No,34.62112308,-78.98894807,Dry,30 - 35  MPH,No Control Present,Clear,No,0,0,7
No,43.0,No,Facing Traffic,C: Possible Injury,Male,Wilmington,New Hanover,No,Monday,Motorist Right Turn / Merge,8.0,July,Motorist Right Turn on Red - Opposite Direction,2017,29.0,No,O: No Injury,Female,Passenger Car,No,34.21732952,-77.90736769,Dry,40 - 45  MPH,Stop And Go Signal,Clear,No,0,0,7
Yes,35.0,Yes,With Traffic,C: Possible Injury,Male,Charlotte,Mecklenburg,Yes,Tuesday,Parallel Paths - Other Circumstances,22.0,June,Parallel Paths - Other / Unknown,2017,43.0,No,O: No Injury,Male,Firetruck,No,35.22082492,-80.81636017,Dry,30 - 35  MPH,No Control Present,Clear,No,0,0,6
Yes,61.0,No,Facing Traffic,C: Possible Injury,Male,Jacksonville,Onslow,No,Saturday,Bicyclist Failed to Yield - Signalized Intersection,15.0,July,Bicyclist Ride Through - Signalized Intersection,2017,23.0,No,Unknown Injury,Female,Passenger Car,No,34.76086958,-77.38256243,Dry,40 - 45  MPH,Stop And Go Signal,Clear,No,0,0,7
No,15.0,No,With Traffic,C: Possible Injury,Male,Kill Devil Hills,Dare,No,Tuesday,Motorist Left Turn / Merge,16.0,July,Motorist Left Turn - Opposite Direction,2017,59.0,No,O: No Injury,Female,Van,No,35.9976035,-75.65140008,Dry,50 - 55  MPH,Stop And Go Signal,Clear,No,0,0,7
No,26.0,No,Not Applicable,C: Possible Injury,Male,Boone,Watauga,No,Friday,Bicyclist Failed to Yield - Midblock,23.0,July,Bicyclist Ride Out - Commercial Driveway / Alley,2017,35.0,No,O: No Injury,Male,Passenger Car,No,36.21837701,-81.68423335,Wet,20 - 25  MPH,No Control Present,Cloudy,No,0,0,7
No,12.0,No,Facing Traffic,O: No Injury,Male,Durham,Durham,No,Sunday,Bicyclist Right Turn / Merge,18.0,July,Bicyclist Right Turn - Opposite Direction,2017,72.0,No,O: No Injury,Female,Passenger Car,No,36.03874961,-78.88757039,Dry,20 - 25  MPH,No Control Present,Clear,No,0,0,7
Yes,48.0,No,With Traffic,A: Suspected Serious Injury,Male,None - Rural Crash,Wilkes,No,Friday,Motorist Overtaking Bicyclist,13.0,July,Motorist Overtaking - Other / Unknown,2017,46.0,No,O: No Injury,Male,Pickup,No,36.29603298,-81.34365518,Dry,50 - 55  MPH,"Double Yellow Line, No Passing Zone",Clear,No,0,0,7
Yes,53.0,Yes,With Traffic,C: Possible Injury,Male,Greensboro,Guilford,Yes,Friday,Motorist Failed to Yield - Sign-Controlled Intersection,21.0,July,Motorist Drive Out - Sign-Controlled Intersection,2017,19.0,No,O: No Injury,Female,Passenger Car,No,36.14607409,-79.86691639,Dry,30 - 35  MPH,Stop Sign,Clear,No,0,0,7
Yes,16.0,No,With Traffic,C: Possible Injury,Male,Wilmington,New Hanover,No,Monday,Bicyclist Failed to Yield - Sign-Controlled Intersection,12.0,July,Bicyclist Ride Out - Sign-Controlled Intersection,2017,57.0,No,O: No Injury,Female,Pickup,No,34.23264597,-77.9363601,Wet,20 - 25  MPH,Stop Sign,Rain,No,0,0,7
Yes,57.0,No,With Traffic,C: Possible Injury,Female,Kill Devil Hills,Dare,No,Saturday,Backing Vehicle,21.0,July,Backing Vehicle,2017,21.0,No,O: No Injury,Female,Passenger Car,No,35.99762751,-75.6513052,Dry,40 - 45  MPH,Stop And Go Signal,Clear,No,0,0,7
No,20.0,No,Facing Traffic,C: Possible Injury,Female,Kill Devil Hills,Dare,No,Tuesday,Bicyclist Failed to Yield - Signalized Intersection,3.0,July,Bicyclist Ride Through - Signalized Intersection,2017,41.0,No,O: No Injury,Male,Pickup,No,36.03774949,-75.67537065,Dry,20 - 25  MPH,Stop And Go Signal,Cloudy,No,0,0,7
No,15.0,No,Facing Traffic,O: No Injury,Male,Raleigh,Wake,No,Saturday,Motorist Failed to Yield - Sign-Controlled Intersection,15.0,July,Motorist Drive Out - Sign-Controlled Intersection,2017,42.0,No,O: No Injury,Female,Passenger Car,No,35.83746812,-78.57041552,Dry,Unknown,Stop Sign,Clear,No,0,0,7
Yes,10.0,No,With Traffic,C: Possible Injury,Male,None - Rural Crash,Davidson,No,Monday,Bicyclist Left Turn / Merge,14.0,July,Bicyclist Left Turn - Same Direction,2017,42.03850604944766,Unknown,Unknown Injury,Unknown,Passenger Car,Yes,35.82552641,-80.0957392,Dry,50 - 55  MPH,"Double Yellow Line, No Passing Zone",Clear,No,1,0,7
No,56.0,No,Facing Traffic,C: Possible Injury,Male,Duck,Dare,No,Sunday,Motorist Failed to Yield - Sign-Controlled Intersection,11.0,July,Motorist Drive Out - Sign-Controlled Intersection,2017,20.0,No,O: No Injury,Male,Sport Utility,No,36.16166299,-75.75238077,Dry,20 - 25  MPH,No Control Present,Clear,No,0,0,7
Yes,19.0,No,Facing Traffic,C: Possible Injury,Male,Greenville,Pitt,No,Thursday,Motorist Failed to Yield - Sign-Controlled Intersection,14.0,July,Motorist Drive Out - Sign-Controlled Intersection,2017,53.0,No,O: No Injury,Male,Passenger Car,No,35.58771114,-77.37321901,Dry,30 - 35  MPH,No Control Present,Clear,No,0,0,7
Yes,63.0,No,With Traffic,C: Possible Injury,Male,Cary,Wake,No,Wednesday,Motorist Failed to Yield - Midblock,18.0,July,Motorist Drive Out - Commercial Driveway / Alley,2017,57.0,No,O: No Injury,Female,Sport Utility,No,35.73273592,-78.78055321,Dry,30 - 35  MPH,Stop Sign,Clear,No,0,0,7
No,14.0,No,Facing Traffic,C: Possible Injury,Male,Roanoke Rapids,Halifax,No,Thursday,Other / Unknown - Insufficient Details,19.0,July,Unknown Approach Paths,2017,42.03850604944766,Missing,Unknown Injury,Unknown,Unknown,Yes,36.47082061,-77.65542328,Dry,20 - 25  MPH,No Control Present,Clear,No,1,0,7
Yes,16.0,No,Facing Traffic,C: Possible Injury,Male,Belmont,Gaston,No,Friday,Bicyclist Failed to Yield - Sign-Controlled Intersection,18.0,August,Bicyclist Ride Through - Sign-Controlled Intersection,2017,30.0,No,O: No Injury,Female,Passenger Car,No,35.23927461,-81.02045276,Dry,20 - 25  MPH,Stop Sign,Clear,No,0,0,8
Yes,55.0,No,With Traffic,A: Suspected Serious Injury,Male,None - Rural Crash,Richmond,No,Friday,Motorist Overtaking Bicyclist,5.0,June,Motorist Overtaking - Other / Unknown,2017,44.0,No,O: No Injury,Male,Truck/Trailer,No,34.91846016,-79.66354455,Dry,50 - 55  MPH,No Control Present,Clear,No,0,0,6
No,62.0,Yes,With Traffic,O: No Injury,Male,None - Rural Crash,Pender,Yes,Tuesday,Motorist Overtaking Bicyclist,21.0,August,Motorist Overtaking - Other / Unknown,2017,32.0,No,O: No Injury,Male,Pickup,No,34.45201897,-78.04456752,Dry,50 - 55  MPH,"Double Yellow Line, No Passing Zone",Clear,No,0,0,8
Yes,35.0,No,With Traffic,A: Suspected Serious Injury,Female,None - Rural Crash,Craven,No,Tuesday,Motorist Overtaking Bicyclist,7.0,August,Motorist Overtaking - Other / Unknown,2017,27.0,No,O: No Injury,Male,Passenger Car,No,35.01646013,-76.99531575,Dry,50 - 55  MPH,No Control Present,Clear,No,0,0,8
No,49.0,No,With Traffic,C: Possible Injury,Male,None - Rural Crash,Haywood,No,Saturday,Motorist Right Turn / Merge,8.0,August,Motorist Right Turn - Same Direction,2017,38.0,No,O: No Injury,Female,"Light Truck (Mini-Van, Panel)",No,35.57972179,-82.94730906,Dry,50 - 55  MPH,"Double Yellow Line, No Passing Zone",Clear,No,0,0,8
Yes,33.0,No,With Traffic,C: Possible Injury,Male,None - Rural Crash,Wake,No,Tuesday,Motorist Overtaking Bicyclist,12.0,August,Motorist Overtaking - Other / Unknown,2017,57.0,No,O: No Injury,Male,Pickup,No,35.5718361,-78.71992906,Dry,40 - 45  MPH,"Double Yellow Line, No Passing Zone",Clear,No,0,0,8
Yes,26.0,No,With Traffic,C: Possible Injury,Female,Raleigh,Wake,No,Wednesday,Motorist Left Turn / Merge,9.0,August,Motorist Left Turn - Opposite Direction,2017,42.03850604944766,Missing,Unknown Injury,Unknown,Sport Utility,Yes,35.77830394,-78.63926266,Dry,30 - 35  MPH,Stop And Go Signal,Clear,No,1,0,8
Yes,24.0,No,Facing Traffic,C: Possible Injury,Female,Kill Devil Hills,Dare,No,Friday,Motorist Failed to Yield - Signalized Intersection,18.0,July,Motorist Drive Through - Signalized Intersection,2017,40.0,No,O: No Injury,Male,Sport Utility,No,35.99763175,-75.65150346,Wet,20 - 25  MPH,Stop And Go Signal,Cloudy,No,0,0,7
No,14.0,No,With Traffic,C: Possible Injury,Male,Charlotte,Mecklenburg,No,Wednesday,Motorist Left Turn / Merge,15.0,August,Motorist Left Turn - Opposite Direction,2017,62.0,No,O: No Injury,Female,Passenger Car,No,35.20900717,-80.82275614,Dry,30 - 35  MPH,No Control Present,Cloudy,No,0,0,8
No,38.0,No,Facing Traffic,O: No Injury,Male,Asheville,Buncombe,No,Tuesday,Motorist Failed to Yield - Midblock,19.0,June,Motorist Drive Out - Commercial Driveway / Alley,2017,42.03850604944766,Missing,Unknown Injury,Unknown,Passenger Car,Yes,35.58629407,-82.52877243,Dry,30 - 35  MPH,Stop Sign,Clear,No,1,0,6
Yes,24.0,No,Unknown,C: Possible Injury,Male,Goldsboro,Wayne,No,Thursday,Other / Unusual Circumstances,14.0,August,Motorist Intentionally Caused,2017,18.0,No,O: No Injury,Female,Pickup,Yes,35.36642086,-77.94439705,Dry,30 - 35  MPH,Stop Sign,Clear,No,0,0,8
Yes,76.0,No,Not Applicable,C: Possible Injury,Male,Matthews,Mecklenburg,No,Friday,Non-Roadway,7.0,August,Non-Roadway,2017,25.0,No,O: No Injury,Male,Van,No,35.11333082,-80.75423552,Dry,5 - 15 MPH,No Control Present,Clear,No,0,0,8
No,53.0,No,With Traffic,O: No Injury,Male,None - Rural Crash,Harnett,No,Saturday,Motorist Overtaking Bicyclist,19.0,July,Motorist Overtaking - Other / Unknown,2017,28.0,No,O: No Injury,Female,Passenger Car,No,35.33537279,-79.03050959,Dry,50 - 55  MPH,"Double Yellow Line, No Passing Zone",Clear,No,0,0,7
Yes,16.0,Unknown,With Traffic,K: Killed,Male,None - Rural Crash,Wake,No,Thursday,Motorist Overtaking Bicyclist,23.0,August,Motorist Overtaking - Other / Unknown,2017,42.03850604944766,Missing,Unknown Injury,Unknown,Unknown,Yes,35.77513233,-78.39832235,Dry,40 - 45  MPH,"Double Yellow Line, No Passing Zone",Clear,No,1,0,8
Yes,33.0,Yes,With Traffic,C: Possible Injury,Male,Laurinburg,Scotland,Yes,Sunday,Motorist Overtaking Bicyclist,0.0,August,Motorist Overtaking - Other / Unknown,2017,42.03850604944766,Missing,Unknown Injury,Unknown,Unknown,Yes,34.77113291,-79.46103415,Dry,Unknown,No Control Present,Clear,No,1,0,8
Yes,61.0,Unknown,With Traffic,K: Killed,Male,Leland,Brunswick,No,Tuesday,Motorist Overtaking Bicyclist,19.0,July,Motorist Overtaking - Other / Unknown,2017,47.0,No,O: No Injury,Male,Passenger Car,No,34.22395752,-78.01320933,Dry,60 - 75 MPH,No Control Present,Clear,No,0,0,7
Yes,27.0,No,Facing Traffic,C: Possible Injury,Male,Nags Head,Dare,No,Wednesday,Crossing Paths - Other Circumstances,11.0,June,Signalized Intersection - Other / Unknown,2017,58.0,No,O: No Injury,Male,Sport Utility,No,35.93536347,-75.61372904,Dry,30 - 35  MPH,Stop And Go Signal,Cloudy,No,0,0,6
Yes,32.0,No,Facing Traffic,C: Possible Injury,Male,Raleigh,Wake,No,Wednesday,Motorist Failed to Yield - Midblock,16.0,August,Motorist Drive Out - Commercial Driveway / Alley,2017,53.0,No,O: No Injury,Male,Passenger Car,No,35.84654253,-78.68981748,Dry,5 - 15 MPH,No Control Present,Clear,No,0,0,8
Yes,13.0,No,Facing Traffic,A: Suspected Serious Injury,Male,Raleigh,Wake,No,Monday,Bicyclist Failed to Yield - Signalized Intersection,14.0,August,Bicyclist Ride Through - Signalized Intersection,2017,72.0,No,O: No Injury,Female,Sport Utility,No,35.77105009,-78.60731848,Dry,30 - 35  MPH,Stop And Go Signal,Cloudy,No,0,0,8
Yes,60.0,No,Facing Traffic,C: Possible Injury,Male,Morrisville,Wake,No,Thursday,Motorist Failed to Yield - Sign-Controlled Intersection,17.0,August,Motorist Drive Through - Sign-Controlled Intersection,2017,32.0,No,O: No Injury,Female,"Light Truck (Mini-Van, Panel)",No,35.81410953,-78.82464425,Dry,5 - 15 MPH,Stop Sign,Clear,No,0,0,8
Yes,30.0,No,Facing Traffic,C: Possible Injury,Male,Raleigh,Wake,No,Monday,Motorist Failed to Yield - Midblock,11.0,August,Motorist Drive Out - Commercial Driveway / Alley,2017,56.0,No,O: No Injury,Male,Pickup,No,35.76972734,-78.63862213,Dry,30 - 35  MPH,No Control Present,Clear,No,0,0,8
No,59.0,No,With Traffic,C: Possible Injury,Male,Statesville,Iredell,No,Thursday,Loss of Control / Turning Error,13.0,August,Bicyclist Lost Control - Other / Unknown,2017,64.0,No,O: No Injury,Male,Pickup,No,35.785128,-80.910398,Dry,Unknown,No Control Present,Clear,No,0,0,8
Yes,21.0,Unknown,Facing Traffic,Unknown Injury,Male,Nags Head,Dare,No,Saturday,Motorist Failed to Yield - Midblock,14.0,July,Motorist Drive Out - Commercial Driveway / Alley,2017,20.0,No,O: No Injury,Male,Passenger Car,No,35.9155513,-75.60287006,Dry,50 - 55  MPH,No Control Present,Cloudy,No,0,0,7
No,59.0,No,Not Applicable,C: Possible Injury,Male,Burlington,Alamance,No,Wednesday,Bicyclist Failed to Yield - Midblock,17.0,August,Bicyclist Ride Out - Commercial Driveway / Alley,2017,31.0,No,O: No Injury,Female,Sport Utility,No,36.10738451,-79.43407833,Dry,30 - 35  MPH,No Control Present,Cloudy,No,0,0,8
Yes,10.0,No,With Traffic,C: Possible Injury,Male,Charlotte,Mecklenburg,No,Friday,Bicyclist Failed to Yield - Sign-Controlled Intersection,19.0,August,Bicyclist Ride Through - Sign-Controlled Intersection,2017,47.0,No,O: No Injury,Male,Sport Utility,No,35.24938439,-80.90871804,Dry,30 - 35  MPH,Stop Sign,Clear,No,0,0,8
No,49.0,No,Facing Traffic,O: No Injury,Male,Charlotte,Mecklenburg,No,Wednesday,Loss of Control / Turning Error,15.0,August,Bicyclist Turning Error - Left Turn,2017,72.0,No,O: No Injury,Male,Commercial Bus,No,35.118189,-80.855639,Dry,30 - 35  MPH,Stop And Go Signal,Cloudy,No,0,0,8
Yes,27.0,No,With Traffic,C: Possible Injury,Male,Wilmington,New Hanover,No,Saturday,Motorist Overtaking Bicyclist,23.0,August,Motorist Overtaking - Other / Unknown,2017,25.0,Unknown,Unknown Injury,Male,Van,No,34.21383364,-77.89975491,Dry,30 - 35  MPH,No Control Present,Clear,No,0,0,8
No,36.0,No,With Traffic,C: Possible Injury,Male,Duck,Dare,No,Tuesday,Motorist Right Turn / Merge,9.0,August,Motorist Right Turn - Same Direction,2017,53.0,No,O: No Injury,Male,Passenger Car,No,36.16309201,-75.75267829,Wet,20 - 25  MPH,No Control Present,Clear,No,0,0,8
Yes,17.0,No,With Traffic,K: Killed,Male,None - Rural Crash,Brunswick,Yes,Wednesday,Motorist Overtaking Bicyclist,12.0,July,Motorist Overtaking - Other / Unknown,2017,42.0,Yes,O: No Injury,Male,Passenger Car,No,33.97084714,-78.3269321,Dry,40 - 45  MPH,"Double Yellow Line, No Passing Zone",Clear,No,0,0,7
Yes,20.0,No,With Traffic,C: Possible Injury,Male,Rocky Mount,Nash,No,Tuesday,Motorist Overtaking Bicyclist,18.0,August,Motorist Overtaking - Bicyclist Swerved,2017,45.0,No,O: No Injury,Female,Passenger Car,No,35.97201623,-77.78766679,Dry,40 - 45  MPH,No Control Present,Clear,No,0,0,8
Yes,59.0,No,With Traffic,C: Possible Injury,Unknown,Carrboro,Orange,No,Thursday,Motorist Left Turn / Merge,17.0,June,Motorist Left Turn - Opposite Direction,2017,45.0,No,O: No Injury,Female,Passenger Car,No,35.92281007,-79.088844,Dry,20 - 25  MPH,Stop Sign,Clear,No,0,0,6
Yes,29.0,No,With Traffic,O: No Injury,Female,Charlotte,Mecklenburg,No,Sunday,Loss of Control / Turning Error,19.0,August,"Bicyclist Lost Control - Oversteering, Improper Braking, Speed",2017,52.0,No,B: Suspected Minor Injury,Female,Commercial Bus,No,35.11816785,-80.85466595,Dry,30 - 35  MPH,No Control Present,Clear,No,0,0,8
Yes,16.0,No,Facing Traffic,C: Possible Injury,Male,None - Rural Crash,Dare,No,Saturday,Motorist Failed to Yield - Midblock,20.0,July,Motorist Drive Out - Other Midblock,2017,19.0,No,O: No Injury,Male,Sport Utility,No,35.26511285,-75.53819066,Dry,30 - 35  MPH,"Double Yellow Line, No Passing Zone",Clear,No,0,0,7