AmbulanceR,BikeAge,BikeAlcFlg,BikeDir,BikeInjury,BikeSex,City,County,CrashAlcoh,CrashDay,CrashGrp,CrashHour,CrashMonth,CrashType,CrashYear,DrvrAge,DrvrAlcFlg,DrvrInjury,DrvrSex,DrvrVehTyp,HitRun,Latitude,Longitude,RdConditio,SpeedLimit,TraffCntrl,Weather,Workzone,DrvrAgeImputedFlag,BikeAgeImputedFlag,MonthCode
Yes,31.0,No,With Traffic,C: Possible Injury,Male,Hope Mills,Cumberland,No,Tuesday,Motorist Overtaking Bicyclist,11.0,August,Motorist Overtaking - Other / Unknown,2017,48.0,No,O: No Injury,Male,Tractor/Semi-Trailer,No,34.9784739,-78.95695487,Dry,30 - 35  MPH,No Control Present,Clear,No,0,0,8
No,17.0,No,Not Applicable,O: No Injury,Female,Fuquay-Varina,Wake,No,Monday,Non-Roadway,16.0,July,Non-Roadway,2017,49.0,No,O: No Injury,Male,Passenger Car,No,35.59082917,-78.77836829,Dry,Unknown,No Control Present,Clear,No,0,0,7
Yes,53.0,No,With Traffic,C: Possible Injury,Male,None - Rural Crash,Wake,No,Sunday,Crossing Paths - Other Circumstances,8.0,August,Signalized Intersection - Other / Unknown,2017,42.03850604944766,Missing,Unknown Injury,Unknown,Police,No,35.95400547,-78.56719328,Dry,40 - 45  MPH,Human Control,Cloudy,No,1,0,8
No,18.0,No,Facing Traffic,O: No Injury,Male,Charlotte,Mecklenburg,No,Thursday,Motorist Failed to Yield - Signalized Intersection,10.0,August,Motorist Drive Through - Signalized Intersection,2017,42.03850604944766,Missing,Unknown Injury,Unknown,Unknown,Yes,35.15256263,-80.8763206,Dry,30 - 35  MPH,Stop And Go Signal,Cloudy,No,1,0,8
No,57.0,No,Not Applicable,O: No Injury,Male,Rocky Mount,Edgecombe,No,Saturday,Non-Roadway,13.0,August,Non-Roadway,2017,46.0,No,O: No Injury,Male,Pickup,No,35.94381,-77.774853,Dry,5 - 15 MPH,No Control Present,Clear,No,0,0,8
No,29.0,No,With Traffic,O: No Injury,Male,Matthews,Mecklenburg,No,Friday,Loss of Control / Turning Error,11.0,August,"Bicyclist Lost Control - Oversteering, Improper Braking, Speed",2017,35.0,No,O: No Injury,Male,Pickup,No,35.11733239,-80.722098,Dry,5 - 15 MPH,Stop Sign,Clear,No,0,0,8
Yes,16.0,No,With Traffic,C: Possible Injury,Male,Greensboro,Guilford,No,Thursday,Motorist Failed to Yield - Midblock,16.0,August,Motorist Drive Out - Commercial Driveway / Alley,2017,52.0,No,O: No Injury,Male,Passenger Car,No,36.04602,-79.83817119,Dry,30 - 35  MPH,No Control Present,Cloudy,No,0,0,8
Yes,51.0,No,With Traffic,C: Possible Injury,Male,None - Rural Crash,Moore,No,Sunday,Motorist Overtaking Bicyclist,9.0,July,Motorist Overtaking - Other / Unknown,2017,71.0,No,O: No Injury,Male,Pickup,No,35.1883399,-79.36958079,Dry,Unknown,"Double Yellow Line, No Passing Zone",Clear,No,0,0,7
Yes,49.0,No,Facing Traffic,A: Suspected Serious Injury,Male,None - Rural Crash,Robeson,No,Saturday,Bicyclist Right Turn / Merge,23.0,August,Bicyclist Right Turn - Same Direction,2017,17.0,No,C: Possible Injury,Male,Pickup,No,34.62653412,-79.1859424,Dry,50 - 55  MPH,No Control Present,Clear,No,0,0,8
No,33.0,No,With Traffic,C: Possible Injury,Male,Forest City,Rutherford,No,Friday,Motorist Right Turn / Merge,9.0,August,Motorist Right Turn - Same Direction,2017,76.0,No,O: No Injury,Female,Passenger Car,No,35.33400861,-81.86580808,Dry,20 - 25  MPH,Stop And Go Signal,Cloudy,No,0,0,8
Yes,45.0,No,With Traffic,A: Suspected Serious Injury,Female,None - Rural Crash,Onslow,No,Wednesday,Motorist Overtaking Bicyclist,16.0,August,Motorist Overtaking - Bicyclist Swerved,2017,33.0,No,O: No Injury,Female,Sport Utility,No,34.73549474,-77.32002601,Dry,40 - 45  MPH,"Double Yellow Line, No Passing Zone",Cloudy,No,0,0,8
Yes,52.0,No,Facing Traffic,C: Possible Injury,Male,Rocky Mount,Edgecombe,No,Saturday,Bicyclist Failed to Yield - Signalized Intersection,11.0,August,Bicyclist Ride Through - Signalized Intersection,2017,81.0,No,O: No Injury,Female,Sport Utility,No,35.93945152,-77.79537063,Dry,30 - 35  MPH,Stop And Go Signal,Clear,No,0,0,8
Yes,82.0,No,Facing Traffic,C: Possible Injury,Male,Greenville,Pitt,No,Monday,Motorist Failed to Yield - Midblock,12.0,July,Motorist Drive Out - Commercial Driveway / Alley,2017,33.0,No,O: No Injury,Female,Sport Utility,No,35.59114033,-77.34489991,Dry,Unknown,No Control Present,Clear,No,0,0,7
Yes,66.0,No,Facing Traffic,C: Possible Injury,Male,Jacksonville,Onslow,No,Thursday,Bicyclist Failed to Yield - Midblock,16.0,August,Bicyclist Ride Out - Midblock - Unknown,2017,77.0,No,O: No Injury,Female,Passenger Car,No,34.76710409,-77.40672787,Dry,40 - 45  MPH,No Control Present,Clear,No,0,0,8
No,53.0,No,Facing Traffic,C: Possible Injury,Female,Kinston,Lenoir,No,Friday,Bicyclist Failed to Yield - Signalized Intersection,16.0,August,Bicyclist Ride Through - Signalized Intersection,2017,31.0,No,O: No Injury,Female,Passenger Car,No,35.26640512,-77.57926855,Dry,30 - 35  MPH,Stop And Go Signal,Clear,No,0,0,8
Yes,30.0,No,With Traffic,C: Possible Injury,Male,None - Rural Crash,Gaston,No,Wednesday,Motorist Overtaking Bicyclist,21.0,August,Motorist Overtaking - Undetected Bicyclist,2017,50.0,No,O: No Injury,Male,Pickup,No,35.23175933,-81.09792078,Dry,40 - 45  MPH,"Double Yellow Line, No Passing Zone",Clear,No,0,0,8
Yes,82.0,No,With Traffic,A: Suspected Serious Injury,Male,None - Rural Crash,New Hanover,No,Tuesday,Motorist Overtaking Bicyclist,7.0,August,Motorist Overtaking - Undetected Bicyclist,2017,52.0,No,O: No Injury,Male,Sport Utility,No,34.210389,-77.886811,Dry,40 - 45  MPH,"Double Yellow Line, No Passing Zone",Clear,No,0,0,8
No,9.0,No,Facing Traffic,O: No Injury,Male,Burlington,Alamance,No,Wednesday,Head-On,18.0,August,Head-On - Bicyclist,2017,37.0,No,O: No Injury,Male,Passenger Car,No,36.10612731,-79.44081415,Dry,30 - 35  MPH,No Control Present,Clear,No,0,0,8
Yes,10.0,No,With Traffic,C: Possible Injury,Male,Greensboro,Guilford,No,Tuesday,Bicyclist Failed to Yield - Sign-Controlled Intersection,19.0,September,Bicyclist Ride Through - Sign-Controlled Intersection,2017,25.0,No,O: No Injury,Female,Passenger Car,No,36.1375865,-79.75559166,Dry,30 - 35  MPH,Stop Sign,Clear,No,0,0,9
No,70.0,No,With Traffic,C: Possible Injury,Female,Atlantic Beach,Carteret,No,Thursday,Motorist Right Turn / Merge,9.0,July,Motorist Right Turn - Same Direction,2017,25.0,No,O: No Injury,Female,Passenger Car,No,34.69856702,-76.76748295,Dry,30 - 35  MPH,No Control Present,Clear,No,0,0,7
No,47.0,No,Facing Traffic,C: Possible Injury,Male,Greenville,Pitt,No,Thursday,Motorist Failed to Yield - Midblock,10.0,September,Motorist Drive Out - Commercial Driveway / Alley,2017,22.0,No,O: No Injury,Male,Sport Utility,No,35.60047129,-77.37091877,Dry,Unknown,No Control Present,Clear,No,0,0,9
Yes,55.0,No,With Traffic,C: Possible Injury,Male,Kings Mountain,Cleveland,No,Saturday,Motorist Left Turn / Merge,9.0,September,Motorist Left Turn - Opposite Direction,2017,51.0,No,O: No Injury,Female,Passenger Car,No,35.24436943,-81.33122989,Dry,30 - 35  MPH,No Control Present,Clear,No,0,0,9
Yes,45.0,No,With Traffic,C: Possible Injury,Female,Charlotte,Mecklenburg,No,Thursday,Motorist Overtaking Bicyclist,6.0,September,Motorist Overtaking - Bicyclist Swerved,2017,21.0,No,O: No Injury,Male,Passenger Car,No,35.16381761,-80.92074244,Dry,20 - 25  MPH,No Control Present,Clear,No,0,0,9
Yes,26.0,No,With Traffic,C: Possible Injury,Male,Durham,Durham,No,Thursday,Motorist Left Turn / Merge,18.0,September,Motorist Left Turn - Opposite Direction,2017,23.0,No,O: No Injury,Male,Sport Utility,No,36.007675,-78.912216,Dry,20 - 25  MPH,Stop Sign,Clear,No,0,0,9
No,63.0,No,Not Applicable,O: No Injury,Male,Charlotte,Mecklenburg,No,Friday,Bicyclist Failed to Yield - Midblock,7.0,September,Bicyclist Ride Out - Commercial Driveway / Alley,2017,33.0,No,O: No Injury,Female,Passenger Car,No,35.26740659,-80.79480138,Dry,40 - 45  MPH,No Control Present,Clear,No,0,0,9
Yes,22.0,No,With Traffic,C: Possible Injury,Male,Charlotte,Mecklenburg,No,Saturday,Bicyclist Overtaking Motorist,22.0,September,Bicyclist Overtaking - Parked Vehicle,2017,19.0,No,O: No Injury,Male,Passenger Car,No,35.22491841,-80.84387438,Dry,20 - 25  MPH,No Control Present,Clear,No,0,0,9
Yes,21.0,No,With Traffic,C: Possible Injury,Female,Chapel Hill,Orange,No,Wednesday,Bicyclist Failed to Yield - Signalized Intersection,12.0,August,Bicyclist Ride Through - Signalized Intersection,2017,24.0,No,O: No Injury,Female,Passenger Car,No,35.91574037,-79.04922364,Dry,30 - 35  MPH,Stop And Go Signal,Clear,No,0,0,8
Yes,22.0,No,Facing Traffic,C: Possible Injury,Female,Kill Devil Hills,Dare,No,Saturday,Head-On,13.0,August,Head-On - Bicyclist,2017,42.03850604944766,Missing,Unknown Injury,Unknown,Unknown,Yes,36.0234951,-75.66305662,Dry,30 - 35  MPH,No Control Present,Clear,No,1,0,8
Yes,10.0,No,With Traffic,C: Possible Injury,Female,Chapel Hill,Orange,No,Thursday,Motorist Overtaking Bicyclist,19.0,September,Motorist Overtaking - Other / Unknown,2017,42.03850604944766,Missing,Unknown Injury,Unknown,Passenger Car,Yes,35.93862533,-79.01195469,Dry,20 - 25  MPH,No Control Present,Clear,No,1,0,9
No,18.0,No,With Traffic,C: Possible Injury,Male,Siler City,Chatham,No,Monday,Motorist Overtaking Bicyclist,14.0,August,Motorist Overtaking - Other / Unknown,2017,42.03850604944766,Missing,Unknown Injury,Unknown,Unknown,Yes,35.72730951,-79.46462069,Dry,30 - 35  MPH,Stop And Go Signal,Clear,No,1,0,8
Yes,21.0,No,With Traffic,C: Possible Injury,Female,Greensboro,Guilford,No,Friday,Motorist Right Turn / Merge,16.0,September,Motorist Right Turn - Same Direction,2017,17.0,No,O: No Injury,Female,Passenger Car,Yes,36.08505998,-79.82117859,Dry,30 - 35  MPH,Stop And Go Signal,Clear,No,0,0,9
Yes,23.0,No,With Traffic,C: Possible Injury,Female,Durham,Durham,No,Thursday,Bicyclist Left Turn / Merge,18.0,September,Bicyclist Left Turn - Same Direction,2017,60.0,No,O: No Injury,Male,Pickup,No,36.00971674,-78.91367311,Dry,20 - 25  MPH,No Control Present,Clear,No,0,0,9
Yes,59.0,No,Facing Traffic,C: Possible Injury,Male,Greensboro,Guilford,No,Wednesday,Bicyclist Right Turn / Merge,17.0,September,Bicyclist Right Turn - Same Direction,2017,35.0,No,O: No Injury,Female,Passenger Car,No,36.08383186,-79.79998294,Dry,30 - 35  MPH,Warning Sign,Clear,No,0,0,9
No,53.0,No,Not Applicable,O: No Injury,Male,Carrboro,Orange,No,Monday,Non-Roadway,12.0,August,Non-Roadway,2017,73.0,No,O: No Injury,Female,Passenger Car,No,35.91730758,-79.09566113,Dry,Unknown,Stop Sign,Cloudy,No,0,0,8
No,54.0,Yes,With Traffic,O: No Injury,Male,Carolina Beach,New Hanover,Yes,Saturday,Bicyclist Overtaking Motorist,17.0,September,Bicyclist Overtaking - Other / Unknown,2017,22.0,No,O: No Injury,Female,Sport Utility,No,34.03342618,-77.89303756,Dry,20 - 25  MPH,Stop Sign,Clear,No,0,0,9
Yes,25.0,No,Facing Traffic,C: Possible Injury,Female,Charlotte,Mecklenburg,No,Tuesday,Motorist Failed to Yield - Signalized Intersection,6.0,September,Motorist Drive Out - Right Turn on Red,2017,62.0,No,O: No Injury,Female,Passenger Car,No,35.22203046,-80.84134659,Dry,30 - 35  MPH,Stop And Go Signal,Clear,No,0,0,9
Yes,20.0,No,With Traffic,C: Possible Injury,Male,Charlotte,Mecklenburg,No,Tuesday,Motorist Overtaking Bicyclist,5.0,August,Motorist Overtaking - Other / Unknown,2017,20.0,No,O: No Injury,Male,Passenger Car,No,35.31533901,-80.840247,Dry,40 - 45  MPH,No Control Present,Clear,No,0,0,8
Yes,32.52649525389365,Missing,With Traffic,Unknown Injury,Male,None - Rural Crash,Mecklenburg,No,Monday,Motorist Left Turn / Merge,18.0,September,Motorist Left Turn - Opposite Direction,2017,42.0,No,C: Possible Injury,Female,Passenger Car,No,35.22343064,-80.84846607,Dry,5 - 15 MPH,Stop And Go Signal,Clear,No,0,1,9
No,22.0,No,Not Applicable,C: Possible Injury,Male,Boone,Watauga,No,Thursday,Non-Roadway,18.0,September,Non-Roadway,2017,21.0,No,O: No Injury,Female,Sport Utility,No,36.21495632,-81.67500441,Dry,5 - 15 MPH,No Control Present,Clear,No,0,0,9
Yes,25.0,No,Facing Traffic,C: Possible Injury,Female,Greensboro,Guilford,No,Friday,Motorist Failed to Yield - Sign-Controlled Intersection,17.0,September,Motorist Drive Out - Sign-Controlled Intersection,2017,22.0,No,O: No Injury,Female,Passenger Car,No,36.08798603,-79.77048617,Dry,30 - 35  MPH,Stop Sign,Clear,No,0,0,9
Yes,51.0,No,Facing Traffic,C: Possible Injury,Male,Charlotte,Mecklenburg,No,Sunday,Motorist Failed to Yield - Signalized Intersection,17.0,September,Motorist Drive Out - Signalized Intersection,2017,52.0,No,O: No Injury,Female,Passenger Car,No,35.23143076,-80.84595084,Dry,30 - 35  MPH,Stop And Go Signal,Clear,No,0,0,9
Yes,50.0,No,Facing Traffic,C: Possible Injury,Male,Greenville,Pitt,No,Friday,Crossing Paths - Other Circumstances,15.0,September,Sign-Controlled Intersection - Other / Unknown,2017,45.0,No,O: No Injury,Male,Sport Utility,No,35.60423083,-77.36472764,Dry,20 - 25  MPH,Stop Sign,Clear,No,0,0,9
Yes,50.0,No,With Traffic,C: Possible Injury,Male,Tarboro,Edgecombe,No,Monday,Bicyclist Overtaking Motorist,15.0,September,Bicyclist Overtaking - Other / Unknown,2017,58.0,No,O: No Injury,Female,Passenger Car,No,35.8963074,-77.53707859,Dry,20 - 25  MPH,Stop And Go Signal,Clear,No,0,0,9
Yes,57.0,No,With Traffic,A: Suspected Serious Injury,Male,None - Rural Crash,Wake,No,Sunday,Bicyclist Right Turn / Merge,12.0,September,Bicyclist Right Turn - Same Direction,2017,17.0,No,O: No Injury,Female,Van,No,35.77356931,-78.923891,Dry,40 - 45  MPH,"Double Yellow Line, No Passing Zone",Clear,No,0,0,9
Yes,16.0,No,Facing Traffic,C: Possible Injury,Male,Greenville,Pitt,No,Saturday,Motorist Right Turn / Merge,16.0,September,Motorist Right Turn - Opposite Direction,2017,60.0,No,O: No Injury,Male,Passenger Car,No,35.59184013,-77.39004795,Dry,30 - 35  MPH,Stop And Go Signal,Clear,No,0,0,9
No,68.0,No,Facing Traffic,C: Possible Injury,Male,Washington,Beaufort,No,Monday,Crossing Paths - Other Circumstances,12.0,September,Crossing Paths - Midblock - Other / Unknown,2017,42.0,No,O: No Injury,Male,Passenger Car,No,35.54616112,-77.05112736,Dry,30 - 35  MPH,No Control Present,Clear,No,0,0,9
No,14.0,No,Facing Traffic,C: Possible Injury,Male,Cary,Wake,No,Tuesday,Motorist Failed to Yield - Sign-Controlled Intersection,20.0,September,Motorist Drive Out - Sign-Controlled Intersection,2017,45.0,No,O: No Injury,Female,Sport Utility,No,35.78887478,-78.85975459,Dry,5 - 15 MPH,Stop Sign,Cloudy,No,0,0,9
Yes,44.0,No,With Traffic,C: Possible Injury,Male,None - Rural Crash,Rockingham,No,Friday,Motorist Right Turn / Merge,12.0,August,Motorist Right Turn - Same Direction,2017,59.0,No,O: No Injury,Female,Passenger Car,No,36.4705268,-79.80992691,Dry,40 - 45  MPH,Stop Sign,Clear,No,0,0,8
No,18.0,No,Unknown,C: Possible Injury,Male,Rockingham,Richmond,No,Monday,Motorist Failed to Yield - Midblock,10.0,September,Motorist Drive Out - Commercial Driveway / Alley,2017,42.0,No,O: No Injury,Female,Sport Utility,No,34.9188161,-79.7453895,Dry,40 - 45  MPH,No Control Present,Clear,No,0,0,9
Yes,14.0,No,With Traffic,C: Possible Injury,Male,Asheville,Buncombe,No,Saturday,Motorist Left Turn / Merge,20.0,September,Motorist Left Turn - Opposite Direction,2017,36.0,No,O: No Injury,Male,Passenger Car,No,35.57784958,-82.55997021,Dry,20 - 25  MPH,No Control Present,Clear,No,0,0,9
Yes,47.0,No,With Traffic,C: Possible Injury,Male,China Grove,Rowan,No,Thursday,Bicyclist Failed to Yield - Sign-Controlled Intersection,10.0,September,Bicyclist Ride Through - Sign-Controlled Intersection,2017,20.0,No,O: No Injury,Female,Passenger Car,No,35.56107772,-80.58282091,Dry,30 - 35  MPH,Stop Sign,Clear,No,0,0,9
No,32.52649525389365,Missing,Facing Traffic,Unknown Injury,Unknown,Wilmington,New Hanover,No,Friday,Crossing Paths - Other Circumstances,12.0,August,Crossing Paths - Intersection - Other / Unknown,2017,41.0,No,O: No Injury,Female,Passenger Car,Yes,34.22878727,-77.87108626,Dry,20 - 25  MPH,Stop And Go Signal,Clear,No,0,1,8
Yes,14.0,No,With Traffic,A: Suspected Serious Injury,Male,Monroe,Union,No,Tuesday,Bicyclist Failed to Yield - Sign-Controlled Intersection,16.0,September,Bicyclist Ride Through - Sign-Controlled Intersection,2017,26.0,No,O: No Injury,Male,Passenger Car,No,34.97616412,-80.54834437,Dry,20 - 25  MPH,Stop Sign,Clear,No,0,0,9
Yes,23.0,No,With Traffic,C: Possible Injury,Female,Wilmington,New Hanover,No,Wednesday,Motorist Left Turn / Merge,18.0,September,Motorist Left Turn - Opposite Direction,2017,20.0,No,O: No Injury,Male,Passenger Car,No,34.23053607,-77.88722074,Dry,40 - 45  MPH,No Control Present,Clear,Yes,0,0,9
Yes,58.0,No,With Traffic,C: Possible Injury,Male,None - Rural Crash,Cumberland,No,Tuesday,Motorist Overtaking Bicyclist,19.0,September,Motorist Overtaking - Other / Unknown,2017,34.0,No,O: No Injury,Male,Pickup,No,35.08099295,-78.78157891,Dry,50 - 55  MPH,"Double Yellow Line, No Passing Zone",Clear,No,0,0,9
Yes,26.0,No,Facing Traffic,Unknown Injury,Male,Morehead City,Carteret,No,Friday,Motorist Failed to Yield - Midblock,12.0,September,Motorist Drive Out - Commercial Driveway / Alley,2017,41.0,No,O: No Injury,Female,Sport Utility,No,34.72142395,-76.71215283,Dry,5 - 15 MPH,No Control Present,Clear,No,0,0,9
Yes,69.0,Unknown,With Traffic,C: Possible Injury,Male,Rocky Mount,Nash,No,Saturday,Bicyclist Failed to Yield - Sign-Controlled Intersection,16.0,September,Bicyclist Ride Out - Sign-Controlled Intersection,2017,30.0,No,O: No Injury,Male,Passenger Car,No,35.9322439,-77.8115077,Dry,30 - 35  MPH,Stop Sign,Clear,No,0,0,9
Yes,15.0,No,With Traffic,C: Possible Injury,Male,Winston-Salem,Forsyth,No,Thursday,Bicyclist Failed to Yield - Sign-Controlled Intersection,16.0,September,Bicyclist Ride Through - Sign-Controlled Intersection,2017,17.0,No,O: No Injury,Female,Passenger Car,No,36.062562,-80.3283886,Dry,20 - 25  MPH,Stop Sign,Clear,No,0,0,9
Yes,53.0,No,With Traffic,K: Killed,Male,None - Rural Crash,Harnett,No,Thursday,Motorist Overtaking Bicyclist,8.0,August,Motorist Overtaking - Other / Unknown,2017,57.0,No,O: No Injury,Male,Pickup,No,35.40576672,-78.85979851,Dry,50 - 55  MPH,No Control Present,Clear,No,0,0,8
No,32.52649525389365,No,Not Applicable,Unknown Injury,Unknown,Elizabeth City,Pasquotank,No,Monday,Crossing Paths - Other Circumstances,15.0,September,Crossing Paths - Intersection - Other / Unknown,2017,84.0,No,O: No Injury,Female,Sport Utility,No,36.29292781,-76.24563548,Dry,40 - 45  MPH,Stop And Go Signal,Clear,No,0,1,9
Yes,14.0,No,With Traffic,C: Possible Injury,Female,Apex,Wake,No,Sunday,Bicyclist Failed to Yield - Sign-Controlled Intersection,19.0,September,Bicyclist Ride Through - Sign-Controlled Intersection,2017,18.0,No,O: No Injury,Female,Sport Utility,No,35.71343851,-78.90658823,Dry,30 - 35  MPH,Stop Sign,Clear,No,0,0,9
No,22.0,No,With Traffic,O: No Injury,Male,Durham,Durham,No,Monday,Motorist Overtaking Bicyclist,11.0,October,Motorist Overtaking - Other / Unknown,2017,42.03850604944766,Missing,Unknown Injury,Unknown,Passenger Car,Yes,35.96836986,-78.96293775,Dry,40 - 45  MPH,No Control Present,Clear,No,1,0,10
Yes,48.0,No,Facing Traffic,C: Possible Injury,Female,Rocky Mount,Nash,No,Tuesday,Motorist Failed to Yield - Sign-Controlled Intersection,9.0,October,Motorist Drive Out - Sign-Controlled Intersection,2017,71.0,No,O: No Injury,Male,Van,No,35.94655519,-77.80328918,Dry,30 - 35  MPH,Stop Sign,Clear,No,0,0,10
Yes,22.0,No,Facing Traffic,C: Possible Injury,Female,Wilmington,New Hanover,No,Tuesday,Bicyclist Failed to Yield - Midblock,17.0,September,Bicyclist Ride Out - Commercial Driveway / Alley,2017,57.0,No,O: No Injury,Female,Passenger Car,No,34.21429226,-77.88670444,Dry,30 - 35  MPH,No Control Present,Clear,No,0,0,9
No,55.0,No,With Traffic,O: No Injury,Male,Charlotte,Mecklenburg,No,Tuesday,Motorist Failed to Yield - Sign-Controlled Intersection,17.0,September,Motorist Drive Out - Sign-Controlled Intersection,2017,42.03850604944766,Missing,Unknown Injury,Unknown,Unknown,Yes,35.1848421,-80.83552048,Dry,30 - 35  MPH,No Control Present,Clear,No,1,0,9
Yes,8.0,No,Not Applicable,C: Possible Injury,Female,Greensboro,Guilford,No,Thursday,Bicyclist Failed to Yield - Midblock,17.0,October,Bicyclist Ride Out - Other Midblock,2017,51.0,No,O: No Injury,Male,Passenger Car,No,36.17585789,-79.87938887,Dry,40 - 45  MPH,"Double Yellow Line, No Passing Zone",Clear,No,0,0,10
No,16.0,No,With Traffic,C: Possible Injury,Male,Fuquay-Varina,Wake,No,Sunday,Motorist Left Turn / Merge,22.0,September,Motorist Left Turn - Opposite Direction,2017,55.0,No,O: No Injury,Male,Sport Utility,No,35.59093308,-78.77356245,Dry,30 - 35  MPH,No Control Present,Clear,No,0,0,9
Yes,41.0,No,Facing Traffic,C: Possible Injury,Male,Charlotte,Mecklenburg,No,Sunday,Motorist Failed to Yield - Sign-Controlled Intersection,13.0,October,Motorist Drive Out - Sign-Controlled Intersection,2017,74.0,No,O: No Injury,Male,Passenger Car,No,35.23406334,-80.82245441,Dry,30 - 35  MPH,Stop Sign,Clear,No,0,0,10
Yes,27.0,No,Not Applicable,C: Possible Injury,Male,Winston-Salem,Forsyth,No,Tuesday,Bicyclist Failed to Yield - Midblock,15.0,October,Bicyclist Ride Out - Commercial Driveway / Alley,2017,29.0,No,O: No Injury,Female,Sport Utility,No,36.09276282,-80.26537644,Dry,30 - 35  MPH,"Double Yellow Line, No Passing Zone",Clear,No,0,0,10
Yes,38.0,No,With Traffic,C: Possible Injury,Male,Greensboro,Guilford,No,Monday,Bicyclist Failed to Yield - Signalized Intersection,18.0,September,Bicyclist Ride Through - Signalized Intersection,2017,22.0,No,O: No Injury,Female,Passenger Car,No,36.04258403,-79.84239275,Dry,30 - 35  MPH,Stop And Go Signal,Clear,No,0,0,9
Yes,19.0,No,Facing Traffic,C: Possible Injury,Male,Charlotte,Mecklenburg,No,Friday,Crossing Paths - Other Circumstances,12.0,September,Signalized Intersection - Other / Unknown,2017,62.0,No,O: No Injury,Male,Passenger Car,No,35.24640201,-80.89963244,Dry,30 - 35  MPH,Stop And Go Signal,Clear,No,0,0,9
Yes,32.52649525389365,Missing,Not Applicable,Unknown Injury,Unknown,Raleigh,Wake,No,Saturday,Bicyclist Failed to Yield - Midblock,19.0,September,Bicyclist Ride Out - Other Midblock,2017,26.0,No,B: Suspected Minor Injury,Male,Motorcycle,Yes,35.75888415,-78.6400827,Dry,30 - 35  MPH,No Control Present,Clear,No,0,1,9
Yes,42.0,No,With Traffic,C: Possible Injury,Male,Cherryville,Gaston,No,Monday,Bicyclist Failed to Yield - Sign-Controlled Intersection,14.0,October,Bicyclist Ride Through - Sign-Controlled Intersection,2017,27.0,No,O: No Injury,Male,Pickup,No,35.38016728,-81.38290119,Dry,30 - 35  MPH,Stop Sign,Cloudy,No,0,0,10
Yes,23.0,Yes,With Traffic,A: Suspected Serious Injury,Male,Charlotte,Mecklenburg,Yes,Friday,Motorist Overtaking Bicyclist,21.0,September,Motorist Overtaking - Bicyclist Swerved,2017,42.03850604944766,Unknown,Unknown Injury,Unknown,Unknown,Yes,35.27103816,-80.85611343,Dry,60 - 75 MPH,No Control Present,Clear,No,1,0,9
Yes,32.0,No,With Traffic,C: Possible Injury,Male,Greensboro,Guilford,No,Monday,Bicyclist Failed to Yield - Signalized Intersection,19.0,October,Bicyclist Failed to Clear - Trapped,2017,70.0,No,O: No Injury,Female,Passenger Car,No,36.01517727,-79.80452224,Dry,30 - 35  MPH,Stop And Go Signal,Cloudy,No,0,0,10
No,61.0,No,With Traffic,A: Suspected Serious Injury,Male,Mint Hill,Mecklenburg,No,Friday,Motorist Overtaking Bicyclist,7.0,August,Motorist Overtaking - Other / Unknown,2017,42.03850604944766,Missing,Unknown Injury,Unknown,Unknown,Yes,35.19370967,-80.63847989,Dry,50 - 55  MPH,No Control Present,Clear,No,1,0,8
Yes,56.0,No,Not Applicable,C: Possible Injury,Male,Greenville,Pitt,No,Friday,Non-Roadway,23.0,October,Non-Roadway,2017,22.0,No,O: No Injury,Female,Passenger Car,No,35.58112141,-77.36568675,Dry,Unknown,No Control Present,Clear,No,0,0,10
No,11.0,No,Not Applicable,O: No Injury,Male,Eden,Rockingham,No,Tuesday,Non-Roadway,17.0,September,Non-Roadway,2017,74.0,No,O: No Injury,Female,Sport Utility,No,36.50725703,-79.77775613,Dry,5 - 15 MPH,No Control Present,Clear,No,0,0,9
Yes,22.0,No,With Traffic,C: Possible Injury,Male,High Point,Guilford,No,Saturday,Crossing Paths - Other Circumstances,14.0,September,Crossing Paths - Midblock - Other / Unknown,2017,63.0,No,O: No Injury,Male,Sport Utility,No,35.93069821,-80.0410894,Dry,Unknown,No Control Present,Clear,No,0,0,9
Yes,57.0,No,With Traffic,A: Suspected Serious Injury,Male,None - Rural Crash,Jackson,No,Saturday,Motorist Overtaking Bicyclist,16.0,September,Motorist Overtaking - Other / Unknown,2017,24.0,No,O: No Injury,Male,Passenger Car,Yes,35.29108066,-83.17051521,Dry,50 - 55  MPH,"Double Yellow Line, No Passing Zone",Clear,No,0,0,9
Yes,61.0,No,With Traffic,A: Suspected Serious Injury,Male,None - Rural Crash,Henderson,No,Wednesday,Motorist Overtaking Bicyclist,17.0,October,Motorist Overtaking - Other / Unknown,2017,19.0,No,O: No Injury,Female,Van,No,35.31414164,-82.39700938,Dry,40 - 45  MPH,"Double Yellow Line, No Passing Zone",Clear,No,0,0,10