AmbulanceR,BikeAge,BikeAlcFlg,BikeDir,BikeInjury,BikeSex,City,County,CrashAlcoh,CrashDay,CrashGrp,CrashHour,CrashMonth,CrashType,CrashYear,DrvrAge,DrvrAlcFlg,DrvrInjury,DrvrSex,DrvrVehTyp,HitRun,Latitude,Longitude,RdConditio,SpeedLimit,TraffCntrl,Weather,Workzone,DrvrAgeImputedFlag,BikeAgeImputedFlag,MonthCode
No,54.0,No,With Traffic,O: No Injury,Male,None - Rural Crash,Robeson,No,Monday,Bicyclist Failed to Yield - Sign-Controlled Intersection,9.0,October,Bicyclist Ride Through - Sign-Controlled Intersection,2017,17.0,No,O: No Injury,Female,Passenger Car,No,34.71616879,-79.23591436,Wet,50 - 55  MPH,Stop Sign,Cloudy,No,0,0,10
Yes,44.0,Unknown,With Traffic,K: Killed,Male,Forest City,Rutherford,No,Monday,Bicyclist Right Turn / Merge,19.0,October,Bicyclist Right Turn - Opposite Direction,2017,22.0,No,O: No Injury,Female,Sport Utility,No,35.34290146,-81.88300598,Dry,30 - 35  MPH,Stop Sign,Clear,No,0,0,10
No,24.0,No,Not Applicable,C: Possible Injury,Female,None - Rural Crash,Wayne,No,Monday,Bicyclist Failed to Yield - Midblock,16.0,October,Bicyclist Ride Out - Commercial Driveway / Alley,2017,38.0,No,O: No Injury,Male,Sport Utility,No,35.41441452,-77.93953731,Dry,40 - 45  MPH,No Control Present,Clear,No,0,0,10
No,23.0,No,With Traffic,O: No Injury,Male,Raleigh,Wake,No,Friday,Motorist Overtaking Bicyclist,18.0,October,Motorist Overtaking - Other / Unknown,2017,76.0,No,O: No Injury,Male,Van,No,35.78940601,-78.67540023,Dry,20 - 25  MPH,No Control Present,Clear,No,0,0,10
No,54.0,Yes,Not Applicable,O: No Injury,Male,Newport,Carteret,Yes,Sunday,Non-Roadway,12.0,September,Non-Roadway,2017,22.0,No,O: No Injury,Female,Sport Utility,No,34.78992297,-76.87721214,Dry,5 - 15 MPH,No Control Present,Clear,No,0,0,9
Yes,66.0,No,With Traffic,C: Possible Injury,Male,None - Rural Crash,Moore,No,Saturday,Motorist Overtaking Bicyclist,7.0,September,Motorist Overtaking - Other / Unknown,2017,21.0,No,O: No Injury,Male,Passenger Car,No,35.174047,-79.392253,Dry,40 - 45  MPH,No Control Present,Cloudy,No,0,0,9
No,69.0,No,Not Applicable,O: No Injury,Male,None - Rural Crash,Brunswick,No,Monday,Non-Roadway,10.0,October,Non-Roadway,2017,67.0,No,O: No Injury,Female,Passenger Car,No,33.95728152,-78.11715376,Dry,5 - 15 MPH,No Control Present,Clear,No,0,0,10
No,42.0,No,Not Applicable,C: Possible Injury,Male,Brevard,Transylvania,No,Friday,Motorist Overtaking Bicyclist,15.0,October,Motorist Overtaking - Other / Unknown,2017,26.0,No,O: No Injury,Female,Sport Utility,No,35.24793299,-82.72249256,Dry,40 - 45  MPH,Yield Sign,Clear,No,0,0,10
Yes,58.0,Yes,Facing Traffic,C: Possible Injury,Male,Charlotte,Mecklenburg,Yes,Saturday,Motorist Failed to Yield - Midblock,19.0,October,Motorist Drive Out - Commercial Driveway / Alley,2017,28.0,No,O: No Injury,Male,Passenger Car,No,35.2693747,-80.85420642,Dry,5 - 15 MPH,No Control Present,Clear,No,0,0,10
No,13.0,No,Not Applicable,C: Possible Injury,Male,Kannapolis,Cabarrus,No,Saturday,Bicyclist Failed to Yield - Midblock,18.0,October,Bicyclist Ride Out - Other Midblock,2017,53.0,No,O: No Injury,Female,Sport Utility,No,35.47506723,-80.6102331,Wet,40 - 45  MPH,No Control Present,Rain,No,0,0,10
No,26.0,No,With Traffic,C: Possible Injury,Male,Greensboro,Guilford,No,Tuesday,Motorist Right Turn / Merge,17.0,October,Motorist Right Turn - Same Direction,2017,77.0,No,O: No Injury,Male,"Light Truck (Mini-Van, Panel)",No,36.06624526,-79.80743483,Dry,20 - 25  MPH,Stop And Go Signal,Clear,No,0,0,10
Yes,58.0,No,With Traffic,C: Possible Injury,Male,None - Rural Crash,Rowan,No,Tuesday,Motorist Overtaking Bicyclist,11.0,October,Motorist Overtaking - Undetected Bicyclist,2017,67.0,No,O: No Injury,Female,Passenger Car,No,35.66520413,-80.52774328,Dry,50 - 55  MPH,"Double Yellow Line, No Passing Zone",Clear,No,0,0,10
Yes,52.0,No,With Traffic,C: Possible Injury,Male,None - Rural Crash,Rowan,No,Wednesday,Motorist Overtaking Bicyclist,19.0,October,Motorist Overtaking - Other / Unknown,2017,42.03850604944766,Unknown,Unknown Injury,Unknown,Pickup,Yes,35.73139596,-80.46816283,Dry,40 - 45  MPH,"Double Yellow Line, No Passing Zone",Clear,No,1,0,10
Yes,20.0,No,With Traffic,C: Possible Injury,Male,Wilmington,New Hanover,No,Tuesday,Motorist Overtaking Bicyclist,15.0,September,Motorist Overtaking - Other / Unknown,2017,41.0,No,O: No Injury,Female,Sport Utility,No,34.21322817,-77.87687656,Dry,30 - 35  MPH,No Control Present,Cloudy,No,0,0,9
Yes,39.0,No,With Traffic,A: Suspected Serious Injury,Male,Chapel Hill,Orange,No,Saturday,Motorist Left Turn / Merge,18.0,October,Motorist Left Turn - Opposite Direction,2017,43.0,No,O: No Injury,Male,Passenger Car,No,35.92251683,-79.03862987,Dry,30 - 35  MPH,No Control Present,Clear,No,0,0,10
No,21.0,No,With Traffic,C: Possible Injury,Male,Greensboro,Guilford,No,Tuesday,Crossing Paths - Other Circumstances,10.0,September,Signalized Intersection - Other / Unknown,2017,19.0,No,O: No Injury,Female,Passenger Car,No,36.0810283,-79.77293067,Wet,30 - 35  MPH,Stop And Go Signal,Rain,No,0,0,9
Yes,22.0,No,With Traffic,C: Possible Injury,Male,Washington,Beaufort,No,Sunday,Motorist Failed to Yield - Midblock,10.0,October,Motorist Drive Out - Commercial Driveway / Alley,2017,49.0,No,O: No Injury,Female,Sport Utility,No,35.55516271,-77.05914495,Dry,30 - 35  MPH,No Control Present,Clear,No,0,0,10
Yes,26.0,Yes,Unknown,A: Suspected Serious Injury,Male,Concord,Cabarrus,Yes,Sunday,Other / Unknown - Insufficient Details,20.0,September,Unknown Approach Paths,2017,26.0,Yes,O: No Injury,Male,Passenger Car,No,35.38476308,-80.64351349,Dry,50 - 55  MPH,No Control Present,Clear,No,0,0,9
Yes,66.0,No,Facing Traffic,C: Possible Injury,Male,Pineville,Mecklenburg,No,Wednesday,Motorist Failed to Yield - Midblock,15.0,October,Motorist Drive Out - Commercial Driveway / Alley,2017,48.0,No,O: No Injury,Male,Sport Utility,No,35.08271377,-80.88605999,Dry,5 - 15 MPH,Stop Sign,Clear,No,0,0,10
No,24.0,No,Facing Traffic,C: Possible Injury,Male,None - Rural Crash,New Hanover,No,Wednesday,Motorist Failed to Yield - Midblock,15.0,October,Motorist Drive Out - Commercial Driveway / Alley,2017,38.0,No,O: No Injury,Female,Passenger Car,No,34.14399388,-77.89284367,Dry,40 - 45  MPH,No Control Present,Clear,No,0,0,10
Yes,30.0,No,Facing Traffic,Unknown Injury,Unknown,Smithfield,Johnston,No,Monday,Motorist Failed to Yield - Midblock,13.0,October,Motorist Drive Out - Commercial Driveway / Alley,2017,18.0,No,O: No Injury,Female,Passenger Car,No,35.50315595,-78.33265818,Wet,30 - 35  MPH,No Control Present,Cloudy,No,0,0,10
No,62.0,No,With Traffic,C: Possible Injury,Male,Statesville,Iredell,No,Thursday,Motorist Left Turn / Merge,15.0,October,Motorist Left Turn - Opposite Direction,2017,77.0,No,O: No Injury,Male,Pickup,No,35.79696485,-80.93897057,Dry,Unknown,No Control Present,Clear,No,0,0,10
Yes,46.0,No,Not Applicable,C: Possible Injury,Male,Charlotte,Mecklenburg,No,Tuesday,Bicyclist Failed to Yield - Midblock,16.0,October,Multiple Threat - Midblock,2017,40.0,No,O: No Injury,Male,Passenger Car,No,35.19536524,-80.87573137,Dry,30 - 35  MPH,Stop And Go Signal,Clear,No,0,0,10
Yes,18.0,No,Facing Traffic,C: Possible Injury,Male,Hickory,Catawba,No,Monday,Loss of Control / Turning Error,17.0,October,Bicyclist Lost Control - Mechanical Problems,2017,48.0,No,O: No Injury,Female,Passenger Car,No,35.73004929,-81.34458669,Dry,30 - 35  MPH,No Control Present,Clear,No,0,0,10
Yes,15.0,No,Facing Traffic,O: No Injury,Male,Raleigh,Wake,No,Tuesday,Motorist Failed to Yield - Sign-Controlled Intersection,9.0,October,Motorist Drive Out - Sign-Controlled Intersection,2017,27.0,No,O: No Injury,Female,Passenger Car,No,35.84837598,-78.59906534,Dry,20 - 25  MPH,No Control Present,Clear,No,0,0,10
No,14.0,No,With Traffic,O: No Injury,Male,Matthews,Mecklenburg,No,Sunday,Bicyclist Failed to Yield - Signalized Intersection,14.0,October,Bicyclist Ride Through - Signalized Intersection,2017,42.03850604944766,Missing,Unknown Injury,Unknown,Passenger Car,Yes,35.11589981,-80.72228324,Dry,Unknown,Stop And Go Signal,Clear,No,1,0,10
No,29.0,Unknown,Facing Traffic,C: Possible Injury,Female,Charlotte,Mecklenburg,No,Wednesday,Motorist Failed to Yield - Sign-Controlled Intersection,17.0,October,Motorist Drive Out - Sign-Controlled Intersection,2017,16.0,Unknown,O: No Injury,Female,Sport Utility,No,35.09503495,-80.77727361,Dry,20 - 25  MPH,Stop Sign,Clear,No,0,0,10
Yes,46.0,Yes,Facing Traffic,C: Possible Injury,Male,Raleigh,Wake,Yes,Sunday,Motorist Failed to Yield - Midblock,18.0,October,Motorist Drive Out - Commercial Driveway / Alley,2017,33.0,No,O: No Injury,Female,Passenger Car,No,35.84075815,-78.6429192,Dry,5 - 15 MPH,No Control Present,Clear,No,0,0,10
Yes,70.0,No,With Traffic,A: Suspected Serious Injury,Male,Oak Ridge,Guilford,No,Monday,Bicyclist Failed to Yield - Sign-Controlled Intersection,13.0,October,Bicyclist Ride Through - Sign-Controlled Intersection,2017,63.0,No,O: No Injury,Female,Sport Utility,No,36.15663744,-80.02294973,Dry,50 - 55  MPH,Stop Sign,Clear,No,0,0,10
Yes,39.0,No,With Traffic,C: Possible Injury,Male,None - Rural Crash,Carteret,No,Sunday,Motorist Overtaking Bicyclist,6.0,October,Motorist Overtaking - Undetected Bicyclist,2017,72.0,No,O: No Injury,Male,Van,No,34.76288492,-76.65735151,Dry,50 - 55  MPH,"Double Yellow Line, No Passing Zone",Clear,No,0,0,10
Yes,57.0,No,With Traffic,K: Killed,Male,None - Rural Crash,Catawba,No,Sunday,Motorist Overtaking Bicyclist,17.0,October,Motorist Overtaking - Other / Unknown,2017,24.0,No,O: No Injury,Male,Pickup,No,35.56445381,-81.06466746,Dry,50 - 55  MPH,No Control Present,Clear,No,0,0,10
Yes,15.0,No,Not Applicable,Unknown Injury,Male,Charlotte,Mecklenburg,No,Monday,Crossing Paths - Other Circumstances,17.0,October,Signalized Intersection - Other / Unknown,2017,39.0,No,O: No Injury,Male,Sport Utility,No,35.25818398,-80.73659196,Wet,30 - 35  MPH,No Control Present,Rain,No,0,0,10
Yes,51.0,No,With Traffic,A: Suspected Serious Injury,Male,None - Rural Crash,Buncombe,No,Wednesday,Head-On,13.0,October,Head-On - Bicyclist,2017,55.0,No,O: No Injury,Female,Sport Utility,No,35.54394171,-82.71626246,Dry,40 - 45  MPH,"Double Yellow Line, No Passing Zone",Cloudy,No,0,0,10
Yes,8.0,No,Unknown,A: Suspected Serious Injury,Male,Winston-Salem,Forsyth,No,Monday,Backing Vehicle,15.0,October,Backing Vehicle,2017,36.0,No,O: No Injury,Male,Sport Utility,Yes,36.06990896,-80.21617311,Dry,30 - 35  MPH,No Control Present,Clear,No,0,0,10
Yes,21.0,No,With Traffic,C: Possible Injury,Male,Boone,Watauga,No,Wednesday,Motorist Failed to Yield - Midblock,12.0,October,Motorist Drive Out - Commercial Driveway / Alley,2017,42.03850604944766,Missing,Unknown Injury,Unknown,Sport Utility,Yes,36.21368914,-81.67634724,Dry,20 - 25  MPH,Stop Sign,Cloudy,No,1,0,10
Yes,81.0,No,With Traffic,K: Killed,Male,None - Rural Crash,Camden,No,Sunday,Motorist Overtaking Bicyclist,17.0,October,Motorist Overtaking - Other / Unknown,2017,33.0,No,O: No Injury,Female,Passenger Car,No,36.4709669,-76.33835274,Dry,50 - 55  MPH,Stop Sign,Clear,No,0,0,10
Yes,69.0,No,With Traffic,C: Possible Injury,Male,New Bern,Craven,No,Monday,Motorist Failed to Yield - Signalized Intersection,18.0,October,Motorist Drive Out - Right Turn on Red,2017,29.0,No,O: No Injury,Female,Van,No,35.11177104,-77.09818811,Wet,40 - 45  MPH,Stop And Go Signal,Rain,No,0,0,10
Yes,62.0,Yes,With Traffic,C: Possible Injury,Male,Durham,Durham,Yes,Saturday,Motorist Overtaking Bicyclist,20.0,October,Motorist Overtaking - Other / Unknown,2017,42.03850604944766,Missing,Unknown Injury,Unknown,Passenger Car,Yes,35.98061483,-78.89632407,Dry,20 - 25  MPH,No Control Present,Clear,No,1,0,10
No,25.0,No,With Traffic,C: Possible Injury,Female,Durham,Durham,No,Thursday,Motorist Right Turn / Merge,18.0,October,Motorist Right Turn - Same Direction,2017,48.0,No,O: No Injury,Female,Pickup,No,35.99693094,-78.91342744,Dry,30 - 35  MPH,No Control Present,Clear,No,0,0,10
Yes,40.0,Unknown,With Traffic,A: Suspected Serious Injury,Male,Charlotte,Mecklenburg,No,Friday,Motorist Overtaking Bicyclist,23.0,October,Motorist Overtaking - Other / Unknown,2017,42.03850604944766,Missing,O: No Injury,Unknown,Passenger Car,Yes,35.16873356,-80.81061698,Dry,30 - 35  MPH,No Control Present,Clear,No,1,0,10
Yes,28.0,No,With Traffic,A: Suspected Serious Injury,Male,None - Rural Crash,Union,No,Tuesday,Motorist Overtaking Bicyclist,17.0,September,Motorist Overtaking - Other / Unknown,2017,60.0,Unknown,O: No Injury,Male,Pickup,Yes,34.99210038,-80.66337313,Dry,50 - 55  MPH,"Double Yellow Line, No Passing Zone",Clear,No,0,0,9
Yes,19.0,No,Facing Traffic,C: Possible Injury,Male,Elizabeth City,Pasquotank,No,Tuesday,Bicyclist Overtaking Motorist,1.0,October,Bicyclist Overtaking - Passing on Left,2017,26.0,No,O: No Injury,Male,Passenger Car,No,36.33658998,-76.2319629,Dry,30 - 35  MPH,"Double Yellow Line, No Passing Zone",Clear,No,0,0,10
No,20.0,No,Not Applicable,C: Possible Injury,Male,Rocky Mount,Nash,No,Sunday,Non-Roadway,17.0,October,Non-Roadway,2017,26.0,No,O: No Injury,Female,Passenger Car,No,35.9733525,-77.80627898,Wet,5 - 15 MPH,No Control Present,Cloudy,No,0,0,10
Yes,7.0,No,With Traffic,C: Possible Injury,Female,High Point,Guilford,No,Saturday,Bicyclist Failed to Yield - Sign-Controlled Intersection,16.0,October,Bicyclist Ride Through - Sign-Controlled Intersection,2017,44.0,No,O: No Injury,Male,Passenger Car,No,35.94547427,-80.01248986,Dry,30 - 35  MPH,Stop Sign,Clear,No,0,0,10
No,14.0,No,Facing Traffic,C: Possible Injury,Male,Asheville,Buncombe,No,Wednesday,Motorist Failed to Yield - Signalized Intersection,7.0,October,Motorist Drive Out - Signalized Intersection,2017,46.0,No,O: No Injury,Female,Van,No,35.48176982,-82.54203813,Dry,30 - 35  MPH,Stop And Go Signal,"Fog, Smog, Smoke",No,0,0,10
Yes,13.0,No,With Traffic,C: Possible Injury,Male,Garner,Wake,No,Saturday,Motorist Overtaking Bicyclist,18.0,October,Motorist Overtaking - Bicyclist Swerved,2017,42.0,No,O: No Injury,Female,Passenger Car,No,35.68082214,-78.62037325,Dry,20 - 25  MPH,No Control Present,Clear,No,0,0,10
No,32.52649525389365,Missing,Facing Traffic,Unknown Injury,Unknown,None - Rural Crash,Pender,Yes,Monday,Motorist Overtaking Bicyclist,18.0,October,Motorist Overtaking - Bicyclist Swerved,2017,56.0,Yes,O: No Injury,Female,Passenger Car,No,34.69288666,-77.96384457,Wet,40 - 45  MPH,"Double Yellow Line, No Passing Zone",Cloudy,No,0,1,10
Yes,16.0,No,Facing Traffic,C: Possible Injury,Male,Raleigh,Wake,No,Tuesday,Head-On,17.0,October,Head-On - Bicyclist,2017,43.0,No,O: No Injury,Female,Passenger Car,No,35.77035955,-78.62131512,Dry,30 - 35  MPH,No Control Present,Clear,No,0,0,10
No,44.0,No,With Traffic,C: Possible Injury,Male,Hickory,Catawba,No,Sunday,Loss of Control / Turning Error,19.0,October,Bicyclist Lost Control - Other / Unknown,2017,42.03850604944766,Missing,Unknown Injury,Unknown,Sport Utility,No,35.72508922,-81.33152943,Dry,Unknown,No Control Present,Clear,No,1,0,10
No,32.52649525389365,Missing,Facing Traffic,Unknown Injury,Unknown,Greenville,Pitt,No,Sunday,Motorist Left Turn / Merge,12.0,October,Motorist Left Turn - Same Direction,2017,71.0,No,O: No Injury,Male,"Light Truck (Mini-Van, Panel)",No,35.57756349,-77.38157741,Wet,40 - 45  MPH,Stop And Go Signal,Cloudy,No,0,1,10
Yes,23.0,No,With Traffic,C: Possible Injury,Male,Wilmington,New Hanover,No,Monday,Motorist Failed to Yield - Midblock,8.0,October,Motorist Drive Out - Commercial Driveway / Alley,2017,70.0,No,O: No Injury,Male,Passenger Car,No,34.19942922,-77.93147104,Dry,30 - 35  MPH,No Control Present,Clear,No,0,0,10
Yes,70.0,No,With Traffic,C: Possible Injury,Male,Durham,Durham,No,Tuesday,Motorist Overtaking Bicyclist,18.0,October,Motorist Overtaking - Other / Unknown,2017,42.03850604944766,Missing,Unknown Injury,Unknown,Sport Utility,Yes,35.98805104,-78.89667343,Dry,30 - 35  MPH,Stop And Go Signal,Clear,No,1,0,10
Yes,59.0,No,With Traffic,C: Possible Injury,Male,Angier,Harnett,No,Thursday,Bicyclist Left Turn / Merge,12.0,November,Bicyclist Left Turn - Same Direction,2017,20.0,No,O: No Injury,Male,Passenger Car,No,35.5121357,-78.7369219,Dry,30 - 35  MPH,No Control Present,Clear,No,0,0,11
Yes,28.0,No,Facing Traffic,C: Possible Injury,Male,Charlotte,Mecklenburg,No,Friday,Motorist Failed to Yield - Sign-Controlled Intersection,17.0,October,Motorist Drive Out - Sign-Controlled Intersection,2017,33.0,No,O: No Injury,Male,Pickup,No,35.17635938,-80.79721988,Dry,5 - 15 MPH,Stop Sign,Clear,No,0,0,10
Yes,33.0,No,With Traffic,C: Possible Injury,Female,Raleigh,Wake,No,Monday,Motorist Left Turn / Merge,12.0,October,Motorist Left Turn - Same Direction,2017,50.0,No,O: No Injury,Female,Passenger Car,No,35.78257062,-78.63989648,Dry,30 - 35  MPH,Stop And Go Signal,Clear,No,0,0,10
No,36.0,No,Facing Traffic,O: No Injury,Male,Raleigh,Wake,No,Wednesday,Motorist Failed to Yield - Signalized Intersection,22.0,November,Motorist Drive Out - Right Turn on Red,2017,24.0,No,O: No Injury,Male,Passenger Car,No,35.77979031,-78.62240598,Dry,30 - 35  MPH,Stop And Go Signal,Clear,No,0,0,11
No,14.0,No,Not Applicable,C: Possible Injury,Male,Matthews,Mecklenburg,No,Sunday,Non-Roadway,14.0,November,Non-Roadway,2017,47.0,No,O: No Injury,Male,Passenger Car,No,35.10162574,-80.7137106,Dry,5 - 15 MPH,No Control Present,Cloudy,No,0,0,11
Yes,52.0,No,Facing Traffic,C: Possible Injury,Male,Raleigh,Wake,No,Monday,Bicyclist Failed to Yield - Signalized Intersection,17.0,November,Bicyclist Ride Through - Signalized Intersection,2017,22.0,No,O: No Injury,Female,Passenger Car,No,35.78790595,-78.61345975,Dry,30 - 35  MPH,Stop And Go Signal,Clear,No,0,0,11
Yes,57.0,No,With Traffic,C: Possible Injury,Male,New Bern,Craven,No,Thursday,Motorist Overtaking Bicyclist,20.0,November,Motorist Overtaking - Other / Unknown,2017,61.0,No,O: No Injury,Female,Passenger Car,No,35.09931777,-77.07919135,Dry,30 - 35  MPH,No Control Present,Clear,No,0,0,11
No,23.0,No,Facing Traffic,C: Possible Injury,Female,Charlotte,Mecklenburg,No,Monday,Motorist Failed to Yield - Sign-Controlled Intersection,18.0,November,Motorist Drive Out - Sign-Controlled Intersection,2017,52.0,No,O: No Injury,Female,Passenger Car,No,35.34513743,-80.85735921,Dry,40 - 45  MPH,Stop Sign,Clear,No,0,0,11
No,22.0,No,Not Applicable,Unknown Injury,Male,Concord,Cabarrus,No,Tuesday,Non-Roadway,16.0,October,Non-Roadway,2017,52.0,No,O: No Injury,Female,Sport Utility,No,35.46313273,-80.59235342,Dry,Unknown,No Control Present,Clear,No,0,0,10
No,22.0,No,With Traffic,O: No Injury,Female,None - Rural Crash,Buncombe,No,Sunday,Motorist Overtaking Bicyclist,19.0,October,Motorist Overtaking - Other / Unknown,2017,86.0,No,O: No Injury,Male,Passenger Car,No,35.61280512,-82.42304046,Wet,30 - 35  MPH,"Double Yellow Line, No Passing Zone","Snow, Sleet, Hail, Freezing Rain/Drizzle",No,0,0,10
Yes,51.0,No,Facing Traffic,C: Possible Injury,Male,Charlotte,Mecklenburg,No,Tuesday,Motorist Failed to Yield - Midblock,20.0,November,Motorist Drive Out - Commercial Driveway / Alley,2017,32.0,No,O: No Injury,Female,Van,No,35.225252,-80.72598893,Dry,40 - 45  MPH,No Control Present,Clear,No,0,0,11
No,20.0,No,With Traffic,C: Possible Injury,Female,Greenville,Pitt,No,Thursday,Motorist Overtaking Bicyclist,11.0,November,Motorist Overtaking - Other / Unknown,2017,42.03850604944766,Missing,Unknown Injury,Unknown,Unknown,Yes,35.56107436,-77.35500629,Dry,40 - 45  MPH,No Control Present,Cloudy,No,1,0,11
Yes,54.0,No,With Traffic,C: Possible Injury,Male,Greensboro,Guilford,No,Thursday,Motorist Left Turn / Merge,11.0,November,Motorist Left Turn - Opposite Direction,2017,67.0,No,O: No Injury,Female,Passenger Car,No,36.08805464,-79.77031548,Wet,30 - 35  MPH,No Control Present,Rain,No,0,0,11
No,53.0,No,With Traffic,O: No Injury,Male,Pinehurst,Moore,No,Tuesday,Motorist Overtaking Bicyclist,16.0,October,Motorist Overtaking - Undetected Bicyclist,2017,63.0,No,O: No Injury,Male,Van,No,35.20732068,-79.46505383,Dry,20 - 25  MPH,No Control Present,Clear,No,0,0,10
Yes,15.0,No,Facing Traffic,C: Possible Injury,Male,Whiteville,Columbus,No,Friday,Crossing Paths - Other Circumstances,15.0,November,Crossing Paths - Intersection - Other / Unknown,2017,25.0,No,O: No Injury,Female,Passenger Car,No,34.32971086,-78.69510707,Dry,30 - 35  MPH,No Control Present,Clear,No,0,0,11
Yes,35.0,No,With Traffic,C: Possible Injury,Female,Chapel Hill,Orange,No,Wednesday,Motorist Overtaking Bicyclist,9.0,November,Motorist Overtaking - Bicyclist Swerved,2017,63.0,No,O: No Injury,Male,Van,No,35.90504849,-79.05508561,Dry,20 - 25  MPH,Yield Sign,Clear,No,0,0,11
Yes,21.0,No,Facing Traffic,C: Possible Injury,Female,None - Rural Crash,Craven,No,Thursday,Crossing Paths - Other Circumstances,16.0,November,Sign-Controlled Intersection - Other / Unknown,2017,35.0,No,O: No Injury,Male,Pickup,No,35.065034,-77.02247756,Wet,50 - 55  MPH,No Control Present,Cloudy,No,0,0,11
No,29.0,No,With Traffic,C: Possible Injury,Female,Carrboro,Orange,No,Tuesday,Motorist Right Turn / Merge,14.0,October,Motorist Right Turn - Same Direction,2017,30.0,No,O: No Injury,Male,"Light Truck (Mini-Van, Panel)",No,35.91766806,-79.07528075,Dry,30 - 35  MPH,"Double Yellow Line, No Passing Zone",Clear,No,0,0,10
No,19.0,No,With Traffic,C: Possible Injury,Female,Carrboro,Orange,No,Wednesday,Motorist Right Turn / Merge,18.0,November,Motorist Right Turn - Same Direction,2017,29.0,No,O: No Injury,Female,Passenger Car,No,35.9101204,-79.07347447,Dry,20 - 25  MPH,No Control Present,Clear,No,0,0,11
No,27.0,No,Facing Traffic,C: Possible Injury,Male,Greensboro,Guilford,No,Thursday,Motorist Failed to Yield - Midblock,8.0,October,Motorist Drive Out - Commercial Driveway / Alley,2017,42.03850604944766,Missing,Unknown Injury,Unknown,Unknown,Yes,36.08182644,-79.77169242,Dry,Unknown,No Control Present,Clear,No,1,0,10
No,24.0,No,With Traffic,C: Possible Injury,Male,Charlotte,Mecklenburg,No,Monday,Motorist Left Turn / Merge,17.0,November,Motorist Left Turn - Opposite Direction,2017,54.0,No,O: No Injury,Male,Pickup,No,35.22466146,-80.82815571,Dry,20 - 25  MPH,No Control Present,Clear,No,0,0,11
Yes,60.0,No,With Traffic,A: Suspected Serious Injury,Male,Burgaw,Pender,No,Monday,Parallel Paths - Other Circumstances,16.0,October,Parallel Paths - Other / Unknown,2017,28.0,No,O: No Injury,Male,Passenger Car,No,34.55288852,-77.94522601,Dry,30 - 35  MPH,No Control Present,Clear,No,0,0,10
No,45.0,No,With Traffic,C: Possible Injury,Female,Wrightsville Beach,New Hanover,No,Thursday,Motorist Overtaking Bicyclist,17.0,November,Motorist Overtaking - Bicyclist Swerved,2017,19.0,No,O: No Injury,Female,Passenger Car,No,34.2141643,-77.80608645,Dry,30 - 35  MPH,No Control Present,Clear,No,0,0,11
Yes,19.0,No,Facing Traffic,C: Possible Injury,Male,Wilmington,New Hanover,No,Thursday,Loss of Control / Turning Error,16.0,November,Bicyclist Lost Control - Mechanical Problems,2017,45.0,No,O: No Injury,Female,Passenger Car,No,34.22153167,-77.93094594,Dry,30 - 35  MPH,Stop Sign,Cloudy,No,0,0,11
Yes,52.0,No,With Traffic,C: Possible Injury,Male,Charlotte,Mecklenburg,No,Friday,Motorist Overtaking Bicyclist,18.0,November,Motorist Overtaking - Bicyclist Swerved,2017,45.0,No,O: No Injury,Male,Passenger Car,No,35.27633705,-80.83508411,Dry,40 - 45  MPH,No Control Present,Clear,No,0,0,11
No,39.0,No,With Traffic,C: Possible Injury,Male,Charlotte,Mecklenburg,No,Wednesday,Parking / Bus-Related,8.0,November,Motorist Drive In / Out - Parking,2017,36.0,No,O: No Injury,Female,Sport Utility,No,35.2235055,-80.82639182,Dry,30 - 35  MPH,No Control Present,Clear,No,0,0,11
Yes,28.0,No,Facing Traffic,Unknown Injury,Male,Hendersonville,Henderson,No,Saturday,Motorist Failed to Yield - Midblock,15.0,November,Motorist Drive Out - Commercial Driveway / Alley,2017,28.0,No,O: No Injury,Female,Sport Utility,No,35.33627674,-82.4463505,Dry,30 - 35  MPH,No Control Present,Clear,No,0,0,11
Yes,65.0,No,With Traffic,K: Killed,Male,None - Rural Crash,Moore,No,Tuesday,Motorist Overtaking Bicyclist,17.0,October,Motorist Overtaking - Undetected Bicyclist,2017,68.0,No,C: Possible Injury,Female,Passenger Car,No,35.4014376,-79.57709085,Dry,50 - 55  MPH,"Double Yellow Line, No Passing Zone",Clear,No,0,0,10
No,36.0,No,Unknown,O: No Injury,Male,Whiteville,Columbus,No,Monday,Motorist Failed to Yield - Midblock,15.0,October,Motorist Drive Out - Commercial Driveway / Alley,2017,34.0,No,O: No Injury,Male,Passenger Car,No,34.33190666,-78.70817582,Dry,40 - 45  MPH,No Control Present,Cloudy,No,0,0,10
No,20.0,No,With Traffic,O: No Injury,Male,Carrboro,Orange,No,Wednesday,Bicyclist Left Turn / Merge,17.0,November,Bicyclist Left Turn - Opposite Direction,2017,21.0,No,O: No Injury,Male,Sport Utility,No,35.91379991,-79.07225965,Dry,20 - 25  MPH,No Control Present,Clear,No,0,0,11
Yes,32.52649525389365,Missing,Unknown,Unknown Injury,Unknown,None - Rural Crash,Forsyth,No,Tuesday,Other / Unknown - Insufficient Details,8.0,November,Unknown Approach Paths,2017,42.03850604944766,Missing,Unknown Injury,Unknown,Unknown,No,36.09789161,-80.26711662,Dry,Unknown,Stop And Go Signal,Cloudy,No,1,1,11