AmbulanceR,BikeAge,BikeAlcFlg,BikeDir,BikeInjury,BikeSex,City,County,CrashAlcoh,CrashDay,CrashGrp,CrashHour,CrashMonth,CrashType,CrashYear,DrvrAge,DrvrAlcFlg,DrvrInjury,DrvrSex,DrvrVehTyp,HitRun,Latitude,Longitude,RdConditio,SpeedLimit,TraffCntrl,Weather,Workzone,DrvrAgeImputedFlag,BikeAgeImputedFlag,MonthCode
No,32.0,No,With Traffic,O: No Injury,Male,Asheville,Buncombe,No,Saturday,Motorist Left Turn / Merge,21.0,November,Motorist Left Turn - Opposite Direction,2017,42.03850604944766,Missing,Unknown Injury,Unknown,Unknown,Yes,35.59110165,-82.55900653,Dry,20 - 25  MPH,Stop And Go Signal,Clear,No,1,0,11
Yes,8.0,No,Not Applicable,C: Possible Injury,Male,None - Rural Crash,Forsyth,No,Wednesday,Non-Roadway,15.0,November,Non-Roadway,2017,48.0,No,O: No Injury,Female,Passenger Car,No,36.06814047,-80.34105277,Dry,Unknown,No Control Present,Clear,No,0,0,11
No,27.0,No,Facing Traffic,C: Possible Injury,Male,Charlotte,Mecklenburg,No,Wednesday,Motorist Failed to Yield - Signalized Intersection,23.0,November,Motorist Drive Out - Right Turn on Red,2017,59.0,No,O: No Injury,Female,Commercial Bus,No,35.21646106,-80.84031196,Dry,20 - 25  MPH,Stop And Go Signal,Cloudy,No,0,0,11
Yes,18.0,No,With Traffic,C: Possible Injury,Male,Charlotte,Mecklenburg,No,Saturday,Motorist Left Turn / Merge,17.0,November,Motorist Left Turn - Opposite Direction,2017,80.0,No,O: No Injury,Male,Pickup,No,35.21412821,-80.77111697,Dry,30 - 35  MPH,Stop And Go Signal,Clear,No,0,0,11
No,32.52649525389365,Unknown,With Traffic,Unknown Injury,Unknown,Wilson,Wilson,No,Monday,Motorist Failed to Yield - Sign-Controlled Intersection,20.0,November,Motorist Drive Out - Sign-Controlled Intersection,2017,35.0,No,O: No Injury,Male,Van,No,35.73055199,-77.89632098,Dry,30 - 35  MPH,Stop And Go Signal,Clear,No,0,1,11
Yes,66.0,No,With Traffic,C: Possible Injury,Male,Wilson,Wilson,No,Thursday,Bicyclist Failed to Yield - Sign-Controlled Intersection,19.0,November,Bicyclist Ride Through - Sign-Controlled Intersection,2017,23.0,No,O: No Injury,Female,Passenger Car,No,35.70735956,-77.90509671,Wet,30 - 35  MPH,Stop Sign,Rain,No,0,0,11
No,19.0,No,Facing Traffic,O: No Injury,Male,Salisbury,Rowan,No,Friday,Motorist Failed to Yield - Midblock,17.0,November,Motorist Drive Out - Commercial Driveway / Alley,2017,37.0,No,O: No Injury,Female,Passenger Car,No,35.66385431,-80.46596154,Dry,5 - 15 MPH,No Control Present,Clear,No,0,0,11
Yes,59.0,No,With Traffic,C: Possible Injury,Male,Greensboro,Guilford,No,Thursday,Motorist Overtaking Bicyclist,13.0,November,Motorist Overtaking - Bicyclist Swerved,2017,20.0,No,O: No Injury,Female,Passenger Car,No,36.07301476,-79.79029343,Dry,20 - 25  MPH,Stop And Go Signal,Clear,No,0,0,11
Yes,35.0,No,With Traffic,A: Suspected Serious Injury,Female,None - Rural Crash,Buncombe,No,Tuesday,Motorist Overtaking Bicyclist,18.0,November,Motorist Overtaking - Other / Unknown,2017,74.0,No,O: No Injury,Female,Passenger Car,No,35.46485424,-82.48213132,Dry,40 - 45  MPH,"Double Yellow Line, No Passing Zone",Clear,No,0,0,11
No,76.0,No,Facing Traffic,C: Possible Injury,Male,Washington,Beaufort,No,Wednesday,Motorist Failed to Yield - Midblock,13.0,November,Motorist Drive Out - Commercial Driveway / Alley,2017,32.0,No,O: No Injury,Female,Passenger Car,No,35.55923657,-77.06063585,Dry,30 - 35  MPH,Stop Sign,Clear,No,0,0,11
Yes,56.0,No,With Traffic,C: Possible Injury,Male,Greensboro,Guilford,No,Monday,Motorist Left Turn / Merge,6.0,November,Motorist Left Turn - Opposite Direction,2017,25.0,No,O: No Injury,Male,Passenger Car,No,36.05177397,-79.79762098,Dry,30 - 35  MPH,Stop And Go Signal,Clear,No,0,0,11
Yes,15.0,No,With Traffic,C: Possible Injury,Male,Charlotte,Mecklenburg,No,Tuesday,Crossing Paths - Other Circumstances,14.0,November,Signalized Intersection - Other / Unknown,2017,18.0,No,O: No Injury,Female,Passenger Car,No,35.10655487,-80.76687869,Dry,20 - 25  MPH,Stop And Go Signal,Cloudy,No,0,0,11
No,19.0,No,With Traffic,O: No Injury,Male,Wadesboro,Anson,No,Saturday,Loss of Control / Turning Error,17.0,November,Bicyclist Lost Control - Mechanical Problems,2017,50.0,No,O: No Injury,Female,Passenger Car,No,34.96163538,-80.0846713,Dry,30 - 35  MPH,Stop Sign,Clear,No,0,0,11
No,65.0,Yes,Not Applicable,O: No Injury,Male,Roper,Washington,Yes,Sunday,Bicyclist Failed to Yield - Midblock,18.0,November,Bicyclist Ride Out - Commercial Driveway / Alley,2017,36.0,No,O: No Injury,Male,Passenger Car,No,35.87446394,-76.62235255,Dry,40 - 45  MPH,"Double Yellow Line, No Passing Zone",Clear,No,0,0,11
Yes,65.0,No,With Traffic,C: Possible Injury,Male,Wilmington,New Hanover,No,Tuesday,Motorist Overtaking Bicyclist,14.0,October,Motorist Overtaking - Misjudged Space,2017,53.0,No,O: No Injury,Male,Pickup,No,34.22111572,-77.88385159,Dry,Unknown,No Control Present,Clear,No,0,0,10
Yes,59.0,No,With Traffic,C: Possible Injury,Male,Durham,Durham,No,Tuesday,Motorist Right Turn / Merge,17.0,November,Motorist Right Turn - Same Direction,2017,27.0,No,O: No Injury,Male,Passenger Car,No,35.96191029,-78.95624136,Dry,30 - 35  MPH,No Control Present,Clear,No,0,0,11
No,55.0,No,With Traffic,O: No Injury,Male,None - Rural Crash,Forsyth,No,Saturday,Motorist Overtaking Bicyclist,8.0,November,Motorist Overtaking - Undetected Bicyclist,2017,48.0,No,O: No Injury,Female,Pickup,No,36.19856441,-80.27930079,Dry,40 - 45  MPH,"Double Yellow Line, No Passing Zone",Clear,No,0,0,11
Yes,37.0,No,With Traffic,C: Possible Injury,Female,Wilmington,New Hanover,No,Wednesday,Motorist Overtaking Bicyclist,7.0,November,Motorist Overtaking - Other / Unknown,2017,42.03850604944766,Missing,Unknown Injury,Unknown,Unknown,Yes,34.22306995,-77.88197646,Dry,Unknown,No Control Present,Clear,No,1,0,11
Yes,33.0,No,Facing Traffic,C: Possible Injury,Male,Charlotte,Mecklenburg,No,Thursday,Motorist Failed to Yield - Sign-Controlled Intersection,8.0,November,Motorist Drive Out - Sign-Controlled Intersection,2017,32.0,No,O: No Injury,Female,Passenger Car,No,35.31160512,-80.83694606,Dry,40 - 45  MPH,Stop Sign,Clear,No,0,0,11
Yes,51.0,No,With Traffic,C: Possible Injury,Male,None - Rural Crash,Granville,No,Thursday,Motorist Overtaking Bicyclist,15.0,November,Motorist Overtaking - Other / Unknown,2017,36.0,No,O: No Injury,Male,Pickup,No,36.14081161,-78.78082639,Wet,40 - 45  MPH,"Double Yellow Line, No Passing Zone",Rain,No,0,0,11
Yes,71.0,No,With Traffic,C: Possible Injury,Male,Brevard,Transylvania,No,Wednesday,Motorist Overtaking Bicyclist,15.0,November,Motorist Overtaking - Other / Unknown,2017,80.0,No,O: No Injury,Male,Sport Utility,No,35.22578879,-82.7387567,Dry,40 - 45  MPH,No Control Present,Clear,No,0,0,11
Yes,17.0,No,With Traffic,C: Possible Injury,Male,Charlotte,Mecklenburg,No,Friday,Loss of Control / Turning Error,17.0,December,Bicyclist Turning Error - Right Turn,2017,21.0,No,O: No Injury,Male,"Light Truck (Mini-Van, Panel)",No,35.23466918,-80.7605137,Dry,30 - 35  MPH,Stop And Go Signal,Clear,No,0,0,12
Yes,46.0,No,With Traffic,C: Possible Injury,Male,Greensboro,Guilford,No,Saturday,Crossing Paths - Other Circumstances,11.0,December,Crossing Paths - Intersection - Other / Unknown,2017,17.0,No,O: No Injury,Female,Sport Utility,No,36.0849686,-79.86370356,Dry,20 - 25  MPH,No Control Present,Clear,No,0,0,12
Yes,19.0,No,Facing Traffic,C: Possible Injury,Male,Winterville,Pitt,No,Sunday,Bicyclist Failed to Yield - Midblock,16.0,November,Bicyclist Ride Out - Other Midblock,2017,28.0,No,O: No Injury,Female,Sport Utility,No,35.54803712,-77.40320385,Dry,40 - 45  MPH,No Control Present,Clear,No,0,0,11
Yes,22.0,No,With Traffic,C: Possible Injury,Male,None - Rural Crash,Alexander,No,Sunday,Motorist Overtaking Bicyclist,19.0,November,Motorist Overtaking - Other / Unknown,2017,32.0,No,O: No Injury,Male,Pickup,No,35.91670531,-81.14632685,Dry,40 - 45  MPH,"Double Yellow Line, No Passing Zone",Clear,No,0,0,11
Yes,45.0,No,Facing Traffic,C: Possible Injury,Male,None - Rural Crash,Carteret,No,Friday,Crossing Paths - Other Circumstances,17.0,December,Crossing Paths - Intersection - Other / Unknown,2017,38.0,No,O: No Injury,Male,Pickup,No,34.78939452,-76.87700577,Dry,30 - 35  MPH,"Double Yellow Line, No Passing Zone",Clear,No,0,0,12
Yes,30.0,No,Facing Traffic,C: Possible Injury,Female,Greenville,Pitt,No,Tuesday,Bicyclist Failed to Yield - Signalized Intersection,17.0,December,Bicyclist Ride Through - Signalized Intersection,2017,47.0,No,O: No Injury,Female,Sport Utility,No,35.61598789,-77.4092286,Dry,30 - 35  MPH,Stop And Go Signal,Clear,No,0,0,12
No,27.0,No,With Traffic,C: Possible Injury,Male,Charlotte,Mecklenburg,No,Tuesday,Motorist Right Turn / Merge,14.0,December,Motorist Right Turn - Same Direction,2017,29.0,No,O: No Injury,Female,Van,No,35.23586953,-80.88075455,Dry,40 - 45  MPH,Stop And Go Signal,Cloudy,No,0,0,12
No,35.0,No,With Traffic,O: No Injury,Male,Raleigh,Wake,No,Friday,Bicyclist Overtaking Motorist,15.0,December,Bicyclist Overtaking - Parked Vehicle,2017,42.03850604944766,Missing,Unknown Injury,Unknown,Pickup,No,35.85357103,-78.65418886,Dry,20 - 25  MPH,No Control Present,Clear,No,1,0,12
Yes,35.0,No,With Traffic,O: No Injury,Male,Raleigh,Wake,No,Tuesday,Crossing Paths - Other Circumstances,12.0,December,Crossing Paths - Intersection - Other / Unknown,2017,58.0,No,O: No Injury,Male,Passenger Car,No,35.88003168,-78.60829708,Dry,5 - 15 MPH,No Control Present,Clear,No,0,0,12
Yes,67.0,No,Facing Traffic,K: Killed,Male,Wilson,Wilson,No,Monday,Bicyclist Failed to Yield - Midblock,16.0,November,Bicyclist Ride Out - Midblock - Unknown,2017,19.0,No,O: No Injury,Male,Passenger Car,No,35.71779014,-77.93796371,Dry,30 - 35  MPH,No Control Present,Clear,No,0,0,11
Yes,27.0,No,With Traffic,C: Possible Injury,Male,Rocky Mount,Edgecombe,No,Friday,Crossing Paths - Other Circumstances,17.0,December,Sign-Controlled Intersection - Other / Unknown,2017,65.0,No,O: No Injury,Male,Passenger Car,No,35.9271486,-77.79226618,Wet,30 - 35  MPH,Stop Sign,"Snow, Sleet, Hail, Freezing Rain/Drizzle",No,0,0,12
No,24.0,No,With Traffic,C: Possible Injury,Male,Durham,Durham,No,Wednesday,Motorist Failed to Yield - Sign-Controlled Intersection,3.0,December,Motorist Drive Out - Sign-Controlled Intersection,2017,21.0,No,O: No Injury,Female,Passenger Car,No,36.00764093,-78.93265294,Wet,30 - 35  MPH,Stop Sign,Rain,No,0,0,12
Yes,28.0,No,With Traffic,C: Possible Injury,Male,Durham,Durham,No,Thursday,Motorist Left Turn / Merge,18.0,November,Motorist Left Turn - Opposite Direction,2017,54.0,No,O: No Injury,Male,Passenger Car,No,35.99842454,-78.93033574,Dry,20 - 25  MPH,Stop And Go Signal,Clear,No,0,0,11
No,20.0,No,With Traffic,C: Possible Injury,Female,Greensboro,Guilford,No,Wednesday,Motorist Right Turn / Merge,15.0,November,Motorist Right Turn - Same Direction,2017,55.0,No,O: No Injury,Female,Passenger Car,No,36.06578947,-79.81084417,Dry,20 - 25  MPH,No Control Present,Clear,No,0,0,11
Yes,35.0,Yes,With Traffic,A: Suspected Serious Injury,Male,None - Rural Crash,Lenoir,Yes,Wednesday,Motorist Overtaking Bicyclist,17.0,December,Motorist Overtaking - Bicyclist Swerved,2017,29.0,No,O: No Injury,Male,Pickup,No,35.21655806,-77.82423769,Wet,50 - 55  MPH,"Double Yellow Line, No Passing Zone",Cloudy,No,0,0,12
Yes,30.0,No,With Traffic,C: Possible Injury,Male,Henderson,Vance,No,Friday,Motorist Left Turn / Merge,18.0,November,Motorist Left Turn - Opposite Direction,2017,20.0,No,C: Possible Injury,Female,Passenger Car,No,36.33762729,-78.39526579,Dry,30 - 35  MPH,Stop And Go Signal,Clear,No,0,0,11
No,18.0,No,Not Applicable,O: No Injury,Male,Salisbury,Rowan,No,Monday,Non-Roadway,21.0,December,Non-Roadway,2017,18.0,No,O: No Injury,Female,Passenger Car,No,35.66554646,-80.49752768,Dry,5 - 15 MPH,No Control Present,Clear,No,0,0,12
Yes,16.0,No,Facing Traffic,C: Possible Injury,Male,Indian Trail,Union,No,Thursday,Bicyclist Failed to Yield - Midblock,7.0,August,Bicyclist Ride Out - Other Midblock,2017,42.03850604944766,Unknown,Unknown Injury,Unknown,Passenger Car,Yes,35.04674975,-80.64641063,Dry,40 - 45  MPH,Stop And Go Signal,Cloudy,No,1,0,8
Yes,30.0,No,With Traffic,C: Possible Injury,Male,None - Rural Crash,Pasquotank,No,Wednesday,Motorist Overtaking Bicyclist,7.0,December,Motorist Overtaking - Other / Unknown,2017,69.0,No,O: No Injury,Male,Pickup,No,36.28114623,-76.23646381,Wet,50 - 55  MPH,No Control Present,Rain,No,0,0,12
No,45.0,Unknown,With Traffic,Unknown Injury,Unknown,Jacksonville,Onslow,No,Sunday,Loss of Control / Turning Error,0.0,November,Motorist Lost Control - Other / Unknown,2017,42.03850604944766,Missing,Unknown Injury,Unknown,Unknown,Yes,34.77752774,-77.42042688,Dry,20 - 25  MPH,No Control Present,Clear,No,1,0,11
Yes,22.0,No,Not Applicable,C: Possible Injury,Female,Wilmington,New Hanover,No,Wednesday,Non-Roadway,12.0,November,Non-Roadway,2017,72.0,No,O: No Injury,Female,Passenger Car,No,34.23649348,-77.87800696,Dry,Unknown,No Control Present,Clear,No,0,0,11
Yes,22.0,No,With Traffic,C: Possible Injury,Female,Wilmington,New Hanover,No,Tuesday,Motorist Failed to Yield - Signalized Intersection,14.0,September,Motorist Drive Through - Signalized Intersection,2017,20.0,No,O: No Injury,Female,Passenger Car,No,34.21758536,-77.9072477,Dry,30 - 35  MPH,Flashing Stop And Go Signal,Clear,No,0,0,9
Yes,26.0,No,Facing Traffic,C: Possible Injury,Male,Cary,Wake,No,Friday,Motorist Failed to Yield - Midblock,13.0,December,Motorist Drive Out - Commercial Driveway / Alley,2017,69.0,No,O: No Injury,Female,Passenger Car,No,35.7626769,-78.78329081,Dry,Unknown,Stop Sign,Clear,No,0,0,12
No,29.0,No,With Traffic,O: No Injury,Male,Durham,Durham,No,Friday,Motorist Left Turn / Merge,13.0,December,Motorist Left Turn - Opposite Direction,2017,21.0,No,O: No Injury,Female,Passenger Car,No,36.00648327,-78.92245377,Dry,20 - 25  MPH,Stop And Go Signal,Cloudy,No,0,0,12
No,14.0,No,Not Applicable,O: No Injury,Male,Durham,Durham,No,Saturday,Non-Roadway,11.0,December,Non-Roadway,2017,45.0,No,O: No Injury,Male,Passenger Car,No,36.04415375,-78.89701341,Dry,5 - 15 MPH,No Control Present,Clear,No,0,0,12
No,67.0,No,With Traffic,K: Killed,Male,Durham,Durham,No,Wednesday,Motorist Overtaking Bicyclist,22.0,December,Motorist Overtaking - Other / Unknown,2017,42.03850604944766,Missing,Unknown Injury,Unknown,Passenger Car,Yes,35.94645958,-78.96823913,Dry,30 - 35  MPH,No Control Present,Clear,No,1,0,12
Yes,23.0,No,Facing Traffic,C: Possible Injury,Female,None - Rural Crash,Robeson,No,Thursday,Motorist Failed to Yield - Sign-Controlled Intersection,17.0,December,Motorist Drive Out - Sign-Controlled Intersection,2017,35.0,No,O: No Injury,Female,Sport Utility,No,34.57786794,-78.98415053,Wet,50 - 55  MPH,Stop Sign,Rain,No,0,0,12
No,37.0,No,With Traffic,O: No Injury,Male,None - Rural Crash,Wake,No,Tuesday,Motorist Failed to Yield - Sign-Controlled Intersection,8.0,December,Motorist Drive Out - Sign-Controlled Intersection,2017,35.0,No,O: No Injury,Male,Sport Utility,No,35.82025496,-78.9181425,Dry,Unknown,Stop Sign,Cloudy,No,0,0,12
Yes,45.0,No,Facing Traffic,C: Possible Injury,Female,Roanoke Rapids,Halifax,No,Thursday,Crossing Paths - Other Circumstances,11.0,November,Crossing Paths - Intersection - Other / Unknown,2017,42.03850604944766,Missing,Unknown Injury,Unknown,Unknown,Yes,36.43327099,-77.63618472,Dry,Unknown,No Control Present,Clear,No,1,0,11
Yes,31.0,No,With Traffic,C: Possible Injury,Male,Jacksonville,Onslow,No,Wednesday,Motorist Overtaking Bicyclist,8.0,December,Motorist Overtaking - Bicyclist Swerved,2017,48.0,No,O: No Injury,Female,"Single Unit Truck (2-Axle, 6-Tire)",No,34.76514388,-77.40935547,Wet,40 - 45  MPH,No Control Present,Rain,No,0,0,12
Yes,13.0,No,Facing Traffic,C: Possible Injury,Male,Whiteville,Columbus,No,Monday,Motorist Failed to Yield - Midblock,16.0,December,Motorist Drive Out - Commercial Driveway / Alley,2017,45.0,No,O: No Injury,Female,Passenger Car,No,34.3301431,-78.70770967,Dry,40 - 45  MPH,No Control Present,Clear,No,0,0,12
Yes,55.0,No,With Traffic,A: Suspected Serious Injury,Male,Rocky Mount,Nash,No,Friday,Bicyclist Left Turn / Merge,11.0,December,Bicyclist Left Turn - Same Direction,2017,71.0,No,O: No Injury,Male,Pickup,No,35.97340333,-77.87118544,Dry,40 - 45  MPH,No Control Present,Cloudy,No,0,0,12
No,19.0,No,Not Applicable,C: Possible Injury,Male,Durham,Durham,No,Friday,Non-Roadway,15.0,December,Non-Roadway,2017,42.03850604944766,Missing,Unknown Injury,Unknown,Passenger Car,Yes,36.00278224,-78.89524933,Dry,5 - 15 MPH,No Control Present,Clear,No,1,0,12
Yes,50.0,No,With Traffic,C: Possible Injury,Male,None - Rural Crash,Craven,No,Thursday,Motorist Overtaking Bicyclist,14.0,November,Motorist Overtaking - Other / Unknown,2017,69.0,No,O: No Injury,Male,Pickup,No,35.03242192,-77.00434042,Dry,50 - 55  MPH,No Control Present,Cloudy,No,0,0,11
Yes,15.0,No,Facing Traffic,C: Possible Injury,Male,Wilmington,New Hanover,No,Sunday,Motorist Failed to Yield - Sign-Controlled Intersection,15.0,December,Motorist Drive Out - Sign-Controlled Intersection,2017,48.0,No,O: No Injury,Male,Passenger Car,No,34.21883198,-77.81376435,Dry,20 - 25  MPH,Stop Sign,Clear,No,0,0,12
Yes,57.0,Missing,With Traffic,K: Killed,Male,Charlotte,Mecklenburg,No,Sunday,Motorist Failed to Yield - Signalized Intersection,14.0,December,Motorist Drive Through - Signalized Intersection,2017,18.0,No,C: Possible Injury,Female,Passenger Car,No,35.08762537,-80.85310725,Dry,40 - 45  MPH,Stop And Go Signal,Cloudy,No,0,0,12
No,26.0,Missing,Facing Traffic,O: No Injury,Male,Charlotte,Mecklenburg,No,Thursday,Motorist Overtaking Bicyclist,10.0,December,Motorist Overtaking - Bicyclist Swerved,2017,19.0,No,O: No Injury,Male,Passenger Car,No,35.28246339,-80.73383145,Dry,30 - 35  MPH,No Control Present,Cloudy,No,0,0,12
No,24.0,No,With Traffic,O: No Injury,Female,Asheville,Buncombe,No,Saturday,Bicyclist Overtaking Motorist,0.0,December,Bicyclist Overtaking - Parked Vehicle,2017,42.03850604944766,Missing,Unknown Injury,Unknown,Passenger Car,No,35.57457196,-82.5824601,Dry,Unknown,No Control Present,Clear,No,1,0,12
No,36.0,Unknown,Facing Traffic,C: Possible Injury,Male,Cary,Wake,No,Friday,Motorist Failed to Yield - Sign-Controlled Intersection,11.0,December,Motorist Drive Out - Sign-Controlled Intersection,2017,42.03850604944766,Unknown,Unknown Injury,Unknown,Unknown,Yes,35.79219816,-78.80863784,Wet,Unknown,Stop Sign,Rain,No,1,0,12
Yes,37.0,No,With Traffic,C: Possible Injury,Male,Wilson,Wilson,No,Tuesday,Motorist Left Turn / Merge,19.0,December,Motorist Left Turn - Opposite Direction,2017,65.0,No,O: No Injury,Male,Taxicab,No,35.73421006,-77.91148486,Wet,30 - 35  MPH,Stop Sign,Cloudy,No,0,0,12
Yes,18.0,No,With Traffic,C: Possible Injury,Male,Shelby,Cleveland,No,Thursday,Motorist Failed to Yield - Sign-Controlled Intersection,17.0,December,Motorist Drive Out - Sign-Controlled Intersection,2017,23.0,No,O: No Injury,Male,Passenger Car,No,35.29935284,-81.52794157,Dry,30 - 35  MPH,Stop Sign,Clear,No,0,0,12
Yes,19.0,No,Facing Traffic,C: Possible Injury,Male,Wilmington,New Hanover,No,Wednesday,Bicyclist Failed to Yield - Sign-Controlled Intersection,14.0,December,Bicyclist Ride Through - Sign-Controlled Intersection,2017,45.0,No,O: No Injury,Female,Sport Utility,No,34.24367324,-77.88390041,Wet,30 - 35  MPH,Stop And Go Signal,Rain,No,0,0,12
Yes,15.0,No,With Traffic,O: No Injury,Male,Fuquay-Varina,Wake,No,Sunday,Motorist Overtaking Bicyclist,12.0,December,Motorist Overtaking - Other / Unknown,2017,75.0,No,O: No Injury,Female,Passenger Car,No,35.59868225,-78.78943222,Dry,30 - 35  MPH,No Control Present,Clear,No,0,0,12
Yes,38.0,No,With Traffic,C: Possible Injury,Male,Roxboro,Person,No,Sunday,Motorist Overtaking Bicyclist,5.0,December,Motorist Overtaking - Undetected Bicyclist,2017,74.0,No,O: No Injury,Male,Passenger Car,No,36.3863605,-78.98416251,Dry,30 - 35  MPH,No Control Present,Clear,No,0,0,12
No,45.0,No,Facing Traffic,C: Possible Injury,Male,Wilmington,New Hanover,No,Wednesday,Motorist Failed to Yield - Sign-Controlled Intersection,17.0,December,Motorist Drive Out - Sign-Controlled Intersection,2017,62.0,No,O: No Injury,Female,Passenger Car,No,34.20047105,-77.92280316,Wet,30 - 35  MPH,Stop Sign,Rain,No,0,0,12
Yes,30.0,Unknown,With Traffic,C: Possible Injury,Male,Fayetteville,Cumberland,No,Saturday,Other / Unknown - Insufficient Details,0.0,June,Unknown Approach Paths,2017,42.03850604944766,Unknown,Unknown Injury,Unknown,Unknown,Yes,35.11216845,-78.92819225,Dry,40 - 45  MPH,No Control Present,Clear,No,1,0,6
No,55.0,No,Not Applicable,O: No Injury,Female,Fayetteville,Cumberland,No,Tuesday,Non-Roadway,11.0,July,Non-Roadway,2017,42.0,No,O: No Injury,Female,Sport Utility,No,35.12110835,-78.88030962,Dry,30 - 35  MPH,No Control Present,Clear,No,0,0,7
No,20.0,No,Not Applicable,O: No Injury,Male,Fayetteville,Cumberland,No,Saturday,Non-Roadway,18.0,July,Non-Roadway,2017,42.03850604944766,Missing,Unknown Injury,Unknown,Unknown,Yes,35.05821282,-79.04676555,Dry,5 - 15 MPH,No Control Present,Clear,No,1,0,7
No,51.0,No,Facing Traffic,C: Possible Injury,Male,Fayetteville,Cumberland,No,Sunday,Head-On,22.0,August,Head-On - Bicyclist,2017,42.03850604944766,Missing,Unknown Injury,Unknown,Unknown,Yes,35.12868362,-78.89421501,Dry,Unknown,No Control Present,Clear,No,1,0,8
No,32.52649525389365,Missing,Facing Traffic,Unknown Injury,Unknown,Fayetteville,Cumberland,No,Tuesday,Bicyclist Failed to Yield - Midblock,14.0,August,Bicyclist Ride Out - Other Midblock,2017,36.0,No,O: No Injury,Female,Passenger Car,Yes,35.06116814,-79.01465696,Dry,40 - 45  MPH,No Control Present,Cloudy,No,0,1,8
No,45.0,No,Facing Traffic,C: Possible Injury,Female,Fayetteville,Cumberland,No,Wednesday,Motorist Failed to Yield - Signalized Intersection,14.0,September,Motorist Drive Out - Right Turn on Red,2017,33.0,No,O: No Injury,Male,Passenger Car,No,35.05739003,-78.8769316,Dry,30 - 35  MPH,Stop And Go Signal,Cloudy,No,0,0,9
No,62.0,No,Facing Traffic,O: No Injury,Male,Fayetteville,Cumberland,No,Friday,Motorist Failed to Yield - Midblock,17.0,September,Motorist Drive Out - Commercial Driveway / Alley,2017,49.0,No,O: No Injury,Female,Passenger Car,No,35.04323176,-78.95736838,Dry,30 - 35  MPH,No Control Present,Clear,No,0,0,9
Yes,58.0,No,Facing Traffic,C: Possible Injury,Male,Fayetteville,Cumberland,No,Thursday,Motorist Failed to Yield - Sign-Controlled Intersection,15.0,October,Motorist Drive Out - Sign-Controlled Intersection,2017,32.0,No,O: No Injury,Male,Passenger Car,No,35.08579923,-78.87998467,Dry,40 - 45  MPH,Stop Sign,Clear,No,0,0,10
No,19.0,No,With Traffic,O: No Injury,Male,Fayetteville,Cumberland,No,Thursday,Motorist Overtaking Bicyclist,12.0,November,Motorist Overtaking - Other / Unknown,2017,57.0,No,O: No Injury,Female,Passenger Car,No,35.05853866,-78.87407602,Dry,30 - 35  MPH,No Control Present,Cloudy,No,0,0,11
No,33.0,No,Not Applicable,O: No Injury,Female,Carrboro,Orange,No,Monday,Non-Roadway,19.0,December,Non-Roadway,2017,32.0,No,O: No Injury,Male,Pickup,No,35.91253175,-79.07220934,Dry,5 - 15 MPH,No Control Present,Clear,No,0,0,12
No,6.0,No,Not Applicable,C: Possible Injury,Male,Charlotte,Mecklenburg,No,Wednesday,Bicyclist Failed to Yield - Midblock,18.0,April,Bicyclist Ride Out - Residential Driveway,2017,42.03850604944766,Missing,Unknown Injury,Unknown,Unknown,Yes,35.13638078,-80.89860069,Dry,20 - 25  MPH,No Control Present,Clear,No,1,0,4
Yes,18.0,No,Facing Traffic,C: Possible Injury,Male,Sylva,Jackson,No,Friday,Motorist Failed to Yield - Sign-Controlled Intersection,9.0,October,Motorist Drive Out - Sign-Controlled Intersection,2017,60.0,No,O: No Injury,Male,Pickup,No,35.37345581,-83.21084457,Dry,30 - 35  MPH,Stop Sign,Clear,No,0,0,10
Yes,52.0,Yes,With Traffic,Unknown Injury,Male,Chadbourn,Columbus,Yes,Friday,Loss of Control / Turning Error,23.0,August,Motorist Turning Error - Right Turn,2017,42.0,No,O: No Injury,Female,Sport Utility,No,34.31376385,-78.83152193,Dry,Unknown,No Control Present,Clear,No,0,0,8
Yes,42.0,No,With Traffic,B: Suspected Minor Injury,Male,Raleigh,Wake,No,Tuesday,Motorist Overtaking Bicyclist,6.0,January,Motorist Overtaking - Undetected Bicyclist,2018,37.0,No,O: No Injury,Male,Passenger Car,No,35.78817489,-78.73975132,Dry,40 - 45  MPH,No Control Present,Clear,No,0,0,1
Yes,64.0,No,With Traffic,K: Killed,Male,Lenoir,Caldwell,No,Wednesday,Motorist Right Turn/Merge,17.0,January,Motorist Right Turn - Same Direction,2018,52.0,No,O: No Injury,Male,Pickup,No,35.89069122,-81.5768462,Dry,50 - 55  MPH,No Control Present,Clear,No,0,0,1
No,48.0,Unknown,With Traffic,K: Killed,Male,None - Rural Crash,Catawba,No,Wednesday,Motorist Overtaking Bicyclist,6.0,January,Motorist Overtaking - Bicyclist Swerved,2018,58.0,No,O: No Injury,Female,Passenger Car,No,35.65723158,-81.05884361,Dry,40 - 45  MPH,No Control Present,Clear,No,0,0,1