AmbulanceR,BikeAge,BikeAlcFlg,BikeDir,BikeInjury,BikeSex,City,County,CrashAlcoh,CrashDay,CrashGrp,CrashHour,CrashMonth,CrashType,CrashYear,DrvrAge,DrvrAlcFlg,DrvrInjury,DrvrSex,DrvrVehTyp,HitRun,Latitude,Longitude,RdConditio,SpeedLimit,TraffCntrl,Weather,Workzone,DrvrAgeImputedFlag,BikeAgeImputedFlag,MonthCode
No,42.0,Missing,Facing Traffic,C: Possible Injury,Male,Charlotte,Mecklenburg,No,Friday,Motorist Failed to Yield—Signalized Intersection,7.0,January,Motorist Drive Out - Right Turn on Red,2018,35.0,No,O: No Injury,Male,Pickup,No,35.22001464,-80.84203747,Dry,20 - 25  MPH,Stop And Go Signal,Clear,No,0,0,1
Yes,16.0,No,Not Applicable,C: Possible Injury,Male,Pineville,Mecklenburg,No,Saturday,Nonroadway,13.0,January,Non-Roadway,2018,26.0,No,O: No Injury,Female,Van,No,35.0786037,-80.88588397,Dry,5 - 15 MPH,No Control Present,Clear,No,0,0,1
Yes,32.0,Unknown,With Traffic,C: Possible Injury,Male,Kinston,Lenoir,No,Sunday,Motorist Overtaking Bicyclist,18.0,January,Motorist Overtaking - Other / Unknown,2018,52.0,No,O: No Injury,Male,Pickup,No,35.29427064,-77.56645522,Ice,30 - 35  MPH,No Control Present,Clear,No,0,0,1
No,27.0,Missing,Facing Traffic,C: Possible Injury,Male,Charlotte,Mecklenburg,No,Tuesday,Bicyclist Failed to Yield—Midblock,7.0,January,Bicyclist Ride Out - Other Midblock,2018,48.0,No,O: No Injury,Male,Passenger Car,No,35.21029135,-80.86030325,Dry,20 - 25  MPH,RR Gate And Flasher,Clear,No,0,0,1
Yes,65.0,No,With Traffic,C: Possible Injury,Male,None - Rural Crash,Currituck,No,Wednesday,Motorist Overtaking Bicyclist,13.0,January,Motorist Overtaking - Other / Unknown,2018,42.03850604944766,Unknown,Unknown Injury,Unknown,Unknown,Yes,36.12472489,-75.83548135,Dry,50 - 55  MPH,No Control Present,Clear,No,1,0,1
Yes,55.0,No,With Traffic,B: Suspected Minor Injury,Male,Winston-Salem,Forsyth,No,Friday,Motorist Overtaking Bicyclist,22.0,January,Motorist Overtaking - Other / Unknown,2018,42.03850604944766,Unknown,Unknown Injury,Unknown,Unknown,Yes,36.14907458,-80.23230589,Dry,30 - 35  MPH,No Control Present,Clear,No,1,0,1
Yes,25.0,Missing,With Traffic,B: Suspected Minor Injury,Male,Charlotte,Mecklenburg,No,Monday,Loss of Control/Turning Error,16.0,January,Bicyclist Turning Error - Left Turn,2018,66.0,No,O: No Injury,Female,Sport Utility,No,35.24246984,-80.66324672,Dry,40 - 45  MPH,Stop Sign,Clear,No,0,0,1
No,20.0,No,With Traffic,B: Suspected Minor Injury,Male,Raleigh,Wake,No,Thursday,Motorist Left Turn/Merge,19.0,January,Motorist Left Turn - Opposite Direction,2018,24.0,No,O: No Injury,Male,Passenger Car,No,35.78700646,-78.67478266,Dry,20 - 25  MPH,Stop And Go Signal,Clear,No,0,0,1
No,32.0,No,With Traffic,B: Suspected Minor Injury,Male,Durham,Durham,No,Friday,Motorist Right Turn/Merge,9.0,January,Motorist Right Turn - Same Direction,2018,67.0,No,O: No Injury,Female,Sport Utility,No,36.01054215,-78.92194813,Dry,20 - 25  MPH,No Control Present,Clear,No,0,0,1
Yes,26.0,Unknown,With Traffic,C: Possible Injury,Male,Durham,Durham,No,Thursday,Motorist Right Turn/Merge,14.0,January,Motorist Right Turn - Same Direction,2018,29.0,No,O: No Injury,Male,"Single Unit Truck (2-Axle, 6-Tire)",No,36.00759196,-78.92212621,Dry,30 - 35  MPH,No Control Present,Clear,No,0,0,1
No,59.0,No,With Traffic,C: Possible Injury,Male,Winston-Salem,Forsyth,No,Tuesday,Motorist Right Turn/Merge,9.0,January,Motorist Right Turn - Same Direction,2018,22.0,No,O: No Injury,Female,Passenger Car,No,36.09101235,-80.27383227,Dry,40 - 45  MPH,No Control Present,Clear,No,0,0,1
Yes,44.0,No,Facing Traffic,B: Suspected Minor Injury,Male,New Bern,Craven,No,Saturday,Motorist Failed to Yield—Midblock,12.0,January,Motorist Drive Out - Commercial Driveway / Alley,2018,35.0,No,O: No Injury,Female,Sport Utility,No,35.11646177,-77.07474474,Dry,30 - 35  MPH,No Control Present,Cloudy,No,0,0,1
No,29.0,No,With Traffic,O: No Injury,Male,Raleigh,Wake,No,Tuesday,Bicyclist Left Turn/Merge,18.0,January,Bicyclist Left Turn - Same Direction,2018,42.0,No,O: No Injury,Male,Passenger Car,No,35.78342734,-78.65637961,Dry,30 - 35  MPH,No Control Present,Clear,No,0,0,1
No,14.0,Missing,Facing Traffic,B: Suspected Minor Injury,Male,Charlotte,Mecklenburg,No,Saturday,Motorist Failed to Yield—Signalized Intersection,15.0,January,Motorist Drive Out - Right Turn on Red,2018,17.0,No,O: No Injury,Male,Pickup,No,35.15121094,-80.82891282,Dry,20 - 25  MPH,Stop And Go Signal,Cloudy,No,0,0,1
Yes,26.0,Missing,Facing Traffic,B: Suspected Minor Injury,Female,Charlotte,Mecklenburg,No,Friday,Motorist Failed to Yield—Sign-Controlled Intersection,13.0,January,Motorist Drive Out - Sign-Controlled Intersection,2018,28.0,No,O: No Injury,Female,Passenger Car,No,35.20099317,-80.82506506,Dry,30 - 35  MPH,Stop Sign,Clear,No,0,0,1
No,15.0,No,With Traffic,O: No Injury,Male,Holly Springs,Wake,No,Tuesday,Motorist Failed to Yield—Sign-Controlled Intersection,18.0,January,Motorist Drive Out - Sign-Controlled Intersection,2018,23.0,No,O: No Injury,Female,Passenger Car,No,35.64685988,-78.81657026,Dry,20 - 25  MPH,Stop Sign,Clear,No,0,0,1
Yes,21.0,Missing,With Traffic,C: Possible Injury,Male,Charlotte,Mecklenburg,No,Wednesday,Motorist Left Turn/Merge,7.0,January,Motorist Left Turn - Opposite Direction,2018,42.03850604944766,Missing,Unknown Injury,Unknown,Sport Utility,Yes,35.21578236,-80.86572104,Dry,30 - 35  MPH,Stop And Go Signal,Clear,No,1,0,1
No,20.0,No,Facing Traffic,C: Possible Injury,Male,Elon,Alamance,No,Tuesday,Crossing Paths—Other Circumstances,17.0,January,Crossing Paths - Intersection - Other / Unknown,2018,71.0,No,O: No Injury,Male,Passenger Car,No,36.10026559,-79.50720915,Dry,20 - 25  MPH,No Control Present,Clear,No,0,0,1
No,16.0,No,With Traffic,O: No Injury,Male,None - Rural Crash,Rutherford,No,Wednesday,Motorist Overtaking Bicyclist,13.0,January,Motorist Overtaking - Other / Unknown,2018,69.0,No,O: No Injury,Male,Passenger Car,No,35.28572376,-81.80464122,Dry,40 - 45  MPH,"Double Yellow Line, No Passing Zone",Clear,No,0,0,1
No,23.0,Missing,Facing Traffic,B: Suspected Minor Injury,Male,Charlotte,Mecklenburg,No,Saturday,Motorist Right Turn/Merge,18.0,January,Motorist Right Turn - Opposite Direction,2018,42.03850604944766,Missing,Unknown Injury,Unknown,Unknown,Yes,35.24237733,-80.79546468,Unknown,30 - 35  MPH,No Control Present,Cloudy,No,1,0,1
No,33.0,Missing,Facing Traffic,C: Possible Injury,Female,Charlotte,Mecklenburg,No,Thursday,Motorist Failed to Yield—Midblock,15.0,February,Motorist Drive Out - Commercial Driveway / Alley,2018,51.0,No,O: No Injury,Female,"Light Truck (Mini-Van, Panel)",No,35.08546785,-80.81159745,Dry,40 - 45  MPH,No Control Present,Clear,No,0,0,2
Yes,61.0,No,Facing Traffic,B: Suspected Minor Injury,Male,Winston-Salem,Forsyth,No,Thursday,Crossing Paths—Other Circumstances,15.0,February,Signalized Intersection - Other / Unknown,2018,49.0,No,O: No Injury,Male,Passenger Car,No,36.10111672,-80.24866787,Dry,30 - 35  MPH,Stop And Go Signal,Clear,No,0,0,2
Yes,82.0,No,With Traffic,O: No Injury,Female,Oriental,Pamlico,No,Friday,Loss of Control/Turning Error,12.0,January,Motorist Lost Control - Surface Conditions,2018,33.0,No,O: No Injury,Male,Sport Utility,No,35.03731901,-76.68996516,Ice,20 - 25  MPH,No Control Present,Clear,No,0,0,1
Yes,25.0,Unknown,With Traffic,C: Possible Injury,Female,Durham,Durham,No,Friday,Motorist Left Turn/Merge,18.0,January,Motorist Left Turn - Opposite Direction,2018,63.0,No,O: No Injury,Male,Passenger Car,No,35.98468245,-78.92948162,Dry,30 - 35  MPH,No Control Present,Clear,No,0,0,1
Yes,25.0,No,With Traffic,C: Possible Injury,Male,None - Rural Crash,Vance,No,Tuesday,Motorist Overtaking Bicyclist,6.0,January,Motorist Overtaking - Other / Unknown,2018,61.0,No,O: No Injury,Male,Pickup,No,36.36337156,-78.36220168,Wet,40 - 45  MPH,No Control Present,Rain,No,0,0,1
No,20.0,No,Not Applicable,O: No Injury,Male,Raleigh,Wake,No,Saturday,Nonroadway,14.0,January,Non-Roadway,2018,40.0,No,O: No Injury,Female,Passenger Car,No,35.89662853,-78.72516108,Dry,5 - 15 MPH,No Control Present,Clear,No,0,0,1
No,9.0,No,Facing Traffic,O: No Injury,Male,Goldsboro,Wayne,No,Tuesday,Bicyclist Failed to Yield—Midblock,16.0,January,Bicyclist Ride Out - Other Midblock,2018,45.0,No,O: No Injury,Male,Passenger Car,No,35.37905182,-77.98920878,Dry,30 - 35  MPH,No Control Present,Clear,No,0,0,1
Yes,31.0,No,Facing Traffic,A: Suspected Serious Injury,Female,None - Rural Crash,Polk,No,Thursday,Motorist Overtaking Bicyclist,16.0,January,Motorist Overtaking - Other / Unknown,2018,77.0,Unknown,O: No Injury,Male,Unknown,Yes,35.30967153,-82.14904214,Wet,50 - 55  MPH,"Double Yellow Line, No Passing Zone",Rain,No,0,0,1
Yes,43.0,No,With Traffic,B: Suspected Minor Injury,Female,Durham,Durham,No,Monday,Motorist Left Turn/Merge,18.0,February,Motorist Left Turn - Opposite Direction,2018,42.03850604944766,Missing,Unknown Injury,Unknown,Passenger Car,Yes,35.9959638,-78.91824098,Dry,30 - 35  MPH,No Control Present,Clear,No,1,0,2
Yes,33.0,Yes,Not Applicable,B: Suspected Minor Injury,Male,Wilmington,New Hanover,Yes,Monday,Nonroadway,8.0,January,Non-Roadway,2018,53.0,No,O: No Injury,Female,Sport Utility,No,34.23380239,-77.87353073,Dry,5 - 15 MPH,Stop Sign,Clear,No,0,0,1
Yes,21.0,No,Not Applicable,C: Possible Injury,Male,Chapel Hill,Orange,No,Friday,Nonroadway,17.0,January,Non-Roadway,2018,48.0,No,O: No Injury,Male,Passenger Car,No,35.92895594,-79.03352491,Dry,Unknown,No Control Present,Cloudy,No,0,0,1
Yes,63.0,No,With Traffic,O: No Injury,Male,Winston-Salem,Forsyth,No,Tuesday,Motorist Failed to Yield—Sign-Controlled Intersection,11.0,February,Motorist Drive Out - Sign-Controlled Intersection,2018,63.0,No,O: No Injury,Female,Pickup,No,36.07917562,-80.29279845,Dry,30 - 35  MPH,Stop Sign,Clear,No,0,0,2
Yes,22.0,No,Facing Traffic,B: Suspected Minor Injury,Male,Greensboro,Guilford,No,Friday,Motorist Failed to Yield—Midblock,8.0,February,Motorist Drive Out - Commercial Driveway / Alley,2018,21.0,No,O: No Injury,Male,Passenger Car,No,36.06463766,-79.81597588,Dry,30 - 35  MPH,Stop Sign,Clear,No,0,0,2
No,57.0,No,With Traffic,B: Suspected Minor Injury,Male,None - Rural Crash,Cabarrus,No,Saturday,Motorist Failed to Yield—Sign-Controlled Intersection,8.0,January,Motorist Drive Out - Sign-Controlled Intersection,2018,40.0,No,O: No Injury,Male,Pickup,No,35.2343178,-80.59928725,Dry,40 - 45  MPH,Stop Sign,Clear,No,0,0,1
Yes,20.0,No,With Traffic,C: Possible Injury,Female,Greenville,Pitt,No,Wednesday,Motorist Right Turn/Merge,14.0,January,Motorist Right Turn - Same Direction,2018,42.03850604944766,Missing,Unknown Injury,Unknown,Unknown,Yes,35.61164227,-77.41042389,Dry,40 - 45  MPH,No Control Present,Clear,No,1,0,1
Yes,23.0,No,With Traffic,A: Suspected Serious Injury,Male,Greenville,Pitt,No,Monday,Parallel Paths—Other Circumstances,19.0,February,Motorist Turn / Merge - Other / Unknown,2018,62.0,No,O: No Injury,Male,Passenger Car,No,35.60105179,-77.37110157,Wet,30 - 35  MPH,No Control Present,Rain,No,0,0,2
No,19.0,No,With Traffic,C: Possible Injury,Male,Charlotte,Mecklenburg,No,Sunday,Motorist Overtaking Bicyclist,10.0,February,Motorist Overtaking - Other / Unknown,2018,38.0,No,O: No Injury,Male,Sport Utility,No,35.23279543,-80.82421311,Dry,30 - 35  MPH,No Control Present,Clear,No,0,0,2
No,22.0,No,With Traffic,B: Suspected Minor Injury,Female,Salisbury,Rowan,No,Sunday,Bicyclist Failed to Yield—Sign-Controlled Intersection,12.0,February,Bicyclist Ride Through - Sign-Controlled Intersection,2018,65.0,No,O: No Injury,Female,Van,No,35.67865219,-80.48235439,Dry,30 - 35  MPH,Stop Sign,Clear,No,0,0,2
Yes,67.0,No,With Traffic,C: Possible Injury,Male,Wilmington,New Hanover,No,Friday,Motorist Overtaking Bicyclist,10.0,February,Motorist Overtaking - Other / Unknown,2018,70.0,No,O: No Injury,Male,Pickup,No,34.24150402,-77.85663384,Dry,30 - 35  MPH,Stop And Go Signal,Cloudy,No,0,0,2
Yes,11.0,Missing,With Traffic,O: No Injury,Male,Charlotte,Mecklenburg,No,Sunday,Motorist Failed to Yield—Signalized Intersection,11.0,February,Motorist Drive Out - Signalized Intersection,2018,32.0,No,O: No Injury,Male,Passenger Car,No,35.08725007,-80.81181764,Dry,40 - 45  MPH,Stop And Go Signal,Clear,No,0,0,2
No,20.0,No,Facing Traffic,C: Possible Injury,Male,Elon,Alamance,No,Tuesday,Motorist Failed to Yield—Midblock,19.0,January,Motorist Drive Out - Commercial Driveway / Alley,2018,71.0,No,O: No Injury,Male,Passenger Car,No,36.10026996,-79.50720428,Dry,20 - 25  MPH,No Control Present,Clear,No,0,0,1
No,18.0,No,Facing Traffic,C: Possible Injury,Male,Cary,Wake,No,Saturday,Head-On,17.0,January,Head-On - Bicyclist,2018,42.03850604944766,Missing,Unknown Injury,Unknown,Unknown,Yes,35.72334154,-78.74995166,Dry,Unknown,No Control Present,Clear,No,1,0,1
No,11.0,Missing,With Traffic,O: No Injury,Male,Charlotte,Mecklenburg,No,Wednesday,Motorist Overtaking Bicyclist,17.0,February,Motorist Overtaking - Other / Unknown,2018,42.03850604944766,Missing,Unknown Injury,Unknown,Unknown,Yes,35.31588113,-80.70239185,Dry,20 - 25  MPH,No Control Present,Clear,No,1,0,2
Yes,20.0,No,With Traffic,O: No Injury,Male,Wilson,Wilson,No,Friday,Bicyclist Right Turn/Merge,13.0,February,Bicyclist Right Turn - Same Direction,2018,85.0,No,O: No Injury,Female,Passenger Car,No,35.75473404,-77.91692691,Dry,40 - 45  MPH,No Control Present,Clear,No,0,0,2
Yes,38.0,No,With Traffic,O: No Injury,Male,Greensboro,Guilford,No,Thursday,Bicyclist Failed to Yield—Sign-Controlled Intersection,21.0,February,Bicyclist Ride Out - Sign-Controlled Intersection,2018,83.0,No,C: Possible Injury,Male,Pedalcycle,No,36.10604327,-79.80857853,Dry,Unknown,Stop Sign,Clear,No,0,0,2
Yes,40.0,Yes,Facing Traffic,C: Possible Injury,Male,Salisbury,Rowan,Yes,Thursday,Motorist Overtaking Bicyclist,21.0,February,Motorist Overtaking - Misjudged Space,2018,42.03850604944766,Missing,Unknown Injury,Unknown,Passenger Car,Yes,35.67091623,-80.47412767,Dry,30 - 35  MPH,Stop And Go Signal,Clear,No,1,0,2
Yes,20.0,Unknown,Facing Traffic,C: Possible Injury,Male,Wilmington,New Hanover,No,Monday,Motorist Failed to Yield—Midblock,10.0,January,Motorist Drive Out - Commercial Driveway / Alley,2018,30.0,No,O: No Injury,Male,Pickup,No,34.1923868,-77.93497541,Dry,40 - 45  MPH,Stop Sign,Clear,No,0,0,1
Yes,77.0,No,With Traffic,C: Possible Injury,Male,Wilmington,New Hanover,No,Saturday,Motorist Failed to Yield—Sign-Controlled Intersection,11.0,February,Motorist Drive Through - Sign-Controlled Intersection,2018,66.0,No,O: No Injury,Male,Pickup,No,34.230547,-77.92950317,Dry,20 - 25  MPH,Stop Sign,Clear,No,0,0,2
No,30.0,No,With Traffic,O: No Injury,Male,None - Rural Crash,Lee,No,Wednesday,Motorist Overtaking Bicyclist,6.0,February,Motorist Overtaking - Misjudged Space,2018,42.03850604944766,Unknown,Unknown Injury,Unknown,Passenger Car,Yes,35.43747495,-79.19620694,Wet,50 - 55  MPH,No Control Present,"Fog, Smog, Smoke",No,1,0,2
No,32.52649525389365,Missing,With Traffic,Unknown Injury,Unknown,Lumberton,Robeson,Yes,Sunday,Bicyclist Overtaking Motorist,11.0,February,Bicyclist Overtaking - Parked Vehicle,2018,45.0,Yes,C: Possible Injury,Unknown,Pedalcycle,No,34.61237096,-78.98971617,Dry,Unknown,No Control Present,Clear,No,0,1,2
Yes,55.0,No,With Traffic,B: Suspected Minor Injury,Male,Durham,Durham,No,Thursday,Motorist Left Turn/Merge,16.0,February,Motorist Left Turn - Opposite Direction,2018,39.0,No,O: No Injury,Male,Passenger Car,No,35.99544752,-78.91030196,Dry,30 - 35  MPH,Stop Sign,Clear,No,0,0,2
Yes,47.0,Unknown,Not Applicable,A: Suspected Serious Injury,Female,Whiteville,Columbus,No,Saturday,Bicyclist Failed to Yield—Midblock,0.0,February,Bicyclist Ride Out - Commercial Driveway / Alley,2018,23.0,No,O: No Injury,Female,Passenger Car,No,34.32488886,-78.70780847,Dry,40 - 45  MPH,No Control Present,Clear,No,0,0,2
No,10.0,No,With Traffic,B: Suspected Minor Injury,Female,Farmville,Pitt,No,Tuesday,Motorist Left Turn/Merge,17.0,February,Motorist Left Turn - Opposite Direction,2018,56.0,No,O: No Injury,Male,Passenger Car,No,35.59508709,-77.58745637,Wet,20 - 25  MPH,Stop And Go Signal,Rain,No,0,0,2
No,53.0,No,With Traffic,B: Suspected Minor Injury,Female,None - Rural Crash,Pender,No,Monday,Motorist Overtaking Bicyclist,9.0,February,Motorist Overtaking - Misjudged Space,2018,77.0,No,O: No Injury,Female,Passenger Car,No,34.53013594,-77.92056475,Dry,50 - 55  MPH,No Control Present,Clear,No,0,0,2
No,25.0,No,Facing Traffic,C: Possible Injury,Male,Rocky Mount,Nash,No,Monday,Motorist Right Turn/Merge,7.0,February,Motorist Right Turn - Opposite Direction,2018,85.0,No,O: No Injury,Male,Sport Utility,No,35.95778901,-77.84876177,Wet,30 - 35  MPH,Stop Sign,Rain,No,0,0,2
No,48.0,No,With Traffic,B: Suspected Minor Injury,Male,Raleigh,Wake,No,Wednesday,Loss of Control/Turning Error,17.0,February,Motorist Turning Error - Left Turn,2018,42.03850604944766,Missing,Unknown Injury,Unknown,Passenger Car,Yes,35.81617978,-78.59445639,Wet,40 - 45  MPH,Stop Sign,Rain,No,1,0,2
Yes,45.0,No,With Traffic,B: Suspected Minor Injury,Male,None - Rural Crash,Chatham,No,Wednesday,Crossing Paths—Other Circumstances,19.0,February,Sign-Controlled Intersection - Other / Unknown,2018,67.0,No,O: No Injury,Male,Pickup,No,35.84636411,-79.09110632,Dry,40 - 45  MPH,Stop Sign,Clear,No,0,0,2
Yes,17.0,No,With Traffic,C: Possible Injury,Male,Greenville,Pitt,No,Thursday,Motorist Failed to Yield—Sign-Controlled Intersection,12.0,February,Motorist Drive Through - Sign-Controlled Intersection,2018,29.0,No,O: No Injury,Male,Passenger Car,Yes,35.6056473,-77.38511869,Dry,20 - 25  MPH,No Control Present,Clear,No,0,0,2
No,43.0,Yes,With Traffic,O: No Injury,Male,Hope Mills,Cumberland,Yes,Saturday,Bicyclist Failed to Yield—Signalized Intersection,23.0,February,Bicyclist Failed to Clear - Trapped,2018,46.0,No,O: No Injury,Female,Passenger Car,No,34.98596318,-78.96475138,Dry,30 - 35  MPH,Stop And Go Signal,Clear,No,0,0,2
Yes,16.0,Missing,With Traffic,O: No Injury,Male,Charlotte,Mecklenburg,No,Wednesday,Bicyclist Failed to Yield—Signalized Intersection,15.0,February,Bicyclist Ride Through - Signalized Intersection,2018,63.0,No,O: No Injury,Female,Passenger Car,No,35.03851294,-80.80545688,Wet,20 - 25  MPH,Stop And Go Signal,Rain,No,0,0,2
Yes,54.0,Missing,Facing Traffic,C: Possible Injury,Male,Charlotte,Mecklenburg,No,Wednesday,Bicyclist Failed to Yield—Midblock,17.0,February,Bicyclist Ride Out - Other Midblock,2018,29.0,No,O: No Injury,Female,Passenger Car,No,35.228391,-80.834561,Wet,20 - 25  MPH,No Control Present,Rain,No,0,0,2
Yes,57.0,No,Unknown,B: Suspected Minor Injury,Male,Rocky Mount,Nash,No,Wednesday,Loss of Control/Turning Error,21.0,February,Motorist Turning Error - Left Turn,2018,24.0,No,O: No Injury,Male,Passenger Car,No,35.94911294,-77.79887701,Dry,30 - 35  MPH,No Control Present,Clear,No,0,0,2
No,32.0,No,Facing Traffic,C: Possible Injury,Female,Charlotte,Mecklenburg,No,Tuesday,Motorist Failed to Yield—Signalized Intersection,8.0,February,Motorist Drive Out - Signalized Intersection,2018,28.0,No,O: No Injury,Female,Sport Utility,No,35.19434879,-80.87329884,Dry,30 - 35  MPH,Stop And Go Signal,Clear,No,0,0,2
Yes,36.0,No,With Traffic,C: Possible Injury,Male,Greensboro,Guilford,No,Friday,Bicyclist Failed to Yield—Sign-Controlled Intersection,6.0,February,Bicyclist Ride Through - Sign-Controlled Intersection,2018,38.0,No,O: No Injury,Male,Pickup,No,36.06341915,-79.77578577,Dry,30 - 35  MPH,Stop Sign,Clear,No,0,0,2
No,14.0,No,With Traffic,C: Possible Injury,Male,Kannapolis,Cabarrus,No,Thursday,Motorist Left Turn/Merge,6.0,February,Motorist Left Turn - Opposite Direction,2018,44.0,No,O: No Injury,Female,Sport Utility,No,35.45942565,-80.60007624,Wet,40 - 45  MPH,No Control Present,Cloudy,No,0,0,2
Yes,40.0,No,With Traffic,B: Suspected Minor Injury,Male,Asheville,Buncombe,No,Monday,Motorist Left Turn/Merge,6.0,February,Motorist Left Turn - Opposite Direction,2018,61.0,No,O: No Injury,Male,Pickup,No,35.58476754,-82.55611562,Wet,30 - 35  MPH,Stop And Go Signal,Rain,No,0,0,2
Yes,31.0,Missing,With Traffic,B: Suspected Minor Injury,Male,Charlotte,Mecklenburg,No,Monday,Crossing Paths—Other Circumstances,5.0,March,Signalized Intersection - Other / Unknown,2018,27.0,No,O: No Injury,Male,Passenger Car,No,35.30574464,-80.74954935,Dry,40 - 45  MPH,Stop And Go Signal,Clear,No,0,0,3
Yes,61.0,No,With Traffic,B: Suspected Minor Injury,Male,Raleigh,Wake,No,Monday,Motorist Right Turn/Merge,11.0,March,Motorist Right Turn - Same Direction,2018,48.0,No,O: No Injury,Female,Sport Utility,No,35.86600044,-78.71721055,Dry,20 - 25  MPH,No Control Present,Clear,No,0,0,3
No,37.0,No,With Traffic,O: No Injury,Male,None - Rural Crash,Craven,Yes,Thursday,Motorist Overtaking Bicyclist,12.0,February,Motorist Overtaking - Misjudged Space,2018,31.0,Yes,O: No Injury,Female,Sport Utility,No,34.97358433,-76.94305899,Dry,40 - 45  MPH,"Double Yellow Line, No Passing Zone",Clear,No,0,0,2
No,40.0,No,With Traffic,O: No Injury,Male,None - Rural Crash,Henderson,No,Friday,Bicyclist Overtaking Motorist,15.0,February,Bicyclist Overtaking - Other / Unknown,2018,29.0,No,O: No Injury,Female,Passenger Car,No,35.32841702,-82.37517117,Dry,30 - 35  MPH,"Double Yellow Line, No Passing Zone",Clear,No,0,0,2
No,48.0,No,With Traffic,B: Suspected Minor Injury,Male,None - Rural Crash,Chatham,No,Sunday,Loss of Control/Turning Error,14.0,February,"Bicyclist Lost Control - Oversteering, Improper Braking, Speed",2018,35.0,No,O: No Injury,Male,Pickup,No,35.6432141,-79.05010363,Dry,50 - 55  MPH,No Control Present,Clear,No,0,0,2
Yes,68.0,No,With Traffic,C: Possible Injury,Male,None - Rural Crash,Haywood,No,Monday,Bicyclist Right Turn/Merge,14.0,February,Bicyclist Right Turn - Same Direction,2018,71.0,No,O: No Injury,Male,Pickup,No,35.60178608,-82.93609161,Dry,40 - 45  MPH,"Double Yellow Line, No Passing Zone",Clear,No,0,0,2
No,67.0,No,Not Applicable,O: No Injury,Male,None - Rural Crash,New Hanover,No,Monday,Nonroadway,13.0,February,Non-Roadway,2018,62.0,No,O: No Injury,Female,Passenger Car,No,34.14932621,-77.89265441,Dry,5 - 15 MPH,Stop Sign,Cloudy,No,0,0,2
Yes,67.0,No,With Traffic,K: Killed,Male,Roxobel,Bertie,No,Thursday,Loss of Control/Turning Error,15.0,February,Motorist Lost Control - Other / Unknown,2018,62.0,Unknown,C: Possible Injury,Male,Passenger Car,No,36.20705287,-77.2476895,Dry,50 - 55  MPH,No Control Present,Clear,No,0,0,2
Yes,36.0,No,Facing Traffic,C: Possible Injury,Male,Durham,Durham,No,Tuesday,Crossing Paths—Other Circumstances,17.0,March,Signalized Intersection - Other / Unknown,2018,45.0,No,O: No Injury,Female,Passenger Car,No,35.99441762,-78.90113793,Wet,20 - 25  MPH,Stop And Go Signal,Rain,No,0,0,3
Yes,42.0,Missing,Facing Traffic,C: Possible Injury,Male,Charlotte,Mecklenburg,No,Wednesday,Motorist Failed to Yield—Sign-Controlled Intersection,12.0,March,Motorist Drive Out - Sign-Controlled Intersection,2018,32.0,No,O: No Injury,Male,Passenger Car,No,35.20364707,-80.87097396,Dry,30 - 35  MPH,Stop Sign,Clear,No,0,0,3
Yes,9.0,No,With Traffic,B: Suspected Minor Injury,Female,None - Rural Crash,Macon,No,Tuesday,Crossing Paths—Other Circumstances,18.0,March,Crossing Paths - Uncontrolled Intersection,2018,50.0,No,O: No Injury,Male,Pickup,No,35.27244421,-83.435436,Dry,50 - 55  MPH,No Control Present,Clear,No,0,0,3
No,24.0,No,Facing Traffic,C: Possible Injury,Male,None - Rural Crash,Randolph,No,Wednesday,Bicyclist Right Turn/Merge,17.0,March,Bicyclist Right Turn - Opposite Direction,2018,20.0,No,O: No Injury,Female,Passenger Car,No,35.5286204,-79.77761275,Dry,50 - 55  MPH,"Double Yellow Line, No Passing Zone",Clear,No,0,0,3
Yes,71.0,Missing,Facing Traffic,B: Suspected Minor Injury,Male,Charlotte,Mecklenburg,No,Friday,Motorist Failed to Yield—Sign-Controlled Intersection,13.0,March,Motorist Drive Out - Sign-Controlled Intersection,2018,40.0,No,O: No Injury,Male,Passenger Car,No,35.19296563,-80.78048668,Dry,40 - 45  MPH,Stop Sign,Clear,No,0,0,3
Yes,12.0,No,With Traffic,C: Possible Injury,Male,Rutherfordton,Rutherford,No,Thursday,Bicyclist Failed to Yield—Sign-Controlled Intersection,15.0,February,Bicyclist Ride Through - Sign-Controlled Intersection,2018,57.0,No,O: No Injury,Male,Van,No,35.37381295,-81.95167731,Dry,30 - 35  MPH,Stop Sign,Clear,No,0,0,2
No,8.0,No,Not Applicable,O: No Injury,Male,Winston-Salem,Forsyth,No,Saturday,Nonroadway,10.0,March,Non-Roadway,2018,42.03850604944766,Missing,Unknown Injury,Unknown,Passenger Car,No,36.16868675,-80.32296468,Dry,Unknown,No Control Present,Clear,No,1,0,3
Yes,40.0,No,With Traffic,B: Suspected Minor Injury,Male,None - Rural Crash,Lincoln,No,Wednesday,Bicyclist Overtaking Motorist,12.0,February,Bicyclist Overtaking - Other / Unknown,2018,45.0,No,O: No Injury,Female,Sport Utility,No,35.40506442,-80.9713472,Wet,50 - 55  MPH,"Double Yellow Line, No Passing Zone",Rain,No,0,0,2