AmbulanceR,BikeAge,BikeAlcFlg,BikeDir,BikeInjury,BikeSex,City,County,CrashAlcoh,CrashDay,CrashGrp,CrashHour,CrashMonth,CrashType,CrashYear,DrvrAge,DrvrAlcFlg,DrvrInjury,DrvrSex,DrvrVehTyp,HitRun,Latitude,Longitude,RdConditio,SpeedLimit,TraffCntrl,Weather,Workzone,DrvrAgeImputedFlag,BikeAgeImputedFlag,MonthCode
Yes,56.0,No,With Traffic,B: Suspected Minor Injury,Male,None - Rural Crash,Carteret,No,Tuesday,Motorist Overtaking Bicyclist,6.0,March,Motorist Overtaking - Misjudged Space,2018,26.0,No,O: No Injury,Male,Pickup,No,34.74959853,-76.65125296,Dry,50 - 55  MPH,"Double Yellow Line, No Passing Zone",Clear,No,0,0,3
Yes,56.0,No,With Traffic,C: Possible Injury,Female,None - Rural Crash,Henderson,No,Saturday,Motorist Overtaking Bicyclist,13.0,February,Motorist Overtaking - Misjudged Space,2018,42.03850604944766,Unknown,Unknown Injury,Unknown,Pickup,Yes,35.2869085,-82.43691648,Wet,30 - 35  MPH,"Double Yellow Line, No Passing Zone",Cloudy,No,1,0,2
No,15.0,No,Facing Traffic,C: Possible Injury,Female,Wilmington,New Hanover,No,Sunday,Bicyclist Failed to Yield—Midblock,14.0,February,Bicyclist Ride Out - Other Midblock,2018,31.0,No,O: No Injury,Male,Pickup,No,34.24053846,-77.94674512,Dry,30 - 35  MPH,Stop And Go Signal,Cloudy,No,0,0,2
No,23.0,No,Facing Traffic,C: Possible Injury,Female,Wilmington,New Hanover,No,Thursday,Motorist Failed to Yield—Sign-Controlled Intersection,11.0,February,Motorist Drive Out - Sign-Controlled Intersection,2018,54.0,No,O: No Injury,Male,Pickup,No,34.25162141,-77.85439641,Dry,30 - 35  MPH,Stop Sign,Clear,No,0,0,2
Yes,46.0,Missing,With Traffic,B: Suspected Minor Injury,Male,Charlotte,Mecklenburg,No,Friday,Bicyclist Overtaking Motorist,17.0,March,Bicyclist Overtaking - Extended Door,2018,38.0,No,O: No Injury,Male,Sport Utility,No,35.22622204,-80.84203414,Dry,20 - 25  MPH,No Control Present,Clear,No,0,0,3
No,30.0,No,With Traffic,O: No Injury,Male,None - Rural Crash,Lee,No,Tuesday,Motorist Overtaking Bicyclist,6.0,February,Motorist Overtaking - Misjudged Space,2018,42.03850604944766,Unknown,Unknown Injury,Unknown,Passenger Car,Yes,35.44092805,-79.18196316,Dry,40 - 45  MPH,No Control Present,Clear,No,1,0,2
Yes,29.0,Missing,Facing Traffic,C: Possible Injury,Female,Charlotte,Mecklenburg,No,Thursday,Motorist Failed to Yield—Signalized Intersection,17.0,March,Motorist Drive Out - Right Turn on Red,2018,21.0,No,O: No Injury,Female,Passenger Car,No,35.22625478,-80.83774282,Dry,30 - 35  MPH,Stop And Go Signal,Clear,No,0,0,3
Yes,22.0,No,With Traffic,C: Possible Injury,Female,Greensboro,Guilford,No,Friday,Bicyclist Left Turn/Merge,20.0,March,Bicyclist Left Turn - Same Direction,2018,20.0,No,O: No Injury,Female,Sport Utility,No,36.06855101,-79.81518381,Dry,30 - 35  MPH,Stop And Go Signal,Clear,No,0,0,3
Yes,40.0,No,Facing Traffic,C: Possible Injury,Male,Gastonia,Gaston,No,Monday,Motorist Failed to Yield—Midblock,13.0,March,Motorist Drive Out - Commercial Driveway / Alley,2018,73.0,No,O: No Injury,Male,Pickup,No,35.26245893,-81.169741,Dry,30 - 35  MPH,No Control Present,Clear,No,0,0,3
No,51.0,No,Not Applicable,O: No Injury,Male,Durham,Durham,No,Sunday,Nonroadway,16.0,March,Non-Roadway,2018,18.0,No,O: No Injury,Female,Passenger Car,No,35.98787257,-78.88803509,Wet,30 - 35  MPH,No Control Present,Rain,No,0,0,3
Yes,61.0,No,With Traffic,C: Possible Injury,Male,Raleigh,Wake,No,Monday,Bicyclist Failed to Yield—Signalized Intersection,16.0,March,Bicyclist Ride Through - Signalized Intersection,2018,78.0,No,O: No Injury,Male,Passenger Car,No,35.77973743,-78.61910192,Dry,30 - 35  MPH,Stop And Go Signal,Clear,No,0,0,3
No,29.0,No,With Traffic,O: No Injury,Male,Raleigh,Wake,No,Saturday,Bicyclist Overtaking Motorist,9.0,March,Bicyclist Overtaking - Extended Door,2018,25.0,Missing,O: No Injury,Female,Passenger Car,No,35.78730975,-78.6661728,Dry,30 - 35  MPH,No Control Present,Cloudy,No,0,0,3
Yes,48.0,No,With Traffic,B: Suspected Minor Injury,Male,Raleigh,Wake,No,Friday,Motorist Failed to Yield—Sign-Controlled Intersection,12.0,March,Motorist Drive Out - Sign-Controlled Intersection,2018,67.0,No,O: No Injury,Male,Pickup,No,35.77188773,-78.59286468,Dry,30 - 35  MPH,Stop Sign,Clear,No,0,0,3
No,32.0,Missing,Facing Traffic,C: Possible Injury,Female,Charlotte,Mecklenburg,No,Friday,Motorist Failed to Yield—Sign-Controlled Intersection,12.0,March,Motorist Drive Out - Sign-Controlled Intersection,2018,45.0,No,O: No Injury,Male,Sport Utility,No,35.20692185,-80.86093919,Dry,30 - 35  MPH,Stop Sign,Clear,No,0,0,3
No,15.0,No,Not Applicable,C: Possible Injury,Female,Mint Hill,Mecklenburg,No,Friday,Nonroadway,12.0,March,Non-Roadway,2018,40.0,No,O: No Injury,Male,Pickup,No,35.17374973,-80.65739153,Dry,5 - 15 MPH,No Control Present,Clear,No,0,0,3
Yes,19.0,No,Not Applicable,O: No Injury,Male,Raleigh,Wake,No,Saturday,Nonroadway,13.0,March,Non-Roadway,2018,20.0,Missing,O: No Injury,Male,Passenger Car,No,35.78855412,-78.67530945,Dry,5 - 15 MPH,No Control Present,Clear,No,0,0,3
Yes,13.0,No,Not Applicable,B: Suspected Minor Injury,Male,None - Rural Crash,Forsyth,No,Thursday,Nonroadway,13.0,March,Non-Roadway,2018,42.03850604944766,Missing,Unknown Injury,Unknown,Passenger Car,No,36.16937101,-80.3634033,Dry,Unknown,No Control Present,Clear,No,1,0,3
No,12.0,No,Not Applicable,C: Possible Injury,Male,None - Rural Crash,Halifax,No,Sunday,Nonroadway,13.0,March,Non-Roadway,2018,42.03850604944766,Missing,Unknown Injury,Unknown,Passenger Car,No,36.40880448,-77.70030943,Dry,Unknown,No Control Present,Clear,No,1,0,3
Yes,38.0,No,With Traffic,C: Possible Injury,Male,None - Rural Crash,Robeson,No,Wednesday,Motorist Failed to Yield—Midblock,6.0,March,Motorist Drive Out - Residential Driveway,2018,32.0,No,O: No Injury,Male,Passenger Car,No,34.70624054,-79.19641029,Wet,5 - 15 MPH,"Double Yellow Line, No Passing Zone",Rain,No,0,0,3
Yes,7.0,No,With Traffic,B: Suspected Minor Injury,Male,None - Rural Crash,Onslow,No,Monday,Motorist Left Turn/Merge,19.0,March,Motorist Left Turn - Opposite Direction,2018,21.0,No,O: No Injury,Female,Sport Utility,No,34.76589936,-77.49154197,Dry,20 - 25  MPH,Stop Sign,Clear,No,0,0,3
Yes,11.0,No,With Traffic,B: Suspected Minor Injury,Male,Winston-Salem,Forsyth,No,Wednesday,Motorist Overtaking Bicyclist,18.0,March,Motorist Overtaking - Bicyclist Swerved,2018,62.0,No,O: No Injury,Male,Pickup,No,36.08104288,-80.21007593,Dry,30 - 35  MPH,"Double Yellow Line, No Passing Zone",Cloudy,No,0,0,3
No,7.0,No,Not Applicable,A: Suspected Serious Injury,Female,Broadway,Lee,No,Saturday,Nonroadway,17.0,February,Non-Roadway,2018,42.0,No,O: No Injury,Male,Pickup,No,35.46374675,-79.05418038,Dry,Unknown,No Control Present,Clear,No,0,0,2
No,53.0,No,With Traffic,O: No Injury,Male,Durham,Durham,No,Thursday,Motorist Right Turn/Merge,20.0,March,Motorist Right Turn - Same Direction,2018,42.03850604944766,Missing,Unknown Injury,Unknown,Passenger Car,Yes,35.9941493,-78.87544922,Dry,30 - 35  MPH,Stop And Go Signal,Clear,No,1,0,3
Yes,19.0,No,Facing Traffic,B: Suspected Minor Injury,Male,Chapel Hill,Orange,No,Saturday,Motorist Failed to Yield—Midblock,20.0,February,Motorist Drive Out - Commercial Driveway / Alley,2018,48.0,No,O: No Injury,Male,Passenger Car,No,35.91276454,-79.05650914,Wet,5 - 15 MPH,No Control Present,Rain,No,0,0,2
Yes,22.0,No,With Traffic,C: Possible Injury,Male,None - Rural Crash,Onslow,No,Thursday,Motorist Overtaking Bicyclist,7.0,February,Motorist Overtaking - Other / Unknown,2018,69.0,No,O: No Injury,Female,Sport Utility,No,34.55918172,-77.44762117,Wet,40 - 45  MPH,"Double Yellow Line, No Passing Zone",Rain,No,0,0,2
Yes,28.0,No,With Traffic,B: Suspected Minor Injury,Male,None - Rural Crash,Orange,No,Saturday,Motorist Overtaking Bicyclist,17.0,March,Motorist Overtaking - Other / Unknown,2018,56.0,No,O: No Injury,Female,Passenger Car,No,35.90475133,-79.12192672,Dry,40 - 45  MPH,"Double Yellow Line, No Passing Zone",Clear,No,0,0,3
Yes,48.0,No,Facing Traffic,C: Possible Injury,Female,Wilmington,New Hanover,No,Sunday,Motorist Failed to Yield—Signalized Intersection,12.0,March,Motorist Drive Out - Right Turn on Red,2018,18.0,No,O: No Injury,Female,Sport Utility,No,34.25617574,-77.82627508,Dry,40 - 45  MPH,Stop And Go Signal,Clear,No,0,0,3
Yes,22.0,No,Unknown,B: Suspected Minor Injury,Male,Raleigh,Wake,No,Tuesday,Crossing Paths—Other Circumstances,13.0,March,Crossing Paths - Intersection - Other / Unknown,2018,24.0,No,O: No Injury,Female,Sport Utility,No,35.77473243,-78.67976568,Wet,20 - 25  MPH,No Control Present,Cloudy,No,0,0,3
No,11.0,No,With Traffic,B: Suspected Minor Injury,Male,Fayetteville,Cumberland,No,Monday,Motorist Failed to Yield—Sign-Controlled Intersection,17.0,January,Motorist Drive Out - Sign-Controlled Intersection,2018,42.03850604944766,Unknown,Unknown Injury,Unknown,Unknown,Yes,35.08195574,-79.01480384,Dry,20 - 25  MPH,Stop Sign,Clear,No,1,0,1
No,17.0,No,With Traffic,C: Possible Injury,Male,Durham,Durham,No,Tuesday,Crossing Paths—Other Circumstances,17.0,March,Crossing Paths - Intersection - Other / Unknown,2018,65.0,No,O: No Injury,Male,Passenger Car,No,35.9610182,-78.95566979,Dry,30 - 35  MPH,Stop And Go Signal,Clear,No,0,0,3
No,20.0,No,With Traffic,C: Possible Injury,Male,Boone,Watauga,No,Monday,Motorist Right Turn/Merge,16.0,March,Motorist Right Turn - Same Direction,2018,20.0,No,O: No Injury,Female,Passenger Car,No,36.21813832,-81.68300461,Dry,20 - 25  MPH,No Control Present,Cloudy,No,0,0,3
Yes,20.0,No,With Traffic,Unknown Injury,Male,Raleigh,Wake,No,Wednesday,Motorist Left Turn/Merge,11.0,March,Motorist Left Turn - Same Direction,2018,66.0,No,O: No Injury,Female,Passenger Car,No,35.77564227,-78.6383786,Dry,30 - 35  MPH,Stop And Go Signal,Clear,No,0,0,3
No,23.0,No,With Traffic,C: Possible Injury,Male,Charlotte,Mecklenburg,No,Friday,Bicyclist Failed to Yield—Sign-Controlled Intersection,17.0,March,Bicyclist Ride Out - Sign-Controlled Intersection,2018,42.03850604944766,Missing,Unknown Injury,Unknown,Passenger Car,Yes,35.18488697,-80.69656293,Dry,20 - 25  MPH,No Control Present,Clear,No,1,0,3
Yes,71.0,No,With Traffic,C: Possible Injury,Male,Greensboro,Guilford,No,Friday,Motorist Right Turn/Merge,13.0,March,Motorist Right Turn - Same Direction,2018,42.0,No,O: No Injury,Male,Sport Utility,Yes,36.08489619,-79.76378921,Dry,30 - 35  MPH,Stop And Go Signal,Cloudy,No,0,0,3
Yes,20.0,No,With Traffic,C: Possible Injury,Male,Greensboro,Guilford,No,Saturday,Motorist Failed to Yield—Midblock,11.0,March,Motorist Drive Out - Commercial Driveway / Alley,2018,55.0,No,O: No Injury,Male,Passenger Car,No,36.06387582,-79.81835976,Dry,30 - 35  MPH,No Control Present,Clear,No,0,0,3
Yes,17.0,No,Facing Traffic,C: Possible Injury,Male,Cary,Wake,No,Friday,Motorist Failed to Yield—Signalized Intersection,12.0,February,Motorist Drive Out - Signalized Intersection,2018,61.0,No,O: No Injury,Male,Passenger Car,No,35.76743851,-78.78261169,Dry,Unknown,No Control Present,Clear,No,0,0,2
Yes,21.0,No,Not Applicable,B: Suspected Minor Injury,Male,Cary,Wake,No,Saturday,Nonroadway,11.0,March,Non-Roadway,2018,49.0,No,O: No Injury,Male,"Light Truck (Mini-Van, Panel)",No,35.7695721,-78.76052134,Dry,Unknown,Stop Sign,Clear,No,0,0,3
Yes,19.0,No,With Traffic,B: Suspected Minor Injury,Male,Raleigh,Wake,No,Thursday,Motorist Right Turn/Merge,16.0,March,Motorist Right Turn - Same Direction,2018,55.0,No,O: No Injury,Female,Passenger Car,No,35.87285408,-78.62244716,Dry,30 - 35  MPH,Stop And Go Signal,Clear,No,0,0,3
Yes,46.0,No,With Traffic,B: Suspected Minor Injury,Male,Wilmington,New Hanover,Yes,Tuesday,Crossing Paths—Other Circumstances,16.0,March,Crossing Paths - Intersection - Other / Unknown,2018,38.0,Yes,O: No Injury,Female,Passenger Car,No,34.23585203,-77.9274718,Dry,30 - 35  MPH,Stop And Go Signal,Cloudy,No,0,0,3
Yes,33.0,No,With Traffic,C: Possible Injury,Male,Lewisville,Forsyth,No,Saturday,Motorist Left Turn/Merge,14.0,March,Motorist Left Turn - Opposite Direction,2018,51.0,No,O: No Injury,Male,Van,No,36.09992559,-80.44633221,Dry,50 - 55  MPH,No Control Present,Clear,No,0,0,3
No,24.0,No,Facing Traffic,C: Possible Injury,Female,Charlotte,Mecklenburg,No,Tuesday,Crossing Paths—Other Circumstances,19.0,February,Crossing Paths - Intersection - Other / Unknown,2018,42.03850604944766,Missing,Unknown Injury,Unknown,Unknown,Yes,35.3080623,-80.73372096,Dry,Unknown,No Control Present,Clear,No,1,0,2
Yes,27.0,No,With Traffic,C: Possible Injury,Male,Gastonia,Gaston,No,Monday,Motorist Right Turn/Merge,21.0,April,Motorist Right Turn - Same Direction,2018,20.0,No,O: No Injury,Male,Passenger Car,No,35.25348646,-81.18959437,Dry,30 - 35  MPH,Stop And Go Signal,Clear,No,0,0,4
Yes,11.0,No,With Traffic,B: Suspected Minor Injury,Male,Durham,Durham,No,Monday,Bicyclist Failed to Yield—Sign-Controlled Intersection,16.0,April,Bicyclist Ride Through - Sign-Controlled Intersection,2018,29.0,No,O: No Injury,Female,Passenger Car,No,35.96648499,-78.89903699,Dry,30 - 35  MPH,Stop Sign,Clear,No,0,0,4
Yes,73.0,No,Facing Traffic,C: Possible Injury,Male,Fayetteville,Cumberland,No,Monday,Crossing Paths—Other Circumstances,16.0,February,Crossing Paths - Intersection - Other / Unknown,2018,43.0,No,O: No Injury,Female,Passenger Car,No,35.06848733,-78.8917858,Wet,30 - 35  MPH,Stop Sign,Cloudy,No,0,0,2
Yes,34.0,Unknown,Facing Traffic,B: Suspected Minor Injury,Male,Fayetteville,Cumberland,No,Monday,Head-On,18.0,February,Head-On - Bicyclist,2018,42.03850604944766,Missing,Unknown Injury,Unknown,Unknown,Yes,35.018082,-78.89648108,Wet,30 - 35  MPH,No Control Present,Rain,No,1,0,2
Yes,62.0,No,Facing Traffic,B: Suspected Minor Injury,Male,Durham,Durham,No,Monday,Motorist Left Turn/Merge,11.0,April,Motorist Left Turn - Opposite Direction,2018,42.03850604944766,Missing,Unknown Injury,Unknown,Passenger Car,Yes,36.01917354,-78.94560666,Dry,30 - 35  MPH,Stop And Go Signal,Clear,No,1,0,4
Yes,33.0,No,Facing Traffic,B: Suspected Minor Injury,Male,Salisbury,Rowan,No,Wednesday,Bicyclist Failed to Yield—Sign-Controlled Intersection,12.0,April,Bicyclist Ride Through - Sign-Controlled Intersection,2018,50.0,No,O: No Injury,Female,Passenger Car,No,35.66198747,-80.46355174,Dry,30 - 35  MPH,Stop And Go Signal,Cloudy,No,0,0,4
Yes,88.0,No,With Traffic,B: Suspected Minor Injury,Male,None - Rural Crash,Carteret,Yes,Sunday,Bicyclist Left Turn/Merge,3.0,April,Bicyclist Left Turn - Opposite Direction,2018,40.0,Yes,O: No Injury,Female,Passenger Car,No,34.99547133,-76.30907515,Dry,30 - 35  MPH,"Double Yellow Line, No Passing Zone",Clear,No,0,0,4
No,46.0,No,With Traffic,C: Possible Injury,Male,Lewisville,Forsyth,No,Sunday,Motorist Failed to Yield—Sign-Controlled Intersection,13.0,March,Motorist Drive Out - Sign-Controlled Intersection,2018,84.0,No,O: No Injury,Female,Passenger Car,No,36.09203004,-80.50036209,Dry,30 - 35  MPH,Yield Sign,Clear,No,0,0,3
Yes,33.0,No,With Traffic,B: Suspected Minor Injury,Female,None - Rural Crash,Hoke,No,Wednesday,Motorist Overtaking Bicyclist,15.0,March,Motorist Overtaking - Other / Unknown,2018,35.0,No,O: No Injury,Male,Passenger Car,No,35.0238614,-79.16122871,Wet,50 - 55  MPH,"Double Yellow Line, No Passing Zone",Rain,No,0,0,3
Yes,25.0,No,Not Applicable,C: Possible Injury,Male,Durham,Durham,No,Friday,Nonroadway,12.0,April,Non-Roadway,2018,59.0,No,O: No Injury,Male,Sport Utility,No,35.99910709,-78.93326799,Dry,30 - 35  MPH,No Control Present,Clear,No,0,0,4
No,23.0,Missing,With Traffic,O: No Injury,Male,Charlotte,Mecklenburg,No,Saturday,Bicyclist Failed to Yield—Sign-Controlled Intersection,18.0,April,Bicyclist Ride Through - Sign-Controlled Intersection,2018,25.0,No,O: No Injury,Male,Sport Utility,No,35.22080847,-80.85119569,Wet,30 - 35  MPH,Flashing Stop And Go Signal,Cloudy,No,0,0,4
Yes,23.0,Missing,Facing Traffic,B: Suspected Minor Injury,Female,Charlotte,Mecklenburg,No,Tuesday,Motorist Failed to Yield—Midblock,18.0,March,Motorist Drive Out - Commercial Driveway / Alley,2018,52.0,No,O: No Injury,Male,Sport Utility,No,35.13931081,-80.73926463,Dry,5 - 15 MPH,No Control Present,Clear,No,0,0,3
Yes,4.0,No,Facing Traffic,C: Possible Injury,Male,Clayton,Johnston,No,Friday,Crossing Paths—Other Circumstances,17.0,March,Crossing Paths - Intersection - Other / Unknown,2018,28.0,No,O: No Injury,Female,Sport Utility,No,35.64270987,-78.45406446,Dry,5 - 15 MPH,No Control Present,Clear,No,0,0,3
No,59.0,Yes,With Traffic,C: Possible Injury,Male,Statesville,Iredell,Yes,Saturday,Bicyclist Failed to Yield—Sign-Controlled Intersection,19.0,March,Bicyclist Ride Through - Sign-Controlled Intersection,2018,69.0,No,O: No Injury,Female,Pickup,No,35.7719307,-80.86789074,Dry,40 - 45  MPH,Stop And Go Signal,Clear,No,0,0,3
No,16.0,No,With Traffic,B: Suspected Minor Injury,Male,None - Rural Crash,Currituck,No,Sunday,Motorist Left Turn/Merge,13.0,March,Motorist Left Turn - Opposite Direction,2018,64.0,No,O: No Injury,Male,Pickup,No,36.37757987,-75.8295006,Dry,30 - 35  MPH,"Double Yellow Line, No Passing Zone",Clear,No,0,0,3
No,22.0,No,Facing Traffic,C: Possible Injury,Male,None - Rural Crash,Harnett,No,Monday,Crossing Paths—Other Circumstances,17.0,March,Crossing Paths - Midblock - Other / Unknown,2018,42.03850604944766,Unknown,Unknown Injury,Unknown,Unknown,Yes,35.40741422,-78.74026253,Dry,30 - 35  MPH,Other,Clear,No,1,0,3
No,15.0,No,With Traffic,C: Possible Injury,Male,Fuquay-Varina,Wake,No,Thursday,Motorist Overtaking Bicyclist,17.0,March,Motorist Overtaking - Other / Unknown,2018,24.0,No,O: No Injury,Male,Sport Utility,No,35.59207662,-78.79302281,Dry,20 - 25  MPH,No Control Present,Clear,No,0,0,3
Yes,55.0,No,With Traffic,B: Suspected Minor Injury,Male,Jonesville,Yadkin,No,Tuesday,Motorist Overtaking Bicyclist,19.0,April,Motorist Overtaking - Other / Unknown,2018,25.0,No,O: No Injury,Male,Passenger Car,No,36.24004614,-80.82606035,Dry,40 - 45  MPH,No Control Present,Clear,No,0,0,4
Yes,34.0,No,With Traffic,B: Suspected Minor Injury,Male,Durham,Durham,No,Tuesday,Motorist Failed to Yield—Sign-Controlled Intersection,17.0,April,Motorist Drive Out - Sign-Controlled Intersection,2018,68.0,No,O: No Injury,Male,Pickup,No,36.01227513,-78.92913093,Dry,20 - 25  MPH,Stop Sign,Clear,No,0,0,4
Yes,22.0,No,Facing Traffic,C: Possible Injury,Male,Wilmington,New Hanover,No,Tuesday,Motorist Failed to Yield—Signalized Intersection,8.0,April,Motorist Drive Out - Signalized Intersection,2018,50.0,No,O: No Injury,Male,Passenger Car,No,34.23134844,-77.87961759,Dry,5 - 15 MPH,Stop Sign,Cloudy,No,0,0,4
No,30.0,Missing,Not Applicable,C: Possible Injury,Male,Charlotte,Mecklenburg,No,Friday,Nonroadway,14.0,April,Non-Roadway,2018,26.0,No,O: No Injury,Female,Sport Utility,No,35.20848441,-80.86020892,Dry,Unknown,No Control Present,Clear,Yes,0,0,4
Yes,15.0,No,With Traffic,B: Suspected Minor Injury,Male,High Point,Guilford,No,Saturday,Bicyclist Left Turn/Merge,17.0,April,Bicyclist Left Turn - Opposite Direction,2018,17.0,No,O: No Injury,Female,Passenger Car,No,36.03111243,-79.98269973,Dry,40 - 45  MPH,Stop Sign,Clear,No,0,0,4
No,18.0,No,Not Applicable,O: No Injury,Male,Lenoir,Caldwell,No,Friday,Parallel Paths—Other Circumstances,13.0,April,Parallel Paths - Other / Unknown,2018,73.0,No,O: No Injury,Female,Passenger Car,No,35.89690498,-81.55897418,Dry,40 - 45  MPH,No Control Present,Clear,No,0,0,4
Yes,31.0,No,With Traffic,C: Possible Injury,Male,Raleigh,Wake,No,Monday,Motorist Overtaking Bicyclist,5.0,April,Motorist Overtaking - Other / Unknown,2018,25.0,No,O: No Injury,Male,Sport Utility,No,35.74546623,-78.67731137,Wet,40 - 45  MPH,No Control Present,Cloudy,No,0,0,4
Yes,40.0,No,With Traffic,A: Suspected Serious Injury,Male,None - Rural Crash,Carteret,No,Saturday,Motorist Overtaking Bicyclist,20.0,March,Motorist Overtaking - Misjudged Space,2018,45.0,Unknown,O: No Injury,Male,Pickup,Yes,34.78872582,-76.612712,Dry,50 - 55  MPH,"Double Yellow Line, No Passing Zone",Clear,No,0,0,3
No,28.0,No,With Traffic,C: Possible Injury,Male,None - Rural Crash,Iredell,No,Tuesday,Motorist Overtaking Bicyclist,19.0,April,Motorist Overtaking - Other / Unknown,2018,20.0,No,O: No Injury,Male,Passenger Car,No,35.69336971,-80.83288957,Dry,50 - 55  MPH,"Double Yellow Line, No Passing Zone",Clear,No,0,0,4
Yes,19.0,No,Facing Traffic,B: Suspected Minor Injury,Male,Raleigh,Wake,No,Monday,Crossing Paths—Other Circumstances,9.0,April,Signalized Intersection - Other / Unknown,2018,56.0,No,O: No Injury,Male,Passenger Car,No,35.75448902,-78.61261101,Dry,30 - 35  MPH,Stop And Go Signal,Clear,No,0,0,4
Yes,13.0,No,Facing Traffic,C: Possible Injury,Male,Greensboro,Guilford,No,Monday,Crossing Paths—Other Circumstances,17.0,April,Sign-Controlled Intersection - Other / Unknown,2018,70.0,No,O: No Injury,Female,Sport Utility,No,36.01505346,-79.81012003,Dry,20 - 25  MPH,Stop Sign,Clear,No,0,0,4
No,18.0,Unknown,With Traffic,B: Suspected Minor Injury,Male,Apex,Wake,No,Wednesday,Motorist Overtaking Bicyclist,9.0,April,Motorist Overtaking - Bicyclist Swerved,2018,53.0,No,O: No Injury,Female,Passenger Car,No,35.72484974,-78.90536791,Dry,Unknown,No Control Present,Clear,No,0,0,4
Yes,48.0,No,With Traffic,B: Suspected Minor Injury,Male,Hickory,Catawba,No,Saturday,Bicyclist Failed to Yield—Signalized Intersection,22.0,March,Bicyclist Ride Through - Signalized Intersection,2018,42.03850604944766,Missing,Unknown Injury,Unknown,Unknown,Yes,35.73023318,-81.32555631,Dry,Unknown,No Control Present,Clear,No,1,0,3
No,49.0,No,With Traffic,B: Suspected Minor Injury,Male,None - Rural Crash,Guilford,No,Wednesday,Motorist Left Turn/Merge,16.0,March,Motorist Left Turn - Opposite Direction,2018,76.0,No,O: No Injury,Male,Passenger Car,No,35.9681022,-79.87918115,Dry,40 - 45  MPH,"Double Yellow Line, No Passing Zone",Cloudy,No,0,0,3
No,32.52649525389365,Missing,Facing Traffic,Unknown Injury,Unknown,Wilmington,New Hanover,No,Sunday,Motorist Failed to Yield—Sign-Controlled Intersection,9.0,April,Motorist Drive Out - Sign-Controlled Intersection,2018,42.0,No,O: No Injury,Female,Van,No,34.21043762,-77.94508251,Dry,20 - 25  MPH,Stop Sign,Clear,No,0,1,4
Yes,27.0,No,Facing Traffic,B: Suspected Minor Injury,Male,Wilmington,New Hanover,No,Wednesday,Bicyclist Failed to Yield—Midblock,7.0,April,Multiple Threat - Midblock,2018,42.03850604944766,Unknown,Unknown Injury,Unknown,Pickup,Yes,34.22557757,-77.94293753,Wet,30 - 35  MPH,Stop And Go Signal,Cloudy,No,1,0,4
No,32.52649525389365,No,Facing Traffic,C: Possible Injury,Male,Chapel Hill,Orange,No,Thursday,Motorist Right Turn/Merge,15.0,April,Motorist Right Turn - Opposite Direction,2018,38.0,No,O: No Injury,Female,Van,No,35.92710065,-79.03574768,Dry,30 - 35  MPH,No Control Present,Clear,No,0,1,4
Yes,16.0,No,Facing Traffic,B: Suspected Minor Injury,Male,Durham,Durham,No,Wednesday,Motorist Right Turn/Merge,9.0,March,Motorist Right Turn - Opposite Direction,2018,50.0,No,O: No Injury,Male,Passenger Car,No,36.00551696,-78.90145697,Dry,20 - 25  MPH,Stop And Go Signal,Clear,No,0,0,3
Yes,19.0,No,Unknown,B: Suspected Minor Injury,Female,Cary,Wake,No,Wednesday,Parallel Paths—Other Circumstances,7.0,March,Motorist Turn / Merge - Other / Unknown,2018,54.0,No,O: No Injury,Female,School Bus,No,35.727575,-78.76898,Dry,40 - 45  MPH,Stop And Go Signal,Clear,No,0,0,3
Yes,12.0,No,Not Applicable,B: Suspected Minor Injury,Male,Greensboro,Guilford,No,Wednesday,Nonroadway,17.0,April,Non-Roadway,2018,41.0,No,O: No Injury,Male,Passenger Car,No,36.10557414,-79.81947114,Dry,20 - 25  MPH,No Control Present,Clear,No,0,0,4
No,35.0,No,With Traffic,O: No Injury,Male,Fayetteville,Cumberland,No,Tuesday,Motorist Overtaking Bicyclist,10.0,April,Motorist Overtaking - Other / Unknown,2018,42.03850604944766,Missing,Unknown Injury,Unknown,Unknown,Yes,35.06543122,-78.92733376,Dry,Unknown,No Control Present,Clear,No,1,0,4
Yes,32.52649525389365,Missing,Facing Traffic,Unknown Injury,Unknown,Greensboro,Guilford,No,Friday,Bicyclist Failed to Yield—Midblock,13.0,April,Bicyclist Ride Out - Other Midblock,2018,38.0,No,O: No Injury,Female,Passenger Car,No,36.03764576,-79.85743693,Dry,30 - 35  MPH,No Control Present,Clear,No,0,1,4
No,30.0,Missing,With Traffic,C: Possible Injury,Male,Charlotte,Mecklenburg,No,Wednesday,Motorist Left Turn/Merge,17.0,April,Motorist Left Turn - Opposite Direction,2018,69.0,No,O: No Injury,Female,Passenger Car,No,35.22268586,-80.83189854,Dry,30 - 35  MPH,Stop And Go Signal,Clear,No,0,0,4
Yes,22.0,Missing,Facing Traffic,C: Possible Injury,Male,Charlotte,Mecklenburg,No,Friday,Motorist Failed to Yield—Midblock,14.0,April,Motorist Drive Out - Commercial Driveway / Alley,2018,39.0,No,O: No Injury,Male,Passenger Car,No,35.22769538,-80.84972544,Dry,5 - 15 MPH,No Control Present,Clear,No,0,0,4
No,25.0,Missing,Facing Traffic,C: Possible Injury,Male,Charlotte,Mecklenburg,No,Friday,Motorist Failed to Yield—Midblock,16.0,April,Motorist Drive Out - Commercial Driveway / Alley,2018,54.0,No,O: No Injury,Male,Passenger Car,No,35.21250719,-80.85847984,Dry,5 - 15 MPH,No Control Present,Clear,No,0,0,4