AmbulanceR,BikeAge,BikeAlcFlg,BikeDir,BikeInjury,BikeSex,City,County,CrashAlcoh,CrashDay,CrashGrp,CrashHour,CrashMonth,CrashType,CrashYear,DrvrAge,DrvrAlcFlg,DrvrInjury,DrvrSex,DrvrVehTyp,HitRun,Latitude,Longitude,RdConditio,SpeedLimit,TraffCntrl,Weather,Workzone,DrvrAgeImputedFlag,BikeAgeImputedFlag,MonthCode
Yes,48.0,No,With Traffic,B: Suspected Minor Injury,Female,Durham,Durham,No,Wednesday,Motorist Left Turn/Merge,10.0,April,Motorist Left Turn - Opposite Direction,2018,84.0,No,O: No Injury,Male,Passenger Car,No,36.00424579,-78.95389928,Dry,30 - 35  MPH,No Control Present,Clear,No,0,0,4
Yes,41.0,No,Facing Traffic,B: Suspected Minor Injury,Male,Durham,Durham,No,Thursday,Bicyclist Failed to Yield—Midblock,16.0,April,Multiple Threat - Midblock,2018,79.0,No,O: No Injury,Female,Sport Utility,No,35.90327318,-78.95043792,Dry,30 - 35  MPH,Stop And Go Signal,Clear,No,0,0,4
Yes,33.0,No,Facing Traffic,O: No Injury,Male,Fayetteville,Cumberland,No,Friday,Bicyclist Failed to Yield—Signalized Intersection,8.0,March,Bicyclist Failed to Clear - Trapped,2018,27.0,No,O: No Injury,Male,Van,No,35.07603492,-78.96082077,Wet,40 - 45  MPH,Stop And Go Signal,Rain,No,0,0,3
Yes,59.0,No,With Traffic,C: Possible Injury,Male,Cerro Gordo,Columbus,No,Wednesday,Motorist Overtaking Bicyclist,10.0,April,Motorist Overtaking - Bicyclist Swerved,2018,34.0,No,O: No Injury,Male,Sport Utility,No,34.32780322,-78.92498457,Dry,40 - 45  MPH,No Control Present,Clear,No,0,0,4
Yes,32.0,No,With Traffic,C: Possible Injury,Male,Wilmington,New Hanover,No,Monday,Bicyclist Overtaking Motorist,23.0,April,Bicyclist Overtaking - Other / Unknown,2018,42.03850604944766,Missing,Unknown Injury,Unknown,Pickup,No,34.22647194,-77.93157966,Dry,30 - 35  MPH,No Control Present,Clear,No,1,0,4
Yes,41.0,No,With Traffic,B: Suspected Minor Injury,Male,None - Rural Crash,Dare,No,Tuesday,Crossing Paths—Other Circumstances,11.0,January,Crossing Paths - Uncontrolled Intersection,2018,47.0,No,O: No Injury,Male,Sport Utility,No,36.22324247,-75.77137491,Wet,40 - 45  MPH,No Control Present,"Snow, Sleet, Hail, Freezing Rain/Drizzle",No,0,0,1
Yes,24.0,Missing,With Traffic,B: Suspected Minor Injury,Female,Charlotte,Mecklenburg,No,Friday,Motorist Overtaking Bicyclist,23.0,March,Motorist Overtaking - Undetected Bicyclist,2018,25.0,No,O: No Injury,Female,Passenger Car,No,35.33455126,-80.82227315,Dry,40 - 45  MPH,No Control Present,Clear,No,0,0,3
Yes,38.0,No,With Traffic,C: Possible Injury,Male,None - Rural Crash,New Hanover,No,Friday,Motorist Right Turn/Merge,16.0,April,Motorist Right Turn - Same Direction,2018,42.03850604944766,Unknown,Unknown Injury,Unknown,Van,Yes,34.26546012,-77.93050845,Dry,30 - 35  MPH,Stop And Go Signal,Clear,No,1,0,4
No,16.0,Missing,Facing Traffic,B: Suspected Minor Injury,Male,Charlotte,Mecklenburg,No,Monday,Loss of Control/Turning Error,17.0,April,Bicyclist Turning Error - Left Turn,2018,36.0,No,O: No Injury,Male,Van,No,35.18446191,-80.74929201,Wet,30 - 35  MPH,Stop Sign,Rain,No,0,0,4
Yes,55.0,Missing,With Traffic,K: Killed,Female,Charlotte,Mecklenburg,No,Saturday,Motorist Left Turn/Merge,10.0,April,Motorist Left Turn - Opposite Direction,2018,69.0,Unknown,O: No Injury,Female,Sport Utility,No,35.18545742,-80.83485122,Dry,30 - 35  MPH,No Control Present,Clear,No,0,0,4
Yes,13.0,No,With Traffic,C: Possible Injury,Male,Garner,Wake,No,Wednesday,Motorist Left Turn/Merge,16.0,April,Motorist Left Turn - Same Direction,2018,42.03850604944766,Missing,Unknown Injury,Unknown,Unknown,Yes,35.6863501,-78.60428617,Dry,40 - 45  MPH,Stop And Go Signal,Clear,No,1,0,4
Yes,30.0,No,With Traffic,C: Possible Injury,Unknown,None - Rural Crash,New Hanover,No,Saturday,Motorist Failed to Yield—Midblock,21.0,April,Motorist Drive Out - Commercial Driveway / Alley,2018,70.0,No,O: No Injury,Male,Passenger Car,No,34.14574414,-77.89914892,Dry,40 - 45  MPH,Stop And Go Signal,Clear,No,0,0,4
Yes,22.0,No,Not Applicable,C: Possible Injury,Female,Greensboro,Guilford,No,Wednesday,Nonroadway,16.0,April,Non-Roadway,2018,42.03850604944766,No,O: No Injury,Unknown,Sport Utility,Yes,36.06386251,-79.83410603,Dry,5 - 15 MPH,No Control Present,Clear,No,1,0,4
Yes,49.0,No,With Traffic,A: Suspected Serious Injury,Male,Raleigh,Wake,No,Friday,Bicyclist Overtaking Motorist,8.0,April,Bicyclist Overtaking - Extended Door,2018,20.0,Missing,O: No Injury,Female,Passenger Car,No,35.7879675,-78.66879713,Dry,30 - 35  MPH,No Control Present,Clear,No,0,0,4
Yes,17.0,No,Facing Traffic,C: Possible Injury,Male,Winston-Salem,Forsyth,No,Wednesday,Motorist Failed to Yield—Signalized Intersection,15.0,April,Motorist Drive Out - Right Turn on Red,2018,59.0,No,O: No Injury,Male,Pickup,No,36.05588518,-80.25916435,Dry,20 - 25  MPH,Stop And Go Signal,Clear,No,0,0,4
No,48.0,No,With Traffic,C: Possible Injury,Male,Gastonia,Gaston,No,Friday,Motorist Overtaking Bicyclist,20.0,April,Motorist Overtaking - Other / Unknown,2018,58.0,No,O: No Injury,Male,Passenger Car,No,35.27334395,-81.18788662,Dry,40 - 45  MPH,No Control Present,Clear,No,0,0,4
Yes,50.0,No,Facing Traffic,C: Possible Injury,Female,Raleigh,Wake,No,Wednesday,Motorist Failed to Yield—Sign-Controlled Intersection,8.0,April,Motorist Drive Out - Sign-Controlled Intersection,2018,50.0,No,O: No Injury,Female,Passenger Car,No,35.78761835,-78.73693394,Dry,40 - 45  MPH,No Control Present,Clear,No,0,0,4
Yes,8.0,No,Facing Traffic,B: Suspected Minor Injury,Male,Raleigh,Wake,No,Saturday,Crossing Paths—Other Circumstances,10.0,April,Sign-Controlled Intersection - Other / Unknown,2018,59.0,No,O: No Injury,Female,Sport Utility,No,35.85003535,-78.68021242,Dry,5 - 15 MPH,No Control Present,Clear,No,0,0,4
Yes,46.0,No,With Traffic,A: Suspected Serious Injury,Female,None - Rural Crash,Stanly,No,Friday,Motorist Overtaking Bicyclist,17.0,April,Motorist Overtaking - Other / Unknown,2018,73.0,No,O: No Injury,Male,Sport Utility,No,35.20807007,-80.10249373,Dry,40 - 45  MPH,"Double Yellow Line, No Passing Zone",Clear,No,0,0,4
Yes,19.0,No,With Traffic,B: Suspected Minor Injury,Male,Raleigh,Wake,No,Friday,Bicyclist Failed to Yield—Sign-Controlled Intersection,18.0,April,Bicyclist Ride Out - Sign-Controlled Intersection,2018,55.0,No,O: No Injury,Male,Sport Utility,No,35.86145359,-78.70990589,Dry,30 - 35  MPH,Stop Sign,Clear,No,0,0,4
Yes,22.0,No,With Traffic,C: Possible Injury,Male,Havelock,Craven,Yes,Saturday,Motorist Overtaking Bicyclist,23.0,April,Motorist Overtaking - Other / Unknown,2018,36.0,Yes,O: No Injury,Male,Passenger Car,No,34.90191562,-76.93098361,Dry,40 - 45  MPH,No Control Present,Clear,No,0,0,4
No,55.0,No,With Traffic,O: No Injury,Male,Rocky Mount,Nash,No,Sunday,Motorist Failed to Yield—Sign-Controlled Intersection,14.0,April,Motorist Drive Out - Sign-Controlled Intersection,2018,23.0,No,O: No Injury,Female,Passenger Car,No,35.92280542,-77.82274518,Dry,30 - 35  MPH,Stop Sign,Clear,No,0,0,4
Yes,9.0,No,Facing Traffic,C: Possible Injury,Male,Charlotte,Mecklenburg,No,Sunday,Crossing Paths—Other Circumstances,15.0,April,Crossing Paths - Intersection - Other / Unknown,2018,39.0,No,O: No Injury,Female,Passenger Car,No,35.31792867,-80.96665289,Dry,20 - 25  MPH,No Control Present,Clear,No,0,0,4
No,38.0,Missing,Facing Traffic,C: Possible Injury,Male,Charlotte,Mecklenburg,No,Monday,Bicyclist Failed to Yield—Signalized Intersection,12.0,April,Bicyclist Failed to Clear - Trapped,2018,27.0,No,O: No Injury,Female,Sport Utility,No,35.21250344,-80.85854752,Dry,30 - 35  MPH,Stop And Go Signal,Clear,No,0,0,4
No,21.0,No,Facing Traffic,C: Possible Injury,Male,Raleigh,Wake,No,Monday,Motorist Failed to Yield—Sign-Controlled Intersection,13.0,April,Motorist Drive Out - Sign-Controlled Intersection,2018,34.0,No,O: No Injury,Female,Passenger Car,No,35.78758552,-78.66702052,Dry,20 - 25  MPH,Stop Sign,Clear,No,0,0,4
Yes,61.0,No,With Traffic,B: Suspected Minor Injury,Male,Goldsboro,Wayne,No,Thursday,Motorist Left Turn/Merge,13.0,April,Motorist Left Turn - Opposite Direction,2018,22.0,No,O: No Injury,Male,Passenger Car,No,35.38290911,-77.98613671,Dry,30 - 35  MPH,Stop Sign,Clear,No,0,0,4
Yes,46.0,No,With Traffic,C: Possible Injury,Female,Hallsboro,Columbus,No,Sunday,Motorist Overtaking Bicyclist,12.0,April,Motorist Overtaking - Other / Unknown,2018,66.0,No,O: No Injury,Male,Van,No,34.32159817,-78.59913469,Dry,40 - 45  MPH,"Double Yellow Line, No Passing Zone",Clear,No,0,0,4
No,34.0,No,With Traffic,B: Suspected Minor Injury,Male,None - Rural Crash,Wake,No,Sunday,Motorist Overtaking Bicyclist,17.0,April,Motorist Overtaking - Misjudged Space,2018,37.0,No,O: No Injury,Female,Passenger Car,No,35.67958906,-78.51777775,Dry,40 - 45  MPH,"Double Yellow Line, No Passing Zone",Clear,No,0,0,4
Yes,13.0,No,With Traffic,B: Suspected Minor Injury,Male,None - Rural Crash,Hoke,No,Sunday,Motorist Overtaking Bicyclist,13.0,April,Motorist Overtaking - Bicyclist Swerved,2018,37.0,No,O: No Injury,Male,Passenger Car,No,34.93839074,-79.05742139,Dry,50 - 55  MPH,No Control Present,Clear,No,0,0,4
Yes,36.0,No,With Traffic,C: Possible Injury,Male,Raleigh,Wake,No,Tuesday,Motorist Left Turn/Merge,19.0,May,Motorist Left Turn - Opposite Direction,2018,58.0,No,O: No Injury,Female,Sport Utility,No,35.79289297,-78.61316007,Dry,30 - 35  MPH,Stop And Go Signal,Clear,No,0,0,5
No,41.0,Missing,Facing Traffic,A: Suspected Serious Injury,Male,Charlotte,Mecklenburg,No,Friday,Motorist Failed to Yield—Signalized Intersection,10.0,April,Motorist Drive Out - Right Turn on Red,2018,80.0,No,O: No Injury,Female,Passenger Car,No,35.20252599,-80.82475732,Dry,20 - 25  MPH,Stop And Go Signal,Clear,No,0,0,4
Yes,15.0,Missing,With Traffic,B: Suspected Minor Injury,Male,Charlotte,Mecklenburg,No,Tuesday,Bicyclist Right Turn/Merge,20.0,May,Bicyclist Right Turn - Same Direction,2018,23.0,No,O: No Injury,Male,Passenger Car,No,35.14093404,-80.73498743,Dry,30 - 35  MPH,Stop And Go Signal,Clear,No,0,0,5
Yes,45.0,No,Facing Traffic,B: Suspected Minor Injury,Male,Southern Pines,Moore,No,Sunday,Motorist Left Turn/Merge,10.0,February,Motorist Left Turn - Opposite Direction,2018,21.0,No,O: No Injury,Female,Sport Utility,No,35.17713542,-79.38094919,Dry,Unknown,No Control Present,Clear,No,0,0,2
Yes,29.0,No,With Traffic,C: Possible Injury,Male,Garner,Wake,No,Friday,Motorist Left Turn/Merge,16.0,April,Motorist Left Turn - Opposite Direction,2018,52.0,No,O: No Injury,Male,Passenger Car,No,35.7279509,-78.62608179,Dry,40 - 45  MPH,No Control Present,Clear,No,0,0,4
Yes,24.0,No,With Traffic,A: Suspected Serious Injury,Male,Robbinsville,Graham,No,Monday,Bicyclist Failed to Yield—Sign-Controlled Intersection,12.0,April,Bicyclist Ride Through - Sign-Controlled Intersection,2018,74.0,No,O: No Injury,Male,Pickup,No,35.32362893,-83.80858136,Dry,20 - 25  MPH,Stop Sign,Clear,No,0,0,4
Yes,18.0,No,Facing Traffic,B: Suspected Minor Injury,Female,Jonesville,Yadkin,No,Thursday,Loss of Control/Turning Error,17.0,May,"Bicyclist Lost Control - Oversteering, Improper Braking, Speed",2018,33.0,No,O: No Injury,Male,Passenger Car,No,36.2391515,-80.85131924,Dry,20 - 25  MPH,No Control Present,Clear,No,0,0,5
No,17.0,Missing,Facing Traffic,B: Suspected Minor Injury,Male,Charlotte,Mecklenburg,No,Friday,Motorist Failed to Yield—Midblock,16.0,May,Motorist Drive Out - Commercial Driveway / Alley,2018,21.0,No,O: No Injury,Female,Sport Utility,No,35.20196647,-80.86545408,Dry,Unknown,No Control Present,Clear,No,0,0,5
No,27.0,Missing,Facing Traffic,B: Suspected Minor Injury,Male,Charlotte,Mecklenburg,No,Saturday,Motorist Failed to Yield—Sign-Controlled Intersection,16.0,May,Motorist Drive Out - Sign-Controlled Intersection,2018,18.0,No,O: No Injury,Male,Passenger Car,No,35.1722093,-80.85488369,Dry,30 - 35  MPH,Stop Sign,Clear,No,0,0,5
Yes,36.0,No,Facing Traffic,B: Suspected Minor Injury,Male,Greenville,Pitt,No,Saturday,Motorist Failed to Yield—Midblock,9.0,May,Motorist Drive Out - Commercial Driveway / Alley,2018,65.0,No,O: No Injury,Male,Pickup,No,35.61482689,-77.36885214,Dry,30 - 35  MPH,No Control Present,Clear,No,0,0,5
Yes,20.0,Missing,Facing Traffic,C: Possible Injury,Male,Charlotte,Mecklenburg,No,Monday,Motorist Failed to Yield—Sign-Controlled Intersection,13.0,May,Motorist Drive Out - Sign-Controlled Intersection,2018,57.0,No,O: No Injury,Male,Sport Utility,No,35.27432195,-80.87367775,Dry,30 - 35  MPH,Stop Sign,Clear,No,0,0,5
Yes,33.0,No,With Traffic,B: Suspected Minor Injury,Male,Jacksonville,Onslow,No,Wednesday,Motorist Failed to Yield—Signalized Intersection,17.0,May,Motorist Drive Through - Signalized Intersection,2018,29.0,No,O: No Injury,Female,Pickup,No,34.78502808,-77.42439212,Dry,30 - 35  MPH,Stop And Go Signal,Clear,No,0,0,5
No,32.52649525389365,Missing,With Traffic,Unknown Injury,Unknown,Wilmington,New Hanover,No,Thursday,Bicyclist Failed to Yield—Signalized Intersection,15.0,April,Bicyclist Failed to Clear - Trapped,2018,77.0,No,O: No Injury,Female,Passenger Car,No,34.23638175,-77.93667428,Dry,30 - 35  MPH,No Control Present,Clear,No,0,1,4
Yes,63.0,No,With Traffic,A: Suspected Serious Injury,Male,None - Rural Crash,Transylvania,No,Saturday,Motorist Overtaking Bicyclist,18.0,April,Motorist Overtaking - Bicyclist Swerved,2018,18.0,No,O: No Injury,Male,Sport Utility,No,35.28749863,-82.73373341,Dry,50 - 55  MPH,"Double Yellow Line, No Passing Zone",Clear,No,0,0,4
Yes,58.0,No,With Traffic,A: Suspected Serious Injury,Male,Kitty Hawk,Dare,No,Friday,Motorist Failed to Yield—Signalized Intersection,15.0,April,Motorist Drive Through - Signalized Intersection,2018,78.0,No,O: No Injury,Female,Sport Utility,No,36.09575205,-75.73278145,Dry,40 - 45  MPH,Stop And Go Signal,Clear,Yes,0,0,4
Yes,59.0,No,Facing Traffic,O: No Injury,Female,Cary,Wake,No,Monday,Crossing Paths—Other Circumstances,15.0,April,Signalized Intersection - Other / Unknown,2018,13.0,No,O: No Injury,Male,Pedalcycle,No,35.79603916,-78.84827229,Dry,Unknown,Stop And Go Signal,Clear,No,0,0,4
No,23.0,Missing,Unknown,C: Possible Injury,Male,Charlotte,Mecklenburg,No,Monday,Parallel Paths—Other Circumstances,22.0,May,Bicyclist Ride Out - Parallel Path,2018,36.0,No,O: No Injury,Male,Passenger Car,No,35.14858385,-80.92543994,Dry,30 - 35  MPH,No Control Present,Clear,No,0,0,5
No,56.0,No,Facing Traffic,C: Possible Injury,Female,Atlantic Beach,Carteret,No,Saturday,Motorist Failed to Yield—Midblock,11.0,April,Motorist Drive Out - Commercial Driveway / Alley,2018,42.03850604944766,Missing,Unknown Injury,Unknown,Unknown,Yes,34.69789798,-76.78033392,Dry,Unknown,No Control Present,Clear,No,1,0,4
Yes,53.0,Missing,Facing Traffic,C: Possible Injury,Male,Charlotte,Mecklenburg,No,Wednesday,Motorist Failed to Yield—Signalized Intersection,7.0,May,Motorist Drive Out - Right Turn on Red,2018,52.0,No,O: No Injury,Male,Pickup,No,35.2056147,-80.86961953,Dry,30 - 35  MPH,Stop And Go Signal,Clear,No,0,0,5
Yes,44.0,No,Facing Traffic,B: Suspected Minor Injury,Male,Kill Devil Hills,Dare,No,Monday,Crossing Paths—Other Circumstances,15.0,April,Crossing Paths - Intersection - Other / Unknown,2018,28.0,No,O: No Injury,Male,Pickup,No,36.03774163,-75.67536167,Dry,20 - 25  MPH,Stop And Go Signal,Clear,No,0,0,4
Yes,32.52649525389365,Missing,Facing Traffic,Unknown Injury,Male,Charlotte,Mecklenburg,No,Tuesday,Crossing Paths—Other Circumstances,16.0,May,Crossing Paths - Intersection - Other / Unknown,2018,23.0,No,O: No Injury,Male,Passenger Car,No,35.32204278,-80.77491727,Dry,40 - 45  MPH,Stop Sign,Clear,No,0,1,5
Yes,54.0,No,With Traffic,A: Suspected Serious Injury,Male,Fayetteville,Cumberland,No,Sunday,Bicyclist Failed to Yield—Signalized Intersection,21.0,April,Bicyclist Ride Through - Signalized Intersection,2018,75.0,No,O: No Injury,Male,Passenger Car,No,35.06873865,-78.95098453,Dry,30 - 35  MPH,Stop And Go Signal,Clear,No,0,0,4
No,17.0,No,With Traffic,O: No Injury,Male,Ayden,Pitt,No,Monday,Motorist Right Turn/Merge,15.0,April,Motorist Right Turn - Same Direction,2018,50.0,No,O: No Injury,Female,School Bus,No,35.47219404,-77.42511764,Dry,20 - 25  MPH,No Control Present,Clear,No,0,0,4
Yes,13.0,No,With Traffic,C: Possible Injury,Male,None - Rural Crash,Vance,No,Monday,Bicyclist Overtaking Motorist,18.0,April,Bicyclist Overtaking - Parked Vehicle,2018,50.0,No,O: No Injury,Male,Sport Utility,No,36.31557923,-78.37324382,Dry,30 - 35  MPH,No Control Present,Clear,No,0,0,4
Yes,48.0,No,With Traffic,B: Suspected Minor Injury,Female,None - Rural Crash,Cleveland,No,Monday,Bicyclist Left Turn/Merge,17.0,April,Bicyclist Left Turn - Same Direction,2018,36.0,No,C: Possible Injury,Female,Passenger Car,No,35.33006441,-81.50948262,Dry,40 - 45  MPH,"Double Yellow Line, No Passing Zone",Clear,No,0,0,4
Yes,50.0,No,Facing Traffic,B: Suspected Minor Injury,Male,Wilmington,New Hanover,No,Thursday,Crossing Paths—Other Circumstances,12.0,April,Sign-Controlled Intersection - Other / Unknown,2018,43.0,No,O: No Injury,Male,Passenger Car,No,34.22177707,-77.92721798,Dry,30 - 35  MPH,Stop Sign,Clear,No,0,0,4
Yes,24.0,No,Not Applicable,B: Suspected Minor Injury,Male,Durham,Durham,No,Thursday,Nonroadway,13.0,May,Non-Roadway,2018,25.0,No,O: No Injury,Female,Sport Utility,No,35.90603489,-78.94518694,Dry,5 - 15 MPH,Stop Sign,Clear,No,0,0,5
Yes,24.0,Missing,Facing Traffic,O: No Injury,Male,Charlotte,Mecklenburg,No,Wednesday,Motorist Failed to Yield—Midblock,17.0,May,Motorist Drive Out - Commercial Driveway / Alley,2018,67.0,No,O: No Injury,Male,Van,No,35.31108988,-80.71312461,Dry,40 - 45  MPH,Stop Sign,Clear,No,0,0,5
Yes,54.0,No,With Traffic,B: Suspected Minor Injury,Male,Durham,Durham,No,Sunday,Motorist Right Turn/Merge,10.0,May,Motorist Right Turn - Same Direction,2018,38.0,No,O: No Injury,Male,Pickup,No,36.01721487,-78.90019725,Dry,30 - 35  MPH,Stop And Go Signal,Clear,No,0,0,5
Yes,59.0,No,With Traffic,B: Suspected Minor Injury,Male,Wilmington,New Hanover,No,Friday,Motorist Overtaking Bicyclist,5.0,May,Motorist Overtaking - Other / Unknown,2018,42.03850604944766,Unknown,Unknown Injury,Unknown,Unknown,Yes,34.17683523,-77.89100685,Dry,40 - 45  MPH,No Control Present,Clear,No,1,0,5
No,62.0,No,With Traffic,C: Possible Injury,Male,High Point,Guilford,No,Sunday,Motorist Right Turn/Merge,12.0,May,Motorist Right Turn - Same Direction,2018,68.0,No,O: No Injury,Female,Sport Utility,No,36.02104809,-80.01717718,Dry,40 - 45  MPH,Stop And Go Signal,Clear,No,0,0,5
No,6.0,Missing,Facing Traffic,B: Suspected Minor Injury,Male,Charlotte,Mecklenburg,No,Saturday,Bicyclist Failed to Yield—Midblock,18.0,May,Bicyclist Ride Out - Residential Driveway,2018,45.0,No,O: No Injury,Female,Passenger Car,No,35.23371902,-80.67919472,Dry,20 - 25  MPH,Stop And Go Signal,Clear,No,0,0,5
Yes,27.0,No,With Traffic,B: Suspected Minor Injury,Male,Asheville,Buncombe,No,Saturday,Parallel Paths—Other Circumstances,10.0,May,Parallel Paths - Other / Unknown,2018,41.0,No,O: No Injury,Female,Sport Utility,No,35.5912252,-82.55089432,Dry,30 - 35  MPH,Stop And Go Signal,Clear,No,0,0,5
No,14.0,No,Facing Traffic,O: No Injury,Male,Raleigh,Wake,No,Monday,Motorist Failed to Yield—Signalized Intersection,16.0,May,Motorist Drive Out - Right Turn on Red,2018,43.0,No,O: No Injury,Male,Passenger Car,No,35.8643725,-78.61998829,Dry,30 - 35  MPH,Stop And Go Signal,Clear,No,0,0,5
Yes,57.0,Yes,With Traffic,B: Suspected Minor Injury,Male,Cary,Wake,Yes,Monday,Motorist Left Turn/Merge,7.0,April,Motorist Left Turn - Opposite Direction,2018,35.0,No,O: No Injury,Male,Passenger Car,No,35.78438508,-78.85616394,Dry,30 - 35  MPH,No Control Present,Clear,No,0,0,4
Yes,41.0,Yes,Facing Traffic,B: Suspected Minor Injury,Male,Kill Devil Hills,Dare,Yes,Wednesday,Head-On,14.0,May,Head-On - Bicyclist,2018,31.0,No,O: No Injury,Female,Passenger Car,No,36.00038086,-75.65292672,Dry,40 - 45  MPH,No Control Present,Cloudy,No,0,0,5
No,40.0,No,With Traffic,O: No Injury,Male,Lenoir,Caldwell,No,Wednesday,Motorist Failed to Yield—Sign-Controlled Intersection,7.0,May,Motorist Drive Through - Sign-Controlled Intersection,2018,42.03850604944766,Missing,Unknown Injury,Unknown,Unknown,Yes,35.91340119,-81.52796644,Wet,Unknown,Stop Sign,Rain,No,1,0,5
Yes,42.0,No,With Traffic,A: Suspected Serious Injury,Female,None - Rural Crash,Iredell,No,Wednesday,Motorist Left Turn/Merge,8.0,May,Motorist Left Turn - Opposite Direction,2018,39.0,No,C: Possible Injury,Female,Van,No,35.55750942,-80.77035206,Dry,50 - 55  MPH,"Double Yellow Line, No Passing Zone",Clear,No,0,0,5
Yes,60.0,No,Facing Traffic,C: Possible Injury,Female,Jacksonville,Onslow,No,Friday,Crossing Paths—Other Circumstances,15.0,May,Sign-Controlled Intersection - Other / Unknown,2018,49.0,No,O: No Injury,Female,Passenger Car,No,34.79099634,-77.43211933,Dry,20 - 25  MPH,Stop Sign,Clear,No,0,0,5
Yes,59.0,No,With Traffic,B: Suspected Minor Injury,Male,Garner,Wake,No,Tuesday,Motorist Right Turn/Merge,14.0,May,Motorist Right Turn - Same Direction,2018,57.0,No,O: No Injury,Male,Passenger Car,No,35.68615227,-78.61641168,Dry,40 - 45  MPH,No Control Present,Clear,No,0,0,5
No,27.0,No,Facing Traffic,C: Possible Injury,Male,Charlotte,Mecklenburg,No,Tuesday,Motorist Failed to Yield—Midblock,7.0,May,Motorist Drive Out - Residential Driveway,2018,47.0,No,O: No Injury,Male,Passenger Car,No,35.11798764,-80.95588725,Dry,5 - 15 MPH,No Control Present,Cloudy,No,0,0,5
Yes,26.0,No,With Traffic,B: Suspected Minor Injury,Male,Charlotte,Mecklenburg,No,Wednesday,Motorist Left Turn/Merge,12.0,May,Motorist Left Turn - Opposite Direction,2018,42.03850604944766,Missing,Unknown Injury,Unknown,Sport Utility,Yes,35.22125982,-80.81857342,Wet,30 - 35  MPH,Stop And Go Signal,Cloudy,No,1,0,5
No,41.0,No,Facing Traffic,Unknown Injury,Male,Fayetteville,Cumberland,No,Saturday,Motorist Left Turn/Merge,10.0,April,Motorist Left Turn - Opposite Direction,2018,76.0,No,O: No Injury,Female,Sport Utility,No,35.07462665,-78.97875806,Dry,40 - 45  MPH,Stop And Go Signal,Clear,No,0,0,4
No,34.0,No,Not Applicable,O: No Injury,Male,Durham,Durham,No,Monday,Nonroadway,12.0,May,Non-Roadway,2018,55.0,No,O: No Injury,Female,Sport Utility,No,36.00758055,-78.916642,Dry,5 - 15 MPH,No Control Present,Clear,No,0,0,5
Yes,25.0,No,Not Applicable,C: Possible Injury,Male,Chapel Hill,Orange,No,Thursday,Nonroadway,17.0,April,Non-Roadway,2018,19.0,No,O: No Injury,Female,Passenger Car,No,35.9098932,-79.05769675,Dry,5 - 15 MPH,No Control Present,Cloudy,No,0,0,4
No,21.0,No,Facing Traffic,O: No Injury,Male,Raleigh,Wake,No,Monday,Motorist Failed to Yield—Midblock,12.0,May,Motorist Drive Out - Commercial Driveway / Alley,2018,23.0,No,O: No Injury,Female,Sport Utility,No,35.77912753,-78.67671251,Dry,5 - 15 MPH,No Control Present,Clear,No,0,0,5
No,16.0,No,Not Applicable,O: No Injury,Male,None - Rural Crash,Chowan,No,Thursday,Crossing Paths—Other Circumstances,16.0,May,Crossing Paths - Intersection - Other / Unknown,2018,45.0,No,O: No Injury,Male,Sport Utility,No,36.21777126,-76.70859563,Dry,50 - 55  MPH,No Control Present,Clear,No,0,0,5
Yes,58.0,No,With Traffic,C: Possible Injury,Male,Greensboro,Guilford,No,Thursday,Backing Vehicle,11.0,May,Backing Vehicle,2018,45.0,No,O: No Injury,Male,Van,No,36.07038682,-79.75756585,Dry,30 - 35  MPH,Stop Sign,Cloudy,No,0,0,5
Yes,32.0,No,With Traffic,B: Suspected Minor Injury,Male,Charlotte,Mecklenburg,No,Wednesday,Bicyclist Failed to Yield—Signalized Intersection,21.0,May,Bicyclist Ride Through - Signalized Intersection,2018,52.0,No,C: Possible Injury,Male,Passenger Car,No,35.18969493,-80.77254617,Dry,30 - 35  MPH,No Control Present,Clear,No,0,0,5
Yes,77.0,No,With Traffic,B: Suspected Minor Injury,Male,Elizabeth City,Pasquotank,No,Friday,Motorist Overtaking Bicyclist,20.0,May,Motorist Overtaking - Misjudged Space,2018,42.03850604944766,Missing,Unknown Injury,Unknown,Passenger Car,Yes,36.27506337,-76.22350699,Dry,30 - 35  MPH,Stop Sign,Clear,No,1,0,5
Yes,6.0,No,With Traffic,C: Possible Injury,Male,Greensboro,Guilford,No,Friday,Backing Vehicle,17.0,May,Backing Vehicle,2018,38.0,No,O: No Injury,Male,Van,No,36.04134458,-79.81525299,Wet,30 - 35  MPH,No Control Present,Rain,No,0,0,5
Yes,59.0,Yes,Not Applicable,C: Possible Injury,Male,Greensboro,Guilford,Yes,Friday,Bicyclist Failed to Yield—Midblock,16.0,May,Bicyclist Ride Out - Commercial Driveway / Alley,2018,22.0,No,O: No Injury,Female,Passenger Car,No,36.0100813,-79.80492729,Wet,30 - 35  MPH,No Control Present,Rain,No,0,0,5
Yes,16.0,Missing,With Traffic,B: Suspected Minor Injury,Female,Charlotte,Mecklenburg,No,Saturday,Parallel Paths—Other Circumstances,18.0,May,Bicyclist Ride Out - Parallel Path,2018,54.0,No,O: No Injury,Male,Passenger Car,No,35.28255789,-80.73456812,Dry,20 - 25  MPH,No Control Present,Clear,No,0,0,5