AmbulanceR,BikeAge,BikeAlcFlg,BikeDir,BikeInjury,BikeSex,City,County,CrashAlcoh,CrashDay,CrashGrp,CrashHour,CrashMonth,CrashType,CrashYear,DrvrAge,DrvrAlcFlg,DrvrInjury,DrvrSex,DrvrVehTyp,HitRun,Latitude,Longitude,RdConditio,SpeedLimit,TraffCntrl,Weather,Workzone,DrvrAgeImputedFlag,BikeAgeImputedFlag,MonthCode
Yes,6.0,No,Not Applicable,B: Suspected Minor Injury,Male,Brevard,Transylvania,No,Tuesday,Bicyclist Failed to Yield—Midblock,17.0,May,Bicyclist Ride Out - Residential Driveway,2018,27.0,No,O: No Injury,Female,Sport Utility,No,35.26699929,-82.70881798,Dry,20 - 25  MPH,No Control Present,Clear,No,0,0,5
Yes,27.0,Missing,With Traffic,B: Suspected Minor Injury,Male,Charlotte,Mecklenburg,No,Tuesday,Motorist Left Turn/Merge,21.0,May,Motorist Left Turn - Opposite Direction,2018,78.0,No,O: No Injury,Male,Passenger Car,No,35.17941911,-80.83687355,Wet,30 - 35  MPH,Stop Sign,Rain,No,0,0,5
Yes,44.0,No,With Traffic,A: Suspected Serious Injury,Male,None - Rural Crash,Chatham,No,Sunday,Bicyclist Left Turn/Merge,13.0,May,Bicyclist Left Turn - Same Direction,2018,36.0,No,O: No Injury,Female,Passenger Car,No,35.61564339,-79.05130087,Dry,50 - 55  MPH,"Double Yellow Line, No Passing Zone",Clear,No,0,0,5
No,29.0,No,Not Applicable,O: No Injury,Male,Mooresville,Iredell,No,Thursday,Nonroadway,17.0,May,Non-Roadway,2018,51.0,No,O: No Injury,Female,Passenger Car,No,35.59814372,-80.78262229,Dry,5 - 15 MPH,No Control Present,Clear,No,0,0,5
Yes,46.0,No,With Traffic,B: Suspected Minor Injury,Female,Mount Airy,Surry,No,Wednesday,Bicyclist Failed to Yield—Signalized Intersection,15.0,May,Bicyclist Ride Out - Signalized  Intersection,2018,78.0,No,O: No Injury,Male,Pickup,No,36.52881738,-80.62875921,Dry,50 - 55  MPH,Stop And Go Signal,Clear,No,0,0,5
No,62.0,No,Facing Traffic,B: Suspected Minor Injury,Male,Wilmington,New Hanover,No,Wednesday,Motorist Failed to Yield—Midblock,12.0,May,Motorist Drive Out - Commercial Driveway / Alley,2018,26.0,No,O: No Injury,Male,Passenger Car,No,34.22134394,-77.88638229,Dry,30 - 35  MPH,No Control Present,Clear,No,0,0,5
Yes,43.0,No,With Traffic,C: Possible Injury,Female,None - Rural Crash,Perquimans,No,Wednesday,Motorist Overtaking Bicyclist,11.0,May,Motorist Overtaking - Bicyclist Swerved,2018,61.0,No,O: No Injury,Male,Passenger Car,No,36.09958068,-76.46474923,Dry,50 - 55  MPH,No Control Present,Cloudy,No,0,0,5
Yes,19.0,No,Facing Traffic,B: Suspected Minor Injury,Male,None - Rural Crash,Brunswick,No,Sunday,Motorist Overtaking Bicyclist,22.0,May,Motorist Overtaking - Undetected Bicyclist,2018,42.03850604944766,No,Unknown Injury,Unknown,Passenger Car,Yes,33.97836804,-78.36269049,Dry,50 - 55  MPH,"Double Yellow Line, No Passing Zone",Clear,No,1,0,5
Yes,66.0,No,With Traffic,C: Possible Injury,Male,Greensboro,Guilford,No,Wednesday,Motorist Failed to Yield—Sign-Controlled Intersection,9.0,April,Motorist Drive Out - Sign-Controlled Intersection,2018,29.0,No,O: No Injury,Male,Passenger Car,No,36.15427448,-79.83505107,Wet,30 - 35  MPH,No Control Present,Rain,No,0,0,4
No,47.0,No,Not Applicable,O: No Injury,Male,Jacksonville,Onslow,No,Wednesday,Nonroadway,21.0,May,Non-Roadway,2018,32.0,Unknown,C: Possible Injury,Male,Pedalcycle,No,34.77959976,-77.3923693,Dry,Unknown,No Control Present,Clear,No,0,0,5
Yes,26.0,No,With Traffic,B: Suspected Minor Injury,Male,Greensboro,Guilford,No,Monday,Bicyclist Left Turn/Merge,21.0,May,Bicyclist Left Turn - Same Direction,2018,21.0,No,O: No Injury,Female,Passenger Car,No,36.06577229,-79.82327231,Dry,30 - 35  MPH,No Control Present,Clear,No,0,0,5
Yes,21.0,No,Facing Traffic,C: Possible Injury,Male,Elon,Alamance,No,Monday,Motorist Failed to Yield—Sign-Controlled Intersection,14.0,April,Motorist Drive Out - Sign-Controlled Intersection,2018,58.0,No,O: No Injury,Female,Sport Utility,No,36.10457525,-79.49502641,Dry,30 - 35  MPH,Stop Sign,Clear,No,0,0,4
No,27.0,No,With Traffic,O: No Injury,Male,Wilmington,New Hanover,No,Monday,Bicyclist Overtaking Motorist,13.0,May,Bicyclist Overtaking - Other / Unknown,2018,52.0,No,O: No Injury,Male,Van,Yes,34.23706346,-77.92756699,Dry,30 - 35  MPH,Stop And Go Signal,Clear,No,0,0,5
Yes,1.0,No,Facing Traffic,B: Suspected Minor Injury,Female,Murphy,Cherokee,No,Friday,Motorist Failed to Yield—Midblock,13.0,May,Motorist Drive Out - Commercial Driveway / Alley,2018,76.0,No,O: No Injury,Male,Sport Utility,No,35.10534639,-84.01390833,Dry,5 - 15 MPH,No Control Present,Clear,No,0,0,5
No,65.0,No,With Traffic,B: Suspected Minor Injury,Male,None - Rural Crash,Surry,No,Monday,Motorist Left Turn/Merge,11.0,May,Motorist Left Turn - Opposite Direction,2018,61.0,No,O: No Injury,Male,Pickup,No,36.43524711,-80.8724277,Dry,50 - 55  MPH,"Double Yellow Line, No Passing Zone",Clear,No,0,0,5
Yes,14.0,No,With Traffic,B: Suspected Minor Injury,Male,Salisbury,Rowan,No,Thursday,Parallel Paths—Other Circumstances,16.0,May,Bicyclist Ride Out - Parallel Path,2018,27.0,No,O: No Injury,Female,Sport Utility,No,35.67601127,-80.46333711,Dry,20 - 25  MPH,No Control Present,Clear,No,0,0,5
No,16.0,No,Facing Traffic,C: Possible Injury,Female,Dobson,Surry,No,Friday,Motorist Overtaking Bicyclist,17.0,May,Motorist Overtaking - Bicyclist Swerved,2018,73.0,No,O: No Injury,Female,"Single Unit Truck (2-Axle, 6-Tire)",No,36.40271346,-80.71561045,Dry,30 - 35  MPH,No Control Present,Cloudy,No,0,0,5
No,16.0,Missing,Not Applicable,B: Suspected Minor Injury,Male,Charlotte,Mecklenburg,No,Friday,Parallel Paths—Other Circumstances,14.0,May,Motorist Turn / Merge - Other / Unknown,2018,24.0,No,O: No Injury,Male,Passenger Car,No,35.2128076,-80.81737779,Dry,30 - 35  MPH,No Control Present,Cloudy,No,0,0,5
Yes,6.0,No,Facing Traffic,C: Possible Injury,Male,Charlotte,Mecklenburg,No,Saturday,Bicyclist Failed to Yield—Sign-Controlled Intersection,16.0,May,Bicyclist Ride Through - Sign-Controlled Intersection,2018,52.0,No,O: No Injury,Female,Passenger Car,No,35.19060005,-80.7972206,Dry,30 - 35  MPH,No Control Present,Clear,No,0,0,5
Yes,26.0,Missing,With Traffic,B: Suspected Minor Injury,Male,Charlotte,Mecklenburg,No,Wednesday,Motorist Left Turn/Merge,18.0,May,Motorist Left Turn - Opposite Direction,2018,22.0,No,O: No Injury,Female,Passenger Car,No,35.22096666,-80.81706713,Dry,30 - 35  MPH,No Control Present,Clear,No,0,0,5
No,9.0,No,With Traffic,O: No Injury,Male,Red Springs,Robeson,No,Monday,Motorist Overtaking Bicyclist,15.0,May,Motorist Overtaking - Bicyclist Swerved,2018,76.0,No,O: No Injury,Male,Passenger Car,No,34.82309017,-79.18088174,Wet,50 - 55  MPH,No Control Present,Rain,No,0,0,5
Yes,38.0,Missing,With Traffic,C: Possible Injury,Male,Charlotte,Mecklenburg,No,Friday,Motorist Failed to Yield—Signalized Intersection,13.0,May,Motorist Drive Out - Right Turn on Red,2018,65.0,No,O: No Injury,Male,Pickup,No,35.20295225,-80.73465163,Dry,30 - 35  MPH,Stop And Go Signal,Cloudy,No,0,0,5
Yes,24.0,No,Facing Traffic,C: Possible Injury,Male,Greensboro,Guilford,No,Thursday,Motorist Failed to Yield—Midblock,15.0,May,Motorist Drive Out - Commercial Driveway / Alley,2018,55.0,No,O: No Injury,Male,Pickup,No,36.073907,-79.785585,Dry,30 - 35  MPH,No Control Present,Clear,No,0,0,5
Yes,29.0,No,With Traffic,B: Suspected Minor Injury,Male,Greensboro,Guilford,No,Monday,Motorist Overtaking Bicyclist,5.0,May,Motorist Overtaking - Other / Unknown,2018,46.0,No,O: No Injury,Male,Passenger Car,No,36.09010633,-79.82731439,Dry,40 - 45  MPH,No Control Present,Clear,No,0,0,5
Yes,34.0,No,With Traffic,C: Possible Injury,Male,Asheville,Buncombe,No,Wednesday,Motorist Left Turn/Merge,7.0,May,Motorist Left Turn - Opposite Direction,2018,26.0,No,O: No Injury,Female,Passenger Car,No,35.59127388,-82.55180352,Dry,Unknown,No Control Present,Clear,No,0,0,5
Yes,44.0,Unknown,With Traffic,A: Suspected Serious Injury,Male,Winston-Salem,Forsyth,No,Thursday,Bicyclist Failed to Yield—Sign-Controlled Intersection,23.0,May,Bicyclist Ride Through - Sign-Controlled Intersection,2018,49.0,No,O: No Injury,Male,Sport Utility,No,36.12485586,-80.24564733,Dry,30 - 35  MPH,Stop Sign,Cloudy,No,0,0,5
Yes,51.0,Missing,With Traffic,B: Suspected Minor Injury,Male,Charlotte,Mecklenburg,No,Saturday,Bicyclist Left Turn/Merge,11.0,May,Bicyclist Left Turn - Same Direction,2018,32.0,No,O: No Injury,Female,Sport Utility,No,35.09418466,-81.00546187,Dry,40 - 45  MPH,Other,Cloudy,No,0,0,5
No,51.0,No,With Traffic,B: Suspected Minor Injury,Female,None - Rural Crash,Orange,No,Wednesday,Backing Vehicle,9.0,May,Backing Vehicle,2018,85.0,No,O: No Injury,Male,Sport Utility,No,36.07173292,-79.13666136,Dry,5 - 15 MPH,"Double Yellow Line, No Passing Zone",Clear,No,0,0,5
No,13.0,No,Not Applicable,B: Suspected Minor Injury,Male,Roanoke Rapids,Halifax,No,Tuesday,Bicyclist Failed to Yield—Midblock,17.0,May,Bicyclist Ride Out - Other Midblock,2018,70.0,No,O: No Injury,Male,Pickup,No,36.45637865,-77.65699284,Dry,20 - 25  MPH,No Control Present,Cloudy,No,0,0,5
No,68.0,No,Facing Traffic,C: Possible Injury,Male,Wilmington,New Hanover,No,Saturday,Motorist Failed to Yield—Sign-Controlled Intersection,18.0,May,Motorist Drive Out - Sign-Controlled Intersection,2018,65.0,No,O: No Injury,Female,Passenger Car,No,34.17579499,-77.89434835,Dry,20 - 25  MPH,Stop Sign,Clear,No,0,0,5
No,13.0,No,With Traffic,O: No Injury,Male,None - Rural Crash,Cumberland,No,Monday,Bicyclist Left Turn/Merge,13.0,May,Bicyclist Left Turn - Same Direction,2018,26.0,No,O: No Injury,Female,Passenger Car,No,34.98006264,-79.00593176,Wet,40 - 45  MPH,"Double Yellow Line, No Passing Zone",Rain,No,0,0,5
No,20.0,Missing,Facing Traffic,C: Possible Injury,Male,Charlotte,Mecklenburg,No,Wednesday,Motorist Failed to Yield—Midblock,20.0,May,Motorist Drive Out - Commercial Driveway / Alley,2018,42.03850604944766,Missing,Unknown Injury,Unknown,Passenger Car,Yes,35.20310447,-80.73788926,Wet,5 - 15 MPH,No Control Present,Rain,No,1,0,5
Yes,49.0,Missing,Not Applicable,Unknown Injury,Male,Charlotte,Mecklenburg,No,Friday,Nonroadway,13.0,June,Non-Roadway,2018,27.0,No,O: No Injury,Male,Pickup,No,35.23569109,-80.84084144,Dry,5 - 15 MPH,No Control Present,Clear,No,0,0,6
No,16.0,Missing,Facing Traffic,B: Suspected Minor Injury,Male,Charlotte,Mecklenburg,No,Friday,Motorist Failed to Yield—Midblock,17.0,June,Motorist Drive Out - Commercial Driveway / Alley,2018,39.0,No,O: No Injury,Female,Sport Utility,No,35.14760787,-80.83148052,Dry,30 - 35  MPH,Stop Sign,Cloudy,No,0,0,6
Yes,30.0,No,Facing Traffic,C: Possible Injury,Female,Durham,Durham,Yes,Thursday,Head-On,16.0,May,Head-On - Bicyclist,2018,25.0,Yes,O: No Injury,Male,Passenger Car,No,35.90267504,-78.90161691,Dry,40 - 45  MPH,No Control Present,Clear,No,0,0,5
No,61.0,No,With Traffic,C: Possible Injury,Male,Rocky Mount,Nash,No,Saturday,Motorist Overtaking Bicyclist,17.0,June,Motorist Overtaking - Misjudged Space,2018,29.0,No,O: No Injury,Female,Passenger Car,No,35.95049675,-77.79567946,Wet,30 - 35  MPH,No Control Present,Cloudy,No,0,0,6
No,37.0,Unknown,With Traffic,O: No Injury,Male,None - Rural Crash,Onslow,No,Monday,Bicyclist Left Turn/Merge,15.0,May,Bicyclist Left Turn - Opposite Direction,2018,71.0,No,O: No Injury,Male,Passenger Car,No,34.73449204,-77.4758099,Dry,40 - 45  MPH,"Double Yellow Line, No Passing Zone",Clear,No,0,0,5
Yes,52.0,No,With Traffic,Unknown Injury,Male,Charlotte,Mecklenburg,No,Monday,Other/Unusual Circumstances,9.0,June,Unusual Circumstances,2018,29.0,No,O: No Injury,Female,Passenger Car,No,35.21996788,-80.80734667,Dry,30 - 35  MPH,No Control Present,Clear,No,0,0,6
No,29.0,Missing,With Traffic,Unknown Injury,Male,Charlotte,Mecklenburg,No,Friday,Bicyclist Failed to Yield—Signalized Intersection,23.0,May,Bicyclist Ride Through - Signalized Intersection,2018,28.0,No,Unknown Injury,Male,Passenger Car,No,35.22032986,-80.83522312,Dry,30 - 35  MPH,Stop And Go Signal,Clear,No,0,0,5
No,17.0,No,Facing Traffic,O: No Injury,Male,Fuquay-Varina,Wake,No,Monday,Motorist Failed to Yield—Midblock,16.0,April,Motorist Drive Out - Commercial Driveway / Alley,2018,50.0,No,O: No Injury,Male,Passenger Car,No,35.5914663,-78.78884777,Dry,Unknown,Stop Sign,Clear,No,0,0,4
Yes,14.0,No,Facing Traffic,C: Possible Injury,Male,Gastonia,Gaston,No,Saturday,Head-On,19.0,April,Head-On - Bicyclist,2018,42.03850604944766,Missing,Unknown Injury,Unknown,Passenger Car,Yes,35.27946738,-81.20373983,Dry,30 - 35  MPH,No Control Present,Clear,No,1,0,4
Yes,29.0,No,With Traffic,B: Suspected Minor Injury,Female,Speed,Edgecombe,No,Sunday,Motorist Overtaking Bicyclist,14.0,May,Motorist Overtaking - Other / Unknown,2018,62.0,No,O: No Injury,Male,Passenger Car,No,35.96622188,-77.44466262,Dry,30 - 35  MPH,"Double Yellow Line, No Passing Zone",Cloudy,No,0,0,5
No,35.0,No,With Traffic,O: No Injury,Male,Ayden,Pitt,No,Friday,Motorist Left Turn/Merge,12.0,June,Motorist Left Turn - Opposite Direction,2018,87.0,No,O: No Injury,Male,Passenger Car,No,35.47104631,-77.41697426,Dry,20 - 25  MPH,No Control Present,Clear,No,0,0,6
Yes,31.0,No,With Traffic,C: Possible Injury,Male,None - Rural Crash,Chatham,No,Friday,Loss of Control/Turning Error,7.0,May,Bicyclist Turning Error - Left Turn,2018,20.0,No,O: No Injury,Male,Passenger Car,No,35.81957866,-79.01761741,Dry,50 - 55  MPH,Stop And Go Signal,Clear,No,0,0,5
Yes,34.0,No,With Traffic,Unknown Injury,Unknown,Granite Falls,Caldwell,No,Tuesday,Loss of Control/Turning Error,16.0,May,Bicyclist Turning Error - Right Turn,2018,45.0,No,B: Suspected Minor Injury,Male,Passenger Car,No,35.80045332,-81.42815622,Dry,20 - 25  MPH,No Control Present,Cloudy,No,0,0,5
No,23.0,No,Facing Traffic,C: Possible Injury,Female,Nags Head,Dare,No,Saturday,Motorist Failed to Yield—Midblock,21.0,May,Motorist Drive Out - Commercial Driveway / Alley,2018,29.0,Unknown,O: No Injury,Male,Van,No,35.98636085,-75.64527599,Dry,5 - 15 MPH,Stop Sign,Clear,No,0,0,5
Yes,44.0,No,With Traffic,C: Possible Injury,Male,Rocky Mount,Edgecombe,No,Friday,Motorist Failed to Yield—Midblock,15.0,June,Motorist Drive Out - Residential Driveway,2018,67.0,No,O: No Injury,Female,Passenger Car,No,35.92538854,-77.79112965,Dry,30 - 35  MPH,No Control Present,Clear,No,0,0,6
Yes,26.0,No,With Traffic,B: Suspected Minor Injury,Male,Durham,Durham,No,Friday,Motorist Overtaking Bicyclist,22.0,June,Motorist Overtaking - Undetected Bicyclist,2018,17.0,No,O: No Injury,Male,Passenger Car,No,36.02476051,-78.93597478,Dry,30 - 35  MPH,No Control Present,Clear,No,0,0,6
Yes,41.0,Missing,With Traffic,C: Possible Injury,Male,Charlotte,Mecklenburg,No,Saturday,Motorist Right Turn/Merge,13.0,June,Motorist Right Turn - Same Direction,2018,43.0,No,O: No Injury,Female,Passenger Car,No,35.27452159,-80.79362349,Dry,40 - 45  MPH,No Control Present,Clear,No,0,0,6
Yes,15.0,No,With Traffic,C: Possible Injury,Male,Greensboro,Guilford,No,Sunday,Bicyclist Left Turn/Merge,11.0,June,Bicyclist Left Turn - Same Direction,2018,21.0,No,O: No Injury,Female,Passenger Car,No,36.12557206,-79.83171443,Dry,30 - 35  MPH,Stop And Go Signal,Clear,No,0,0,6
No,32.52649525389365,Missing,With Traffic,Unknown Injury,Unknown,Cornelius,Mecklenburg,No,Wednesday,Bicyclist Failed to Yield—Sign-Controlled Intersection,19.0,May,Bicyclist Ride Through - Sign-Controlled Intersection,2018,66.0,No,O: No Injury,Female,Sport Utility,Yes,35.45372666,-80.8506258,Dry,20 - 25  MPH,Stop Sign,Clear,No,0,1,5
Yes,33.0,No,With Traffic,A: Suspected Serious Injury,Male,Raleigh,Wake,No,Wednesday,Motorist Overtaking Bicyclist,20.0,May,Motorist Overtaking - Undetected Bicyclist,2018,57.0,No,O: No Injury,Female,Van,No,35.79684062,-78.64286479,Wet,30 - 35  MPH,No Control Present,Rain,No,0,0,5
Yes,58.0,No,Facing Traffic,C: Possible Injury,Male,Raleigh,Wake,No,Tuesday,Backing Vehicle,14.0,June,Backing Vehicle,2018,85.0,No,O: No Injury,Female,Passenger Car,No,35.85301883,-78.59924443,Dry,5 - 15 MPH,No Control Present,Clear,No,0,0,6
Yes,61.0,No,With Traffic,C: Possible Injury,Male,None - Rural Crash,Pamlico,No,Tuesday,Motorist Failed to Yield—Midblock,12.0,May,Motorist Drive Out - Commercial Driveway / Alley,2018,50.0,No,O: No Injury,Male,Pickup,No,35.144606,-76.79795149,Dry,5 - 15 MPH,No Control Present,Cloudy,No,0,0,5
No,47.0,Missing,Facing Traffic,C: Possible Injury,Male,Charlotte,Mecklenburg,No,Tuesday,Motorist Failed to Yield—Signalized Intersection,9.0,June,Motorist Drive Out - Right Turn on Red,2018,42.0,No,O: No Injury,Female,Passenger Car,No,35.23706405,-80.82964535,Dry,30 - 35  MPH,Stop And Go Signal,Cloudy,No,0,0,6
No,30.0,No,With Traffic,B: Suspected Minor Injury,Male,Asheville,Buncombe,No,Sunday,Bicyclist Failed to Yield—Sign-Controlled Intersection,15.0,June,Bicyclist Ride Through - Sign-Controlled Intersection,2018,48.0,No,O: No Injury,Female,Sport Utility,No,35.59568703,-82.56884572,Dry,30 - 35  MPH,Stop Sign,Clear,No,0,0,6
No,8.0,No,Not Applicable,O: No Injury,Male,Durham,Durham,No,Saturday,Nonroadway,20.0,June,Non-Roadway,2018,30.0,No,O: No Injury,Female,"Light Truck (Mini-Van, Panel)",No,35.96661407,-78.97953237,Dry,30 - 35  MPH,Stop Sign,Clear,No,0,0,6
No,14.0,No,With Traffic,C: Possible Injury,Male,None - Rural Crash,Transylvania,No,Tuesday,Bicyclist Left Turn/Merge,7.0,June,Bicyclist Left Turn - Same Direction,2018,44.0,No,O: No Injury,Male,Pickup,No,35.13434453,-82.82036504,Dry,40 - 45  MPH,"Double Yellow Line, No Passing Zone",Clear,No,0,0,6
Yes,60.0,No,With Traffic,O: No Injury,Male,Lumberton,Robeson,No,Monday,Loss of Control/Turning Error,10.0,June,Motorist Turning Error - Left Turn,2018,46.0,No,O: No Injury,Male,Pickup,No,34.66704408,-79.00463991,Dry,30 - 35  MPH,Stop Sign,Clear,No,0,0,6
No,42.0,Yes,Unknown,O: No Injury,Male,Rocky Mount,Nash,Yes,Thursday,Bicyclist Failed to Yield—Midblock,19.0,May,Bicyclist Ride Out - Midblock - Unknown,2018,55.0,No,O: No Injury,Female,Passenger Car,No,35.93275985,-77.81075027,Wet,30 - 35  MPH,No Control Present,Rain,No,0,0,5
Yes,15.0,No,Facing Traffic,B: Suspected Minor Injury,Male,Hope Mills,Cumberland,No,Wednesday,Motorist Failed to Yield—Signalized Intersection,19.0,June,Motorist Drive Through - Signalized Intersection,2018,59.0,No,O: No Injury,Male,Passenger Car,No,34.972222,-78.94598056,Dry,20 - 25  MPH,Stop And Go Signal,Clear,No,0,0,6
No,11.0,No,Unknown,O: No Injury,Male,Kitty Hawk,Dare,No,Friday,Bicyclist Failed to Yield—Signalized Intersection,14.0,May,Bicyclist Ride Through - Signalized Intersection,2018,51.0,No,O: No Injury,Female,Van,No,36.09556607,-75.73284018,Dry,30 - 35  MPH,No Control Present,Clear,No,0,0,5
No,40.0,No,Not Applicable,O: No Injury,Male,Fayetteville,Cumberland,No,Monday,Nonroadway,22.0,May,Non-Roadway,2018,32.0,No,O: No Injury,Female,Passenger Car,No,35.06635662,-78.96616703,Dry,Unknown,No Control Present,Clear,No,0,0,5
No,43.0,No,With Traffic,C: Possible Injury,Male,Fayetteville,Cumberland,No,Tuesday,Motorist Left Turn/Merge,13.0,May,Motorist Left Turn - Opposite Direction,2018,77.0,No,O: No Injury,Male,Sport Utility,No,35.07934744,-78.88186769,Dry,40 - 45  MPH,No Control Present,Clear,No,0,0,5
Yes,60.0,No,Facing Traffic,A: Suspected Serious Injury,Male,Asheboro,Randolph,No,Tuesday,Motorist Overtaking Bicyclist,3.0,June,Motorist Overtaking - Other / Unknown,2018,42.03850604944766,Missing,Unknown Injury,Unknown,Unknown,Yes,35.70785861,-79.80431037,Dry,30 - 35  MPH,No Control Present,Clear,No,1,0,6
No,67.0,No,Facing Traffic,B: Suspected Minor Injury,Female,Wilmington,New Hanover,No,Thursday,Motorist Right Turn/Merge,13.0,June,Motorist Right Turn - Opposite Direction,2018,41.0,No,O: No Injury,Male,Sport Utility,No,34.195416,-77.908919,Dry,40 - 45  MPH,Stop And Go Signal,Clear,No,0,0,6
Yes,13.0,No,With Traffic,B: Suspected Minor Injury,Female,Rocky Mount,Edgecombe,No,Friday,Crossing Paths—Other Circumstances,14.0,June,Sign-Controlled Intersection - Other / Unknown,2018,72.0,No,O: No Injury,Male,Pickup,No,35.94062179,-77.78900061,Dry,30 - 35  MPH,No Control Present,Clear,No,0,0,6
Yes,14.0,Missing,Unknown,C: Possible Injury,Male,Charlotte,Mecklenburg,No,Wednesday,Bicyclist Failed to Yield—Midblock,20.0,June,Bicyclist Ride Out - Midblock - Unknown,2018,42.03850604944766,Missing,Unknown Injury,Male,Passenger Car,Yes,35.23005915,-80.88095372,Dry,20 - 25  MPH,No Control Present,Cloudy,No,1,0,6
No,15.0,Missing,Facing Traffic,C: Possible Injury,Female,Charlotte,Mecklenburg,No,Thursday,Motorist Failed to Yield—Midblock,13.0,June,Motorist Drive Out - Commercial Driveway / Alley,2018,33.0,No,O: No Injury,Male,Passenger Car,No,35.34223309,-80.76944471,Dry,40 - 45  MPH,No Control Present,Clear,No,0,0,6
No,28.0,Missing,Facing Traffic,C: Possible Injury,Male,Charlotte,Mecklenburg,No,Tuesday,Motorist Failed to Yield—Signalized Intersection,19.0,June,Motorist Drive Out - Right Turn on Red,2018,51.0,No,O: No Injury,Male,Passenger Car,No,35.18111236,-80.83661238,Dry,30 - 35  MPH,Stop And Go Signal,Cloudy,No,0,0,6
No,6.0,No,Facing Traffic,C: Possible Injury,Male,Gastonia,Gaston,No,Sunday,Bicyclist Failed to Yield—Sign-Controlled Intersection,14.0,June,Bicyclist Ride Through - Sign-Controlled Intersection,2018,22.0,No,O: No Injury,Male,Passenger Car,No,35.27201972,-81.18300806,Dry,20 - 25  MPH,Yield Sign,Clear,No,0,0,6
No,59.0,No,With Traffic,B: Suspected Minor Injury,Male,Asheville,Buncombe,No,Thursday,Motorist Failed to Yield—Midblock,17.0,June,Motorist Drive Out - Commercial Driveway / Alley,2018,26.0,No,O: No Injury,Female,Sport Utility,No,35.55262776,-82.5381745,Dry,30 - 35  MPH,No Control Present,Clear,No,0,0,6
Yes,14.0,No,With Traffic,B: Suspected Minor Injury,Male,None - Rural Crash,Cumberland,No,Sunday,Bicyclist Left Turn/Merge,11.0,June,Bicyclist Left Turn - Same Direction,2018,28.0,No,O: No Injury,Male,Pickup,No,35.01453058,-78.94189945,Dry,20 - 25  MPH,No Control Present,Clear,No,0,0,6
Yes,62.0,No,With Traffic,B: Suspected Minor Injury,Male,Asheville,Buncombe,No,Tuesday,Bicyclist Left Turn/Merge,22.0,June,Bicyclist Left Turn - Same Direction,2018,25.0,No,O: No Injury,Male,Passenger Car,No,35.58661247,-82.51620339,Dry,40 - 45  MPH,No Control Present,Clear,No,0,0,6
No,32.0,Missing,With Traffic,O: No Injury,Male,Charlotte,Mecklenburg,No,Tuesday,Motorist Overtaking Bicyclist,17.0,June,Motorist Overtaking - Other / Unknown,2018,42.03850604944766,Missing,Unknown Injury,Unknown,Passenger Car,Yes,35.10871567,-80.91582914,Dry,30 - 35  MPH,No Control Present,Clear,No,1,0,6
Yes,33.0,No,With Traffic,C: Possible Injury,Male,Asheville,Buncombe,No,Tuesday,Motorist Overtaking Bicyclist,14.0,June,Motorist Overtaking - Other / Unknown,2018,60.0,No,O: No Injury,Male,Passenger Car,No,35.57709851,-82.55163911,Dry,20 - 25  MPH,Stop And Go Signal,Clear,No,0,0,6
Yes,13.0,No,With Traffic,B: Suspected Minor Injury,Male,Davidson,Mecklenburg,No,Thursday,Loss of Control/Turning Error,18.0,June,Bicyclist Lost Control - Surface Conditions,2018,20.0,No,O: No Injury,Female,"Light Truck (Mini-Van, Panel)",No,35.49246522,-80.83354267,Wet,20 - 25  MPH,No Control Present,Clear,No,0,0,6
Yes,19.0,No,Facing Traffic,A: Suspected Serious Injury,Male,None - Rural Crash,Nash,No,Sunday,Head-On,12.0,June,Head-On - Bicyclist,2018,29.0,No,O: No Injury,Male,Pickup,No,35.8535347,-77.83732174,Dry,50 - 55  MPH,No Control Present,Clear,No,0,0,6
Yes,8.0,No,Not Applicable,C: Possible Injury,Male,Raleigh,Wake,No,Tuesday,Bicyclist Failed to Yield—Midblock,17.0,June,Bicyclist Ride Out - Residential Driveway,2018,19.0,No,O: No Injury,Male,Passenger Car,No,35.73193154,-78.54136627,Dry,20 - 25  MPH,No Control Present,Clear,No,0,0,6
Yes,32.52649525389365,Missing,With Traffic,Unknown Injury,Unknown,Wilmington,New Hanover,No,Monday,Motorist Left Turn/Merge,17.0,June,Motorist Left Turn - Opposite Direction,2018,47.0,No,C: Possible Injury,Female,Sport Utility,No,34.21344194,-77.88758351,Dry,20 - 25  MPH,Stop Sign,Clear,No,0,1,6
Yes,8.0,No,Facing Traffic,B: Suspected Minor Injury,Male,Raleigh,Wake,No,Wednesday,Bicyclist Failed to Yield—Signalized Intersection,21.0,June,Bicyclist Ride Through - Signalized Intersection,2018,62.0,No,O: No Injury,Male,Passenger Car,No,35.77240433,-78.64784025,Dry,20 - 25  MPH,Stop And Go Signal,Clear,No,0,0,6
Yes,19.0,No,With Traffic,B: Suspected Minor Injury,Male,None - Rural Crash,Brunswick,No,Thursday,Bicyclist Left Turn/Merge,15.0,June,Bicyclist Left Turn - Same Direction,2018,61.0,No,O: No Injury,Male,Sport Utility,No,33.92012871,-78.47501519,Wet,40 - 45  MPH,No Control Present,Rain,No,0,0,6
No,70.0,No,With Traffic,B: Suspected Minor Injury,Male,None - Rural Crash,Washington,No,Monday,Motorist Overtaking Bicyclist,9.0,June,Motorist Overtaking - Other / Unknown,2018,42.03850604944766,Missing,Unknown Injury,Unknown,Pickup,Yes,35.74279484,-76.81069928,Dry,50 - 55  MPH,"Double Yellow Line, No Passing Zone",Clear,No,1,0,6
Yes,11.0,No,With Traffic,C: Possible Injury,Male,Winston-Salem,Forsyth,No,Wednesday,Bicyclist Left Turn/Merge,11.0,June,Bicyclist Left Turn - Same Direction,2018,25.0,No,O: No Injury,Female,Passenger Car,No,36.19301544,-80.25592886,Dry,50 - 55  MPH,"Double Yellow Line, No Passing Zone",Clear,No,0,0,6