AmbulanceR,BikeAge,BikeAlcFlg,BikeDir,BikeInjury,BikeSex,City,County,CrashAlcoh,CrashDay,CrashGrp,CrashHour,CrashMonth,CrashType,CrashYear,DrvrAge,DrvrAlcFlg,DrvrInjury,DrvrSex,DrvrVehTyp,HitRun,Latitude,Longitude,RdConditio,SpeedLimit,TraffCntrl,Weather,Workzone,DrvrAgeImputedFlag,BikeAgeImputedFlag,MonthCode
Yes,41.0,No,Facing Traffic,C: Possible Injury,Male,Gastonia,Gaston,No,Tuesday,Motorist Failed to Yield—Midblock,12.0,June,Motorist Drive Out - Commercial Driveway / Alley,2018,28.0,No,O: No Injury,Female,Passenger Car,No,35.26501537,-81.17463988,Dry,5 - 15 MPH,No Control Present,Cloudy,No,0,0,6
No,25.0,No,With Traffic,C: Possible Injury,Male,Brevard,Transylvania,No,Tuesday,Loss of Control/Turning Error,14.0,June,Motorist Turning Error - Left Turn,2018,42.03850604944766,Missing,Unknown Injury,Unknown,Passenger Car,Yes,35.24241671,-82.73153776,Dry,20 - 25  MPH,No Control Present,Clear,No,1,0,6
No,63.0,No,With Traffic,B: Suspected Minor Injury,Male,Statesville,Iredell,No,Thursday,Motorist Left Turn/Merge,21.0,May,Motorist Left Turn - Opposite Direction,2018,42.03850604944766,Unknown,Unknown Injury,Unknown,Unknown,Yes,35.76846623,-80.88684699,Dry,30 - 35  MPH,Stop Sign,Clear,No,1,0,5
Yes,75.0,No,Not Applicable,A: Suspected Serious Injury,Female,Raleigh,Wake,No,Thursday,Crossing Paths—Other Circumstances,8.0,June,Sign-Controlled Intersection - Other / Unknown,2018,53.0,No,O: No Injury,Female,Passenger Car,No,35.84257778,-78.66186364,Dry,30 - 35  MPH,No Control Present,Clear,No,0,0,6
Yes,36.0,No,Unknown,B: Suspected Minor Injury,Female,Wilmington,New Hanover,No,Saturday,Backing Vehicle,12.0,March,Backing Vehicle,2018,74.0,No,O: No Injury,Male,Passenger Car,No,34.22924721,-77.93985513,Dry,20 - 25  MPH,Stop Sign,Clear,No,0,0,3
Yes,28.0,No,With Traffic,B: Suspected Minor Injury,Male,Durham,Durham,No,Thursday,Motorist Overtaking Bicyclist,20.0,May,Motorist Overtaking - Other / Unknown,2018,43.0,No,O: No Injury,Male,Pickup,No,36.1471672,-78.96499,Dry,50 - 55  MPH,"Double Yellow Line, No Passing Zone",Clear,No,0,0,5
Yes,70.0,No,With Traffic,B: Suspected Minor Injury,Male,None - Rural Crash,Buncombe,No,Monday,Bicyclist Left Turn/Merge,14.0,June,Bicyclist Left Turn - Same Direction,2018,31.0,No,O: No Injury,Female,Pickup,No,35.50621268,-82.59646819,Dry,40 - 45  MPH,No Control Present,Clear,No,0,0,6
No,14.0,No,With Traffic,C: Possible Injury,Male,None - Rural Crash,Davidson,No,Friday,Crossing Paths—Other Circumstances,18.0,June,Sign-Controlled Intersection - Other / Unknown,2018,76.0,No,O: No Injury,Male,Sport Utility,No,35.85911621,-80.1621816,Dry,50 - 55  MPH,Stop Sign,Cloudy,No,0,0,6
Yes,12.0,Missing,With Traffic,B: Suspected Minor Injury,Male,Charlotte,Mecklenburg,No,Friday,Bicyclist Failed to Yield—Sign-Controlled Intersection,13.0,June,Bicyclist Ride Through - Sign-Controlled Intersection,2018,49.0,No,B: Suspected Minor Injury,Male,Van,No,35.27101985,-80.96986314,Dry,5 - 15 MPH,Stop Sign,Clear,No,0,0,6
Yes,58.0,No,Facing Traffic,B: Suspected Minor Injury,Female,Durham,Durham,No,Wednesday,Crossing Paths—Other Circumstances,8.0,June,Sign-Controlled Intersection - Other / Unknown,2018,70.0,No,O: No Injury,Male,Passenger Car,No,35.892642,-78.925314,Dry,20 - 25  MPH,Stop Sign,Clear,No,0,0,6
Yes,37.0,No,Unknown,B: Suspected Minor Injury,Male,Charlotte,Mecklenburg,No,Wednesday,Motorist Failed to Yield—Sign-Controlled Intersection,23.0,June,Motorist Drive Out - Sign-Controlled Intersection,2018,51.0,No,O: No Injury,Male,Passenger Car,No,35.21470428,-80.82786273,Dry,20 - 25  MPH,No Control Present,Clear,No,0,0,6
Yes,30.0,No,Facing Traffic,C: Possible Injury,Male,Henderson,Vance,No,Thursday,Motorist Failed to Yield—Midblock,16.0,June,Motorist Drive Out - Commercial Driveway / Alley,2018,66.0,No,O: No Injury,Male,Passenger Car,No,36.33550462,-78.4054525,Dry,5 - 15 MPH,No Control Present,Clear,No,0,0,6
No,32.52649525389365,Unknown,Facing Traffic,Unknown Injury,Unknown,Charlotte,Mecklenburg,No,Wednesday,Motorist Failed to Yield—Sign-Controlled Intersection,15.0,June,Motorist Drive Out - Sign-Controlled Intersection,2018,60.0,No,O: No Injury,Male,Passenger Car,No,35.26099728,-80.8396806,Dry,50 - 55  MPH,Stop And Go Signal,Clear,Yes,0,1,6
Yes,14.0,No,With Traffic,B: Suspected Minor Injury,Male,None - Rural Crash,Anson,No,Tuesday,Bicyclist Right Turn/Merge,19.0,June,Bicyclist Right Turn - Same Direction,2018,49.0,Unknown,O: No Injury,Male,Sport Utility,No,34.93259377,-80.11132284,Dry,50 - 55  MPH,"Double Yellow Line, No Passing Zone",Clear,No,0,0,6
Yes,25.0,No,With Traffic,C: Possible Injury,Female,Chapel Hill,Orange,No,Wednesday,Motorist Left Turn/Merge,18.0,May,Motorist Left Turn - Opposite Direction,2018,33.0,No,O: No Injury,Male,Sport Utility,No,35.90297378,-79.05047452,Dry,20 - 25  MPH,Stop And Go Signal,Clear,No,0,0,5
Yes,19.0,No,With Traffic,B: Suspected Minor Injury,Male,Hamlet,Richmond,No,Friday,Motorist Overtaking Bicyclist,16.0,June,Motorist Overtaking - Other / Unknown,2018,42.03850604944766,Missing,Unknown Injury,Unknown,Unknown,Yes,34.88813132,-79.71305264,Dry,20 - 25  MPH,No Control Present,Clear,No,1,0,6
Yes,51.0,Yes,With Traffic,C: Possible Injury,Male,None - Rural Crash,Robeson,Yes,Saturday,Motorist Overtaking Bicyclist,0.0,June,Motorist Overtaking - Other / Unknown,2018,34.0,No,O: No Injury,Female,Sport Utility,No,34.74063799,-79.30508612,Dry,50 - 55  MPH,No Control Present,Clear,No,0,0,6
No,15.0,No,With Traffic,O: No Injury,Male,None - Rural Crash,Cumberland,No,Sunday,Bicyclist Left Turn/Merge,16.0,June,Bicyclist Left Turn - Same Direction,2018,42.03850604944766,Unknown,Unknown Injury,Unknown,Unknown,Yes,34.97850045,-78.99483827,Dry,40 - 45  MPH,No Control Present,Clear,No,1,0,6
Yes,19.0,No,Facing Traffic,C: Possible Injury,Male,Cherryville,Gaston,No,Tuesday,Head-On,6.0,June,Head-On - Bicyclist,2018,66.0,No,O: No Injury,Male,Pickup,No,35.39292591,-81.34764768,Dry,40 - 45  MPH,No Control Present,Clear,No,0,0,6
No,36.0,No,Facing Traffic,O: No Injury,Male,Boone,Watauga,No,Tuesday,Motorist Right Turn/Merge,19.0,April,Motorist Right Turn - Opposite Direction,2018,24.0,No,B: Suspected Minor Injury,Male,Pedalcycle,No,36.21715316,-81.66565577,Dry,Unknown,No Control Present,Clear,No,0,0,4
No,34.0,No,With Traffic,C: Possible Injury,Female,Asheville,Buncombe,No,Wednesday,Loss of Control/Turning Error,15.0,June,Bicyclist Lost Control - Mechanical Problems,2018,74.0,No,O: No Injury,Male,Sport Utility,No,35.58955087,-82.54993381,Dry,30 - 35  MPH,Stop Sign,"Snow, Sleet, Hail, Freezing Rain/Drizzle",No,0,0,6
Yes,56.0,No,With Traffic,B: Suspected Minor Injury,Male,Kill Devil Hills,Dare,No,Sunday,Motorist Failed to Yield—Sign-Controlled Intersection,10.0,June,Motorist Drive Out - Sign-Controlled Intersection,2018,20.0,No,O: No Injury,Male,Sport Utility,No,36.03450255,-75.66963214,Dry,20 - 25  MPH,Stop Sign,Clear,No,0,0,6
No,30.0,No,Facing Traffic,C: Possible Injury,Male,Kill Devil Hills,Dare,No,Tuesday,Motorist Failed to Yield—Midblock,13.0,June,Motorist Drive Out - Commercial Driveway / Alley,2018,71.0,No,O: No Injury,Male,"Light Truck (Mini-Van, Panel)",No,36.03536533,-75.67400874,Dry,Unknown,No Control Present,Cloudy,No,0,0,6
Yes,51.0,Missing,Facing Traffic,B: Suspected Minor Injury,Male,Charlotte,Mecklenburg,No,Wednesday,Bicyclist Failed to Yield—Signalized Intersection,10.0,June,Bicyclist Ride Through - Signalized Intersection,2018,73.0,No,O: No Injury,Male,Sport Utility,No,35.23221614,-80.8448361,Dry,30 - 35  MPH,Stop And Go Signal,Cloudy,No,0,0,6
No,16.0,No,With Traffic,O: No Injury,Male,Kannapolis,Cabarrus,No,Sunday,Bicyclist Left Turn/Merge,21.0,June,Bicyclist Left Turn - Same Direction,2018,60.0,No,O: No Injury,Male,Sport Utility,No,35.4867426,-80.60087632,Dry,30 - 35  MPH,No Control Present,Clear,No,0,0,6
Yes,11.0,No,Not Applicable,B: Suspected Minor Injury,Male,Raleigh,Wake,No,Wednesday,Bicyclist Failed to Yield—Midblock,15.0,June,Bicyclist Ride Out - Residential Driveway,2018,33.0,No,O: No Injury,Male,Passenger Car,No,35.77640956,-78.68253049,Dry,20 - 25  MPH,No Control Present,Clear,No,0,0,6
Yes,31.0,No,With Traffic,B: Suspected Minor Injury,Male,None - Rural Crash,Forsyth,No,Wednesday,Motorist Overtaking Bicyclist,18.0,June,Motorist Overtaking - Other / Unknown,2018,28.0,No,O: No Injury,Male,Pickup,No,36.17246657,-80.12511961,Dry,40 - 45  MPH,"Double Yellow Line, No Passing Zone",Clear,No,0,0,6
Yes,31.0,No,With Traffic,C: Possible Injury,Male,None - Rural Crash,Johnston,No,Tuesday,Motorist Overtaking Bicyclist,17.0,June,Motorist Overtaking - Other / Unknown,2018,73.0,No,C: Possible Injury,Male,Van,No,35.68520694,-78.31500387,Dry,50 - 55  MPH,No Control Present,Clear,No,0,0,6
No,32.52649525389365,Missing,With Traffic,Unknown Injury,Unknown,Durham,Durham,No,Wednesday,Loss of Control/Turning Error,22.0,June,Bicyclist Turning Error - Right Turn,2018,33.0,No,O: No Injury,Male,Passenger Car,Yes,35.99807012,-78.89955478,Dry,30 - 35  MPH,Stop And Go Signal,Clear,No,0,1,6
No,26.0,No,Unknown,B: Suspected Minor Injury,Male,Wilson,Wilson,No,Wednesday,Crossing Paths—Other Circumstances,21.0,June,Sign-Controlled Intersection - Other / Unknown,2018,42.03850604944766,Unknown,Unknown Injury,Unknown,Unknown,Yes,35.71028336,-77.90263829,Dry,40 - 45  MPH,No Control Present,Clear,No,1,0,6
Yes,65.0,No,With Traffic,B: Suspected Minor Injury,Male,None - Rural Crash,Buncombe,No,Monday,Bicyclist Left Turn/Merge,18.0,June,Bicyclist Left Turn - Opposite Direction,2018,35.0,No,O: No Injury,Male,Van,No,35.68457938,-82.66591078,Dry,30 - 35  MPH,"Double Yellow Line, No Passing Zone",Clear,No,0,0,6
Yes,42.0,No,With Traffic,C: Possible Injury,Male,None - Rural Crash,New Hanover,No,Sunday,Motorist Right Turn/Merge,16.0,June,Motorist Right Turn - Same Direction,2018,39.0,No,O: No Injury,Female,Passenger Car,No,34.26473905,-77.80550216,Dry,40 - 45  MPH,"Double Yellow Line, No Passing Zone",Clear,No,0,0,6
Yes,76.0,No,With Traffic,C: Possible Injury,Male,None - Rural Crash,Warren,No,Thursday,Bicyclist Left Turn/Merge,14.0,June,Bicyclist Left Turn - Same Direction,2018,72.0,No,O: No Injury,Female,Passenger Car,No,36.37623,-78.201348,Dry,40 - 45  MPH,"Double Yellow Line, No Passing Zone",Clear,No,0,0,6
Yes,11.0,No,With Traffic,B: Suspected Minor Injury,Male,None - Rural Crash,Warren,No,Sunday,Bicyclist Left Turn/Merge,18.0,June,Bicyclist Left Turn - Opposite Direction,2018,20.0,No,O: No Injury,Female,Passenger Car,No,36.41985369,-78.18464362,Dry,40 - 45  MPH,"Double Yellow Line, No Passing Zone",Clear,No,0,0,6
No,23.0,Missing,Facing Traffic,C: Possible Injury,Male,Charlotte,Mecklenburg,No,Thursday,Motorist Failed to Yield—Signalized Intersection,20.0,June,Motorist Drive Out - Right Turn on Red,2018,25.0,No,O: No Injury,Female,Passenger Car,No,35.2217952,-80.7507752,Dry,30 - 35  MPH,Stop And Go Signal,Clear,No,0,0,6
Yes,59.0,Yes,With Traffic,B: Suspected Minor Injury,Male,Ramseur,Randolph,Yes,Saturday,Motorist Overtaking Bicyclist,1.0,June,Motorist Overtaking - Other / Unknown,2018,42.03850604944766,Missing,Unknown Injury,Unknown,Passenger Car,Yes,35.73859523,-79.65234673,Dry,30 - 35  MPH,No Control Present,Clear,No,1,0,6
Yes,33.0,No,Unknown,B: Suspected Minor Injury,Male,Rocky Mount,Nash,No,Saturday,Motorist Overtaking Bicyclist,7.0,June,Motorist Overtaking - Other / Unknown,2018,42.03850604944766,Missing,Unknown Injury,Unknown,Passenger Car,Yes,35.94797568,-77.79498004,Dry,30 - 35  MPH,No Control Present,Clear,No,1,0,6
Yes,55.0,No,Facing Traffic,B: Suspected Minor Injury,Male,Rocky Mount,Nash,No,Friday,Motorist Failed to Yield—Midblock,20.0,June,Motorist Drive Out - Commercial Driveway / Alley,2018,23.0,No,O: No Injury,Female,Passenger Car,No,35.92951405,-77.81491864,Dry,30 - 35  MPH,No Control Present,Cloudy,No,0,0,6
Yes,62.0,Unknown,Facing Traffic,B: Suspected Minor Injury,Male,Fayetteville,Cumberland,No,Saturday,Motorist Failed to Yield—Signalized Intersection,18.0,June,Motorist Drive Out - Right Turn on Red,2018,61.0,No,O: No Injury,Male,Pickup,No,35.08432894,-78.95187865,Dry,40 - 45  MPH,Flashing Stop And Go Signal,Clear,No,0,0,6
Yes,35.0,No,With Traffic,B: Suspected Minor Injury,Male,Raleigh,Wake,No,Friday,Motorist Failed to Yield—Sign-Controlled Intersection,21.0,June,Motorist Drive Through - Sign-Controlled Intersection,2018,27.0,No,O: No Injury,Male,Passenger Car,No,35.83549381,-78.59678982,Dry,20 - 25  MPH,Stop Sign,Clear,No,0,0,6
Yes,27.0,Missing,With Traffic,B: Suspected Minor Injury,Male,Charlotte,Mecklenburg,No,Monday,Motorist Failed to Yield—Sign-Controlled Intersection,7.0,July,Motorist Drive Out - Sign-Controlled Intersection,2018,36.0,No,O: No Injury,Male,Passenger Car,No,35.24212648,-80.79790641,Dry,30 - 35  MPH,Stop Sign,Clear,No,0,0,7
Yes,61.0,Yes,With Traffic,B: Suspected Minor Injury,Male,Greenville,Pitt,Yes,Saturday,Motorist Overtaking Bicyclist,17.0,June,Motorist Overtaking - Bicyclist Swerved,2018,56.0,No,O: No Injury,Male,Pickup,No,35.5749187,-77.41944076,Dry,40 - 45  MPH,No Control Present,Clear,No,0,0,6
Yes,12.0,No,Not Applicable,B: Suspected Minor Injury,Male,Hildebran,Burke,No,Thursday,Bicyclist Failed to Yield—Midblock,15.0,June,Bicyclist Ride Out - Other Midblock,2018,31.0,No,O: No Injury,Male,Passenger Car,No,35.71245231,-81.42085949,Dry,30 - 35  MPH,"Double Yellow Line, No Passing Zone",Clear,No,0,0,6
Yes,27.0,No,With Traffic,C: Possible Injury,Male,None - Rural Crash,New Hanover,No,Thursday,Motorist Overtaking Bicyclist,23.0,June,Motorist Overtaking - Other / Unknown,2018,37.0,No,O: No Injury,Female,Passenger Car,No,34.11721987,-77.90042652,Dry,50 - 55  MPH,No Control Present,Clear,No,0,0,6
Yes,51.0,Yes,With Traffic,B: Suspected Minor Injury,Female,Wallace,Duplin,Yes,Monday,Motorist Overtaking Bicyclist,18.0,July,Motorist Overtaking - Other / Unknown,2018,42.03850604944766,Missing,Unknown Injury,Unknown,Unknown,Yes,34.74241775,-77.99299831,Dry,30 - 35  MPH,No Control Present,Clear,No,1,0,7
Yes,63.0,No,With Traffic,B: Suspected Minor Injury,Male,None - Rural Crash,Cumberland,No,Tuesday,Motorist Overtaking Bicyclist,12.0,June,Motorist Overtaking - Other / Unknown,2018,48.0,No,O: No Injury,Male,Passenger Car,No,35.15143746,-78.8436509,Dry,60 - 75 MPH,No Control Present,Clear,No,0,0,6
No,24.0,Missing,With Traffic,B: Suspected Minor Injury,Male,Charlotte,Mecklenburg,No,Sunday,Motorist Overtaking Bicyclist,8.0,June,Motorist Overtaking - Other / Unknown,2018,42.03850604944766,Missing,Unknown Injury,Unknown,Unknown,Yes,35.28306966,-80.98437432,Dry,40 - 45  MPH,No Control Present,Clear,No,1,0,6
Yes,45.0,No,Facing Traffic,B: Suspected Minor Injury,Male,Morehead City,Carteret,No,Monday,Motorist Failed to Yield—Midblock,12.0,June,Motorist Drive Out - Commercial Driveway / Alley,2018,26.0,No,O: No Injury,Male,"Single Unit Truck (2-Axle, 6-Tire)",No,34.7273574,-76.74468819,Dry,30 - 35  MPH,No Control Present,Cloudy,No,0,0,6
No,15.0,No,Facing Traffic,B: Suspected Minor Injury,Female,Raleigh,Wake,No,Friday,Motorist Failed to Yield—Signalized Intersection,17.0,June,Motorist Drive Out - Right Turn on Red,2018,41.0,No,O: No Injury,Female,Sport Utility,No,35.93470238,-78.5763704,Dry,20 - 25  MPH,Stop And Go Signal,Clear,No,0,0,6
No,20.0,No,Facing Traffic,O: No Injury,Male,Kill Devil Hills,Dare,No,Saturday,Crossing Paths—Other Circumstances,20.0,June,Sign-Controlled Intersection - Other / Unknown,2018,42.03850604944766,Unknown,Unknown Injury,Unknown,Unknown,Yes,36.00676863,-75.65667992,Dry,20 - 25  MPH,Stop Sign,Cloudy,No,1,0,6
Yes,32.52649525389365,No,Unknown,B: Suspected Minor Injury,Male,Kill Devil Hills,Dare,No,Thursday,Bicyclist Failed to Yield—Signalized Intersection,22.0,June,Bicyclist Ride Through - Signalized Intersection,2018,17.0,No,O: No Injury,Male,Van,No,36.02849242,-75.66959694,Wet,20 - 25  MPH,Stop And Go Signal,Rain,No,0,1,6
Yes,20.0,No,Facing Traffic,C: Possible Injury,Female,Kill Devil Hills,Dare,No,Sunday,Motorist Failed to Yield—Sign-Controlled Intersection,17.0,June,Motorist Drive Out - Sign-Controlled Intersection,2018,54.0,No,O: No Injury,Male,Sport Utility,No,36.0025216,-75.65442918,Wet,20 - 25  MPH,Stop Sign,Cloudy,No,0,0,6
Yes,47.0,Missing,With Traffic,B: Suspected Minor Injury,Female,Charlotte,Mecklenburg,No,Tuesday,Motorist Failed to Yield—Sign-Controlled Intersection,16.0,June,Motorist Drive Through - Sign-Controlled Intersection,2018,57.0,No,O: No Injury,Female,Passenger Car,No,35.22339523,-80.83298336,Dry,20 - 25  MPH,No Control Present,Cloudy,No,0,0,6
No,29.0,No,Facing Traffic,C: Possible Injury,Male,Oak Island,Brunswick,No,Friday,Motorist Failed to Yield—Signalized Intersection,19.0,May,Motorist Drive Through - Signalized Intersection,2018,42.03850604944766,Unknown,Unknown Injury,Unknown,Unknown,Yes,33.91209803,-78.10599869,Dry,30 - 35  MPH,Stop And Go Signal,Clear,No,1,0,5
Yes,29.0,Unknown,Facing Traffic,A: Suspected Serious Injury,Male,Greenville,Pitt,No,Sunday,Bicyclist Failed to Yield—Signalized Intersection,0.0,July,Bicyclist Ride Through - Signalized Intersection,2018,25.0,No,O: No Injury,Male,Passenger Car,No,35.60653753,-77.35825555,Dry,30 - 35  MPH,Stop And Go Signal,Clear,No,0,0,7
Yes,28.0,No,Not Applicable,O: No Injury,Male,Stantonsburg,Wilson,No,Friday,Bicyclist Failed to Yield—Midblock,13.0,July,Bicyclist Ride Out - Commercial Driveway / Alley,2018,63.0,No,O: No Injury,Female,Passenger Car,No,35.60639552,-77.81553126,Dry,30 - 35  MPH,Stop And Go Signal,Clear,No,0,0,7
Yes,14.0,No,Facing Traffic,B: Suspected Minor Injury,Male,Durham,Durham,No,Thursday,Head-On,21.0,July,Head-On - Bicyclist,2018,42.03850604944766,Missing,Unknown Injury,Unknown,Passenger Car,Yes,35.99191894,-78.88665091,Dry,30 - 35  MPH,Stop And Go Signal,Clear,No,1,0,7
Yes,50.0,Unknown,With Traffic,B: Suspected Minor Injury,Male,Winston-Salem,Forsyth,No,Saturday,Bicyclist Failed to Yield—Signalized Intersection,1.0,July,Bicyclist Ride Through - Signalized Intersection,2018,28.0,No,O: No Injury,Female,Passenger Car,No,36.11796638,-80.24186924,Dry,30 - 35  MPH,Stop And Go Signal,Clear,No,0,0,7
No,26.0,No,With Traffic,B: Suspected Minor Injury,Female,Apex,Wake,No,Sunday,Motorist Overtaking Bicyclist,13.0,June,Motorist Overtaking - Other / Unknown,2018,61.0,No,O: No Injury,Female,Passenger Car,No,35.72955236,-78.93347991,Dry,40 - 45  MPH,No Control Present,Clear,No,0,0,6
Yes,48.0,No,Facing Traffic,C: Possible Injury,Male,Greensboro,Guilford,No,Sunday,Motorist Failed to Yield—Midblock,17.0,July,Motorist Drive Out - Commercial Driveway / Alley,2018,65.0,No,O: No Injury,Male,Passenger Car,No,36.13637001,-79.8567387,Dry,5 - 15 MPH,Stop Sign,Clear,No,0,0,7
Yes,5.0,No,Not Applicable,B: Suspected Minor Injury,Female,None - Rural Crash,Wake,No,Monday,Nonroadway,15.0,July,Non-Roadway,2018,42.03850604944766,Missing,Unknown Injury,Unknown,Sport Utility,Yes,35.67774303,-78.66251043,Dry,5 - 15 MPH,No Control Present,Clear,No,1,0,7
Yes,46.0,No,With Traffic,C: Possible Injury,Female,Thomasville,Davidson,No,Monday,Motorist Overtaking Bicyclist,5.0,July,Motorist Overtaking - Other / Unknown,2018,69.0,No,O: No Injury,Female,Sport Utility,No,35.86141234,-80.06700787,Dry,30 - 35  MPH,No Control Present,Clear,No,0,0,7
Yes,61.0,No,With Traffic,A: Suspected Serious Injury,Male,Raleigh,Wake,No,Sunday,Bicyclist Failed to Yield—Signalized Intersection,19.0,July,Bicyclist Ride Through - Signalized Intersection,2018,22.0,No,O: No Injury,Male,Passenger Car,No,35.76944123,-78.63911356,Dry,30 - 35  MPH,Stop And Go Signal,Clear,No,0,0,7
Yes,50.0,Unknown,With Traffic,B: Suspected Minor Injury,Male,Asheboro,Randolph,No,Thursday,Motorist Overtaking Bicyclist,8.0,April,Motorist Overtaking - Undetected Bicyclist,2018,49.0,No,O: No Injury,Male,Pickup,No,35.69093336,-79.80312681,Unknown,Unknown,No Control Present,Other,No,0,0,4
Yes,55.0,No,With Traffic,A: Suspected Serious Injury,Male,Lewisville,Forsyth,No,Tuesday,Bicyclist Left Turn/Merge,19.0,June,Bicyclist Left Turn - Same Direction,2018,42.03850604944766,Unknown,Unknown Injury,Unknown,Unknown,Yes,36.12394621,-80.44492494,Dry,50 - 55  MPH,"Double Yellow Line, No Passing Zone",Clear,No,1,0,6
Yes,26.0,No,With Traffic,B: Suspected Minor Injury,Female,Kill Devil Hills,Dare,No,Saturday,Crossing Paths—Other Circumstances,17.0,June,Sign-Controlled Intersection - Other / Unknown,2018,64.0,No,O: No Injury,Female,Passenger Car,No,36.03841954,-75.67587233,Wet,20 - 25  MPH,No Control Present,Cloudy,No,0,0,6
Yes,61.0,No,With Traffic,B: Suspected Minor Injury,Female,Columbus,Polk,No,Friday,Motorist Overtaking Bicyclist,8.0,June,Motorist Overtaking - Other / Unknown,2018,77.0,No,O: No Injury,Male,Pickup,No,35.35326526,-82.14991867,Dry,50 - 55  MPH,"Double Yellow Line, No Passing Zone",Clear,No,0,0,6
Yes,38.0,Yes,Unknown,C: Possible Injury,Male,Wilmington,New Hanover,Yes,Monday,Bicyclist Failed to Yield—Midblock,0.0,July,Bicyclist Ride Out - Midblock - Unknown,2018,42.03850604944766,Unknown,Unknown Injury,Unknown,Passenger Car,Yes,34.23720627,-77.92575739,Dry,30 - 35  MPH,No Control Present,Clear,No,1,0,7
Yes,22.0,No,With Traffic,C: Possible Injury,Female,Lumberton,Robeson,No,Friday,Motorist Failed to Yield—Midblock,21.0,July,Motorist Drive Out - Commercial Driveway / Alley,2018,57.0,No,O: No Injury,Female,Sport Utility,No,34.6433471,-79.01017999,Dry,30 - 35  MPH,No Control Present,Clear,No,0,0,7
Yes,15.0,No,Not Applicable,O: No Injury,Male,Charlotte,Mecklenburg,No,Thursday,Bicyclist Failed to Yield—Midblock,19.0,July,Bicyclist Ride Out - Commercial Driveway / Alley,2018,28.0,No,B: Suspected Minor Injury,Male,Passenger Car,No,35.14755874,-80.92711597,Wet,30 - 35  MPH,No Control Present,Rain,No,0,0,7
Yes,15.0,No,Not Applicable,B: Suspected Minor Injury,Unknown,Asheville,Buncombe,No,Friday,Nonroadway,11.0,June,Non-Roadway,2018,33.0,No,O: No Injury,Male,Pickup,No,35.57756778,-82.58134049,Dry,5 - 15 MPH,No Control Present,Clear,No,0,0,6
Yes,42.0,Missing,Facing Traffic,B: Suspected Minor Injury,Male,Charlotte,Mecklenburg,No,Thursday,Bicyclist Failed to Yield—Signalized Intersection,21.0,July,Bicyclist Ride Through - Signalized Intersection,2018,25.0,No,O: No Injury,Male,Passenger Car,No,35.22943932,-80.83974514,Wet,20 - 25  MPH,Stop And Go Signal,Cloudy,No,0,0,7
No,60.0,Missing,Facing Traffic,C: Possible Injury,Male,Charlotte,Mecklenburg,No,Friday,Motorist Failed to Yield—Signalized Intersection,14.0,July,Motorist Drive Out - Right Turn on Red,2018,44.0,No,O: No Injury,Female,Passenger Car,No,35.20307106,-80.74398749,Dry,40 - 45  MPH,Stop And Go Signal,Clear,No,0,0,7
Yes,70.0,No,With Traffic,B: Suspected Minor Injury,Male,Greensboro,Guilford,No,Saturday,Crossing Paths—Other Circumstances,12.0,July,Sign-Controlled Intersection - Other / Unknown,2018,42.03850604944766,Unknown,Unknown Injury,Unknown,Van,Yes,36.09790342,-79.75629585,Dry,30 - 35  MPH,Stop Sign,Cloudy,No,1,0,7
No,30.0,Missing,With Traffic,C: Possible Injury,Male,Charlotte,Mecklenburg,No,Saturday,Bicyclist Failed to Yield—Signalized Intersection,18.0,July,Bicyclist Ride Out - Signalized  Intersection,2018,32.0,No,O: No Injury,Female,Passenger Car,No,35.20991541,-80.75738629,Dry,30 - 35  MPH,Stop And Go Signal,Clear,No,0,0,7
No,38.0,Missing,With Traffic,B: Suspected Minor Injury,Male,Charlotte,Mecklenburg,No,Saturday,Motorist Left Turn/Merge,7.0,July,Motorist Left Turn - Opposite Direction,2018,52.0,No,O: No Injury,Male,Passenger Car,No,35.22643255,-80.84426918,Dry,5 - 15 MPH,Stop And Go Signal,Clear,No,0,0,7
No,56.0,Missing,With Traffic,C: Possible Injury,Male,Charlotte,Mecklenburg,No,Saturday,Motorist Right Turn/Merge,16.0,July,Motorist Right Turn - Same Direction,2018,21.0,No,O: No Injury,Female,Sport Utility,No,35.209855,-80.757094,Dry,30 - 35  MPH,Stop And Go Signal,Clear,No,0,0,7
Yes,37.0,No,Facing Traffic,B: Suspected Minor Injury,Male,Thomasville,Davidson,No,Friday,Other/Unusual Circumstances,7.0,July,Motorist Intentionally Caused,2018,30.0,No,O: No Injury,Female,Passenger Car,No,35.88566597,-80.08616371,Dry,30 - 35  MPH,No Control Present,Clear,No,0,0,7
Yes,17.0,No,With Traffic,K: Killed,Male,None - Rural Crash,Sampson,No,Sunday,Motorist Overtaking Bicyclist,19.0,July,Motorist Overtaking - Other / Unknown,2018,51.0,No,O: No Injury,Male,Passenger Car,No,35.12339511,-78.54558635,Dry,50 - 55  MPH,"Double Yellow Line, No Passing Zone",Clear,No,0,0,7
Yes,42.0,Yes,With Traffic,A: Suspected Serious Injury,Male,Kernersville,Forsyth,Yes,Thursday,Bicyclist Left Turn/Merge,23.0,June,Bicyclist Left Turn - Same Direction,2018,28.0,No,O: No Injury,Female,Passenger Car,No,36.1185928,-80.06737166,Dry,30 - 35  MPH,"Double Yellow Line, No Passing Zone",Clear,No,0,0,6