AmbulanceR,BikeAge,BikeAlcFlg,BikeDir,BikeInjury,BikeSex,City,County,CrashAlcoh,CrashDay,CrashGrp,CrashHour,CrashMonth,CrashType,CrashYear,DrvrAge,DrvrAlcFlg,DrvrInjury,DrvrSex,DrvrVehTyp,HitRun,Latitude,Longitude,RdConditio,SpeedLimit,TraffCntrl,Weather,Workzone,DrvrAgeImputedFlag,BikeAgeImputedFlag,MonthCode
Yes,31.0,No,With Traffic,C: Possible Injury,Male,Greensboro,Guilford,No,Monday,Bicyclist Failed to Yield—Signalized Intersection,8.0,July,Bicyclist Ride Through - Signalized Intersection,2018,30.0,No,O: No Injury,Female,Passenger Car,No,36.10221746,-79.78465087,Dry,30 - 35  MPH,Stop And Go Signal,Clear,No,0,0,7
No,47.0,No,Unknown,O: No Injury,Male,Durham,Durham,No,Saturday,Bicyclist Failed to Yield—Signalized Intersection,17.0,July,Bicyclist Ride Through - Signalized Intersection,2018,56.0,No,O: No Injury,Male,Passenger Car,No,35.96371166,-78.90739306,Dry,30 - 35  MPH,Stop And Go Signal,Clear,No,0,0,7
Yes,49.0,No,With Traffic,C: Possible Injury,Male,Dunn,Harnett,No,Wednesday,Motorist Overtaking Bicyclist,17.0,May,Motorist Overtaking - Other / Unknown,2018,42.03850604944766,Missing,Unknown Injury,Unknown,Passenger Car,Yes,35.30801632,-78.61215665,Dry,30 - 35  MPH,No Control Present,Clear,No,1,0,5
Yes,15.0,No,With Traffic,B: Suspected Minor Injury,Male,Havelock,Craven,No,Tuesday,Motorist Overtaking Bicyclist,18.0,July,Motorist Overtaking - Other / Unknown,2018,42.03850604944766,Unknown,Unknown Injury,Unknown,Unknown,Yes,34.87808185,-76.91361795,Dry,20 - 25  MPH,No Control Present,Clear,No,1,0,7
No,37.0,No,With Traffic,O: No Injury,Male,Cornelius,Mecklenburg,No,Friday,Bicyclist Overtaking Motorist,7.0,June,Bicyclist Overtaking - Parked Vehicle,2018,69.0,No,O: No Injury,Male,Pickup,No,35.48292566,-80.85836421,Dry,30 - 35  MPH,No Control Present,Clear,No,0,0,6
No,72.0,No,With Traffic,B: Suspected Minor Injury,Male,Cornelius,Mecklenburg,No,Friday,Motorist Failed to Yield—Midblock,7.0,June,Motorist Drive Out - Commercial Driveway / Alley,2018,76.0,No,O: No Injury,Female,Passenger Car,No,35.48280498,-80.85831907,Dry,20 - 25  MPH,Stop Sign,Clear,No,0,0,6
Yes,55.0,No,With Traffic,A: Suspected Serious Injury,Male,None - Rural Crash,Greene,No,Saturday,Motorist Overtaking Bicyclist,9.0,July,Motorist Overtaking - Other / Unknown,2018,68.0,No,O: No Injury,Male,Pickup,No,35.60709886,-77.68444339,Dry,50 - 55  MPH,"Double Yellow Line, No Passing Zone",Cloudy,No,0,0,7
Yes,22.0,No,With Traffic,C: Possible Injury,Female,Wilmington,New Hanover,No,Monday,Crossing Paths—Other Circumstances,19.0,July,Sign-Controlled Intersection - Other / Unknown,2018,43.0,No,O: No Injury,Male,Passenger Car,No,34.22657717,-77.93702503,Dry,5 - 15 MPH,Stop Sign,Clear,No,0,0,7
Yes,31.0,Missing,Facing Traffic,C: Possible Injury,Male,Charlotte,Mecklenburg,No,Monday,Motorist Failed to Yield—Signalized Intersection,7.0,July,Motorist Drive Out - Signalized Intersection,2018,62.0,No,O: No Injury,Female,Sport Utility,No,35.2166116,-80.83501828,Dry,20 - 25  MPH,Stop And Go Signal,Cloudy,No,0,0,7
Yes,60.0,Missing,With Traffic,K: Killed,Male,None - Rural Crash,Mecklenburg,No,Saturday,Motorist Overtaking Bicyclist,20.0,July,Motorist Overtaking - Other / Unknown,2018,42.03850604944766,Missing,Unknown Injury,Unknown,Unknown,Yes,35.27550168,-80.93814506,Dry,30 - 35  MPH,No Control Present,Clear,No,1,0,7
Yes,10.0,No,Facing Traffic,C: Possible Injury,Male,High Point,Guilford,No,Tuesday,Bicyclist Failed to Yield—Signalized Intersection,14.0,July,Bicyclist Ride Through - Signalized Intersection,2018,74.0,No,O: No Injury,Female,Passenger Car,No,35.96578477,-79.9698156,Dry,30 - 35  MPH,Stop And Go Signal,Clear,No,0,0,7
No,17.0,No,With Traffic,B: Suspected Minor Injury,Male,Raleigh,Wake,No,Wednesday,Bicyclist Overtaking Motorist,15.0,July,Bicyclist Overtaking - Other / Unknown,2018,42.03850604944766,Missing,Unknown Injury,Unknown,Sport Utility,No,35.89291211,-78.5911384,Dry,20 - 25  MPH,No Control Present,Clear,No,1,0,7
No,12.0,No,With Traffic,C: Possible Injury,Male,None - Rural Crash,Wake,No,Wednesday,Bicyclist Left Turn/Merge,20.0,July,Bicyclist Left Turn - Same Direction,2018,20.0,No,O: No Injury,Male,Passenger Car,No,35.96737576,-78.71138706,Wet,40 - 45  MPH,"Double Yellow Line, No Passing Zone",Cloudy,No,0,0,7
Yes,26.0,No,With Traffic,C: Possible Injury,Male,Asheboro,Randolph,No,Friday,Motorist Failed to Yield—Midblock,5.0,July,Motorist Drive Out - Residential Driveway,2018,47.0,No,O: No Injury,Female,Passenger Car,No,35.76276395,-79.80642968,Dry,Unknown,No Control Present,Clear,No,0,0,7
No,15.0,No,With Traffic,C: Possible Injury,Male,Shelby,Cleveland,No,Monday,Motorist Left Turn/Merge,15.0,July,Motorist Left Turn - Opposite Direction,2018,47.0,No,O: No Injury,Male,Van,No,35.29378173,-81.55072959,Dry,30 - 35  MPH,No Control Present,Clear,No,0,0,7
Yes,43.0,No,With Traffic,O: No Injury,Male,Winston-Salem,Forsyth,No,Saturday,Motorist Failed to Yield—Midblock,17.0,July,Motorist Drive Out - Commercial Driveway / Alley,2018,42.03850604944766,No,Unknown Injury,Unknown,Passenger Car,Yes,36.06867509,-80.21167351,Dry,30 - 35  MPH,No Control Present,Clear,No,1,0,7
Yes,26.0,No,With Traffic,B: Suspected Minor Injury,Male,High Point,Guilford,No,Wednesday,Head-On,10.0,July,Head-On - Bicyclist,2018,42.03850604944766,Unknown,Unknown Injury,Unknown,Sport Utility,Yes,35.93786876,-79.99095771,Dry,30 - 35  MPH,No Control Present,Clear,No,1,0,7
Yes,14.0,No,With Traffic,B: Suspected Minor Injury,Male,Durham,Durham,No,Monday,Loss of Control/Turning Error,12.0,July,"Bicyclist Lost Control - Oversteering, Improper Braking, Speed",2018,42.0,No,O: No Injury,Male,Passenger Car,No,35.98497581,-78.88525895,Dry,30 - 35  MPH,Stop Sign,Clear,No,0,0,7
Yes,40.0,Yes,With Traffic,B: Suspected Minor Injury,Female,Beaufort,Carteret,Yes,Wednesday,Loss of Control/Turning Error,21.0,July,Motorist Turning Error - Right Turn,2018,42.03850604944766,Missing,Unknown Injury,Unknown,Passenger Car,Yes,34.71586188,-76.66382524,Dry,20 - 25  MPH,Stop Sign,Clear,No,1,0,7
Yes,44.0,Missing,Facing Traffic,C: Possible Injury,Male,Charlotte,Mecklenburg,No,Thursday,Motorist Failed to Yield—Sign-Controlled Intersection,13.0,July,Motorist Drive Through - Sign-Controlled Intersection,2018,51.0,No,O: No Injury,Male,"Light Truck (Mini-Van, Panel)",No,35.27298261,-80.76703405,Dry,20 - 25  MPH,Stop Sign,Clear,No,0,0,7
No,48.0,No,With Traffic,O: No Injury,Male,None - Rural Crash,Haywood,No,Sunday,Motorist Left Turn/Merge,16.0,July,Motorist Left Turn - Opposite Direction,2018,69.0,No,O: No Injury,Male,Sport Utility,No,35.447533,-83.005136,Dry,30 - 35  MPH,"Double Yellow Line, No Passing Zone",Clear,No,0,0,7
No,12.0,No,With Traffic,B: Suspected Minor Injury,Male,None - Rural Crash,Onslow,No,Wednesday,Motorist Overtaking Bicyclist,20.0,July,Motorist Overtaking - Other / Unknown,2018,42.03850604944766,Unknown,Unknown Injury,Unknown,Pickup,Yes,34.75038523,-77.50417036,Dry,50 - 55  MPH,No Control Present,Clear,No,1,0,7
Yes,12.0,No,Unknown,C: Possible Injury,Male,Greensboro,Guilford,No,Thursday,Loss of Control/Turning Error,13.0,July,Bicyclist Turning Error - Right Turn,2018,59.0,No,O: No Injury,Female,Sport Utility,No,36.13681534,-79.90902101,Dry,20 - 25  MPH,Stop Sign,Clear,No,0,0,7
Yes,62.0,No,Not Applicable,B: Suspected Minor Injury,Male,Rocky Mount,Nash,No,Friday,Bicyclist Failed to Yield—Midblock,18.0,July,Bicyclist Ride Out - Commercial Driveway / Alley,2018,55.0,No,O: No Injury,Female,Passenger Car,No,35.9624305,-77.82009152,Dry,40 - 45  MPH,No Control Present,Cloudy,Yes,0,0,7
No,15.0,Missing,With Traffic,B: Suspected Minor Injury,Male,Charlotte,Mecklenburg,No,Sunday,Motorist Left Turn/Merge,18.0,July,Motorist Left Turn - Same Direction,2018,35.0,No,O: No Injury,Female,Passenger Car,No,35.30381578,-80.68414789,Dry,20 - 25  MPH,Stop Sign,Clear,No,0,0,7
Yes,13.0,No,With Traffic,B: Suspected Minor Injury,Male,Durham,Durham,No,Sunday,Motorist Overtaking Bicyclist,2.0,July,Motorist Overtaking - Other / Unknown,2018,42.03850604944766,Missing,Unknown Injury,Unknown,Passenger Car,Yes,35.93936704,-78.90562216,Dry,40 - 45  MPH,No Control Present,Clear,No,1,0,7
Yes,12.0,No,Not Applicable,A: Suspected Serious Injury,Male,Rocky Mount,Nash,No,Saturday,Crossing Paths—Other Circumstances,19.0,July,Crossing Paths - Uncontrolled Intersection,2018,37.0,No,O: No Injury,Male,Passenger Car,No,35.92706008,-77.81958839,Dry,30 - 35  MPH,Stop Sign,Clear,No,0,0,7
Yes,56.0,No,Facing Traffic,C: Possible Injury,Male,Holly Springs,Wake,No,Sunday,Motorist Failed to Yield—Midblock,18.0,July,Motorist Drive Out - Commercial Driveway / Alley,2018,20.0,No,O: No Injury,Male,Passenger Car,No,35.65602682,-78.8347673,Dry,5 - 15 MPH,No Control Present,Clear,No,0,0,7
Yes,48.0,No,Facing Traffic,A: Suspected Serious Injury,Male,Greenville,Pitt,No,Friday,Motorist Left Turn/Merge,13.0,July,Motorist Left Turn - Opposite Direction,2018,38.0,No,O: No Injury,Male,Pickup,No,35.604889,-77.384471,Dry,30 - 35  MPH,Stop Sign,Clear,No,0,0,7
Yes,18.0,Missing,Facing Traffic,B: Suspected Minor Injury,Male,Charlotte,Mecklenburg,No,Friday,Motorist Failed to Yield—Midblock,7.0,July,Motorist Drive Out - Commercial Driveway / Alley,2018,50.0,No,O: No Injury,Female,Sport Utility,No,35.20287246,-80.84576859,Dry,30 - 35  MPH,No Control Present,Clear,No,0,0,7
Yes,47.0,No,Not Applicable,C: Possible Injury,Male,Thomasville,Davidson,No,Monday,Bicyclist Failed to Yield—Midblock,14.0,July,Bicyclist Ride Out - Residential Driveway,2018,78.0,No,O: No Injury,Male,Passenger Car,No,35.88145015,-80.07208513,Dry,30 - 35  MPH,No Control Present,Clear,No,0,0,7
Yes,47.0,Missing,With Traffic,C: Possible Injury,Male,Charlotte,Mecklenburg,No,Friday,Motorist Failed to Yield—Sign-Controlled Intersection,12.0,July,Motorist Drive Out - Sign-Controlled Intersection,2018,18.0,No,O: No Injury,Female,Sport Utility,No,35.36470122,-80.74845498,Dry,30 - 35  MPH,Stop Sign,Clear,No,0,0,7
Yes,57.0,No,With Traffic,C: Possible Injury,Female,Gastonia,Gaston,No,Monday,Bicyclist Failed to Yield—Signalized Intersection,22.0,July,Bicyclist Failed to Clear - Trapped,2018,77.0,No,O: No Injury,Female,Passenger Car,No,35.25920486,-81.22304265,Dry,40 - 45  MPH,Stop And Go Signal,Clear,No,0,0,7
No,12.0,Missing,With Traffic,B: Suspected Minor Injury,Male,Charlotte,Mecklenburg,No,Saturday,Bicyclist Failed to Yield—Sign-Controlled Intersection,19.0,July,Bicyclist Ride Through - Sign-Controlled Intersection,2018,57.0,No,O: No Injury,Male,Passenger Car,No,35.256692,-80.878074,Dry,20 - 25  MPH,Stop Sign,Clear,No,0,0,7
Yes,24.0,No,With Traffic,C: Possible Injury,Female,Wilmington,New Hanover,No,Friday,Motorist Overtaking Bicyclist,9.0,July,Motorist Overtaking - Other / Unknown,2018,42.03850604944766,No,O: No Injury,Unknown,Passenger Car,Yes,34.23597866,-77.88842029,Wet,40 - 45  MPH,No Control Present,Rain,No,1,0,7
No,30.0,Yes,With Traffic,C: Possible Injury,Male,Raleigh,Wake,Yes,Monday,Bicyclist Failed to Yield—Sign-Controlled Intersection,22.0,July,Bicyclist Ride Through - Sign-Controlled Intersection,2018,18.0,No,O: No Injury,Female,Passenger Car,No,35.78674834,-78.65191951,Wet,20 - 25  MPH,Stop Sign,Rain,No,0,0,7
Yes,14.0,No,With Traffic,B: Suspected Minor Injury,Male,None - Rural Crash,Wilson,No,Friday,Motorist Overtaking Bicyclist,17.0,May,Motorist Overtaking - Other / Unknown,2018,55.0,No,C: Possible Injury,Male,Motorcycle,No,35.72914052,-77.84599208,Dry,40 - 45  MPH,"Double Yellow Line, No Passing Zone",Clear,No,0,0,5
No,50.0,No,With Traffic,C: Possible Injury,Male,None - Rural Crash,Guilford,No,Tuesday,Motorist Failed to Yield—Sign-Controlled Intersection,18.0,July,Motorist Drive Out - Sign-Controlled Intersection,2018,75.0,No,O: No Injury,Male,Sport Utility,No,36.02781854,-79.92300376,Dry,40 - 45  MPH,Stop Sign,Clear,No,0,0,7
No,19.0,No,Facing Traffic,O: No Injury,Male,Smithfield,Johnston,No,Tuesday,Motorist Failed to Yield—Midblock,16.0,July,Motorist Drive Out - Commercial Driveway / Alley,2018,58.0,No,O: No Injury,Female,Pickup,No,35.51579573,-78.32530563,Dry,Unknown,No Control Present,Clear,No,0,0,7
Yes,15.0,No,With Traffic,C: Possible Injury,Female,Harrisburg,Cabarrus,No,Thursday,Bicyclist Failed to Yield—Sign-Controlled Intersection,21.0,July,Bicyclist Ride Through - Sign-Controlled Intersection,2018,32.0,No,O: No Injury,Male,Pickup,No,35.3184324,-80.61003588,Dry,30 - 35  MPH,Stop Sign,Clear,No,0,0,7
Yes,20.0,No,Facing Traffic,B: Suspected Minor Injury,Female,Kill Devil Hills,Dare,No,Sunday,Bicyclist Failed to Yield—Signalized Intersection,16.0,July,Bicyclist Ride Through - Signalized Intersection,2018,47.0,No,O: No Injury,Male,Pickup,No,36.00870846,-75.65826853,Dry,20 - 25  MPH,No Control Present,Clear,No,0,0,7
Yes,48.0,No,Facing Traffic,C: Possible Injury,Male,Raleigh,Wake,No,Friday,Crossing Paths—Other Circumstances,14.0,July,Signalized Intersection - Other / Unknown,2018,26.0,No,O: No Injury,Female,Passenger Car,No,35.77712657,-78.67823465,Dry,40 - 45  MPH,Stop And Go Signal,Clear,No,0,0,7
No,59.0,Yes,With Traffic,A: Suspected Serious Injury,Male,New Bern,Craven,Yes,Wednesday,Motorist Overtaking Bicyclist,20.0,July,Motorist Overtaking - Other / Unknown,2018,26.0,No,O: No Injury,Female,Passenger Car,Yes,35.11000703,-77.0604734,Dry,30 - 35  MPH,No Control Present,Clear,No,0,0,7
No,47.0,No,With Traffic,B: Suspected Minor Injury,Male,None - Rural Crash,Harnett,No,Monday,Motorist Overtaking Bicyclist,17.0,July,Motorist Overtaking - Other / Unknown,2018,42.03850604944766,Missing,Unknown Injury,Unknown,Unknown,Yes,35.34200323,-78.94365285,Dry,50 - 55  MPH,"Double Yellow Line, No Passing Zone",Clear,No,1,0,7
Yes,23.0,No,Facing Traffic,B: Suspected Minor Injury,Male,Fayetteville,Cumberland,No,Wednesday,Crossing Paths—Other Circumstances,14.0,July,Signalized Intersection - Other / Unknown,2018,25.0,No,O: No Injury,Female,Passenger Car,No,35.07599977,-78.8976745,Dry,30 - 35  MPH,Stop And Go Signal,Clear,No,0,0,7
Yes,52.0,No,Not Applicable,B: Suspected Minor Injury,Male,Fayetteville,Cumberland,No,Sunday,Bicyclist Failed to Yield—Midblock,21.0,July,Bicyclist Ride Out - Commercial Driveway / Alley,2018,42.03850604944766,Unknown,Unknown Injury,Unknown,Unknown,Yes,35.09753454,-78.91595679,Dry,30 - 35  MPH,No Control Present,Clear,No,1,0,7
Yes,21.0,No,Facing Traffic,A: Suspected Serious Injury,Female,Kill Devil Hills,Dare,No,Tuesday,Bicyclist Failed to Yield—Signalized Intersection,19.0,July,Bicyclist Ride Through - Signalized Intersection,2018,46.0,No,O: No Injury,Male,Sport Utility,No,35.9986228,-75.65173366,Dry,20 - 25  MPH,No Control Present,Clear,No,0,0,7
Yes,55.0,No,Unknown,C: Possible Injury,Male,New Bern,Craven,No,Thursday,Bicyclist Failed to Yield—Midblock,9.0,July,Bicyclist Ride Out - Midblock - Unknown,2018,66.0,No,O: No Injury,Female,Sport Utility,No,35.11042954,-77.06553429,Dry,50 - 55  MPH,No Control Present,Clear,No,0,0,7
No,17.0,No,With Traffic,Unknown Injury,Male,None - Rural Crash,Durham,No,Monday,Motorist Overtaking Bicyclist,5.0,July,Motorist Overtaking - Bicyclist Swerved,2018,41.0,No,Unknown Injury,Male,Pickup,No,36.02107187,-78.8090334,Dry,40 - 45  MPH,No Control Present,Clear,No,0,0,7
Yes,65.0,No,Facing Traffic,O: No Injury,Male,Raleigh,Wake,No,Wednesday,Motorist Failed to Yield—Sign-Controlled Intersection,12.0,July,Motorist Drive Out - Sign-Controlled Intersection,2018,19.0,No,O: No Injury,Female,Passenger Car,No,35.92451771,-78.58850518,Dry,40 - 45  MPH,Stop Sign,Clear,No,0,0,7
Yes,33.0,No,With Traffic,C: Possible Injury,Male,Raleigh,Wake,No,Friday,Bicyclist Overtaking Motorist,14.0,July,Bicyclist Overtaking - Parked Vehicle,2018,42.03850604944766,Missing,Unknown Injury,Unknown,Passenger Car,No,35.78751228,-78.66687731,Dry,30 - 35  MPH,No Control Present,Cloudy,No,1,0,7
Yes,68.0,No,With Traffic,A: Suspected Serious Injury,Male,None - Rural Crash,Davie,No,Sunday,Motorist Overtaking Bicyclist,10.0,July,Motorist Overtaking - Other / Unknown,2018,67.0,No,O: No Injury,Female,Passenger Car,No,36.04354859,-80.52823829,Dry,50 - 55  MPH,"Double Yellow Line, No Passing Zone",Clear,No,0,0,7
Yes,64.0,No,With Traffic,C: Possible Injury,Male,None - Rural Crash,Wilkes,No,Wednesday,Motorist Overtaking Bicyclist,11.0,July,Motorist Overtaking - Other / Unknown,2018,42.03850604944766,Missing,Unknown Injury,Unknown,Pickup,Yes,36.30754671,-80.90494718,Dry,50 - 55  MPH,"Double Yellow Line, No Passing Zone",Clear,No,1,0,7
Yes,51.0,No,With Traffic,A: Suspected Serious Injury,Male,None - Rural Crash,Brunswick,No,Wednesday,Motorist Left Turn/Merge,11.0,July,Motorist Left Turn - Same Direction,2018,48.0,No,O: No Injury,Female,Passenger Car,No,33.96761264,-78.11197106,Dry,50 - 55  MPH,"Double Yellow Line, No Passing Zone",Cloudy,No,0,0,7
Yes,43.0,Yes,With Traffic,C: Possible Injury,Male,None - Rural Crash,Moore,Yes,Monday,Motorist Overtaking Bicyclist,19.0,July,Motorist Overtaking - Other / Unknown,2018,42.03850604944766,Unknown,Unknown Injury,Unknown,Unknown,Yes,35.12857501,-79.44567856,Dry,50 - 55  MPH,"Double Yellow Line, No Passing Zone",Cloudy,No,1,0,7
Yes,30.0,No,With Traffic,B: Suspected Minor Injury,Male,Greenville,Pitt,No,Sunday,Motorist Left Turn/Merge,18.0,July,Motorist Left Turn - Opposite Direction,2018,19.0,No,O: No Injury,Female,Passenger Car,No,35.59757841,-77.32607078,Dry,40 - 45  MPH,Stop And Go Signal,Clear,No,0,0,7
No,13.0,No,Not Applicable,C: Possible Injury,Male,Raleigh,Wake,No,Monday,Nonroadway,16.0,July,Non-Roadway,2018,42.0,No,O: No Injury,Female,Sport Utility,No,35.77286005,-78.60609204,Wet,Unknown,No Control Present,Rain,No,0,0,7
Yes,14.0,No,Facing Traffic,C: Possible Injury,Male,Atlantic Beach,Carteret,No,Friday,Motorist Failed to Yield—Midblock,14.0,July,Motorist Drive Out - Commercial Driveway / Alley,2018,61.0,No,O: No Injury,Female,Passenger Car,No,34.69956726,-76.72713041,Dry,Unknown,No Control Present,Clear,No,0,0,7
No,63.0,No,Facing Traffic,C: Possible Injury,Female,Wilson,Wilson,No,Tuesday,Motorist Right Turn/Merge,12.0,July,Motorist Right Turn on Red - Opposite Direction,2018,18.0,No,O: No Injury,Female,Passenger Car,No,35.72034463,-77.9056072,Dry,30 - 35  MPH,Stop And Go Signal,Clear,No,0,0,7
Yes,26.0,No,Unknown,B: Suspected Minor Injury,Male,Wilson,Wilson,No,Friday,Crossing Paths—Other Circumstances,17.0,July,Crossing Paths - Uncontrolled Intersection,2018,74.0,No,O: No Injury,Female,Passenger Car,No,35.72016103,-77.90538791,Dry,30 - 35  MPH,No Control Present,Clear,No,0,0,7
Yes,26.0,No,With Traffic,C: Possible Injury,Male,Wilson,Wilson,No,Tuesday,Bicyclist Failed to Yield—Signalized Intersection,17.0,July,Bicyclist Ride Through - Signalized Intersection,2018,31.0,No,O: No Injury,Female,Passenger Car,No,35.71652057,-77.9056822,Dry,40 - 45  MPH,Stop And Go Signal,Clear,No,0,0,7
No,24.0,No,With Traffic,O: No Injury,Male,Durham,Durham,No,Friday,Bicyclist Failed to Yield—Signalized Intersection,18.0,July,Bicyclist Ride Through - Signalized Intersection,2018,49.0,No,O: No Injury,Female,Sport Utility,No,35.91220998,-78.94566234,Dry,40 - 45  MPH,No Control Present,Cloudy,No,0,0,7
Yes,40.0,Yes,Facing Traffic,A: Suspected Serious Injury,Female,Carolina Beach,New Hanover,Yes,Wednesday,Bicyclist Failed to Yield—Signalized Intersection,21.0,July,Bicyclist Ride Through - Signalized Intersection,2018,47.0,No,O: No Injury,Female,Passenger Car,No,34.03598232,-77.89217929,Dry,20 - 25  MPH,Stop And Go Signal,Cloudy,No,0,0,7
Yes,57.0,No,Facing Traffic,B: Suspected Minor Injury,Male,Kinston,Lenoir,No,Wednesday,Crossing Paths—Other Circumstances,19.0,August,Signalized Intersection - Other / Unknown,2018,65.0,No,O: No Injury,Male,Pickup,No,35.26634707,-77.579221,Dry,30 - 35  MPH,No Control Present,Clear,No,0,0,8
No,55.0,No,Facing Traffic,C: Possible Injury,Male,Oak Island,Brunswick,No,Friday,Other/Unusual Circumstances,8.0,July,Unusual Circumstances,2018,51.0,No,O: No Injury,Male,Single Unit Truck (3 Or More Axles),No,33.91777784,-78.1308082,Dry,40 - 45  MPH,No Control Present,Cloudy,No,0,0,7
Yes,32.0,No,Not Applicable,B: Suspected Minor Injury,Male,Fayetteville,Cumberland,No,Saturday,Nonroadway,15.0,July,Non-Roadway,2018,36.0,No,O: No Injury,Female,Passenger Car,No,35.07777893,-78.94121959,Dry,20 - 25  MPH,No Control Present,Clear,No,0,0,7
Yes,23.0,No,Not Applicable,B: Suspected Minor Injury,Male,Raleigh,Wake,No,Monday,Nonroadway,15.0,July,Non-Roadway,2018,60.0,No,O: No Injury,Male,Passenger Car,No,35.86083888,-78.58251724,Dry,5 - 15 MPH,No Control Present,Clear,No,0,0,7
No,38.0,No,Facing Traffic,O: No Injury,Male,Fayetteville,Cumberland,No,Tuesday,Motorist Failed to Yield—Midblock,16.0,July,Motorist Drive Out - Commercial Driveway / Alley,2018,32.0,No,O: No Injury,Male,Passenger Car,No,35.07644379,-78.93468538,Dry,20 - 25  MPH,No Control Present,Clear,No,0,0,7
Yes,29.0,Yes,With Traffic,O: No Injury,Male,Durham,Durham,Yes,Saturday,Crossing Paths—Other Circumstances,1.0,August,Sign-Controlled Intersection - Other / Unknown,2018,42.03850604944766,Missing,Unknown Injury,Unknown,Sport Utility,Yes,36.00874471,-78.90824616,Dry,20 - 25  MPH,Stop Sign,Clear,No,1,0,8
Yes,6.0,No,With Traffic,C: Possible Injury,Male,Gastonia,Gaston,No,Saturday,Motorist Overtaking Bicyclist,16.0,August,Motorist Overtaking - Bicyclist Swerved,2018,46.0,No,O: No Injury,Male,Pickup,No,35.26955303,-81.22393345,Dry,20 - 25  MPH,No Control Present,Clear,No,0,0,8
Yes,15.0,No,With Traffic,B: Suspected Minor Injury,Female,Durham,Durham,No,Sunday,Bicyclist Failed to Yield—Sign-Controlled Intersection,11.0,August,Bicyclist Ride Through - Sign-Controlled Intersection,2018,30.0,No,O: No Injury,Female,Sport Utility,No,35.98644059,-78.92029507,Dry,30 - 35  MPH,Flashing Signal With Stop Sign,Clear,No,0,0,8
Yes,15.0,No,Facing Traffic,B: Suspected Minor Injury,Male,Cary,Wake,No,Thursday,Motorist Failed to Yield—Sign-Controlled Intersection,10.0,June,Motorist Drive Through - Sign-Controlled Intersection,2018,22.0,No,O: No Injury,Female,Passenger Car,No,35.77150734,-78.76338999,Dry,30 - 35  MPH,Yield Sign,Clear,No,0,0,6
Yes,45.0,No,With Traffic,B: Suspected Minor Injury,Male,Unionville,Union,No,Tuesday,Motorist Overtaking Bicyclist,20.0,July,Motorist Overtaking - Other / Unknown,2018,25.0,No,O: No Injury,Male,Passenger Car,No,35.05683417,-80.55010211,Dry,50 - 55  MPH,"Double Yellow Line, No Passing Zone",Clear,No,0,0,7
No,25.0,Missing,With Traffic,B: Suspected Minor Injury,Male,Charlotte,Mecklenburg,No,Monday,Bicyclist Failed to Yield—Signalized Intersection,7.0,July,Bicyclist Ride Through - Signalized Intersection,2018,60.0,No,O: No Injury,Male,Sport Utility,No,35.22392494,-80.84520088,Dry,30 - 35  MPH,Stop And Go Signal,Cloudy,No,0,0,7
No,18.0,No,With Traffic,C: Possible Injury,Male,Raleigh,Wake,No,Thursday,Bicyclist Failed to Yield—Signalized Intersection,18.0,August,Bicyclist Ride Through - Signalized Intersection,2018,25.0,No,O: No Injury,Female,Sport Utility,No,35.77545109,-78.63254764,Wet,20 - 25  MPH,Stop And Go Signal,Rain,No,0,0,8
No,39.0,Yes,Facing Traffic,O: No Injury,Male,Mooresville,Iredell,Yes,Sunday,Motorist Left Turn/Merge,18.0,August,Motorist Left Turn - Same Direction,2018,32.0,No,O: No Injury,Male,Police,No,35.59647134,-80.8794632,Dry,40 - 45  MPH,"Double Yellow Line, No Passing Zone",Clear,No,0,0,8
Yes,54.0,Missing,Facing Traffic,B: Suspected Minor Injury,Female,Huntersville,Mecklenburg,No,Monday,Motorist Failed to Yield—Midblock,16.0,July,Motorist Drive Out - Commercial Driveway / Alley,2018,22.0,No,O: No Injury,Male,Passenger Car,No,35.44024279,-80.87304065,Dry,Unknown,No Control Present,Clear,No,0,0,7
Yes,52.0,No,With Traffic,K: Killed,Male,None - Rural Crash,Union,No,Saturday,Motorist Overtaking Bicyclist,13.0,July,Motorist Overtaking - Other / Unknown,2018,42.03850604944766,Unknown,Unknown Injury,Unknown,Passenger Car,Yes,34.96967011,-80.62001307,Dry,50 - 55  MPH,"Double Yellow Line, No Passing Zone",Clear,No,1,0,7
No,10.0,Missing,Unknown,B: Suspected Minor Injury,Male,Charlotte,Mecklenburg,No,Thursday,Parallel Paths—Other Circumstances,20.0,August,Bicyclist Ride Out - Parallel Path,2018,37.0,No,O: No Injury,Female,Passenger Car,No,35.25736551,-80.89709431,Dry,30 - 35  MPH,No Control Present,Clear,No,0,0,8
Yes,54.0,Missing,With Traffic,C: Possible Injury,Male,Charlotte,Mecklenburg,No,Sunday,Motorist Overtaking Bicyclist,10.0,August,Motorist Overtaking - Bicyclist Swerved,2018,26.0,No,O: No Injury,Male,Passenger Car,No,35.11974848,-80.83091476,Dry,30 - 35  MPH,No Control Present,Clear,No,0,0,8
Yes,48.0,Unknown,Facing Traffic,C: Possible Injury,Male,Apex,Wake,No,Wednesday,Motorist Failed to Yield—Midblock,19.0,August,Motorist Drive Out - Residential Driveway,2018,24.0,No,O: No Injury,Male,Passenger Car,No,35.73156503,-78.84065313,Dry,Unknown,No Control Present,Clear,No,0,0,8