AmbulanceR,BikeAge,BikeAlcFlg,BikeDir,BikeInjury,BikeSex,City,County,CrashAlcoh,CrashDay,CrashGrp,CrashHour,CrashMonth,CrashType,CrashYear,DrvrAge,DrvrAlcFlg,DrvrInjury,DrvrSex,DrvrVehTyp,HitRun,Latitude,Longitude,RdConditio,SpeedLimit,TraffCntrl,Weather,Workzone,DrvrAgeImputedFlag,BikeAgeImputedFlag,MonthCode
Yes,77.0,No,Not Applicable,C: Possible Injury,Male,Saint James,Brunswick,No,Thursday,Nonroadway,10.0,July,Non-Roadway,2018,42.03850604944766,Missing,Unknown Injury,Unknown,Pickup,No,33.93979489,-78.11945056,Dry,20 - 25  MPH,No Control Present,Cloudy,No,1,0,7
Yes,15.0,No,Facing Traffic,B: Suspected Minor Injury,Female,Charlotte,Mecklenburg,No,Monday,Motorist Failed to Yield—Signalized Intersection,7.0,August,Motorist Drive Out - Signalized Intersection,2018,28.0,No,O: No Injury,Female,Sport Utility,No,35.02658596,-80.83828887,Dry,40 - 45  MPH,Stop And Go Signal,Cloudy,No,0,0,8
Yes,62.0,No,With Traffic,B: Suspected Minor Injury,Female,Brevard,Transylvania,No,Tuesday,Bicyclist Left Turn/Merge,20.0,August,Bicyclist Left Turn - Same Direction,2018,33.0,No,O: No Injury,Female,Pickup,No,35.23691128,-82.73293617,Dry,20 - 25  MPH,No Control Present,Clear,No,0,0,8
Yes,40.0,No,With Traffic,A: Suspected Serious Injury,Female,None - Rural Crash,Orange,No,Saturday,Motorist Overtaking Bicyclist,9.0,August,Motorist Overtaking - Other / Unknown,2018,22.0,No,O: No Injury,Male,Passenger Car,No,36.09633777,-78.99104318,Dry,40 - 45  MPH,No Control Present,Cloudy,No,0,0,8
Yes,13.0,Missing,Facing Traffic,B: Suspected Minor Injury,Male,Charlotte,Mecklenburg,No,Monday,Motorist Failed to Yield—Sign-Controlled Intersection,18.0,August,Motorist Drive Out - Sign-Controlled Intersection,2018,53.0,No,O: No Injury,Male,Pickup,No,35.03640183,-80.79707503,Dry,20 - 25  MPH,Stop Sign,Clear,No,0,0,8
Yes,53.0,No,With Traffic,A: Suspected Serious Injury,Male,Garner,Wake,No,Thursday,Bicyclist Overtaking Motorist,18.0,August,Bicyclist Overtaking - Other / Unknown,2018,25.0,No,O: No Injury,Male,Truck/Trailer,No,35.72531987,-78.64858322,Dry,Unknown,Stop And Go Signal,Clear,No,0,0,8
Yes,53.0,No,With Traffic,B: Suspected Minor Injury,Male,Kinston,Lenoir,No,Friday,Motorist Overtaking Bicyclist,22.0,July,Motorist Overtaking - Other / Unknown,2018,20.0,No,O: No Injury,Female,Passenger Car,No,35.27008374,-77.59493479,Wet,30 - 35  MPH,No Control Present,Clear,No,0,0,7
No,59.0,Missing,Facing Traffic,C: Possible Injury,Male,None - Rural Crash,Mecklenburg,No,Friday,Parallel Paths—Other Circumstances,22.0,August,Motorist Turn / Merge - Other / Unknown,2018,42.03850604944766,Missing,Unknown Injury,Unknown,Unknown,Yes,35.19652121,-80.87932336,Unknown,30 - 35  MPH,No Control Present,Other,No,1,0,8
No,30.0,No,With Traffic,B: Suspected Minor Injury,Male,Woodfin,Buncombe,No,Sunday,Bicyclist Overtaking Motorist,12.0,July,Bicyclist Overtaking - Other / Unknown,2018,33.0,No,O: No Injury,Male,Passenger Car,No,35.65121783,-82.59784603,Dry,40 - 45  MPH,"Double Yellow Line, No Passing Zone",Clear,No,0,0,7
Yes,8.0,No,Not Applicable,A: Suspected Serious Injury,Male,None - Rural Crash,Union,No,Friday,Nonroadway,12.0,July,Non-Roadway,2018,59.0,No,O: No Injury,Female,Sport Utility,Yes,34.91639137,-80.55900341,Dry,30 - 35  MPH,No Control Present,Clear,No,0,0,7
Yes,20.0,No,With Traffic,B: Suspected Minor Injury,Male,Concord,Cabarrus,No,Wednesday,Motorist Overtaking Bicyclist,12.0,August,Motorist Overtaking - Bicyclist Swerved,2018,27.0,No,O: No Injury,Female,Passenger Car,No,35.36192799,-80.65889725,Dry,40 - 45  MPH,No Control Present,Clear,No,0,0,8
No,37.0,No,With Traffic,B: Suspected Minor Injury,Male,Statesville,Iredell,No,Monday,Motorist Overtaking Bicyclist,20.0,July,Motorist Overtaking - Other / Unknown,2018,35.0,No,O: No Injury,Male,Pickup,No,35.77364283,-80.89784632,Dry,Unknown,No Control Present,Clear,No,0,0,7
Yes,63.0,No,Facing Traffic,C: Possible Injury,Male,Greensboro,Guilford,No,Friday,Loss of Control/Turning Error,23.0,August,Motorist Turning Error - Right Turn,2018,66.0,No,O: No Injury,Male,Passenger Car,No,36.04558004,-79.7745273,Dry,30 - 35  MPH,No Control Present,Clear,No,0,0,8
No,56.0,No,With Traffic,O: No Injury,Male,Gastonia,Gaston,No,Sunday,Crossing Paths—Other Circumstances,15.0,August,Sign-Controlled Intersection - Other / Unknown,2018,42.03850604944766,Missing,Unknown Injury,Unknown,Unknown,Yes,35.27484,-81.19788601,Dry,30 - 35  MPH,Stop Sign,Clear,No,1,0,8
Yes,18.0,No,Not Applicable,B: Suspected Minor Injury,Male,Greenville,Pitt,No,Monday,Bicyclist Failed to Yield—Midblock,8.0,July,Bicyclist Ride Out - Commercial Driveway / Alley,2018,24.0,No,O: No Injury,Female,Passenger Car,No,35.59059297,-77.37834451,Dry,40 - 45  MPH,No Control Present,Clear,No,0,0,7
Yes,30.0,No,With Traffic,B: Suspected Minor Injury,Female,Asheville,Buncombe,No,Saturday,Other/Unusual Circumstances,12.0,August,Bicycle Only,2018,42.03850604944766,Unknown,Unknown Injury,Unknown,Unknown,Yes,35.59111905,-82.55528484,Dry,30 - 35  MPH,No Control Present,Clear,No,1,0,8
No,52.0,No,Not Applicable,C: Possible Injury,Female,Laurinburg,Scotland,No,Wednesday,Bicyclist Failed to Yield—Midblock,20.0,August,Bicyclist Ride Out - Commercial Driveway / Alley,2018,42.03850604944766,Unknown,Unknown Injury,Unknown,Unknown,Yes,34.76359119,-79.46827389,Wet,30 - 35  MPH,No Control Present,Cloudy,No,1,0,8
Yes,7.0,No,Facing Traffic,C: Possible Injury,Female,Raleigh,Wake,No,Wednesday,Crossing Paths—Other Circumstances,19.0,August,Crossing Paths - Intersection - Other / Unknown,2018,33.0,No,O: No Injury,Male,Passenger Car,No,35.76415205,-78.64131235,Dry,20 - 25  MPH,Stop Sign,Clear,No,0,0,8
Yes,31.0,No,With Traffic,B: Suspected Minor Injury,Male,None - Rural Crash,Lee,No,Monday,Motorist Overtaking Bicyclist,20.0,August,Motorist Overtaking - Other / Unknown,2018,42.03850604944766,Unknown,Unknown Injury,Unknown,Unknown,Yes,35.44668325,-79.21272763,Dry,40 - 45  MPH,No Control Present,Clear,No,1,0,8
No,46.0,No,Facing Traffic,B: Suspected Minor Injury,Male,None - Rural Crash,New Hanover,No,Saturday,Motorist Failed to Yield—Midblock,16.0,August,Motorist Drive Out - Commercial Driveway / Alley,2018,65.0,No,O: No Injury,Male,Pickup,No,34.14167423,-77.89543251,Dry,40 - 45  MPH,No Control Present,Clear,No,0,0,8
No,36.0,No,With Traffic,B: Suspected Minor Injury,Male,Winston-Salem,Forsyth,No,Tuesday,Motorist Left Turn/Merge,15.0,August,Motorist Left Turn - Opposite Direction,2018,42.03850604944766,Unknown,Unknown Injury,Unknown,Passenger Car,Yes,36.09859607,-80.24313871,Dry,30 - 35  MPH,Flashing Signal Without Stop Sign,Clear,No,1,0,8
Yes,24.0,Unknown,With Traffic,B: Suspected Minor Injury,Female,Asheville,Buncombe,No,Saturday,Motorist Left Turn/Merge,1.0,August,Motorist Left Turn - Opposite Direction,2018,42.03850604944766,Missing,Unknown Injury,Unknown,Unknown,Yes,35.60043452,-82.56275434,Dry,30 - 35  MPH,Stop And Go Signal,Cloudy,No,1,0,8
Yes,18.0,Missing,Unknown,K: Killed,Male,Charlotte,Mecklenburg,Yes,Saturday,Bicyclist Failed to Yield—Midblock,1.0,August,Bicyclist Ride Out - Other Midblock,2018,24.0,Yes,C: Possible Injury,Male,Passenger Car,No,35.29605858,-80.72615173,Wet,40 - 45  MPH,No Control Present,Cloudy,No,0,0,8
Yes,14.0,No,With Traffic,A: Suspected Serious Injury,Male,Raleigh,Wake,No,Sunday,Bicyclist Failed to Yield—Sign-Controlled Intersection,16.0,August,Bicyclist Ride Through - Sign-Controlled Intersection,2018,54.0,No,O: No Injury,Male,Passenger Car,No,35.77397716,-78.63262456,Dry,20 - 25  MPH,Stop Sign,Clear,No,0,0,8
Yes,68.0,No,Facing Traffic,C: Possible Injury,Male,Rockingham,Richmond,No,Wednesday,Motorist Failed to Yield—Midblock,10.0,July,Motorist Drive Out - Commercial Driveway / Alley,2018,74.0,No,O: No Injury,Male,Pickup,No,34.91814356,-79.74436207,Dry,40 - 45  MPH,No Control Present,Clear,No,0,0,7
Yes,22.0,No,With Traffic,B: Suspected Minor Injury,Male,Greenville,Pitt,No,Tuesday,Parallel Paths—Other Circumstances,9.0,August,Bicyclist Ride Out - Parallel Path,2018,19.0,No,O: No Injury,Female,Other Bus,No,35.6047435,-77.36766407,Dry,30 - 35  MPH,No Control Present,Clear,No,0,0,8
Yes,52.0,No,Facing Traffic,B: Suspected Minor Injury,Male,Greensboro,Guilford,No,Monday,Head-On,13.0,August,Head-On - Bicyclist,2018,82.0,No,O: No Injury,Female,Passenger Car,No,36.07416107,-79.8386981,Wet,5 - 15 MPH,No Control Present,Clear,No,0,0,8
Yes,20.0,No,Facing Traffic,C: Possible Injury,Female,Nags Head,Dare,No,Saturday,Motorist Failed to Yield—Sign-Controlled Intersection,16.0,July,Motorist Drive Out - Sign-Controlled Intersection,2018,62.0,No,O: No Injury,Male,Pickup,No,35.94520754,-75.61948795,Dry,20 - 25  MPH,Stop Sign,Clear,No,0,0,7
No,44.0,No,Facing Traffic,O: No Injury,Male,Cary,Wake,No,Saturday,Crossing Paths—Other Circumstances,22.0,July,Signalized Intersection - Other / Unknown,2018,42.0,No,O: No Injury,Male,Passenger Car,No,35.74576761,-78.73779776,Dry,40 - 45  MPH,Stop And Go Signal,Cloudy,No,0,0,7
No,32.0,Missing,With Traffic,C: Possible Injury,Male,Charlotte,Mecklenburg,No,Friday,Motorist Failed to Yield—Signalized Intersection,23.0,August,Motorist Drive Through - Signalized Intersection,2018,34.0,No,O: No Injury,Female,Passenger Car,No,35.2255005,-80.84320115,Dry,30 - 35  MPH,Flashing Signal With Stop Sign,Clear,No,0,0,8
Yes,45.0,No,Unknown,C: Possible Injury,Male,Ahoskie,Hertford,Yes,Monday,Parallel Paths—Other Circumstances,18.0,July,Parallel Paths - Other / Unknown,2018,63.0,Yes,O: No Injury,Male,Moped,No,36.29016811,-76.9946371,Dry,20 - 25  MPH,Stop Sign,Clear,No,0,0,7
Yes,62.0,No,With Traffic,B: Suspected Minor Injury,Male,Asheville,Buncombe,No,Wednesday,Motorist Left Turn/Merge,17.0,August,Motorist Left Turn - Opposite Direction,2018,42.03850604944766,Unknown,Unknown Injury,Unknown,Unknown,Yes,35.59628347,-82.56134312,Wet,30 - 35  MPH,"Double Yellow Line, No Passing Zone",Rain,No,1,0,8
Yes,18.0,No,Facing Traffic,C: Possible Injury,Male,Raleigh,Wake,No,Wednesday,Motorist Failed to Yield—Sign-Controlled Intersection,14.0,August,Motorist Drive Out - Sign-Controlled Intersection,2018,72.0,No,O: No Injury,Male,Sport Utility,No,35.85081247,-78.62095918,Dry,30 - 35  MPH,Stop Sign,Clear,No,0,0,8
Yes,16.0,No,With Traffic,C: Possible Injury,Female,Raleigh,Wake,No,Wednesday,Motorist Right Turn/Merge,16.0,August,Motorist Right Turn - Same Direction,2018,42.03850604944766,Missing,Unknown Injury,Unknown,Unknown,Yes,35.85183321,-78.61429865,Dry,40 - 45  MPH,No Control Present,Clear,No,1,0,8
No,52.0,No,Facing Traffic,C: Possible Injury,Male,Chapel Hill,Orange,No,Wednesday,Motorist Failed to Yield—Signalized Intersection,16.0,August,Motorist Drive Out - Right Turn on Red,2018,56.0,No,O: No Injury,Female,Passenger Car,No,35.93527609,-79.05602249,Dry,30 - 35  MPH,Stop And Go Signal,Clear,No,0,0,8
Yes,18.0,No,With Traffic,B: Suspected Minor Injury,Male,Winston-Salem,Forsyth,No,Monday,Motorist Overtaking Bicyclist,15.0,July,Motorist Overtaking - Other / Unknown,2018,42.03850604944766,Unknown,Unknown Injury,Unknown,Passenger Car,Yes,36.10207517,-80.23322853,Dry,20 - 25  MPH,Stop And Go Signal,Cloudy,No,1,0,7
No,18.0,No,With Traffic,O: No Injury,Male,Burlington,Alamance,No,Friday,Motorist Right Turn/Merge,10.0,August,Motorist Right Turn - Same Direction,2018,55.0,No,O: No Injury,Male,Passenger Car,No,36.07021644,-79.46574162,Dry,5 - 15 MPH,No Control Present,Clear,No,0,0,8
Yes,27.0,No,Facing Traffic,B: Suspected Minor Injury,Male,None - Rural Crash,Forsyth,No,Friday,Motorist Failed to Yield—Midblock,7.0,August,Motorist Drive Out - Commercial Driveway / Alley,2018,30.0,No,O: No Injury,Female,Sport Utility,No,36.07888442,-80.33526818,Dry,30 - 35  MPH,No Control Present,Clear,No,0,0,8
Yes,44.0,No,With Traffic,B: Suspected Minor Injury,Male,Eden,Rockingham,No,Saturday,Loss of Control/Turning Error,13.0,August,Motorist Turning Error - Right Turn,2018,23.0,No,O: No Injury,Female,Passenger Car,No,36.51844795,-79.69661965,Dry,20 - 25  MPH,Stop Sign,Cloudy,No,0,0,8
Yes,19.0,Missing,Facing Traffic,C: Possible Injury,Male,Charlotte,Mecklenburg,No,Thursday,Motorist Failed to Yield—Signalized Intersection,11.0,August,Motorist Drive Out - Signalized Intersection,2018,49.0,No,O: No Injury,Female,Sport Utility,No,35.19407297,-80.78283003,Dry,40 - 45  MPH,Stop And Go Signal,Clear,No,0,0,8
No,43.0,No,With Traffic,O: No Injury,Male,Mint Hill,Mecklenburg,No,Friday,Motorist Overtaking Bicyclist,7.0,August,Motorist Overtaking - Misjudged Space,2018,42.03850604944766,Unknown,Unknown Injury,Unknown,Unknown,Yes,35.20746826,-80.61114258,Dry,40 - 45  MPH,No Control Present,Clear,No,1,0,8
No,32.52649525389365,Missing,With Traffic,Unknown Injury,Unknown,Black Mountain,Buncombe,No,Friday,Bicyclist Failed to Yield—Sign-Controlled Intersection,5.0,August,Bicyclist Ride Out - Sign-Controlled Intersection,2018,60.0,No,O: No Injury,Female,Passenger Car,Yes,35.61679584,-82.32923912,Dry,30 - 35  MPH,Stop Sign,Cloudy,No,0,1,8
Yes,69.0,No,With Traffic,B: Suspected Minor Injury,Male,Hickory,Catawba,No,Wednesday,Motorist Overtaking Bicyclist,20.0,August,Motorist Overtaking - Other / Unknown,2018,27.0,No,O: No Injury,Female,Passenger Car,No,35.71079842,-81.35297563,Dry,50 - 55  MPH,No Control Present,Clear,No,0,0,8
No,40.0,Missing,Facing Traffic,C: Possible Injury,Female,Charlotte,Mecklenburg,No,Saturday,Motorist Failed to Yield—Midblock,16.0,August,Motorist Drive Out - Commercial Driveway / Alley,2018,24.0,No,O: No Injury,Male,Pickup,No,35.30515979,-80.72384416,Dry,20 - 25  MPH,No Control Present,Clear,No,0,0,8
Yes,17.0,No,Facing Traffic,C: Possible Injury,Female,Rolesville,Wake,No,Saturday,Bicyclist Failed to Yield—Signalized Intersection,19.0,August,Bicyclist Ride Through - Signalized Intersection,2018,51.0,No,O: No Injury,Male,Passenger Car,No,35.91872567,-78.46454358,Dry,30 - 35  MPH,Stop And Go Signal,Clear,No,0,0,8
Yes,22.0,No,With Traffic,C: Possible Injury,Male,Raleigh,Wake,No,Saturday,Motorist Left Turn/Merge,18.0,August,Motorist Left Turn - Same Direction,2018,42.03850604944766,Missing,Unknown Injury,Unknown,Unknown,Yes,35.77271261,-78.63365872,Dry,20 - 25  MPH,Stop Sign,Clear,No,1,0,8
Yes,19.0,No,Facing Traffic,A: Suspected Serious Injury,Male,Asheboro,Randolph,No,Tuesday,Head-On,19.0,August,Head-On - Bicyclist,2018,55.0,No,O: No Injury,Male,Pickup,No,35.70685357,-79.79582011,Dry,30 - 35  MPH,No Control Present,Clear,No,0,0,8
Yes,50.0,No,Facing Traffic,C: Possible Injury,Male,Fayetteville,Cumberland,No,Monday,Motorist Failed to Yield—Sign-Controlled Intersection,17.0,August,Motorist Drive Out - Sign-Controlled Intersection,2018,28.0,No,O: No Injury,Female,Passenger Car,No,35.04008915,-78.91450862,Dry,40 - 45  MPH,Stop Sign,Clear,No,0,0,8
Yes,54.0,No,Facing Traffic,B: Suspected Minor Injury,Male,Fayetteville,Cumberland,No,Monday,Bicyclist Failed to Yield—Sign-Controlled Intersection,11.0,August,Bicyclist Ride Out - Sign-Controlled Intersection,2018,31.0,No,O: No Injury,Male,Passenger Car,No,35.14468735,-78.87237749,Dry,30 - 35  MPH,Stop Sign,Clear,No,0,0,8
Yes,16.0,No,With Traffic,Unknown Injury,Male,Mooresville,Iredell,No,Tuesday,Bicyclist Failed to Yield—Signalized Intersection,21.0,August,Bicyclist Ride Through - Signalized Intersection,2018,58.0,No,O: No Injury,Male,Pickup,No,35.5782747,-80.81812321,Dry,20 - 25  MPH,Stop And Go Signal,Clear,No,0,0,8
Yes,62.0,No,With Traffic,B: Suspected Minor Injury,Male,Mooresville,Iredell,No,Saturday,Motorist Left Turn/Merge,17.0,August,Motorist Left Turn - Same Direction,2018,65.0,No,O: No Injury,Male,Sport Utility,No,35.55886192,-80.86363488,Dry,40 - 45  MPH,No Control Present,Cloudy,No,0,0,8
No,69.0,No,Facing Traffic,B: Suspected Minor Injury,Male,Charlotte,Mecklenburg,No,Monday,Motorist Failed to Yield—Sign-Controlled Intersection,14.0,August,Motorist Drive Out - Sign-Controlled Intersection,2018,59.0,No,O: No Injury,Female,Sport Utility,No,35.21453264,-80.85444923,Dry,30 - 35  MPH,Stop Sign,Clear,No,0,0,8
Yes,59.0,No,Facing Traffic,B: Suspected Minor Injury,Female,Fayetteville,Cumberland,No,Thursday,Motorist Failed to Yield—Sign-Controlled Intersection,18.0,August,Motorist Drive Out - Sign-Controlled Intersection,2018,28.0,No,O: No Injury,Female,Sport Utility,No,35.08135377,-79.00143583,Dry,5 - 15 MPH,Stop Sign,Clear,No,0,0,8
Yes,12.0,No,With Traffic,C: Possible Injury,Male,None - Rural Crash,Johnston,No,Friday,Motorist Overtaking Bicyclist,15.0,August,Motorist Overtaking - Other / Unknown,2018,42.03850604944766,Unknown,Unknown Injury,Unknown,Passenger Car,Yes,35.53934224,-78.60201046,Dry,40 - 45  MPH,"Double Yellow Line, No Passing Zone",Clear,No,1,0,8
Yes,64.0,No,With Traffic,C: Possible Injury,Male,Asheville,Buncombe,No,Thursday,Motorist Failed to Yield—Midblock,13.0,August,Motorist Drive Out - Commercial Driveway / Alley,2018,25.0,No,O: No Injury,Female,Passenger Car,No,35.58219244,-82.60711784,Dry,30 - 35  MPH,No Control Present,Clear,No,0,0,8
Yes,28.0,No,With Traffic,A: Suspected Serious Injury,Male,None - Rural Crash,Robeson,No,Thursday,Head-On,10.0,August,Head-On - Bicyclist,2018,35.0,No,O: No Injury,Female,Pickup,No,34.52138822,-79.11143727,Dry,50 - 55  MPH,No Control Present,Clear,No,0,0,8
Yes,25.0,No,With Traffic,B: Suspected Minor Injury,Female,Asheville,Buncombe,No,Friday,Motorist Left Turn/Merge,22.0,August,Motorist Left Turn - Opposite Direction,2018,25.0,No,O: No Injury,Male,Passenger Car,No,35.57792223,-82.58229438,Dry,20 - 25  MPH,Stop And Go Signal,Clear,No,0,0,8
Yes,14.0,Missing,Facing Traffic,B: Suspected Minor Injury,Male,Durham,Durham,No,Thursday,Head-On,21.0,July,Head-On - Bicyclist,2018,42.03850604944766,Missing,Unknown Injury,Unknown,Sport Utility,Yes,35.99277968,-78.88631509,Dry,20 - 25  MPH,No Control Present,Clear,No,1,0,7
No,55.0,Yes,With Traffic,A: Suspected Serious Injury,Male,Canton,Haywood,Yes,Tuesday,Bicyclist Overtaking Motorist,18.0,August,Bicyclist Overtaking - Other / Unknown,2018,30.0,No,Unknown Injury,Male,Sport Utility,No,35.5305838,-82.84144317,Dry,20 - 25  MPH,Stop And Go Signal,Clear,No,0,0,8
No,23.0,No,Facing Traffic,C: Possible Injury,Male,Durham,Durham,No,Tuesday,Bicyclist Failed to Yield—Sign-Controlled Intersection,15.0,August,Bicyclist Ride Out - Sign-Controlled Intersection,2018,26.0,No,O: No Injury,Male,Passenger Car,No,36.00883139,-78.94418323,Dry,30 - 35  MPH,Stop Sign,Clear,No,0,0,8
Yes,56.0,No,With Traffic,B: Suspected Minor Injury,Male,Greenville,Pitt,No,Monday,Motorist Failed to Yield—Sign-Controlled Intersection,9.0,August,Motorist Drive Out - Sign-Controlled Intersection,2018,26.0,No,O: No Injury,Male,Sport Utility,No,35.58282724,-77.36639298,Dry,30 - 35  MPH,Stop Sign,Clear,No,0,0,8
Yes,68.0,No,With Traffic,B: Suspected Minor Injury,Male,Raleigh,Wake,No,Tuesday,Bicyclist Overtaking Motorist,18.0,August,Bicyclist Overtaking - Parked Vehicle,2018,42.03850604944766,Missing,Unknown Injury,Unknown,"Single Unit Truck (2-Axle, 6-Tire)",No,35.77444929,-78.64774572,Dry,20 - 25  MPH,No Control Present,Clear,No,1,0,8
Yes,57.0,No,With Traffic,B: Suspected Minor Injury,Female,None - Rural Crash,Rockingham,No,Wednesday,Motorist Overtaking Bicyclist,3.0,August,Motorist Overtaking - Misjudged Space,2018,82.0,No,O: No Injury,Male,Pickup,No,36.31351955,-79.84595335,Dry,40 - 45  MPH,"Double Yellow Line, No Passing Zone",Clear,No,0,0,8
No,32.52649525389365,Missing,Not Applicable,Unknown Injury,Unknown,Elizabeth City,Pasquotank,No,Wednesday,Bicyclist Failed to Yield—Midblock,12.0,August,Bicyclist Ride Out - Commercial Driveway / Alley,2018,18.0,No,O: No Injury,Female,Passenger Car,Yes,36.29975456,-76.24161262,Dry,40 - 45  MPH,Stop And Go Signal,Clear,No,0,1,8
Yes,53.0,No,With Traffic,B: Suspected Minor Injury,Male,High Point,Guilford,No,Thursday,Bicyclist Failed to Yield—Signalized Intersection,10.0,August,Bicyclist Ride Through - Signalized Intersection,2018,36.0,No,O: No Injury,Male,Pickup,No,35.96154892,-80.01156982,Dry,30 - 35  MPH,Stop And Go Signal,Clear,No,0,0,8
No,17.0,Missing,Facing Traffic,C: Possible Injury,Male,Charlotte,Mecklenburg,No,Monday,Crossing Paths—Other Circumstances,18.0,August,Crossing Paths - Intersection - Other / Unknown,2018,27.0,No,O: No Injury,Male,Sport Utility,No,35.07563713,-80.98905659,Dry,30 - 35  MPH,Stop Sign,Clear,No,0,0,8
No,18.0,No,Facing Traffic,B: Suspected Minor Injury,Male,Cullowhee,Jackson,No,Tuesday,Motorist Failed to Yield—Sign-Controlled Intersection,12.0,August,Motorist Drive Out - Sign-Controlled Intersection,2018,19.0,No,O: No Injury,Female,Sport Utility,No,35.3105407,-83.18030333,Wet,20 - 25  MPH,No Control Present,Rain,No,0,0,8
Yes,46.0,No,With Traffic,A: Suspected Serious Injury,Female,Winston-Salem,Forsyth,No,Sunday,Motorist Left Turn/Merge,7.0,July,Motorist Left Turn - Opposite Direction,2018,84.0,No,O: No Injury,Male,Passenger Car,No,36.08471011,-80.34969632,Dry,30 - 35  MPH,No Control Present,Clear,No,0,0,7
Yes,25.0,No,Facing Traffic,C: Possible Injury,Female,Charlotte,Mecklenburg,No,Saturday,Motorist Failed to Yield—Signalized Intersection,11.0,September,Motorist Drive Out - Signalized Intersection,2018,35.0,No,O: No Injury,Male,Sport Utility,No,35.23255184,-80.83564586,Dry,30 - 35  MPH,Stop And Go Signal,Clear,No,0,0,9
No,27.0,Missing,With Traffic,C: Possible Injury,Male,Charlotte,Mecklenburg,No,Sunday,Motorist Failed to Yield—Sign-Controlled Intersection,14.0,September,Motorist Drive Out - Sign-Controlled Intersection,2018,42.03850604944766,Missing,Unknown Injury,Unknown,Unknown,Yes,35.27298249,-80.76703377,Dry,30 - 35  MPH,Stop Sign,Clear,No,1,0,9
Yes,34.0,No,Facing Traffic,C: Possible Injury,Male,Greensboro,Guilford,No,Monday,Motorist Failed to Yield—Midblock,15.0,September,Motorist Drive Out - Residential Driveway,2018,48.0,No,O: No Injury,Female,Passenger Car,No,36.0269057,-79.80252039,Dry,30 - 35  MPH,No Control Present,Clear,No,0,0,9
No,38.0,No,With Traffic,B: Suspected Minor Injury,Male,Charlotte,Mecklenburg,No,Sunday,Motorist Right Turn/Merge,13.0,September,Motorist Right Turn - Same Direction,2018,42.03850604944766,Missing,Unknown Injury,Female,Unknown,Yes,35.242162,-80.81174629,Dry,30 - 35  MPH,Stop And Go Signal,Clear,No,1,0,9
Yes,11.0,No,With Traffic,B: Suspected Minor Injury,Male,High Point,Guilford,No,Monday,Bicyclist Failed to Yield—Sign-Controlled Intersection,18.0,September,Bicyclist Ride Through - Sign-Controlled Intersection,2018,60.0,No,O: No Injury,Female,Passenger Car,No,35.95912807,-79.95720201,Dry,30 - 35  MPH,"Double Yellow Line, No Passing Zone",Clear,No,0,0,9
Yes,16.0,No,With Traffic,B: Suspected Minor Injury,Male,Clemmons,Forsyth,No,Friday,Bicyclist Left Turn/Merge,13.0,August,Bicyclist Left Turn - Same Direction,2018,69.0,No,O: No Injury,Male,Sport Utility,No,36.03366934,-80.41077603,Dry,40 - 45  MPH,No Control Present,Clear,No,0,0,8
Yes,15.0,Yes,Facing Traffic,O: No Injury,Male,Monroe,Union,Yes,Tuesday,Motorist Right Turn/Merge,16.0,August,Motorist Right Turn - Opposite Direction,2018,51.0,No,O: No Injury,Male,Sport Utility,No,34.96948252,-80.52740413,Dry,30 - 35  MPH,No Control Present,Clear,No,0,0,8
Yes,18.0,No,With Traffic,B: Suspected Minor Injury,Male,Raleigh,Wake,No,Thursday,Motorist Right Turn/Merge,19.0,August,Motorist Right Turn - Same Direction,2018,49.0,No,O: No Injury,Female,Passenger Car,No,35.78091991,-78.67553616,Dry,40 - 45  MPH,Stop And Go Signal,Clear,No,0,0,8
Yes,23.0,No,Facing Traffic,B: Suspected Minor Injury,Male,Chapel Hill,Orange,No,Tuesday,Motorist Failed to Yield—Midblock,10.0,August,Motorist Drive Out - Commercial Driveway / Alley,2018,75.0,No,O: No Injury,Female,Passenger Car,No,35.92653849,-79.05371721,Dry,30 - 35  MPH,Other,Clear,No,0,0,8
Yes,16.0,No,Not Applicable,C: Possible Injury,Male,Smithfield,Johnston,No,Wednesday,Nonroadway,20.0,August,Non-Roadway,2018,42.03850604944766,Missing,Unknown Injury,Unknown,Unknown,Yes,35.52212165,-78.30926371,Dry,5 - 15 MPH,No Control Present,Clear,No,1,0,8
No,10.0,No,Not Applicable,B: Suspected Minor Injury,Male,None - Rural Crash,Sampson,No,Friday,Nonroadway,12.0,August,Non-Roadway,2018,42.03850604944766,Unknown,Unknown Injury,Unknown,Unknown,Yes,35.06667704,-78.25953022,Dry,5 - 15 MPH,No Control Present,Clear,No,1,0,8
Yes,44.0,No,With Traffic,C: Possible Injury,Female,None - Rural Crash,Nash,No,Monday,Motorist Overtaking Bicyclist,19.0,July,Motorist Overtaking - Other / Unknown,2018,42.03850604944766,Unknown,Unknown Injury,Unknown,Unknown,Yes,36.01073373,-77.96655094,Dry,40 - 45  MPH,"Double Yellow Line, No Passing Zone",Clear,No,1,0,7
No,38.0,Unknown,Not Applicable,C: Possible Injury,Male,None - Rural Crash,New Hanover,No,Saturday,Nonroadway,10.0,August,Non-Roadway,2018,42.03850604944766,Unknown,Unknown Injury,Unknown,Unknown,Yes,34.27362979,-77.81898938,Dry,5 - 15 MPH,No Control Present,Clear,No,1,0,8