AmbulanceR,BikeAge,BikeAlcFlg,BikeDir,BikeInjury,BikeSex,City,County,CrashAlcoh,CrashDay,CrashGrp,CrashHour,CrashMonth,CrashType,CrashYear,DrvrAge,DrvrAlcFlg,DrvrInjury,DrvrSex,DrvrVehTyp,HitRun,Latitude,Longitude,RdConditio,SpeedLimit,TraffCntrl,Weather,Workzone,DrvrAgeImputedFlag,BikeAgeImputedFlag,MonthCode
Yes,47.0,No,With Traffic,C: Possible Injury,Male,Red Oak,Nash,No,Thursday,Motorist Overtaking Bicyclist,20.0,August,Motorist Overtaking - Other / Unknown,2018,42.03850604944766,Unknown,Unknown Injury,Unknown,Unknown,Yes,36.03077953,-77.90404461,Dry,40 - 45  MPH,No Control Present,Clear,No,1,0,8
Yes,71.0,No,With Traffic,B: Suspected Minor Injury,Male,None - Rural Crash,Pamlico,No,Monday,Motorist Overtaking Bicyclist,7.0,August,Motorist Overtaking - Other / Unknown,2018,29.0,No,O: No Injury,Male,Sport Utility,No,35.01684138,-76.72228964,Dry,40 - 45  MPH,No Control Present,Clear,No,0,0,8
Yes,14.0,No,Not Applicable,B: Suspected Minor Injury,Male,None - Rural Crash,Gaston,No,Thursday,Bicyclist Failed to Yield—Midblock,18.0,August,Bicyclist Ride Out - Residential Driveway,2018,23.0,No,O: No Injury,Male,Pickup,No,35.2911838,-81.03449381,Dry,30 - 35  MPH,"Double Yellow Line, No Passing Zone",Clear,No,0,0,8
Yes,89.0,No,With Traffic,B: Suspected Minor Injury,Male,Wilmington,New Hanover,No,Wednesday,Motorist Overtaking Bicyclist,9.0,August,Motorist Overtaking - Other / Unknown,2018,78.0,No,O: No Injury,Male,Pickup,No,34.18480034,-77.89460223,Dry,30 - 35  MPH,No Control Present,Clear,No,0,0,8
Yes,63.0,Unknown,Not Applicable,B: Suspected Minor Injury,Male,Goldsboro,Wayne,No,Saturday,Bicyclist Failed to Yield—Midblock,14.0,August,Bicyclist Ride Out - Commercial Driveway / Alley,2018,16.0,No,O: No Injury,Female,Sport Utility,No,35.38851121,-77.92035336,Dry,40 - 45  MPH,No Control Present,Clear,No,0,0,8
Yes,21.0,No,Facing Traffic,O: No Injury,Female,Jacksonville,Onslow,No,Monday,Motorist Failed to Yield—Signalized Intersection,14.0,August,Motorist Drive Out - Signalized Intersection,2018,54.0,No,O: No Injury,Male,Sport Utility,No,34.78355056,-77.38375532,Dry,20 - 25  MPH,Stop Sign,Clear,No,0,0,8
Yes,30.0,Yes,With Traffic,B: Suspected Minor Injury,Female,Wilmington,New Hanover,Yes,Sunday,Bicyclist Failed to Yield—Signalized Intersection,0.0,September,Bicyclist Failed to Clear - Trapped,2018,35.0,No,O: No Injury,Male,Passenger Car,No,34.22694193,-77.92768005,Dry,30 - 35  MPH,Stop And Go Signal,Clear,No,0,0,9
Yes,36.0,No,With Traffic,A: Suspected Serious Injury,Female,Teachey,Duplin,No,Wednesday,Motorist Overtaking Bicyclist,19.0,August,Motorist Overtaking - Other / Unknown,2018,64.0,No,O: No Injury,Male,Passenger Car,No,34.77065985,-78.01660911,Dry,50 - 55  MPH,No Control Present,Clear,No,0,0,8
Yes,38.0,No,With Traffic,B: Suspected Minor Injury,Male,None - Rural Crash,New Hanover,No,Saturday,Motorist Overtaking Bicyclist,22.0,August,Motorist Overtaking - Other / Unknown,2018,27.0,No,O: No Injury,Female,Passenger Car,No,34.11722558,-77.90042862,Dry,50 - 55  MPH,No Control Present,Clear,No,0,0,8
Yes,8.0,Unknown,Not Applicable,K: Killed,Male,None - Rural Crash,Edgecombe,No,Monday,Bicyclist Failed to Yield—Midblock,16.0,August,Bicyclist Ride Out - Residential Driveway,2018,77.0,No,O: No Injury,Male,Passenger Car,No,35.84619004,-77.68754163,Dry,50 - 55  MPH,No Control Present,Clear,No,0,0,8
Yes,64.0,No,Not Applicable,O: No Injury,Male,New Bern,Craven,No,Thursday,Nonroadway,18.0,August,Non-Roadway,2018,47.0,No,O: No Injury,Male,Motorcycle,No,35.11583365,-77.07296518,Dry,5 - 15 MPH,No Control Present,Clear,No,0,0,8
Yes,27.0,Missing,Facing Traffic,O: No Injury,Male,Charlotte,Mecklenburg,No,Thursday,Motorist Failed to Yield—Midblock,12.0,September,Motorist Drive Out - Commercial Driveway / Alley,2018,19.0,No,O: No Injury,Male,Passenger Car,No,35.25821854,-80.78977328,Dry,5 - 15 MPH,No Control Present,Clear,No,0,0,9
Yes,27.0,No,With Traffic,B: Suspected Minor Injury,Male,Winston-Salem,Forsyth,No,Friday,Motorist Overtaking Bicyclist,7.0,August,Motorist Overtaking - Other / Unknown,2018,20.0,No,O: No Injury,Female,Passenger Car,No,36.17582981,-80.28641025,Dry,40 - 45  MPH,Other,Clear,No,0,0,8
No,19.0,No,Facing Traffic,C: Possible Injury,Male,Winston-Salem,Forsyth,No,Friday,Motorist Left Turn/Merge,8.0,September,Motorist Left Turn - Same Direction,2018,58.0,No,O: No Injury,Male,Pickup,No,36.07149336,-80.22874956,Dry,30 - 35  MPH,No Control Present,Clear,No,0,0,9
No,18.0,Missing,With Traffic,A: Suspected Serious Injury,Male,Charlotte,Mecklenburg,No,Thursday,Bicyclist Left Turn/Merge,21.0,September,Bicyclist Left Turn - Same Direction,2018,42.03850604944766,Missing,Unknown Injury,Unknown,Unknown,Yes,35.24642115,-80.78768618,Dry,30 - 35  MPH,No Control Present,Clear,No,1,0,9
No,32.52649525389365,Missing,With Traffic,Unknown Injury,Unknown,Belmont,Gaston,No,Friday,Bicyclist Failed to Yield—Signalized Intersection,16.0,September,Bicyclist Ride Out - Signalized  Intersection,2018,53.0,No,O: No Injury,Male,Sport Utility,No,35.24375973,-81.03674712,Dry,20 - 25  MPH,Stop And Go Signal,Clear,No,0,1,9
Yes,14.0,No,Facing Traffic,C: Possible Injury,Male,Concord,Cabarrus,No,Wednesday,Loss of Control/Turning Error,18.0,August,Bicyclist Turning Error - Left Turn,2018,69.0,No,O: No Injury,Female,Passenger Car,No,35.37871243,-80.59482945,Dry,20 - 25  MPH,Stop Sign,Clear,No,0,0,8
Yes,16.0,No,Facing Traffic,C: Possible Injury,Male,Carolina Beach,New Hanover,No,Sunday,Bicyclist Failed to Yield—Sign-Controlled Intersection,12.0,August,Bicyclist Ride Through - Sign-Controlled Intersection,2018,38.0,No,O: No Injury,Female,Passenger Car,No,34.03114823,-77.89504441,Dry,20 - 25  MPH,Stop Sign,Clear,No,0,0,8
No,39.0,No,With Traffic,B: Suspected Minor Injury,Male,Salisbury,Rowan,No,Friday,Motorist Left Turn/Merge,14.0,September,Motorist Left Turn - Opposite Direction,2018,47.0,No,O: No Injury,Female,Passenger Car,No,35.66370142,-80.48175585,Dry,30 - 35  MPH,Stop And Go Signal,Clear,No,0,0,9
No,35.0,Missing,With Traffic,B: Suspected Minor Injury,Male,None - Rural Crash,Mecklenburg,No,Tuesday,Motorist Left Turn/Merge,8.0,September,Motorist Left Turn - Opposite Direction,2018,57.0,No,O: No Injury,Male,Passenger Car,No,35.26130317,-80.83718198,Dry,30 - 35  MPH,Stop And Go Signal,Clear,No,0,0,9
Yes,14.0,No,With Traffic,C: Possible Injury,Male,None - Rural Crash,Cumberland,No,Monday,Motorist Overtaking Bicyclist,18.0,July,Motorist Overtaking - Bicyclist Swerved,2018,22.0,No,O: No Injury,Male,Passenger Car,No,34.95861429,-79.036797,Wet,50 - 55  MPH,"Double Yellow Line, No Passing Zone",Rain,No,0,0,7
No,29.0,No,With Traffic,B: Suspected Minor Injury,Male,Raleigh,Wake,No,Monday,Bicyclist Overtaking Motorist,17.0,September,Bicyclist Overtaking - Extended Door,2018,26.0,Missing,O: No Injury,Female,Passenger Car,No,35.7810688,-78.65226442,Dry,30 - 35  MPH,No Control Present,Clear,No,0,0,9
No,39.0,No,Facing Traffic,B: Suspected Minor Injury,Male,Raleigh,Wake,No,Monday,Head-On,1.0,September,Head-On - Bicyclist,2018,42.03850604944766,Missing,Unknown Injury,Unknown,Sport Utility,Yes,35.7469266,-78.62207687,Dry,30 - 35  MPH,No Control Present,Clear,No,1,0,9
No,21.0,No,Facing Traffic,C: Possible Injury,Male,Greensboro,Guilford,No,Monday,Motorist Right Turn/Merge,7.0,August,Motorist Right Turn - Same Direction,2018,19.0,No,O: No Injury,Female,Passenger Car,No,36.06295078,-79.81034965,Dry,30 - 35  MPH,Stop And Go Signal,Clear,No,0,0,8
Yes,64.0,No,With Traffic,B: Suspected Minor Injury,Male,White Lake,Bladen,No,Monday,Motorist Failed to Yield—Signalized Intersection,19.0,August,Motorist Drive Out - Signalized Intersection,2018,21.0,No,O: No Injury,Male,Sport Utility,No,34.65415514,-78.49334054,Dry,30 - 35  MPH,Stop Sign,Clear,No,0,0,8
Yes,18.0,No,Facing Traffic,C: Possible Injury,Male,Raleigh,Wake,No,Monday,Motorist Failed to Yield—Signalized Intersection,16.0,September,Motorist Drive Out - Right Turn on Red,2018,22.0,No,O: No Injury,Female,Sport Utility,No,35.79092152,-78.66281361,Dry,20 - 25  MPH,Stop And Go Signal,Clear,No,0,0,9
Yes,14.0,No,Not Applicable,C: Possible Injury,Male,Newton,Catawba,No,Wednesday,Bicyclist Failed to Yield—Midblock,11.0,September,Bicyclist Ride Out - Commercial Driveway / Alley,2018,44.0,No,O: No Injury,Male,Sport Utility,No,35.68778532,-81.2280059,Dry,30 - 35  MPH,No Control Present,Clear,No,0,0,9
Yes,50.0,No,With Traffic,B: Suspected Minor Injury,Male,Winston-Salem,Forsyth,No,Saturday,Motorist Overtaking Bicyclist,19.0,September,Motorist Overtaking - Other / Unknown,2018,42.03850604944766,Unknown,Unknown Injury,Unknown,Sport Utility,Yes,36.05305283,-80.22545221,Dry,30 - 35  MPH,"Double Yellow Line, No Passing Zone",Clear,No,1,0,9
No,20.0,No,Facing Traffic,O: No Injury,Male,Boone,Watauga,No,Tuesday,Crossing Paths—Other Circumstances,9.0,September,Crossing Paths - Intersection - Other / Unknown,2018,42.03850604944766,Unknown,Unknown Injury,Unknown,Unknown,Yes,36.19859719,-81.65750162,Dry,30 - 35  MPH,No Control Present,Clear,No,1,0,9
Yes,39.0,Yes,Facing Traffic,B: Suspected Minor Injury,Male,Raleigh,Wake,Yes,Sunday,Head-On,0.0,September,Head-On - Bicyclist,2018,49.0,No,O: No Injury,Male,Taxicab,No,35.77682225,-78.63522201,Dry,20 - 25  MPH,No Control Present,Clear,No,0,0,9
Yes,15.0,No,Facing Traffic,B: Suspected Minor Injury,Male,Summerfield,Guilford,No,Saturday,Bicyclist Failed to Yield—Midblock,10.0,September,Bicyclist Ride Out - Other Midblock,2018,28.0,No,O: No Injury,Male,Sport Utility,No,36.17583582,-79.87942376,Dry,40 - 45  MPH,Warning Sign,Clear,No,0,0,9
No,17.0,Unknown,With Traffic,B: Suspected Minor Injury,Female,Raleigh,Wake,No,Monday,Motorist Right Turn/Merge,19.0,September,Motorist Right Turn on Red - Same Direction,2018,17.0,Unknown,O: No Injury,Female,Passenger Car,No,35.78091567,-78.67531036,Unknown,20 - 25  MPH,Other,Clear,No,0,0,9
No,9.0,No,Facing Traffic,B: Suspected Minor Injury,Male,High Point,Guilford,No,Thursday,Head-On,11.0,September,Head-On - Bicyclist,2018,42.03850604944766,Missing,Unknown Injury,Unknown,Passenger Car,Yes,35.95262004,-79.96726318,Dry,20 - 25  MPH,No Control Present,Clear,No,1,0,9
Yes,13.0,No,Facing Traffic,A: Suspected Serious Injury,Male,None - Rural Crash,Hoke,No,Saturday,Bicyclist Failed to Yield—Midblock,16.0,September,Bicyclist Ride Out - Midblock - Unknown,2018,32.0,No,O: No Injury,Female,Sport Utility,No,35.00362822,-79.1797353,Dry,50 - 55  MPH,"Double Yellow Line, No Passing Zone",Clear,No,0,0,9
No,12.0,No,Not Applicable,C: Possible Injury,Female,Burlington,Alamance,No,Thursday,Nonroadway,16.0,September,Non-Roadway,2018,42.03850604944766,Missing,Unknown Injury,Unknown,Unknown,Yes,36.10411977,-79.40369741,Dry,Unknown,No Control Present,Clear,No,1,0,9
Yes,25.0,No,Facing Traffic,B: Suspected Minor Injury,Male,Rocky Mount,Nash,No,Saturday,Motorist Failed to Yield—Midblock,17.0,September,Motorist Drive Out - Commercial Driveway / Alley,2018,20.0,No,O: No Injury,Male,Passenger Car,No,35.983556,-77.80844729,Wet,30 - 35  MPH,Stop Sign,Cloudy,No,0,0,9
Yes,9.0,Missing,Not Applicable,C: Possible Injury,Male,Charlotte,Mecklenburg,No,Friday,Nonroadway,18.0,September,Non-Roadway,2018,23.0,No,O: No Injury,Female,Passenger Car,No,35.33517248,-80.81080564,Dry,5 - 15 MPH,No Control Present,Cloudy,No,0,0,9
No,27.0,Missing,With Traffic,B: Suspected Minor Injury,Female,Charlotte,Mecklenburg,No,Saturday,Motorist Right Turn/Merge,16.0,August,Motorist Right Turn - Same Direction,2018,69.0,No,O: No Injury,Female,Sport Utility,No,35.19911366,-80.84618559,Dry,30 - 35  MPH,No Control Present,Cloudy,No,0,0,8
Yes,35.0,Missing,Facing Traffic,C: Possible Injury,Female,Charlotte,Mecklenburg,No,Monday,Motorist Failed to Yield—Midblock,15.0,September,Motorist Drive Out - Commercial Driveway / Alley,2018,45.0,No,O: No Injury,Female,Passenger Car,No,35.23984949,-80.89701454,Dry,5 - 15 MPH,No Control Present,Clear,No,0,0,9
Yes,47.0,Unknown,With Traffic,K: Killed,Male,None - Rural Crash,Alamance,No,Sunday,Motorist Overtaking Bicyclist,22.0,August,Motorist Overtaking - Undetected Bicyclist,2018,56.0,No,O: No Injury,Male,Pickup,No,36.00440233,-79.39149475,Dry,50 - 55  MPH,No Control Present,Clear,No,0,0,8
Yes,50.0,Missing,Facing Traffic,C: Possible Injury,Male,Charlotte,Mecklenburg,No,Tuesday,Bicyclist Failed to Yield—Midblock,8.0,September,Multiple Threat - Midblock,2018,81.0,No,O: No Injury,Male,Passenger Car,No,35.0876566,-80.85485911,Dry,40 - 45  MPH,No Control Present,Clear,No,0,0,9
Yes,38.0,Unknown,With Traffic,K: Killed,Male,None - Rural Crash,Davidson,No,Tuesday,Motorist Overtaking Bicyclist,7.0,August,Motorist Overtaking - Other / Unknown,2018,42.03850604944766,Unknown,Unknown Injury,Unknown,Unknown,Yes,35.79999985,-80.09590019,Dry,50 - 55  MPH,"Double Yellow Line, No Passing Zone",Clear,No,1,0,8
Yes,56.0,Yes,With Traffic,K: Killed,Male,None - Rural Crash,Sampson,Yes,Tuesday,Motorist Overtaking Bicyclist,21.0,September,Motorist Overtaking - Other / Unknown,2018,18.0,No,O: No Injury,Male,Pickup,No,34.96247111,-78.27815038,Dry,50 - 55  MPH,"Double Yellow Line, No Passing Zone",Clear,No,0,0,9
Yes,52.0,No,With Traffic,C: Possible Injury,Male,None - Rural Crash,Davie,No,Wednesday,Motorist Overtaking Bicyclist,20.0,September,Motorist Overtaking - Other / Unknown,2018,34.0,No,O: No Injury,Female,Pickup,No,36.01475687,-80.46857071,Dry,50 - 55  MPH,"Double Yellow Line, No Passing Zone",Clear,No,0,0,9
Yes,29.0,Yes,With Traffic,C: Possible Injury,Male,None - Rural Crash,Brunswick,Yes,Sunday,Motorist Overtaking Bicyclist,21.0,September,Motorist Overtaking - Other / Unknown,2018,68.0,No,O: No Injury,Male,Pickup,No,33.9751618,-78.35839106,Dry,50 - 55  MPH,"Double Yellow Line, No Passing Zone",Clear,No,0,0,9
Yes,26.0,No,Facing Traffic,O: No Injury,Male,Havelock,Craven,No,Friday,Bicyclist Left Turn/Merge,10.0,August,Bicyclist Left Turn - Opposite Direction,2018,70.0,No,O: No Injury,Female,Passenger Car,No,34.88430215,-76.91235744,Dry,40 - 45  MPH,Stop And Go Signal,Clear,No,0,0,8
Yes,51.0,No,With Traffic,C: Possible Injury,Male,Rocky Mount,Nash,No,Tuesday,Motorist Overtaking Bicyclist,17.0,September,Motorist Overtaking - Other / Unknown,2018,23.0,No,O: No Injury,Male,Pickup,No,36.01198866,-77.77239958,Dry,50 - 55  MPH,No Control Present,Clear,No,0,0,9
Yes,20.0,No,Facing Traffic,B: Suspected Minor Injury,Male,Carrboro,Orange,No,Sunday,Motorist Failed to Yield—Midblock,10.0,February,Motorist Drive Out - Commercial Driveway / Alley,2018,22.0,No,O: No Injury,Female,Passenger Car,No,35.9153263,-79.09306212,Wet,40 - 45  MPH,No Control Present,Cloudy,No,0,0,2
No,23.0,No,With Traffic,C: Possible Injury,Male,Asheville,Buncombe,No,Friday,Motorist Failed to Yield—Sign-Controlled Intersection,15.0,September,Motorist Drive Out - Sign-Controlled Intersection,2018,42.03850604944766,Missing,Unknown Injury,Unknown,Passenger Car,Yes,35.59340971,-82.56012791,Dry,20 - 25  MPH,Stop Sign,Clear,No,1,0,9
Yes,35.0,Missing,With Traffic,B: Suspected Minor Injury,Male,None - Rural Crash,Mecklenburg,No,Wednesday,Loss of Control/Turning Error,13.0,September,Bicyclist Lost Control - Surface Conditions,2018,56.0,No,O: No Injury,Male,Pickup,No,35.21957316,-80.83394777,Dry,30 - 35  MPH,No Control Present,Clear,No,0,0,9
Yes,17.0,No,With Traffic,C: Possible Injury,Male,None - Rural Crash,Stokes,No,Tuesday,Bicyclist Left Turn/Merge,18.0,September,Bicyclist Left Turn - Same Direction,2018,26.0,No,O: No Injury,Male,Passenger Car,No,36.2733804,-80.37972148,Dry,30 - 35  MPH,"Double Yellow Line, No Passing Zone",Clear,No,0,0,9
Yes,47.0,No,With Traffic,A: Suspected Serious Injury,Female,None - Rural Crash,Guilford,No,Tuesday,Motorist Left Turn/Merge,12.0,September,Motorist Left Turn - Opposite Direction,2018,82.0,No,O: No Injury,Male,Sport Utility,No,36.05642503,-80.02294419,Dry,40 - 45  MPH,Stop Sign,Clear,No,0,0,9
Yes,26.0,Missing,Facing Traffic,C: Possible Injury,Female,Charlotte,Mecklenburg,No,Thursday,Motorist Failed to Yield—Signalized Intersection,8.0,September,Motorist Drive Out - Right Turn on Red,2018,27.0,No,O: No Injury,Male,Passenger Car,No,35.31520838,-80.83343759,Dry,30 - 35  MPH,Stop And Go Signal,Clear,No,0,0,9
Yes,50.0,No,Unknown,C: Possible Injury,Male,Gastonia,Gaston,No,Thursday,Parallel Paths—Other Circumstances,8.0,September,Parallel Paths - Other / Unknown,2018,30.0,No,O: No Injury,Male,Pickup,No,35.26477684,-81.16099596,Dry,20 - 25  MPH,Stop Sign,Cloudy,No,0,0,9
No,31.0,No,Unknown,C: Possible Injury,Male,Statesville,Iredell,No,Saturday,Bicyclist Failed to Yield—Signalized Intersection,7.0,September,Bicyclist Ride Through - Signalized Intersection,2018,50.0,No,O: No Injury,Male,Sport Utility,No,35.79506876,-80.87609901,Dry,30 - 35  MPH,Stop And Go Signal,Clear,No,0,0,9
Yes,47.0,Unknown,Facing Traffic,B: Suspected Minor Injury,Female,Plymouth,Washington,No,Monday,Bicyclist Failed to Yield—Sign-Controlled Intersection,13.0,August,Bicyclist Ride Through - Sign-Controlled Intersection,2018,63.0,No,O: No Injury,Female,Passenger Car,No,35.86378802,-76.74891233,Dry,30 - 35  MPH,Other,Clear,No,0,0,8
Yes,16.0,No,Facing Traffic,O: No Injury,Male,Raleigh,Wake,No,Thursday,Motorist Failed to Yield—Signalized Intersection,18.0,September,Motorist Drive Out - Signalized Intersection,2018,42.03850604944766,Missing,Unknown Injury,Unknown,Passenger Car,Yes,35.76692841,-78.7053859,Dry,30 - 35  MPH,Stop And Go Signal,Clear,No,1,0,9
Yes,50.0,No,With Traffic,B: Suspected Minor Injury,Male,Raleigh,Wake,No,Tuesday,Motorist Failed to Yield—Midblock,6.0,September,Motorist Drive Out - Residential Driveway,2018,42.03850604944766,Missing,Unknown Injury,Unknown,Passenger Car,Yes,35.90754487,-78.59698565,Dry,20 - 25  MPH,No Control Present,Clear,No,1,0,9
Yes,37.0,No,With Traffic,B: Suspected Minor Injury,Male,Raleigh,Wake,No,Wednesday,Motorist Failed to Yield—Signalized Intersection,8.0,September,Motorist Drive Through - Signalized Intersection,2018,32.0,No,O: No Injury,Female,Passenger Car,No,35.78644135,-78.71275501,Dry,40 - 45  MPH,Stop And Go Signal,Clear,No,0,0,9
No,30.0,No,Facing Traffic,O: No Injury,Male,Charlotte,Mecklenburg,No,Sunday,Motorist Overtaking Bicyclist,10.0,September,Motorist Overtaking - Other / Unknown,2018,42.03850604944766,Missing,Unknown Injury,Unknown,Passenger Car,Yes,35.29297175,-80.83775165,Dry,20 - 25  MPH,No Control Present,Clear,No,1,0,9
No,31.0,No,Facing Traffic,B: Suspected Minor Injury,Male,Raleigh,Wake,No,Thursday,Motorist Failed to Yield—Midblock,12.0,September,Motorist Drive Out - Commercial Driveway / Alley,2018,59.0,No,O: No Injury,Female,Van,No,35.84706941,-78.57999172,Dry,20 - 25  MPH,Stop Sign,Clear,No,0,0,9
Yes,51.0,No,With Traffic,B: Suspected Minor Injury,Male,None - Rural Crash,Halifax,No,Wednesday,Backing Vehicle,17.0,September,Backing Vehicle,2018,62.0,No,O: No Injury,Female,Sport Utility,No,36.46799631,-77.71067735,Dry,50 - 55  MPH,"Double Yellow Line, No Passing Zone",Clear,No,0,0,9
Yes,22.0,No,With Traffic,B: Suspected Minor Injury,Male,None - Rural Crash,Alamance,No,Friday,Motorist Overtaking Bicyclist,20.0,September,Motorist Overtaking - Undetected Bicyclist,2018,55.0,No,O: No Injury,Male,Pickup,No,36.091526,-79.364186,Dry,40 - 45  MPH,"Double Yellow Line, No Passing Zone",Clear,No,0,0,9
No,30.0,No,Facing Traffic,B: Suspected Minor Injury,Male,Raleigh,Wake,No,Tuesday,Motorist Failed to Yield—Sign-Controlled Intersection,14.0,September,Motorist Drive Out - Sign-Controlled Intersection,2018,64.0,No,O: No Injury,Male,Pickup,No,35.75372839,-78.61265699,Dry,20 - 25  MPH,Stop Sign,Clear,No,0,0,9
No,16.0,No,Not Applicable,C: Possible Injury,Male,Cornelius,Mecklenburg,No,Thursday,Nonroadway,18.0,September,Non-Roadway,2018,60.0,No,O: No Injury,Female,Passenger Car,No,35.45355786,-80.89051777,Dry,Unknown,No Control Present,Clear,No,0,0,9
Yes,16.0,No,With Traffic,B: Suspected Minor Injury,Male,Hillsborough,Orange,No,Saturday,Bicyclist Left Turn/Merge,13.0,September,Bicyclist Left Turn - Opposite Direction,2018,36.0,No,O: No Injury,Male,Sport Utility,No,36.06563451,-79.10123278,Dry,30 - 35  MPH,No Control Present,Clear,No,0,0,9
Yes,59.0,No,With Traffic,A: Suspected Serious Injury,Male,Kill Devil Hills,Dare,No,Tuesday,Motorist Left Turn/Merge,15.0,September,Motorist Left Turn - Opposite Direction,2018,66.0,No,O: No Injury,Male,Sport Utility,No,36.02965879,-75.66669406,Dry,30 - 35  MPH,Stop Sign,Clear,No,0,0,9
No,12.0,No,With Traffic,B: Suspected Minor Injury,Male,Fayetteville,Cumberland,No,Thursday,Motorist Failed to Yield—Midblock,21.0,August,Motorist Drive Out - Residential Driveway,2018,49.0,No,O: No Injury,Female,Passenger Car,No,35.12894294,-78.89484578,Dry,5 - 15 MPH,Stop Sign,Clear,No,0,0,8
No,21.0,No,Facing Traffic,C: Possible Injury,Male,Fayetteville,Cumberland,No,Tuesday,Bicyclist Failed to Yield—Signalized Intersection,7.0,August,Bicyclist Ride Through - Signalized Intersection,2018,46.0,No,O: No Injury,Female,Passenger Car,No,35.0436429,-78.95152822,Dry,30 - 35  MPH,Stop And Go Signal,Clear,No,0,0,8
No,18.0,No,Not Applicable,C: Possible Injury,Male,None - Rural Crash,Onslow,No,Monday,Bicyclist Failed to Yield—Midblock,7.0,September,Bicyclist Ride Out - Commercial Driveway / Alley,2018,34.0,No,O: No Injury,Male,Sport Utility,No,34.74619011,-77.48397642,Dry,40 - 45  MPH,"Double Yellow Line, No Passing Zone",Clear,No,0,0,9
Yes,65.0,No,With Traffic,C: Possible Injury,Male,Southern Pines,Moore,No,Tuesday,Motorist Right Turn/Merge,12.0,September,Motorist Right Turn - Same Direction,2018,61.0,No,O: No Injury,Female,Passenger Car,No,35.15858252,-79.41274002,Dry,40 - 45  MPH,Stop And Go Signal,Clear,No,0,0,9
Yes,58.0,No,Facing Traffic,B: Suspected Minor Injury,Male,Greensboro,Guilford,No,Tuesday,Motorist Failed to Yield—Signalized Intersection,10.0,September,Motorist Drive Out - Right Turn on Red,2018,65.0,No,O: No Injury,Male,Passenger Car,No,36.08506617,-79.82125698,Dry,30 - 35  MPH,Stop And Go Signal,Cloudy,No,0,0,9
Yes,54.0,Missing,With Traffic,B: Suspected Minor Injury,Male,Charlotte,Mecklenburg,No,Monday,Motorist Failed to Yield—Signalized Intersection,19.0,September,Motorist Drive Out - Signalized Intersection,2018,48.0,No,O: No Injury,Male,Sport Utility,No,35.31172214,-80.71097586,Dry,50 - 55  MPH,Stop And Go Signal,Clear,No,0,0,9
No,19.0,No,Facing Traffic,C: Possible Injury,Female,Greenville,Pitt,No,Wednesday,Motorist Right Turn/Merge,10.0,September,Motorist Right Turn - Opposite Direction,2018,20.0,No,O: No Injury,Female,Passenger Car,No,35.60903536,-77.37362394,Dry,30 - 35  MPH,Stop And Go Signal,Clear,No,0,0,9
Yes,32.52649525389365,Unknown,With Traffic,Unknown Injury,Unknown,Winston-Salem,Forsyth,No,Tuesday,Bicyclist Left Turn/Merge,17.0,September,Bicyclist Left Turn - Same Direction,2018,33.0,No,O: No Injury,Female,Passenger Car,Yes,36.09578662,-80.2632889,Dry,30 - 35  MPH,"Double Yellow Line, No Passing Zone",Clear,No,0,1,9
Yes,44.0,Missing,With Traffic,C: Possible Injury,Male,Charlotte,Mecklenburg,No,Tuesday,Head-On,20.0,September,Head-On - Motorist,2018,42.03850604944766,Missing,Unknown Injury,Unknown,Passenger Car,Yes,35.19110643,-80.73528619,Dry,20 - 25  MPH,No Control Present,Clear,No,1,0,9
No,52.0,No,With Traffic,C: Possible Injury,Male,Fayetteville,Cumberland,No,Saturday,Bicyclist Left Turn/Merge,8.0,September,Bicyclist Left Turn - Same Direction,2018,38.0,No,O: No Injury,Male,"Single Unit Truck (2-Axle, 6-Tire)",No,35.05869694,-78.87441521,Dry,20 - 25  MPH,No Control Present,Clear,No,0,0,9
No,46.0,Missing,With Traffic,Unknown Injury,Male,Charlotte,Mecklenburg,No,Wednesday,Motorist Left Turn/Merge,18.0,September,Motorist Left Turn - Opposite Direction,2018,72.0,No,O: No Injury,Female,Passenger Car,No,35.16018494,-80.86140054,Dry,30 - 35  MPH,No Control Present,Clear,No,0,0,9
Yes,59.0,Missing,With Traffic,B: Suspected Minor Injury,Male,Charlotte,Mecklenburg,No,Monday,Motorist Overtaking Bicyclist,18.0,September,Motorist Overtaking - Other / Unknown,2018,42.03850604944766,Missing,Unknown Injury,Unknown,Unknown,Yes,35.23277923,-80.82674248,Dry,30 - 35  MPH,No Control Present,Cloudy,No,1,0,9
No,26.0,No,With Traffic,C: Possible Injury,Unknown,Asheville,Buncombe,No,Thursday,Motorist Failed to Yield—Sign-Controlled Intersection,15.0,September,Motorist Drive Out - Sign-Controlled Intersection,2018,42.03850604944766,Unknown,Unknown Injury,Unknown,Unknown,Yes,35.57839607,-82.58381417,Wet,20 - 25  MPH,Stop Sign,Rain,No,1,0,9
Yes,34.0,No,Facing Traffic,B: Suspected Minor Injury,Male,Wilmington,New Hanover,No,Wednesday,Motorist Failed to Yield—Midblock,8.0,September,Motorist Drive Out - Other Midblock,2018,46.0,No,O: No Injury,Male,Passenger Car,No,34.22450336,-77.82376849,Dry,5 - 15 MPH,Stop And Go Signal,Clear,No,0,0,9