AmbulanceR,BikeAge,BikeAlcFlg,BikeDir,BikeInjury,BikeSex,City,County,CrashAlcoh,CrashDay,CrashGrp,CrashHour,CrashMonth,CrashType,CrashYear,DrvrAge,DrvrAlcFlg,DrvrInjury,DrvrSex,DrvrVehTyp,HitRun,Latitude,Longitude,RdConditio,SpeedLimit,TraffCntrl,Weather,Workzone,DrvrAgeImputedFlag,BikeAgeImputedFlag,MonthCode
Yes,41.0,No,With Traffic,A: Suspected Serious Injury,Male,Fayetteville,Cumberland,No,Friday,Crossing Paths—Other Circumstances,16.0,August,Signalized Intersection - Other / Unknown,2018,42.03850604944766,Unknown,Unknown Injury,Unknown,Unknown,Yes,35.11237514,-78.87971485,Dry,40 - 45  MPH,Stop And Go Signal,Clear,No,1,0,8
Yes,16.0,No,Unknown,A: Suspected Serious Injury,Male,Mount Olive,Wayne,No,Tuesday,Bicyclist Failed to Yield—Sign-Controlled Intersection,20.0,September,Bicyclist Ride Through - Sign-Controlled Intersection,2018,32.0,No,O: No Injury,Male,Passenger Car,No,35.1867051,-78.07003373,Wet,30 - 35  MPH,Stop Sign,Clear,No,0,0,9
No,33.0,Missing,With Traffic,B: Suspected Minor Injury,Male,Charlotte,Mecklenburg,No,Thursday,Bicyclist Overtaking Motorist,15.0,September,Bicyclist Overtaking - Extended Door,2018,60.0,No,O: No Injury,Male,Van,No,35.22792045,-80.84215864,Dry,20 - 25  MPH,No Control Present,Clear,No,0,0,9
No,49.0,Missing,Facing Traffic,B: Suspected Minor Injury,Male,Charlotte,Mecklenburg,No,Saturday,Motorist Failed to Yield—Sign-Controlled Intersection,9.0,September,Motorist Drive Out - Sign-Controlled Intersection,2018,60.0,No,O: No Injury,Female,Sport Utility,No,35.11328074,-80.96774258,Dry,5 - 15 MPH,Stop Sign,Cloudy,No,0,0,9
Yes,55.0,No,With Traffic,C: Possible Injury,Male,Rocky Mount,Nash,No,Saturday,Bicyclist Overtaking Motorist,12.0,September,Bicyclist Overtaking - Parked Vehicle,2018,42.03850604944766,Missing,Unknown Injury,Unknown,Passenger Car,No,35.93861313,-77.81969935,Dry,30 - 35  MPH,No Control Present,Clear,No,1,0,9
Yes,19.0,No,With Traffic,C: Possible Injury,Female,Greensboro,Guilford,No,Sunday,Motorist Left Turn/Merge,10.0,September,Motorist Left Turn - Opposite Direction,2018,75.0,No,O: No Injury,Female,Passenger Car,No,36.09493697,-79.76875679,Dry,30 - 35  MPH,Stop And Go Signal,Clear,No,0,0,9
Yes,11.0,Missing,Facing Traffic,C: Possible Injury,Male,Charlotte,Mecklenburg,No,Sunday,Motorist Failed to Yield—Midblock,9.0,September,Motorist Drive Out - Commercial Driveway / Alley,2018,54.0,No,O: No Injury,Female,Passenger Car,No,35.28509962,-80.85833829,Dry,30 - 35  MPH,No Control Present,Clear,No,0,0,9
Yes,11.0,No,With Traffic,A: Suspected Serious Injury,Male,Raleigh,Wake,No,Saturday,Motorist Overtaking Bicyclist,20.0,September,Motorist Overtaking - Undetected Bicyclist,2018,58.0,No,O: No Injury,Male,Sport Utility,No,35.74758741,-78.59162472,Dry,40 - 45  MPH,No Control Present,Clear,No,0,0,9
Yes,28.0,Missing,With Traffic,B: Suspected Minor Injury,Male,Charlotte,Mecklenburg,No,Monday,Motorist Overtaking Bicyclist,16.0,October,Motorist Overtaking - Other / Unknown,2018,58.0,No,C: Possible Injury,Female,Passenger Car,No,35.27615389,-80.86773409,Dry,40 - 45  MPH,No Control Present,Clear,No,0,0,10
Yes,45.0,No,With Traffic,B: Suspected Minor Injury,Male,Wilmington,New Hanover,No,Monday,Motorist Left Turn/Merge,15.0,September,Motorist Left Turn - Opposite Direction,2018,37.0,No,O: No Injury,Male,Pickup,No,34.22682787,-77.82242656,Dry,30 - 35  MPH,No Control Present,Clear,No,0,0,9
No,54.0,No,With Traffic,C: Possible Injury,Male,Charlotte,Mecklenburg,No,Saturday,Motorist Overtaking Bicyclist,18.0,September,Motorist Overtaking - Other / Unknown,2018,42.03850604944766,Missing,Unknown Injury,Unknown,Passenger Car,Yes,35.26377569,-80.85463312,Dry,30 - 35  MPH,No Control Present,Clear,No,1,0,9
Yes,57.0,Yes,With Traffic,A: Suspected Serious Injury,Male,Whiteville,Columbus,Yes,Tuesday,Bicyclist Left Turn/Merge,17.0,October,Bicyclist Left Turn - Same Direction,2018,53.0,No,O: No Injury,Female,Sport Utility,No,34.32785227,-78.70322933,Dry,30 - 35  MPH,No Control Present,Clear,No,0,0,10
No,26.0,No,With Traffic,C: Possible Injury,Unknown,Asheville,Buncombe,No,Thursday,Motorist Failed to Yield—Sign-Controlled Intersection,15.0,September,Motorist Drive Out - Sign-Controlled Intersection,2018,61.0,No,O: No Injury,Female,Pickup,No,35.57840952,-82.58380605,Dry,20 - 25  MPH,Stop Sign,Clear,No,0,0,9
Yes,32.0,No,Facing Traffic,B: Suspected Minor Injury,Female,Jacksonville,Onslow,No,Monday,Motorist Failed to Yield—Midblock,16.0,September,Motorist Drive Out - Commercial Driveway / Alley,2018,33.0,No,O: No Injury,Female,Sport Utility,No,34.76955941,-77.38571792,Dry,40 - 45  MPH,Stop Sign,Clear,No,0,0,9
No,24.0,No,With Traffic,A: Suspected Serious Injury,Male,Raleigh,Wake,No,Monday,Motorist Right Turn/Merge,11.0,October,Motorist Right Turn - Same Direction,2018,34.0,Unknown,O: No Injury,Male,Passenger Car,Yes,35.77469027,-78.67974377,Dry,20 - 25  MPH,No Control Present,Clear,No,0,0,10
No,21.0,No,With Traffic,B: Suspected Minor Injury,Male,Raleigh,Wake,No,Tuesday,Motorist Right Turn/Merge,18.0,October,Motorist Right Turn - Same Direction,2018,42.03850604944766,Missing,Unknown Injury,Unknown,Passenger Car,Yes,35.78989362,-78.67788002,Dry,30 - 35  MPH,No Control Present,Clear,No,1,0,10
Yes,31.0,No,Not Applicable,A: Suspected Serious Injury,Male,Wilmington,New Hanover,No,Tuesday,Bicyclist Failed to Yield—Midblock,22.0,August,Bicyclist Ride Out - Other Midblock,2018,49.0,No,O: No Injury,Female,Passenger Car,No,34.22562989,-77.92809422,Dry,30 - 35  MPH,No Control Present,Clear,No,0,0,8
No,19.0,No,Facing Traffic,C: Possible Injury,Male,Wilmington,New Hanover,No,Tuesday,Motorist Failed to Yield—Signalized Intersection,14.0,August,Motorist Drive Out - Right Turn on Red,2018,55.0,No,O: No Injury,Male,Sport Utility,No,34.23135332,-77.87961857,Wet,20 - 25  MPH,Stop And Go Signal,Rain,No,0,0,8
Yes,23.0,No,Facing Traffic,C: Possible Injury,Male,Wilmington,New Hanover,No,Saturday,Crossing Paths—Other Circumstances,15.0,September,Sign-Controlled Intersection - Other / Unknown,2018,19.0,No,O: No Injury,Male,Passenger Car,Yes,34.2261364,-77.92451335,Dry,30 - 35  MPH,Yield Sign,Clear,No,0,0,9
No,61.0,No,With Traffic,C: Possible Injury,Male,Black Mountain,Buncombe,No,Tuesday,Bicyclist Left Turn/Merge,16.0,September,Bicyclist Left Turn - Same Direction,2018,67.0,No,O: No Injury,Female,Passenger Car,No,35.62088811,-82.31200897,Dry,30 - 35  MPH,No Control Present,Cloudy,No,0,0,9
Yes,21.0,No,Facing Traffic,B: Suspected Minor Injury,Female,Kitty Hawk,Dare,No,Saturday,Motorist Right Turn/Merge,17.0,August,Motorist Right Turn - Opposite Direction,2018,42.03850604944766,Missing,Unknown Injury,Unknown,Unknown,Yes,36.09832549,-75.72315181,Dry,50 - 55  MPH,Stop And Go Signal,Clear,No,1,0,8
No,63.0,Missing,Facing Traffic,C: Possible Injury,Male,Charlotte,Mecklenburg,No,Thursday,Bicyclist Failed to Yield—Signalized Intersection,15.0,October,Bicyclist Ride Through - Signalized Intersection,2018,31.0,No,O: No Injury,Male,Passenger Car,No,35.22549587,-80.84321398,Dry,30 - 35  MPH,Stop And Go Signal,Clear,No,0,0,10
No,71.0,No,With Traffic,C: Possible Injury,Male,Durham,Durham,No,Thursday,Motorist Left Turn/Merge,14.0,October,Motorist Left Turn - Opposite Direction,2018,51.0,No,O: No Injury,Female,Passenger Car,No,36.05431292,-78.92858914,Dry,30 - 35  MPH,Stop Sign,Clear,No,0,0,10
Yes,60.0,No,Facing Traffic,C: Possible Injury,Male,Salisbury,Rowan,No,Thursday,Motorist Failed to Yield—Midblock,17.0,October,Motorist Drive Out - Commercial Driveway / Alley,2018,40.0,No,O: No Injury,Female,Sport Utility,No,35.66248232,-80.46410075,Dry,Unknown,No Control Present,Clear,No,0,0,10
Yes,87.0,No,Unknown,B: Suspected Minor Injury,Male,Wilson,Wilson,No,Wednesday,Bicyclist Left Turn/Merge,14.0,September,Bicyclist Left Turn - Opposite Direction,2018,21.0,No,O: No Injury,Female,Passenger Car,No,35.71683784,-77.93369191,Dry,40 - 45  MPH,No Control Present,Clear,No,0,0,9
No,44.0,No,With Traffic,B: Suspected Minor Injury,Male,None - Rural Crash,Onslow,No,Sunday,Motorist Right Turn/Merge,8.0,September,Motorist Right Turn - Same Direction,2018,35.0,No,O: No Injury,Female,Van,Yes,34.8699284,-77.49588694,Dry,50 - 55  MPH,"Double Yellow Line, No Passing Zone",Clear,No,0,0,9
Yes,21.0,No,With Traffic,A: Suspected Serious Injury,Male,None - Rural Crash,New Hanover,No,Monday,Motorist Overtaking Bicyclist,23.0,September,Motorist Overtaking - Bicyclist Swerved,2018,45.0,No,O: No Injury,Female,Van,No,34.2682862,-77.86906915,Dry,50 - 55  MPH,Stop And Go Signal,Clear,No,0,0,9
Yes,62.0,No,With Traffic,B: Suspected Minor Injury,Male,None - Rural Crash,Iredell,No,Tuesday,Bicyclist Overtaking Motorist,17.0,September,Bicyclist Overtaking - Parked Vehicle,2018,42.03850604944766,Missing,Unknown Injury,Unknown,"Single Unit Truck (2-Axle, 6-Tire)",No,35.54867627,-80.92223516,Dry,40 - 45  MPH,No Control Present,Clear,No,1,0,9
Yes,47.0,No,With Traffic,B: Suspected Minor Injury,Male,None - Rural Crash,Transylvania,No,Saturday,Motorist Left Turn/Merge,11.0,September,Motorist Left Turn - Same Direction,2018,25.0,No,O: No Injury,Male,Passenger Car,No,35.233447,-82.734291,Dry,50 - 55  MPH,"Double Yellow Line, No Passing Zone",Clear,No,0,0,9
Yes,36.0,No,Facing Traffic,B: Suspected Minor Injury,Male,None - Rural Crash,Durham,No,Monday,Head-On,18.0,September,Head-On - Bicyclist,2018,38.0,No,O: No Injury,Male,Passenger Car,No,35.98005453,-78.75584962,Dry,50 - 55  MPH,"Double Yellow Line, No Passing Zone",Clear,No,0,0,9
No,8.0,No,Not Applicable,B: Suspected Minor Injury,Male,None - Rural Crash,Onslow,No,Wednesday,Nonroadway,13.0,September,Non-Roadway,2018,15.0,No,O: No Injury,Female,Sport Utility,No,34.79133149,-77.49267261,Dry,5 - 15 MPH,No Control Present,Clear,No,0,0,9
Yes,21.0,No,With Traffic,B: Suspected Minor Injury,Female,None - Rural Crash,Haywood,No,Sunday,Bicyclist Failed to Yield—Sign-Controlled Intersection,16.0,September,Bicyclist Ride Through - Sign-Controlled Intersection,2018,29.0,No,O: No Injury,Female,Passenger Car,No,35.53527915,-82.85690071,Dry,20 - 25  MPH,Stop Sign,Cloudy,No,0,0,9
Yes,44.0,No,With Traffic,B: Suspected Minor Injury,Female,None - Rural Crash,Wilson,No,Sunday,Motorist Overtaking Bicyclist,7.0,August,Motorist Overtaking - Other / Unknown,2018,26.0,No,O: No Injury,Male,Passenger Car,No,35.82260714,-77.9337238,Dry,50 - 55  MPH,No Control Present,Clear,No,0,0,8
Yes,60.0,Missing,With Traffic,B: Suspected Minor Injury,Male,Charlotte,Mecklenburg,No,Thursday,Motorist Overtaking Bicyclist,7.0,October,Motorist Overtaking - Undetected Bicyclist,2018,47.0,No,O: No Injury,Male,Sport Utility,No,35.24153012,-80.98316888,Dry,40 - 45  MPH,No Control Present,Clear,No,0,0,10
Yes,33.0,No,With Traffic,B: Suspected Minor Injury,Female,Winston-Salem,Forsyth,No,Monday,Crossing Paths—Other Circumstances,6.0,September,Crossing Paths - Intersection - Other / Unknown,2018,53.0,No,O: No Injury,Male,Sport Utility,No,36.0845726,-80.26880377,Dry,30 - 35  MPH,Stop And Go Signal,Clear,No,0,0,9
Yes,21.0,No,With Traffic,B: Suspected Minor Injury,Male,Winston-Salem,Forsyth,No,Tuesday,Motorist Overtaking Bicyclist,16.0,October,Motorist Overtaking - Other / Unknown,2018,42.03850604944766,Missing,Unknown Injury,Unknown,Pickup,Yes,36.09344286,-80.37038556,Dry,40 - 45  MPH,Stop And Go Signal,Clear,No,1,0,10
No,50.0,No,Facing Traffic,O: No Injury,Female,Southern Shores,Dare,No,Tuesday,Crossing Paths—Other Circumstances,10.0,September,Sign-Controlled Intersection - Other / Unknown,2018,81.0,No,O: No Injury,Female,Passenger Car,No,36.1287937,-75.72990519,Dry,20 - 25  MPH,Stop And Go Signal,Clear,No,0,0,9
Yes,37.0,No,With Traffic,C: Possible Injury,Male,Hendersonville,Henderson,No,Friday,Motorist Left Turn/Merge,12.0,October,Motorist Left Turn - Opposite Direction,2018,68.0,No,O: No Injury,Female,Passenger Car,No,35.33475912,-82.44781205,Dry,40 - 45  MPH,No Control Present,Clear,No,0,0,10
No,51.0,No,With Traffic,O: No Injury,Male,None - Rural Crash,Pitt,No,Friday,Motorist Overtaking Bicyclist,15.0,August,Motorist Overtaking - Other / Unknown,2018,61.0,No,O: No Injury,Female,Van,No,35.56153104,-77.46234857,Dry,50 - 55  MPH,No Control Present,Clear,Yes,0,0,8
Yes,77.0,No,With Traffic,K: Killed,Male,None - Rural Crash,Davidson,No,Sunday,Bicyclist Left Turn/Merge,19.0,September,Bicyclist Left Turn - Same Direction,2018,36.0,No,O: No Injury,Female,Van,No,35.8010429,-80.29533911,Dry,40 - 45  MPH,Stop And Go Signal,Clear,No,0,0,9
No,73.0,No,With Traffic,C: Possible Injury,Male,Wilmington,New Hanover,No,Sunday,Motorist Left Turn/Merge,13.0,October,Motorist Left Turn - Opposite Direction,2018,27.0,No,C: Possible Injury,Male,Passenger Car,No,34.22043842,-77.88062264,Dry,5 - 15 MPH,No Control Present,Clear,No,0,0,10
Yes,20.0,No,With Traffic,C: Possible Injury,Male,Raleigh,Wake,No,Friday,Crossing Paths—Other Circumstances,17.0,October,Signalized Intersection - Other / Unknown,2018,43.0,No,O: No Injury,Male,Sport Utility,No,35.85548963,-78.57559309,Dry,30 - 35  MPH,Stop And Go Signal,Clear,No,0,0,10
No,22.0,No,With Traffic,B: Suspected Minor Injury,Male,Winston-Salem,Forsyth,No,Thursday,Bicyclist Overtaking Motorist,18.0,September,Bicyclist Overtaking - Other / Unknown,2018,38.0,No,O: No Injury,Female,Passenger Car,No,36.09267533,-80.26434447,Dry,30 - 35  MPH,"Double Yellow Line, No Passing Zone",Clear,No,0,0,9
Yes,64.0,Unknown,With Traffic,C: Possible Injury,Male,None - Rural Crash,Pamlico,No,Sunday,Motorist Overtaking Bicyclist,19.0,September,Motorist Overtaking - Undetected Bicyclist,2018,29.0,No,O: No Injury,Male,Sport Utility,No,35.08602242,-76.66227697,Dry,50 - 55  MPH,No Control Present,Clear,No,0,0,9
Yes,28.0,No,With Traffic,C: Possible Injury,Male,Raleigh,Wake,No,Thursday,Motorist Failed to Yield—Signalized Intersection,12.0,October,Motorist Drive Through - Signalized Intersection,2018,74.0,No,O: No Injury,Male,Passenger Car,No,35.78112797,-78.63804734,Dry,30 - 35  MPH,Stop And Go Signal,Clear,No,0,0,10
Yes,42.0,No,With Traffic,C: Possible Injury,Male,Greensboro,Guilford,No,Tuesday,Motorist Failed to Yield—Midblock,17.0,October,Motorist Drive Out - Commercial Driveway / Alley,2018,52.0,No,O: No Injury,Male,Passenger Car,No,36.07257146,-79.8852996,Dry,5 - 15 MPH,No Control Present,Clear,No,0,0,10
No,32.52649525389365,Unknown,With Traffic,Unknown Injury,Unknown,Asheville,Buncombe,No,Monday,Bicyclist Failed to Yield—Signalized Intersection,16.0,October,Bicyclist Ride Through - Signalized Intersection,2018,59.0,No,O: No Injury,Female,Van,Yes,35.59109507,-82.55514093,Dry,20 - 25  MPH,Stop And Go Signal,Clear,No,0,1,10
Yes,37.0,No,With Traffic,B: Suspected Minor Injury,Male,None - Rural Crash,Pitt,No,Friday,Motorist Overtaking Bicyclist,9.0,September,Motorist Overtaking - Other / Unknown,2018,32.0,No,O: No Injury,Male,Pickup,No,35.62566955,-77.32383563,Dry,60 - 75 MPH,No Control Present,Clear,No,0,0,9
Yes,26.0,No,With Traffic,C: Possible Injury,Male,Kings Mountain,Cleveland,No,Wednesday,Parallel Paths—Other Circumstances,12.0,October,Parallel Paths - Other / Unknown,2018,19.0,No,O: No Injury,Male,Passenger Car,No,35.23774621,-81.39578904,Wet,50 - 55  MPH,Stop And Go Signal,Rain,No,0,0,10
Yes,20.0,No,With Traffic,K: Killed,Male,None - Rural Crash,Carteret,No,Friday,Crossing Paths—Other Circumstances,20.0,September,Sign-Controlled Intersection - Other / Unknown,2018,28.0,No,O: No Injury,Female,Passenger Car,No,34.79322373,-76.87732996,Wet,50 - 55  MPH,Stop Sign,Rain,No,0,0,9
Yes,39.0,No,With Traffic,B: Suspected Minor Injury,Male,Rockingham,Richmond,No,Saturday,Motorist Failed to Yield—Sign-Controlled Intersection,9.0,September,Motorist Drive Out - Sign-Controlled Intersection,2018,58.0,No,O: No Injury,Female,Passenger Car,No,34.94055815,-79.77493142,Dry,30 - 35  MPH,Stop Sign,Clear,No,0,0,9
Yes,46.0,No,Facing Traffic,C: Possible Injury,Male,Charlotte,Mecklenburg,No,Thursday,Crossing Paths—Other Circumstances,13.0,October,Signalized Intersection - Other / Unknown,2018,48.0,No,O: No Injury,Male,Pickup,No,35.23251254,-80.83546348,Wet,30 - 35  MPH,Stop And Go Signal,Cloudy,No,0,0,10
No,57.0,No,With Traffic,O: No Injury,Male,Durham,Durham,No,Thursday,Bicyclist Overtaking Motorist,8.0,October,Bicyclist Overtaking - Other / Unknown,2018,49.0,No,O: No Injury,Male,Pickup,No,35.99515738,-78.90219926,Dry,20 - 25  MPH,Stop And Go Signal,Cloudy,No,0,0,10
Yes,43.0,No,With Traffic,B: Suspected Minor Injury,Male,Hickory,Catawba,No,Thursday,Motorist Overtaking Bicyclist,15.0,October,Motorist Overtaking - Other / Unknown,2018,42.03850604944766,Missing,Unknown Injury,Unknown,Unknown,Yes,35.740731,-81.34855349,Dry,20 - 25  MPH,No Control Present,Clear,No,1,0,10
Yes,61.0,No,With Traffic,A: Suspected Serious Injury,Male,None - Rural Crash,Catawba,No,Thursday,Motorist Overtaking Bicyclist,20.0,October,Motorist Overtaking - Undetected Bicyclist,2018,28.0,No,O: No Injury,Male,Passenger Car,No,35.61754304,-81.25805842,Dry,40 - 45  MPH,"Double Yellow Line, No Passing Zone",Clear,No,0,0,10
No,20.0,No,Facing Traffic,O: No Injury,Male,Wilmington,New Hanover,No,Monday,Motorist Failed to Yield—Midblock,17.0,October,Motorist Drive Out - Commercial Driveway / Alley,2018,60.0,No,O: No Injury,Female,Passenger Car,No,34.23103076,-77.87824584,Dry,40 - 45  MPH,No Control Present,Clear,No,0,0,10
Yes,18.0,No,Not Applicable,B: Suspected Minor Injury,Male,Raleigh,Wake,No,Monday,Bicyclist Failed to Yield—Midblock,11.0,October,Bicyclist Ride Out - Other Midblock,2018,20.0,No,O: No Injury,Female,Sport Utility,Yes,35.7839492,-78.67237985,Dry,5 - 15 MPH,"Double Yellow Line, No Passing Zone",Clear,No,0,0,10
Yes,13.0,No,Facing Traffic,B: Suspected Minor Injury,Male,Kinston,Lenoir,No,Thursday,Bicyclist Right Turn/Merge,20.0,September,Bicyclist Right Turn - Same Direction,2018,33.0,No,O: No Injury,Female,Passenger Car,No,35.28444322,-77.57715385,Dry,30 - 35  MPH,No Control Present,Clear,No,0,0,9
Yes,27.0,No,Facing Traffic,B: Suspected Minor Injury,Male,Greenville,Pitt,No,Tuesday,Motorist Failed to Yield—Sign-Controlled Intersection,19.0,October,Motorist Drive Out - Sign-Controlled Intersection,2018,35.0,No,O: No Injury,Female,Passenger Car,No,35.58407516,-77.35993158,Dry,30 - 35  MPH,No Control Present,Clear,No,0,0,10
Yes,62.0,No,With Traffic,B: Suspected Minor Injury,Male,Mooresville,Iredell,No,Tuesday,Motorist Left Turn/Merge,13.0,September,Motorist Left Turn - Opposite Direction,2018,43.0,No,O: No Injury,Female,Sport Utility,No,35.53527526,-80.84685754,Dry,40 - 45  MPH,Stop And Go Signal,Clear,No,0,0,9
Yes,61.0,No,With Traffic,A: Suspected Serious Injury,Female,None - Rural Crash,Halifax,No,Thursday,Motorist Overtaking Bicyclist,19.0,October,Motorist Overtaking - Undetected Bicyclist,2018,65.0,No,O: No Injury,Male,Passenger Car,No,36.42511535,-77.90363715,Dry,50 - 55  MPH,"Double Yellow Line, No Passing Zone",Clear,No,0,0,10
Yes,32.52649525389365,Missing,Unknown,Unknown Injury,Unknown,Jacksonville,Onslow,No,Thursday,Bicyclist Failed to Yield—Signalized Intersection,10.0,October,Bicyclist Ride Through - Signalized Intersection,2018,84.0,No,O: No Injury,Male,Pickup,No,34.7734815,-77.38849572,Dry,40 - 45  MPH,Stop And Go Signal,Clear,No,0,1,10
Yes,25.0,No,Facing Traffic,O: No Injury,Male,Jacksonville,Onslow,No,Saturday,Bicyclist Failed to Yield—Signalized Intersection,19.0,September,Bicyclist Ride Through - Signalized Intersection,2018,22.0,No,B: Suspected Minor Injury,Female,Pedestrian,No,34.78500446,-77.40034492,Dry,Unknown,Stop And Go Signal,Clear,No,0,0,9
No,33.0,Missing,With Traffic,O: No Injury,Male,Charlotte,Mecklenburg,No,Wednesday,Motorist Left Turn/Merge,19.0,October,Motorist Left Turn - Opposite Direction,2018,56.0,No,O: No Injury,Female,Passenger Car,No,35.186994,-80.83310181,Dry,30 - 35  MPH,No Control Present,Clear,No,0,0,10
No,17.0,No,With Traffic,C: Possible Injury,Male,Statesville,Iredell,No,Friday,Motorist Failed to Yield—Midblock,18.0,October,Motorist Drive Out - Commercial Driveway / Alley,2018,57.0,No,O: No Injury,Female,Passenger Car,No,35.78146637,-80.90729924,Dry,30 - 35  MPH,No Control Present,Clear,No,0,0,10
Yes,59.0,No,With Traffic,B: Suspected Minor Injury,Male,None - Rural Crash,Franklin,No,Thursday,Motorist Overtaking Bicyclist,19.0,July,Motorist Overtaking - Other / Unknown,2018,47.0,No,O: No Injury,Female,Sport Utility,No,36.03374737,-78.45553479,Dry,40 - 45  MPH,"Double Yellow Line, No Passing Zone",Clear,No,0,0,7
Yes,24.0,No,Not Applicable,C: Possible Injury,Male,Carrboro,Orange,No,Wednesday,Nonroadway,18.0,October,Non-Roadway,2018,71.0,No,O: No Injury,Male,Passenger Car,No,35.91759651,-79.0950959,Dry,Unknown,No Control Present,Cloudy,No,0,0,10
Yes,8.0,Missing,With Traffic,C: Possible Injury,Male,Charlotte,Mecklenburg,No,Sunday,Bicyclist Failed to Yield—Sign-Controlled Intersection,17.0,October,Bicyclist Ride Through - Sign-Controlled Intersection,2018,47.0,No,O: No Injury,Female,Sport Utility,No,35.25386268,-80.77129632,Dry,30 - 35  MPH,Stop Sign,Clear,No,0,0,10
No,60.0,No,With Traffic,C: Possible Injury,Male,None - Rural Crash,Onslow,No,Saturday,Motorist Overtaking Bicyclist,23.0,October,Motorist Overtaking - Other / Unknown,2018,42.03850604944766,Unknown,Unknown Injury,Unknown,Pickup,Yes,34.74323,-77.49288989,Dry,40 - 45  MPH,No Control Present,Clear,No,1,0,10
Yes,12.0,No,With Traffic,B: Suspected Minor Injury,Male,None - Rural Crash,Henderson,No,Saturday,Motorist Overtaking Bicyclist,15.0,October,Motorist Overtaking - Bicyclist Swerved,2018,54.0,No,O: No Injury,Female,Passenger Car,No,35.2769303,-82.40753034,Dry,30 - 35  MPH,"Double Yellow Line, No Passing Zone",Clear,No,0,0,10
No,15.0,No,Not Applicable,O: No Injury,Male,Elizabeth City,Pasquotank,No,Tuesday,Crossing Paths—Other Circumstances,16.0,October,Signalized Intersection - Other / Unknown,2018,68.0,No,O: No Injury,Male,"Light Truck (Mini-Van, Panel)",No,36.29997823,-76.2204281,Dry,20 - 25  MPH,Stop And Go Signal,Clear,No,0,0,10
Yes,57.0,No,Unknown,C: Possible Injury,Male,Washington,Beaufort,No,Monday,Head-On,15.0,October,Head-On - Bicyclist,2018,42.03850604944766,Missing,Unknown Injury,Unknown,Sport Utility,No,35.54883846,-77.04076514,Dry,30 - 35  MPH,No Control Present,Clear,No,1,0,10
No,28.0,No,With Traffic,C: Possible Injury,Female,Chapel Hill,Orange,No,Monday,Motorist Failed to Yield—Sign-Controlled Intersection,17.0,October,Motorist Drive Out - Sign-Controlled Intersection,2018,20.0,No,O: No Injury,Female,Passenger Car,No,35.91587417,-79.05163572,Dry,20 - 25  MPH,Stop Sign,Clear,No,0,0,10
Yes,66.0,No,With Traffic,B: Suspected Minor Injury,Female,Morrisville,Wake,No,Sunday,Motorist Right Turn/Merge,8.0,September,Motorist Right Turn - Same Direction,2018,34.0,No,O: No Injury,Female,"Light Truck (Mini-Van, Panel)",No,35.84072695,-78.84547228,Dry,40 - 45  MPH,Stop And Go Signal,Clear,No,0,0,9
Yes,49.0,No,Not Applicable,C: Possible Injury,Female,Winston-Salem,Forsyth,No,Saturday,Bicyclist Failed to Yield—Midblock,18.0,September,Bicyclist Ride Out - Other Midblock,2018,65.0,No,O: No Injury,Female,Passenger Car,No,36.08020125,-80.24439915,Dry,30 - 35  MPH,"Double Yellow Line, No Passing Zone",Clear,No,0,0,9
Yes,25.0,No,With Traffic,B: Suspected Minor Injury,Male,Durham,Durham,No,Monday,Motorist Overtaking Bicyclist,12.0,October,Motorist Overtaking - Bicyclist Swerved,2018,38.0,No,O: No Injury,Male,Van,No,36.00877729,-78.94248653,Dry,30 - 35  MPH,Stop And Go Signal,Clear,No,0,0,10
Yes,16.0,No,With Traffic,B: Suspected Minor Injury,Female,Durham,Durham,No,Wednesday,Bicyclist Failed to Yield—Sign-Controlled Intersection,10.0,October,Bicyclist Ride Through - Sign-Controlled Intersection,2018,54.0,No,O: No Injury,Male,Passenger Car,No,36.01176621,-78.9207199,Dry,20 - 25  MPH,Stop Sign,Cloudy,No,0,0,10
Yes,35.0,No,Facing Traffic,C: Possible Injury,Male,Greenville,Pitt,No,Wednesday,Motorist Failed to Yield—Midblock,14.0,October,Motorist Drive Out - Commercial Driveway / Alley,2018,72.0,No,O: No Injury,Female,Sport Utility,No,35.58831871,-77.37405823,Dry,Unknown,No Control Present,Clear,No,0,0,10
Yes,12.0,No,With Traffic,B: Suspected Minor Injury,Male,Winston-Salem,Forsyth,No,Thursday,Bicyclist Failed to Yield—Sign-Controlled Intersection,17.0,October,Bicyclist Ride Through - Sign-Controlled Intersection,2018,32.0,No,O: No Injury,Male,Sport Utility,No,36.06842186,-80.22441217,Dry,30 - 35  MPH,Stop Sign,Clear,No,0,0,10
Yes,27.0,No,Facing Traffic,A: Suspected Serious Injury,Male,Fayetteville,Cumberland,No,Wednesday,Motorist Right Turn/Merge,22.0,October,Motorist Right Turn - Opposite Direction,2018,42.03850604944766,Unknown,Unknown Injury,Unknown,Unknown,Yes,35.0790961,-78.98868186,Dry,40 - 45  MPH,Stop And Go Signal,Clear,No,1,0,10
Yes,24.0,Missing,Facing Traffic,B: Suspected Minor Injury,Male,Charlotte,Mecklenburg,No,Friday,Motorist Failed to Yield—Midblock,17.0,October,Motorist Drive Out - Commercial Driveway / Alley,2018,45.0,No,O: No Injury,Female,Passenger Car,No,35.15895999,-80.84876963,Dry,30 - 35  MPH,No Control Present,Clear,No,0,0,10