AmbulanceR,BikeAge,BikeAlcFlg,BikeDir,BikeInjury,BikeSex,City,County,CrashAlcoh,CrashDay,CrashGrp,CrashHour,CrashMonth,CrashType,CrashYear,DrvrAge,DrvrAlcFlg,DrvrInjury,DrvrSex,DrvrVehTyp,HitRun,Latitude,Longitude,RdConditio,SpeedLimit,TraffCntrl,Weather,Workzone,DrvrAgeImputedFlag,BikeAgeImputedFlag,MonthCode
Yes,10.0,No,With Traffic,B: Suspected Minor Injury,Male,Winston-Salem,Forsyth,No,Sunday,Parallel Paths—Other Circumstances,12.0,October,Bicyclist Ride Out - Parallel Path,2018,62.0,No,O: No Injury,Male,Passenger Car,No,36.11907339,-80.22639343,Dry,20 - 25  MPH,No Control Present,Clear,No,0,0,10
Yes,54.0,No,Facing Traffic,B: Suspected Minor Injury,Female,Kill Devil Hills,Dare,No,Tuesday,Motorist Failed to Yield—Midblock,8.0,October,Motorist Drive Out - Residential Driveway,2018,65.0,No,O: No Injury,Male,Passenger Car,No,36.02177959,-75.66189771,Dry,30 - 35  MPH,No Control Present,Clear,No,0,0,10
Yes,62.0,No,Facing Traffic,B: Suspected Minor Injury,Male,Oriental,Pamlico,No,Saturday,Motorist Failed to Yield—Sign-Controlled Intersection,14.0,October,Motorist Drive Out - Sign-Controlled Intersection,2018,53.0,No,O: No Injury,Female,Passenger Car,No,35.03289889,-76.69221417,Dry,20 - 25  MPH,Stop Sign,Clear,No,0,0,10
Yes,30.0,No,Not Applicable,B: Suspected Minor Injury,Male,Fayetteville,Cumberland,No,Sunday,Crossing Paths—Other Circumstances,19.0,September,Sign-Controlled Intersection - Other / Unknown,2018,42.03850604944766,Missing,Unknown Injury,Unknown,Unknown,Yes,35.08244233,-78.90299326,Dry,30 - 35  MPH,No Control Present,Clear,No,1,0,9
Yes,73.0,No,With Traffic,A: Suspected Serious Injury,Male,None - Rural Crash,Wake,No,Tuesday,Motorist Overtaking Bicyclist,12.0,October,Motorist Overtaking - Bicyclist Swerved,2018,77.0,No,O: No Injury,Female,Passenger Car,No,35.9239799,-78.6402311,Wet,40 - 45  MPH,"Double Yellow Line, No Passing Zone",Cloudy,No,0,0,10
Yes,34.0,No,Facing Traffic,C: Possible Injury,Male,Raleigh,Wake,No,Sunday,Crossing Paths—Other Circumstances,17.0,October,Signalized Intersection - Other / Unknown,2018,47.0,No,O: No Injury,Male,Sport Utility,No,35.80993365,-78.70540901,Dry,5 - 15 MPH,Stop And Go Signal,Clear,No,0,0,10
Yes,6.0,No,Not Applicable,A: Suspected Serious Injury,Female,None - Rural Crash,Onslow,No,Sunday,Bicyclist Failed to Yield—Midblock,14.0,October,Bicyclist Ride Out - Residential Driveway,2018,37.0,No,O: No Injury,Female,Passenger Car,No,34.82082941,-77.40138821,Dry,20 - 25  MPH,No Control Present,Clear,No,0,0,10
Yes,21.0,No,With Traffic,A: Suspected Serious Injury,Male,Raleigh,Wake,No,Sunday,Bicyclist Failed to Yield—Sign-Controlled Intersection,14.0,October,Bicyclist Ride Through - Sign-Controlled Intersection,2018,39.0,No,O: No Injury,Female,Passenger Car,No,35.78362061,-78.6883017,Dry,20 - 25  MPH,Stop Sign,Clear,No,0,0,10
No,18.0,No,With Traffic,B: Suspected Minor Injury,Male,Asheville,Buncombe,No,Thursday,Motorist Overtaking Bicyclist,11.0,September,Motorist Overtaking - Bicyclist Swerved,2018,50.0,No,O: No Injury,Male,Commercial Bus,No,35.63217052,-82.55448673,Dry,30 - 35  MPH,No Control Present,Cloudy,No,0,0,9
Yes,47.0,No,With Traffic,A: Suspected Serious Injury,Male,Asheville,Buncombe,No,Tuesday,Motorist Left Turn/Merge,16.0,October,Motorist Left Turn - Opposite Direction,2018,28.0,No,O: No Injury,Female,Passenger Car,No,35.56871643,-82.60558878,Dry,30 - 35  MPH,No Control Present,Cloudy,No,0,0,10
No,18.0,No,Unknown,O: No Injury,Male,Carthage,Moore,No,Sunday,Bicyclist Failed to Yield—Sign-Controlled Intersection,16.0,October,Bicyclist Ride Through - Sign-Controlled Intersection,2018,58.0,No,O: No Injury,Female,Passenger Car,No,35.33893475,-79.41906101,Dry,30 - 35  MPH,Stop Sign,Clear,No,0,0,10
Yes,19.0,No,With Traffic,C: Possible Injury,Male,Pineville,Mecklenburg,No,Thursday,Motorist Overtaking Bicyclist,10.0,October,Motorist Overtaking - Other / Unknown,2018,42.03850604944766,Missing,Unknown Injury,Unknown,Passenger Car,Yes,35.07140224,-80.88201318,Dry,Unknown,No Control Present,Clear,No,1,0,10
No,25.0,No,Unknown,B: Suspected Minor Injury,Male,Charlotte,Mecklenburg,No,Sunday,Other/Unknown—Insufficient Details,11.0,October,Unknown Approach Paths,2018,25.0,No,O: No Injury,Female,Sport Utility,No,35.22059733,-80.78051276,Dry,40 - 45  MPH,No Control Present,Cloudy,No,0,0,10
No,20.0,No,With Traffic,C: Possible Injury,Male,Wilmington,New Hanover,No,Monday,Motorist Left Turn/Merge,9.0,October,Motorist Left Turn - Opposite Direction,2018,54.0,No,O: No Injury,Male,Passenger Car,No,34.2187071,-77.86966238,Dry,20 - 25  MPH,Stop Sign,Clear,No,0,0,10
Yes,46.0,No,Facing Traffic,C: Possible Injury,Male,Jacksonville,Onslow,No,Tuesday,Motorist Failed to Yield—Midblock,14.0,October,Motorist Drive Out - Commercial Driveway / Alley,2018,33.0,No,O: No Injury,Female,Sport Utility,No,34.77509583,-77.41136317,Dry,Unknown,No Control Present,Cloudy,No,0,0,10
Yes,55.0,No,Facing Traffic,C: Possible Injury,Male,Raleigh,Wake,No,Thursday,Motorist Failed to Yield—Sign-Controlled Intersection,16.0,October,Motorist Drive Out - Sign-Controlled Intersection,2018,61.0,No,O: No Injury,Female,Sport Utility,No,35.77977742,-78.61805971,Dry,30 - 35  MPH,Stop Sign,Clear,No,0,0,10
Yes,18.0,No,With Traffic,B: Suspected Minor Injury,Male,Morehead City,Carteret,No,Friday,Motorist Left Turn/Merge,7.0,October,Motorist Left Turn - Opposite Direction,2018,30.0,No,O: No Injury,Male,Passenger Car,No,34.7255381,-76.73899776,Dry,30 - 35  MPH,No Control Present,Clear,No,0,0,10
Yes,62.0,No,With Traffic,A: Suspected Serious Injury,Male,None - Rural Crash,Sampson,No,Tuesday,Motorist Overtaking Bicyclist,15.0,October,Motorist Overtaking - Other / Unknown,2018,27.0,No,O: No Injury,Male,Passenger Car,No,34.90566572,-78.522243,Dry,50 - 55  MPH,"Double Yellow Line, No Passing Zone",Clear,No,0,0,10
No,18.0,No,Facing Traffic,B: Suspected Minor Injury,Male,Charlotte,Mecklenburg,No,Wednesday,Motorist Left Turn/Merge,10.0,September,Motorist Left Turn - Same Direction,2018,45.0,No,O: No Injury,Male,Pickup,No,35.30807151,-80.73170979,Dry,20 - 25  MPH,No Control Present,Clear,No,0,0,9
No,19.0,No,With Traffic,B: Suspected Minor Injury,Female,Boone,Watauga,No,Friday,Motorist Right Turn/Merge,17.0,October,Motorist Right Turn - Same Direction,2018,19.0,No,O: No Injury,Female,Passenger Car,No,36.2071599,-81.67184212,Dry,30 - 35  MPH,No Control Present,Clear,No,0,0,10
Yes,20.0,No,Facing Traffic,B: Suspected Minor Injury,Male,Wilmington,New Hanover,No,Thursday,Motorist Failed to Yield—Midblock,13.0,October,Motorist Drive Out - Residential Driveway,2018,49.0,No,O: No Injury,Male,Pickup,No,34.23224567,-77.88169055,Dry,30 - 35  MPH,No Control Present,Clear,No,0,0,10
Yes,35.0,No,With Traffic,B: Suspected Minor Injury,Male,Durham,Durham,No,Monday,Motorist Failed to Yield—Sign-Controlled Intersection,9.0,October,Motorist Drive Out - Sign-Controlled Intersection,2018,70.0,No,O: No Injury,Male,Pickup,No,35.95983125,-78.89345601,Dry,20 - 25  MPH,Stop Sign,Clear,No,0,0,10
Yes,69.0,No,With Traffic,B: Suspected Minor Injury,Male,Greenville,Pitt,No,Thursday,Motorist Right Turn/Merge,12.0,September,Motorist Right Turn - Same Direction,2018,59.0,No,O: No Injury,Male,Passenger Car,No,35.59188396,-77.39819122,Dry,40 - 45  MPH,Stop And Go Signal,Clear,No,0,0,9
Yes,38.0,No,Facing Traffic,C: Possible Injury,Male,Sylva,Jackson,No,Tuesday,Motorist Failed to Yield—Midblock,15.0,September,Motorist Drive Out - Commercial Driveway / Alley,2018,59.0,No,O: No Injury,Female,Passenger Car,No,35.36994913,-83.20365732,Dry,30 - 35  MPH,No Control Present,Clear,No,0,0,9
No,53.0,Missing,With Traffic,C: Possible Injury,Male,Charlotte,Mecklenburg,No,Wednesday,Bicyclist Failed to Yield—Signalized Intersection,22.0,October,Bicyclist Failed to Clear - Trapped,2018,63.0,No,O: No Injury,Female,Passenger Car,No,35.30046834,-80.80158359,Dry,30 - 35  MPH,Stop And Go Signal,Clear,No,0,0,10
Yes,46.0,No,With Traffic,B: Suspected Minor Injury,Male,Winston-Salem,Forsyth,No,Tuesday,Motorist Overtaking Bicyclist,14.0,October,Motorist Overtaking - Other / Unknown,2018,42.03850604944766,Unknown,Unknown Injury,Unknown,Passenger Car,Yes,36.06875214,-80.21243783,Dry,30 - 35  MPH,No Control Present,Clear,No,1,0,10
Yes,44.0,Missing,Facing Traffic,B: Suspected Minor Injury,Male,Charlotte,Mecklenburg,No,Wednesday,Motorist Left Turn/Merge,8.0,October,Motorist Left Turn - Same Direction,2018,74.0,No,O: No Injury,Female,Passenger Car,No,35.20275945,-80.81673334,Dry,30 - 35  MPH,No Control Present,Clear,No,0,0,10
Yes,70.0,No,Facing Traffic,C: Possible Injury,Male,Greensboro,Guilford,No,Thursday,Crossing Paths—Other Circumstances,15.0,October,Signalized Intersection - Other / Unknown,2018,51.0,No,O: No Injury,Male,Passenger Car,No,36.14462523,-79.84294172,Dry,30 - 35  MPH,Stop Sign,Cloudy,No,0,0,10
Yes,63.0,No,With Traffic,C: Possible Injury,Male,Greenville,Pitt,No,Wednesday,Motorist Left Turn/Merge,12.0,October,Motorist Left Turn - Opposite Direction,2018,71.0,No,O: No Injury,Female,Sport Utility,No,35.56912098,-77.38276522,Dry,40 - 45  MPH,No Control Present,Clear,No,0,0,10
No,18.0,Missing,With Traffic,C: Possible Injury,Male,Charlotte,Mecklenburg,No,Thursday,Crossing Paths—Other Circumstances,22.0,October,Signalized Intersection - Other / Unknown,2018,42.03850604944766,Missing,Unknown Injury,Unknown,Pickup,Yes,35.13850886,-80.93520828,Dry,20 - 25  MPH,Stop And Go Signal,Clear,No,1,0,10
Yes,51.0,No,With Traffic,B: Suspected Minor Injury,Male,None - Rural Crash,Dare,No,Sunday,Motorist Overtaking Bicyclist,20.0,October,Motorist Overtaking - Other / Unknown,2018,32.0,No,O: No Injury,Male,"Single Unit Truck (2-Axle, 6-Tire)",No,35.55601649,-75.46897925,Dry,40 - 45  MPH,No Control Present,Clear,No,0,0,10
No,24.0,No,With Traffic,B: Suspected Minor Injury,Male,Durham,Durham,No,Monday,Motorist Overtaking Bicyclist,20.0,October,Motorist Overtaking - Undetected Bicyclist,2018,61.0,No,O: No Injury,Male,Passenger Car,No,35.95741192,-78.98448188,Dry,40 - 45  MPH,No Control Present,Clear,No,0,0,10
Yes,26.0,No,Not Applicable,B: Suspected Minor Injury,Female,Greensboro,Guilford,No,Monday,Nonroadway,6.0,October,Non-Roadway,2018,42.03850604944766,Missing,Unknown Injury,Unknown,Passenger Car,Yes,36.08697308,-79.83588191,Dry,5 - 15 MPH,No Control Present,Clear,No,1,0,10
Yes,39.0,No,With Traffic,B: Suspected Minor Injury,Male,None - Rural Crash,Sampson,No,Saturday,Motorist Overtaking Bicyclist,19.0,October,Motorist Overtaking - Undetected Bicyclist,2018,33.0,No,O: No Injury,Male,Pickup,No,35.13817166,-78.57282882,Dry,50 - 55  MPH,"Double Yellow Line, No Passing Zone",Clear,No,0,0,10
Yes,49.0,Missing,With Traffic,C: Possible Injury,Male,Charlotte,Mecklenburg,No,Thursday,Bicyclist Failed to Yield—Signalized Intersection,14.0,October,Bicyclist Ride Through - Signalized Intersection,2018,49.0,No,O: No Injury,Female,Sport Utility,No,35.19587093,-80.82704946,Dry,30 - 35  MPH,Stop And Go Signal,Clear,No,0,0,10
No,23.0,Yes,Facing Traffic,O: No Injury,Male,Raleigh,Wake,Yes,Thursday,Motorist Failed to Yield—Sign-Controlled Intersection,12.0,October,Motorist Drive Out - Sign-Controlled Intersection,2018,30.0,No,O: No Injury,Female,"Light Truck (Mini-Van, Panel)",No,35.84839105,-78.59907197,Dry,20 - 25  MPH,Stop Sign,Cloudy,No,0,0,10
Yes,42.0,No,With Traffic,B: Suspected Minor Injury,Male,Fayetteville,Cumberland,No,Saturday,Motorist Overtaking Bicyclist,2.0,October,Motorist Overtaking - Other / Unknown,2018,42.03850604944766,Unknown,Unknown Injury,Unknown,Unknown,Yes,35.04142375,-78.89751639,Dry,30 - 35  MPH,No Control Present,Clear,No,1,0,10
No,76.0,No,With Traffic,C: Possible Injury,Male,Waynesville,Haywood,No,Saturday,Motorist Failed to Yield—Sign-Controlled Intersection,9.0,October,Motorist Drive Through - Sign-Controlled Intersection,2018,54.0,No,O: No Injury,Female,Sport Utility,No,35.49915434,-82.96619712,Dry,30 - 35  MPH,Yield Sign,Cloudy,No,0,0,10
Yes,18.0,No,Facing Traffic,C: Possible Injury,Male,Clinton,Sampson,No,Monday,Bicyclist Left Turn/Merge,6.0,October,Bicyclist Left Turn - Same Direction,2018,53.0,No,O: No Injury,Female,Passenger Car,No,35.0060972,-78.31236989,Dry,30 - 35  MPH,Stop And Go Signal,"Fog, Smog, Smoke",No,0,0,10
Yes,54.0,No,With Traffic,B: Suspected Minor Injury,Male,Biltmore Forest,Buncombe,No,Wednesday,Motorist Left Turn/Merge,16.0,October,Motorist Left Turn - Opposite Direction,2018,18.0,No,O: No Injury,Male,Passenger Car,No,35.53127499,-82.53603485,Dry,20 - 25  MPH,No Control Present,Clear,No,0,0,10
No,23.0,No,With Traffic,O: No Injury,Male,Raleigh,Wake,No,Saturday,Motorist Overtaking Bicyclist,13.0,October,Motorist Overtaking - Other / Unknown,2018,42.03850604944766,Missing,Unknown Injury,Unknown,Passenger Car,Yes,35.77544078,-78.64035663,Wet,30 - 35  MPH,No Control Present,Cloudy,No,1,0,10
Yes,16.0,No,Not Applicable,C: Possible Injury,Male,Gastonia,Gaston,No,Tuesday,Motorist Left Turn/Merge,17.0,October,Motorist Left Turn - Same Direction,2018,78.0,No,O: No Injury,Male,Passenger Car,No,35.24101554,-81.19528699,Dry,30 - 35  MPH,No Control Present,Clear,No,0,0,10
No,49.0,Missing,With Traffic,B: Suspected Minor Injury,Male,Charlotte,Mecklenburg,No,Sunday,Motorist Overtaking Bicyclist,16.0,October,Motorist Overtaking - Other / Unknown,2018,42.03850604944766,Missing,Unknown Injury,Unknown,Sport Utility,Yes,35.18059027,-80.88920795,Dry,30 - 35  MPH,Stop And Go Signal,Clear,No,1,0,10
Yes,15.0,No,Not Applicable,B: Suspected Minor Injury,Male,Charlotte,Mecklenburg,No,Wednesday,Crossing Paths—Other Circumstances,21.0,October,Signalized Intersection - Other / Unknown,2018,50.0,No,O: No Injury,Female,Sport Utility,No,35.24570827,-80.89341743,Dry,40 - 45  MPH,No Control Present,Clear,No,0,0,10
Yes,63.0,No,Not Applicable,B: Suspected Minor Injury,Male,Charlotte,Mecklenburg,No,Saturday,Bicyclist Failed to Yield—Signalized Intersection,13.0,November,Bicyclist Failed to Clear - Trapped,2018,48.0,No,B: Suspected Minor Injury,Male,Pickup,No,35.24773854,-80.75260379,Dry,30 - 35  MPH,Stop And Go Signal,Clear,No,0,0,11
Yes,31.0,No,With Traffic,C: Possible Injury,Male,Durham,Durham,No,Friday,Bicyclist Failed to Yield—Signalized Intersection,22.0,November,Bicyclist Ride Through - Signalized Intersection,2018,20.0,No,O: No Injury,Female,Sport Utility,No,36.00232821,-78.91289519,Wet,30 - 35  MPH,Stop And Go Signal,Clear,No,0,0,11
No,53.0,No,With Traffic,B: Suspected Minor Injury,Male,Charlotte,Mecklenburg,No,Sunday,Motorist Overtaking Bicyclist,10.0,November,Motorist Overtaking - Other / Unknown,2018,75.0,No,O: No Injury,Female,Sport Utility,No,35.11047532,-80.79254408,Dry,30 - 35  MPH,No Control Present,Clear,No,0,0,11
Yes,33.0,No,With Traffic,A: Suspected Serious Injury,Male,None - Rural Crash,Polk,No,Wednesday,Motorist Overtaking Bicyclist,16.0,October,Motorist Overtaking - Other / Unknown,2018,66.0,No,O: No Injury,Male,Passenger Car,No,35.23549657,-82.0819521,Dry,40 - 45  MPH,"Double Yellow Line, No Passing Zone",Clear,No,0,0,10
Yes,34.0,Unknown,With Traffic,K: Killed,Male,Wilmington,New Hanover,Yes,Friday,Motorist Left Turn/Merge,21.0,October,Motorist Left Turn - Opposite Direction,2018,45.0,Yes,O: No Injury,Male,Pickup,No,34.23931299,-77.84068394,Wet,20 - 25  MPH,Stop Sign,Cloudy,No,0,0,10
No,30.0,No,With Traffic,O: No Injury,Male,Durham,Durham,No,Monday,Motorist Failed to Yield—Sign-Controlled Intersection,11.0,November,Motorist Drive Through - Sign-Controlled Intersection,2018,42.03850604944766,Missing,Unknown Injury,Unknown,Sport Utility,Yes,35.99427761,-78.90314946,Dry,20 - 25  MPH,Stop Sign,Clear,No,1,0,11
Yes,25.0,No,Facing Traffic,B: Suspected Minor Injury,Male,Winston-Salem,Forsyth,No,Saturday,Motorist Left Turn/Merge,18.0,November,Motorist Left Turn - Same Direction,2018,64.0,No,O: No Injury,Male,Pickup,No,36.09632244,-80.22836538,Dry,30 - 35  MPH,Stop And Go Signal,Clear,No,0,0,11
Yes,60.0,No,Facing Traffic,C: Possible Injury,Male,Winston-Salem,Forsyth,No,Friday,Motorist Failed to Yield—Midblock,15.0,November,Motorist Drive Out - Commercial Driveway / Alley,2018,38.0,No,O: No Injury,Female,Passenger Car,No,36.10233937,-80.22798526,Wet,5 - 15 MPH,No Control Present,Rain,No,0,0,11
Yes,12.0,No,With Traffic,B: Suspected Minor Injury,Male,Henderson,Vance,No,Wednesday,Motorist Failed to Yield—Sign-Controlled Intersection,19.0,October,Motorist Drive Out - Sign-Controlled Intersection,2018,57.0,No,O: No Injury,Male,Passenger Car,No,36.33974067,-78.39926433,Dry,20 - 25  MPH,Stop Sign,Clear,No,0,0,10
No,26.0,No,With Traffic,O: No Injury,Male,Winston-Salem,Forsyth,No,Sunday,Bicyclist Overtaking Motorist,17.0,October,Bicyclist Overtaking - Passing on Right,2018,28.0,No,O: No Injury,Male,Passenger Car,No,36.10076799,-80.24612861,Dry,30 - 35  MPH,No Control Present,Clear,No,0,0,10
No,22.0,No,With Traffic,B: Suspected Minor Injury,Male,Raleigh,Wake,No,Monday,Backing Vehicle,12.0,October,Backing Vehicle,2018,57.0,No,O: No Injury,Female,Passenger Car,No,35.77833991,-78.64237135,Dry,30 - 35  MPH,No Control Present,Clear,No,0,0,10
Yes,14.0,No,Facing Traffic,C: Possible Injury,Male,Cary,Wake,No,Tuesday,Motorist Failed to Yield—Sign-Controlled Intersection,15.0,October,Motorist Drive Out - Sign-Controlled Intersection,2018,17.0,No,O: No Injury,Female,Passenger Car,No,35.77562346,-78.76855233,Dry,20 - 25  MPH,Stop Sign,Cloudy,No,0,0,10
No,20.0,No,Facing Traffic,O: No Injury,Male,Wilmington,New Hanover,No,Thursday,Motorist Failed to Yield—Midblock,14.0,November,Motorist Drive Out - Commercial Driveway / Alley,2018,45.0,No,O: No Injury,Male,Passenger Car,No,34.23097463,-77.87802739,Dry,30 - 35  MPH,No Control Present,Clear,No,0,0,11
Yes,31.0,No,Not Applicable,C: Possible Injury,Male,New Bern,Craven,No,Monday,Bicyclist Failed to Yield—Midblock,7.0,November,Bicyclist Ride Out - Commercial Driveway / Alley,2018,17.0,No,O: No Injury,Female,Passenger Car,No,35.11617216,-77.07391939,Wet,30 - 35  MPH,No Control Present,Cloudy,No,0,0,11
Yes,24.0,Yes,With Traffic,A: Suspected Serious Injury,Male,None - Rural Crash,Iredell,Yes,Saturday,Motorist Overtaking Bicyclist,19.0,November,Motorist Overtaking - Undetected Bicyclist,2018,24.0,Yes,O: No Injury,Male,Passenger Car,No,35.8084658,-80.94706803,Dry,40 - 45  MPH,No Control Present,Clear,No,0,0,11
Yes,65.0,Missing,With Traffic,B: Suspected Minor Injury,Male,Charlotte,Mecklenburg,No,Monday,Parallel Paths—Other Circumstances,17.0,October,Motorist Turn / Merge - Other / Unknown,2018,49.0,No,O: No Injury,Female,Passenger Car,No,35.20485091,-80.82440757,Dry,30 - 35  MPH,Stop Sign,Clear,No,0,0,10
No,47.0,No,Facing Traffic,O: No Injury,Male,Durham,Durham,No,Monday,Motorist Failed to Yield—Sign-Controlled Intersection,15.0,November,Motorist Drive Out - Sign-Controlled Intersection,2018,79.0,No,O: No Injury,Female,Sport Utility,No,36.0087571,-78.91227599,Dry,20 - 25  MPH,Stop Sign,Clear,No,0,0,11
Yes,53.0,Missing,Unknown,B: Suspected Minor Injury,Male,Charlotte,Mecklenburg,No,Wednesday,Bicyclist Failed to Yield—Signalized Intersection,14.0,November,Bicyclist Ride Through - Signalized Intersection,2018,68.0,No,O: No Injury,Male,School Bus,No,35.2156579,-80.7806023,Dry,30 - 35  MPH,Stop And Go Signal,Clear,No,0,0,11
Yes,25.0,No,With Traffic,B: Suspected Minor Injury,Female,Mooresville,Iredell,No,Thursday,Motorist Failed to Yield—Sign-Controlled Intersection,10.0,October,Motorist Drive Out - Sign-Controlled Intersection,2018,49.0,No,O: No Injury,Male,Pickup,No,35.58906619,-80.87634587,Dry,20 - 25  MPH,No Control Present,Clear,No,0,0,10
No,36.0,No,Facing Traffic,C: Possible Injury,Male,Raleigh,Wake,No,Wednesday,Motorist Failed to Yield—Sign-Controlled Intersection,8.0,November,Motorist Drive Out - Sign-Controlled Intersection,2018,45.0,No,O: No Injury,Male,Pickup,No,35.81359132,-78.71206712,Dry,40 - 45  MPH,Stop Sign,Clear,No,0,0,11
Yes,47.0,No,Facing Traffic,B: Suspected Minor Injury,Male,Kill Devil Hills,Dare,No,Sunday,Motorist Failed to Yield—Signalized Intersection,19.0,October,Motorist Drive Out - Signalized Intersection,2018,23.0,No,O: No Injury,Female,Sport Utility,No,36.03772953,-75.67538973,Dry,20 - 25  MPH,Stop And Go Signal,Clear,No,0,0,10
Yes,6.0,No,Not Applicable,B: Suspected Minor Injury,Male,Raeford,Hoke,No,Thursday,Bicyclist Failed to Yield—Midblock,15.0,November,Bicyclist Ride Out - Other Midblock,2018,19.0,No,O: No Injury,Female,Passenger Car,No,34.96928964,-79.22655484,Dry,5 - 15 MPH,No Control Present,Cloudy,No,0,0,11
No,67.0,No,Facing Traffic,C: Possible Injury,Female,Charlotte,Mecklenburg,No,Thursday,Motorist Failed to Yield—Signalized Intersection,13.0,November,Motorist Drive Out - Signalized Intersection,2018,49.0,No,O: No Injury,Female,Sport Utility,No,35.19847058,-80.8110511,Dry,20 - 25  MPH,Stop And Go Signal,Clear,No,0,0,11
Yes,30.0,No,With Traffic,C: Possible Injury,Male,Durham,Durham,No,Friday,Motorist Failed to Yield—Signalized Intersection,8.0,November,Motorist Drive Through - Signalized Intersection,2018,16.0,No,O: No Injury,Female,Sport Utility,No,35.99148894,-78.90887852,Dry,30 - 35  MPH,Stop And Go Signal,Clear,No,0,0,11
No,19.0,No,Not Applicable,O: No Injury,Female,Carolina Beach,New Hanover,No,Monday,Nonroadway,9.0,November,Non-Roadway,2018,37.0,No,O: No Injury,Male,Pickup,No,34.03429475,-77.89442748,Wet,5 - 15 MPH,No Control Present,Cloudy,No,0,0,11
No,13.0,No,With Traffic,O: No Injury,Male,None - Rural Crash,Pitt,No,Sunday,Motorist Overtaking Bicyclist,15.0,November,Motorist Overtaking - Bicyclist Swerved,2018,32.0,No,O: No Injury,Female,Passenger Car,No,35.66833616,-77.44587799,Dry,50 - 55  MPH,"Double Yellow Line, No Passing Zone",Clear,No,0,0,11
Yes,30.0,Yes,Facing Traffic,A: Suspected Serious Injury,Male,Indian Trail,Union,Yes,Friday,Bicyclist Failed to Yield—Signalized Intersection,20.0,November,Bicyclist Ride Through - Signalized Intersection,2018,22.0,No,O: No Injury,Male,Passenger Car,No,35.06222083,-80.63497436,Wet,50 - 55  MPH,Stop And Go Signal,Cloudy,No,0,0,11
No,38.0,No,With Traffic,C: Possible Injury,Female,Wilmington,New Hanover,No,Friday,Motorist Failed to Yield—Sign-Controlled Intersection,7.0,November,Motorist Drive Out - Sign-Controlled Intersection,2018,42.03850604944766,Unknown,O: No Injury,Unknown,Passenger Car,Yes,34.24401187,-77.90546948,Dry,30 - 35  MPH,Stop Sign,Cloudy,No,1,0,11
Yes,38.0,Yes,Facing Traffic,A: Suspected Serious Injury,Male,Monroe,Union,Yes,Friday,Loss of Control/Turning Error,23.0,November,Motorist Turning Error - Left Turn,2018,60.0,No,O: No Injury,Male,Sport Utility,No,34.96527569,-80.54640924,Dry,20 - 25  MPH,No Control Present,Clear,No,0,0,11
No,40.0,No,With Traffic,C: Possible Injury,Male,None - Rural Crash,Wake,No,Friday,Motorist Right Turn/Merge,13.0,November,Motorist Right Turn - Same Direction,2018,74.0,No,O: No Injury,Male,Passenger Car,No,35.78144389,-78.52772688,Dry,40 - 45  MPH,"Double Yellow Line, No Passing Zone",Clear,No,0,0,11
Yes,28.0,No,Facing Traffic,O: No Injury,Female,Raleigh,Wake,No,Wednesday,Motorist Failed to Yield—Midblock,10.0,November,Motorist Drive Out - Commercial Driveway / Alley,2018,78.0,No,O: No Injury,Female,Passenger Car,No,35.7800245,-78.64184802,Wet,30 - 35  MPH,Stop And Go Signal,Rain,No,0,0,11
Yes,42.0,No,With Traffic,B: Suspected Minor Injury,Female,None - Rural Crash,Cleveland,No,Sunday,Bicyclist Left Turn/Merge,17.0,November,Bicyclist Left Turn - Same Direction,2018,65.0,No,O: No Injury,Male,Passenger Car,No,35.24818487,-81.61297295,Dry,50 - 55  MPH,"Double Yellow Line, No Passing Zone",Clear,No,0,0,11
Yes,40.0,Missing,With Traffic,B: Suspected Minor Injury,Male,Charlotte,Mecklenburg,No,Thursday,Motorist Overtaking Bicyclist,0.0,November,Motorist Overtaking - Other / Unknown,2018,42.03850604944766,Missing,Unknown Injury,Unknown,Unknown,Yes,35.22322979,-80.85124527,Wet,30 - 35  MPH,No Control Present,Rain,No,1,0,11
Yes,32.0,No,With Traffic,B: Suspected Minor Injury,Male,Cary,Wake,No,Sunday,Motorist Overtaking Bicyclist,19.0,October,Motorist Overtaking - Other / Unknown,2018,66.0,No,O: No Injury,Male,Passenger Car,No,35.77541397,-78.78171286,Dry,30 - 35  MPH,No Control Present,Clear,No,0,0,10
Yes,44.0,No,With Traffic,B: Suspected Minor Injury,Male,Winston-Salem,Forsyth,No,Tuesday,Bicyclist Failed to Yield—Signalized Intersection,17.0,November,Bicyclist Ride Out - Signalized  Intersection,2018,76.0,No,O: No Injury,Female,Pickup,No,36.1106207,-80.24634422,Wet,30 - 35  MPH,Stop And Go Signal,Cloudy,No,0,0,11
Yes,23.0,Missing,With Traffic,B: Suspected Minor Injury,Male,Charlotte,Mecklenburg,No,Saturday,Parallel Paths—Other Circumstances,14.0,November,Motorist Turn / Merge - Other / Unknown,2018,45.0,No,O: No Injury,Female,Passenger Car,No,35.23089158,-80.83781419,Dry,20 - 25  MPH,Stop And Go Signal,Clear,No,0,0,11