AmbulanceR,BikeAge,BikeAlcFlg,BikeDir,BikeInjury,BikeSex,City,County,CrashAlcoh,CrashDay,CrashGrp,CrashHour,CrashMonth,CrashType,CrashYear,DrvrAge,DrvrAlcFlg,DrvrInjury,DrvrSex,DrvrVehTyp,HitRun,Latitude,Longitude,RdConditio,SpeedLimit,TraffCntrl,Weather,Workzone,DrvrAgeImputedFlag,BikeAgeImputedFlag,MonthCode
Yes,33.0,No,With Traffic,O: No Injury,Male,Shelby,Cleveland,No,Thursday,Motorist Overtaking Bicyclist,3.0,November,Motorist Overtaking - Undetected Bicyclist,2018,15.0,No,C: Possible Injury,Male,Pedalcycle,No,35.28022923,-81.54706573,Dry,Unknown,No Control Present,Clear,No,0,0,11
Yes,20.0,No,With Traffic,B: Suspected Minor Injury,Female,Raleigh,Wake,No,Monday,Bicyclist Left Turn/Merge,21.0,November,Bicyclist Left Turn - Same Direction,2018,42.03850604944766,Missing,Unknown Injury,Unknown,Unknown,Yes,35.77271013,-78.63363716,Wet,30 - 35  MPH,Stop Sign,Rain,No,1,0,11
No,46.0,Missing,With Traffic,B: Suspected Minor Injury,Male,Charlotte,Mecklenburg,No,Sunday,Motorist Overtaking Bicyclist,0.0,November,Motorist Overtaking - Other / Unknown,2018,38.0,No,O: No Injury,Male,Passenger Car,No,35.23251483,-80.85160642,Dry,30 - 35  MPH,No Control Present,Clear,No,0,0,11
Yes,23.0,No,With Traffic,B: Suspected Minor Injury,Male,Jacksonville,Onslow,No,Tuesday,Motorist Failed to Yield—Midblock,15.0,November,Motorist Drive Out - Residential Driveway,2018,19.0,No,O: No Injury,Female,Sport Utility,No,34.78607803,-77.39348678,Dry,Unknown,Stop Sign,Clear,No,0,0,11
Yes,22.0,No,Facing Traffic,O: No Injury,Female,Chapel Hill,Orange,No,Wednesday,Motorist Right Turn/Merge,9.0,November,Motorist Right Turn - Opposite Direction,2018,66.0,No,O: No Injury,Female,Passenger Car,No,35.92781248,-79.03218871,Dry,30 - 35  MPH,No Control Present,Clear,No,0,0,11
Yes,36.0,Unknown,With Traffic,C: Possible Injury,Male,None - Rural Crash,Carteret,No,Monday,Motorist Overtaking Bicyclist,18.0,November,Motorist Overtaking - Undetected Bicyclist,2018,51.0,No,C: Possible Injury,Male,Passenger Car,No,34.7212365,-77.06802243,Dry,40 - 45  MPH,No Control Present,Clear,No,0,0,11
Yes,38.0,No,With Traffic,B: Suspected Minor Injury,Male,New Bern,Craven,No,Thursday,Motorist Left Turn/Merge,7.0,November,Motorist Left Turn - Opposite Direction,2018,42.03850604944766,Missing,Unknown Injury,Unknown,Sport Utility,Yes,35.11210031,-77.06599911,Wet,20 - 25  MPH,No Control Present,Rain,No,1,0,11
No,22.0,No,Facing Traffic,B: Suspected Minor Injury,Male,Raleigh,Wake,No,Friday,Motorist Failed to Yield—Midblock,12.0,November,Motorist Drive Out - Commercial Driveway / Alley,2018,28.0,No,O: No Injury,Male,Pickup,No,35.78975582,-78.67676137,Dry,30 - 35  MPH,No Control Present,Clear,No,0,0,11
Yes,56.0,No,With Traffic,A: Suspected Serious Injury,Male,Boiling Spring Lakes,Brunswick,No,Tuesday,Parallel Paths—Other Circumstances,17.0,November,Parallel Paths - Other / Unknown,2018,60.0,No,Unknown Injury,Male,"Single Unit Truck (2-Axle, 6-Tire)",No,34.02877045,-78.066138,Dry,40 - 45  MPH,No Control Present,Clear,No,0,0,11
Yes,25.0,No,With Traffic,C: Possible Injury,Female,None - Rural Crash,Moore,No,Wednesday,Motorist Overtaking Bicyclist,7.0,July,Motorist Overtaking - Other / Unknown,2018,54.0,No,O: No Injury,Male,Pickup,No,35.19737171,-79.36109341,Dry,50 - 55  MPH,No Control Present,Clear,No,0,0,7
Yes,62.0,No,With Traffic,C: Possible Injury,Male,Rolesville,Wake,No,Wednesday,Motorist Overtaking Bicyclist,16.0,November,Motorist Overtaking - Other / Unknown,2018,45.0,No,O: No Injury,Female,Sport Utility,No,35.93403994,-78.43854117,Dry,50 - 55  MPH,No Control Present,Clear,No,0,0,11
Yes,40.0,Missing,With Traffic,K: Killed,Male,Charlotte,Mecklenburg,No,Wednesday,Motorist Overtaking Bicyclist,0.0,November,Motorist Overtaking - Bicyclist Swerved,2018,38.0,No,C: Possible Injury,Female,Sport Utility,No,35.22060522,-80.85095583,Dry,30 - 35  MPH,No Control Present,Clear,No,0,0,11
No,20.0,No,Not Applicable,O: No Injury,Male,Wilmington,New Hanover,No,Monday,Bicyclist Failed to Yield—Midblock,15.0,November,Bicyclist Ride Out - Other Midblock,2018,19.0,No,O: No Injury,Male,Passenger Car,No,34.22545378,-77.86664939,Dry,20 - 25  MPH,No Control Present,Clear,No,0,0,11
Yes,14.0,Missing,With Traffic,C: Possible Injury,Male,Charlotte,Mecklenburg,No,Friday,Crossing Paths—Other Circumstances,13.0,November,Signalized Intersection - Other / Unknown,2018,40.0,No,O: No Injury,Male,Van,No,35.26308812,-80.85473812,Dry,30 - 35  MPH,Stop And Go Signal,Clear,No,0,0,11
Yes,14.0,Missing,Facing Traffic,B: Suspected Minor Injury,Male,Charlotte,Mecklenburg,No,Sunday,Bicyclist Failed to Yield—Midblock,17.0,November,Bicyclist Ride Out - Midblock - Unknown,2018,22.0,No,C: Possible Injury,Female,Passenger Car,No,35.26267485,-80.88158955,Dry,30 - 35  MPH,No Control Present,Clear,No,0,0,11
Yes,31.0,No,With Traffic,B: Suspected Minor Injury,Male,Hillsborough,Orange,No,Sunday,Motorist Left Turn/Merge,16.0,November,Motorist Left Turn - Opposite Direction,2018,27.0,No,O: No Injury,Female,Passenger Car,No,36.07104791,-79.11161045,Dry,30 - 35  MPH,No Control Present,Clear,No,0,0,11
No,62.0,No,Facing Traffic,O: No Injury,Male,Salisbury,Rowan,No,Wednesday,Motorist Failed to Yield—Midblock,15.0,November,Motorist Drive Out - Commercial Driveway / Alley,2018,58.0,No,O: No Injury,Female,Sport Utility,No,35.66042423,-80.46214045,Dry,30 - 35  MPH,No Control Present,Clear,No,0,0,11
No,26.0,No,With Traffic,O: No Injury,Male,Raleigh,Wake,No,Wednesday,Motorist Failed to Yield—Midblock,15.0,November,Motorist Drive Out - Commercial Driveway / Alley,2018,37.0,No,O: No Injury,Female,Passenger Car,No,35.78606759,-78.70725719,Dry,5 - 15 MPH,No Control Present,Clear,No,0,0,11
No,24.0,No,With Traffic,O: No Injury,Male,Raleigh,Wake,No,Sunday,Bicyclist Overtaking Motorist,10.0,November,Bicyclist Overtaking - Other / Unknown,2018,20.0,No,O: No Injury,Male,Passenger Car,No,35.77676665,-78.63453067,Dry,30 - 35  MPH,No Control Present,Clear,No,0,0,11
Yes,25.0,No,With Traffic,B: Suspected Minor Injury,Male,None - Rural Crash,Wake,No,Sunday,Loss of Control/Turning Error,12.0,November,Motorist Turning Error - Left Turn,2018,26.0,No,O: No Injury,Male,Passenger Car,No,35.67369691,-78.79372609,Dry,40 - 45  MPH,Stop Sign,Clear,No,0,0,11
Yes,41.0,Missing,Facing Traffic,C: Possible Injury,Male,Charlotte,Mecklenburg,No,Saturday,Motorist Failed to Yield—Sign-Controlled Intersection,15.0,November,Motorist Drive Out - Sign-Controlled Intersection,2018,47.0,No,O: No Injury,Male,Sport Utility,No,35.15139933,-80.79322479,Dry,20 - 25  MPH,Stop Sign,Clear,No,0,0,11
Yes,68.0,No,Facing Traffic,C: Possible Injury,Male,Wilmington,New Hanover,No,Sunday,Motorist Failed to Yield—Midblock,16.0,November,Motorist Drive Out - Residential Driveway,2018,60.0,No,O: No Injury,Female,Passenger Car,No,34.2309015,-77.87120956,Dry,20 - 25  MPH,No Control Present,Clear,No,0,0,11
Yes,20.0,No,With Traffic,B: Suspected Minor Injury,Male,Durham,Durham,No,Wednesday,Bicyclist Overtaking Motorist,13.0,November,Bicyclist Overtaking - Parked Vehicle,2018,42.03850604944766,Missing,Unknown Injury,Unknown,Sport Utility,No,35.9124346,-78.94074173,Dry,30 - 35  MPH,No Control Present,Clear,No,1,0,11
No,36.0,Yes,Facing Traffic,C: Possible Injury,Male,Fayetteville,Cumberland,Yes,Thursday,Bicyclist Failed to Yield—Midblock,17.0,November,Bicyclist Ride Out - Other Midblock,2018,20.0,No,O: No Injury,Male,Passenger Car,No,35.07169789,-78.89384008,Dry,20 - 25  MPH,No Control Present,Clear,No,0,0,11
Yes,43.0,No,With Traffic,B: Suspected Minor Injury,Male,Kitty Hawk,Dare,No,Friday,Motorist Overtaking Bicyclist,17.0,November,Motorist Overtaking - Bicyclist Swerved,2018,30.0,No,O: No Injury,Female,Passenger Car,No,36.0659825,-75.69515402,Dry,30 - 35  MPH,No Control Present,Clear,No,0,0,11
No,28.0,No,With Traffic,C: Possible Injury,Female,Durham,Durham,No,Tuesday,Motorist Overtaking Bicyclist,17.0,November,Motorist Overtaking - Misjudged Space,2018,42.03850604944766,Missing,Unknown Injury,Unknown,Unknown,Yes,36.00120936,-78.93010121,Dry,20 - 25  MPH,No Control Present,Clear,No,1,0,11
No,44.0,No,With Traffic,O: No Injury,Male,Winston-Salem,Forsyth,No,Friday,Motorist Overtaking Bicyclist,8.0,November,Motorist Overtaking - Other / Unknown,2018,67.0,No,O: No Injury,Female,Passenger Car,No,36.12166479,-80.26772169,Dry,40 - 45  MPH,No Control Present,Clear,No,0,0,11
Yes,20.0,Missing,Facing Traffic,B: Suspected Minor Injury,Male,Charlotte,Mecklenburg,No,Friday,Motorist Failed to Yield—Signalized Intersection,15.0,November,Motorist Drive Out - Right Turn on Red,2018,22.0,No,O: No Injury,Female,Passenger Car,No,35.29895463,-80.73690682,Dry,30 - 35  MPH,Stop And Go Signal,Cloudy,No,0,0,11
Yes,14.0,No,Facing Traffic,A: Suspected Serious Injury,Female,Fayetteville,Cumberland,No,Friday,Bicyclist Failed to Yield—Midblock,17.0,November,Bicyclist Ride Out - Other Midblock,2018,29.0,No,O: No Injury,Male,Passenger Car,No,35.06035838,-79.04636911,Wet,40 - 45  MPH,No Control Present,Rain,No,0,0,11
No,30.0,No,With Traffic,K: Killed,Male,None - Rural Crash,New Hanover,No,Tuesday,Loss of Control/Turning Error,17.0,October,Bicyclist Lost Control - Other / Unknown,2018,51.0,No,O: No Injury,Male,Single Unit Truck (3 Or More Axles),No,34.26600853,-77.92103765,Dry,40 - 45  MPH,"Double Yellow Line, No Passing Zone",Clear,No,0,0,10
Yes,18.0,No,With Traffic,B: Suspected Minor Injury,Male,Greensboro,Guilford,No,Monday,Motorist Right Turn/Merge,17.0,December,Motorist Right Turn - Same Direction,2018,57.0,No,O: No Injury,Female,Passenger Car,No,36.09737401,-79.81766074,Dry,30 - 35  MPH,Stop And Go Signal,Clear,No,0,0,12
Yes,23.0,No,With Traffic,K: Killed,Male,None - Rural Crash,Scotland,No,Thursday,Motorist Overtaking Bicyclist,6.0,October,Motorist Overtaking - Other / Unknown,2018,27.0,No,O: No Injury,Female,Passenger Car,No,34.8193818,-79.53364927,Dry,40 - 45  MPH,No Control Present,Clear,No,0,0,10
No,37.0,No,Facing Traffic,B: Suspected Minor Injury,Male,Winterville,Pitt,No,Tuesday,Motorist Failed to Yield—Midblock,18.0,December,Motorist Drive Out - Commercial Driveway / Alley,2018,43.0,No,O: No Injury,Female,Sport Utility,No,35.54830048,-77.395071,Dry,5 - 15 MPH,No Control Present,Clear,No,0,0,12
Yes,62.0,No,With Traffic,A: Suspected Serious Injury,Male,None - Rural Crash,Wake,No,Wednesday,Motorist Overtaking Bicyclist,5.0,November,Motorist Overtaking - Undetected Bicyclist,2018,42.03850604944766,No,Unknown Injury,Unknown,Unknown,Yes,35.70462738,-78.59767564,Dry,40 - 45  MPH,"Double Yellow Line, No Passing Zone",Clear,No,1,0,11
Yes,65.0,Yes,With Traffic,A: Suspected Serious Injury,Male,None - Rural Crash,Onslow,Yes,Thursday,Motorist Overtaking Bicyclist,6.0,November,Motorist Overtaking - Undetected Bicyclist,2018,47.0,No,O: No Injury,Male,Passenger Car,No,34.68984258,-77.19097237,Dry,40 - 45  MPH,"Double Yellow Line, No Passing Zone",Clear,No,0,0,11
Yes,57.0,Missing,With Traffic,C: Possible Injury,Male,Charlotte,Mecklenburg,No,Tuesday,Motorist Left Turn/Merge,6.0,December,Motorist Left Turn - Opposite Direction,2018,47.0,No,O: No Injury,Male,Sport Utility,No,35.08776215,-80.7744002,Dry,40 - 45  MPH,Stop And Go Signal,Clear,No,0,0,12
No,63.0,No,Facing Traffic,C: Possible Injury,Male,Fayetteville,Cumberland,No,Tuesday,Head-On,9.0,November,Head-On - Bicyclist,2018,43.0,No,O: No Injury,Male,Pickup,No,35.06618939,-78.87876331,Dry,30 - 35  MPH,No Control Present,Clear,No,0,0,11
Yes,64.0,No,With Traffic,A: Suspected Serious Injury,Male,Gastonia,Gaston,No,Monday,Motorist Left Turn/Merge,7.0,December,Motorist Left Turn - Opposite Direction,2018,17.0,No,O: No Injury,Female,Passenger Car,No,35.23678916,-81.1164547,Wet,30 - 35  MPH,No Control Present,Clear,No,0,0,12
Yes,65.0,No,With Traffic,B: Suspected Minor Injury,Male,None - Rural Crash,Cabarrus,No,Thursday,Motorist Overtaking Bicyclist,13.0,November,Motorist Overtaking - Other / Unknown,2018,42.03850604944766,Unknown,Unknown Injury,Unknown,Van,Yes,35.24549811,-80.58577453,Dry,50 - 55  MPH,No Control Present,Cloudy,No,1,0,11
No,55.0,No,With Traffic,C: Possible Injury,Male,None - Rural Crash,Durham,No,Saturday,Motorist Failed to Yield—Sign-Controlled Intersection,14.0,November,Motorist Drive Out - Sign-Controlled Intersection,2018,68.0,No,O: No Injury,Male,Passenger Car,No,36.02413307,-78.80316623,Dry,40 - 45  MPH,Stop Sign,Clear,No,0,0,11
Yes,53.0,No,With Traffic,A: Suspected Serious Injury,Male,Smithfield,Johnston,No,Wednesday,Motorist Overtaking Bicyclist,16.0,November,Motorist Overtaking - Other / Unknown,2018,65.0,No,O: No Injury,Male,Passenger Car,No,35.47846854,-78.3747343,Dry,40 - 45  MPH,No Control Present,Clear,No,0,0,11
No,67.0,No,Facing Traffic,C: Possible Injury,Male,Hope Mills,Cumberland,No,Tuesday,Motorist Failed to Yield—Midblock,15.0,November,Motorist Drive Out - Commercial Driveway / Alley,2018,42.03850604944766,Missing,Unknown Injury,Unknown,Unknown,Yes,35.00576381,-78.96615126,Dry,30 - 35  MPH,No Control Present,Clear,No,1,0,11
Yes,20.0,No,Unknown,C: Possible Injury,Male,Charlotte,Mecklenburg,No,Thursday,Bicyclist Failed to Yield—Signalized Intersection,10.0,December,Bicyclist Ride Through - Signalized Intersection,2018,61.0,No,O: No Injury,Male,Pickup,No,35.22576279,-80.84513332,Dry,30 - 35  MPH,Stop And Go Signal,Clear,No,0,0,12
No,20.0,No,With Traffic,O: No Injury,Male,Raleigh,Wake,No,Thursday,Motorist Right Turn/Merge,12.0,December,Motorist Right Turn - Same Direction,2018,42.03850604944766,Missing,Unknown Injury,Unknown,Passenger Car,Yes,35.83634373,-78.64595109,Dry,30 - 35  MPH,Stop And Go Signal,Clear,No,1,0,12
Yes,18.0,No,Facing Traffic,C: Possible Injury,Female,Wilson,Wilson,No,Wednesday,Head-On,19.0,November,Head-On - Bicyclist,2018,80.0,No,O: No Injury,Male,Pickup,No,35.74713452,-77.907085,Dry,30 - 35  MPH,No Control Present,Clear,No,0,0,11
No,49.0,No,With Traffic,B: Suspected Minor Injury,Male,None - Rural Crash,Catawba,No,Sunday,Motorist Overtaking Bicyclist,11.0,November,Motorist Overtaking - Other / Unknown,2018,57.0,No,O: No Injury,Female,Passenger Car,No,35.76459493,-81.13395724,Dry,40 - 45  MPH,No Control Present,Clear,No,0,0,11
No,31.0,Missing,With Traffic,C: Possible Injury,Male,Charlotte,Mecklenburg,No,Monday,Motorist Left Turn/Merge,8.0,November,Motorist Left Turn - Opposite Direction,2018,99.0,No,O: No Injury,Male,Passenger Car,No,35.23100413,-80.83761691,Dry,30 - 35  MPH,Stop And Go Signal,Clear,No,0,0,11
No,27.0,No,With Traffic,C: Possible Injury,Male,Statesville,Iredell,No,Monday,Bicyclist Failed to Yield—Sign-Controlled Intersection,15.0,December,Bicyclist Ride Through - Sign-Controlled Intersection,2018,35.0,No,O: No Injury,Male,Sport Utility,No,35.78037407,-80.87895374,Dry,20 - 25  MPH,Stop Sign,Clear,No,0,0,12
No,19.0,No,Facing Traffic,B: Suspected Minor Injury,Male,Chapel Hill,Orange,No,Monday,Motorist Failed to Yield—Signalized Intersection,13.0,October,Motorist Drive Out - Right Turn on Red,2018,38.0,No,O: No Injury,Male,Passenger Car,No,35.90381558,-79.04442063,Dry,20 - 25  MPH,Stop And Go Signal,Clear,No,0,0,10
Yes,36.0,No,With Traffic,C: Possible Injury,Female,Durham,Durham,No,Wednesday,Motorist Failed to Yield—Sign-Controlled Intersection,9.0,December,Motorist Drive Out - Sign-Controlled Intersection,2018,93.0,No,O: No Injury,Male,Passenger Car,No,36.00431352,-78.9343,Dry,20 - 25  MPH,Stop Sign,Clear,No,0,0,12
Yes,49.0,No,With Traffic,C: Possible Injury,Male,None - Rural Crash,Catawba,No,Thursday,Motorist Overtaking Bicyclist,8.0,December,Motorist Overtaking - Bicyclist Swerved,2018,34.0,No,O: No Injury,Female,Sport Utility,No,35.68731333,-81.3080379,Dry,40 - 45  MPH,"Double Yellow Line, No Passing Zone",Clear,No,0,0,12
Yes,61.0,Yes,Facing Traffic,A: Suspected Serious Injury,Male,None - Rural Crash,Wayne,Yes,Wednesday,Head-On,20.0,December,Head-On - Bicyclist,2018,30.0,No,O: No Injury,Female,Pickup,No,35.18022035,-78.08148821,Dry,40 - 45  MPH,No Control Present,Clear,No,0,0,12
No,57.0,No,With Traffic,B: Suspected Minor Injury,Male,Winston-Salem,Forsyth,No,Sunday,Bicyclist Overtaking Motorist,14.0,November,Bicyclist Overtaking - Extended Door,2018,21.0,Missing,O: No Injury,Female,Passenger Car,No,36.10045712,-80.24527226,Dry,30 - 35  MPH,No Control Present,Clear,No,0,0,11
Yes,9.0,No,Facing Traffic,C: Possible Injury,Male,Durham,Durham,No,Wednesday,Head-On,13.0,December,Head-On - Bicyclist,2018,48.0,No,O: No Injury,Female,Sport Utility,No,36.00325966,-78.86520736,Dry,20 - 25  MPH,No Control Present,Clear,No,0,0,12
Yes,15.0,No,With Traffic,B: Suspected Minor Injury,Female,Winston-Salem,Forsyth,No,Tuesday,Loss of Control/Turning Error,17.0,December,Bicyclist Turning Error - Right Turn,2018,37.0,No,O: No Injury,Female,Sport Utility,No,36.12079583,-80.2251228,Dry,20 - 25  MPH,No Control Present,Clear,No,0,0,12
Yes,21.0,No,Not Applicable,B: Suspected Minor Injury,Male,Asheville,Buncombe,No,Wednesday,Bicyclist Failed to Yield—Midblock,13.0,December,Bicyclist Ride Out - Commercial Driveway / Alley,2018,52.0,No,O: No Injury,Male,Passenger Car,No,35.59621881,-82.53387687,Dry,30 - 35  MPH,Stop Sign,Cloudy,No,0,0,12
Yes,50.0,Yes,With Traffic,C: Possible Injury,Male,Hendersonville,Henderson,Yes,Sunday,Bicyclist Failed to Yield—Signalized Intersection,14.0,December,Bicyclist Ride Through - Signalized Intersection,2018,84.0,No,O: No Injury,Male,Sport Utility,No,35.30705922,-82.45562528,Wet,30 - 35  MPH,Stop And Go Signal,Rain,No,0,0,12
No,47.0,No,Facing Traffic,B: Suspected Minor Injury,Male,Durham,Durham,No,Sunday,Bicyclist Failed to Yield—Signalized Intersection,23.0,December,Bicyclist Ride Through - Signalized Intersection,2018,42.03850604944766,Missing,Unknown Injury,Unknown,Passenger Car,Yes,36.01427362,-78.89080393,Dry,30 - 35  MPH,Stop And Go Signal,Clear,No,1,0,12
Yes,68.0,No,With Traffic,B: Suspected Minor Injury,Male,Burlington,Alamance,No,Thursday,Motorist Failed to Yield—Signalized Intersection,11.0,December,Motorist Drive Out - Right Turn on Red,2018,31.0,No,O: No Injury,Male,Pickup,No,36.10066496,-79.43435412,Dry,30 - 35  MPH,Stop And Go Signal,Cloudy,No,0,0,12
No,31.0,No,With Traffic,B: Suspected Minor Injury,Male,Durham,Durham,No,Thursday,Motorist Overtaking Bicyclist,19.0,December,Motorist Overtaking - Other / Unknown,2018,42.03850604944766,Missing,Unknown Injury,Unknown,Passenger Car,Yes,36.01001389,-78.92081183,Dry,20 - 25  MPH,Stop Sign,Cloudy,No,1,0,12
Yes,32.52649525389365,No,With Traffic,Unknown Injury,Unknown,Carrboro,Orange,No,Saturday,Bicyclist Left Turn/Merge,11.0,December,Bicyclist Left Turn - Same Direction,2018,64.0,No,O: No Injury,Female,Passenger Car,No,35.90960185,-79.07231334,Wet,20 - 25  MPH,No Control Present,Cloudy,No,0,1,12
Yes,56.0,No,With Traffic,B: Suspected Minor Injury,Male,Jacksonville,Onslow,No,Wednesday,Motorist Overtaking Bicyclist,17.0,December,Motorist Overtaking - Bicyclist Swerved,2018,25.0,No,O: No Injury,Female,Sport Utility,No,34.74318312,-77.37181331,Dry,30 - 35  MPH,No Control Present,Clear,No,0,0,12
Yes,22.0,No,With Traffic,B: Suspected Minor Injury,Female,Chapel Hill,Orange,No,Wednesday,Motorist Left Turn/Merge,7.0,November,Motorist Left Turn - Opposite Direction,2018,18.0,No,O: No Injury,Male,Passenger Car,No,35.90571691,-79.04541273,Dry,20 - 25  MPH,No Control Present,Clear,No,0,0,11
Yes,52.0,No,Facing Traffic,B: Suspected Minor Injury,Male,Fayetteville,Cumberland,No,Thursday,Motorist Failed to Yield—Sign-Controlled Intersection,17.0,December,Motorist Drive Out - Sign-Controlled Intersection,2018,73.0,No,O: No Injury,Male,Passenger Car,No,35.0633391,-78.87822357,Dry,30 - 35  MPH,Stop Sign,Clear,No,0,0,12
Yes,14.0,No,Not Applicable,B: Suspected Minor Injury,Male,None - Rural Crash,Rockingham,No,Monday,Bicyclist Failed to Yield—Midblock,13.0,December,Bicyclist Ride Out - Residential Driveway,2018,59.0,No,O: No Injury,Male,Passenger Car,No,36.53285279,-79.80466258,Wet,40 - 45  MPH,"Double Yellow Line, No Passing Zone",Cloudy,No,0,0,12
Yes,71.0,No,With Traffic,C: Possible Injury,Female,Kill Devil Hills,Dare,No,Monday,Bicyclist Left Turn/Merge,8.0,December,Bicyclist Left Turn - Same Direction,2018,33.0,No,O: No Injury,Male,Pedalcycle,No,36.03929081,-75.67242676,Dry,Unknown,Stop Sign,Clear,No,0,0,12
Yes,43.0,No,With Traffic,C: Possible Injury,Male,Fayetteville,Cumberland,No,Wednesday,Motorist Right Turn/Merge,10.0,December,Motorist Right Turn - Same Direction,2018,27.0,No,O: No Injury,Female,Passenger Car,No,35.07734278,-78.95895117,Dry,40 - 45  MPH,Stop And Go Signal,Clear,No,0,0,12
Yes,10.0,No,With Traffic,C: Possible Injury,Female,Kinston,Lenoir,No,Friday,Bicyclist Failed to Yield—Sign-Controlled Intersection,11.0,September,Bicyclist Ride Through - Sign-Controlled Intersection,2018,61.0,No,O: No Injury,Male,Pickup,No,35.27025723,-77.58586412,Dry,30 - 35  MPH,Stop Sign,Clear,No,0,0,9
Yes,69.0,No,With Traffic,A: Suspected Serious Injury,Female,Washington Park,Beaufort,No,Saturday,Motorist Left Turn/Merge,14.0,December,Motorist Left Turn - Opposite Direction,2018,86.0,No,O: No Injury,Female,Passenger Car,No,35.53423359,-77.02577174,Dry,30 - 35  MPH,No Control Present,Clear,No,0,0,12
Yes,7.0,No,Not Applicable,C: Possible Injury,Male,Raleigh,Wake,No,Friday,Bicyclist Failed to Yield—Midblock,16.0,December,Bicyclist Ride Out - Residential Driveway,2018,70.0,No,O: No Injury,Female,Passenger Car,No,35.74365995,-78.61715708,Dry,Unknown,No Control Present,Clear,No,0,0,12
Yes,32.0,No,Facing Traffic,B: Suspected Minor Injury,Male,New Bern,Craven,No,Saturday,Motorist Failed to Yield—Sign-Controlled Intersection,18.0,December,Motorist Drive Out - Sign-Controlled Intersection,2018,54.0,No,O: No Injury,Male,Passenger Car,No,35.11806508,-77.07760844,Dry,30 - 35  MPH,Stop Sign,Clear,No,0,0,12
Yes,57.0,No,With Traffic,O: No Injury,Male,Garner,Wake,No,Saturday,Motorist Overtaking Bicyclist,15.0,December,Motorist Overtaking - Other / Unknown,2018,43.0,No,O: No Injury,Female,Sport Utility,No,35.7187502,-78.62424674,Dry,30 - 35  MPH,No Control Present,Clear,No,0,0,12
No,74.0,No,With Traffic,C: Possible Injury,Male,Cary,Wake,No,Sunday,Motorist Overtaking Bicyclist,9.0,December,Motorist Overtaking - Bicyclist Swerved,2018,39.0,No,O: No Injury,Female,Passenger Car,No,35.75790895,-78.78003757,Dry,40 - 45  MPH,Stop And Go Signal,Clear,No,0,0,12
Yes,21.0,No,Not Applicable,B: Suspected Minor Injury,Male,Cary,Wake,No,Sunday,Nonroadway,17.0,December,Non-Roadway,2018,42.03850604944766,Missing,Unknown Injury,Unknown,Unknown,Yes,35.76574905,-78.742493,Dry,20 - 25  MPH,No Control Present,Clear,No,1,0,12
Yes,51.0,No,With Traffic,C: Possible Injury,Male,Apex,Wake,No,Thursday,Motorist Overtaking Bicyclist,13.0,December,Motorist Overtaking - Undetected Bicyclist,2018,33.0,No,O: No Injury,Female,Passenger Car,No,35.73431367,-78.89805641,Dry,40 - 45  MPH,No Control Present,Clear,No,0,0,12
No,63.0,Unknown,With Traffic,C: Possible Injury,Male,Wilson,Wilson,No,Thursday,Motorist Overtaking Bicyclist,11.0,December,Motorist Overtaking - Other / Unknown,2018,45.0,No,O: No Injury,Male,"Single Unit Truck (2-Axle, 6-Tire)",No,35.72641881,-77.91173819,Dry,30 - 35  MPH,No Control Present,Cloudy,No,0,0,12
No,14.0,Missing,With Traffic,B: Suspected Minor Injury,Male,Charlotte,Mecklenburg,No,Wednesday,Motorist Left Turn/Merge,12.0,December,Motorist Left Turn - Opposite Direction,2018,47.0,No,O: No Injury,Female,Passenger Car,No,35.38098144,-80.75438803,Dry,30 - 35  MPH,Stop Sign,Clear,No,0,0,12
Yes,67.0,No,With Traffic,A: Suspected Serious Injury,Male,None - Rural Crash,Union,No,Saturday,Motorist Overtaking Bicyclist,15.0,December,Motorist Overtaking - Bicyclist Swerved,2018,56.0,No,O: No Injury,Male,Passenger Car,No,34.89239313,-80.76196593,Dry,40 - 45  MPH,"Double Yellow Line, No Passing Zone",Clear,No,0,0,12
Yes,48.0,No,Facing Traffic,B: Suspected Minor Injury,Male,New Bern,Craven,No,Monday,Motorist Right Turn/Merge,20.0,December,Motorist Right Turn - Opposite Direction,2018,86.0,No,B: Suspected Minor Injury,Female,Passenger Car,No,35.11588098,-77.07377742,Dry,30 - 35  MPH,Stop And Go Signal,Clear,No,0,0,12
No,21.0,No,Not Applicable,O: No Injury,Female,Wilmington,New Hanover,No,Thursday,Bicyclist Failed to Yield—Midblock,17.0,September,Bicyclist Ride Out - Other Midblock,2018,56.0,No,O: No Injury,Male,Passenger Car,No,34.2289217,-77.87218424,Dry,20 - 25  MPH,No Control Present,Clear,No,0,0,9
No,32.52649525389365,Missing,Facing Traffic,Unknown Injury,Unknown,Burgaw,Pender,No,Wednesday,Motorist Right Turn/Merge,12.0,December,Motorist Right Turn - Opposite Direction,2018,77.0,No,O: No Injury,Male,Sport Utility,No,34.55085674,-77.92254306,Dry,30 - 35  MPH,No Control Present,Clear,No,0,1,12